round_label,scope,node_type,canonical_name,name_cn,name_jp,community_id,community_rank,community_size,connected_component_id,connected_component_size,weighted_degree,unweighted_degree,pagerank,betweenness,k_core,bridge_score,algorithm,weight_metric,threshold,min_intersection_count,resolution,random_seed,software_version,official_faction_source,official_faction_note
JP19,music,music,demystifyfeast,Demystify Feast,Demystify Feast,C-2156057b2d6917bb,1,61,CC-91bb50e6842e358a,154,361.0,3,0.0007442468113043703,0.0,3,0.27977839335180055,louvain,intersection_count,100.0,0.0,1.0,20260801,1.0.0,not_used,community labels are structural network results; they are not official factions and do not replace original-setting faction metadata
JP19,music,music,あの賑やかな市場は今どこにimmemorialmarketeers,熙攘市场今何在 ～ Immemorial Marketeers,あの賑やかな市場は今どこに　〜 Immemorial Marketeers,C-2156057b2d6917bb,1,61,CC-91bb50e6842e358a,154,3471.0,14,0.002892329493655535,0.0,9,0.18870642466148085,louvain,intersection_count,100.0,0.0,1.0,20260801,1.0.0,not_used,community labels are structural network results; they are not official factions and do not replace original-setting faction metadata
JP19,music,music,アンロケイテッドヘル,Unlocated Hell,アンロケイテッドヘル,C-2156057b2d6917bb,1,61,CC-91bb50e6842e358a,154,492.0,3,0.000864188846922865,0.0,3,0.0,louvain,intersection_count,100.0,0.0,1.0,20260801,1.0.0,not_used,community labels are structural network results; they are not official factions and do not replace original-setting faction metadata
JP19,music,music,エレクトリックヘリテージ,Electric Heritage,エレクトリックヘリテージ,C-2156057b2d6917bb,1,61,CC-91bb50e6842e358a,154,138.0,1,0.0006169270444984628,0.0,1,0.0,louvain,intersection_count,100.0,0.0,1.0,20260801,1.0.0,not_used,community labels are structural network results; they are not official factions and do not replace original-setting faction metadata
JP19,music,music,クレイジーバックダンサーズ,Crazy Back Dancers,クレイジーバックダンサーズ,C-2156057b2d6917bb,1,61,CC-91bb50e6842e358a,154,1479.0,10,0.0012954334294669832,0.0,10,0.709263015551048,louvain,intersection_count,100.0,0.0,1.0,20260801,1.0.0,not_used,community labels are structural network results; they are not official factions and do not replace original-setting faction metadata
JP19,music,music,セラミックスの杖刀人,陶瓷的杖刀人,セラミックスの杖刀人,C-2156057b2d6917bb,1,61,CC-91bb50e6842e358a,154,120.0,1,0.0006019485669826477,0.0,1,0.0,louvain,intersection_count,100.0,0.0,1.0,20260801,1.0.0,not_used,community labels are structural network results; they are not official factions and do not replace original-setting faction metadata
JP19,music,music,タイニーシャングリラ,Tiny Shangri-La,タイニーシャングリラ,C-2156057b2d6917bb,1,61,CC-91bb50e6842e358a,154,2109.0,11,0.002063843632554938,0.0,9,0.0,louvain,intersection_count,100.0,0.0,1.0,20260801,1.0.0,not_used,community labels are structural network results; they are not official factions and do not replace original-setting faction metadata
JP19,music,music,デザイアドライブ,Desire Drive,デザイアドライブ,C-2156057b2d6917bb,1,61,CC-91bb50e6842e358a,154,4780.0,18,0.003724474608585831,0.0,11,0.554602510460251,louvain,intersection_count,100.0,0.0,1.0,20260801,1.0.0,not_used,community labels are structural network results; they are not official factions and do not replace original-setting faction metadata
JP19,music,music,トータスドラゴン幸運と不運,Tortoise Dragon ～ 幸运与不幸,トータスドラゴン　〜幸運と不運,C-2156057b2d6917bb,1,61,CC-91bb50e6842e358a,154,115.0,1,0.0005977878787838102,0.0,1,0.0,louvain,intersection_count,100.0,0.0,1.0,20260801,1.0.0,not_used,community labels are structural network results; they are not official factions and do not replace original-setting faction metadata
JP19,music,music,パンデモニックプラネット,Pandemonic Planet,パンデモニックプラネット,C-2156057b2d6917bb,1,61,CC-91bb50e6842e358a,154,2483.0,12,0.0018967204471886186,0.0,10,0.6028997180829642,louvain,intersection_count,100.0,0.0,1.0,20260801,1.0.0,not_used,community labels are structural network results; they are not official factions and do not replace original-setting faction metadata
JP19,music,music,ビーストメトロポリス,Beast Metropolis,ビーストメトロポリス,C-2156057b2d6917bb,1,61,CC-91bb50e6842e358a,154,135.0,1,0.0006144306315791603,0.0,1,0.0,louvain,intersection_count,100.0,0.0,1.0,20260801,1.0.0,not_used,community labels are structural network results; they are not official factions and do not replace original-setting faction metadata
JP19,music,music,ピュアヒューリーズ心の在処,Pure Furies ～ 心之所在,ピュアヒューリーズ　～ 心の在処,C-2156057b2d6917bb,1,61,CC-91bb50e6842e358a,154,18677.0,62,0.013669741415062553,0.0011034540192792154,11,0.45922792739733365,louvain,intersection_count,100.0,0.0,1.0,20260801,1.0.0,not_used,community labels are structural network results; they are not official factions and do not replace original-setting faction metadata
JP19,music,music,ラストオカルティズム現し世の秘術師,Last Occultism ～ 现世的秘术师,ラストオカルティズム　～ 現し世の秘術師,C-2156057b2d6917bb,1,61,CC-91bb50e6842e358a,154,511.0,3,0.0008631676701149279,0.0,3,0.0,louvain,intersection_count,100.0,0.0,1.0,20260801,1.0.0,not_used,community labels are structural network results; they are not official factions and do not replace original-setting faction metadata
JP19,music,music,リーインカーネイション,Reincarnation,リーインカーネイション,C-2156057b2d6917bb,1,61,CC-91bb50e6842e358a,154,100.0,1,0.0005853058141872976,0.0,1,0.0,louvain,intersection_count,100.0,0.0,1.0,20260801,1.0.0,not_used,community labels are structural network results; they are not official factions and do not replace original-setting faction metadata
JP19,music,music,不思議なお祓い棒,不可思议的驱魔棒,不思議なお祓い棒,C-2156057b2d6917bb,1,61,CC-91bb50e6842e358a,154,232.0,2,0.0006769755659870798,0.0,2,0.0,louvain,intersection_count,100.0,0.0,1.0,20260801,1.0.0,not_used,community labels are structural network results; they are not official factions and do not replace original-setting faction metadata
JP19,music,music,世界は可愛く出来ている,世间万物皆可爱,世界は可愛く出来ている,C-2156057b2d6917bb,1,61,CC-91bb50e6842e358a,154,3189.0,14,0.0024510437595000106,0.0,11,0.5547193477579179,louvain,intersection_count,100.0,0.0,1.0,20260801,1.0.0,not_used,community labels are structural network results; they are not official factions and do not replace original-setting faction metadata
JP19,music,music,今宵は飄逸なエゴイストliveveregoisticflowers,今宵是飘逸的自我主义者(Live ver) ～ Egoistic Flowers.,今宵は飄逸なエゴイスト(Live ver)　～ Egoistic Flowers.,C-2156057b2d6917bb,1,61,CC-91bb50e6842e358a,154,8895.0,30,0.006585830289372848,4.163977431242323e-05,11,0.35840359752670037,louvain,intersection_count,100.0,0.0,1.0,20260801,1.0.0,not_used,community labels are structural network results; they are not official factions and do not replace original-setting faction metadata
JP19,music,music,他愛も無い二人の博物誌,二人不值一提的博物志,他愛も無い二人の博物誌,C-2156057b2d6917bb,1,61,CC-91bb50e6842e358a,154,105.0,1,0.0005894665023861352,0.0,1,0.0,louvain,intersection_count,100.0,0.0,1.0,20260801,1.0.0,not_used,community labels are structural network results; they are not official factions and do not replace original-setting faction metadata
JP19,music,music,偶像に世界を委ねてidoratrizeworld,寄世界于偶像 ～ Idoratrize World,偶像に世界を委ねて　〜Idoratrize World,C-2156057b2d6917bb,1,61,CC-91bb50e6842e358a,154,25812.0,92,0.02526957265609188,0.009585155740763577,11,0.4814039981403998,louvain,intersection_count,100.0,0.0,1.0,20260801,1.0.0,not_used,community labels are structural network results; they are not official factions and do not replace original-setting faction metadata
JP19,music,music,兎は舞い降りた,兔已着陆,兎は舞い降りた,C-2156057b2d6917bb,1,61,CC-91bb50e6842e358a,154,105.0,1,0.0005894665023861352,0.0,1,0.0,louvain,intersection_count,100.0,0.0,1.0,20260801,1.0.0,not_used,community labels are structural network results; they are not official factions and do not replace original-setting faction metadata
JP19,music,music,六十年目の東方裁判fateofsixtyyears,第六十年的东方审判 ～ Fate of Sixty Years,六十年目の東方裁判　～ Fate of Sixty Years,C-2156057b2d6917bb,1,61,CC-91bb50e6842e358a,154,4668.0,13,0.0029004310190338684,0.0,11,0.7373607540702657,louvain,intersection_count,100.0,0.0,1.0,20260801,1.0.0,not_used,community labels are structural network results; they are not official factions and do not replace original-setting faction metadata
JP19,music,music,凍り付いた永遠の都,冻结的永远之都,凍り付いた永遠の都,C-2156057b2d6917bb,1,61,CC-91bb50e6842e358a,154,217.0,2,0.0006612438182112015,0.0,2,0.0,louvain,intersection_count,100.0,0.0,1.0,20260801,1.0.0,not_used,community labels are structural network results; they are not official factions and do not replace original-setting faction metadata
JP19,music,music,古きユアンシェン,古老的元神,古きユアンシェン,C-2156057b2d6917bb,1,61,CC-91bb50e6842e358a,154,1366.0,10,0.0013519790244736112,0.0,10,0.41800878477306,louvain,intersection_count,100.0,0.0,1.0,20260801,1.0.0,not_used,community labels are structural network results; they are not official factions and do not replace original-setting faction metadata
JP19,music,music,吸血怪獣チュパカブラ,吸血怪兽卓柏卡布拉,吸血怪獣チュパカブラ,C-2156057b2d6917bb,1,61,CC-91bb50e6842e358a,154,224.0,2,0.0006942273739605207,0.0,2,0.0,louvain,intersection_count,100.0,0.0,1.0,20260801,1.0.0,not_used,community labels are structural network results; they are not official factions and do not replace original-setting faction metadata
JP19,music,music,夜が降りてくる,夜幕降临,夜が降りてくる,C-2156057b2d6917bb,1,61,CC-91bb50e6842e358a,154,896.0,7,0.0009872391278747746,0.0,7,0.7120535714285714,louvain,intersection_count,100.0,0.0,1.0,20260801,1.0.0,not_used,community labels are structural network results; they are not official factions and do not replace original-setting faction metadata
JP19,music,music,夢殿大祀廟,梦殿大祀庙,夢殿大祀廟,C-2156057b2d6917bb,1,61,CC-91bb50e6842e358a,154,105.0,1,0.0006026414487247123,0.0,1,0.0,louvain,intersection_count,100.0,0.0,1.0,20260801,1.0.0,not_used,community labels are structural network results; they are not official factions and do not replace original-setting faction metadata
JP19,music,music,夢消失lostdream,梦消失 ～ Lost Dream,夢消失　～ Lost Dream,C-2156057b2d6917bb,1,61,CC-91bb50e6842e358a,154,616.0,5,0.0009631090630272004,0.0,5,0.5681818181818182,louvain,intersection_count,100.0,0.0,1.0,20260801,1.0.0,not_used,community labels are structural network results; they are not official factions and do not replace original-setting faction metadata
JP19,music,music,大神神話伝,大神神话传,大神神話伝,C-2156057b2d6917bb,1,61,CC-91bb50e6842e358a,154,133.0,1,0.0006294546216618231,0.0,1,0.0,louvain,intersection_count,100.0,0.0,1.0,20260801,1.0.0,not_used,community labels are structural network results; they are not official factions and do not replace original-setting faction metadata
JP19,music,music,天空の花の都,天空的花都,天空の花の都,C-2156057b2d6917bb,1,61,CC-91bb50e6842e358a,154,1462.0,10,0.001268631540097828,0.0,10,0.725718194254446,louvain,intersection_count,100.0,0.0,1.0,20260801,1.0.0,not_used,community labels are structural network results; they are not official factions and do not replace original-setting faction metadata
JP19,music,music,始原のビートpristinebeat,原初的节拍 ～ Pristine Beat,始原のビート　～ Pristine Beat,C-2156057b2d6917bb,1,61,CC-91bb50e6842e358a,154,1748.0,11,0.001513216896294414,0.0,11,0.4536613272311213,louvain,intersection_count,100.0,0.0,1.0,20260801,1.0.0,not_used,community labels are structural network results; they are not official factions and do not replace original-setting faction metadata
JP19,music,music,少女が見た日本の原風景,少女曾见的日本原风景,少女が見た日本の原風景,C-2156057b2d6917bb,1,61,CC-91bb50e6842e358a,154,2048.0,10,0.0016226657118939673,0.0,10,0.68212890625,louvain,intersection_count,100.0,0.0,1.0,20260801,1.0.0,not_used,community labels are structural network results; they are not official factions and do not replace original-setting faction metadata
JP19,music,music,幻想のホワイトトラベラー,幻想的White Traveler,幻想のホワイトトラベラー,C-2156057b2d6917bb,1,61,CC-91bb50e6842e358a,154,153.0,1,0.0006294091090949755,0.0,1,0.0,louvain,intersection_count,100.0,0.0,1.0,20260801,1.0.0,not_used,community labels are structural network results; they are not official factions and do not replace original-setting faction metadata
JP19,music,music,幻想の地下大線路網,幻想地下大轨道网,幻想の地下大線路網,C-2156057b2d6917bb,1,61,CC-91bb50e6842e358a,154,120.0,1,0.0006019485669826477,0.0,1,0.0,louvain,intersection_count,100.0,0.0,1.0,20260801,1.0.0,not_used,community labels are structural network results; they are not official factions and do not replace original-setting faction metadata
JP19,music,music,幻想浄瑠璃,幻想净琉璃,幻想浄瑠璃,C-2156057b2d6917bb,1,61,CC-91bb50e6842e358a,154,704.0,5,0.0009599006298024328,0.0,5,0.15198863636363635,louvain,intersection_count,100.0,0.0,1.0,20260801,1.0.0,not_used,community labels are structural network results; they are not official factions and do not replace original-setting faction metadata
JP19,music,music,幼心地の有頂天,幼小的有顶天,幼心地の有頂天,C-2156057b2d6917bb,1,61,CC-91bb50e6842e358a,154,122.0,1,0.0005976457266942585,0.0,1,0.0,louvain,intersection_count,100.0,0.0,1.0,20260801,1.0.0,not_used,community labels are structural network results; they are not official factions and do not replace original-setting faction metadata
JP19,music,music,幽霊客船の時空を越えた旅,幽灵客船的穿越时空之旅,幽霊客船の時空を越えた旅,C-2156057b2d6917bb,1,61,CC-91bb50e6842e358a,154,106.0,1,0.0005902986400259027,0.0,1,0.0,louvain,intersection_count,100.0,0.0,1.0,20260801,1.0.0,not_used,community labels are structural network results; they are not official factions and do not replace original-setting faction metadata
JP19,music,music,廃獄ララバイ,废狱摇篮曲,廃獄ララバイ,C-2156057b2d6917bb,1,61,CC-91bb50e6842e358a,154,2129.0,11,0.0016749440873188644,0.0,11,0.6317519962423673,louvain,intersection_count,100.0,0.0,1.0,20260801,1.0.0,not_used,community labels are structural network results; they are not official factions and do not replace original-setting faction metadata
JP19,music,music,強欲な獣のメメント,贪欲之兽的记忆,強欲な獣のメメント,C-2156057b2d6917bb,1,61,CC-91bb50e6842e358a,154,1753.0,10,0.0019100566076747261,0.0,9,0.07586993725042784,louvain,intersection_count,100.0,0.0,1.0,20260801,1.0.0,not_used,community labels are structural network results; they are not official factions and do not replace original-setting faction metadata
JP19,music,music,待ちわびた逢魔が時,渴盼已久的逢魔之刻,待ちわびた逢魔が時,C-2156057b2d6917bb,1,61,CC-91bb50e6842e358a,154,170.0,1,0.0006435554489710231,0.0,1,0.0,louvain,intersection_count,100.0,0.0,1.0,20260801,1.0.0,not_used,community labels are structural network results; they are not official factions and do not replace original-setting faction metadata
JP19,music,music,感情の摩天楼cosmicmind,感情的摩天楼 ～ Cosmic Mind,感情の摩天楼　～ Cosmic Mind,C-2156057b2d6917bb,1,61,CC-91bb50e6842e358a,154,7276.0,23,0.004698866616399908,0.0,11,0.49917537108301263,louvain,intersection_count,100.0,0.0,1.0,20260801,1.0.0,not_used,community labels are structural network results; they are not official factions and do not replace original-setting faction metadata
JP19,music,music,振り向かない黄泉の道,不回首的黄泉路,振り向かない黄泉の道,C-2156057b2d6917bb,1,61,CC-91bb50e6842e358a,154,234.0,2,0.0007026909774435359,0.0,2,0.0,louvain,intersection_count,100.0,0.0,1.0,20260801,1.0.0,not_used,community labels are structural network results; they are not official factions and do not replace original-setting faction metadata
JP19,music,music,故郷の星が映る海,故乡之星倒映之海,故郷の星が映る海,C-2156057b2d6917bb,1,61,CC-91bb50e6842e358a,154,2219.0,11,0.0018053710935640398,0.0,11,0.4191077061739522,louvain,intersection_count,100.0,0.0,1.0,20260801,1.0.0,not_used,community labels are structural network results; they are not official factions and do not replace original-setting faction metadata
JP19,music,music,星条旗のピエロ,星条旗的小丑,星条旗のピエロ,C-2156057b2d6917bb,1,61,CC-91bb50e6842e358a,154,2461.0,11,0.0018477196244777328,0.0,10,0.6517675741568468,louvain,intersection_count,100.0,0.0,1.0,20260801,1.0.0,not_used,community labels are structural network results; they are not official factions and do not replace original-setting faction metadata
JP19,music,music,星降る天魔の山,天魔之山漫天星,星降る天魔の山,C-2156057b2d6917bb,1,61,CC-91bb50e6842e358a,154,156.0,1,0.000631905522014278,0.0,1,0.0,louvain,intersection_count,100.0,0.0,1.0,20260801,1.0.0,not_used,community labels are structural network results; they are not official factions and do not replace original-setting faction metadata
JP19,music,music,春の湊に,春之岸边,春の湊に,C-2156057b2d6917bb,1,61,CC-91bb50e6842e358a,154,2229.0,12,0.0017499405553591967,0.0,11,0.6020637056976222,louvain,intersection_count,100.0,0.0,1.0,20260801,1.0.0,not_used,community labels are structural network results; they are not official factions and do not replace original-setting faction metadata
JP19,music,music,有機体全てのメメントmemoryoffossilenergy,全有机体的记忆 ～ Memory of Fossil Energy.,有機体全てのメメント　～ Memory of Fossil Energy.,C-2156057b2d6917bb,1,61,CC-91bb50e6842e358a,154,1657.0,10,0.0017120909257874804,0.0,9,0.08328304164152082,louvain,intersection_count,100.0,0.0,1.0,20260801,1.0.0,not_used,community labels are structural network results; they are not official factions and do not replace original-setting faction metadata
JP19,music,music,有頂天変wonderfulheaven,有顶天变 ～ Wonderful Heaven,有頂天変　～ Wonderful Heaven,C-2156057b2d6917bb,1,61,CC-91bb50e6842e358a,154,2503.0,11,0.0023063727313286098,0.00024343252674955115,10,0.6380343587694767,louvain,intersection_count,100.0,0.0,1.0,20260801,1.0.0,not_used,community labels are structural network results; they are not official factions and do not replace original-setting faction metadata
JP19,music,music,東の国の眠らない夜,东之国的不眠夜,東の国の眠らない夜,C-2156057b2d6917bb,1,61,CC-91bb50e6842e358a,154,694.0,6,0.0008972279373282726,0.0,6,0.6340057636887608,louvain,intersection_count,100.0,0.0,1.0,20260801,1.0.0,not_used,community labels are structural network results; they are not official factions and do not replace original-setting faction metadata
JP19,music,music,死霊の夜桜,死灵的夜樱,死霊の夜桜,C-2156057b2d6917bb,1,61,CC-91bb50e6842e358a,154,353.0,3,0.0007367270448960597,0.0,3,0.3031161473087819,louvain,intersection_count,100.0,0.0,1.0,20260801,1.0.0,not_used,community labels are structural network results; they are not official factions and do not replace original-setting faction metadata
JP19,music,music,永遠の春夢,永远的春梦,永遠の春夢,C-2156057b2d6917bb,1,61,CC-91bb50e6842e358a,154,1095.0,7,0.0011582004390548865,0.0,7,0.4100456621004566,louvain,intersection_count,100.0,0.0,1.0,20260801,1.0.0,not_used,community labels are structural network results; they are not official factions and do not replace original-setting faction metadata
JP19,music,music,無間の鐘infinitenightmare,无间之钟 ～ Infinite Nightmare,無間の鐘　～ Infinite Nightmare,C-2156057b2d6917bb,1,61,CC-91bb50e6842e358a,154,234.0,2,0.0006569267100847545,0.0,2,0.45726495726495725,louvain,intersection_count,100.0,0.0,1.0,20260801,1.0.0,not_used,community labels are structural network results; they are not official factions and do not replace original-setting faction metadata
JP19,music,music,神さびた古戦場suwafoughtenfield,神圣庄严的古战场 ～ Suwa Foughten Field,神さびた古戦場　～ Suwa Foughten Field,C-2156057b2d6917bb,1,61,CC-91bb50e6842e358a,154,2198.0,11,0.0017078541967109058,0.0,11,0.5900818926296634,louvain,intersection_count,100.0,0.0,1.0,20260801,1.0.0,not_used,community labels are structural network results; they are not official factions and do not replace original-setting faction metadata
JP19,music,music,秘匿されたフォーシーズンズ,被秘匿的四个季节,秘匿されたフォーシーズンズ,C-2156057b2d6917bb,1,61,CC-91bb50e6842e358a,154,1828.0,10,0.0017179311896811376,0.0,9,0.14660831509846828,louvain,intersection_count,100.0,0.0,1.0,20260801,1.0.0,not_used,community labels are structural network results; they are not official factions and do not replace original-setting faction metadata
JP19,music,music,秘神マターラhiddenstarinallseasons,秘神摩多罗 ～ Hidden Star in All Seasons.,秘神マターラ　～ Hidden Star in All Seasons.,C-2156057b2d6917bb,1,61,CC-91bb50e6842e358a,154,2991.0,12,0.0024199848346864667,0.0,9,0.2952189903042461,louvain,intersection_count,100.0,0.0,1.0,20260801,1.0.0,not_used,community labels are structural network results; they are not official factions and do not replace original-setting faction metadata
JP19,music,music,聖徳伝説trueadministrator,圣德传说 ～ True Administrator,聖徳伝説　～ True Administrator,C-2156057b2d6917bb,1,61,CC-91bb50e6842e358a,154,2667.0,13,0.0030046526144228035,0.00048526352371785526,10,0.3370828646419198,louvain,intersection_count,100.0,0.0,1.0,20260801,1.0.0,not_used,community labels are structural network results; they are not official factions and do not replace original-setting faction metadata
JP19,music,music,聖徳太子のペガサスdarkpegasus,圣德太子的天马 ～ Dark Pegasus,聖徳太子のペガサス　〜Dark Pegasus,C-2156057b2d6917bb,1,61,CC-91bb50e6842e358a,154,441.0,3,0.0008559123063544209,0.0,3,0.0,louvain,intersection_count,100.0,0.0,1.0,20260801,1.0.0,not_used,community labels are structural network results; they are not official factions and do not replace original-setting faction metadata
JP19,music,music,輝く針の小人族littleprincess,辉光之针的小人族 ～ Little Princess,輝く針の小人族　～ Little Princess,C-2156057b2d6917bb,1,61,CC-91bb50e6842e358a,154,6480.0,26,0.0045382798433040794,0.0,11,0.40848765432098766,louvain,intersection_count,100.0,0.0,1.0,20260801,1.0.0,not_used,community labels are structural network results; they are not official factions and do not replace original-setting faction metadata
JP19,music,music,逆転するホイールオブフォーチュン,逆转的命运之轮,逆転するホイールオブフォーチュン,C-2156057b2d6917bb,1,61,CC-91bb50e6842e358a,154,106.0,1,0.0005680364578507772,0.0,1,0.0,louvain,intersection_count,100.0,0.0,1.0,20260801,1.0.0,not_used,community labels are structural network results; they are not official factions and do not replace original-setting faction metadata
JP19,music,music,逸脱者達の無礙光kingdamofnothingness,越轨者们的无碍光 ～ Kingdam of Nothingness.,逸脱者達の無礙光　～ Kingdam of Nothingness,C-2156057b2d6917bb,1,61,CC-91bb50e6842e358a,154,3225.0,13,0.003337103535282585,2.0819887156211613e-05,9,0.0,louvain,intersection_count,100.0,0.0,1.0,20260801,1.0.0,not_used,community labels are structural network results; they are not official factions and do not replace original-setting faction metadata
JP19,music,music,遥か38万キロのボヤージュ,遥遥38万公里的航程,遥か38万キロのボヤージュ,C-2156057b2d6917bb,1,61,CC-91bb50e6842e358a,154,383.0,2,0.000780476813622407,0.0,2,0.0,louvain,intersection_count,100.0,0.0,1.0,20260801,1.0.0,not_used,community labels are structural network results; they are not official factions and do not replace original-setting faction metadata
JP19,music,music,龍王殺しのプリンセス,灭杀龙王的公主,龍王殺しのプリンセス,C-2156057b2d6917bb,1,61,CC-91bb50e6842e358a,154,456.0,3,0.0008133090253337852,0.0,3,0.23903508771929824,louvain,intersection_count,100.0,0.0,1.0,20260801,1.0.0,not_used,community labels are structural network results; they are not official factions and do not replace original-setting faction metadata
JP19,music,music,アルティメットトゥルース,Ultimate Truth,アルティメットトゥルース,C-0e57a58151c9e1f8,2,43,CC-91bb50e6842e358a,154,257.0,2,0.0006216399526342319,0.0,2,0.4085603112840467,louvain,intersection_count,100.0,0.0,1.0,20260801,1.0.0,not_used,community labels are structural network results; they are not official factions and do not replace original-setting faction metadata
JP19,music,music,エクステンドアッシュ蓬莱人,Extend Ash ～ 蓬莱人,エクステンドアッシュ　～ 蓬莱人,C-0e57a58151c9e1f8,2,43,CC-91bb50e6842e358a,154,1367.0,10,0.0011958201338454271,0.0,10,0.4718361375274323,louvain,intersection_count,100.0,0.0,1.0,20260801,1.0.0,not_used,community labels are structural network results; they are not official factions and do not replace original-setting faction metadata
JP19,music,music,シンデレラケージkagomekagome,灰姑娘的笼子 ～ Kagome-Kagome,シンデレラケージ　～ Kagome-Kagome,C-0e57a58151c9e1f8,2,43,CC-91bb50e6842e358a,154,1842.0,13,0.0014474451814881733,0.0,11,0.5445168295331162,louvain,intersection_count,100.0,0.0,1.0,20260801,1.0.0,not_used,community labels are structural network results; they are not official factions and do not replace original-setting faction metadata
JP19,music,music,ネイティブフェイス,Native Faith,ネイティブフェイス,C-0e57a58151c9e1f8,2,43,CC-91bb50e6842e358a,154,12310.0,17,0.0063327119131323835,1.601529781247047e-06,11,0.5346872461413485,louvain,intersection_count,100.0,0.0,1.0,20260801,1.0.0,not_used,community labels are structural network results; they are not official factions and do not replace original-setting faction metadata
JP19,music,music,ヒロシゲ36号neosuperexpress,广重36号 ～ Neo Super-Express,ヒロシゲ36号　～ Neo Super-Express,C-0e57a58151c9e1f8,2,43,CC-91bb50e6842e358a,154,1223.0,10,0.001415728303906378,1.601529781247047e-06,9,0.40065412919051513,louvain,intersection_count,100.0,0.0,1.0,20260801,1.0.0,not_used,community labels are structural network results; they are not official factions and do not replace original-setting faction metadata
JP19,music,music,フォールオブフォール秋めく滝,Fall of Fall ～ 秋意渐浓之瀑,フォールオブフォール　～ 秋めく滝,C-0e57a58151c9e1f8,2,43,CC-91bb50e6842e358a,154,4293.0,15,0.0026821450586822226,0.0,11,0.44304682040531096,louvain,intersection_count,100.0,0.0,1.0,20260801,1.0.0,not_used,community labels are structural network results; they are not official factions and do not replace original-setting faction metadata
JP19,music,music,プレインエイジア,Plain Asia,プレインエイジア,C-0e57a58151c9e1f8,2,43,CC-91bb50e6842e358a,154,1637.0,11,0.001258016271286359,0.0,11,0.4447159437996335,louvain,intersection_count,100.0,0.0,1.0,20260801,1.0.0,not_used,community labels are structural network results; they are not official factions and do not replace original-setting faction metadata
JP19,music,music,レトロスペクティブ京都,回忆京都,レトロスペクティブ京都,C-0e57a58151c9e1f8,2,43,CC-91bb50e6842e358a,154,100.0,1,0.0005651822089000932,0.0,1,0.0,louvain,intersection_count,100.0,0.0,1.0,20260801,1.0.0,not_used,community labels are structural network results; they are not official factions and do not replace original-setting faction metadata
JP19,music,music,ヴォヤージュ1969,Voyage1969,ヴォヤージュ1969,C-0e57a58151c9e1f8,2,43,CC-91bb50e6842e358a,154,1717.0,12,0.0016177352418224,0.0,11,0.49213744903902157,louvain,intersection_count,100.0,0.0,1.0,20260801,1.0.0,not_used,community labels are structural network results; they are not official factions and do not replace original-setting faction metadata
JP19,music,music,ヴォヤージュ1970,Voyage1970,ヴォヤージュ1970,C-0e57a58151c9e1f8,2,43,CC-91bb50e6842e358a,154,214.0,2,0.0006367902211467247,0.0,2,0.0,louvain,intersection_count,100.0,0.0,1.0,20260801,1.0.0,not_used,community labels are structural network results; they are not official factions and do not replace original-setting faction metadata
JP19,music,music,万年置き傘にご注意を,请注意万年备用伞,万年置き傘にご注意を,C-0e57a58151c9e1f8,2,43,CC-91bb50e6842e358a,154,1195.0,10,0.0011091797525039856,0.0,10,0.5355648535564853,louvain,intersection_count,100.0,0.0,1.0,20260801,1.0.0,not_used,community labels are structural network results; they are not official factions and do not replace original-setting faction metadata
JP19,music,music,上海紅茶館chinesetea,上海红茶馆 ～ Chinese Tea,上海紅茶館　～ Chinese Tea,C-0e57a58151c9e1f8,2,43,CC-91bb50e6842e358a,154,28810.0,66,0.015208867406971157,0.0,11,0.5397084345713294,louvain,intersection_count,100.0,0.0,1.0,20260801,1.0.0,not_used,community labels are structural network results; they are not official factions and do not replace original-setting faction metadata
JP19,music,music,信仰は儚き人間の為に,信仰是为了虚幻之人,信仰は儚き人間の為に,C-0e57a58151c9e1f8,2,43,CC-91bb50e6842e358a,154,6941.0,16,0.004008828119522655,0.0,11,0.5074196801613601,louvain,intersection_count,100.0,0.0,1.0,20260801,1.0.0,not_used,community labels are structural network results; they are not official factions and do not replace original-setting faction metadata
JP19,music,music,千年幻想郷historyofthemoon,千年幻想乡 ～ History of the Moon,千年幻想郷　～ History of the Moon,C-0e57a58151c9e1f8,2,43,CC-91bb50e6842e358a,154,9512.0,18,0.0054340637300247146,0.0,11,0.46583263246425566,louvain,intersection_count,100.0,0.0,1.0,20260801,1.0.0,not_used,community labels are structural network results; they are not official factions and do not replace original-setting faction metadata
JP19,music,music,厄神様の通り道darkroad,厄神降临之路 ～ Dark Road,厄神様の通り道　～ Dark Road,C-0e57a58151c9e1f8,2,43,CC-91bb50e6842e358a,154,2771.0,14,0.0019083564228458214,0.0,11,0.39805124503789246,louvain,intersection_count,100.0,0.0,1.0,20260801,1.0.0,not_used,community labels are structural network results; they are not official factions and do not replace original-setting faction metadata
JP19,music,music,天空のグリニッジ,天空的格林尼治,天空のグリニッジ,C-0e57a58151c9e1f8,2,43,CC-91bb50e6842e358a,154,1880.0,13,0.001672147741973583,0.0,11,0.5851063829787234,louvain,intersection_count,100.0,0.0,1.0,20260801,1.0.0,not_used,community labels are structural network results; they are not official factions and do not replace original-setting faction metadata
JP19,music,music,天衣無縫,天衣无缝,天衣無縫,C-0e57a58151c9e1f8,2,43,CC-91bb50e6842e358a,154,439.0,4,0.0007463973214291343,0.0,4,0.7425968109339408,louvain,intersection_count,100.0,0.0,1.0,20260801,1.0.0,not_used,community labels are structural network results; they are not official factions and do not replace original-setting faction metadata
JP19,music,music,妖怪の山mysteriousmountain,妖怪之山 ～ Mysterious Mountain,妖怪の山　～ Mysterious Mountain,C-0e57a58151c9e1f8,2,43,CC-91bb50e6842e358a,154,2403.0,12,0.0017593261003437722,0.0,11,0.365792759051186,louvain,intersection_count,100.0,0.0,1.0,20260801,1.0.0,not_used,community labels are structural network results; they are not official factions and do not replace original-setting faction metadata
JP19,music,music,少女幻葬necrofantasy,少女幻葬 ～ Necro-Fantasy,少女幻葬　～ Necro-Fantasy,C-0e57a58151c9e1f8,2,43,CC-91bb50e6842e358a,154,2240.0,11,0.0016194782402434319,0.0,11,0.6142857142857143,louvain,intersection_count,100.0,0.0,1.0,20260801,1.0.0,not_used,community labels are structural network results; they are not official factions and do not replace original-setting faction metadata
JP19,music,music,少女秘封倶楽部,少女秘封俱乐部,少女秘封倶楽部,C-0e57a58151c9e1f8,2,43,CC-91bb50e6842e358a,154,461.0,4,0.0008609789726800355,0.0,4,0.46637744034707157,louvain,intersection_count,100.0,0.0,1.0,20260801,1.0.0,not_used,community labels are structural network results; they are not official factions and do not replace original-setting faction metadata
JP19,music,music,幽雅に咲かせ墨染の桜borderoflife,幽雅地绽放吧，墨染的樱花 ～ Border of Life,幽雅に咲かせ、墨染の桜　～ Border of Life,C-0e57a58151c9e1f8,2,43,CC-91bb50e6842e358a,154,26714.0,59,0.014477666733388532,0.0004019839750930088,11,0.6163434903047091,louvain,intersection_count,100.0,0.0,1.0,20260801,1.0.0,not_used,community labels are structural network results; they are not official factions and do not replace original-setting faction metadata
JP19,music,music,幽霊楽団phantomensemble,幽灵乐团 ～ Phantom Ensemble,幽霊楽団　～ Phantom Ensemble,C-0e57a58151c9e1f8,2,43,CC-91bb50e6842e358a,154,15442.0,34,0.008275701603256089,0.0,11,0.5532314467037949,louvain,intersection_count,100.0,0.0,1.0,20260801,1.0.0,not_used,community labels are structural network results; they are not official factions and do not replace original-setting faction metadata
JP19,music,music,懐かしき東方の血oldworld,令人怀念的东方之血 ～ Old World,懐かしき東方の血　～ Old World,C-0e57a58151c9e1f8,2,43,CC-91bb50e6842e358a,154,1409.0,10,0.0011983518615789617,0.0,10,0.32363378282469835,louvain,intersection_count,100.0,0.0,1.0,20260801,1.0.0,not_used,community labels are structural network results; they are not official factions and do not replace original-setting faction metadata
JP19,music,music,旧地獄街道を行く,漫游旧地狱街道,旧地獄街道を行く,C-0e57a58151c9e1f8,2,43,CC-91bb50e6842e358a,154,940.0,7,0.0009368033957022567,0.0,7,0.39680851063829786,louvain,intersection_count,100.0,0.0,1.0,20260801,1.0.0,not_used,community labels are structural network results; they are not official factions and do not replace original-setting faction metadata
JP19,music,music,明日ハレの日ケの昨日,明日之盛，昨日之俗,明日ハレの日、ケの昨日,C-0e57a58151c9e1f8,2,43,CC-91bb50e6842e358a,154,3008.0,12,0.002015358792058741,0.0,11,0.4128989361702128,louvain,intersection_count,100.0,0.0,1.0,20260801,1.0.0,not_used,community labels are structural network results; they are not official factions and do not replace original-setting faction metadata
JP19,music,music,月まで届け不死の煙,飘上月球，不死之烟,月まで届け、不死の煙,C-0e57a58151c9e1f8,2,43,CC-91bb50e6842e358a,154,46490.0,95,0.02539411388968529,0.001020174470654369,11,0.6590234459023446,louvain,intersection_count,100.0,0.0,1.0,20260801,1.0.0,not_used,community labels are structural network results; they are not official factions and do not replace original-setting faction metadata
JP19,music,music,東方妖怪小町,东方妖怪小町,東方妖怪小町,C-0e57a58151c9e1f8,2,43,CC-91bb50e6842e358a,154,501.0,4,0.0007323246115270459,0.0,4,0.7385229540918163,louvain,intersection_count,100.0,0.0,1.0,20260801,1.0.0,not_used,community labels are structural network results; they are not official factions and do not replace original-setting faction metadata
JP19,music,music,東方緋想天,东方绯想天,東方緋想天,C-0e57a58151c9e1f8,2,43,CC-91bb50e6842e358a,154,1462.0,10,0.0012773796881250061,0.0,10,0.3755129958960328,louvain,intersection_count,100.0,0.0,1.0,20260801,1.0.0,not_used,community labels are structural network results; they are not official factions and do not replace original-setting faction metadata
JP19,music,music,東方萃夢想,东方萃梦想,東方萃夢想,C-0e57a58151c9e1f8,2,43,CC-91bb50e6842e358a,154,333.0,3,0.0006571865442367604,0.0,3,0.3003003003003003,louvain,intersection_count,100.0,0.0,1.0,20260801,1.0.0,not_used,community labels are structural network results; they are not official factions and do not replace original-setting faction metadata
JP19,music,music,無何有の郷deepmountain,无何有之乡 ～ Deep Mountain,無何有の郷　～ Deep Mountain,C-0e57a58151c9e1f8,2,43,CC-91bb50e6842e358a,154,675.0,6,0.0008115712381941702,0.0,6,0.3377777777777778,louvain,intersection_count,100.0,0.0,1.0,20260801,1.0.0,not_used,community labels are structural network results; they are not official factions and do not replace original-setting faction metadata
JP19,music,music,砕月,碎月,砕月,C-0e57a58151c9e1f8,2,43,CC-91bb50e6842e358a,154,18556.0,42,0.01035128275846845,0.0007078761633111948,11,0.40229575339512824,louvain,intersection_count,100.0,0.0,1.0,20260801,1.0.0,not_used,community labels are structural network results; they are not official factions and do not replace original-setting faction metadata
JP19,music,music,神々が恋した幻想郷,众神眷恋的幻想乡,神々が恋した幻想郷,C-0e57a58151c9e1f8,2,43,CC-91bb50e6842e358a,154,32300.0,68,0.017127442053573805,0.0003955778559680206,11,0.5895356037151703,louvain,intersection_count,100.0,0.0,1.0,20260801,1.0.0,not_used,community labels are structural network results; they are not official factions and do not replace original-setting faction metadata
JP19,music,music,稲田姫様に叱られるから,会受稻田姬的斥责啦,稲田姫様に叱られるから,C-0e57a58151c9e1f8,2,43,CC-91bb50e6842e358a,154,2299.0,12,0.0015868519812323983,0.0,11,0.2836015658982166,louvain,intersection_count,100.0,0.0,1.0,20260801,1.0.0,not_used,community labels are structural network results; they are not official factions and do not replace original-setting faction metadata
JP19,music,music,童祭innocenttreasures,童祭 ～ Innocent Treasures,童祭　～ Innocent Treasures,C-0e57a58151c9e1f8,2,43,CC-91bb50e6842e358a,154,1806.0,11,0.0015086193759610044,0.0,10,0.4169435215946844,louvain,intersection_count,100.0,0.0,1.0,20260801,1.0.0,not_used,community labels are structural network results; they are not official factions and do not replace original-setting faction metadata
JP19,music,music,竹取飛翔lunaticprincess,竹取飞翔 ～ Lunatic Princess,竹取飛翔　～ Lunatic Princess,C-0e57a58151c9e1f8,2,43,CC-91bb50e6842e358a,154,9439.0,18,0.005063516718194332,0.0,11,0.43405021718402376,louvain,intersection_count,100.0,0.0,1.0,20260801,1.0.0,not_used,community labels are structural network results; they are not official factions and do not replace original-setting faction metadata
JP19,music,music,紅楼easterndream,红楼 ～ Eastern Dream...,紅楼　～ Eastern Dream...,C-0e57a58151c9e1f8,2,43,CC-91bb50e6842e358a,154,6766.0,15,0.0037708620966384818,0.000136130031405999,11,0.43511676027194796,louvain,intersection_count,100.0,0.0,1.0,20260801,1.0.0,not_used,community labels are structural network results; they are not official factions and do not replace original-setting faction metadata
JP19,music,music,芥川龍之介の河童candidfriend,芥川龙之介的河童 ～ Candid Friend,芥川龍之介の河童　～ Candid Friend,C-0e57a58151c9e1f8,2,43,CC-91bb50e6842e358a,154,3337.0,14,0.002081827646590949,0.0,11,0.38267905304165417,louvain,intersection_count,100.0,0.0,1.0,20260801,1.0.0,not_used,community labels are structural network results; they are not official factions and do not replace original-setting faction metadata
JP19,music,music,萃夢想,萃梦想,萃夢想,C-0e57a58151c9e1f8,2,43,CC-91bb50e6842e358a,154,515.0,4,0.0007416313570464191,0.0,4,0.5514563106796116,louvain,intersection_count,100.0,0.0,1.0,20260801,1.0.0,not_used,community labels are structural network results; they are not official factions and do not replace original-setting faction metadata
JP19,music,music,蓬莱伝説,蓬莱传说,蓬莱伝説,C-0e57a58151c9e1f8,2,43,CC-91bb50e6842e358a,154,1084.0,9,0.001130018122218848,0.0,9,0.22970479704797048,louvain,intersection_count,100.0,0.0,1.0,20260801,1.0.0,not_used,community labels are structural network results; they are not official factions and do not replace original-setting faction metadata
JP19,music,music,運命のダークサイド,命运的阴暗面,運命のダークサイド,C-0e57a58151c9e1f8,2,43,CC-91bb50e6842e358a,154,2481.0,11,0.0016735264516282739,0.0,11,0.41152760983474407,louvain,intersection_count,100.0,0.0,1.0,20260801,1.0.0,not_used,community labels are structural network results; they are not official factions and do not replace original-setting faction metadata
JP19,music,music,遠野幻想物語,远野幻想物语,遠野幻想物語,C-0e57a58151c9e1f8,2,43,CC-91bb50e6842e358a,154,2568.0,11,0.0017085102566000245,0.0,11,0.35786604361370716,louvain,intersection_count,100.0,0.0,1.0,20260801,1.0.0,not_used,community labels are structural network results; they are not official factions and do not replace original-setting faction metadata
JP19,music,music,風神少女,风神少女,風神少女,C-0e57a58151c9e1f8,2,43,CC-91bb50e6842e358a,154,3870.0,14,0.0028724578132788585,0.00024343252674955115,11,0.43023255813953487,louvain,intersection_count,100.0,0.0,1.0,20260801,1.0.0,not_used,community labels are structural network results; they are not official factions and do not replace original-setting faction metadata
JP19,music,music,魔法少女達の百年祭,魔法少女们的百年祭,魔法少女達の百年祭,C-0e57a58151c9e1f8,2,43,CC-91bb50e6842e358a,154,6814.0,13,0.0036801350928256722,0.0,11,0.5139418843557382,louvain,intersection_count,100.0,0.0,1.0,20260801,1.0.0,not_used,community labels are structural network results; they are not official factions and do not replace original-setting faction metadata
JP19,music,music,badapple,Bad Apple!!,Bad Apple!!,C-aba76a7430174670,3,39,CC-91bb50e6842e358a,154,3158.0,10,0.001931175943349954,0.0,10,0.2903736542115263,louvain,intersection_count,100.0,0.0,1.0,20260801,1.0.0,not_used,community labels are structural network results; they are not official factions and do not replace original-setting faction metadata
JP19,music,music,unオーエンは彼女なのか,U.N.OWEN就是她吗？,U.N.オーエンは彼女なのか？,C-aba76a7430174670,3,39,CC-91bb50e6842e358a,154,69215.0,114,0.03840978249359595,0.011883350976853089,11,0.5957668135519757,louvain,intersection_count,100.0,0.0,1.0,20260801,1.0.0,not_used,community labels are structural network results; they are not official factions and do not replace original-setting faction metadata
JP19,music,music,おてんば恋娘,活泼的纯情小姑娘,おてんば恋娘,C-aba76a7430174670,3,39,CC-91bb50e6842e358a,154,16008.0,24,0.007995796789083158,0.0,11,0.27898550724637683,louvain,intersection_count,100.0,0.0,1.0,20260801,1.0.0,not_used,community labels are structural network results; they are not official factions and do not replace original-setting faction metadata
JP19,music,music,さくらさくらjapanizedream,樱花樱花 ～ Japanize Dream...,さくらさくら　～ Japanize Dream...,C-aba76a7430174670,3,39,CC-91bb50e6842e358a,154,2274.0,11,0.0015543957741410127,0.0,11,0.48636763412489004,louvain,intersection_count,100.0,0.0,1.0,20260801,1.0.0,not_used,community labels are structural network results; they are not official factions and do not replace original-setting faction metadata
JP19,music,music,ほおずきみたいに紅い魂,如鬼灯般的红色之魂,ほおずきみたいに紅い魂,C-aba76a7430174670,3,39,CC-91bb50e6842e358a,154,2622.0,11,0.0017169215416171688,0.0,11,0.2383676582761251,louvain,intersection_count,100.0,0.0,1.0,20260801,1.0.0,not_used,community labels are structural network results; they are not official factions and do not replace original-setting faction metadata
JP19,music,music,もう歌しか聞こえない,已经只能听见歌声了,もう歌しか聞こえない,C-aba76a7430174670,3,39,CC-91bb50e6842e358a,154,1857.0,10,0.001347912455383583,0.0,10,0.4518039849219171,louvain,intersection_count,100.0,0.0,1.0,20260801,1.0.0,not_used,community labels are structural network results; they are not official factions and do not replace original-setting faction metadata
JP19,music,music,アンノウンx,未知物X,アンノウンX,C-aba76a7430174670,3,39,CC-91bb50e6842e358a,154,2540.0,10,0.0017122757726861766,0.0,10,0.44330708661417323,louvain,intersection_count,100.0,0.0,1.0,20260801,1.0.0,not_used,community labels are structural network results; they are not official factions and do not replace original-setting faction metadata
JP19,music,music,オリエンタルダークフライト,Oriental Dark Flight,オリエンタルダークフライト,C-aba76a7430174670,3,39,CC-91bb50e6842e358a,154,445.0,3,0.0007319366168743063,0.0,3,0.0,louvain,intersection_count,100.0,0.0,1.0,20260801,1.0.0,not_used,community labels are structural network results; they are not official factions and do not replace original-setting faction metadata
JP19,music,music,ツェペシュの幼き末裔,特佩斯的年幼末裔,ツェペシュの幼き末裔,C-aba76a7430174670,3,39,CC-91bb50e6842e358a,154,1967.0,10,0.0013952993027226822,0.0,10,0.2780884595831215,louvain,intersection_count,100.0,0.0,1.0,20260801,1.0.0,not_used,community labels are structural network results; they are not official factions and do not replace original-setting faction metadata
JP19,music,music,ネクロファンタジア,Necro-Fantasia,ネクロファンタジア,C-aba76a7430174670,3,39,CC-91bb50e6842e358a,154,25836.0,49,0.013859108548738232,0.0001633560376871988,11,0.5681607059916396,louvain,intersection_count,100.0,0.0,1.0,20260801,1.0.0,not_used,community labels are structural network results; they are not official factions and do not replace original-setting faction metadata
JP19,music,music,フラワリングナイト,Flowering Night,フラワリングナイト,C-aba76a7430174670,3,39,CC-91bb50e6842e358a,154,9667.0,12,0.004895867496515317,0.0,11,0.3097134581566153,louvain,intersection_count,100.0,0.0,1.0,20260801,1.0.0,not_used,community labels are structural network results; they are not official factions and do not replace original-setting faction metadata
JP19,music,music,ブクレシュティの人形師,布加勒斯特的人偶师,ブクレシュティの人形師,C-aba76a7430174670,3,39,CC-91bb50e6842e358a,154,1004.0,7,0.0009697546660606623,0.0,7,0.32270916334661354,louvain,intersection_count,100.0,0.0,1.0,20260801,1.0.0,not_used,community labels are structural network results; they are not official factions and do not replace original-setting faction metadata
JP19,music,music,ボーダーオブライフ,Border of Life,ボーダーオブライフ,C-aba76a7430174670,3,39,CC-91bb50e6842e358a,154,4362.0,11,0.0025680032789240923,0.0,11,0.5121503897294819,louvain,intersection_count,100.0,0.0,1.0,20260801,1.0.0,not_used,community labels are structural network results; they are not official factions and do not replace original-setting faction metadata
JP19,music,music,メイガスナイト,Magus Night,メイガスナイト,C-aba76a7430174670,3,39,CC-91bb50e6842e358a,154,2864.0,13,0.0022446603165520267,0.0,11,0.4979050279329609,louvain,intersection_count,100.0,0.0,1.0,20260801,1.0.0,not_used,community labels are structural network results; they are not official factions and do not replace original-setting faction metadata
JP19,music,music,メイドと血の懐中時計,女仆与血之怀表,メイドと血の懐中時計,C-aba76a7430174670,3,39,CC-91bb50e6842e358a,154,6676.0,15,0.003602348134471843,0.0,11,0.19982025164769324,louvain,intersection_count,100.0,0.0,1.0,20260801,1.0.0,not_used,community labels are structural network results; they are not official factions and do not replace original-setting faction metadata
JP19,music,music,ラクトガール少女密室,Locked Girl ～ 少女密室,ラクトガール　～ 少女密室,C-aba76a7430174670,3,39,CC-91bb50e6842e358a,154,4962.0,13,0.0027819481711149696,0.0,11,0.3395808141878275,louvain,intersection_count,100.0,0.0,1.0,20260801,1.0.0,not_used,community labels are structural network results; they are not official factions and do not replace original-setting faction metadata
JP19,music,music,ルーネイトエルフ,Lunate Elf,ルーネイトエルフ,C-aba76a7430174670,3,39,CC-91bb50e6842e358a,154,1902.0,11,0.001373523123707181,0.0,11,0.2949526813880126,louvain,intersection_count,100.0,0.0,1.0,20260801,1.0.0,not_used,community labels are structural network results; they are not official factions and do not replace original-setting faction metadata
JP19,music,music,ヴワル魔法図書館,伏瓦鲁魔法图书馆,ヴワル魔法図書館,C-aba76a7430174670,3,39,CC-91bb50e6842e358a,154,2006.0,10,0.001413884624906483,0.0,10,0.2642073778664008,louvain,intersection_count,100.0,0.0,1.0,20260801,1.0.0,not_used,community labels are structural network results; they are not official factions and do not replace original-setting faction metadata
JP19,music,music,二色蓮花蝶,二色莲花蝶,二色蓮花蝶,C-aba76a7430174670,3,39,CC-91bb50e6842e358a,154,1725.0,11,0.001405902994320424,0.0,11,0.5101449275362319,louvain,intersection_count,100.0,0.0,1.0,20260801,1.0.0,not_used,community labels are structural network results; they are not official factions and do not replace original-setting faction metadata
JP19,music,music,亡き王女の為のセプテット,献给已逝公主的七重奏,亡き王女の為のセプテット,C-aba76a7430174670,3,39,CC-91bb50e6842e358a,154,50010.0,93,0.027241512534181837,0.0004916696428428434,11,0.5456908618276345,louvain,intersection_count,100.0,0.0,1.0,20260801,1.0.0,not_used,community labels are structural network results; they are not official factions and do not replace original-setting faction metadata
JP19,music,music,人形裁判,人偶裁判,人形裁判,C-aba76a7430174670,3,39,CC-91bb50e6842e358a,154,5200.0,12,0.0030423740572253343,0.00024343252674955115,10,0.4075,louvain,intersection_count,100.0,0.0,1.0,20260801,1.0.0,not_used,community labels are structural network results; they are not official factions and do not replace original-setting faction metadata
JP19,music,music,今昔幻想郷flowerland,今昔幻想乡 ～ Flower Land,今昔幻想郷　～ Flower Land,C-aba76a7430174670,3,39,CC-91bb50e6842e358a,154,212.0,2,0.0006011710267524608,0.0,2,0.0,louvain,intersection_count,100.0,0.0,1.0,20260801,1.0.0,not_used,community labels are structural network results; they are not official factions and do not replace original-setting faction metadata
JP19,music,music,妖々夢snoworcherrypetal,妖妖梦 ～ Snow or Cherry Petal,妖々夢　～ Snow or Cherry Petal,C-aba76a7430174670,3,39,CC-91bb50e6842e358a,154,1325.0,8,0.0011006079530717318,0.0,8,0.1728301886792453,louvain,intersection_count,100.0,0.0,1.0,20260801,1.0.0,not_used,community labels are structural network results; they are not official factions and do not replace original-setting faction metadata
JP19,music,music,妖々跋扈whodoneit,妖妖跋扈 ～ Who done it!,妖々跋扈　～ Who done it!,C-aba76a7430174670,3,39,CC-91bb50e6842e358a,154,339.0,3,0.000699851728808398,0.0,3,0.32448377581120946,louvain,intersection_count,100.0,0.0,1.0,20260801,1.0.0,not_used,community labels are structural network results; they are not official factions and do not replace original-setting faction metadata
JP19,music,music,妖魔夜行,妖魔夜行,妖魔夜行,C-aba76a7430174670,3,39,CC-91bb50e6842e358a,154,6241.0,12,0.0033817346902313785,0.0,11,0.38631629546547025,louvain,intersection_count,100.0,0.0,1.0,20260801,1.0.0,not_used,community labels are structural network results; they are not official factions and do not replace original-setting faction metadata
JP19,music,music,少女綺想曲,少女绮想曲,少女綺想曲,C-aba76a7430174670,3,39,CC-91bb50e6842e358a,154,11370.0,16,0.006327898066680244,0.00024343252674955115,11,0.47792436235708,louvain,intersection_count,100.0,0.0,1.0,20260801,1.0.0,not_used,community labels are structural network results; they are not official factions and do not replace original-setting faction metadata
JP19,music,music,広有射怪鳥事tillwhen,广有射怪鸟事 ～ Till When?,広有射怪鳥事　～ Till When?,C-aba76a7430174670,3,39,CC-91bb50e6842e358a,154,5664.0,11,0.0031142337342458847,0.0,11,0.4341454802259887,louvain,intersection_count,100.0,0.0,1.0,20260801,1.0.0,not_used,community labels are structural network results; they are not official factions and do not replace original-setting faction metadata
JP19,music,music,恋色マスタースパーク恋色マジック,恋色Master spark（恋色Magic）,恋色マスタースパーク（恋色マジック）,C-aba76a7430174670,3,39,CC-91bb50e6842e358a,154,36961.0,57,0.01898802452591699,0.0009320903326857814,11,0.4142203944698466,louvain,intersection_count,100.0,0.0,1.0,20260801,1.0.0,not_used,community labels are structural network results; they are not official factions and do not replace original-setting faction metadata
JP19,music,music,明治十七年の上海アリス,明治十七年的上海爱丽丝,明治十七年の上海アリス,C-aba76a7430174670,3,39,CC-91bb50e6842e358a,154,6431.0,11,0.0034216874527067203,0.0,11,0.4209298709376458,louvain,intersection_count,100.0,0.0,1.0,20260801,1.0.0,not_used,community labels are structural network results; they are not official factions and do not replace original-setting faction metadata
JP19,music,music,星の器casketofstar,星之器 ～ Casket of Star,星の器　～ Casket of Star,C-aba76a7430174670,3,39,CC-91bb50e6842e358a,154,333.0,2,0.0006514962820659162,0.0,2,0.0,louvain,intersection_count,100.0,0.0,1.0,20260801,1.0.0,not_used,community labels are structural network results; they are not official factions and do not replace original-setting faction metadata
JP19,music,music,春色小径colorfulpath,春色小径 ～ Colorful Path,春色小径　～ Colorful Path,C-aba76a7430174670,3,39,CC-91bb50e6842e358a,154,135.0,1,0.0005659554014111282,0.0,1,0.0,louvain,intersection_count,100.0,0.0,1.0,20260801,1.0.0,not_used,community labels are structural network results; they are not official factions and do not replace original-setting faction metadata
JP19,music,music,月時計ルナダイアル,月时计 ～ Luna Dial,月時計　～ ルナ・ダイアル,C-aba76a7430174670,3,39,CC-91bb50e6842e358a,154,16532.0,25,0.008227414634338353,0.0,11,0.22350592789741108,louvain,intersection_count,100.0,0.0,1.0,20260801,1.0.0,not_used,community labels are structural network results; they are not official factions and do not replace original-setting faction metadata
JP19,music,music,東方妖々夢ancienttemple,东方妖妖梦 ～ Ancient Temple,東方妖々夢　～ Ancient Temple,C-aba76a7430174670,3,39,CC-91bb50e6842e358a,154,3041.0,11,0.0018981158880680817,0.0,11,0.466951660637948,louvain,intersection_count,100.0,0.0,1.0,20260801,1.0.0,not_used,community labels are structural network results; they are not official factions and do not replace original-setting faction metadata
JP19,music,music,永夜の報いimperishablenight,永夜的报应 ～ Imperishable Night,永夜の報い　～ Imperishable Night,C-aba76a7430174670,3,39,CC-91bb50e6842e358a,154,580.0,5,0.0008094586479580483,0.0,5,0.18448275862068966,louvain,intersection_count,100.0,0.0,1.0,20260801,1.0.0,not_used,community labels are structural network results; they are not official factions and do not replace original-setting faction metadata
JP19,music,music,永夜抄easternnight,永夜抄 ～ Eastern Night.,永夜抄　～ Eastern Night.,C-aba76a7430174670,3,39,CC-91bb50e6842e358a,154,104.0,1,0.0005511482486130544,0.0,1,0.0,louvain,intersection_count,100.0,0.0,1.0,20260801,1.0.0,not_used,community labels are structural network results; they are not official factions and do not replace original-setting faction metadata
JP19,music,music,狂気の瞳invisiblefullmoon,狂气之瞳 ～ Invisible Full Moon,狂気の瞳　～ Invisible Full Moon,C-aba76a7430174670,3,39,CC-91bb50e6842e358a,154,7240.0,12,0.0038272947429236715,0.0,11,0.4950276243093923,louvain,intersection_count,100.0,0.0,1.0,20260801,1.0.0,not_used,community labels are structural network results; they are not official factions and do not replace original-setting faction metadata
JP19,music,music,紅より儚い永遠,比红色更虚无的永远,紅より儚い永遠,C-aba76a7430174670,3,39,CC-91bb50e6842e358a,154,387.0,2,0.0006831271993123649,0.0,2,0.0,louvain,intersection_count,100.0,0.0,1.0,20260801,1.0.0,not_used,community labels are structural network results; they are not official factions and do not replace original-setting faction metadata
JP19,music,music,赤より紅い夢,比赤色更红的梦,赤より紅い夢,C-aba76a7430174670,3,39,CC-91bb50e6842e358a,154,3715.0,11,0.0022015510430013867,0.0,11,0.27052489905787347,louvain,intersection_count,100.0,0.0,1.0,20260801,1.0.0,not_used,community labels are structural network results; they are not official factions and do not replace original-setting faction metadata
JP19,music,music,魔女達の舞踏会,魔女们的舞会,魔女達の舞踏会,C-aba76a7430174670,3,39,CC-91bb50e6842e358a,154,417.0,3,0.0007174146512390326,0.0,3,0.0,louvain,intersection_count,100.0,0.0,1.0,20260801,1.0.0,not_used,community labels are structural network results; they are not official factions and do not replace original-setting faction metadata
JP19,music,music,thegrimoireofalice,the Grimoire of Alice,the Grimoire of Alice,C-f7a0a89602bec267,4,11,CC-91bb50e6842e358a,154,127.0,1,0.0006503799914842432,0.0,1,0.0,louvain,intersection_count,100.0,0.0,1.0,20260801,1.0.0,not_used,community labels are structural network results; they are not official factions and do not replace original-setting faction metadata
JP19,music,music,ハルトマンの妖怪少女,哈德曼的妖怪少女,ハルトマンの妖怪少女,C-f7a0a89602bec267,4,11,CC-91bb50e6842e358a,154,46465.0,90,0.025111627171190993,0.0008744352605608877,11,0.9106208974496933,louvain,intersection_count,100.0,0.0,1.0,20260801,1.0.0,not_used,community labels are structural network results; they are not official factions and do not replace original-setting faction metadata
JP19,music,music,ラストリモート,Last Remote,ラストリモート,C-f7a0a89602bec267,4,11,CC-91bb50e6842e358a,154,6671.0,15,0.004088576300798302,0.0,11,0.7441163243891471,louvain,intersection_count,100.0,0.0,1.0,20260801,1.0.0,not_used,community labels are structural network results; they are not official factions and do not replace original-setting faction metadata
JP19,music,music,リバースイデオロギー,Reverse Ideology,リバースイデオロギー,C-f7a0a89602bec267,4,11,CC-91bb50e6842e358a,154,1764.0,10,0.001444375325108139,0.0,10,0.7046485260770975,louvain,intersection_count,100.0,0.0,1.0,20260801,1.0.0,not_used,community labels are structural network results; they are not official factions and do not replace original-setting faction metadata
JP19,music,music,不思議の国のアリス,不可思议之国的爱丽丝,不思議の国のアリス,C-f7a0a89602bec267,4,11,CC-91bb50e6842e358a,154,1306.0,10,0.0017940162232829315,0.00024343252674955115,8,0.725114854517611,louvain,intersection_count,100.0,0.0,1.0,20260801,1.0.0,not_used,community labels are structural network results; they are not official factions and do not replace original-setting faction metadata
JP19,music,music,亡失のエモーション,亡失的情感,亡失のエモーション,C-f7a0a89602bec267,4,11,CC-91bb50e6842e358a,154,1499.0,10,0.0013008363994413024,0.0,10,0.7645096731154103,louvain,intersection_count,100.0,0.0,1.0,20260801,1.0.0,not_used,community labels are structural network results; they are not official factions and do not replace original-setting faction metadata
JP19,music,music,少女さとり3rdeye,少女觉 ～ 3rd eye,少女さとり　～ 3rd eye,C-f7a0a89602bec267,4,11,CC-91bb50e6842e358a,154,11073.0,23,0.006207096082870141,0.0,11,0.7331346518558656,louvain,intersection_count,100.0,0.0,1.0,20260801,1.0.0,not_used,community labels are structural network results; they are not official factions and do not replace original-setting faction metadata
JP19,music,music,平安のエイリアン,平安时代的外星人,平安のエイリアン,C-f7a0a89602bec267,4,11,CC-91bb50e6842e358a,154,2652.0,14,0.0019370103660806717,0.0,11,0.7153092006033183,louvain,intersection_count,100.0,0.0,1.0,20260801,1.0.0,not_used,community labels are structural network results; they are not official factions and do not replace original-setting faction metadata
JP19,music,music,死体旅行beofgoodcheer,尸体旅行 ～ Be of good cheer!,死体旅行　～ Be of good cheer!,C-f7a0a89602bec267,4,11,CC-91bb50e6842e358a,154,1055.0,8,0.0010780920406404043,0.0,8,0.5876777251184834,louvain,intersection_count,100.0,0.0,1.0,20260801,1.0.0,not_used,community labels are structural network results; they are not official factions and do not replace original-setting faction metadata
JP19,music,music,緑眼のジェラシー,绿眼的嫉妒,緑眼のジェラシー,C-f7a0a89602bec267,4,11,CC-91bb50e6842e358a,154,1568.0,10,0.0013058452952665902,0.0,10,0.7461734693877551,louvain,intersection_count,100.0,0.0,1.0,20260801,1.0.0,not_used,community labels are structural network results; they are not official factions and do not replace original-setting faction metadata
JP19,music,music,霊知の太陽信仰nuclearfusion,灵知的太阳信仰 ～ Nuclear Fusion,霊知の太陽信仰　～ Nuclear Fusion,C-f7a0a89602bec267,4,11,CC-91bb50e6842e358a,154,4255.0,14,0.002783686396329341,0.0,11,0.7468860164512339,louvain,intersection_count,100.0,0.0,1.0,20260801,1.0.0,not_used,community labels are structural network results; they are not official factions and do not replace original-setting faction metadata
JP19,music,music,100回目のブラックマーケット,第100次黑市,100回目のブラックマーケット,C-d5b76711703df064,5,1,CC-d5b76711703df064,1,0.0,0,0.0005020920502105469,0.0,0,0.0,louvain,intersection_count,100.0,0.0,1.0,20260801,1.0.0,not_used,community labels are structural network results; they are not official factions and do not replace original-setting faction metadata
JP19,music,music,53ミニッツの青い海,53分钟的蓝色大海,53ミニッツの青い海,C-82d9ca7d81d1ebeb,6,1,CC-82d9ca7d81d1ebeb,1,0.0,0,0.0005020920502105469,0.0,0,0.0,louvain,intersection_count,100.0,0.0,1.0,20260801,1.0.0,not_used,community labels are structural network results; they are not official factions and do not replace original-setting faction metadata
JP19,music,music,53分钟的蓝色大海,53分钟的蓝色大海,53ミニッツの青い海,C-cdecd538893949de,7,1,CC-cdecd538893949de,1,0.0,0,0.0005020920502105469,0.0,0,0.0,louvain,intersection_count,100.0,0.0,1.0,20260801,1.0.0,not_used,community labels are structural network results; they are not official factions and do not replace original-setting faction metadata
JP19,music,music,alicemaestra,Alice Maestra,アリスマエステラ,C-344ff6a0fc659dbb,8,1,CC-344ff6a0fc659dbb,1,0.0,0,0.0005020920502105469,0.0,0,0.0,louvain,intersection_count,100.0,0.0,1.0,20260801,1.0.0,not_used,community labels are structural network results; they are not official factions and do not replace original-setting faction metadata
JP19,music,music,anordealfromgod,AN ORDEAL FROM GOD,AN ORDEAL FROM GOD,C-dae5befd6ef047fc,9,1,CC-dae5befd6ef047fc,1,0.0,0,0.0005020920502105469,0.0,0,0.0,louvain,intersection_count,100.0,0.0,1.0,20260801,1.0.0,not_used,community labels are structural network results; they are not official factions and do not replace original-setting faction metadata
JP19,music,music,antiqueterror,Antique Terror,アンティークテラー,C-ca1cf97323007c57,10,1,CC-ca1cf97323007c57,1,0.0,0,0.0005020920502105469,0.0,0,0.0,louvain,intersection_count,100.0,0.0,1.0,20260801,1.0.0,not_used,community labels are structural network results; they are not official factions and do not replace original-setting faction metadata
JP19,music,music,arcadiandream,Arcadian Dream,Arcadian Dream,C-470c9d4b69100d3b,11,1,CC-470c9d4b69100d3b,1,0.0,0,0.0005020920502105469,0.0,0,0.0,louvain,intersection_count,100.0,0.0,1.0,20260801,1.0.0,not_used,community labels are structural network results; they are not official factions and do not replace original-setting faction metadata
JP19,music,music,asacredlot,A Sacred Lot,A Sacred Lot,C-f917576707a48343,12,1,CC-f917576707a48343,1,0.0,0,0.0005020920502105469,0.0,0,0.0,louvain,intersection_count,100.0,0.0,1.0,20260801,1.0.0,not_used,community labels are structural network results; they are not official factions and do not replace original-setting faction metadata
JP19,music,music,banditrytechnology,Banditry Technology,バンデットリィテクノロジー,C-bd4fa472486d63b2,13,1,CC-bd4fa472486d63b2,1,0.0,0,0.0005020920502105469,0.0,0,0.0,louvain,intersection_count,100.0,0.0,1.0,20260801,1.0.0,not_used,community labels are structural network results; they are not official factions and do not replace original-setting faction metadata
JP19,music,music,baroldadam,Bar·Old Adam,バー・オールドアダム,C-699451cfb01d35c2,14,1,CC-699451cfb01d35c2,1,0.0,0,0.0005020920502105469,0.0,0,0.0,louvain,intersection_count,100.0,0.0,1.0,20260801,1.0.0,not_used,community labels are structural network results; they are not official factions and do not replace original-setting faction metadata
JP19,music,music,beastmetropolis,Beast Metropolis,ビーストメトロポリス,C-ea3f807e316f0711,15,1,CC-ea3f807e316f0711,1,0.0,0,0.0005020920502105469,0.0,0,0.0,louvain,intersection_count,100.0,0.0,1.0,20260801,1.0.0,not_used,community labels are structural network results; they are not official factions and do not replace original-setting faction metadata
JP19,music,music,borderland,Border Land,Border Land,C-85b903a856a57c1d,16,1,CC-85b903a856a57c1d,1,0.0,0,0.0005020920502105469,0.0,0,0.0,louvain,intersection_count,100.0,0.0,1.0,20260801,1.0.0,not_used,community labels are structural network results; they are not official factions and do not replace original-setting faction metadata
JP19,music,music,borderoflife,Border of Life,ボーダーオブライフ,C-7b092c37f1026b72,17,1,CC-7b092c37f1026b72,1,0.0,0,0.0005020920502105469,0.0,0,0.0,louvain,intersection_count,100.0,0.0,1.0,20260801,1.0.0,not_used,community labels are structural network results; they are not official factions and do not replace original-setting faction metadata
JP19,music,music,breakthesabbath,Break the Sabbath,Break the Sabbath,C-2385477c8f368acc,18,1,CC-2385477c8f368acc,1,0.0,0,0.0005020920502105469,0.0,0,0.0,louvain,intersection_count,100.0,0.0,1.0,20260801,1.0.0,not_used,community labels are structural network results; they are not official factions and do not replace original-setting faction metadata
JP19,music,music,captainmurasa,Captain Murasa,キャプテン・ムラサ,C-11a13a674b1f8d4a,19,1,CC-11a13a674b1f8d4a,1,0.0,0,0.0005020920502105469,0.0,0,0.0,louvain,intersection_count,100.0,0.0,1.0,20260801,1.0.0,not_used,community labels are structural network results; they are not official factions and do not replace original-setting faction metadata
JP19,music,music,castleexplorerinthesky,Castle Explorer -in the Sky-,Castle Explorer -in the Sky-,C-f81746d3c8f3131b,20,1,CC-f81746d3c8f3131b,1,0.0,0,0.0005020920502105469,0.0,0,0.0,louvain,intersection_count,100.0,0.0,1.0,20260801,1.0.0,not_used,community labels are structural network results; they are not official factions and do not replace original-setting faction metadata
JP19,music,music,circusreverie机械马戏团,Circus Reverie（机械马戏团）,サーカスレヴァリエ（機械サーカス）,C-0c16502cc7c32aaa,21,1,CC-0c16502cc7c32aaa,1,0.0,0,0.0005020920502105469,0.0,0,0.0,louvain,intersection_count,100.0,0.0,1.0,20260801,1.0.0,not_used,community labels are structural network results; they are not official factions and do not replace original-setting faction metadata
JP19,music,music,civilizationofmagic,Civilization of Magic,Civilization of Magic,C-ba78bc7b2ca0c4d0,22,1,CC-ba78bc7b2ca0c4d0,1,0.0,0,0.0005020920502105469,0.0,0,0.0,louvain,intersection_count,100.0,0.0,1.0,20260801,1.0.0,not_used,community labels are structural network results; they are not official factions and do not replace original-setting faction metadata
JP19,music,music,completedarkness,Complete Darkness,Complete Darkness,C-d1d534f90b93ea98,23,1,CC-d1d534f90b93ea98,1,0.0,0,0.0005020920502105469,0.0,0,0.0,louvain,intersection_count,100.0,0.0,1.0,20260801,1.0.0,not_used,community labels are structural network results; they are not official factions and do not replace original-setting faction metadata
JP19,music,music,crazybackdancers,Crazy Back Dancers,クレイジーバックダンサーズ,C-1cabdb80b610f463,24,1,CC-1cabdb80b610f463,1,0.0,0,0.0005020920502105469,0.0,0,0.0,louvain,intersection_count,100.0,0.0,1.0,20260801,1.0.0,not_used,community labels are structural network results; they are not official factions and do not replace original-setting faction metadata
JP19,music,music,crescentdream,Crescent Dream,Crescent Dream,C-b8228f7f410b7c7f,25,1,CC-b8228f7f410b7c7f,1,0.0,0,0.0005020920502105469,0.0,0,0.0,louvain,intersection_count,100.0,0.0,1.0,20260801,1.0.0,not_used,community labels are structural network results; they are not official factions and do not replace original-setting faction metadata
JP19,music,music,crystallizesilver,Crystallize Silver,クリスタライズシルバー,C-69e79c1478df2be2,26,1,CC-69e79c1478df2be2,1,0.0,0,0.0005020920502105469,0.0,0,0.0,louvain,intersection_count,100.0,0.0,1.0,20260801,1.0.0,not_used,community labels are structural network results; they are not official factions and do not replace original-setting faction metadata
JP19,music,music,days,Days,Days,C-57cfad966ab3e8af,27,1,CC-57cfad966ab3e8af,1,0.0,0,0.0005020920502105469,0.0,0,0.0,louvain,intersection_count,100.0,0.0,1.0,20260801,1.0.0,not_used,community labels are structural network results; they are not official factions and do not replace original-setting faction metadata
JP19,music,music,desiredream,Desire Dream,デザイアドリーム,C-e96187b29d7df5c2,28,1,CC-e96187b29d7df5c2,1,0.0,0,0.0005020920502105469,0.0,0,0.0,louvain,intersection_count,100.0,0.0,1.0,20260801,1.0.0,not_used,community labels are structural network results; they are not official factions and do not replace original-setting faction metadata
JP19,music,music,desiredrive,Desire Drive,デザイアドライブ,C-63ed227205226f61,29,1,CC-63ed227205226f61,1,0.0,0,0.0005020920502105469,0.0,0,0.0,louvain,intersection_count,100.0,0.0,1.0,20260801,1.0.0,not_used,community labels are structural network results; they are not official factions and do not replace original-setting faction metadata
JP19,music,music,dimdream,Dim. Dream,Dim. Dream,C-1fc426312cdde79a,30,1,CC-1fc426312cdde79a,1,0.0,0,0.0005020920502105469,0.0,0,0.0,louvain,intersection_count,100.0,0.0,1.0,20260801,1.0.0,not_used,community labels are structural network results; they are not official factions and do not replace original-setting faction metadata
JP19,music,music,disastrousgemini,Disastrous Gemini,ディザストラスジェミニ,C-ac4cf385716d3d40,31,1,CC-ac4cf385716d3d40,1,0.0,0,0.0005020920502105469,0.0,0,0.0,louvain,intersection_count,100.0,0.0,1.0,20260801,1.0.0,not_used,community labels are structural network results; they are not official factions and do not replace original-setting faction metadata
JP19,music,music,dreamexpress,Dream Express,Dream Express,C-1ba73ed3e666c14d,32,1,CC-1ba73ed3e666c14d,1,0.0,0,0.0005020920502105469,0.0,0,0.0,louvain,intersection_count,100.0,0.0,1.0,20260801,1.0.0,not_used,community labels are structural network results; they are not official factions and do not replace original-setting faction metadata
JP19,music,music,dreamland,Dream Land,Dream Land,C-7b09483f50ded871,33,1,CC-7b09483f50ded871,1,0.0,0,0.0005020920502105469,0.0,0,0.0,louvain,intersection_count,100.0,0.0,1.0,20260801,1.0.0,not_used,community labels are structural network results; they are not official factions and do not replace original-setting faction metadata
JP19,music,music,dreamypilot,Dreamy pilot,Dreamy pilot,C-06444928827f707d,34,1,CC-06444928827f707d,1,0.0,0,0.0005020920502105469,0.0,0,0.0,louvain,intersection_count,100.0,0.0,1.0,20260801,1.0.0,not_used,community labels are structural network results; they are not official factions and do not replace original-setting faction metadata
JP19,music,music,drlatency的令人不眠之瞳,Dr. Latency的令人不眠之瞳,Dr.レイテンシーの眠れなくなる瞳,C-1f1ef7866c50a6c9,35,1,CC-1f1ef7866c50a6c9,1,0.0,0,0.0005020920502105469,0.0,0,0.0,louvain,intersection_count,100.0,0.0,1.0,20260801,1.0.0,not_used,community labels are structural network results; they are not official factions and do not replace original-setting faction metadata
JP19,music,music,drレイテンシーの眠れなくなる瞳,Dr. Latency的令人不眠之瞳,Dr.レイテンシーの眠れなくなる瞳,C-0d4d68bce5c4825e,36,1,CC-0d4d68bce5c4825e,1,0.0,0,0.0005020920502105469,0.0,0,0.0,louvain,intersection_count,100.0,0.0,1.0,20260801,1.0.0,not_used,community labels are structural network results; they are not official factions and do not replace original-setting faction metadata
JP19,music,music,electricheritage,Electric Heritage,エレクトリックヘリテージ,C-116b47e14136e046,37,1,CC-116b47e14136e046,1,0.0,0,0.0005020920502105469,0.0,0,0.0,louvain,intersection_count,100.0,0.0,1.0,20260801,1.0.0,not_used,community labels are structural network results; they are not official factions and do not replace original-setting faction metadata
JP19,music,music,endless,Endless,Endless,C-2bb9f388ddbb58a0,38,1,CC-2bb9f388ddbb58a0,1,0.0,0,0.0005020920502105469,0.0,0,0.0,louvain,intersection_count,100.0,0.0,1.0,20260801,1.0.0,not_used,community labels are structural network results; they are not official factions and do not replace original-setting faction metadata
JP19,music,music,endofdaylight,End of Daylight,End of Daylight,C-505bb14a6ff9e55b,39,1,CC-505bb14a6ff9e55b,1,0.0,0,0.0005020920502105469,0.0,0,0.0,louvain,intersection_count,100.0,0.0,1.0,20260801,1.0.0,not_used,community labels are structural network results; they are not official factions and do not replace original-setting faction metadata
JP19,music,music,eternaldream幽玄的枫树,Eternal Dream ～ 幽玄的枫树,幽玄の槭樹　～ Eternal Dream,C-90465e53be94941b,40,1,CC-90465e53be94941b,1,0.0,0,0.0005020920502105469,0.0,0,0.0,louvain,intersection_count,100.0,0.0,1.0,20260801,1.0.0,not_used,community labels are structural network results; they are not official factions and do not replace original-setting faction metadata
JP19,music,music,extendash蓬莱人,Extend Ash ～ 蓬莱人,エクステンドアッシュ　～ 蓬莱人,C-1c0c8013b7fd2758,41,1,CC-1c0c8013b7fd2758,1,0.0,0,0.0005020920502105469,0.0,0,0.0,louvain,intersection_count,100.0,0.0,1.0,20260801,1.0.0,not_used,community labels are structural network results; they are not official factions and do not replace original-setting faction metadata
JP19,music,music,extralove,Extra Love,エキストララブ,C-dcec3c785b591c09,42,1,CC-dcec3c785b591c09,1,0.0,0,0.0005020920502105469,0.0,0,0.0,louvain,intersection_count,100.0,0.0,1.0,20260801,1.0.0,not_used,community labels are structural network results; they are not official factions and do not replace original-setting faction metadata
JP19,music,music,falloffall,Fall of Fall ～ 秋意渐浓之瀑,フォールオブフォール　～ 秋めく滝,C-c87d9ea5f923db01,43,1,CC-c87d9ea5f923db01,1,0.0,0,0.0005020920502105469,0.0,0,0.0,louvain,intersection_count,100.0,0.0,1.0,20260801,1.0.0,not_used,community labels are structural network results; they are not official factions and do not replace original-setting faction metadata
JP19,music,music,falsestrawberry,False Strawberry,フォルスストロベリー,C-1011a30365fda840,44,1,CC-1011a30365fda840,1,0.0,0,0.0005020920502105469,0.0,0,0.0,louvain,intersection_count,100.0,0.0,1.0,20260801,1.0.0,not_used,community labels are structural network results; they are not official factions and do not replace original-setting faction metadata
JP19,music,music,floweringnight,Flowering Night,フラワリングナイト,C-cda90eb39d84ba07,45,1,CC-cda90eb39d84ba07,1,0.0,0,0.0005020920502105469,0.0,0,0.0,louvain,intersection_count,100.0,0.0,1.0,20260801,1.0.0,not_used,community labels are structural network results; they are not official factions and do not replace original-setting faction metadata
JP19,music,music,frontalattack,Frontal Attack,Frontal Attack,C-2f5c5cbb896d17fc,46,1,CC-2f5c5cbb896d17fc,1,0.0,0,0.0005020920502105469,0.0,0,0.0,louvain,intersection_count,100.0,0.0,1.0,20260801,1.0.0,not_used,community labels are structural network results; they are not official factions and do not replace original-setting faction metadata
JP19,music,music,gameover,Game Over,ゲームオーバー,C-de931a1356221ae1,47,1,CC-de931a1356221ae1,1,0.0,0,0.0005020920502105469,0.0,0,0.0,louvain,intersection_count,100.0,0.0,1.0,20260801,1.0.0,not_used,community labels are structural network results; they are not official factions and do not replace original-setting faction metadata
JP19,music,music,gfree,G Free,G Free,C-c172cf737b9b1630,48,1,CC-c172cf737b9b1630,1,0.0,0,0.0005020920502105469,0.0,0,0.0,louvain,intersection_count,100.0,0.0,1.0,20260801,1.0.0,not_used,community labels are structural network results; they are not official factions and do not replace original-setting faction metadata
JP19,music,music,ghostlead,Ghost Lead,ゴーストリード,C-19c7d5ec223ea043,49,1,CC-19c7d5ec223ea043,1,0.0,0,0.0005020920502105469,0.0,0,0.0,louvain,intersection_count,100.0,0.0,1.0,20260801,1.0.0,not_used,community labels are structural network results; they are not official factions and do not replace original-setting faction metadata
JP19,music,music,heartfeltfancy,Heartfelt Fancy,ハートフェルトファンシー,C-0130fed45ec8c337,50,1,CC-0130fed45ec8c337,1,0.0,0,0.0005020920502105469,0.0,0,0.0,louvain,intersection_count,100.0,0.0,1.0,20260801,1.0.0,not_used,community labels are structural network results; they are not official factions and do not replace original-setting faction metadata
JP19,music,music,herselves,Herselves,ハーセルヴズ,C-376ad7179f748c83,51,1,CC-376ad7179f748c83,1,0.0,0,0.0005020920502105469,0.0,0,0.0,louvain,intersection_count,100.0,0.0,1.0,20260801,1.0.0,not_used,community labels are structural network results; they are not official factions and do not replace original-setting faction metadata
JP19,music,music,highlyresponsivetoprayers,Highly Responsive to Prayers,Highly Responsive to Prayers,C-69db75fdfe873ba6,52,1,CC-69db75fdfe873ba6,1,0.0,0,0.0005020920502105469,0.0,0,0.0,louvain,intersection_count,100.0,0.0,1.0,20260801,1.0.0,not_used,community labels are structural network results; they are not official factions and do not replace original-setting faction metadata
JP19,music,music,incompleteplot,Incomplete Plot,Incomplete Plot,C-0c9e7467881971cc,53,1,CC-0c9e7467881971cc,1,0.0,0,0.0005020920502105469,0.0,0,0.0,louvain,intersection_count,100.0,0.0,1.0,20260801,1.0.0,not_used,community labels are structural network results; they are not official factions and do not replace original-setting faction metadata
JP19,music,music,intermezzo,间奏曲,Intermezzo,C-04e246a82054e728,54,1,CC-04e246a82054e728,1,0.0,0,0.0005020920502105469,0.0,0,0.0,louvain,intersection_count,100.0,0.0,1.0,20260801,1.0.0,not_used,community labels are structural network results; they are not official factions and do not replace original-setting faction metadata
JP19,music,music,intobackdoor,Into Backdoor,イントゥ・バックドア,C-f8fe4405132b2999,55,1,CC-f8fe4405132b2999,1,0.0,0,0.0005020920502105469,0.0,0,0.0,louvain,intersection_count,100.0,0.0,1.0,20260801,1.0.0,not_used,community labels are structural network results; they are not official factions and do not replace original-setting faction metadata
JP19,music,music,inventivecity,Inventive City,Inventive City,C-f241975a53535a0e,56,1,CC-f241975a53535a0e,1,0.0,0,0.0005020920502105469,0.0,0,0.0,louvain,intersection_count,100.0,0.0,1.0,20260801,1.0.0,not_used,community labels are structural network results; they are not official factions and do not replace original-setting faction metadata
JP19,music,music,japanesesaga,Japanese Saga,ジャパニーズサーガ,C-31acb603c6ea4114,57,1,CC-31acb603c6ea4114,1,0.0,0,0.0005020920502105469,0.0,0,0.0,louvain,intersection_count,100.0,0.0,1.0,20260801,1.0.0,not_used,community labels are structural network results; they are not official factions and do not replace original-setting faction metadata
JP19,music,music,jellystone,Jelly Stone,ジェリーストーン,C-0c3d872eb682da36,58,1,CC-0c3d872eb682da36,1,0.0,0,0.0005020920502105469,0.0,0,0.0,louvain,intersection_count,100.0,0.0,1.0,20260801,1.0.0,not_used,community labels are structural network results; they are not official factions and do not replace original-setting faction metadata
JP19,music,music,lastoccultism,Last Occultism ～ 现世的秘术师,ラストオカルティズム　～ 現し世の秘術師,C-0f4047ddee827577,59,1,CC-0f4047ddee827577,1,0.0,0,0.0005020920502105469,0.0,0,0.0,louvain,intersection_count,100.0,0.0,1.0,20260801,1.0.0,not_used,community labels are structural network results; they are not official factions and do not replace original-setting faction metadata
JP19,music,music,lastremote,Last Remote,ラストリモート,C-37f032d55162a255,60,1,CC-37f032d55162a255,1,0.0,0,0.0005020920502105469,0.0,0,0.0,louvain,intersection_count,100.0,0.0,1.0,20260801,1.0.0,not_used,community labels are structural network results; they are not official factions and do not replace original-setting faction metadata
JP19,music,music,lockedgirl,Locked Girl ～ 少女密室,ラクトガール　～ 少女密室,C-b7c462610a7b8dc1,61,1,CC-b7c462610a7b8dc1,1,0.0,0,0.0005020920502105469,0.0,0,0.0,louvain,intersection_count,100.0,0.0,1.0,20260801,1.0.0,not_used,community labels are structural network results; they are not official factions and do not replace original-setting faction metadata
JP19,music,music,looserain,Loose Rain,ルーズレイン,C-dfddd7ef3ed7d7a3,62,1,CC-dfddd7ef3ed7d7a3,1,0.0,0,0.0005020920502105469,0.0,0,0.0,louvain,intersection_count,100.0,0.0,1.0,20260801,1.0.0,not_used,community labels are structural network results; they are not official factions and do not replace original-setting faction metadata
JP19,music,music,lostriver,Lost River,ロストリバー,C-1b4b292293912b62,63,1,CC-1b4b292293912b62,1,0.0,0,0.0005020920502105469,0.0,0,0.0,louvain,intersection_count,100.0,0.0,1.0,20260801,1.0.0,not_used,community labels are structural network results; they are not official factions and do not replace original-setting faction metadata
JP19,music,music,lotuslove,Lotus Love,Lotus Love,C-63036ca313bb1363,64,1,CC-63036ca313bb1363,1,0.0,0,0.0005020920502105469,0.0,0,0.0,louvain,intersection_count,100.0,0.0,1.0,20260801,1.0.0,not_used,community labels are structural network results; they are not official factions and do not replace original-setting faction metadata
JP19,music,music,lotusroad,Lotus Road,Lotus Road,C-56ea09a164179253,65,1,CC-56ea09a164179253,1,0.0,0,0.0005020920502105469,0.0,0,0.0,louvain,intersection_count,100.0,0.0,1.0,20260801,1.0.0,not_used,community labels are structural network results; they are not official factions and do not replace original-setting faction metadata
JP19,music,music,luciddreamer,Lucid Dreamer,ルーシッドドリーマー,C-2e7887f16f334094,66,1,CC-2e7887f16f334094,1,0.0,0,0.0005020920502105469,0.0,0,0.0,louvain,intersection_count,100.0,0.0,1.0,20260801,1.0.0,not_used,community labels are structural network results; they are not official factions and do not replace original-setting faction metadata
JP19,music,music,lunarrainbow,Lunar Rainbow,ルナレインボー,C-67ee2edccb7b1d0a,67,1,CC-67ee2edccb7b1d0a,1,0.0,0,0.0005020920502105469,0.0,0,0.0,louvain,intersection_count,100.0,0.0,1.0,20260801,1.0.0,not_used,community labels are structural network results; they are not official factions and do not replace original-setting faction metadata
JP19,music,music,lunateelf,Lunate Elf,ルーネイトエルフ,C-c2e01d0eb1d9711b,68,1,CC-c2e01d0eb1d9711b,1,0.0,0,0.0005020920502105469,0.0,0,0.0,louvain,intersection_count,100.0,0.0,1.0,20260801,1.0.0,not_used,community labels are structural network results; they are not official factions and do not replace original-setting faction metadata
JP19,music,music,lunaticdreamer,Lunatic Dreamer,ルナティックドリーマー,C-0905ea5444c826be,69,1,CC-0905ea5444c826be,1,0.0,0,0.0005020920502105469,0.0,0,0.0,louvain,intersection_count,100.0,0.0,1.0,20260801,1.0.0,not_used,community labels are structural network results; they are not official factions and do not replace original-setting faction metadata
JP19,music,music,magicalandhopeless,Magical and Hopeless,Magical and Hopeless,C-8f31bc9db7f0d15d,70,1,CC-8f31bc9db7f0d15d,1,0.0,0,0.0005020920502105469,0.0,0,0.0,louvain,intersection_count,100.0,0.0,1.0,20260801,1.0.0,not_used,community labels are structural network results; they are not official factions and do not replace original-setting faction metadata
JP19,music,music,magicalstorm,Magical Storm,マジカルストーム,C-c8b288878472fd30,71,1,CC-c8b288878472fd30,1,0.0,0,0.0005020920502105469,0.0,0,0.0,louvain,intersection_count,100.0,0.0,1.0,20260801,1.0.0,not_used,community labels are structural network results; they are not official factions and do not replace original-setting faction metadata
JP19,music,music,magicoflife,Magic of Life,Magic of Life,C-f8526ec4bf7a782e,72,1,CC-f8526ec4bf7a782e,1,0.0,0,0.0005020920502105469,0.0,0,0.0,louvain,intersection_count,100.0,0.0,1.0,20260801,1.0.0,not_used,community labels are structural network results; they are not official factions and do not replace original-setting faction metadata
JP19,music,music,magicshopofraspberry,Magic Shop of Raspberry,Magic Shop of Raspberry,C-b841dd2a419b7abb,73,1,CC-b841dd2a419b7abb,1,0.0,0,0.0005020920502105469,0.0,0,0.0,louvain,intersection_count,100.0,0.0,1.0,20260801,1.0.0,not_used,community labels are structural network results; they are not official factions and do not replace original-setting faction metadata
JP19,music,music,magusnight,Magus Night,メイガスナイト,C-49934d32742d9d95,74,1,CC-49934d32742d9d95,1,0.0,0,0.0005020920502105469,0.0,0,0.0,louvain,intersection_count,100.0,0.0,1.0,20260801,1.0.0,not_used,community labels are structural network results; they are not official factions and do not replace original-setting faction metadata
JP19,music,music,maniacalprincess,Maniacal Princess,Maniacal Princess,C-6142a9e286eed637,75,1,CC-6142a9e286eed637,1,0.0,0,0.0005020920502105469,0.0,0,0.0,louvain,intersection_count,100.0,0.0,1.0,20260801,1.0.0,not_used,community labels are structural network results; they are not official factions and do not replace original-setting faction metadata
JP19,music,music,mapledream,Maple Dream...,Maple Dream...,C-f146e71b523c0ab9,76,1,CC-f146e71b523c0ab9,1,0.0,0,0.0005020920502105469,0.0,0,0.0,louvain,intersection_count,100.0,0.0,1.0,20260801,1.0.0,not_used,community labels are structural network results; they are not official factions and do not replace original-setting faction metadata
JP19,music,music,maplewise,Maple Wise,メイプルワイズ,C-4d2a7b73f841afda,77,1,CC-4d2a7b73f841afda,1,0.0,0,0.0005020920502105469,0.0,0,0.0,louvain,intersection_count,100.0,0.0,1.0,20260801,1.0.0,not_used,community labels are structural network results; they are not official factions and do not replace original-setting faction metadata
JP19,music,music,midnightspellcard,Midnight Spell Card,ミッドナイトスペルカード,C-702084a18f790322,78,1,CC-702084a18f790322,1,0.0,0,0.0005020920502105469,0.0,0,0.0,louvain,intersection_count,100.0,0.0,1.0,20260801,1.0.0,not_used,community labels are structural network results; they are not official factions and do not replace original-setting faction metadata
JP19,music,music,mistlake,Mist Lake,ミストレイク,C-b0cd8bbeea8effb1,79,1,CC-b0cd8bbeea8effb1,1,0.0,0,0.0005020920502105469,0.0,0,0.0,louvain,intersection_count,100.0,0.0,1.0,20260801,1.0.0,not_used,community labels are structural network results; they are not official factions and do not replace original-setting faction metadata
JP19,music,music,mushroomwaltz,Mushroom·Waltz,マッシュルーム・ワルツ,C-4c33d9272ab9f759,80,1,CC-4c33d9272ab9f759,1,0.0,0,0.0005020920502105469,0.0,0,0.0,louvain,intersection_count,100.0,0.0,1.0,20260801,1.0.0,not_used,community labels are structural network results; they are not official factions and do not replace original-setting faction metadata
JP19,music,music,mymaidsweetmaid,My Maid Sweet Maid,"My Maid, Sweet Maid",C-44b5d284c3ae8c19,81,1,CC-44b5d284c3ae8c19,1,0.0,0,0.0005020920502105469,0.0,0,0.0,louvain,intersection_count,100.0,0.0,1.0,20260801,1.0.0,not_used,community labels are structural network results; they are not official factions and do not replace original-setting faction metadata
JP19,music,music,mysteriousshrine,Mysterious Shrine,Mysterious Shrine,C-80759b8ad8031168,82,1,CC-80759b8ad8031168,1,0.0,0,0.0005020920502105469,0.0,0,0.0,louvain,intersection_count,100.0,0.0,1.0,20260801,1.0.0,not_used,community labels are structural network results; they are not official factions and do not replace original-setting faction metadata
JP19,music,music,mysticdream,Mystic Dream,Mystic Dream,C-c1e9388860df24c4,83,1,CC-c1e9388860df24c4,1,0.0,0,0.0005020920502105469,0.0,0,0.0,louvain,intersection_count,100.0,0.0,1.0,20260801,1.0.0,not_used,community labels are structural network results; they are not official factions and do not replace original-setting faction metadata
JP19,music,music,nativefaith,Native Faith,ネイティブフェイス,C-2a92d364971a56f6,84,1,CC-2a92d364971a56f6,1,0.0,0,0.0005020920502105469,0.0,0,0.0,louvain,intersection_count,100.0,0.0,1.0,20260801,1.0.0,not_used,community labels are structural network results; they are not official factions and do not replace original-setting faction metadata
JP19,music,music,necrofantasia,Necro-Fantasia,ネクロファンタジア,C-1ea80d6542dfe69f,85,1,CC-1ea80d6542dfe69f,1,0.0,0,0.0005020920502105469,0.0,0,0.0,louvain,intersection_count,100.0,0.0,1.0,20260801,1.0.0,not_used,community labels are structural network results; they are not official factions and do not replace original-setting faction metadata
JP19,music,music,newshound,Newshound,ニュースハウンド,C-9a3c93a8a816574c,86,1,CC-9a3c93a8a816574c,1,0.0,0,0.0005020920502105469,0.0,0,0.0,louvain,intersection_count,100.0,0.0,1.0,20260801,1.0.0,not_used,community labels are structural network results; they are not official factions and do not replace original-setting faction metadata
JP19,music,music,nightmarediary,Nightmare Diary,ナイトメアダイアリー,C-040b721254623eba,87,1,CC-040b721254623eba,1,0.0,0,0.0005020920502105469,0.0,0,0.0,louvain,intersection_count,100.0,0.0,1.0,20260801,1.0.0,not_used,community labels are structural network results; they are not official factions and do not replace original-setting faction metadata
JP19,music,music,orientaldarkflight,Oriental Dark Flight,オリエンタルダークフライト,C-d07b32fbb8f37a8d,88,1,CC-d07b32fbb8f37a8d,1,0.0,0,0.0005020920502105469,0.0,0,0.0,louvain,intersection_count,100.0,0.0,1.0,20260801,1.0.0,not_used,community labels are structural network results; they are not official factions and do not replace original-setting faction metadata
JP19,music,music,orientalmagician,Oriental Magician,Oriental Magician,C-e9aa73a9ab9f146b,89,1,CC-e9aa73a9ab9f146b,1,0.0,0,0.0005020920502105469,0.0,0,0.0,louvain,intersection_count,100.0,0.0,1.0,20260801,1.0.0,not_used,community labels are structural network results; they are not official factions and do not replace original-setting faction metadata
JP19,music,music,outsidercocktail,Outsider Cocktail,アウトサイダーカクテル,C-3fc3357d2a9f1ebb,90,1,CC-3fc3357d2a9f1ebb,1,0.0,0,0.0005020920502105469,0.0,0,0.0,louvain,intersection_count,100.0,0.0,1.0,20260801,1.0.0,not_used,community labels are structural network results; they are not official factions and do not replace original-setting faction metadata
JP19,music,music,pandemonicplanet,Pandemonic Planet,パンデモニックプラネット,C-abe13f04abaa5ff7,91,1,CC-abe13f04abaa5ff7,1,0.0,0,0.0005020920502105469,0.0,0,0.0,louvain,intersection_count,100.0,0.0,1.0,20260801,1.0.0,not_used,community labels are structural network results; they are not official factions and do not replace original-setting faction metadata
JP19,music,music,peaceful,Peaceful,Peaceful,C-aee7b49b94f2f837,92,1,CC-aee7b49b94f2f837,1,0.0,0,0.0005020920502105469,0.0,0,0.0,louvain,intersection_count,100.0,0.0,1.0,20260801,1.0.0,not_used,community labels are structural network results; they are not official factions and do not replace original-setting faction metadata
JP19,music,music,peacefulromancer,Peaceful Romancer,Peaceful Romancer,C-3315a8357e248afe,93,1,CC-3315a8357e248afe,1,0.0,0,0.0005020920502105469,0.0,0,0.0,louvain,intersection_count,100.0,0.0,1.0,20260801,1.0.0,not_used,community labels are structural network results; they are not official factions and do not replace original-setting faction metadata
JP19,music,music,phantasmagoria,Phantasmagoria,Phantasmagoria,C-4e1f15d0038d2c04,94,1,CC-4e1f15d0038d2c04,1,0.0,0,0.0005020920502105469,0.0,0,0.0,louvain,intersection_count,100.0,0.0,1.0,20260801,1.0.0,not_used,community labels are structural network results; they are not official factions and do not replace original-setting faction metadata
JP19,music,music,plainasia,Plain Asia,プレインエイジア,C-0e7b4fd7257e97cc,95,1,CC-0e7b4fd7257e97cc,1,0.0,0,0.0005020920502105469,0.0,0,0.0,louvain,intersection_count,100.0,0.0,1.0,20260801,1.0.0,not_used,community labels are structural network results; they are not official factions and do not replace original-setting faction metadata
JP19,music,music,plasticmind,Plastic Mind,プラスチックマインド,C-5a7ca6688de8ebe6,96,1,CC-5a7ca6688de8ebe6,1,0.0,0,0.0005020920502105469,0.0,0,0.0,louvain,intersection_count,100.0,0.0,1.0,20260801,1.0.0,not_used,community labels are structural network results; they are not official factions and do not replace original-setting faction metadata
JP19,music,music,plasticspace,Plastic Space,Plastic Space,C-2ec6c3caff6b69c5,97,1,CC-2ec6c3caff6b69c5,1,0.0,0,0.0005020920502105469,0.0,0,0.0,louvain,intersection_count,100.0,0.0,1.0,20260801,1.0.0,not_used,community labels are structural network results; they are not official factions and do not replace original-setting faction metadata
JP19,music,music,playersscore,Player's Score,プレイヤーズスコア,C-445f96c65b83eead,98,1,CC-445f96c65b83eead,1,0.0,0,0.0005020920502105469,0.0,0,0.0,louvain,intersection_count,100.0,0.0,1.0,20260801,1.0.0,not_used,community labels are structural network results; they are not official factions and do not replace original-setting faction metadata
JP19,music,music,primroseshiver,Primrose Shiver,プリムローズシヴァ,C-7bdb89e8fe536c36,99,1,CC-7bdb89e8fe536c36,1,0.0,0,0.0005020920502105469,0.0,0,0.0,louvain,intersection_count,100.0,0.0,1.0,20260801,1.0.0,not_used,community labels are structural network results; they are not official factions and do not replace original-setting faction metadata
JP19,music,music,purefuries,Pure Furies ～ 心之所在,ピュアヒューリーズ　～ 心の在処,C-4e23da78dcc561a9,100,1,CC-4e23da78dcc561a9,1,0.0,0,0.0005020920502105469,0.0,0,0.0,louvain,intersection_count,100.0,0.0,1.0,20260801,1.0.0,not_used,community labels are structural network results; they are not official factions and do not replace original-setting faction metadata
JP19,music,music,reincarnation,Reincarnation,リーインカーネイション,C-7d4f724a9bc8fd07,101,1,CC-7d4f724a9bc8fd07,1,0.0,0,0.0005020920502105469,0.0,0,0.0,louvain,intersection_count,100.0,0.0,1.0,20260801,1.0.0,not_used,community labels are structural network results; they are not official factions and do not replace original-setting faction metadata
JP19,music,music,reverseideology,Reverse Ideology,リバースイデオロギー,C-c8d5e95bcfaf7f6c,102,1,CC-c8d5e95bcfaf7f6c,1,0.0,0,0.0005020920502105469,0.0,0,0.0,louvain,intersection_count,100.0,0.0,1.0,20260801,1.0.0,not_used,community labels are structural network results; they are not official factions and do not replace original-setting faction metadata
JP19,music,music,rigidparadise,Rigid Paradise,リジッドパラダイス,C-8f2996125be50968,103,1,CC-8f2996125be50968,1,0.0,0,0.0005020920502105469,0.0,0,0.0,louvain,intersection_count,100.0,0.0,1.0,20260801,1.0.0,not_used,community labels are structural network results; they are not official factions and do not replace original-setting faction metadata
JP19,music,music,romanticchildren,Romantic Children,Romantic Children,C-3c16628a7c2316e3,104,1,CC-3c16628a7c2316e3,1,0.0,0,0.0005020920502105469,0.0,0,0.0,louvain,intersection_count,100.0,0.0,1.0,20260801,1.0.0,not_used,community labels are structural network results; they are not official factions and do not replace original-setting faction metadata
JP19,music,music,sacredbattle,Sacred Battle,Sacred Battle,C-6442ae1480ded61a,105,1,CC-6442ae1480ded61a,1,0.0,0,0.0005020920502105469,0.0,0,0.0,louvain,intersection_count,100.0,0.0,1.0,20260801,1.0.0,not_used,community labels are structural network results; they are not official factions and do not replace original-setting faction metadata
JP19,music,music,sailoroftime,Sailor of Time,Sailor of Time,C-21c06e6b3d70742a,106,1,CC-21c06e6b3d70742a,1,0.0,0,0.0005020920502105469,0.0,0,0.0,louvain,intersection_count,100.0,0.0,1.0,20260801,1.0.0,not_used,community labels are structural network results; they are not official factions and do not replace original-setting faction metadata
JP19,music,music,selection,Selection,Selection,C-aed96fc8b0a603a4,107,1,CC-aed96fc8b0a603a4,1,0.0,0,0.0005020920502105469,0.0,0,0.0,louvain,intersection_count,100.0,0.0,1.0,20260801,1.0.0,not_used,community labels are structural network results; they are not official factions and do not replace original-setting faction metadata
JP19,music,music,seleneslight,Selene's light,Selene's light,C-303bfd716c877b0d,108,1,CC-303bfd716c877b0d,1,0.0,0,0.0005020920502105469,0.0,0,0.0,louvain,intersection_count,100.0,0.0,1.0,20260801,1.0.0,not_used,community labels are structural network results; they are not official factions and do not replace original-setting faction metadata
JP19,music,music,seraphicchicken,Seraphic Chicken,セラフィックチキン,C-7da66bbee29c91a7,109,1,CC-7da66bbee29c91a7,1,0.0,0,0.0005020920502105469,0.0,0,0.0,louvain,intersection_count,100.0,0.0,1.0,20260801,1.0.0,not_used,community labels are structural network results; they are not official factions and do not replace original-setting faction metadata
JP19,music,music,shesinatemper,She's in a temper!!,She's in a temper!!,C-ed99818f4ea200d2,110,1,CC-ed99818f4ea200d2,1,0.0,0,0.0005020920502105469,0.0,0,0.0,louvain,intersection_count,100.0,0.0,1.0,20260801,1.0.0,not_used,community labels are structural network results; they are not official factions and do not replace original-setting faction metadata
JP19,music,music,silkroadalice,Silk Road Alice,シルクロードアリス,C-199be49a2eb66168,111,1,CC-199be49a2eb66168,1,0.0,0,0.0005020920502105469,0.0,0,0.0,louvain,intersection_count,100.0,0.0,1.0,20260801,1.0.0,not_used,community labels are structural network results; they are not official factions and do not replace original-setting faction metadata
JP19,music,music,skyruin,Sky Ruin,スカイルーイン,C-585abdb6d159c2a9,112,1,CC-585abdb6d159c2a9,1,0.0,0,0.0005020920502105469,0.0,0,0.0,louvain,intersection_count,100.0,0.0,1.0,20260801,1.0.0,not_used,community labels are structural network results; they are not official factions and do not replace original-setting faction metadata
JP19,music,music,sleepsheepparade,Sleep Sheep·Parade,スリープシープ・パレード,C-8bd6d623155452d0,113,1,CC-8bd6d623155452d0,1,0.0,0,0.0005020920502105469,0.0,0,0.0,louvain,intersection_count,100.0,0.0,1.0,20260801,1.0.0,not_used,community labels are structural network results; they are not official factions and do not replace original-setting faction metadata
JP19,music,music,smokingdragon,Smoking Dragon,スモーキングドラゴン,C-2c3fe206369f2510,114,1,CC-2c3fe206369f2510,1,0.0,0,0.0005020920502105469,0.0,0,0.0,louvain,intersection_count,100.0,0.0,1.0,20260801,1.0.0,not_used,community labels are structural network results; they are not official factions and do not replace original-setting faction metadata
JP19,music,music,starbowdream,Starbow Dream,スターボウドリーム,C-c48175a68aa1c7ad,115,1,CC-c48175a68aa1c7ad,1,0.0,0,0.0005020920502105469,0.0,0,0.0,louvain,intersection_count,100.0,0.0,1.0,20260801,1.0.0,not_used,community labels are structural network results; they are not official factions and do not replace original-setting faction metadata
JP19,music,music,starvoyage2008,Star Voyage2008,スターヴォヤージュ2008,C-e9c1f99a37067f0a,116,1,CC-e9c1f99a37067f0a,1,0.0,0,0.0005020920502105469,0.0,0,0.0,louvain,intersection_count,100.0,0.0,1.0,20260801,1.0.0,not_used,community labels are structural network results; they are not official factions and do not replace original-setting faction metadata
JP19,music,music,strawberrycrisis,Strawberry Crisis!!,Strawberry Crisis!!,C-4a0b8c02fc9788e8,117,1,CC-4a0b8c02fc9788e8,1,0.0,0,0.0005020920502105469,0.0,0,0.0,louvain,intersection_count,100.0,0.0,1.0,20260801,1.0.0,not_used,community labels are structural network results; they are not official factions and do not replace original-setting faction metadata
JP19,music,music,sunnyrutileflection,Sunny Rutile Flection,サニールチルフレクション,C-d3c2163d15351c07,118,1,CC-d3c2163d15351c07,1,0.0,0,0.0005020920502105469,0.0,0,0.0,louvain,intersection_count,100.0,0.0,1.0,20260801,1.0.0,not_used,community labels are structural network results; they are not official factions and do not replace original-setting faction metadata
JP19,music,music,tabularasa空白少女,Tabula rasa ～ 空白少女,Tabula rasa　～ 空白少女,C-b1990340fb42c4a4,119,1,CC-b1990340fb42c4a4,1,0.0,0,0.0005020920502105469,0.0,0,0.0,louvain,intersection_count,100.0,0.0,1.0,20260801,1.0.0,not_used,community labels are structural network results; they are not official factions and do not replace original-setting faction metadata
JP19,music,music,thelastjudgement,the Last Judgement,the Last Judgement,C-930d6c515fdc52e5,120,1,CC-930d6c515fdc52e5,1,0.0,0,0.0005020920502105469,0.0,0,0.0,louvain,intersection_count,100.0,0.0,1.0,20260801,1.0.0,not_used,community labels are structural network results; they are not official factions and do not replace original-setting faction metadata
JP19,music,music,thelegendofkage,The Legend of KAGE,the Legend of KAGE,C-5c5d00bac0901e9b,121,1,CC-5c5d00bac0901e9b,1,0.0,0,0.0005020920502105469,0.0,0,0.0,louvain,intersection_count,100.0,0.0,1.0,20260801,1.0.0,not_used,community labels are structural network results; they are not official factions and do not replace original-setting faction metadata
JP19,music,music,themeofeasternstory,Theme of Eastern Story,テーマ・オブ・イースタンストーリー,C-75be8c86acb1f0fc,122,1,CC-75be8c86acb1f0fc,1,0.0,0,0.0005020920502105469,0.0,0,0.0,louvain,intersection_count,100.0,0.0,1.0,20260801,1.0.0,not_used,community labels are structural network results; they are not official factions and do not replace original-setting faction metadata
JP19,music,music,thepositiveandnegative,The Positive and Negative,The Positive and Negative,C-74834ba27184ac15,123,1,CC-74834ba27184ac15,1,0.0,0,0.0005020920502105469,0.0,0,0.0,louvain,intersection_count,100.0,0.0,1.0,20260801,1.0.0,not_used,community labels are structural network results; they are not official factions and do not replace original-setting faction metadata
JP19,music,music,tinyshangrila,Tiny Shangri-La,タイニーシャングリラ,C-ff7cc295f912c258,124,1,CC-ff7cc295f912c258,1,0.0,0,0.0005020920502105469,0.0,0,0.0,louvain,intersection_count,100.0,0.0,1.0,20260801,1.0.0,not_used,community labels are structural network results; they are not official factions and do not replace original-setting faction metadata
JP19,music,music,titledmaid,Titled Maid,タイトルドメイド,C-e6beb0520bdd6caf,125,1,CC-e6beb0520bdd6caf,1,0.0,0,0.0005020920502105469,0.0,0,0.0,louvain,intersection_count,100.0,0.0,1.0,20260801,1.0.0,not_used,community labels are structural network results; they are not official factions and do not replace original-setting faction metadata
JP19,music,music,tortoisedragon,Tortoise Dragon ～ 幸运与不幸,トータスドラゴン　〜幸運と不運,C-bd379b32ef79093b,126,1,CC-bd379b32ef79093b,1,0.0,0,0.0005020920502105469,0.0,0,0.0,louvain,intersection_count,100.0,0.0,1.0,20260801,1.0.0,not_used,community labels are structural network results; they are not official factions and do not replace original-setting faction metadata
JP19,music,music,ultimatetruth,Ultimate Truth,アルティメットトゥルース,C-6cd0f2e994692bb5,127,1,CC-6cd0f2e994692bb5,1,0.0,0,0.0005020920502105469,0.0,0,0.0,louvain,intersection_count,100.0,0.0,1.0,20260801,1.0.0,not_used,community labels are structural network results; they are not official factions and do not replace original-setting faction metadata
JP19,music,music,unlocatedhell,Unlocated Hell,アンロケイテッドヘル,C-a5336710154506f8,128,1,CC-a5336710154506f8,1,0.0,0,0.0005020920502105469,0.0,0,0.0,louvain,intersection_count,100.0,0.0,1.0,20260801,1.0.0,not_used,community labels are structural network results; they are not official factions and do not replace original-setting faction metadata
JP19,music,music,unowen就是她吗,U.N.OWEN就是她吗？,U.N.オーエンは彼女なのか？,C-f2c0a7826657c330,129,1,CC-f2c0a7826657c330,1,0.0,0,0.0005020920502105469,0.0,0,0.0,louvain,intersection_count,100.0,0.0,1.0,20260801,1.0.0,not_used,community labels are structural network results; they are not official factions and do not replace original-setting faction metadata
JP19,music,music,voyage1969,Voyage1969,ヴォヤージュ1969,C-b61892b6830ecf50,130,1,CC-b61892b6830ecf50,1,0.0,0,0.0005020920502105469,0.0,0,0.0,louvain,intersection_count,100.0,0.0,1.0,20260801,1.0.0,not_used,community labels are structural network results; they are not official factions and do not replace original-setting faction metadata
JP19,music,music,voyage1970,Voyage1970,ヴォヤージュ1970,C-c454fb277f0f30b0,131,1,CC-c454fb277f0f30b0,1,0.0,0,0.0005020920502105469,0.0,0,0.0,louvain,intersection_count,100.0,0.0,1.0,20260801,1.0.0,not_used,community labels are structural network results; they are not official factions and do not replace original-setting faction metadata
JP19,music,music,witchingdream,Witching Dream,Witching Dream,C-0fed8f697687a6ee,132,1,CC-0fed8f697687a6ee,1,0.0,0,0.0005020920502105469,0.0,0,0.0,louvain,intersection_count,100.0,0.0,1.0,20260801,1.0.0,not_used,community labels are structural network results; they are not official factions and do not replace original-setting faction metadata
JP19,music,music,witchoflovepotion,Witch of Love Potion,Witch of Love Potion,C-eacede16384fa5b3,133,1,CC-eacede16384fa5b3,1,0.0,0,0.0005020920502105469,0.0,0,0.0,louvain,intersection_count,100.0,0.0,1.0,20260801,1.0.0,not_used,community labels are structural network results; they are not official factions and do not replace original-setting faction metadata
JP19,music,music,あなたの町の怪事件,你所在之城的怪事,あなたの町の怪事件,C-24ad96935f461057,134,1,CC-24ad96935f461057,1,0.0,0,0.0005020920502105469,0.0,0,0.0,louvain,intersection_count,100.0,0.0,1.0,20260801,1.0.0,not_used,community labels are structural network results; they are not official factions and do not replace original-setting faction metadata
JP19,music,music,あゆのかぜ,东风,あゆのかぜ,C-47197b50b238ab70,135,1,CC-47197b50b238ab70,1,0.0,0,0.0005020920502105469,0.0,0,0.0,louvain,intersection_count,100.0,0.0,1.0,20260801,1.0.0,not_used,community labels are structural network results; they are not official factions and do not replace original-setting faction metadata
JP19,music,music,いざ倒れ逝くその時まで,来吧，直到倒地死去的那一刻,いざ、倒れ逝くその時まで,C-082049c16f79aafb,136,1,CC-082049c16f79aafb,1,0.0,0,0.0005020920502105469,0.0,0,0.0,louvain,intersection_count,100.0,0.0,1.0,20260801,1.0.0,not_used,community labels are structural network results; they are not official factions and do not replace original-setting faction metadata
JP19,music,music,いたずらに命をかけて,赌上性命去恶作剧,いたずらに命をかけて,C-6cc01eae65a19b04,137,1,CC-6cc01eae65a19b04,1,0.0,0,0.0005020920502105469,0.0,0,0.0,louvain,intersection_count,100.0,0.0,1.0,20260801,1.0.0,not_used,community labels are structural network results; they are not official factions and do not replace original-setting faction metadata
JP19,music,music,お宇佐さまの素い幡,宇佐大人的白旗,お宇佐さまの素い幡,C-e94a3abc852fd763,138,1,CC-e94a3abc852fd763,1,0.0,0,0.0005020920502105469,0.0,0,0.0,louvain,intersection_count,100.0,0.0,1.0,20260801,1.0.0,not_used,community labels are structural network results; they are not official factions and do not replace original-setting faction metadata
JP19,music,music,かわいい悪魔innocence,可爱的恶魔 ～ Innocence,かわいい悪魔　～ Innocence,C-c3e2c5c73253217a,139,1,CC-c3e2c5c73253217a,1,0.0,0,0.0005020920502105469,0.0,0,0.0,louvain,intersection_count,100.0,0.0,1.0,20260801,1.0.0,not_used,community labels are structural network results; they are not official factions and do not replace original-setting faction metadata
JP19,music,music,ひもろぎむらさきにもえ,神篱，如紫色火焰般燃烧,ひもろぎ、むらさきにもえ,C-dd5ac1ace0e2d471,140,1,CC-dd5ac1ace0e2d471,1,0.0,0,0.0005020920502105469,0.0,0,0.0,louvain,intersection_count,100.0,0.0,1.0,20260801,1.0.0,not_used,community labels are structural network results; they are not official factions and do not replace original-setting faction metadata
JP19,music,music,ぼくらの非想天則,我们的非想天则,ぼくらの非想天則,C-f0d226cee318aab2,141,1,CC-f0d226cee318aab2,1,0.0,0,0.0005020920502105469,0.0,0,0.0,louvain,intersection_count,100.0,0.0,1.0,20260801,1.0.0,not_used,community labels are structural network results; they are not official factions and do not replace original-setting faction metadata
JP19,music,music,もうドアには入れない,门再也进不去了,もうドアには入れない,C-e8ac9ac0c3d9010a,142,1,CC-e8ac9ac0c3d9010a,1,0.0,0,0.0005020920502105469,0.0,0,0.0,louvain,intersection_count,100.0,0.0,1.0,20260801,1.0.0,not_used,community labels are structural network results; they are not official factions and do not replace original-setting faction metadata
JP19,music,music,やみのちから,黑暗的力量,やみのちから,C-2a0e65a33c64a036,143,1,CC-2a0e65a33c64a036,1,0.0,0,0.0005020920502105469,0.0,0,0.0,louvain,intersection_count,100.0,0.0,1.0,20260801,1.0.0,not_used,community labels are structural network results; they are not official factions and do not replace original-setting faction metadata
JP19,music,music,アイリス,鸢尾花,アイリス,C-462414e0afece52c,144,1,CC-462414e0afece52c,1,0.0,0,0.0005020920502105469,0.0,0,0.0,louvain,intersection_count,100.0,0.0,1.0,20260801,1.0.0,not_used,community labels are structural network results; they are not official factions and do not replace original-setting faction metadata
JP19,music,music,アウトサイダーカクテル,Outsider Cocktail,アウトサイダーカクテル,C-5ccf3012dcd86778,145,1,CC-5ccf3012dcd86778,1,0.0,0,0.0005020920502105469,0.0,0,0.0,louvain,intersection_count,100.0,0.0,1.0,20260801,1.0.0,not_used,community labels are structural network results; they are not official factions and do not replace original-setting faction metadata
JP19,music,music,アガルタの風,阿加尔塔之风,アガルタの風,C-e64f2384f536047d,146,1,CC-e64f2384f536047d,1,0.0,0,0.0005020920502105469,0.0,0,0.0,louvain,intersection_count,100.0,0.0,1.0,20260801,1.0.0,not_used,community labels are structural network results; they are not official factions and do not replace original-setting faction metadata
JP19,music,music,アリスマエステラ,Alice Maestra,アリスマエステラ,C-45087f035250671c,147,1,CC-45087f035250671c,1,0.0,0,0.0005020920502105469,0.0,0,0.0,louvain,intersection_count,100.0,0.0,1.0,20260801,1.0.0,not_used,community labels are structural network results; they are not official factions and do not replace original-setting faction metadata
JP19,music,music,アンティークテラー,Antique Terror,アンティークテラー,C-63ee13a82656286c,148,1,CC-63ee13a82656286c,1,0.0,0,0.0005020920502105469,0.0,0,0.0,louvain,intersection_count,100.0,0.0,1.0,20260801,1.0.0,not_used,community labels are structural network results; they are not official factions and do not replace original-setting faction metadata
JP19,music,music,イザナギオブジェクト,伊奘诺物质,イザナギオブジェクト,C-8e24e410fb6ecc47,149,1,CC-8e24e410fb6ecc47,1,0.0,0,0.0005020920502105469,0.0,0,0.0,louvain,intersection_count,100.0,0.0,1.0,20260801,1.0.0,not_used,community labels are structural network results; they are not official factions and do not replace original-setting faction metadata
JP19,music,music,イントゥバックドア,Into Backdoor,イントゥ・バックドア,C-02a317b042a7d46d,150,1,CC-02a317b042a7d46d,1,0.0,0,0.0005020920502105469,0.0,0,0.0,louvain,intersection_count,100.0,0.0,1.0,20260801,1.0.0,not_used,community labels are structural network results; they are not official factions and do not replace original-setting faction metadata
JP19,music,music,エキストララブ,Extra Love,エキストララブ,C-ee06249890e34d0f,151,1,CC-ee06249890e34d0f,1,0.0,0,0.0005020920502105469,0.0,0,0.0,louvain,intersection_count,100.0,0.0,1.0,20260801,1.0.0,not_used,community labels are structural network results; they are not official factions and do not replace original-setting faction metadata
JP19,music,music,エニグマティクドール,神秘的人偶,エニグマティクドール,C-c87f9c4059c7440f,152,1,CC-c87f9c4059c7440f,1,0.0,0,0.0005020920502105469,0.0,0,0.0,louvain,intersection_count,100.0,0.0,1.0,20260801,1.0.0,not_used,community labels are structural network results; they are not official factions and do not replace original-setting faction metadata
JP19,music,music,エネルギー黎明futuredream,能源黎明 ～ Future Dream...,エネルギー黎明 ～ Future Dream...,C-dbe61f74366c5d71,153,1,CC-dbe61f74366c5d71,1,0.0,0,0.0005020920502105469,0.0,0,0.0,louvain,intersection_count,100.0,0.0,1.0,20260801,1.0.0,not_used,community labels are structural network results; they are not official factions and do not replace original-setting faction metadata
JP19,music,music,オカルトアラカルト,灵异任你选,オカルトアラカルト,C-5217d0e5f07059ed,154,1,CC-5217d0e5f07059ed,1,0.0,0,0.0005020920502105469,0.0,0,0.0,louvain,intersection_count,100.0,0.0,1.0,20260801,1.0.0,not_used,community labels are structural network results; they are not official factions and do not replace original-setting faction metadata
JP19,music,music,オルフェの詩pseudoclassic,俄耳甫斯的诗 ～ Pseudoclassic,オルフェの詩　～ Pseudoclassic,C-836b50296882d5d2,155,1,CC-836b50296882d5d2,1,0.0,0,0.0005020920502105469,0.0,0,0.0,louvain,intersection_count,100.0,0.0,1.0,20260801,1.0.0,not_used,community labels are structural network results; they are not official factions and do not replace original-setting faction metadata
JP19,music,music,オルレアンの聖騎士,奥尔良的圣骑士,オルレアンの聖騎士,C-f3a55bd06efe924b,156,1,CC-f3a55bd06efe924b,1,0.0,0,0.0005020920502105469,0.0,0,0.0,louvain,intersection_count,100.0,0.0,1.0,20260801,1.0.0,not_used,community labels are structural network results; they are not official factions and do not replace original-setting faction metadata
JP19,music,music,カナベラルの夢幻少女,卡纳维拉尔角的梦幻少女,カナベラルの夢幻少女,C-445825e8c413c830,157,1,CC-445825e8c413c830,1,0.0,0,0.0005020920502105469,0.0,0,0.0,louvain,intersection_count,100.0,0.0,1.0,20260801,1.0.0,not_used,community labels are structural network results; they are not official factions and do not replace original-setting faction metadata
JP19,music,music,キャプテンムラサ,Captain Murasa,キャプテン・ムラサ,C-5c799e80c01359db,158,1,CC-5c799e80c01359db,1,0.0,0,0.0005020920502105469,0.0,0,0.0,louvain,intersection_count,100.0,0.0,1.0,20260801,1.0.0,not_used,community labels are structural network results; they are not official factions and do not replace original-setting faction metadata
JP19,music,music,キュアリアス上海古牌,珍奇的上海古牌,キュアリアス上海古牌,C-14dbbbae8c34ab3b,159,1,CC-14dbbbae8c34ab3b,1,0.0,0,0.0005020920502105469,0.0,0,0.0,louvain,intersection_count,100.0,0.0,1.0,20260801,1.0.0,not_used,community labels are structural network results; they are not official factions and do not replace original-setting faction metadata
JP19,music,music,クリスタライズシルバー,Crystallize Silver,クリスタライズシルバー,C-ae49c41e3669216f,160,1,CC-ae49c41e3669216f,1,0.0,0,0.0005020920502105469,0.0,0,0.0,louvain,intersection_count,100.0,0.0,1.0,20260801,1.0.0,not_used,community labels are structural network results; they are not official factions and do not replace original-setting faction metadata
JP19,music,music,ゲームオーバー,Game Over,ゲームオーバー,C-b36e57bfa73610cd,161,1,CC-b36e57bfa73610cd,1,0.0,0,0.0005020920502105469,0.0,0,0.0,louvain,intersection_count,100.0,0.0,1.0,20260801,1.0.0,not_used,community labels are structural network results; they are not official factions and do not replace original-setting faction metadata
JP19,music,music,コレクターの憂鬱な午後,收藏家的忧郁午后,コレクターの憂鬱な午後,C-d40920e64441bb47,162,1,CC-d40920e64441bb47,1,0.0,0,0.0005020920502105469,0.0,0,0.0,louvain,intersection_count,100.0,0.0,1.0,20260801,1.0.0,not_used,community labels are structural network results; they are not official factions and do not replace original-setting faction metadata
JP19,music,music,ゴーストリード,Ghost Lead,ゴーストリード,C-2e7992be345ca3ba,163,1,CC-2e7992be345ca3ba,1,0.0,0,0.0005020920502105469,0.0,0,0.0,louvain,intersection_count,100.0,0.0,1.0,20260801,1.0.0,not_used,community labels are structural network results; they are not official factions and do not replace original-setting faction metadata
JP19,music,music,サニーミルクの紅霧異変,桑尼米尔克的红雾异变,サニーミルクの紅霧異変,C-520b1baaf5bfd737,164,1,CC-520b1baaf5bfd737,1,0.0,0,0.0005020920502105469,0.0,0,0.0,louvain,intersection_count,100.0,0.0,1.0,20260801,1.0.0,not_used,community labels are structural network results; they are not official factions and do not replace original-setting faction metadata
JP19,music,music,サニールチルフレクション,Sunny Rutile Flection,サニールチルフレクション,C-260e9f75ce452d2f,165,1,CC-260e9f75ce452d2f,1,0.0,0,0.0005020920502105469,0.0,0,0.0,louvain,intersection_count,100.0,0.0,1.0,20260801,1.0.0,not_used,community labels are structural network results; they are not official factions and do not replace original-setting faction metadata
JP19,music,music,サーカスレヴァリエ機械サーカス,Circus Reverie（机械马戏团）,サーカスレヴァリエ（機械サーカス）,C-10f5cbb4708b102c,166,1,CC-10f5cbb4708b102c,1,0.0,0,0.0005020920502105469,0.0,0,0.0,louvain,intersection_count,100.0,0.0,1.0,20260801,1.0.0,not_used,community labels are structural network results; they are not official factions and do not replace original-setting faction metadata
JP19,music,music,シュレディンガーの化猫,薛定谔的怪猫,シュレディンガーの化猫,C-baf7b8b86c0091fd,167,1,CC-baf7b8b86c0091fd,1,0.0,0,0.0005020920502105469,0.0,0,0.0,louvain,intersection_count,100.0,0.0,1.0,20260801,1.0.0,not_used,community labels are structural network results; they are not official factions and do not replace original-setting faction metadata
JP19,music,music,シルクロードアリス,Silk Road Alice,シルクロードアリス,C-bbcdb42b08454e5f,168,1,CC-bbcdb42b08454e5f,1,0.0,0,0.0005020920502105469,0.0,0,0.0,louvain,intersection_count,100.0,0.0,1.0,20260801,1.0.0,not_used,community labels are structural network results; they are not official factions and do not replace original-setting faction metadata
JP19,music,music,ジェリーストーン,Jelly Stone,ジェリーストーン,C-ee2923b7df357871,169,1,CC-ee2923b7df357871,1,0.0,0,0.0005020920502105469,0.0,0,0.0,louvain,intersection_count,100.0,0.0,1.0,20260801,1.0.0,not_used,community labels are structural network results; they are not official factions and do not replace original-setting faction metadata
JP19,music,music,ジャパニーズサーガ,Japanese Saga,ジャパニーズサーガ,C-6f0a2fb0453945c9,170,1,CC-6f0a2fb0453945c9,1,0.0,0,0.0005020920502105469,0.0,0,0.0,louvain,intersection_count,100.0,0.0,1.0,20260801,1.0.0,not_used,community labels are structural network results; they are not official factions and do not replace original-setting faction metadata
JP19,music,music,スカイルーイン,Sky Ruin,スカイルーイン,C-f7cb4d0c094d17ee,171,1,CC-f7cb4d0c094d17ee,1,0.0,0,0.0005020920502105469,0.0,0,0.0,louvain,intersection_count,100.0,0.0,1.0,20260801,1.0.0,not_used,community labels are structural network results; they are not official factions and do not replace original-setting faction metadata
JP19,music,music,スターボウドリーム,Starbow Dream,スターボウドリーム,C-621f887dd2504eb0,172,1,CC-621f887dd2504eb0,1,0.0,0,0.0005020920502105469,0.0,0,0.0,louvain,intersection_count,100.0,0.0,1.0,20260801,1.0.0,not_used,community labels are structural network results; they are not official factions and do not replace original-setting faction metadata
JP19,music,music,スターヴォヤージュ2008,Star Voyage2008,スターヴォヤージュ2008,C-e511f72938f53a92,173,1,CC-e511f72938f53a92,1,0.0,0,0.0005020920502105469,0.0,0,0.0,louvain,intersection_count,100.0,0.0,1.0,20260801,1.0.0,not_used,community labels are structural network results; they are not official factions and do not replace original-setting faction metadata
JP19,music,music,スプートニク幻夜,斯普特尼克幻夜,スプートニク幻夜,C-48f47ec3e51cd1c3,174,1,CC-48f47ec3e51cd1c3,1,0.0,0,0.0005020920502105469,0.0,0,0.0,louvain,intersection_count,100.0,0.0,1.0,20260801,1.0.0,not_used,community labels are structural network results; they are not official factions and do not replace original-setting faction metadata
JP19,music,music,スモーキングドラゴン,Smoking Dragon,スモーキングドラゴン,C-fc3f990ec042afd5,175,1,CC-fc3f990ec042afd5,1,0.0,0,0.0005020920502105469,0.0,0,0.0,louvain,intersection_count,100.0,0.0,1.0,20260801,1.0.0,not_used,community labels are structural network results; they are not official factions and do not replace original-setting faction metadata
JP19,music,music,スリープシープパレード,Sleep Sheep·Parade,スリープシープ・パレード,C-eed4626f682f8428,176,1,CC-eed4626f682f8428,1,0.0,0,0.0005020920502105469,0.0,0,0.0,louvain,intersection_count,100.0,0.0,1.0,20260801,1.0.0,not_used,community labels are structural network results; they are not official factions and do not replace original-setting faction metadata
JP19,music,music,セラフィックチキン,Seraphic Chicken,セラフィックチキン,C-2920e9ecb12106c2,177,1,CC-2920e9ecb12106c2,1,0.0,0,0.0005020920502105469,0.0,0,0.0,louvain,intersection_count,100.0,0.0,1.0,20260801,1.0.0,not_used,community labels are structural network results; they are not official factions and do not replace original-setting faction metadata
JP19,music,music,タイトルドメイド,Titled Maid,タイトルドメイド,C-4b99d5fe65218a47,178,1,CC-4b99d5fe65218a47,1,0.0,0,0.0005020920502105469,0.0,0,0.0,louvain,intersection_count,100.0,0.0,1.0,20260801,1.0.0,not_used,community labels are structural network results; they are not official factions and do not replace original-setting faction metadata
JP19,music,music,ティアオイエツォンwitheredleaf,凋叶棕（withered leaf）,ティアオイエツォン(withered leaf),C-43233857c2fc2b6d,179,1,CC-43233857c2fc2b6d,1,0.0,0,0.0005020920502105469,0.0,0,0.0,louvain,intersection_count,100.0,0.0,1.0,20260801,1.0.0,not_used,community labels are structural network results; they are not official factions and do not replace original-setting faction metadata
JP19,music,music,テーマオブイースタンストーリー,Theme of Eastern Story,テーマ・オブ・イースタンストーリー,C-e6966279a5e597fb,180,1,CC-e6966279a5e597fb,1,0.0,0,0.0005020920502105469,0.0,0,0.0,louvain,intersection_count,100.0,0.0,1.0,20260801,1.0.0,not_used,community labels are structural network results; they are not official factions and do not replace original-setting faction metadata
JP19,music,music,ディザストラスジェミニ,Disastrous Gemini,ディザストラスジェミニ,C-df397b1ce8a4144f,181,1,CC-df397b1ce8a4144f,1,0.0,0,0.0005020920502105469,0.0,0,0.0,louvain,intersection_count,100.0,0.0,1.0,20260801,1.0.0,not_used,community labels are structural network results; they are not official factions and do not replace original-setting faction metadata
JP19,music,music,デザイアドリーム,Desire Dream,デザイアドリーム,C-2d05af73dee437df,182,1,CC-2d05af73dee437df,1,0.0,0,0.0005020920502105469,0.0,0,0.0,louvain,intersection_count,100.0,0.0,1.0,20260801,1.0.0,not_used,community labels are structural network results; they are not official factions and do not replace original-setting faction metadata
JP19,music,music,トロヤ群の密林,特洛伊群的密林,トロヤ群の密林,C-1eba4d70a05ceda0,183,1,CC-1eba4d70a05ceda0,1,0.0,0,0.0005020920502105469,0.0,0,0.0,louvain,intersection_count,100.0,0.0,1.0,20260801,1.0.0,not_used,community labels are structural network results; they are not official factions and do not replace original-setting faction metadata
JP19,music,music,ナイトメアダイアリー,Nightmare Diary,ナイトメアダイアリー,C-4ba8689c9a2c9d61,184,1,CC-4ba8689c9a2c9d61,1,0.0,0,0.0005020920502105469,0.0,0,0.0,louvain,intersection_count,100.0,0.0,1.0,20260801,1.0.0,not_used,community labels are structural network results; they are not official factions and do not replace original-setting faction metadata
JP19,music,music,ニュースハウンド,Newshound,ニュースハウンド,C-d6a79a6a8e73b6e3,185,1,CC-d6a79a6a8e73b6e3,1,0.0,0,0.0005020920502105469,0.0,0,0.0,louvain,intersection_count,100.0,0.0,1.0,20260801,1.0.0,not_used,community labels are structural network results; they are not official factions and do not replace original-setting faction metadata
JP19,music,music,ネメシスの要塞,复仇女神的要塞,ネメシスの要塞,C-76000553b55a76c5,186,1,CC-76000553b55a76c5,1,0.0,0,0.0005020920502105469,0.0,0,0.0,louvain,intersection_count,100.0,0.0,1.0,20260801,1.0.0,not_used,community labels are structural network results; they are not official factions and do not replace original-setting faction metadata
JP19,music,music,ハーセルヴズ,Herselves,ハーセルヴズ,C-ff7c309e7abea3c1,187,1,CC-ff7c309e7abea3c1,1,0.0,0,0.0005020920502105469,0.0,0,0.0,louvain,intersection_count,100.0,0.0,1.0,20260801,1.0.0,not_used,community labels are structural network results; they are not official factions and do not replace original-setting faction metadata
JP19,music,music,ハートフェルトファンシー,Heartfelt Fancy,ハートフェルトファンシー,C-d167b42a0ce2577e,188,1,CC-d167b42a0ce2577e,1,0.0,0,0.0005020920502105469,0.0,0,0.0,louvain,intersection_count,100.0,0.0,1.0,20260801,1.0.0,not_used,community labels are structural network results; they are not official factions and do not replace original-setting faction metadata
JP19,music,music,バンデットリィテクノロジー,Banditry Technology,バンデットリィテクノロジー,C-452ff8a85b105280,189,1,CC-452ff8a85b105280,1,0.0,0,0.0005020920502105469,0.0,0,0.0,louvain,intersection_count,100.0,0.0,1.0,20260801,1.0.0,not_used,community labels are structural network results; they are not official factions and do not replace original-setting faction metadata
JP19,music,music,バーオールドアダム,Bar·Old Adam,バー・オールドアダム,C-f0a7f49c1f484029,190,1,CC-f0a7f49c1f484029,1,0.0,0,0.0005020920502105469,0.0,0,0.0,louvain,intersection_count,100.0,0.0,1.0,20260801,1.0.0,not_used,community labels are structural network results; they are not official factions and do not replace original-setting faction metadata
JP19,music,music,フェアリー冒険譚,妖精冒险谭,フェアリー冒険譚,C-c4215d9d739b638d,191,1,CC-c4215d9d739b638d,1,0.0,0,0.0005020920502105469,0.0,0,0.0,louvain,intersection_count,100.0,0.0,1.0,20260801,1.0.0,not_used,community labels are structural network results; they are not official factions and do not replace original-setting faction metadata
JP19,music,music,フォルスストロベリー,False Strawberry,フォルスストロベリー,C-48fde8d2fec6493f,192,1,CC-48fde8d2fec6493f,1,0.0,0,0.0005020920502105469,0.0,0,0.0,louvain,intersection_count,100.0,0.0,1.0,20260801,1.0.0,not_used,community labels are structural network results; they are not official factions and do not replace original-setting faction metadata
JP19,music,music,プラスチックマインド,Plastic Mind,プラスチックマインド,C-33dbac71a8f2576a,193,1,CC-33dbac71a8f2576a,1,0.0,0,0.0005020920502105469,0.0,0,0.0,louvain,intersection_count,100.0,0.0,1.0,20260801,1.0.0,not_used,community labels are structural network results; they are not official factions and do not replace original-setting faction metadata
JP19,music,music,プリムローズシヴァ,Primrose Shiver,プリムローズシヴァ,C-faf8c505301de94f,194,1,CC-faf8c505301de94f,1,0.0,0,0.0005020920502105469,0.0,0,0.0,louvain,intersection_count,100.0,0.0,1.0,20260801,1.0.0,not_used,community labels are structural network results; they are not official factions and do not replace original-setting faction metadata
JP19,music,music,プレイヤーズスコア,Player's Score,プレイヤーズスコア,C-9cce67a04e1106f1,195,1,CC-9cce67a04e1106f1,1,0.0,0,0.0005020920502105469,0.0,0,0.0,louvain,intersection_count,100.0,0.0,1.0,20260801,1.0.0,not_used,community labels are structural network results; they are not official factions and do not replace original-setting faction metadata
JP19,music,music,ボールのある日常,有珠子的日常,ボールのある日常,C-901db91fea59e1c6,196,1,CC-901db91fea59e1c6,1,0.0,0,0.0005020920502105469,0.0,0,0.0,louvain,intersection_count,100.0,0.0,1.0,20260801,1.0.0,not_used,community labels are structural network results; they are not official factions and do not replace original-setting faction metadata
JP19,music,music,ポイズンボディforsakendoll,剧毒身体 ～ Forsaken Doll,ポイズンボディ　～ Forsaken Doll,C-6e113e2f952662cd,197,1,CC-6e113e2f952662cd,1,0.0,0,0.0005020920502105469,0.0,0,0.0,louvain,intersection_count,100.0,0.0,1.0,20260801,1.0.0,not_used,community labels are structural network results; they are not official factions and do not replace original-setting faction metadata
JP19,music,music,マジカルストーム,Magical Storm,マジカルストーム,C-ab4e3ba08e9bcc1f,198,1,CC-ab4e3ba08e9bcc1f,1,0.0,0,0.0005020920502105469,0.0,0,0.0,louvain,intersection_count,100.0,0.0,1.0,20260801,1.0.0,not_used,community labels are structural network results; they are not official factions and do not replace original-setting faction metadata
JP19,music,music,マッシュルームワルツ,Mushroom·Waltz,マッシュルーム・ワルツ,C-88a902f22960436f,199,1,CC-88a902f22960436f,1,0.0,0,0.0005020920502105469,0.0,0,0.0,louvain,intersection_count,100.0,0.0,1.0,20260801,1.0.0,not_used,community labels are structural network results; they are not official factions and do not replace original-setting faction metadata
JP19,music,music,ミストレイク,Mist Lake,ミストレイク,C-526eaa480d3805ea,200,1,CC-526eaa480d3805ea,1,0.0,0,0.0005020920502105469,0.0,0,0.0,louvain,intersection_count,100.0,0.0,1.0,20260801,1.0.0,not_used,community labels are structural network results; they are not official factions and do not replace original-setting faction metadata
JP19,music,music,ミッドナイトスペルカード,Midnight Spell Card,ミッドナイトスペルカード,C-a7da79d0aba86ef7,201,1,CC-a7da79d0aba86ef7,1,0.0,0,0.0005020920502105469,0.0,0,0.0,louvain,intersection_count,100.0,0.0,1.0,20260801,1.0.0,not_used,community labels are structural network results; they are not official factions and do not replace original-setting faction metadata
JP19,music,music,メイド幻想icemilkmagic,女仆幻想 ～ Icemilk Magic,メイド幻想　～ Icemilk Magic,C-38ac4ddda91c628a,202,1,CC-38ac4ddda91c628a,1,0.0,0,0.0005020920502105469,0.0,0,0.0,louvain,intersection_count,100.0,0.0,1.0,20260801,1.0.0,not_used,community labels are structural network results; they are not official factions and do not replace original-setting faction metadata
JP19,music,music,メイプルワイズ,Maple Wise,メイプルワイズ,C-1b7d435bbd1d43f2,203,1,CC-1b7d435bbd1d43f2,1,0.0,0,0.0005020920502105469,0.0,0,0.0,louvain,intersection_count,100.0,0.0,1.0,20260801,1.0.0,not_used,community labels are structural network results; they are not official factions and do not replace original-setting faction metadata
JP19,music,music,リジッドパラダイス,Rigid Paradise,リジッドパラダイス,C-688d4c1d808ff717,204,1,CC-688d4c1d808ff717,1,0.0,0,0.0005020920502105469,0.0,0,0.0,louvain,intersection_count,100.0,0.0,1.0,20260801,1.0.0,not_used,community labels are structural network results; they are not official factions and do not replace original-setting faction metadata
JP19,music,music,ルナティックドリーマー,Lunatic Dreamer,ルナティックドリーマー,C-829296b6b1714a98,205,1,CC-829296b6b1714a98,1,0.0,0,0.0005020920502105469,0.0,0,0.0,louvain,intersection_count,100.0,0.0,1.0,20260801,1.0.0,not_used,community labels are structural network results; they are not official factions and do not replace original-setting faction metadata
JP19,music,music,ルナレインボー,Lunar Rainbow,ルナレインボー,C-51bb983ee496d598,206,1,CC-51bb983ee496d598,1,0.0,0,0.0005020920502105469,0.0,0,0.0,louvain,intersection_count,100.0,0.0,1.0,20260801,1.0.0,not_used,community labels are structural network results; they are not official factions and do not replace original-setting faction metadata
JP19,music,music,ルーシッドドリーマー,Lucid Dreamer,ルーシッドドリーマー,C-608409248f8dc672,207,1,CC-608409248f8dc672,1,0.0,0,0.0005020920502105469,0.0,0,0.0,louvain,intersection_count,100.0,0.0,1.0,20260801,1.0.0,not_used,community labels are structural network results; they are not official factions and do not replace original-setting faction metadata
JP19,music,music,ルーズレイン,Loose Rain,ルーズレイン,C-44c1d2245b3bdb89,208,1,CC-44c1d2245b3bdb89,1,0.0,0,0.0005020920502105469,0.0,0,0.0,louvain,intersection_count,100.0,0.0,1.0,20260801,1.0.0,not_used,community labels are structural network results; they are not official factions and do not replace original-setting faction metadata
JP19,music,music,ロストリバー,Lost River,ロストリバー,C-42db855bba2e16a3,209,1,CC-42db855bba2e16a3,1,0.0,0,0.0005020920502105469,0.0,0,0.0,louvain,intersection_count,100.0,0.0,1.0,20260801,1.0.0,not_used,community labels are structural network results; they are not official factions and do not replace original-setting faction metadata
JP19,music,music,ロマンチック逃飛行,浪漫逃飞行,ロマンチック逃飛行,C-9ab488c6940895cf,210,1,CC-9ab488c6940895cf,1,0.0,0,0.0005020920502105469,0.0,0,0.0,louvain,intersection_count,100.0,0.0,1.0,20260801,1.0.0,not_used,community labels are structural network results; they are not official factions and do not replace original-setting faction metadata
JP19,music,music,ワクワクする見慣れた幻想郷,令人心跳的司空见惯幻想乡,ワクワクする見慣れた幻想郷,C-1c25aa281f4b33bc,211,1,CC-1c25aa281f4b33bc,1,0.0,0,0.0005020920502105469,0.0,0,0.0,louvain,intersection_count,100.0,0.0,1.0,20260801,1.0.0,not_used,community labels are structural network results; they are not official factions and do not replace original-setting faction metadata
JP19,music,music,一対の神獣,一对的神兽,一対の神獣,C-abf89463cae213b8,212,1,CC-abf89463cae213b8,1,0.0,0,0.0005020920502105469,0.0,0,0.0,louvain,intersection_count,100.0,0.0,1.0,20260801,1.0.0,not_used,community labels are structural network results; they are not official factions and do not replace original-setting faction metadata
JP19,music,music,七ツ石の狼雲を取りに駆ける,七石之狼、登天吞云,七ツ石の狼、雲を取りに駆ける,C-dc3c921859fc58a5,213,1,CC-dc3c921859fc58a5,1,0.0,0,0.0005020920502105469,0.0,0,0.0,louvain,intersection_count,100.0,0.0,1.0,20260801,1.0.0,not_used,community labels are structural network results; they are not official factions and do not replace original-setting faction metadata
JP19,music,music,七玉搜集大摊牌,七玉搜集大摊牌,七玉蒐集ショウダウン,C-a74e63327f388158,214,1,CC-a74e63327f388158,1,0.0,0,0.0005020920502105469,0.0,0,0.0,louvain,intersection_count,100.0,0.0,1.0,20260801,1.0.0,not_used,community labels are structural network results; they are not official factions and do not replace original-setting faction metadata
JP19,music,music,七玉蒐集ショウダウン,七玉搜集大摊牌,七玉蒐集ショウダウン,C-809cab52530fffc6,215,1,CC-809cab52530fffc6,1,0.0,0,0.0005020920502105469,0.0,0,0.0,louvain,intersection_count,100.0,0.0,1.0,20260801,1.0.0,not_used,community labels are structural network results; they are not official factions and do not replace original-setting faction metadata
JP19,music,music,七石之狼登天吞云,七石之狼、登天吞云,七ツ石の狼、雲を取りに駆ける,C-a16b7882844242e4,216,1,CC-a16b7882844242e4,1,0.0,0,0.0005020920502105469,0.0,0,0.0,louvain,intersection_count,100.0,0.0,1.0,20260801,1.0.0,not_used,community labels are structural network results; they are not official factions and do not replace original-setting faction metadata
JP19,music,music,上海红茶馆,上海红茶馆 ～ Chinese Tea,上海紅茶館　～ Chinese Tea,C-bf9d17d22e227a9a,217,1,CC-bf9d17d22e227a9a,1,0.0,0,0.0005020920502105469,0.0,0,0.0,louvain,intersection_count,100.0,0.0,1.0,20260801,1.0.0,not_used,community labels are structural network results; they are not official factions and do not replace original-setting faction metadata
JP19,music,music,不可不禁止的游戏,不可不禁止的游戏,禁じざるをえない遊戯,C-97d45a3c2ea047e0,218,1,CC-97d45a3c2ea047e0,1,0.0,0,0.0005020920502105469,0.0,0,0.0,louvain,intersection_count,100.0,0.0,1.0,20260801,1.0.0,not_used,community labels are structural network results; they are not official factions and do not replace original-setting faction metadata
JP19,music,music,不可思议之国的爱丽丝,不可思议之国的爱丽丝,不思議の国のアリス,C-483c712f3e719b49,219,1,CC-483c712f3e719b49,1,0.0,0,0.0005020920502105469,0.0,0,0.0,louvain,intersection_count,100.0,0.0,1.0,20260801,1.0.0,not_used,community labels are structural network results; they are not official factions and do not replace original-setting faction metadata
JP19,music,music,不可思议的驱魔棒,不可思议的驱魔棒,不思議なお祓い棒,C-64acd8f2eb713fa5,220,1,CC-64acd8f2eb713fa5,1,0.0,0,0.0005020920502105469,0.0,0,0.0,louvain,intersection_count,100.0,0.0,1.0,20260801,1.0.0,not_used,community labels are structural network results; they are not official factions and do not replace original-setting faction metadata
JP19,music,music,不可能弾幕には反則を,以犯规对不可能的弹幕,不可能弾幕には反則を,C-c7292765fdd6c100,221,1,CC-c7292765fdd6c100,1,0.0,0,0.0005020920502105469,0.0,0,0.0,louvain,intersection_count,100.0,0.0,1.0,20260801,1.0.0,not_used,community labels are structural network results; they are not official factions and do not replace original-setting faction metadata
JP19,music,music,不回首的黄泉路,不回首的黄泉路,振り向かない黄泉の道,C-74f94909af869e68,222,1,CC-74f94909af869e68,1,0.0,0,0.0005020920502105469,0.0,0,0.0,louvain,intersection_count,100.0,0.0,1.0,20260801,1.0.0,not_used,community labels are structural network results; they are not official factions and do not replace original-setting faction metadata
JP19,music,music,不思議な不思議な道具達,非常非常神奇的道具们,不思議な不思議な道具達,C-aece30ec69a8c6f0,223,1,CC-aece30ec69a8c6f0,1,0.0,0,0.0005020920502105469,0.0,0,0.0,louvain,intersection_count,100.0,0.0,1.0,20260801,1.0.0,not_used,community labels are structural network results; they are not official factions and do not replace original-setting faction metadata
JP19,music,music,不朽の曼珠沙華,不朽的曼珠沙华,不朽の曼珠沙華,C-66a2cc507d084a74,224,1,CC-66a2cc507d084a74,1,0.0,0,0.0005020920502105469,0.0,0,0.0,louvain,intersection_count,100.0,0.0,1.0,20260801,1.0.0,not_used,community labels are structural network results; they are not official factions and do not replace original-setting faction metadata
JP19,music,music,不朽的曼珠沙华,不朽的曼珠沙华,不朽の曼珠沙華,C-018952ac51880694,225,1,CC-018952ac51880694,1,0.0,0,0.0005020920502105469,0.0,0,0.0,louvain,intersection_count,100.0,0.0,1.0,20260801,1.0.0,not_used,community labels are structural network results; they are not official factions and do not replace original-setting faction metadata
JP19,music,music,不滅のレッドソウル,不灭的赤魂,不滅のレッドソウル,C-a89a7c957d50478d,226,1,CC-a89a7c957d50478d,1,0.0,0,0.0005020920502105469,0.0,0,0.0,louvain,intersection_count,100.0,0.0,1.0,20260801,1.0.0,not_used,community labels are structural network results; they are not official factions and do not replace original-setting faction metadata
JP19,music,music,不灭的赤魂,不灭的赤魂,不滅のレッドソウル,C-7cb1ec9eeef31ede,227,1,CC-7cb1ec9eeef31ede,1,0.0,0,0.0005020920502105469,0.0,0,0.0,louvain,intersection_count,100.0,0.0,1.0,20260801,1.0.0,not_used,community labels are structural network results; they are not official factions and do not replace original-setting faction metadata
JP19,music,music,不自然な自然,不自然的自然,不自然な自然,C-90077ae029a07aa9,228,1,CC-90077ae029a07aa9,1,0.0,0,0.0005020920502105469,0.0,0,0.0,louvain,intersection_count,100.0,0.0,1.0,20260801,1.0.0,not_used,community labels are structural network results; they are not official factions and do not replace original-setting faction metadata
JP19,music,music,不自然的自然,不自然的自然,不自然な自然,C-d3f7df1e803a132c,229,1,CC-d3f7df1e803a132c,1,0.0,0,0.0005020920502105469,0.0,0,0.0,louvain,intersection_count,100.0,0.0,1.0,20260801,1.0.0,not_used,community labels are structural network results; they are not official factions and do not replace original-setting faction metadata
JP19,music,music,丑三つ時の里,丑时三刻的村庄,丑三つ時の里,C-74113630bd3bf79c,230,1,CC-74113630bd3bf79c,1,0.0,0,0.0005020920502105469,0.0,0,0.0,louvain,intersection_count,100.0,0.0,1.0,20260801,1.0.0,not_used,community labels are structural network results; they are not official factions and do not replace original-setting faction metadata
JP19,music,music,丑时三刻的村庄,丑时三刻的村庄,丑三つ時の里,C-3f0444b74c344c21,231,1,CC-3f0444b74c344c21,1,0.0,0,0.0005020920502105469,0.0,0,0.0,louvain,intersection_count,100.0,0.0,1.0,20260801,1.0.0,not_used,community labels are structural network results; they are not official factions and do not replace original-setting faction metadata
JP19,music,music,世界の果てworldsend,世界的尽头 ～ World's End,世界の果て　～ World's End,C-964023d64f245712,232,1,CC-964023d64f245712,1,0.0,0,0.0005020920502105469,0.0,0,0.0,louvain,intersection_count,100.0,0.0,1.0,20260801,1.0.0,not_used,community labels are structural network results; they are not official factions and do not replace original-setting faction metadata
JP19,music,music,世界的尽头worldsend,世界的尽头 ～ World's End,世界の果て　～ World's End,C-bc2c6ca56a1863b3,233,1,CC-bc2c6ca56a1863b3,1,0.0,0,0.0005020920502105469,0.0,0,0.0,louvain,intersection_count,100.0,0.0,1.0,20260801,1.0.0,not_used,community labels are structural network results; they are not official factions and do not replace original-setting faction metadata
JP19,music,music,世间万物皆可爱,世间万物皆可爱,世界は可愛く出来ている,C-9b75e1da6aad9b60,234,1,CC-9b75e1da6aad9b60,1,0.0,0,0.0005020920502105469,0.0,0,0.0,louvain,intersection_count,100.0,0.0,1.0,20260801,1.0.0,not_used,community labels are structural network results; they are not official factions and do not replace original-setting faction metadata
JP19,music,music,业火地幔,业火地幔,業火マントル,C-986714294b4e4166,235,1,CC-986714294b4e4166,1,0.0,0,0.0005020920502105469,0.0,0,0.0,louvain,intersection_count,100.0,0.0,1.0,20260801,1.0.0,not_used,community labels are structural network results; they are not official factions and do not replace original-setting faction metadata
JP19,music,music,东之国的不眠夜,东之国的不眠夜,東の国の眠らない夜,C-3140a11b4ae037c1,236,1,CC-3140a11b4ae037c1,1,0.0,0,0.0005020920502105469,0.0,0,0.0,louvain,intersection_count,100.0,0.0,1.0,20260801,1.0.0,not_used,community labels are structural network results; they are not official factions and do not replace original-setting faction metadata
JP19,music,music,东方刚欲异闻,东方刚欲异闻,東方剛欲異聞,C-8f54854ebf92ae9b,237,1,CC-8f54854ebf92ae9b,1,0.0,0,0.0005020920502105469,0.0,0,0.0,louvain,intersection_count,100.0,0.0,1.0,20260801,1.0.0,not_used,community labels are structural network results; they are not official factions and do not replace original-setting faction metadata
JP19,music,music,东方妖妖梦,东方妖妖梦 ～ Ancient Temple,東方妖々夢　～ Ancient Temple,C-5401f31727b3c10e,238,1,CC-5401f31727b3c10e,1,0.0,0,0.0005020920502105469,0.0,0,0.0,louvain,intersection_count,100.0,0.0,1.0,20260801,1.0.0,not_used,community labels are structural network results; they are not official factions and do not replace original-setting faction metadata
JP19,music,music,东方妖怪小町,东方妖怪小町,東方妖怪小町,C-fec6ccf39011d084,239,1,CC-fec6ccf39011d084,1,0.0,0,0.0005020920502105469,0.0,0,0.0,louvain,intersection_count,100.0,0.0,1.0,20260801,1.0.0,not_used,community labels are structural network results; they are not official factions and do not replace original-setting faction metadata
JP19,music,music,东方妖恋谈,东方妖恋谈,東方妖恋談,C-1a33de3c57f1436c,240,1,CC-1a33de3c57f1436c,1,0.0,0,0.0005020920502105469,0.0,0,0.0,louvain,intersection_count,100.0,0.0,1.0,20260801,1.0.0,not_used,community labels are structural network results; they are not official factions and do not replace original-setting faction metadata
JP19,music,music,东方封魔录净土曼荼罗,东方封魔录 ～ 净土曼荼罗,東方封魔録　～ 浄土曼荼羅,C-b62b6d33db33381e,241,1,CC-b62b6d33db33381e,1,0.0,0,0.0005020920502105469,0.0,0,0.0,louvain,intersection_count,100.0,0.0,1.0,20260801,1.0.0,not_used,community labels are structural network results; they are not official factions and do not replace original-setting faction metadata
JP19,music,music,东方封魔录幽幻乱舞,东方封魔录 ～ 幽幻乱舞,東方封魔録　～ 幽幻乱舞,C-6b880dc53570fb96,242,1,CC-6b880dc53570fb96,1,0.0,0,0.0005020920502105469,0.0,0,0.0,louvain,intersection_count,100.0,0.0,1.0,20260801,1.0.0,not_used,community labels are structural network results; they are not official factions and do not replace original-setting faction metadata
JP19,music,music,东方怪奇谈,东方怪奇谈,東方怪奇談,C-e00ad78de76ffe55,243,1,CC-e00ad78de76ffe55,1,0.0,0,0.0005020920502105469,0.0,0,0.0,louvain,intersection_count,100.0,0.0,1.0,20260801,1.0.0,not_used,community labels are structural network results; they are not official factions and do not replace original-setting faction metadata
JP19,music,music,东方的蓝色天空,东方的蓝色天空,東方の青い空,C-7f5e3ff8327c90b6,244,1,CC-7f5e3ff8327c90b6,1,0.0,0,0.0005020920502105469,0.0,0,0.0,louvain,intersection_count,100.0,0.0,1.0,20260801,1.0.0,not_used,community labels are structural network results; they are not official factions and do not replace original-setting faction metadata
JP19,music,music,东方绯想天,东方绯想天,東方緋想天,C-925c12a9f6c510ab,245,1,CC-925c12a9f6c510ab,1,0.0,0,0.0005020920502105469,0.0,0,0.0,louvain,intersection_count,100.0,0.0,1.0,20260801,1.0.0,not_used,community labels are structural network results; they are not official factions and do not replace original-setting faction metadata
JP19,music,music,东方萃梦想,东方萃梦想,東方萃夢想,C-459ffcb9727f0c4d,246,1,CC-459ffcb9727f0c4d,1,0.0,0,0.0005020920502105469,0.0,0,0.0,louvain,intersection_count,100.0,0.0,1.0,20260801,1.0.0,not_used,community labels are structural network results; they are not official factions and do not replace original-setting faction metadata
JP19,music,music,东风,东风,あゆのかぜ,C-aecd2453c65a6f14,247,1,CC-aecd2453c65a6f14,1,0.0,0,0.0005020920502105469,0.0,0,0.0,louvain,intersection_count,100.0,0.0,1.0,20260801,1.0.0,not_used,community labels are structural network results; they are not official factions and do not replace original-setting faction metadata
JP19,music,music,两个世界,两个世界,二つの世界,C-9609e50fa5cad929,248,1,CC-9609e50fa5cad929,1,0.0,0,0.0005020920502105469,0.0,0,0.0,louvain,intersection_count,100.0,0.0,1.0,20260801,1.0.0,not_used,community labels are structural network results; they are not official factions and do not replace original-setting faction metadata
JP19,music,music,久远之梦,久远之梦,久遠の夢,C-65636c5e49a3ce28,249,1,CC-65636c5e49a3ce28,1,0.0,0,0.0005020920502105469,0.0,0,0.0,louvain,intersection_count,100.0,0.0,1.0,20260801,1.0.0,not_used,community labels are structural network results; they are not official factions and do not replace original-setting faction metadata
JP19,music,music,久遠の夢,久远之梦,久遠の夢,C-54d361ae4d3e1e1e,250,1,CC-54d361ae4d3e1e1e,1,0.0,0,0.0005020920502105469,0.0,0,0.0,louvain,intersection_count,100.0,0.0,1.0,20260801,1.0.0,not_used,community labels are structural network results; they are not official factions and do not replace original-setting faction metadata
JP19,music,music,久遠の楽園,永远的乐园,久遠の楽園,C-c34ba75d02d0d432,251,1,CC-c34ba75d02d0d432,1,0.0,0,0.0005020920502105469,0.0,0,0.0,louvain,intersection_count,100.0,0.0,1.0,20260801,1.0.0,not_used,community labels are structural network results; they are not official factions and do not replace original-setting faction metadata
JP19,music,music,乙女戦士heartofvalkyrie,少女战士 ～ Heart of Valkyrie,乙女戦士　～ Heart of Valkyrie,C-756bad30d89e3a40,252,1,CC-756bad30d89e3a40,1,0.0,0,0.0005020920502105469,0.0,0,0.0,louvain,intersection_count,100.0,0.0,1.0,20260801,1.0.0,not_used,community labels are structural network results; they are not official factions and do not replace original-setting faction metadata
JP19,music,music,九月のパンプキン,九月的南瓜,九月のパンプキン,C-6c69ec53672b26ed,253,1,CC-6c69ec53672b26ed,1,0.0,0,0.0005020920502105469,0.0,0,0.0,louvain,intersection_count,100.0,0.0,1.0,20260801,1.0.0,not_used,community labels are structural network results; they are not official factions and do not replace original-setting faction metadata
JP19,music,music,九月的南瓜,九月的南瓜,九月のパンプキン,C-580243d23205754b,254,1,CC-580243d23205754b,1,0.0,0,0.0005020920502105469,0.0,0,0.0,louvain,intersection_count,100.0,0.0,1.0,20260801,1.0.0,not_used,community labels are structural network results; they are not official factions and do not replace original-setting faction metadata
JP19,music,music,二つの世界,两个世界,二つの世界,C-bddc2095cf47eefb,255,1,CC-bddc2095cf47eefb,1,0.0,0,0.0005020920502105469,0.0,0,0.0,louvain,intersection_count,100.0,0.0,1.0,20260801,1.0.0,not_used,community labels are structural network results; they are not official factions and do not replace original-setting faction metadata
JP19,music,music,二人不值一提的博物志,二人不值一提的博物志,他愛も無い二人の博物誌,C-ee1bf877d0af0fb0,256,1,CC-ee1bf877d0af0fb0,1,0.0,0,0.0005020920502105469,0.0,0,0.0,louvain,intersection_count,100.0,0.0,1.0,20260801,1.0.0,not_used,community labels are structural network results; they are not official factions and do not replace original-setting faction metadata
JP19,music,music,二日酔いの同床異夢,宿醉者的同床异梦,二日酔いの同床異夢,C-1f8be302ba4db3f5,257,1,CC-1f8be302ba4db3f5,1,0.0,0,0.0005020920502105469,0.0,0,0.0,louvain,intersection_count,100.0,0.0,1.0,20260801,1.0.0,not_used,community labels are structural network results; they are not official factions and do not replace original-setting faction metadata
JP19,music,music,二色莲花蝶,二色莲花蝶,二色蓮花蝶,C-beb9ec45e385876c,258,1,CC-beb9ec45e385876c,1,0.0,0,0.0005020920502105469,0.0,0,0.0,louvain,intersection_count,100.0,0.0,1.0,20260801,1.0.0,not_used,community labels are structural network results; they are not official factions and do not replace original-setting faction metadata
JP19,music,music,云外苍天,云外苍天,雲外蒼天,C-21ef8f22be013a2e,259,1,CC-21ef8f22be013a2e,1,0.0,0,0.0005020920502105469,0.0,0,0.0,louvain,intersection_count,100.0,0.0,1.0,20260801,1.0.0,not_used,community labels are structural network results; they are not official factions and do not replace original-setting faction metadata
JP19,music,music,亡失的情感,亡失的情感,亡失のエモーション,C-63e784a1628305f4,260,1,CC-63e784a1628305f4,1,0.0,0,0.0005020920502105469,0.0,0,0.0,louvain,intersection_count,100.0,0.0,1.0,20260801,1.0.0,not_used,community labels are structural network results; they are not official factions and do not replace original-setting faction metadata
JP19,music,music,人偶之森,人偶之森,人形の森,C-ec5ccf9359e088e4,261,1,CC-ec5ccf9359e088e4,1,0.0,0,0.0005020920502105469,0.0,0,0.0,louvain,intersection_count,100.0,0.0,1.0,20260801,1.0.0,not_used,community labels are structural network results; they are not official factions and do not replace original-setting faction metadata
JP19,music,music,人偶存在的风景,人偶存在的风景,人形のある風景,C-e49f4556e637c463,262,1,CC-e49f4556e637c463,1,0.0,0,0.0005020920502105469,0.0,0,0.0,louvain,intersection_count,100.0,0.0,1.0,20260801,1.0.0,not_used,community labels are structural network results; they are not official factions and do not replace original-setting faction metadata
JP19,music,music,人偶裁判,人偶裁判,人形裁判,C-caa14d6fb91dd62d,263,1,CC-caa14d6fb91dd62d,1,0.0,0,0.0005020920502105469,0.0,0,0.0,louvain,intersection_count,100.0,0.0,1.0,20260801,1.0.0,not_used,community labels are structural network results; they are not official factions and do not replace original-setting faction metadata
JP19,music,music,人形のある風景,人偶存在的风景,人形のある風景,C-88de6b0308246f7e,264,1,CC-88de6b0308246f7e,1,0.0,0,0.0005020920502105469,0.0,0,0.0,louvain,intersection_count,100.0,0.0,1.0,20260801,1.0.0,not_used,community labels are structural network results; they are not official factions and do not replace original-setting faction metadata
JP19,music,music,人形の森,人偶之森,人形の森,C-1db2a3af864b610a,265,1,CC-1db2a3af864b610a,1,0.0,0,0.0005020920502105469,0.0,0,0.0,louvain,intersection_count,100.0,0.0,1.0,20260801,1.0.0,not_used,community labels are structural network results; they are not official factions and do not replace original-setting faction metadata
JP19,music,music,人恋し神様romanticfall,眷爱众生之神 ～ Romantic Fall,人恋し神様　～ Romantic Fall,C-ed2e98b35b34f0bb,266,1,CC-ed2e98b35b34f0bb,1,0.0,0,0.0005020920502105469,0.0,0,0.0,louvain,intersection_count,100.0,0.0,1.0,20260801,1.0.0,not_used,community labels are structural network results; they are not official factions and do not replace original-setting faction metadata
JP19,music,music,人気のある場所,有人气的场所,人気のある場所,C-cdb673f8541da868,267,1,CC-cdb673f8541da868,1,0.0,0,0.0005020920502105469,0.0,0,0.0,louvain,intersection_count,100.0,0.0,1.0,20260801,1.0.0,not_used,community labels are structural network results; they are not official factions and do not replace original-setting faction metadata
JP19,music,music,人気のない場所,无人气的场所,人気のない場所,C-167737103202093a,268,1,CC-167737103202093a,1,0.0,0,0.0005020920502105469,0.0,0,0.0,louvain,intersection_count,100.0,0.0,1.0,20260801,1.0.0,not_used,community labels are structural network results; they are not official factions and do not replace original-setting faction metadata
JP19,music,music,今宵是飘逸的自我主义者,今宵是飘逸的自我主义者(Live ver) ～ Egoistic Flowers.,今宵は飄逸なエゴイスト(Live ver)　～ Egoistic Flowers.,C-7941075275618bca,269,1,CC-7941075275618bca,1,0.0,0,0.0005020920502105469,0.0,0,0.0,louvain,intersection_count,100.0,0.0,1.0,20260801,1.0.0,not_used,community labels are structural network results; they are not official factions and do not replace original-setting faction metadata
JP19,music,music,今昔幻想乡,今昔幻想乡 ～ Flower Land,今昔幻想郷　～ Flower Land,C-65a37a7d7b3cfa29,270,1,CC-65a37a7d7b3cfa29,1,0.0,0,0.0005020920502105469,0.0,0,0.0,louvain,intersection_count,100.0,0.0,1.0,20260801,1.0.0,not_used,community labels are structural network results; they are not official factions and do not replace original-setting faction metadata
JP19,music,music,从地下的归还,从地下的归还,地下からの帰還,C-18f22774896b81b7,271,1,CC-18f22774896b81b7,1,0.0,0,0.0005020920502105469,0.0,0,0.0,louvain,intersection_count,100.0,0.0,1.0,20260801,1.0.0,not_used,community labels are structural network results; they are not official factions and do not replace original-setting faction metadata
JP19,music,music,从神社所见之月,从神社所见之月,神社から見える月,C-153496ef8948f997,272,1,CC-153496ef8948f997,1,0.0,0,0.0005020920502105469,0.0,0,0.0,louvain,intersection_count,100.0,0.0,1.0,20260801,1.0.0,not_used,community labels are structural network results; they are not official factions and do not replace original-setting faction metadata
JP19,music,music,令人心跳的司空见惯幻想乡,令人心跳的司空见惯幻想乡,ワクワクする見慣れた幻想郷,C-57071cc5f98c0f6d,273,1,CC-57071cc5f98c0f6d,1,0.0,0,0.0005020920502105469,0.0,0,0.0,louvain,intersection_count,100.0,0.0,1.0,20260801,1.0.0,not_used,community labels are structural network results; they are not official factions and do not replace original-setting faction metadata
JP19,music,music,令人怀念的东方之血,令人怀念的东方之血 ～ Old World,懐かしき東方の血　～ Old World,C-5e7c652651465c2b,274,1,CC-5e7c652651465c2b,1,0.0,0,0.0005020920502105469,0.0,0,0.0,louvain,intersection_count,100.0,0.0,1.0,20260801,1.0.0,not_used,community labels are structural network results; they are not official factions and do not replace original-setting faction metadata
JP19,music,music,以死相赌,以死相赌,死を賭して,C-c18256dea9e76306,275,1,CC-c18256dea9e76306,1,0.0,0,0.0005020920502105469,0.0,0,0.0,louvain,intersection_count,100.0,0.0,1.0,20260801,1.0.0,not_used,community labels are structural network results; they are not official factions and do not replace original-setting faction metadata
JP19,music,music,以犯规对不可能的弹幕,以犯规对不可能的弹幕,不可能弾幕には反則を,C-4158aa3546c06999,276,1,CC-4158aa3546c06999,1,0.0,0,0.0005020920502105469,0.0,0,0.0,louvain,intersection_count,100.0,0.0,1.0,20260801,1.0.0,not_used,community labels are structural network results; they are not official factions and do not replace original-setting faction metadata
JP19,music,music,以魚駆蠅,以鱼驱蝇,以魚駆蠅,C-1726be1a7c0f3c03,277,1,CC-1726be1a7c0f3c03,1,0.0,0,0.0005020920502105469,0.0,0,0.0,louvain,intersection_count,100.0,0.0,1.0,20260801,1.0.0,not_used,community labels are structural network results; they are not official factions and do not replace original-setting faction metadata
JP19,music,music,以鱼驱蝇,以鱼驱蝇,以魚駆蠅,C-d683afe9c3fdc888,278,1,CC-d683afe9c3fdc888,1,0.0,0,0.0005020920502105469,0.0,0,0.0,louvain,intersection_count,100.0,0.0,1.0,20260801,1.0.0,not_used,community labels are structural network results; they are not official factions and do not replace original-setting faction metadata
JP19,music,music,仰空,仰空,仰空,C-7501900ff5f4c332,279,1,CC-7501900ff5f4c332,1,0.0,0,0.0005020920502105469,0.0,0,0.0,louvain,intersection_count,100.0,0.0,1.0,20260801,1.0.0,not_used,community labels are structural network results; they are not official factions and do not replace original-setting faction metadata
JP19,music,music,价值不明,价值不明,価値がわからない,C-928953bede496bf7,280,1,CC-928953bede496bf7,1,0.0,0,0.0005020920502105469,0.0,0,0.0,louvain,intersection_count,100.0,0.0,1.0,20260801,1.0.0,not_used,community labels are structural network results; they are not official factions and do not replace original-setting faction metadata
JP19,music,music,伊奘诺物质,伊奘诺物质,イザナギオブジェクト,C-8bdd0d49cd7d801d,281,1,CC-8bdd0d49cd7d801d,1,0.0,0,0.0005020920502105469,0.0,0,0.0,louvain,intersection_count,100.0,0.0,1.0,20260801,1.0.0,not_used,community labels are structural network results; they are not official factions and do not replace original-setting faction metadata
JP19,music,music,伏瓦鲁魔法图书馆,伏瓦鲁魔法图书馆,ヴワル魔法図書館,C-8f87ee30208648f1,282,1,CC-8f87ee30208648f1,1,0.0,0,0.0005020920502105469,0.0,0,0.0,louvain,intersection_count,100.0,0.0,1.0,20260801,1.0.0,not_used,community labels are structural network results; they are not official factions and do not replace original-setting faction metadata
JP19,music,music,众神眷恋的幻想乡,众神眷恋的幻想乡,神々が恋した幻想郷,C-162c77de9bed8301,283,1,CC-162c77de9bed8301,1,0.0,0,0.0005020920502105469,0.0,0,0.0,louvain,intersection_count,100.0,0.0,1.0,20260801,1.0.0,not_used,community labels are structural network results; they are not official factions and do not replace original-setting faction metadata
JP19,music,music,会受稻田姬的斥责啦,会受稻田姬的斥责啦,稲田姫様に叱られるから,C-678ead333570074b,284,1,CC-678ead333570074b,1,0.0,0,0.0005020920502105469,0.0,0,0.0,louvain,intersection_count,100.0,0.0,1.0,20260801,1.0.0,not_used,community labels are structural network results; they are not official factions and do not replace original-setting faction metadata
JP19,music,music,伝説の巨神,传说的巨神,伝説の巨神,C-d2d914624ccab630,285,1,CC-d2d914624ccab630,1,0.0,0,0.0005020920502105469,0.0,0,0.0,louvain,intersection_count,100.0,0.0,1.0,20260801,1.0.0,not_used,community labels are structural network results; they are not official factions and do not replace original-setting faction metadata
JP19,music,music,传说中的仙境,传说中的仙境,昔話わんだーらんど,C-817de127c848289e,286,1,CC-817de127c848289e,1,0.0,0,0.0005020920502105469,0.0,0,0.0,louvain,intersection_count,100.0,0.0,1.0,20260801,1.0.0,not_used,community labels are structural network results; they are not official factions and do not replace original-setting faction metadata
JP19,music,music,传说的巨神,传说的巨神,伝説の巨神,C-c9d27209c3dec8b0,287,1,CC-c9d27209c3dec8b0,1,0.0,0,0.0005020920502105469,0.0,0,0.0,louvain,intersection_count,100.0,0.0,1.0,20260801,1.0.0,not_used,community labels are structural network results; they are not official factions and do not replace original-setting faction metadata
JP19,music,music,佐渡の二ッ岩,佐渡的二岩,佐渡の二ッ岩,C-396de0afc395ebc0,288,1,CC-396de0afc395ebc0,1,0.0,0,0.0005020920502105469,0.0,0,0.0,louvain,intersection_count,100.0,0.0,1.0,20260801,1.0.0,not_used,community labels are structural network results; they are not official factions and do not replace original-setting faction metadata
JP19,music,music,佐渡的二岩,佐渡的二岩,佐渡の二ッ岩,C-196ba74ce02e7b35,289,1,CC-196ba74ce02e7b35,1,0.0,0,0.0005020920502105469,0.0,0,0.0,louvain,intersection_count,100.0,0.0,1.0,20260801,1.0.0,not_used,community labels are structural network results; they are not official factions and do not replace original-setting faction metadata
JP19,music,music,你所在之城的怪事,你所在之城的怪事,あなたの町の怪事件,C-e682e0b68481529a,290,1,CC-e682e0b68481529a,1,0.0,0,0.0005020920502105469,0.0,0,0.0,louvain,intersection_count,100.0,0.0,1.0,20260801,1.0.0,not_used,community labels are structural network results; they are not official factions and do not replace original-setting faction metadata
JP19,music,music,你见到了那个影子吗,你见到了那个影子吗,君はあの影を見たか,C-4759134e967334dc,291,1,CC-4759134e967334dc,1,0.0,0,0.0005020920502105469,0.0,0,0.0,louvain,intersection_count,100.0,0.0,1.0,20260801,1.0.0,not_used,community labels are structural network results; they are not official factions and do not replace original-setting faction metadata
JP19,music,music,使われなかった場所,没用上的场所,使われなかった場所,C-bd3796ad540b0d01,292,1,CC-bd3796ad540b0d01,1,0.0,0,0.0005020920502105469,0.0,0,0.0,louvain,intersection_count,100.0,0.0,1.0,20260801,1.0.0,not_used,community labels are structural network results; they are not official factions and do not replace original-setting faction metadata
JP19,music,music,価値がわからない,价值不明,価値がわからない,C-8ce20fb3f113f2c2,293,1,CC-8ce20fb3f113f2c2,1,0.0,0,0.0005020920502105469,0.0,0,0.0,louvain,intersection_count,100.0,0.0,1.0,20260801,1.0.0,not_used,community labels are structural network results; they are not official factions and do not replace original-setting faction metadata
JP19,music,music,俄耳甫斯的诗pseudoclassic,俄耳甫斯的诗 ～ Pseudoclassic,オルフェの詩　～ Pseudoclassic,C-e99b813665d73a43,294,1,CC-e99b813665d73a43,1,0.0,0,0.0005020920502105469,0.0,0,0.0,louvain,intersection_count,100.0,0.0,1.0,20260801,1.0.0,not_used,community labels are structural network results; they are not official factions and do not replace original-setting faction metadata
JP19,music,music,信仰是为了虚幻之人,信仰是为了虚幻之人,信仰は儚き人間の為に,C-f1580828e776da35,295,1,CC-f1580828e776da35,1,0.0,0,0.0005020920502105469,0.0,0,0.0,louvain,intersection_count,100.0,0.0,1.0,20260801,1.0.0,not_used,community labels are structural network results; they are not official factions and do not replace original-setting faction metadata
JP19,music,music,光輝く天球儀,光辉的天球仪,光輝く天球儀,C-98b9120254bb66cd,296,1,CC-98b9120254bb66cd,1,0.0,0,0.0005020920502105469,0.0,0,0.0,louvain,intersection_count,100.0,0.0,1.0,20260801,1.0.0,not_used,community labels are structural network results; they are not official factions and do not replace original-setting faction metadata
JP19,music,music,光辉的天球仪,光辉的天球仪,光輝く天球儀,C-66dafc3d65b8d0bc,297,1,CC-66dafc3d65b8d0bc,1,0.0,0,0.0005020920502105469,0.0,0,0.0,louvain,intersection_count,100.0,0.0,1.0,20260801,1.0.0,not_used,community labels are structural network results; they are not official factions and do not replace original-setting faction metadata
JP19,music,music,克服万千之试炼,克服万千之试炼,千の試練を超えて,C-25a2ba3051a08950,298,1,CC-25a2ba3051a08950,1,0.0,0,0.0005020920502105469,0.0,0,0.0,louvain,intersection_count,100.0,0.0,1.0,20260801,1.0.0,not_used,community labels are structural network results; they are not official factions and do not replace original-setting faction metadata
JP19,music,music,兔已着陆,兔已着陆,兎は舞い降りた,C-c8577e18085ae9b6,299,1,CC-c8577e18085ae9b6,1,0.0,0,0.0005020920502105469,0.0,0,0.0,louvain,intersection_count,100.0,0.0,1.0,20260801,1.0.0,not_used,community labels are structural network results; they are not official factions and do not replace original-setting faction metadata
JP19,music,music,全有机体的记忆,全有机体的记忆 ～ Memory of Fossil Energy.,有機体全てのメメント　～ Memory of Fossil Energy.,C-00daccd7a03e348e,300,1,CC-00daccd7a03e348e,1,0.0,0,0.0005020920502105469,0.0,0,0.0,louvain,intersection_count,100.0,0.0,1.0,20260801,1.0.0,not_used,community labels are structural network results; they are not official factions and do not replace original-setting faction metadata
JP19,music,music,公正なる奪い合い,公正的争夺,公正なる奪い合い,C-a1a758cac6fa6078,301,1,CC-a1a758cac6fa6078,1,0.0,0,0.0005020920502105469,0.0,0,0.0,louvain,intersection_count,100.0,0.0,1.0,20260801,1.0.0,not_used,community labels are structural network results; they are not official factions and do not replace original-setting faction metadata
JP19,music,music,公正的争夺,公正的争夺,公正なる奪い合い,C-dd70a45dc551e8f4,302,1,CC-dd70a45dc551e8f4,1,0.0,0,0.0005020920502105469,0.0,0,0.0,louvain,intersection_count,100.0,0.0,1.0,20260801,1.0.0,not_used,community labels are structural network results; they are not official factions and do not replace original-setting faction metadata
JP19,music,music,兽之智慧,兽之智慧,獣の知性,C-337dc539fe643bbd,303,1,CC-337dc539fe643bbd,1,0.0,0,0.0005020920502105469,0.0,0,0.0,louvain,intersection_count,100.0,0.0,1.0,20260801,1.0.0,not_used,community labels are structural network results; they are not official factions and do not replace original-setting faction metadata
JP19,music,music,兽王们的小憩,兽王们的小憩,獣王達の休息,C-3cd106d15425b9ca,304,1,CC-3cd106d15425b9ca,1,0.0,0,0.0005020920502105469,0.0,0,0.0,louvain,intersection_count,100.0,0.0,1.0,20260801,1.0.0,not_used,community labels are structural network results; they are not official factions and do not replace original-setting faction metadata
JP19,music,music,内心,内心,裏心,C-7f5aa263aa62ecb5,305,1,CC-7f5aa263aa62ecb5,1,0.0,0,0.0005020920502105469,0.0,0,0.0,louvain,intersection_count,100.0,0.0,1.0,20260801,1.0.0,not_used,community labels are structural network results; they are not official factions and do not replace original-setting faction metadata
JP19,music,music,冷吟閑酔,冷吟闲醉,冷吟閑酔,C-110272d262713d43,306,1,CC-110272d262713d43,1,0.0,0,0.0005020920502105469,0.0,0,0.0,louvain,intersection_count,100.0,0.0,1.0,20260801,1.0.0,not_used,community labels are structural network results; they are not official factions and do not replace original-setting faction metadata
JP19,music,music,冷吟闲醉,冷吟闲醉,冷吟閑酔,C-eec821084d2c9c59,307,1,CC-eec821084d2c9c59,1,0.0,0,0.0005020920502105469,0.0,0,0.0,louvain,intersection_count,100.0,0.0,1.0,20260801,1.0.0,not_used,community labels are structural network results; they are not official factions and do not replace original-setting faction metadata
JP19,music,music,冻结的永远之都,冻结的永远之都,凍り付いた永遠の都,C-76daacf401cbfb17,308,1,CC-76daacf401cbfb17,1,0.0,0,0.0005020920502105469,0.0,0,0.0,louvain,intersection_count,100.0,0.0,1.0,20260801,1.0.0,not_used,community labels are structural network results; they are not official factions and do not replace original-setting faction metadata
JP19,music,music,凋叶棕,凋叶棕（withered leaf）,ティアオイエツォン(withered leaf),C-3181bafc1358b03c,309,1,CC-3181bafc1358b03c,1,0.0,0,0.0005020920502105469,0.0,0,0.0,louvain,intersection_count,100.0,0.0,1.0,20260801,1.0.0,not_used,community labels are structural network results; they are not official factions and do not replace original-setting faction metadata
JP19,music,music,凭依华标题曲,凭依华（标题曲）,憑依華（OP曲）,C-6e3f1762c2a7a620,310,1,CC-6e3f1762c2a7a620,1,0.0,0,0.0005020920502105469,0.0,0,0.0,louvain,intersection_count,100.0,0.0,1.0,20260801,1.0.0,not_used,community labels are structural network results; they are not official factions and do not replace original-setting faction metadata
JP19,music,music,凭坐处于梦与现实之间,凭坐处于梦与现实之间 ～ Necro-Fantasia,憑坐は夢と現の間に　～ Necro-Fantasia,C-ea50de9e8542eb12,311,1,CC-ea50de9e8542eb12,1,0.0,0,0.0005020920502105469,0.0,0,0.0,louvain,intersection_count,100.0,0.0,1.0,20260801,1.0.0,not_used,community labels are structural network results; they are not official factions and do not replace original-setting faction metadata
JP19,music,music,凭投依合,凭投依合,憑依投合,C-52a3c94f7f054249,312,1,CC-52a3c94f7f054249,1,0.0,0,0.0005020920502105469,0.0,0,0.0,louvain,intersection_count,100.0,0.0,1.0,20260801,1.0.0,not_used,community labels are structural network results; they are not official factions and do not replace original-setting faction metadata
JP19,music,music,出演者选择,出演者选择,演者選択,C-1230bad8a095e22a,313,1,CC-1230bad8a095e22a,1,0.0,0,0.0005020920502105469,0.0,0,0.0,louvain,intersection_count,100.0,0.0,1.0,20260801,1.0.0,not_used,community labels are structural network results; they are not official factions and do not replace original-setting faction metadata
JP19,music,music,判読眼のビブロフィリア,识文解意的爱书人,判読眼のビブロフィリア,C-63ef5169f494f6c1,314,1,CC-63ef5169f494f6c1,1,0.0,0,0.0005020920502105469,0.0,0,0.0,louvain,intersection_count,100.0,0.0,1.0,20260801,1.0.0,not_used,community labels are structural network results; they are not official factions and do not replace original-setting faction metadata
JP19,music,music,前所未见的噩梦世界,前所未见的噩梦世界,見た事も無い悪夢の世界,C-af4cc5e510683f44,315,1,CC-af4cc5e510683f44,1,0.0,0,0.0005020920502105469,0.0,0,0.0,louvain,intersection_count,100.0,0.0,1.0,20260801,1.0.0,not_used,community labels are structural network results; they are not official factions and do not replace original-setting faction metadata
JP19,music,music,剧毒身体,剧毒身体 ～ Forsaken Doll,ポイズンボディ　～ Forsaken Doll,C-2a5a7344c9eb8d45,316,1,CC-2a5a7344c9eb8d45,1,0.0,0,0.0005020920502105469,0.0,0,0.0,louvain,intersection_count,100.0,0.0,1.0,20260801,1.0.0,not_used,community labels are structural network results; they are not official factions and do not replace original-setting faction metadata
JP19,music,music,勇敢で有閑な妖獣,勇敢又慵懒的妖兽,勇敢で有閑な妖獣,C-99f7703b1d191bd2,317,1,CC-99f7703b1d191bd2,1,0.0,0,0.0005020920502105469,0.0,0,0.0,louvain,intersection_count,100.0,0.0,1.0,20260801,1.0.0,not_used,community labels are structural network results; they are not official factions and do not replace original-setting faction metadata
JP19,music,music,勇敢又慵懒的妖兽,勇敢又慵懒的妖兽,勇敢で有閑な妖獣,C-afe2521c983fa2b9,318,1,CC-afe2521c983fa2b9,1,0.0,0,0.0005020920502105469,0.0,0,0.0,louvain,intersection_count,100.0,0.0,1.0,20260801,1.0.0,not_used,community labels are structural network results; they are not official factions and do not replace original-setting faction metadata
JP19,music,music,勝利デモ,胜利的示范,勝利デモ,C-e9ddce54e5dcb5fb,319,1,CC-e9ddce54e5dcb5fb,1,0.0,0,0.0005020920502105469,0.0,0,0.0,louvain,intersection_count,100.0,0.0,1.0,20260801,1.0.0,not_used,community labels are structural network results; they are not official factions and do not replace original-setting faction metadata
JP19,music,music,千の試練を超えて,克服万千之试炼,千の試練を超えて,C-247fd3ef37b29178,320,1,CC-247fd3ef37b29178,1,0.0,0,0.0005020920502105469,0.0,0,0.0,louvain,intersection_count,100.0,0.0,1.0,20260801,1.0.0,not_used,community labels are structural network results; they are not official factions and do not replace original-setting faction metadata
JP19,music,music,千年幻想乡,千年幻想乡 ～ History of the Moon,千年幻想郷　～ History of the Moon,C-1461c90f44a54d4a,321,1,CC-1461c90f44a54d4a,1,0.0,0,0.0005020920502105469,0.0,0,0.0,louvain,intersection_count,100.0,0.0,1.0,20260801,1.0.0,not_used,community labels are structural network results; they are not official factions and do not replace original-setting faction metadata
JP19,music,music,午夜的妖精舞会,午夜的妖精舞会,真夜中のフェアリーダンス,C-20d187141158f5a2,322,1,CC-20d187141158f5a2,1,0.0,0,0.0005020920502105469,0.0,0,0.0,louvain,intersection_count,100.0,0.0,1.0,20260801,1.0.0,not_used,community labels are structural network results; they are not official factions and do not replace original-setting faction metadata
JP19,music,music,华之幻想红梦之宙,华之幻想 红梦之宙,華の幻想　紅夢の宙,C-3269710c5e8cb895,323,1,CC-3269710c5e8cb895,1,0.0,0,0.0005020920502105469,0.0,0,0.0,louvain,intersection_count,100.0,0.0,1.0,20260801,1.0.0,not_used,community labels are structural network results; they are not official factions and do not replace original-setting faction metadata
JP19,music,music,华狭间的战场,华狭间的战场,華狭間のバトルフィールド,C-9f7e0dd0e7129ce7,324,1,CC-9f7e0dd0e7129ce7,1,0.0,0,0.0005020920502105469,0.0,0,0.0,louvain,intersection_count,100.0,0.0,1.0,20260801,1.0.0,not_used,community labels are structural network results; they are not official factions and do not replace original-setting faction metadata
JP19,music,music,华胥之梦,华胥之梦,華胥の夢,C-1867112212240e77,325,1,CC-1867112212240e77,1,0.0,0,0.0005020920502105469,0.0,0,0.0,louvain,intersection_count,100.0,0.0,1.0,20260801,1.0.0,not_used,community labels are structural network results; they are not official factions and do not replace original-setting faction metadata
JP19,music,music,博丽easternwind,博丽 ～ Eastern Wind,博麗　～ Eastern Wind,C-2b56178ab769067b,326,1,CC-2b56178ab769067b,1,0.0,0,0.0005020920502105469,0.0,0,0.0,louvain,intersection_count,100.0,0.0,1.0,20260801,1.0.0,not_used,community labels are structural network results; they are not official factions and do not replace original-setting faction metadata
JP19,music,music,博丽神社境内,博丽神社境内,博麗神社境内,C-9a777c6605905d86,327,1,CC-9a777c6605905d86,1,0.0,0,0.0005020920502105469,0.0,0,0.0,louvain,intersection_count,100.0,0.0,1.0,20260801,1.0.0,not_used,community labels are structural network results; they are not official factions and do not replace original-setting faction metadata
JP19,music,music,博麗easternwind,博丽 ～ Eastern Wind,博麗　～ Eastern Wind,C-f1fe8ac79ab99d52,328,1,CC-f1fe8ac79ab99d52,1,0.0,0,0.0005020920502105469,0.0,0,0.0,louvain,intersection_count,100.0,0.0,1.0,20260801,1.0.0,not_used,community labels are structural network results; they are not official factions and do not replace original-setting faction metadata
JP19,music,music,博麗神社境内,博丽神社境内,博麗神社境内,C-7adfcda67d5d89db,329,1,CC-7adfcda67d5d89db,1,0.0,0,0.0005020920502105469,0.0,0,0.0,louvain,intersection_count,100.0,0.0,1.0,20260801,1.0.0,not_used,community labels are structural network results; they are not official factions and do not replace original-setting faction metadata
JP19,music,music,卡纳维拉尔角的梦幻少女,卡纳维拉尔角的梦幻少女,カナベラルの夢幻少女,C-9e203b192bf82928,330,1,CC-9e203b192bf82928,1,0.0,0,0.0005020920502105469,0.0,0,0.0,louvain,intersection_count,100.0,0.0,1.0,20260801,1.0.0,not_used,community labels are structural network results; they are not official factions and do not replace original-setting faction metadata
JP19,music,music,卫星露天咖啡座,卫星露天咖啡座,衛星カフェテラス,C-72591d4914c051dd,331,1,CC-72591d4914c051dd,1,0.0,0,0.0005020920502105469,0.0,0,0.0,louvain,intersection_count,100.0,0.0,1.0,20260801,1.0.0,not_used,community labels are structural network results; they are not official factions and do not replace original-setting faction metadata
JP19,music,music,卫星鸟船,卫星鸟船,衛星トリフネ,C-b436cbd71c621730,332,1,CC-b436cbd71c621730,1,0.0,0,0.0005020920502105469,0.0,0,0.0,louvain,intersection_count,100.0,0.0,1.0,20260801,1.0.0,not_used,community labels are structural network results; they are not official factions and do not replace original-setting faction metadata
JP19,music,music,厄神降临之路,厄神降临之路 ～ Dark Road,厄神様の通り道　～ Dark Road,C-7fda700950c24487,333,1,CC-7fda700950c24487,1,0.0,0,0.0005020920502105469,0.0,0,0.0,louvain,intersection_count,100.0,0.0,1.0,20260801,1.0.0,not_used,community labels are structural network results; they are not official factions and do not replace original-setting faction metadata
JP19,music,music,原初的节拍,原初的节拍 ～ Pristine Beat,始原のビート　～ Pristine Beat,C-99446e8be42869e6,334,1,CC-99446e8be42869e6,1,0.0,0,0.0005020920502105469,0.0,0,0.0,louvain,intersection_count,100.0,0.0,1.0,20260801,1.0.0,not_used,community labels are structural network results; they are not official factions and do not replace original-setting faction metadata
JP19,music,music,反則の狼煙を上げろ,燃起犯规的狼烟,反則の狼煙を上げろ,C-62dd83e06fd316ee,335,1,CC-62dd83e06fd316ee,1,0.0,0,0.0005020920502105469,0.0,0,0.0,louvain,intersection_count,100.0,0.0,1.0,20260801,1.0.0,not_used,community labels are structural network results; they are not official factions and do not replace original-setting faction metadata
JP19,music,music,古の冥界寺,古老的冥界寺,古の冥界寺,C-f948cad90afbe0dc,336,1,CC-f948cad90afbe0dc,1,0.0,0,0.0005020920502105469,0.0,0,0.0,louvain,intersection_count,100.0,0.0,1.0,20260801,1.0.0,not_used,community labels are structural network results; they are not official factions and do not replace original-setting faction metadata
JP19,music,music,古老的元神,古老的元神,古きユアンシェン,C-9aa2089eb4d95791,337,1,CC-9aa2089eb4d95791,1,0.0,0,0.0005020920502105469,0.0,0,0.0,louvain,intersection_count,100.0,0.0,1.0,20260801,1.0.0,not_used,community labels are structural network results; they are not official factions and do not replace original-setting faction metadata
JP19,music,music,古老的冥界寺,古老的冥界寺,古の冥界寺,C-87d71470c05a2c7f,338,1,CC-87d71470c05a2c7f,1,0.0,0,0.0005020920502105469,0.0,0,0.0,louvain,intersection_count,100.0,0.0,1.0,20260801,1.0.0,not_used,community labels are structural network results; they are not official factions and do not replace original-setting faction metadata
JP19,music,music,另一侧的月,另一侧的月,向こう側の月,C-48b0c533d331c496,339,1,CC-48b0c533d331c496,1,0.0,0,0.0005020920502105469,0.0,0,0.0,louvain,intersection_count,100.0,0.0,1.0,20260801,1.0.0,not_used,community labels are structural network results; they are not official factions and do not replace original-setting faction metadata
JP19,music,music,只有地藏知晓的哀叹,只有地藏知晓的哀叹,地蔵だけが知る哀嘆,C-3d1f8236cdb2ccb9,340,1,CC-3d1f8236cdb2ccb9,1,0.0,0,0.0005020920502105469,0.0,0,0.0,louvain,intersection_count,100.0,0.0,1.0,20260801,1.0.0,not_used,community labels are structural network results; they are not official factions and do not replace original-setting faction metadata
JP19,music,music,可悲的人偶dollofmisery,可悲的人偶 ～ Doll of Misery,悲しき人形　～ Doll of Misery,C-d3b4f334ac91f3cd,341,1,CC-d3b4f334ac91f3cd,1,0.0,0,0.0005020920502105469,0.0,0,0.0,louvain,intersection_count,100.0,0.0,1.0,20260801,1.0.0,not_used,community labels are structural network results; they are not official factions and do not replace original-setting faction metadata
JP19,music,music,可愛い大戦争のリフレーン,可爱的大战争叠奏曲,可愛い大戦争のリフレーン,C-7c3f91f6237a29ea,342,1,CC-7c3f91f6237a29ea,1,0.0,0,0.0005020920502105469,0.0,0,0.0,louvain,intersection_count,100.0,0.0,1.0,20260801,1.0.0,not_used,community labels are structural network results; they are not official factions and do not replace original-setting faction metadata
JP19,music,music,可爱的大战争叠奏曲,可爱的大战争叠奏曲,可愛い大戦争のリフレーン,C-9841ace311e20bc1,343,1,CC-9841ace311e20bc1,1,0.0,0,0.0005020920502105469,0.0,0,0.0,louvain,intersection_count,100.0,0.0,1.0,20260801,1.0.0,not_used,community labels are structural network results; they are not official factions and do not replace original-setting faction metadata
JP19,music,music,可爱的恶魔innocence,可爱的恶魔 ～ Innocence,かわいい悪魔　～ Innocence,C-8f080dfe5b5dfbe1,344,1,CC-8f080dfe5b5dfbe1,1,0.0,0,0.0005020920502105469,0.0,0,0.0,louvain,intersection_count,100.0,0.0,1.0,20260801,1.0.0,not_used,community labels are structural network results; they are not official factions and do not replace original-setting faction metadata
JP19,music,music,可能性を信じて,相信可能性,可能性を信じて,C-4297e5258c56b6d8,345,1,CC-4297e5258c56b6d8,1,0.0,0,0.0005020920502105469,0.0,0,0.0,louvain,intersection_count,100.0,0.0,1.0,20260801,1.0.0,not_used,community labels are structural network results; they are not official factions and do not replace original-setting faction metadata
JP19,music,music,各々の結末,各自的结局,各々の結末,C-247229f2f4182d4a,346,1,CC-247229f2f4182d4a,1,0.0,0,0.0005020920502105469,0.0,0,0.0,louvain,intersection_count,100.0,0.0,1.0,20260801,1.0.0,not_used,community labels are structural network results; they are not official factions and do not replace original-setting faction metadata
JP19,music,music,各自的结局,各自的结局,各々の結末,C-3601aaa0c2ce96f3,347,1,CC-3601aaa0c2ce96f3,1,0.0,0,0.0005020920502105469,0.0,0,0.0,louvain,intersection_count,100.0,0.0,1.0,20260801,1.0.0,not_used,community labels are structural network results; they are not official factions and do not replace original-setting faction metadata
JP19,music,music,合縁奇縁,合缘奇缘,合縁奇縁,C-36aa8c72cf1d27b9,348,1,CC-36aa8c72cf1d27b9,1,0.0,0,0.0005020920502105469,0.0,0,0.0,louvain,intersection_count,100.0,0.0,1.0,20260801,1.0.0,not_used,community labels are structural network results; they are not official factions and do not replace original-setting faction metadata
JP19,music,music,合缘奇缘,合缘奇缘,合縁奇縁,C-adf960cc04e1e0dc,349,1,CC-adf960cc04e1e0dc,1,0.0,0,0.0005020920502105469,0.0,0,0.0,louvain,intersection_count,100.0,0.0,1.0,20260801,1.0.0,not_used,community labels are structural network results; they are not official factions and do not replace original-setting faction metadata
JP19,music,music,后院的妖怪参拜道,后院的妖怪参拜道,妖怪裏参道,C-59d8c9c7c6102007,350,1,CC-59d8c9c7c6102007,1,0.0,0,0.0005020920502105469,0.0,0,0.0,louvain,intersection_count,100.0,0.0,1.0,20260801,1.0.0,not_used,community labels are structural network results; they are not official factions and do not replace original-setting faction metadata
JP19,music,music,向こう側の月,另一侧的月,向こう側の月,C-8b92872fbc75362e,351,1,CC-8b92872fbc75362e,1,0.0,0,0.0005020920502105469,0.0,0,0.0,louvain,intersection_count,100.0,0.0,1.0,20260801,1.0.0,not_used,community labels are structural network results; they are not official factions and do not replace original-setting faction metadata
JP19,music,music,君はあの影を見たか,你见到了那个影子吗,君はあの影を見たか,C-eee80e7a1f623262,352,1,CC-eee80e7a1f623262,1,0.0,0,0.0005020920502105469,0.0,0,0.0,louvain,intersection_count,100.0,0.0,1.0,20260801,1.0.0,not_used,community labels are structural network results; they are not official factions and do not replace original-setting faction metadata
JP19,music,music,吸血怪兽卓柏卡布拉,吸血怪兽卓柏卡布拉,吸血怪獣チュパカブラ,C-c27349d25c80ad92,353,1,CC-c27349d25c80ad92,1,0.0,0,0.0005020920502105469,0.0,0,0.0,louvain,intersection_count,100.0,0.0,1.0,20260801,1.0.0,not_used,community labels are structural network results; they are not official factions and do not replace original-setting faction metadata
JP19,music,music,呑んべぇのレムリア,酒鬼的雷姆利亚,呑んべぇのレムリア,C-42a38ea2155e42f6,354,1,CC-42a38ea2155e42f6,1,0.0,0,0.0005020920502105469,0.0,0,0.0,louvain,intersection_count,100.0,0.0,1.0,20260801,1.0.0,not_used,community labels are structural network results; they are not official factions and do not replace original-setting faction metadata
JP19,music,music,命运的阴暗面,命运的阴暗面,運命のダークサイド,C-8afa38c6a6cb16a7,355,1,CC-8afa38c6a6cb16a7,1,0.0,0,0.0005020920502105469,0.0,0,0.0,louvain,intersection_count,100.0,0.0,1.0,20260801,1.0.0,not_used,community labels are structural network results; they are not official factions and do not replace original-setting faction metadata
JP19,music,music,哈德曼的妖怪少女,哈德曼的妖怪少女,ハルトマンの妖怪少女,C-035ee049363ec993,356,1,CC-035ee049363ec993,1,0.0,0,0.0005020920502105469,0.0,0,0.0,louvain,intersection_count,100.0,0.0,1.0,20260801,1.0.0,not_used,community labels are structural network results; they are not official factions and do not replace original-setting faction metadata
JP19,music,music,唯一無二のシミュラークル,独一无二的投影,唯一無二のシミュラークル,C-c477c0ddaed61e80,357,1,CC-c477c0ddaed61e80,1,0.0,0,0.0005020920502105469,0.0,0,0.0,louvain,intersection_count,100.0,0.0,1.0,20260801,1.0.0,not_used,community labels are structural network results; they are not official factions and do not replace original-setting faction metadata
JP19,music,music,嘲りの遊戯,嘲讽的游戏,嘲りの遊戯,C-f96d87c7f6cc5c57,358,1,CC-f96d87c7f6cc5c57,1,0.0,0,0.0005020920502105469,0.0,0,0.0,louvain,intersection_count,100.0,0.0,1.0,20260801,1.0.0,not_used,community labels are structural network results; they are not official factions and do not replace original-setting faction metadata
JP19,music,music,嘲讽的游戏,嘲讽的游戏,嘲りの遊戯,C-2f2ec9ce214c3011,359,1,CC-2f2ec9ce214c3011,1,0.0,0,0.0005020920502105469,0.0,0,0.0,louvain,intersection_count,100.0,0.0,1.0,20260801,1.0.0,not_used,community labels are structural network results; they are not official factions and do not replace original-setting faction metadata
JP19,music,music,噩梦日记,噩梦日记,悪夢日記,C-f0690ca4fd81d829,360,1,CC-f0690ca4fd81d829,1,0.0,0,0.0005020920502105469,0.0,0,0.0,louvain,intersection_count,100.0,0.0,1.0,20260801,1.0.0,not_used,community labels are structural network results; they are not official factions and do not replace original-setting faction metadata
JP19,music,music,回忆京都,回忆京都,レトロスペクティブ京都,C-f3e616901c950253,361,1,CC-f3e616901c950253,1,0.0,0,0.0005020920502105469,0.0,0,0.0,louvain,intersection_count,100.0,0.0,1.0,20260801,1.0.0,not_used,community labels are structural network results; they are not official factions and do not replace original-setting faction metadata
JP19,music,music,因夜失眠,因夜失眠,夜だから眠れない,C-3f91dee5496e2261,362,1,CC-3f91dee5496e2261,1,0.0,0,0.0005020920502105469,0.0,0,0.0,louvain,intersection_count,100.0,0.0,1.0,20260801,1.0.0,not_used,community labels are structural network results; they are not official factions and do not replace original-setting faction metadata
JP19,music,music,圣德传说,圣德传说 ～ True Administrator,聖徳伝説　～ True Administrator,C-7d838ddc91c31f68,363,1,CC-7d838ddc91c31f68,1,0.0,0,0.0005020920502105469,0.0,0,0.0,louvain,intersection_count,100.0,0.0,1.0,20260801,1.0.0,not_used,community labels are structural network results; they are not official factions and do not replace original-setting faction metadata
JP19,music,music,圣德太子的天马,圣德太子的天马 ～ Dark Pegasus,聖徳太子のペガサス　〜Dark Pegasus,C-2fbb5388efafe14a,364,1,CC-2fbb5388efafe14a,1,0.0,0,0.0005020920502105469,0.0,0,0.0,louvain,intersection_count,100.0,0.0,1.0,20260801,1.0.0,not_used,community labels are structural network results; they are not official factions and do not replace original-setting faction metadata
JP19,music,music,圣辇船飞向天空,圣辇船飞向天空,聖輦船空を往く,C-dbaf5761e1f1220f,365,1,CC-dbaf5761e1f1220f,1,0.0,0,0.0005020920502105469,0.0,0,0.0,louvain,intersection_count,100.0,0.0,1.0,20260801,1.0.0,not_used,community labels are structural network results; they are not official factions and do not replace original-setting faction metadata
JP19,music,music,在深绿的狸森里,在深绿的狸森里,深緑の狸森にて,C-8a147ba3239d9dea,366,1,CC-8a147ba3239d9dea,1,0.0,0,0.0005020920502105469,0.0,0,0.0,louvain,intersection_count,100.0,0.0,1.0,20260801,1.0.0,not_used,community labels are structural network results; they are not official factions and do not replace original-setting faction metadata
JP19,music,music,在美妙的墓地里住下吧,在美妙的墓地里住下吧,素敵な墓場で暮しましょ,C-62b89edb8cb3881c,367,1,CC-62b89edb8cb3881c,1,0.0,0,0.0005020920502105469,0.0,0,0.0,louvain,intersection_count,100.0,0.0,1.0,20260801,1.0.0,not_used,community labels are structural network results; they are not official factions and do not replace original-setting faction metadata
JP19,music,music,地の色は黄色,地之色乃黄色,地の色は黄色,C-0293f21cddee5ed4,368,1,CC-0293f21cddee5ed4,1,0.0,0,0.0005020920502105469,0.0,0,0.0,louvain,intersection_count,100.0,0.0,1.0,20260801,1.0.0,not_used,community labels are structural network results; they are not official factions and do not replace original-setting faction metadata
JP19,music,music,地下からの帰還,从地下的归还,地下からの帰還,C-646c3ee512936907,369,1,CC-646c3ee512936907,1,0.0,0,0.0005020920502105469,0.0,0,0.0,louvain,intersection_count,100.0,0.0,1.0,20260801,1.0.0,not_used,community labels are structural network results; they are not official factions and do not replace original-setting faction metadata
JP19,music,music,地之色乃黄色,地之色乃黄色,地の色は黄色,C-e6a0fc4fe949a148,370,1,CC-e6a0fc4fe949a148,1,0.0,0,0.0005020920502105469,0.0,0,0.0,louvain,intersection_count,100.0,0.0,1.0,20260801,1.0.0,not_used,community labels are structural network results; they are not official factions and do not replace original-setting faction metadata
JP19,music,music,地底に咲く薔薇,地底绽放的蔷薇,地底に咲く薔薇,C-885bf9f598c2937c,371,1,CC-885bf9f598c2937c,1,0.0,0,0.0005020920502105469,0.0,0,0.0,louvain,intersection_count,100.0,0.0,1.0,20260801,1.0.0,not_used,community labels are structural network results; they are not official factions and do not replace original-setting faction metadata
JP19,music,music,地底绽放的蔷薇,地底绽放的蔷薇,地底に咲く薔薇,C-93670d92990ad438,372,1,CC-93670d92990ad438,1,0.0,0,0.0005020920502105469,0.0,0,0.0,louvain,intersection_count,100.0,0.0,1.0,20260801,1.0.0,not_used,community labels are structural network results; they are not official factions and do not replace original-setting faction metadata
JP19,music,music,地灵们的归家,地灵们的归家,地霊達の帰宅,C-17c39518c116acf2,373,1,CC-17c39518c116acf2,1,0.0,0,0.0005020920502105469,0.0,0,0.0,louvain,intersection_count,100.0,0.0,1.0,20260801,1.0.0,not_used,community labels are structural network results; they are not official factions and do not replace original-setting faction metadata
JP19,music,music,地灵们的起床,地灵们的起床,地霊達の起床,C-72adedd7116cd591,374,1,CC-72adedd7116cd591,1,0.0,0,0.0005020920502105469,0.0,0,0.0,louvain,intersection_count,100.0,0.0,1.0,20260801,1.0.0,not_used,community labels are structural network results; they are not official factions and do not replace original-setting faction metadata
JP19,music,music,地蔵だけが知る哀嘆,只有地藏知晓的哀叹,地蔵だけが知る哀嘆,C-eddf52d3620cdf89,375,1,CC-eddf52d3620cdf89,1,0.0,0,0.0005020920502105469,0.0,0,0.0,louvain,intersection_count,100.0,0.0,1.0,20260801,1.0.0,not_used,community labels are structural network results; they are not official factions and do not replace original-setting faction metadata
JP19,music,music,地霊達の帰宅,地灵们的归家,地霊達の帰宅,C-e6bcb368a49cea48,376,1,CC-e6bcb368a49cea48,1,0.0,0,0.0005020920502105469,0.0,0,0.0,louvain,intersection_count,100.0,0.0,1.0,20260801,1.0.0,not_used,community labels are structural network results; they are not official factions and do not replace original-setting faction metadata
JP19,music,music,地霊達の起床,地灵们的起床,地霊達の起床,C-f3e286a93c4e4d05,377,1,CC-f3e286a93c4e4d05,1,0.0,0,0.0005020920502105469,0.0,0,0.0,louvain,intersection_count,100.0,0.0,1.0,20260801,1.0.0,not_used,community labels are structural network results; they are not official factions and do not replace original-setting faction metadata
JP19,music,music,塵界不変のペシミズム,尘世不变的悲观主义,塵界不変のペシミズム,C-b79679d59b83d26f,378,1,CC-b79679d59b83d26f,1,0.0,0,0.0005020920502105469,0.0,0,0.0,louvain,intersection_count,100.0,0.0,1.0,20260801,1.0.0,not_used,community labels are structural network results; they are not official factions and do not replace original-setting faction metadata
JP19,music,music,壮言大語,豪言壮语,壮言大語,C-4f6c5154e53652fe,379,1,CC-4f6c5154e53652fe,1,0.0,0,0.0005020920502105469,0.0,0,0.0,louvain,intersection_count,100.0,0.0,1.0,20260801,1.0.0,not_used,community labels are structural network results; they are not official factions and do not replace original-setting faction metadata
JP19,music,music,复仇女神的要塞,复仇女神的要塞,ネメシスの要塞,C-d5ff4bb5a1afc833,380,1,CC-d5ff4bb5a1afc833,1,0.0,0,0.0005020920502105469,0.0,0,0.0,louvain,intersection_count,100.0,0.0,1.0,20260801,1.0.0,not_used,community labels are structural network results; they are not official factions and do not replace original-setting faction metadata
JP19,music,music,夏明,夏明,夏明き,C-934c62a8ba832dde,381,1,CC-934c62a8ba832dde,1,0.0,0,0.0005020920502105469,0.0,0,0.0,louvain,intersection_count,100.0,0.0,1.0,20260801,1.0.0,not_used,community labels are structural network results; they are not official factions and do not replace original-setting faction metadata
JP19,music,music,夏明き,夏明,夏明き,C-0f322f6951908abb,382,1,CC-0f322f6951908abb,1,0.0,0,0.0005020920502105469,0.0,0,0.0,louvain,intersection_count,100.0,0.0,1.0,20260801,1.0.0,not_used,community labels are structural network results; they are not official factions and do not replace original-setting faction metadata
JP19,music,music,夕阳下落,夕阳下落,陽落ちて,C-ef343083a950aaf5,383,1,CC-ef343083a950aaf5,1,0.0,0,0.0005020920502105469,0.0,0,0.0,louvain,intersection_count,100.0,0.0,1.0,20260801,1.0.0,not_used,community labels are structural network results; they are not official factions and do not replace original-setting faction metadata
JP19,music,music,外界フォークロア,外界民俗,外界フォークロア,C-fdc2be5302d4e00c,384,1,CC-fdc2be5302d4e00c,1,0.0,0,0.0005020920502105469,0.0,0,0.0,louvain,intersection_count,100.0,0.0,1.0,20260801,1.0.0,not_used,community labels are structural network results; they are not official factions and do not replace original-setting faction metadata
JP19,music,music,外界民俗,外界民俗,外界フォークロア,C-4dd82a8e71501e11,385,1,CC-4dd82a8e71501e11,1,0.0,0,0.0005020920502105469,0.0,0,0.0,louvain,intersection_count,100.0,0.0,1.0,20260801,1.0.0,not_used,community labels are structural network results; they are not official factions and do not replace original-setting faction metadata
JP19,music,music,夜だから眠れない,因夜失眠,夜だから眠れない,C-d64d0a1424b477a2,386,1,CC-d64d0a1424b477a2,1,0.0,0,0.0005020920502105469,0.0,0,0.0,louvain,intersection_count,100.0,0.0,1.0,20260801,1.0.0,not_used,community labels are structural network results; they are not official factions and do not replace original-setting faction metadata
JP19,music,music,夜のデンデラ野を逝く,走在夜晚的莲台野,夜のデンデラ野を逝く,C-c6319ce6d642181a,387,1,CC-c6319ce6d642181a,1,0.0,0,0.0005020920502105469,0.0,0,0.0,louvain,intersection_count,100.0,0.0,1.0,20260801,1.0.0,not_used,community labels are structural network results; they are not official factions and do not replace original-setting faction metadata
JP19,music,music,夜の鳩山を飛ぶ,飞翔在夜晚的鸠山,夜の鳩山を飛ぶ,C-737fcbae63e09411,388,1,CC-737fcbae63e09411,1,0.0,0,0.0005020920502105469,0.0,0,0.0,louvain,intersection_count,100.0,0.0,1.0,20260801,1.0.0,not_used,community labels are structural network results; they are not official factions and do not replace original-setting faction metadata
JP19,music,music,夜幕降临,夜幕降临,夜が降りてくる,C-18d6925b40da9738,389,1,CC-18d6925b40da9738,1,0.0,0,0.0005020920502105469,0.0,0,0.0,louvain,intersection_count,100.0,0.0,1.0,20260801,1.0.0,not_used,community labels are structural network results; they are not official factions and do not replace original-setting faction metadata
JP19,music,music,夜空のユーフォーロマンス,夜空中的UFO恋曲,夜空のユーフォーロマンス,C-795fbb4a99633b2d,390,1,CC-795fbb4a99633b2d,1,0.0,0,0.0005020920502105469,0.0,0,0.0,louvain,intersection_count,100.0,0.0,1.0,20260801,1.0.0,not_used,community labels are structural network results; they are not official factions and do not replace original-setting faction metadata
JP19,music,music,夜空中的ufo恋曲,夜空中的UFO恋曲,夜空のユーフォーロマンス,C-03bb6744610aaa3e,391,1,CC-03bb6744610aaa3e,1,0.0,0,0.0005020920502105469,0.0,0,0.0,louvain,intersection_count,100.0,0.0,1.0,20260801,1.0.0,not_used,community labels are structural network results; they are not official factions and do not replace original-setting faction metadata
JP19,music,music,夜雀の歌声nightbird,夜雀的歌声 ～ Night Bird,夜雀の歌声　～ Night Bird,C-8e0f3d4cf4d4a8c9,392,1,CC-8e0f3d4cf4d4a8c9,1,0.0,0,0.0005020920502105469,0.0,0,0.0,louvain,intersection_count,100.0,0.0,1.0,20260801,1.0.0,not_used,community labels are structural network results; they are not official factions and do not replace original-setting faction metadata
JP19,music,music,夜雀的歌声,夜雀的歌声 ～ Night Bird,夜雀の歌声　～ Night Bird,C-3b2b9aae9f113964,393,1,CC-3b2b9aae9f113964,1,0.0,0,0.0005020920502105469,0.0,0,0.0,louvain,intersection_count,100.0,0.0,1.0,20260801,1.0.0,not_used,community labels are structural network results; they are not official factions and do not replace original-setting faction metadata
JP19,music,music,夢と現の境界,梦境与现实的境界,夢と現の境界,C-76b1d2ae84f2d5af,394,1,CC-76b1d2ae84f2d5af,1,0.0,0,0.0005020920502105469,0.0,0,0.0,louvain,intersection_count,100.0,0.0,1.0,20260801,1.0.0,not_used,community labels are structural network results; they are not official factions and do not replace original-setting faction metadata
JP19,music,music,夢は時空を越えて,梦想超越时空,夢は時空を越えて,C-2f7996160c00fcd7,395,1,CC-2f7996160c00fcd7,1,0.0,0,0.0005020920502105469,0.0,0,0.0,louvain,intersection_count,100.0,0.0,1.0,20260801,1.0.0,not_used,community labels are structural network results; they are not official factions and do not replace original-setting faction metadata
JP19,music,music,夢幻回廊,梦幻回廊,夢幻回廊,C-c2a87a8e13684aa8,396,1,CC-c2a87a8e13684aa8,1,0.0,0,0.0005020920502105469,0.0,0,0.0,louvain,intersection_count,100.0,0.0,1.0,20260801,1.0.0,not_used,community labels are structural network results; they are not official factions and do not replace original-setting faction metadata
JP19,music,music,夢幻遊戯dreamwar,梦幻游戏 ～ Dream War,夢幻遊戯　～ Dream War,C-ea9c4500c2850dd2,397,1,CC-ea9c4500c2850dd2,1,0.0,0,0.0005020920502105469,0.0,0,0.0,louvain,intersection_count,100.0,0.0,1.0,20260801,1.0.0,not_used,community labels are structural network results; they are not official factions and do not replace original-setting faction metadata
JP19,music,music,夢想時空,梦想时空,夢想時空,C-32e4540f42c7ecc2,398,1,CC-32e4540f42c7ecc2,1,0.0,0,0.0005020920502105469,0.0,0,0.0,louvain,intersection_count,100.0,0.0,1.0,20260801,1.0.0,not_used,community labels are structural network results; they are not official factions and do not replace original-setting faction metadata
JP19,music,music,夢機械innocentpower,梦机械 ～ Innocent Power,夢機械　～ Innocent Power,C-789cc0b6bcaf518c,399,1,CC-789cc0b6bcaf518c,1,0.0,0,0.0005020920502105469,0.0,0,0.0,louvain,intersection_count,100.0,0.0,1.0,20260801,1.0.0,not_used,community labels are structural network results; they are not official factions and do not replace original-setting faction metadata
JP19,music,music,大吉キトゥン,大吉猫咪,大吉キトゥン,C-b380ccfbe2a8ed36,400,1,CC-b380ccfbe2a8ed36,1,0.0,0,0.0005020920502105469,0.0,0,0.0,louvain,intersection_count,100.0,0.0,1.0,20260801,1.0.0,not_used,community labels are structural network results; they are not official factions and do not replace original-setting faction metadata
JP19,music,music,大吉猫咪,大吉猫咪,大吉キトゥン,C-994acbc006374e76,401,1,CC-994acbc006374e76,1,0.0,0,0.0005020920502105469,0.0,0,0.0,louvain,intersection_count,100.0,0.0,1.0,20260801,1.0.0,not_used,community labels are structural network results; they are not official factions and do not replace original-setting faction metadata
JP19,music,music,大地の底剛欲の海,大地之底，刚欲之海,大地の底、剛欲の海,C-41e438e57a2cbc5e,402,1,CC-41e438e57a2cbc5e,1,0.0,0,0.0005020920502105469,0.0,0,0.0,louvain,intersection_count,100.0,0.0,1.0,20260801,1.0.0,not_used,community labels are structural network results; they are not official factions and do not replace original-setting faction metadata
JP19,music,music,大地之底刚欲之海,大地之底，刚欲之海,大地の底、剛欲の海,C-dc64c77e58693a9d,403,1,CC-dc64c77e58693a9d,1,0.0,0,0.0005020920502105469,0.0,0,0.0,louvain,intersection_count,100.0,0.0,1.0,20260801,1.0.0,not_used,community labels are structural network results; they are not official factions and do not replace original-setting faction metadata
JP19,music,music,大江山的花之酒宴,大江山的花之酒宴,華のさかづき大江山,C-7be10a8399f029e1,404,1,CC-7be10a8399f029e1,1,0.0,0,0.0005020920502105469,0.0,0,0.0,louvain,intersection_count,100.0,0.0,1.0,20260801,1.0.0,not_used,community labels are structural network results; they are not official factions and do not replace original-setting faction metadata
JP19,music,music,大神神话传,大神神话传,大神神話伝,C-63f146b2df896f87,405,1,CC-63f146b2df896f87,1,0.0,0,0.0005020920502105469,0.0,0,0.0,louvain,intersection_count,100.0,0.0,1.0,20260801,1.0.0,not_used,community labels are structural network results; they are not official factions and do not replace original-setting faction metadata
JP19,music,music,大空魔术magicalastronomy,大空魔术 ～ Magical Astronomy,大空魔術　～ Magical Astronomy,C-0afac221bbc324cd,406,1,CC-0afac221bbc324cd,1,0.0,0,0.0005020920502105469,0.0,0,0.0,louvain,intersection_count,100.0,0.0,1.0,20260801,1.0.0,not_used,community labels are structural network results; they are not official factions and do not replace original-setting faction metadata
JP19,music,music,大空魔術magicalastronomy,大空魔术 ～ Magical Astronomy,大空魔術　～ Magical Astronomy,C-c3d58e979f06be66,407,1,CC-c3d58e979f06be66,1,0.0,0,0.0005020920502105469,0.0,0,0.0,louvain,intersection_count,100.0,0.0,1.0,20260801,1.0.0,not_used,community labels are structural network results; they are not official factions and do not replace original-setting faction metadata
JP19,music,music,天使伝説,天使传说,天使伝説,C-3e2860c0721bd371,408,1,CC-3e2860c0721bd371,1,0.0,0,0.0005020920502105469,0.0,0,0.0,louvain,intersection_count,100.0,0.0,1.0,20260801,1.0.0,not_used,community labels are structural network results; they are not official factions and do not replace original-setting faction metadata
JP19,music,music,天使传说,天使传说,天使伝説,C-ed3e121aea5ec003,409,1,CC-ed3e121aea5ec003,1,0.0,0,0.0005020920502105469,0.0,0,0.0,louvain,intersection_count,100.0,0.0,1.0,20260801,1.0.0,not_used,community labels are structural network results; they are not official factions and do not replace original-setting faction metadata
JP19,music,music,天狗が見ているblackeyes,天狗正凝视着 ～ Black Eyes,天狗が見ている　～ Black Eyes,C-0c464cfd9b40daa1,410,1,CC-0c464cfd9b40daa1,1,0.0,0,0.0005020920502105469,0.0,0,0.0,louvain,intersection_count,100.0,0.0,1.0,20260801,1.0.0,not_used,community labels are structural network results; they are not official factions and do not replace original-setting faction metadata
JP19,music,music,天狗の手帖mysteriousnote,天狗的笔记 ～ Mysterious Note,天狗の手帖　～ Mysterious Note,C-5ae58e939f136392,411,1,CC-5ae58e939f136392,1,0.0,0,0.0005020920502105469,0.0,0,0.0,louvain,intersection_count,100.0,0.0,1.0,20260801,1.0.0,not_used,community labels are structural network results; they are not official factions and do not replace original-setting faction metadata
JP19,music,music,天狗正凝视着,天狗正凝视着 ～ Black Eyes,天狗が見ている　～ Black Eyes,C-1a642b076366e49d,412,1,CC-1a642b076366e49d,1,0.0,0,0.0005020920502105469,0.0,0,0.0,louvain,intersection_count,100.0,0.0,1.0,20260801,1.0.0,not_used,community labels are structural network results; they are not official factions and do not replace original-setting faction metadata
JP19,music,music,天狗的笔记mysteriousnote,天狗的笔记 ～ Mysterious Note,天狗の手帖　～ Mysterious Note,C-22d750f39ab6aaf5,413,1,CC-22d750f39ab6aaf5,1,0.0,0,0.0005020920502105469,0.0,0,0.0,louvain,intersection_count,100.0,0.0,1.0,20260801,1.0.0,not_used,community labels are structural network results; they are not official factions and do not replace original-setting faction metadata
JP19,music,music,天理人欲,天理人欲,天理人欲,C-3928a6efd0401419,414,1,CC-3928a6efd0401419,1,0.0,0,0.0005020920502105469,0.0,0,0.0,louvain,intersection_count,100.0,0.0,1.0,20260801,1.0.0,not_used,community labels are structural network results; they are not official factions and do not replace original-setting faction metadata
JP19,music,music,天空アーミー,天空军团,天空アーミー,C-c5cd1ea5ec4a92b3,415,1,CC-c5cd1ea5ec4a92b3,1,0.0,0,0.0005020920502105469,0.0,0,0.0,louvain,intersection_count,100.0,0.0,1.0,20260801,1.0.0,not_used,community labels are structural network results; they are not official factions and do not replace original-setting faction metadata
JP19,music,music,天空军团,天空军团,天空アーミー,C-cb1e85ab479459da,416,1,CC-cb1e85ab479459da,1,0.0,0,0.0005020920502105469,0.0,0,0.0,louvain,intersection_count,100.0,0.0,1.0,20260801,1.0.0,not_used,community labels are structural network results; they are not official factions and do not replace original-setting faction metadata
JP19,music,music,天空的格林尼治,天空的格林尼治,天空のグリニッジ,C-127c1d18d446fce7,417,1,CC-127c1d18d446fce7,1,0.0,0,0.0005020920502105469,0.0,0,0.0,louvain,intersection_count,100.0,0.0,1.0,20260801,1.0.0,not_used,community labels are structural network results; they are not official factions and do not replace original-setting faction metadata
JP19,music,music,天空的花都,天空的花都,天空の花の都,C-98df096b45e4b6f6,418,1,CC-98df096b45e4b6f6,1,0.0,0,0.0005020920502105469,0.0,0,0.0,louvain,intersection_count,100.0,0.0,1.0,20260801,1.0.0,not_used,community labels are structural network results; they are not official factions and do not replace original-setting faction metadata
JP19,music,music,天衣无缝,天衣无缝,天衣無縫,C-e334f9bc2953c5d7,419,1,CC-e334f9bc2953c5d7,1,0.0,0,0.0005020920502105469,0.0,0,0.0,louvain,intersection_count,100.0,0.0,1.0,20260801,1.0.0,not_used,community labels are structural network results; they are not official factions and do not replace original-setting faction metadata
JP19,music,music,天魔之山漫天星,天魔之山漫天星,星降る天魔の山,C-84d73fa172ea737e,420,1,CC-84d73fa172ea737e,1,0.0,0,0.0005020920502105469,0.0,0,0.0,louvain,intersection_count,100.0,0.0,1.0,20260801,1.0.0,not_used,community labels are structural network results; they are not official factions and do not replace original-setting faction metadata
JP19,music,music,天鳥船神社,天鸟船神社,天鳥船神社,C-1108b2b3555dad3d,421,1,CC-1108b2b3555dad3d,1,0.0,0,0.0005020920502105469,0.0,0,0.0,louvain,intersection_count,100.0,0.0,1.0,20260801,1.0.0,not_used,community labels are structural network results; they are not official factions and do not replace original-setting faction metadata
JP19,music,music,天鳥船神社の結界,天鸟船神社的结界,天鳥船神社の結界,C-c2b53edd70d20291,422,1,CC-c2b53edd70d20291,1,0.0,0,0.0005020920502105469,0.0,0,0.0,louvain,intersection_count,100.0,0.0,1.0,20260801,1.0.0,not_used,community labels are structural network results; they are not official factions and do not replace original-setting faction metadata
JP19,music,music,天鵞絨少女戦velvetbattle,天鹅绒少女战 ～ Velvet Battle,天鵞絨少女戦　～ Velvet Battle,C-7ca614d7de7a9b1b,423,1,CC-7ca614d7de7a9b1b,1,0.0,0,0.0005020920502105469,0.0,0,0.0,louvain,intersection_count,100.0,0.0,1.0,20260801,1.0.0,not_used,community labels are structural network results; they are not official factions and do not replace original-setting faction metadata
JP19,music,music,天鸟船神社,天鸟船神社,天鳥船神社,C-f4305da44bb81579,424,1,CC-f4305da44bb81579,1,0.0,0,0.0005020920502105469,0.0,0,0.0,louvain,intersection_count,100.0,0.0,1.0,20260801,1.0.0,not_used,community labels are structural network results; they are not official factions and do not replace original-setting faction metadata
JP19,music,music,天鸟船神社的结界,天鸟船神社的结界,天鳥船神社の結界,C-18abe71e05d1abf6,425,1,CC-18abe71e05d1abf6,1,0.0,0,0.0005020920502105469,0.0,0,0.0,louvain,intersection_count,100.0,0.0,1.0,20260801,1.0.0,not_used,community labels are structural network results; they are not official factions and do not replace original-setting faction metadata
JP19,music,music,天鹅绒少女战velvetbattle,天鹅绒少女战 ～ Velvet Battle,天鵞絨少女戦　～ Velvet Battle,C-bb2f9b14c8f690ef,426,1,CC-bb2f9b14c8f690ef,1,0.0,0,0.0005020920502105469,0.0,0,0.0,louvain,intersection_count,100.0,0.0,1.0,20260801,1.0.0,not_used,community labels are structural network results; they are not official factions and do not replace original-setting faction metadata
JP19,music,music,奥尔良的圣骑士,奥尔良的圣骑士,オルレアンの聖騎士,C-611622cf8479efe8,427,1,CC-611622cf8479efe8,1,0.0,0,0.0005020920502105469,0.0,0,0.0,louvain,intersection_count,100.0,0.0,1.0,20260801,1.0.0,not_used,community labels are structural network results; they are not official factions and do not replace original-setting faction metadata
JP19,music,music,女仆与血之怀表,女仆与血之怀表,メイドと血の懐中時計,C-290ea2bc024b355e,428,1,CC-290ea2bc024b355e,1,0.0,0,0.0005020920502105469,0.0,0,0.0,louvain,intersection_count,100.0,0.0,1.0,20260801,1.0.0,not_used,community labels are structural network results; they are not official factions and do not replace original-setting faction metadata
JP19,music,music,女仆幻想icemilkmagic,女仆幻想 ～ Icemilk Magic,メイド幻想　～ Icemilk Magic,C-df15f25627bf71b6,429,1,CC-df15f25627bf71b6,1,0.0,0,0.0005020920502105469,0.0,0,0.0,louvain,intersection_count,100.0,0.0,1.0,20260801,1.0.0,not_used,community labels are structural network results; they are not official factions and do not replace original-setting faction metadata
JP19,music,music,如鬼灯般的红色之魂,如鬼灯般的红色之魂,ほおずきみたいに紅い魂,C-71d4b918723098a9,430,1,CC-71d4b918723098a9,1,0.0,0,0.0005020920502105469,0.0,0,0.0,louvain,intersection_count,100.0,0.0,1.0,20260801,1.0.0,not_used,community labels are structural network results; they are not official factions and do not replace original-setting faction metadata
JP19,music,music,妖々跋扈,妖妖跋扈,妖々跋扈,C-32f7c55df3cbed80,431,1,CC-32f7c55df3cbed80,1,0.0,0,0.0005020920502105469,0.0,0,0.0,louvain,intersection_count,100.0,0.0,1.0,20260801,1.0.0,not_used,community labels are structural network results; they are not official factions and do not replace original-setting faction metadata
JP19,music,music,妖妖梦snoworcherrypetal,妖妖梦 ～ Snow or Cherry Petal,妖々夢　～ Snow or Cherry Petal,C-f2dbbdb9bdbf9b06,432,1,CC-f2dbbdb9bdbf9b06,1,0.0,0,0.0005020920502105469,0.0,0,0.0,louvain,intersection_count,100.0,0.0,1.0,20260801,1.0.0,not_used,community labels are structural network results; they are not official factions and do not replace original-setting faction metadata
JP19,music,music,妖妖跋扈,妖妖跋扈 ～ Who done it!,妖々跋扈　～ Who done it!,C-b8e57518f27e64e3,433,1,CC-b8e57518f27e64e3,1,0.0,0,0.0005020920502105469,0.0,0,0.0,louvain,intersection_count,100.0,0.0,1.0,20260801,1.0.0,not_used,community labels are structural network results; they are not official factions and do not replace original-setting faction metadata
JP19,music,music,妖异们的骤雨,妖异们的骤雨,妖異達の通り雨,C-32f802e2655a4118,434,1,CC-32f802e2655a4118,1,0.0,0,0.0005020920502105469,0.0,0,0.0,louvain,intersection_count,100.0,0.0,1.0,20260801,1.0.0,not_used,community labels are structural network results; they are not official factions and do not replace original-setting faction metadata
JP19,music,music,妖怪フックオン,妖怪上钩,妖怪フックオン,C-cf8c90638d8c36fd,435,1,CC-cf8c90638d8c36fd,1,0.0,0,0.0005020920502105469,0.0,0,0.0,louvain,intersection_count,100.0,0.0,1.0,20260801,1.0.0,not_used,community labels are structural network results; they are not official factions and do not replace original-setting faction metadata
JP19,music,music,妖怪モダンコロニー,现代妖怪殖民地,妖怪モダンコロニー,C-fd8bd73e55e99694,436,1,CC-fd8bd73e55e99694,1,0.0,0,0.0005020920502105469,0.0,0,0.0,louvain,intersection_count,100.0,0.0,1.0,20260801,1.0.0,not_used,community labels are structural network results; they are not official factions and do not replace original-setting faction metadata
JP19,music,music,妖怪上钩,妖怪上钩,妖怪フックオン,C-a339541318a7f641,437,1,CC-a339541318a7f641,1,0.0,0,0.0005020920502105469,0.0,0,0.0,louvain,intersection_count,100.0,0.0,1.0,20260801,1.0.0,not_used,community labels are structural network results; they are not official factions and do not replace original-setting faction metadata
JP19,music,music,妖怪之山,妖怪之山 ～ Mysterious Mountain,妖怪の山　～ Mysterious Mountain,C-dbbaf2fcad64cea0,438,1,CC-dbbaf2fcad64cea0,1,0.0,0,0.0005020920502105469,0.0,0,0.0,louvain,intersection_count,100.0,0.0,1.0,20260801,1.0.0,not_used,community labels are structural network results; they are not official factions and do not replace original-setting faction metadata
JP19,music,music,妖怪宇宙旅行,妖怪宇宙旅行,妖怪宇宙旅行,C-c55d8353312038e5,439,1,CC-c55d8353312038e5,1,0.0,0,0.0005020920502105469,0.0,0,0.0,louvain,intersection_count,100.0,0.0,1.0,20260801,1.0.0,not_used,community labels are structural network results; they are not official factions and do not replace original-setting faction metadata
JP19,music,music,妖怪寺,妖怪寺,妖怪寺,C-02330efb67245766,440,1,CC-02330efb67245766,1,0.0,0,0.0005020920502105469,0.0,0,0.0,louvain,intersection_count,100.0,0.0,1.0,20260801,1.0.0,not_used,community labels are structural network results; they are not official factions and do not replace original-setting faction metadata
JP19,music,music,妖怪寺へようこそ,欢迎来到妖怪寺,妖怪寺へようこそ,C-82a380eeb9764434,441,1,CC-82a380eeb9764434,1,0.0,0,0.0005020920502105469,0.0,0,0.0,louvain,intersection_count,100.0,0.0,1.0,20260801,1.0.0,not_used,community labels are structural network results; they are not official factions and do not replace original-setting faction metadata
JP19,music,music,妖怪裏参道,后院的妖怪参拜道,妖怪裏参道,C-ce32c1d6392b0a6e,442,1,CC-ce32c1d6392b0a6e,1,0.0,0,0.0005020920502105469,0.0,0,0.0,louvain,intersection_count,100.0,0.0,1.0,20260801,1.0.0,not_used,community labels are structural network results; they are not official factions and do not replace original-setting faction metadata
JP19,music,music,妖異達の通り雨,妖异们的骤雨,妖異達の通り雨,C-f178248bb2ec230c,443,1,CC-f178248bb2ec230c,1,0.0,0,0.0005020920502105469,0.0,0,0.0,louvain,intersection_count,100.0,0.0,1.0,20260801,1.0.0,not_used,community labels are structural network results; they are not official factions and do not replace original-setting faction metadata
JP19,music,music,妖精冒险谭,妖精冒险谭,フェアリー冒険譚,C-53d3193e64900d14,444,1,CC-53d3193e64900d14,1,0.0,0,0.0005020920502105469,0.0,0,0.0,louvain,intersection_count,100.0,0.0,1.0,20260801,1.0.0,not_used,community labels are structural network results; they are not official factions and do not replace original-setting faction metadata
JP19,music,music,妖精大战争,妖精大战争 ～ Fairy Wars,妖精大戦争　～ Fairy Wars,C-bc148c5bca129230,445,1,CC-bc148c5bca129230,1,0.0,0,0.0005020920502105469,0.0,0,0.0,louvain,intersection_count,100.0,0.0,1.0,20260801,1.0.0,not_used,community labels are structural network results; they are not official factions and do not replace original-setting faction metadata
JP19,music,music,妖精大戦争fairywars,妖精大战争 ～ Fairy Wars,妖精大戦争　～ Fairy Wars,C-5849db31089f364e,446,1,CC-5849db31089f364e,1,0.0,0,0.0005020920502105469,0.0,0,0.0,louvain,intersection_count,100.0,0.0,1.0,20260801,1.0.0,not_used,community labels are structural network results; they are not official factions and do not replace original-setting faction metadata
JP19,music,music,妖精灿烂的样子,妖精灿烂的样子,妖精燦々として,C-393c7a92cdd86032,447,1,CC-393c7a92cdd86032,1,0.0,0,0.0005020920502105469,0.0,0,0.0,louvain,intersection_count,100.0,0.0,1.0,20260801,1.0.0,not_used,community labels are structural network results; they are not official factions and do not replace original-setting faction metadata
JP19,music,music,妖精燦々として,妖精灿烂的样子,妖精燦々として,C-fdf2af9a90f6730f,448,1,CC-fdf2af9a90f6730f,1,0.0,0,0.0005020920502105469,0.0,0,0.0,louvain,intersection_count,100.0,0.0,1.0,20260801,1.0.0,not_used,community labels are structural network results; they are not official factions and do not replace original-setting faction metadata
JP19,music,music,孤独なウェアウルフ,孤独的狼人,孤独なウェアウルフ,C-3715c025fd401512,449,1,CC-3715c025fd401512,1,0.0,0,0.0005020920502105469,0.0,0,0.0,louvain,intersection_count,100.0,0.0,1.0,20260801,1.0.0,not_used,community labels are structural network results; they are not official factions and do not replace original-setting faction metadata
JP19,music,music,孤独的狼人,孤独的狼人,孤独なウェアウルフ,C-e6e772d6645cc353,450,1,CC-e6e772d6645cc353,1,0.0,0,0.0005020920502105469,0.0,0,0.0,louvain,intersection_count,100.0,0.0,1.0,20260801,1.0.0,not_used,community labels are structural network results; they are not official factions and do not replace original-setting faction metadata
JP19,music,music,宇佐大人的白旗,宇佐大人的白旗,お宇佐さまの素い幡,C-551382f829b6e607,451,1,CC-551382f829b6e607,1,0.0,0,0.0005020920502105469,0.0,0,0.0,louvain,intersection_count,100.0,0.0,1.0,20260801,1.0.0,not_used,community labels are structural network results; they are not official factions and do not replace original-setting faction metadata
JP19,music,music,宇宙に浮かぶ幻想郷,漂浮于宇宙之中的幻想乡,宇宙に浮かぶ幻想郷,C-c7d43d214577a3a4,452,1,CC-c7d43d214577a3a4,1,0.0,0,0.0005020920502105469,0.0,0,0.0,louvain,intersection_count,100.0,0.0,1.0,20260801,1.0.0,not_used,community labels are structural network results; they are not official factions and do not replace original-setting faction metadata
JP19,music,music,宇宙を飛ぶ不思議な巫女,飞翔于宇宙的不可思议巫女,宇宙を飛ぶ不思議な巫女,C-bdf09e09edf28ccf,453,1,CC-bdf09e09edf28ccf,1,0.0,0,0.0005020920502105469,0.0,0,0.0,louvain,intersection_count,100.0,0.0,1.0,20260801,1.0.0,not_used,community labels are structural network results; they are not official factions and do not replace original-setting faction metadata
JP19,music,music,宇宙巫女帰還する,宇宙巫女归还,宇宙巫女帰還する,C-a13b8e4a3801ee4e,454,1,CC-a13b8e4a3801ee4e,1,0.0,0,0.0005020920502105469,0.0,0,0.0,louvain,intersection_count,100.0,0.0,1.0,20260801,1.0.0,not_used,community labels are structural network results; they are not official factions and do not replace original-setting faction metadata
JP19,music,music,宇宙巫女归还,宇宙巫女归还,宇宙巫女帰還する,C-d34e003a424e2491,455,1,CC-d34e003a424e2491,1,0.0,0,0.0005020920502105469,0.0,0,0.0,louvain,intersection_count,100.0,0.0,1.0,20260801,1.0.0,not_used,community labels are structural network results; they are not official factions and do not replace original-setting faction metadata
JP19,music,music,宇宙巫女现身,宇宙巫女现身,宇宙巫女現る,C-3f7f627c45a81a47,456,1,CC-3f7f627c45a81a47,1,0.0,0,0.0005020920502105469,0.0,0,0.0,louvain,intersection_count,100.0,0.0,1.0,20260801,1.0.0,not_used,community labels are structural network results; they are not official factions and do not replace original-setting faction metadata
JP19,music,music,宇宙巫女現る,宇宙巫女现身,宇宙巫女現る,C-044a93163fc42683,457,1,CC-044a93163fc42683,1,0.0,0,0.0005020920502105469,0.0,0,0.0,louvain,intersection_count,100.0,0.0,1.0,20260801,1.0.0,not_used,community labels are structural network results; they are not official factions and do not replace original-setting faction metadata
JP19,music,music,守旧老爹与前卫少女,守旧老爹与前卫少女,時代親父とハイカラ少女,C-a93dd37904657ed1,458,1,CC-a93dd37904657ed1,1,0.0,0,0.0005020920502105469,0.0,0,0.0,louvain,intersection_count,100.0,0.0,1.0,20260801,1.0.0,not_used,community labels are structural network results; they are not official factions and do not replace original-setting faction metadata
JP19,music,music,官板黄昏新聞,官板黄昏新闻,官板黄昏新聞,C-84269da9fb9d6af6,459,1,CC-84269da9fb9d6af6,1,0.0,0,0.0005020920502105469,0.0,0,0.0,louvain,intersection_count,100.0,0.0,1.0,20260801,1.0.0,not_used,community labels are structural network results; they are not official factions and do not replace original-setting faction metadata
JP19,music,music,官板黄昏新闻,官板黄昏新闻,官板黄昏新聞,C-fc0572b49eb7500b,460,1,CC-fc0572b49eb7500b,1,0.0,0,0.0005020920502105469,0.0,0,0.0,louvain,intersection_count,100.0,0.0,1.0,20260801,1.0.0,not_used,community labels are structural network results; they are not official factions and do not replace original-setting faction metadata
JP19,music,music,宵暗的魔术师,宵暗的魔术师,宵闇の魔術師,C-b53f4621c3f90b70,461,1,CC-b53f4621c3f90b70,1,0.0,0,0.0005020920502105469,0.0,0,0.0,louvain,intersection_count,100.0,0.0,1.0,20260801,1.0.0,not_used,community labels are structural network results; they are not official factions and do not replace original-setting faction metadata
JP19,music,music,宵闇の魔術師,宵暗的魔术师,宵闇の魔術師,C-3bcb1164f193e57c,462,1,CC-3bcb1164f193e57c,1,0.0,0,0.0005020920502105469,0.0,0,0.0,louvain,intersection_count,100.0,0.0,1.0,20260801,1.0.0,not_used,community labels are structural network results; they are not official factions and do not replace original-setting faction metadata
JP19,music,music,宿醉者的同床异梦,宿醉者的同床异梦,二日酔いの同床異夢,C-41f7b8b4f7c2e888,463,1,CC-41f7b8b4f7c2e888,1,0.0,0,0.0005020920502105469,0.0,0,0.0,louvain,intersection_count,100.0,0.0,1.0,20260801,1.0.0,not_used,community labels are structural network results; they are not official factions and do not replace original-setting faction metadata
JP19,music,music,寄世界于偶像,寄世界于偶像 ～ Idoratrize World,偶像に世界を委ねて　〜Idoratrize World,C-1797a5fc1ca0733d,464,1,CC-1797a5fc1ca0733d,1,0.0,0,0.0005020920502105469,0.0,0,0.0,louvain,intersection_count,100.0,0.0,1.0,20260801,1.0.0,not_used,community labels are structural network results; they are not official factions and do not replace original-setting faction metadata
JP19,music,music,对跖点之钟,对跖点之钟,対蹠地の鐘,C-9042614964db2b1a,465,1,CC-9042614964db2b1a,1,0.0,0,0.0005020920502105469,0.0,0,0.0,louvain,intersection_count,100.0,0.0,1.0,20260801,1.0.0,not_used,community labels are structural network results; they are not official factions and do not replace original-setting faction metadata
JP19,music,music,対蹠地の鐘,对跖点之钟,対蹠地の鐘,C-be9521f3fe6c0a29,466,1,CC-be9521f3fe6c0a29,1,0.0,0,0.0005020920502105469,0.0,0,0.0,louvain,intersection_count,100.0,0.0,1.0,20260801,1.0.0,not_used,community labels are structural network results; they are not official factions and do not replace original-setting faction metadata
JP19,music,music,封じられた妖怪lostplace,被封印的妖怪 ～ Lost Place,封じられた妖怪　～ Lost Place,C-3e530b1160b2258c,467,1,CC-3e530b1160b2258c,1,0.0,0,0.0005020920502105469,0.0,0,0.0,louvain,intersection_count,100.0,0.0,1.0,20260801,1.0.0,not_used,community labels are structural network results; they are not official factions and do not replace original-setting faction metadata
JP19,music,music,封印されし神々,被封印的众神,封印されし神々,C-550bae8015767bdc,468,1,CC-550bae8015767bdc,1,0.0,0,0.0005020920502105469,0.0,0,0.0,louvain,intersection_count,100.0,0.0,1.0,20260801,1.0.0,not_used,community labels are structural network results; they are not official factions and do not replace original-setting faction metadata
JP19,music,music,封闭的云中通路,封闭的云中通路,閉ざせし雲の通い路,C-49e7ea244be3ea33,469,1,CC-49e7ea244be3ea33,1,0.0,0,0.0005020920502105469,0.0,0,0.0,louvain,intersection_count,100.0,0.0,1.0,20260801,1.0.0,not_used,community labels are structural network results; they are not official factions and do not replace original-setting faction metadata
JP19,music,music,封魔終演,封魔终演,封魔終演,C-5c6432da16364f49,470,1,CC-5c6432da16364f49,1,0.0,0,0.0005020920502105469,0.0,0,0.0,louvain,intersection_count,100.0,0.0,1.0,20260801,1.0.0,not_used,community labels are structural network results; they are not official factions and do not replace original-setting faction metadata
JP19,music,music,封魔终演,封魔终演,封魔終演,C-0c126081615cfc4b,471,1,CC-0c126081615cfc4b,1,0.0,0,0.0005020920502105469,0.0,0,0.0,louvain,intersection_count,100.0,0.0,1.0,20260801,1.0.0,not_used,community labels are structural network results; they are not official factions and do not replace original-setting faction metadata
JP19,music,music,小さな小さな賢将,小小的贤将,小さな小さな賢将,C-59d12cde358d594b,472,1,CC-59d12cde358d594b,1,0.0,0,0.0005020920502105469,0.0,0,0.0,louvain,intersection_count,100.0,0.0,1.0,20260801,1.0.0,not_used,community labels are structural network results; they are not official factions and do not replace original-setting faction metadata
JP19,music,music,小さな欲望の星空,小小欲望的星空,小さな欲望の星空,C-af72e9f23332e2a5,473,1,CC-af72e9f23332e2a5,1,0.0,0,0.0005020920502105469,0.0,0,0.0,louvain,intersection_count,100.0,0.0,1.0,20260801,1.0.0,not_used,community labels are structural network results; they are not official factions and do not replace original-setting faction metadata
JP19,music,music,小小欲望的星空,小小欲望的星空,小さな欲望の星空,C-3fb5c08d0d02a6b3,474,1,CC-3fb5c08d0d02a6b3,1,0.0,0,0.0005020920502105469,0.0,0,0.0,louvain,intersection_count,100.0,0.0,1.0,20260801,1.0.0,not_used,community labels are structural network results; they are not official factions and do not replace original-setting faction metadata
JP19,music,music,小小的贤将,小小的贤将,小さな小さな賢将,C-53e5648f36826dc7,475,1,CC-53e5648f36826dc7,1,0.0,0,0.0005020920502105469,0.0,0,0.0,louvain,intersection_count,100.0,0.0,1.0,20260801,1.0.0,not_used,community labels are structural network results; they are not official factions and do not replace original-setting faction metadata
JP19,music,music,小槌の魔力,小槌的魔力,小槌の魔力,C-c5c4d9f1e8f2ce97,476,1,CC-c5c4d9f1e8f2ce97,1,0.0,0,0.0005020920502105469,0.0,0,0.0,louvain,intersection_count,100.0,0.0,1.0,20260801,1.0.0,not_used,community labels are structural network results; they are not official factions and do not replace original-setting faction metadata
JP19,music,music,小槌的魔力,小槌的魔力,小槌の魔力,C-1cabc5c4b6dbab17,477,1,CC-1cabc5c4b6dbab17,1,0.0,0,0.0005020920502105469,0.0,0,0.0,louvain,intersection_count,100.0,0.0,1.0,20260801,1.0.0,not_used,community labels are structural network results; they are not official factions and do not replace original-setting faction metadata
JP19,music,music,少女幻葬,少女幻葬 ～ Necro-Fantasy,少女幻葬　～ Necro-Fantasy,C-3e8326bf8257a4f8,478,1,CC-3e8326bf8257a4f8,1,0.0,0,0.0005020920502105469,0.0,0,0.0,louvain,intersection_count,100.0,0.0,1.0,20260801,1.0.0,not_used,community labels are structural network results; they are not official factions and do not replace original-setting faction metadata
JP19,music,music,少女战士heartofvalkyrie,少女战士 ～ Heart of Valkyrie,乙女戦士　～ Heart of Valkyrie,C-d74751a08b7ba8ad,479,1,CC-d74751a08b7ba8ad,1,0.0,0,0.0005020920502105469,0.0,0,0.0,louvain,intersection_count,100.0,0.0,1.0,20260801,1.0.0,not_used,community labels are structural network results; they are not official factions and do not replace original-setting faction metadata
JP19,music,music,少女曾见的日本原风景,少女曾见的日本原风景,少女が見た日本の原風景,C-54d35226033a2272,480,1,CC-54d35226033a2272,1,0.0,0,0.0005020920502105469,0.0,0,0.0,louvain,intersection_count,100.0,0.0,1.0,20260801,1.0.0,not_used,community labels are structural network results; they are not official factions and do not replace original-setting faction metadata
JP19,music,music,少女神性pandorasbox,少女神性 ～ Pandora's Box,少女神性　～ Pandora's Box,C-53fd53ab4cc45c4e,481,1,CC-53fd53ab4cc45c4e,1,0.0,0,0.0005020920502105469,0.0,0,0.0,louvain,intersection_count,100.0,0.0,1.0,20260801,1.0.0,not_used,community labels are structural network results; they are not official factions and do not replace original-setting faction metadata
JP19,music,music,少女秘封俱乐部,少女秘封俱乐部,少女秘封倶楽部,C-78ff5117fe032c2f,482,1,CC-78ff5117fe032c2f,1,0.0,0,0.0005020920502105469,0.0,0,0.0,louvain,intersection_count,100.0,0.0,1.0,20260801,1.0.0,not_used,community labels are structural network results; they are not official factions and do not replace original-setting faction metadata
JP19,music,music,少女绮想曲,少女绮想曲,少女綺想曲,C-70a242526a84b1b2,483,1,CC-70a242526a84b1b2,1,0.0,0,0.0005020920502105469,0.0,0,0.0,louvain,intersection_count,100.0,0.0,1.0,20260801,1.0.0,not_used,community labels are structural network results; they are not official factions and do not replace original-setting faction metadata
JP19,music,music,少女觉,少女觉 ～ 3rd eye,少女さとり　～ 3rd eye,C-12932912d3836716,484,1,CC-12932912d3836716,1,0.0,0,0.0005020920502105469,0.0,0,0.0,louvain,intersection_count,100.0,0.0,1.0,20260801,1.0.0,not_used,community labels are structural network results; they are not official factions and do not replace original-setting faction metadata
JP19,music,music,尘世不变的悲观主义,尘世不变的悲观主义,塵界不変のペシミズム,C-67206b03d6cb7f81,485,1,CC-67206b03d6cb7f81,1,0.0,0,0.0005020920502105469,0.0,0,0.0,louvain,intersection_count,100.0,0.0,1.0,20260801,1.0.0,not_used,community labels are structural network results; they are not official factions and do not replace original-setting faction metadata
JP19,music,music,尸体旅行,尸体旅行 ～ Be of good cheer!,死体旅行　～ Be of good cheer!,C-87d0edff11639aac,486,1,CC-87d0edff11639aac,1,0.0,0,0.0005020920502105469,0.0,0,0.0,louvain,intersection_count,100.0,0.0,1.0,20260801,1.0.0,not_used,community labels are structural network results; they are not official factions and do not replace original-setting faction metadata
JP19,music,music,山奥のエンカウンター,深山的遭遇,山奥のエンカウンター,C-f233534ec373c7ce,487,1,CC-f233534ec373c7ce,1,0.0,0,0.0005020920502105469,0.0,0,0.0,louvain,intersection_count,100.0,0.0,1.0,20260801,1.0.0,not_used,community labels are structural network results; they are not official factions and do not replace original-setting faction metadata
JP19,music,music,山脚的神社,山脚的神社,麓の神社,C-985bafcabd2b22fa,488,1,CC-985bafcabd2b22fa,1,0.0,0,0.0005020920502105469,0.0,0,0.0,louvain,intersection_count,100.0,0.0,1.0,20260801,1.0.0,not_used,community labels are structural network results; they are not official factions and do not replace original-setting faction metadata
JP19,music,music,嵐の後の日曜日,风暴过后的星期日,嵐の後の日曜日,C-d4ef2100308bea6e,489,1,CC-d4ef2100308bea6e,1,0.0,0,0.0005020920502105469,0.0,0,0.0,louvain,intersection_count,100.0,0.0,1.0,20260801,1.0.0,not_used,community labels are structural network results; they are not official factions and do not replace original-setting faction metadata
JP19,music,music,巨大な影と小さな結末,巨大的影子与渺小的结局,巨大な影と小さな結末,C-e3b47d0482ee4550,490,1,CC-e3b47d0482ee4550,1,0.0,0,0.0005020920502105469,0.0,0,0.0,louvain,intersection_count,100.0,0.0,1.0,20260801,1.0.0,not_used,community labels are structural network results; they are not official factions and do not replace original-setting faction metadata
JP19,music,music,巨大的影子与渺小的结局,巨大的影子与渺小的结局,巨大な影と小さな結末,C-89b806f17d28f5df,491,1,CC-89b806f17d28f5df,1,0.0,0,0.0005020920502105469,0.0,0,0.0,louvain,intersection_count,100.0,0.0,1.0,20260801,1.0.0,not_used,community labels are structural network results; they are not official factions and do not replace original-setting faction metadata
JP19,music,music,已经只能听见歌声了,已经只能听见歌声了,もう歌しか聞こえない,C-e8fd9507bfbc8e85,492,1,CC-e8fd9507bfbc8e85,1,0.0,0,0.0005020920502105469,0.0,0,0.0,louvain,intersection_count,100.0,0.0,1.0,20260801,1.0.0,not_used,community labels are structural network results; they are not official factions and do not replace original-setting faction metadata
JP19,music,music,布加勒斯特的人偶师,布加勒斯特的人偶师,ブクレシュティの人形師,C-50b734298baa1c31,493,1,CC-50b734298baa1c31,1,0.0,0,0.0005020920502105469,0.0,0,0.0,louvain,intersection_count,100.0,0.0,1.0,20260801,1.0.0,not_used,community labels are structural network results; they are not official factions and do not replace original-setting faction metadata
JP19,music,music,希望の星は青霄に昇る,希望之星直升青霄,希望の星は青霄に昇る,C-4ea4eb8990c54b7e,494,1,CC-4ea4eb8990c54b7e,1,0.0,0,0.0005020920502105469,0.0,0,0.0,louvain,intersection_count,100.0,0.0,1.0,20260801,1.0.0,not_used,community labels are structural network results; they are not official factions and do not replace original-setting faction metadata
JP19,music,music,希望之星直升青霄,希望之星直升青霄,希望の星は青霄に昇る,C-74f4e9b00c3464c5,495,1,CC-74f4e9b00c3464c5,1,0.0,0,0.0005020920502105469,0.0,0,0.0,louvain,intersection_count,100.0,0.0,1.0,20260801,1.0.0,not_used,community labels are structural network results; they are not official factions and do not replace original-setting faction metadata
JP19,music,music,平安时代的外星人,平安时代的外星人,平安のエイリアン,C-d553c29f40db08b9,496,1,CC-d553c29f40db08b9,1,0.0,0,0.0005020920502105469,0.0,0,0.0,louvain,intersection_count,100.0,0.0,1.0,20260801,1.0.0,not_used,community labels are structural network results; they are not official factions and do not replace original-setting faction metadata
JP19,music,music,年中夢中の好奇心,时刻旺盛的好奇心,年中夢中の好奇心,C-0a7c9649f0bfa162,497,1,CC-0a7c9649f0bfa162,1,0.0,0,0.0005020920502105469,0.0,0,0.0,louvain,intersection_count,100.0,0.0,1.0,20260801,1.0.0,not_used,community labels are structural network results; they are not official factions and do not replace original-setting faction metadata
JP19,music,music,幻夢界,幻梦界,幻夢界,C-c66336b264317563,498,1,CC-c66336b264317563,1,0.0,0,0.0005020920502105469,0.0,0,0.0,louvain,intersection_count,100.0,0.0,1.0,20260801,1.0.0,not_used,community labels are structural network results; they are not official factions and do not replace original-setting faction metadata
JP19,music,music,幻想の住人,幻想的居民,幻想の住人,C-77611e2be31f5bb0,499,1,CC-77611e2be31f5bb0,1,0.0,0,0.0005020920502105469,0.0,0,0.0,louvain,intersection_count,100.0,0.0,1.0,20260801,1.0.0,not_used,community labels are structural network results; they are not official factions and do not replace original-setting faction metadata
JP19,music,music,幻想の永遠祭,幻想的永远祭,幻想の永遠祭,C-55eebe63bae70d80,500,1,CC-55eebe63bae70d80,1,0.0,0,0.0005020920502105469,0.0,0,0.0,louvain,intersection_count,100.0,0.0,1.0,20260801,1.0.0,not_used,community labels are structural network results; they are not official factions and do not replace original-setting faction metadata
JP19,music,music,幻想乡lotuslandstory,幻想乡 ～ Lotus Land Story,幻想郷　～ Lotus Land Story,C-dbbd7b52b6607bec,501,1,CC-dbbd7b52b6607bec,1,0.0,0,0.0005020920502105469,0.0,0,0.0,louvain,intersection_count,100.0,0.0,1.0,20260801,1.0.0,not_used,community labels are structural network results; they are not official factions and do not replace original-setting faction metadata
JP19,music,music,幻想乡不可思议发现,幻想乡不可思议发现,幻想郷ふしぎ発見,C-9220291de8e11f3b,502,1,CC-9220291de8e11f3b,1,0.0,0,0.0005020920502105469,0.0,0,0.0,louvain,intersection_count,100.0,0.0,1.0,20260801,1.0.0,not_used,community labels are structural network results; they are not official factions and do not replace original-setting faction metadata
JP19,music,music,幻想乡的二岩,幻想乡的二岩,幻想郷の二ッ岩,C-9d4076ade7e5b41d,503,1,CC-9d4076ade7e5b41d,1,0.0,0,0.0005020920502105469,0.0,0,0.0,louvain,intersection_count,100.0,0.0,1.0,20260801,1.0.0,not_used,community labels are structural network results; they are not official factions and do not replace original-setting faction metadata
JP19,music,music,幻想净琉璃,幻想净琉璃,幻想浄瑠璃,C-e1a36879b0299a0d,504,1,CC-e1a36879b0299a0d,1,0.0,0,0.0005020920502105469,0.0,0,0.0,louvain,intersection_count,100.0,0.0,1.0,20260801,1.0.0,not_used,community labels are structural network results; they are not official factions and do not replace original-setting faction metadata
JP19,music,music,幻想地下大轨道网,幻想地下大轨道网,幻想の地下大線路網,C-3b82b4685979e9b6,505,1,CC-3b82b4685979e9b6,1,0.0,0,0.0005020920502105469,0.0,0,0.0,louvain,intersection_count,100.0,0.0,1.0,20260801,1.0.0,not_used,community labels are structural network results; they are not official factions and do not replace original-setting faction metadata
JP19,music,music,幻想帝都,幻想帝都,幻想帝都,C-15858233f3eb3836,506,1,CC-15858233f3eb3836,1,0.0,0,0.0005020920502105469,0.0,0,0.0,louvain,intersection_count,100.0,0.0,1.0,20260801,1.0.0,not_used,community labels are structural network results; they are not official factions and do not replace original-setting faction metadata
JP19,music,music,幻想的whitetraveler,幻想的White Traveler,幻想のホワイトトラベラー,C-d21eeaa8e05cb9f9,507,1,CC-d21eeaa8e05cb9f9,1,0.0,0,0.0005020920502105469,0.0,0,0.0,louvain,intersection_count,100.0,0.0,1.0,20260801,1.0.0,not_used,community labels are structural network results; they are not official factions and do not replace original-setting faction metadata
JP19,music,music,幻想的居民,幻想的居民,幻想の住人,C-61b7a63d83e428f7,508,1,CC-61b7a63d83e428f7,1,0.0,0,0.0005020920502105469,0.0,0,0.0,louvain,intersection_count,100.0,0.0,1.0,20260801,1.0.0,not_used,community labels are structural network results; they are not official factions and do not replace original-setting faction metadata
JP19,music,music,幻想的永远祭,幻想的永远祭,幻想の永遠祭,C-a924601efe41ac23,509,1,CC-a924601efe41ac23,1,0.0,0,0.0005020920502105469,0.0,0,0.0,louvain,intersection_count,100.0,0.0,1.0,20260801,1.0.0,not_used,community labels are structural network results; they are not official factions and do not replace original-setting faction metadata
JP19,music,music,幻想科学幻想机械,幻想科学（幻想机械）,幻想科学（幻想機械）,C-7c71fa1b947a2a59,510,1,CC-7c71fa1b947a2a59,1,0.0,0,0.0005020920502105469,0.0,0,0.0,louvain,intersection_count,100.0,0.0,1.0,20260801,1.0.0,not_used,community labels are structural network results; they are not official factions and do not replace original-setting faction metadata
JP19,music,music,幻想科学幻想機械,幻想科学（幻想机械）,幻想科学（幻想機械）,C-e0465bf542ead198,511,1,CC-e0465bf542ead198,1,0.0,0,0.0005020920502105469,0.0,0,0.0,louvain,intersection_count,100.0,0.0,1.0,20260801,1.0.0,not_used,community labels are structural network results; they are not official factions and do not replace original-setting faction metadata
JP19,music,music,幻想郷lotuslandstory,幻想乡 ～ Lotus Land Story,幻想郷　～ Lotus Land Story,C-bd2f4a542eacda90,512,1,CC-bd2f4a542eacda90,1,0.0,0,0.0005020920502105469,0.0,0,0.0,louvain,intersection_count,100.0,0.0,1.0,20260801,1.0.0,not_used,community labels are structural network results; they are not official factions and do not replace original-setting faction metadata
JP19,music,music,幻想郷の二ッ岩,幻想乡的二岩,幻想郷の二ッ岩,C-eef3b35dcb8c7b72,513,1,CC-eef3b35dcb8c7b72,1,0.0,0,0.0005020920502105469,0.0,0,0.0,louvain,intersection_count,100.0,0.0,1.0,20260801,1.0.0,not_used,community labels are structural network results; they are not official factions and do not replace original-setting faction metadata
JP19,music,music,幻想郷ふしぎ発見,幻想乡不可思议发现,幻想郷ふしぎ発見,C-b06438d18fa7f479,514,1,CC-b06438d18fa7f479,1,0.0,0,0.0005020920502105469,0.0,0,0.0,louvain,intersection_count,100.0,0.0,1.0,20260801,1.0.0,not_used,community labels are structural network results; they are not official factions and do not replace original-setting faction metadata
JP19,music,music,幻梦界,幻梦界,幻夢界,C-6543276cb8368cd0,515,1,CC-6543276cb8368cd0,1,0.0,0,0.0005020920502105469,0.0,0,0.0,louvain,intersection_count,100.0,0.0,1.0,20260801,1.0.0,not_used,community labels are structural network results; they are not official factions and do not replace original-setting faction metadata
JP19,music,music,幻視の夜ghostlyeyes,幻视之夜 ～ Ghostly Eyes,幻視の夜　～ Ghostly Eyes,C-ea4267bc09ebedcd,516,1,CC-ea4267bc09ebedcd,1,0.0,0,0.0005020920502105469,0.0,0,0.0,louvain,intersection_count,100.0,0.0,1.0,20260801,1.0.0,not_used,community labels are structural network results; they are not official factions and do not replace original-setting faction metadata
JP19,music,music,幻视之夜ghostlyeyes,幻视之夜 ～ Ghostly Eyes,幻視の夜　～ Ghostly Eyes,C-b7cbda5db0c296c8,517,1,CC-b7cbda5db0c296c8,1,0.0,0,0.0005020920502105469,0.0,0,0.0,louvain,intersection_count,100.0,0.0,1.0,20260801,1.0.0,not_used,community labels are structural network results; they are not official factions and do not replace original-setting faction metadata
JP19,music,music,幼小的有顶天,幼小的有顶天,幼心地の有頂天,C-41854f1eab58e08c,518,1,CC-41854f1eab58e08c,1,0.0,0,0.0005020920502105469,0.0,0,0.0,louvain,intersection_count,100.0,0.0,1.0,20260801,1.0.0,not_used,community labels are structural network results; they are not official factions and do not replace original-setting faction metadata
JP19,music,music,幽境,幽境,幽境,C-33e542f2e41d4800,519,1,CC-33e542f2e41d4800,1,0.0,0,0.0005020920502105469,0.0,0,0.0,louvain,intersection_count,100.0,0.0,1.0,20260801,1.0.0,not_used,community labels are structural network results; they are not official factions and do not replace original-setting faction metadata
JP19,music,music,幽夢inanimatedream,幽梦 ～ Inanimate Dream,幽夢　～ Inanimate Dream,C-6c8678dff3eae8e7,520,1,CC-6c8678dff3eae8e7,1,0.0,0,0.0005020920502105469,0.0,0,0.0,louvain,intersection_count,100.0,0.0,1.0,20260801,1.0.0,not_used,community labels are structural network results; they are not official factions and do not replace original-setting faction metadata
JP19,music,music,幽梦inanimatedream,幽梦 ～ Inanimate Dream,幽夢　～ Inanimate Dream,C-efa639ab8909755e,521,1,CC-efa639ab8909755e,1,0.0,0,0.0005020920502105469,0.0,0,0.0,louvain,intersection_count,100.0,0.0,1.0,20260801,1.0.0,not_used,community labels are structural network results; they are not official factions and do not replace original-setting faction metadata
JP19,music,music,幽灵乐团,幽灵乐团 ～ Phantom Ensemble,幽霊楽団　～ Phantom Ensemble,C-75d5113aba479050,522,1,CC-75d5113aba479050,1,0.0,0,0.0005020920502105469,0.0,0,0.0,louvain,intersection_count,100.0,0.0,1.0,20260801,1.0.0,not_used,community labels are structural network results; they are not official factions and do not replace original-setting faction metadata
JP19,music,music,幽灵客船的穿越时空之旅,幽灵客船的穿越时空之旅,幽霊客船の時空を越えた旅,C-08f35b580ed81564,523,1,CC-08f35b580ed81564,1,0.0,0,0.0005020920502105469,0.0,0,0.0,louvain,intersection_count,100.0,0.0,1.0,20260801,1.0.0,not_used,community labels are structural network results; they are not official factions and do not replace original-setting faction metadata
JP19,music,music,幽玄の槭樹eternaldream,Eternal Dream ～ 幽玄的枫树,幽玄の槭樹　～ Eternal Dream,C-3e136912dc833fd4,524,1,CC-3e136912dc833fd4,1,0.0,0,0.0005020920502105469,0.0,0,0.0,louvain,intersection_count,100.0,0.0,1.0,20260801,1.0.0,not_used,community labels are structural network results; they are not official factions and do not replace original-setting faction metadata
JP19,music,music,幽雅地绽放吧墨染的樱花,幽雅地绽放吧，墨染的樱花 ～ Border of Life,幽雅に咲かせ、墨染の桜　～ Border of Life,C-28d3adbc3fa4f4cc,525,1,CC-28d3adbc3fa4f4cc,1,0.0,0,0.0005020920502105469,0.0,0,0.0,louvain,intersection_count,100.0,0.0,1.0,20260801,1.0.0,not_used,community labels are structural network results; they are not official factions and do not replace original-setting faction metadata
JP19,music,music,广有射怪鸟事,广有射怪鸟事 ～ Till When?,広有射怪鳥事　～ Till When?,C-8d66c66d00cb4a85,526,1,CC-8d66c66d00cb4a85,1,0.0,0,0.0005020920502105469,0.0,0,0.0,louvain,intersection_count,100.0,0.0,1.0,20260801,1.0.0,not_used,community labels are structural network results; they are not official factions and do not replace original-setting faction metadata
JP19,music,music,广重36号neosuperexpress,广重36号 ～ Neo Super-Express,ヒロシゲ36号　～ Neo Super-Express,C-1a4c334c9878bf1f,527,1,CC-1a4c334c9878bf1f,1,0.0,0,0.0005020920502105469,0.0,0,0.0,louvain,intersection_count,100.0,0.0,1.0,20260801,1.0.0,not_used,community labels are structural network results; they are not official factions and do not replace original-setting faction metadata
JP19,music,music,废狱摇篮曲,废狱摇篮曲,廃獄ララバイ,C-aeac6c0ed428dcf8,528,1,CC-aeac6c0ed428dcf8,1,0.0,0,0.0005020920502105469,0.0,0,0.0,louvain,intersection_count,100.0,0.0,1.0,20260801,1.0.0,not_used,community labels are structural network results; they are not official factions and do not replace original-setting faction metadata
JP19,music,music,廃れゆく産業遺構,日渐荒废的工业遗址,廃れゆく産業遺構,C-ffdc60a3eae026ed,529,1,CC-ffdc60a3eae026ed,1,0.0,0,0.0005020920502105469,0.0,0,0.0,louvain,intersection_count,100.0,0.0,1.0,20260801,1.0.0,not_used,community labels are structural network results; they are not official factions and do not replace original-setting faction metadata
JP19,music,music,开演间近,开演间近,開演間近,C-ab998ef5c1778a30,530,1,CC-ab998ef5c1778a30,1,0.0,0,0.0005020920502105469,0.0,0,0.0,louvain,intersection_count,100.0,0.0,1.0,20260801,1.0.0,not_used,community labels are structural network results; they are not official factions and do not replace original-setting faction metadata
JP19,music,music,异心同体,异心同体,異心同体,C-2ad43a037393cd2d,531,1,CC-2ad43a037393cd2d,1,0.0,0,0.0005020920502105469,0.0,0,0.0,louvain,intersection_count,100.0,0.0,1.0,20260801,1.0.0,not_used,community labels are structural network results; they are not official factions and do not replace original-setting faction metadata
JP19,music,music,弾幕を持てバレットフィリア達よ,拿起弹幕吧，弹幕狂们,弾幕を持て、バレットフィリア達よ,C-235ffd6e453988a7,532,1,CC-235ffd6e453988a7,1,0.0,0,0.0005020920502105469,0.0,0,0.0,louvain,intersection_count,100.0,0.0,1.0,20260801,1.0.0,not_used,community labels are structural network results; they are not official factions and do not replace original-setting faction metadata
JP19,music,music,彼岸帰航riversideview,彼岸归航 ～ Riverside View,彼岸帰航　～ Riverside View,C-a092c1190f7e3d41,533,1,CC-a092c1190f7e3d41,1,0.0,0,0.0005020920502105469,0.0,0,0.0,louvain,intersection_count,100.0,0.0,1.0,20260801,1.0.0,not_used,community labels are structural network results; they are not official factions and do not replace original-setting faction metadata
JP19,music,music,彼岸归航,彼岸归航 ～ Riverside View,彼岸帰航　～ Riverside View,C-aa8f56d147a42459,534,1,CC-aa8f56d147a42459,1,0.0,0,0.0005020920502105469,0.0,0,0.0,louvain,intersection_count,100.0,0.0,1.0,20260801,1.0.0,not_used,community labels are structural network results; they are not official factions and do not replace original-setting faction metadata
JP19,music,music,往来于运河的人与妖,往来于运河的人与妖,運河を行き交う人妖,C-2037d75d4974c7bd,535,1,CC-2037d75d4974c7bd,1,0.0,0,0.0005020920502105469,0.0,0,0.0,louvain,intersection_count,100.0,0.0,1.0,20260801,1.0.0,not_used,community labels are structural network results; they are not official factions and do not replace original-setting faction metadata
JP19,music,music,徜徉于樱色之海,徜徉于樱色之海,桜色の海を泳いで,C-aa783e1a13cbc213,536,1,CC-aa783e1a13cbc213,1,0.0,0,0.0005020920502105469,0.0,0,0.0,louvain,intersection_count,100.0,0.0,1.0,20260801,1.0.0,not_used,community labels are structural network results; they are not official factions and do not replace original-setting faction metadata
JP19,music,music,御伽の国の鬼が島missingpower,御伽之国的鬼岛 ～ Missing Power,御伽の国の鬼が島　～ Missing Power,C-c00ef44d8cd0fa0a,537,1,CC-c00ef44d8cd0fa0a,1,0.0,0,0.0005020920502105469,0.0,0,0.0,louvain,intersection_count,100.0,0.0,1.0,20260801,1.0.0,not_used,community labels are structural network results; they are not official factions and do not replace original-setting faction metadata
JP19,music,music,御伽之国的鬼岛,御伽之国的鬼岛 ～ Missing Power,御伽の国の鬼が島　～ Missing Power,C-ce793db09588d6f9,538,1,CC-ce793db09588d6f9,1,0.0,0,0.0005020920502105469,0.0,0,0.0,louvain,intersection_count,100.0,0.0,1.0,20260801,1.0.0,not_used,community labels are structural network results; they are not official factions and do not replace original-setting faction metadata
JP19,music,music,御柱の墓場graveofbeing,御柱的墓场 ～ Grave of Being,御柱の墓場　～ Grave of Being,C-615722a1f4ff6e72,539,1,CC-615722a1f4ff6e72,1,0.0,0,0.0005020920502105469,0.0,0,0.0,louvain,intersection_count,100.0,0.0,1.0,20260801,1.0.0,not_used,community labels are structural network results; they are not official factions and do not replace original-setting faction metadata
JP19,music,music,御柱的墓场graveofbeing,御柱的墓场 ～ Grave of Being,御柱の墓場　～ Grave of Being,C-f2573a23c7b27bd5,540,1,CC-f2573a23c7b27bd5,1,0.0,0,0.0005020920502105469,0.0,0,0.0,louvain,intersection_count,100.0,0.0,1.0,20260801,1.0.0,not_used,community labels are structural network results; they are not official factions and do not replace original-setting faction metadata
JP19,music,music,心揺さぶる都市伝説,震撼心灵的都市传说,心揺さぶる都市伝説,C-6f792e361791abd4,541,1,CC-6f792e361791abd4,1,0.0,0,0.0005020920502105469,0.0,0,0.0,louvain,intersection_count,100.0,0.0,1.0,20260801,1.0.0,not_used,community labels are structural network results; they are not official factions and do not replace original-setting faction metadata
JP19,music,music,心綺楼囃子,心绮楼囃子,心綺楼囃子,C-9b8bb252e91e471b,542,1,CC-9b8bb252e91e471b,1,0.0,0,0.0005020920502105469,0.0,0,0.0,louvain,intersection_count,100.0,0.0,1.0,20260801,1.0.0,not_used,community labels are structural network results; they are not official factions and do not replace original-setting faction metadata
JP19,music,music,心绮楼囃子,心绮楼囃子,心綺楼囃子,C-160da78ccb1ff1a2,543,1,CC-160da78ccb1ff1a2,1,0.0,0,0.0005020920502105469,0.0,0,0.0,louvain,intersection_count,100.0,0.0,1.0,20260801,1.0.0,not_used,community labels are structural network results; they are not official factions and do not replace original-setting faction metadata
JP19,music,music,忘れがたきよすがの緑,忘不了，那曾依藉的绿意,忘れがたき、よすがの緑,C-967ca6b45dd14eb2,544,1,CC-967ca6b45dd14eb2,1,0.0,0,0.0005020920502105469,0.0,0,0.0,louvain,intersection_count,100.0,0.0,1.0,20260801,1.0.0,not_used,community labels are structural network results; they are not official factions and do not replace original-setting faction metadata
JP19,music,music,忘不了那曾依藉的绿意,忘不了，那曾依藉的绿意,忘れがたき、よすがの緑,C-d6648c89ef19d386,545,1,CC-d6648c89ef19d386,1,0.0,0,0.0005020920502105469,0.0,0,0.0,louvain,intersection_count,100.0,0.0,1.0,20260801,1.0.0,not_used,community labels are structural network results; they are not official factions and do not replace original-setting faction metadata
JP19,music,music,怪綺談mysticsquare,怪绮谈 ～ Mystic Square,怪綺談　～ Mystic Square,C-75950175930b943d,546,1,CC-75950175930b943d,1,0.0,0,0.0005020920502105469,0.0,0,0.0,louvain,intersection_count,100.0,0.0,1.0,20260801,1.0.0,not_used,community labels are structural network results; they are not official factions and do not replace original-setting faction metadata
JP19,music,music,怪绮谈mysticsquare,怪绮谈 ～ Mystic Square,怪綺談　～ Mystic Square,C-1f3e199f839877a2,547,1,CC-1f3e199f839877a2,1,0.0,0,0.0005020920502105469,0.0,0,0.0,louvain,intersection_count,100.0,0.0,1.0,20260801,1.0.0,not_used,community labels are structural network results; they are not official factions and do not replace original-setting faction metadata
JP19,music,music,恋色masterspark,恋色Master spark（恋色Magic）,恋色マスタースパーク（恋色マジック）,C-bf4cc89509889529,548,1,CC-bf4cc89509889529,1,0.0,0,0.0005020920502105469,0.0,0,0.0,louvain,intersection_count,100.0,0.0,1.0,20260801,1.0.0,not_used,community labels are structural network results; they are not official factions and do not replace original-setting faction metadata
JP19,music,music,恒常不变的参庙祀,恒常不变的参庙祀,恒常不変の参廟祀,C-8ff33561969f9602,549,1,CC-8ff33561969f9602,1,0.0,0,0.0005020920502105469,0.0,0,0.0,louvain,intersection_count,100.0,0.0,1.0,20260801,1.0.0,not_used,community labels are structural network results; they are not official factions and do not replace original-setting faction metadata
JP19,music,music,恒常不変の参廟祀,恒常不变的参庙祀,恒常不変の参廟祀,C-2268da10c33097e3,550,1,CC-2268da10c33097e3,1,0.0,0,0.0005020920502105469,0.0,0,0.0,louvain,intersection_count,100.0,0.0,1.0,20260801,1.0.0,not_used,community labels are structural network results; they are not official factions and do not replace original-setting faction metadata
JP19,music,music,悠久の蒸気機関,悠久的蒸汽机关,悠久の蒸気機関,C-916311d84c98334c,551,1,CC-916311d84c98334c,1,0.0,0,0.0005020920502105469,0.0,0,0.0,louvain,intersection_count,100.0,0.0,1.0,20260801,1.0.0,not_used,community labels are structural network results; they are not official factions and do not replace original-setting faction metadata
JP19,music,music,悠久山上鬼,悠久山上鬼,鬼は悠久の山に,C-42a59a9858c9d184,552,1,CC-42a59a9858c9d184,1,0.0,0,0.0005020920502105469,0.0,0,0.0,louvain,intersection_count,100.0,0.0,1.0,20260801,1.0.0,not_used,community labels are structural network results; they are not official factions and do not replace original-setting faction metadata
JP19,music,music,悠久的蒸汽机关,悠久的蒸汽机关,悠久の蒸気機関,C-5179b566d1271d12,553,1,CC-5179b566d1271d12,1,0.0,0,0.0005020920502105469,0.0,0,0.0,louvain,intersection_count,100.0,0.0,1.0,20260801,1.0.0,not_used,community labels are structural network results; they are not official factions and do not replace original-setting faction metadata
JP19,music,music,悪夢日記,噩梦日记,悪夢日記,C-840724f9a75a0f67,554,1,CC-840724f9a75a0f67,1,0.0,0,0.0005020920502105469,0.0,0,0.0,louvain,intersection_count,100.0,0.0,1.0,20260801,1.0.0,not_used,community labels are structural network results; they are not official factions and do not replace original-setting faction metadata
JP19,music,music,悲しき人形dollofmisery,可悲的人偶 ～ Doll of Misery,悲しき人形　～ Doll of Misery,C-25a18216120e561b,555,1,CC-25a18216120e561b,1,0.0,0,0.0005020920502105469,0.0,0,0.0,louvain,intersection_count,100.0,0.0,1.0,20260801,1.0.0,not_used,community labels are structural network results; they are not official factions and do not replace original-setting faction metadata
JP19,music,music,意气洋洋,意气洋洋,意気揚々,C-94113ff4d2582373,556,1,CC-94113ff4d2582373,1,0.0,0,0.0005020920502105469,0.0,0,0.0,louvain,intersection_count,100.0,0.0,1.0,20260801,1.0.0,not_used,community labels are structural network results; they are not official factions and do not replace original-setting faction metadata
JP19,music,music,意気揚々,意气洋洋,意気揚々,C-58627f02ad79f330,557,1,CC-58627f02ad79f330,1,0.0,0,0.0005020920502105469,0.0,0,0.0,louvain,intersection_count,100.0,0.0,1.0,20260801,1.0.0,not_used,community labels are structural network results; they are not official factions and do not replace original-setting faction metadata
JP19,music,music,感情的摩天楼,感情的摩天楼 ～ Cosmic Mind,感情の摩天楼　～ Cosmic Mind,C-8d74e242546e2ee2,558,1,CC-8d74e242546e2ee2,1,0.0,0,0.0005020920502105469,0.0,0,0.0,louvain,intersection_count,100.0,0.0,1.0,20260801,1.0.0,not_used,community labels are structural network results; they are not official factions and do not replace original-setting faction metadata
JP19,music,music,憑依投合,凭投依合,憑依投合,C-0aa135caece792e8,559,1,CC-0aa135caece792e8,1,0.0,0,0.0005020920502105469,0.0,0,0.0,louvain,intersection_count,100.0,0.0,1.0,20260801,1.0.0,not_used,community labels are structural network results; they are not official factions and do not replace original-setting faction metadata
JP19,music,music,憑依華op曲,凭依华（标题曲）,憑依華（OP曲）,C-4e0a248538532cf3,560,1,CC-4e0a248538532cf3,1,0.0,0,0.0005020920502105469,0.0,0,0.0,louvain,intersection_count,100.0,0.0,1.0,20260801,1.0.0,not_used,community labels are structural network results; they are not official factions and do not replace original-setting faction metadata
JP19,music,music,憑坐は夢と現の間にnecrofantasia,凭坐处于梦与现实之间 ～ Necro-Fantasia,憑坐は夢と現の間に　～ Necro-Fantasia,C-0612f8e774901d37,561,1,CC-0612f8e774901d37,1,0.0,0,0.0005020920502105469,0.0,0,0.0,louvain,intersection_count,100.0,0.0,1.0,20260801,1.0.0,not_used,community labels are structural network results; they are not official factions and do not replace original-setting faction metadata
JP19,music,music,成对的神兽,成对的神兽,一対の神獣,C-87585cc8c2da8e69,562,1,CC-87585cc8c2da8e69,1,0.0,0,0.0005020920502105469,0.0,0,0.0,louvain,intersection_count,100.0,0.0,1.0,20260801,1.0.0,not_used,community labels are structural network results; they are not official factions and do not replace original-setting faction metadata
JP19,music,music,我们的非想天则,我们的非想天则,ぼくらの非想天則,C-8a321e89e3db7928,563,1,CC-8a321e89e3db7928,1,0.0,0,0.0005020920502105469,0.0,0,0.0,louvain,intersection_count,100.0,0.0,1.0,20260801,1.0.0,not_used,community labels are structural network results; they are not official factions and do not replace original-setting faction metadata
JP19,music,music,战车娘所做的梦,战车娘所做的梦,戦車むすめのみるゆめ,C-49b380b9ae3a1749,564,1,CC-49b380b9ae3a1749,1,0.0,0,0.0005020920502105469,0.0,0,0.0,louvain,intersection_count,100.0,0.0,1.0,20260801,1.0.0,not_used,community labels are structural network results; they are not official factions and do not replace original-setting faction metadata
JP19,music,music,战迅,战迅,戦迅,C-ae8311e7140107ee,565,1,CC-ae8311e7140107ee,1,0.0,0,0.0005020920502105469,0.0,0,0.0,louvain,intersection_count,100.0,0.0,1.0,20260801,1.0.0,not_used,community labels are structural network results; they are not official factions and do not replace original-setting faction metadata
JP19,music,music,戦車むすめのみるゆめ,战车娘所做的梦,戦車むすめのみるゆめ,C-c4b827035f38300d,566,1,CC-c4b827035f38300d,1,0.0,0,0.0005020920502105469,0.0,0,0.0,louvain,intersection_count,100.0,0.0,1.0,20260801,1.0.0,not_used,community labels are structural network results; they are not official factions and do not replace original-setting faction metadata
JP19,music,music,戦迅,战迅,戦迅,C-e36d4a6ea2abd299,567,1,CC-e36d4a6ea2abd299,1,0.0,0,0.0005020920502105469,0.0,0,0.0,louvain,intersection_count,100.0,0.0,1.0,20260801,1.0.0,not_used,community labels are structural network results; they are not official factions and do not replace original-setting faction metadata
JP19,music,music,拿起弹幕吧弹幕狂们,拿起弹幕吧，弹幕狂们,弾幕を持て、バレットフィリア達よ,C-a69e29e02479326a,568,1,CC-a69e29e02479326a,1,0.0,0,0.0005020920502105469,0.0,0,0.0,louvain,intersection_count,100.0,0.0,1.0,20260801,1.0.0,not_used,community labels are structural network results; they are not official factions and do not replace original-setting faction metadata
JP19,music,music,收藏家的忧郁午后,收藏家的忧郁午后,コレクターの憂鬱な午後,C-ece7ef39ffee33d1,569,1,CC-ece7ef39ffee33d1,1,0.0,0,0.0005020920502105469,0.0,0,0.0,louvain,intersection_count,100.0,0.0,1.0,20260801,1.0.0,not_used,community labels are structural network results; they are not official factions and do not replace original-setting faction metadata
JP19,music,music,收集日本各地的不可思议,收集日本各地的不可思议,日本中の不思議を集めて,C-d057ee0aeb120ca6,570,1,CC-d057ee0aeb120ca6,1,0.0,0,0.0005020920502105469,0.0,0,0.0,louvain,intersection_count,100.0,0.0,1.0,20260801,1.0.0,not_used,community labels are structural network results; they are not official factions and do not replace original-setting faction metadata
JP19,music,music,放縦不羈,放纵不羁,放縦不羈,C-8087d96daff90dae,571,1,CC-8087d96daff90dae,1,0.0,0,0.0005020920502105469,0.0,0,0.0,louvain,intersection_count,100.0,0.0,1.0,20260801,1.0.0,not_used,community labels are structural network results; they are not official factions and do not replace original-setting faction metadata
JP19,music,music,放纵不羁,放纵不羁,放縦不羈,C-4f5493bbdd31bf81,572,1,CC-4f5493bbdd31bf81,1,0.0,0,0.0005020920502105469,0.0,0,0.0,louvain,intersection_count,100.0,0.0,1.0,20260801,1.0.0,not_used,community labels are structural network results; they are not official factions and do not replace original-setting faction metadata
JP19,music,music,故乡之星倒映之海,故乡之星倒映之海,故郷の星が映る海,C-0c4ec23f52b3bba1,573,1,CC-0c4ec23f52b3bba1,1,0.0,0,0.0005020920502105469,0.0,0,0.0,louvain,intersection_count,100.0,0.0,1.0,20260801,1.0.0,not_used,community labels are structural network results; they are not official factions and do not replace original-setting faction metadata
JP19,music,music,散发着香气的树叶花,散发着香气的树叶花,香る樹葉花,C-290e85fa07925f0d,574,1,CC-290e85fa07925f0d,1,0.0,0,0.0005020920502105469,0.0,0,0.0,louvain,intersection_count,100.0,0.0,1.0,20260801,1.0.0,not_used,community labels are structural network results; they are not official factions and do not replace original-setting faction metadata
JP19,music,music,斯普特尼克幻夜,斯普特尼克幻夜,スプートニク幻夜,C-25b0ca405b9fdca6,575,1,CC-25b0ca405b9fdca6,1,0.0,0,0.0005020920502105469,0.0,0,0.0,louvain,intersection_count,100.0,0.0,1.0,20260801,1.0.0,not_used,community labels are structural network results; they are not official factions and do not replace original-setting faction metadata
JP19,music,music,新幻想newfantasy,新幻想 ～ New Fantasy,新幻想　～ New Fantasy,C-ad436b9bc9af21a5,576,1,CC-ad436b9bc9af21a5,1,0.0,0,0.0005020920502105469,0.0,0,0.0,louvain,intersection_count,100.0,0.0,1.0,20260801,1.0.0,not_used,community labels are structural network results; they are not official factions and do not replace original-setting faction metadata
JP19,music,music,无人气的场所,无人气的场所,人気のない場所,C-f2b4d0ef9cd30214,577,1,CC-f2b4d0ef9cd30214,1,0.0,0,0.0005020920502105469,0.0,0,0.0,louvain,intersection_count,100.0,0.0,1.0,20260801,1.0.0,not_used,community labels are structural network results; they are not official factions and do not replace original-setting faction metadata
JP19,music,music,无何有之乡deepmountain,无何有之乡 ～ Deep Mountain,無何有の郷　～ Deep Mountain,C-44173846b89915ef,578,1,CC-44173846b89915ef,1,0.0,0,0.0005020920502105469,0.0,0,0.0,louvain,intersection_count,100.0,0.0,1.0,20260801,1.0.0,not_used,community labels are structural network results; they are not official factions and do not replace original-setting faction metadata
JP19,music,music,无色之风吹拂妖怪之山,无色之风吹拂妖怪之山,色無き風は妖怪の山に,C-3dfe5fe400afd8b7,579,1,CC-3dfe5fe400afd8b7,1,0.0,0,0.0005020920502105469,0.0,0,0.0,louvain,intersection_count,100.0,0.0,1.0,20260801,1.0.0,not_used,community labels are structural network results; they are not official factions and do not replace original-setting faction metadata
JP19,music,music,无间之钟infinitenightmare,无间之钟 ～ Infinite Nightmare,無間の鐘　～ Infinite Nightmare,C-2440c658999aa6fe,580,1,CC-2440c658999aa6fe,1,0.0,0,0.0005020920502105469,0.0,0,0.0,louvain,intersection_count,100.0,0.0,1.0,20260801,1.0.0,not_used,community labels are structural network results; they are not official factions and do not replace original-setting faction metadata
JP19,music,music,日々是紅日folksytouhoudays,日日是红日 ～ Folksy Touhou days.,日々是紅日　～ Folksy Touhou days.,C-1743e845dbbd3196,581,1,CC-1743e845dbbd3196,1,0.0,0,0.0005020920502105469,0.0,0,0.0,louvain,intersection_count,100.0,0.0,1.0,20260801,1.0.0,not_used,community labels are structural network results; they are not official factions and do not replace original-setting faction metadata
JP19,music,music,日常坐卧,日常坐卧,日常坐臥,C-012d7f32fb7bb7b6,582,1,CC-012d7f32fb7bb7b6,1,0.0,0,0.0005020920502105469,0.0,0,0.0,louvain,intersection_count,100.0,0.0,1.0,20260801,1.0.0,not_used,community labels are structural network results; they are not official factions and do not replace original-setting faction metadata
JP19,music,music,日常坐臥,日常坐卧,日常坐臥,C-ecfc3ead2123086b,583,1,CC-ecfc3ead2123086b,1,0.0,0,0.0005020920502105469,0.0,0,0.0,louvain,intersection_count,100.0,0.0,1.0,20260801,1.0.0,not_used,community labels are structural network results; they are not official factions and do not replace original-setting faction metadata
JP19,music,music,日日是红日folksytouhoudays,日日是红日 ～ Folksy Touhou days.,日々是紅日　～ Folksy Touhou days.,C-d1d2a4ede7039dde,584,1,CC-d1d2a4ede7039dde,1,0.0,0,0.0005020920502105469,0.0,0,0.0,louvain,intersection_count,100.0,0.0,1.0,20260801,1.0.0,not_used,community labels are structural network results; they are not official factions and do not replace original-setting faction metadata
JP19,music,music,日本中の不思議を集めて,收集日本各地的不可思议,日本中の不思議を集めて,C-300da7216c3f695a,585,1,CC-300da7216c3f695a,1,0.0,0,0.0005020920502105469,0.0,0,0.0,louvain,intersection_count,100.0,0.0,1.0,20260801,1.0.0,not_used,community labels are structural network results; they are not official factions and do not replace original-setting faction metadata
JP19,music,music,日渐荒废的工业遗址,日渐荒废的工业遗址,廃れゆく産業遺構,C-6c7e11f35dbbfdc8,586,1,CC-6c7e11f35dbbfdc8,1,0.0,0,0.0005020920502105469,0.0,0,0.0,louvain,intersection_count,100.0,0.0,1.0,20260801,1.0.0,not_used,community labels are structural network results; they are not official factions and do not replace original-setting faction metadata
JP19,music,music,旧世界の冒険酒場,旧世界的冒险酒馆,旧世界の冒険酒場,C-f58a9c168a1629c4,587,1,CC-f58a9c168a1629c4,1,0.0,0,0.0005020920502105469,0.0,0,0.0,louvain,intersection_count,100.0,0.0,1.0,20260801,1.0.0,not_used,community labels are structural network results; they are not official factions and do not replace original-setting faction metadata
JP19,music,music,旧世界的冒险酒馆,旧世界的冒险酒馆,旧世界の冒険酒場,C-5b3a75171431f99e,588,1,CC-5b3a75171431f99e,1,0.0,0,0.0005020920502105469,0.0,0,0.0,louvain,intersection_count,100.0,0.0,1.0,20260801,1.0.0,not_used,community labels are structural network results; they are not official factions and do not replace original-setting faction metadata
JP19,music,music,时之风,时之风,時の風,C-969d8149292ee7df,589,1,CC-969d8149292ee7df,1,0.0,0,0.0005020920502105469,0.0,0,0.0,louvain,intersection_count,100.0,0.0,1.0,20260801,1.0.0,not_used,community labels are structural network results; they are not official factions and do not replace original-setting faction metadata
JP19,music,music,时刻旺盛的好奇心,时刻旺盛的好奇心,年中夢中の好奇心,C-d8b7d87ea7701e76,590,1,CC-d8b7d87ea7701e76,1,0.0,0,0.0005020920502105469,0.0,0,0.0,louvain,intersection_count,100.0,0.0,1.0,20260801,1.0.0,not_used,community labels are structural network results; they are not official factions and do not replace original-setting faction metadata
JP19,music,music,明かされる深秘,被揭晓的深秘,明かされる深秘,C-493ab979e1cb6fa3,591,1,CC-493ab979e1cb6fa3,1,0.0,0,0.0005020920502105469,0.0,0,0.0,louvain,intersection_count,100.0,0.0,1.0,20260801,1.0.0,not_used,community labels are structural network results; they are not official factions and do not replace original-setting faction metadata
JP19,music,music,明日之盛昨日之俗,明日之盛，昨日之俗,明日ハレの日、ケの昨日,C-30e2d9bc1d9c9916,592,1,CC-30e2d9bc1d9c9916,1,0.0,0,0.0005020920502105469,0.0,0,0.0,louvain,intersection_count,100.0,0.0,1.0,20260801,1.0.0,not_used,community labels are structural network results; they are not official factions and do not replace original-setting faction metadata
JP19,music,music,明治十七年的上海爱丽丝,明治十七年的上海爱丽丝,明治十七年の上海アリス,C-d2a256ca7bd9a9ce,593,1,CC-d2a256ca7bd9a9ce,1,0.0,0,0.0005020920502105469,0.0,0,0.0,louvain,intersection_count,100.0,0.0,1.0,20260801,1.0.0,not_used,community labels are structural network results; they are not official factions and do not replace original-setting faction metadata
JP19,music,music,昏暗的风穴,昏暗的风穴,暗闇の風穴,C-12018e9bddb741eb,594,1,CC-12018e9bddb741eb,1,0.0,0,0.0005020920502105469,0.0,0,0.0,louvain,intersection_count,100.0,0.0,1.0,20260801,1.0.0,not_used,community labels are structural network results; they are not official factions and do not replace original-setting faction metadata
JP19,music,music,昔話わんだーらんど,传说中的仙境,昔話わんだーらんど,C-4c1b319809c1d2b1,595,1,CC-4c1b319809c1d2b1,1,0.0,0,0.0005020920502105469,0.0,0,0.0,louvain,intersection_count,100.0,0.0,1.0,20260801,1.0.0,not_used,community labels are structural network results; they are not official factions and do not replace original-setting faction metadata
JP19,music,music,星之器,星之器 ～ Casket of Star,星の器　～ Casket of Star,C-0a1af2465e254f2b,596,1,CC-0a1af2465e254f2b,1,0.0,0,0.0005020920502105469,0.0,0,0.0,louvain,intersection_count,100.0,0.0,1.0,20260801,1.0.0,not_used,community labels are structural network results; they are not official factions and do not replace original-setting faction metadata
JP19,music,music,星幽剑士星幽天使,星幽剑士（星幽天使）,星幽剣士（星幽天使）,C-903ff0a576e5e2d2,597,1,CC-903ff0a576e5e2d2,1,0.0,0,0.0005020920502105469,0.0,0,0.0,louvain,intersection_count,100.0,0.0,1.0,20260801,1.0.0,not_used,community labels are structural network results; they are not official factions and do not replace original-setting faction metadata
JP19,music,music,星幽剣士星幽天使,星幽剑士（星幽天使）,星幽剣士（星幽天使）,C-b53dfdb022ef0f21,598,1,CC-b53dfdb022ef0f21,1,0.0,0,0.0005020920502105469,0.0,0,0.0,louvain,intersection_count,100.0,0.0,1.0,20260801,1.0.0,not_used,community labels are structural network results; they are not official factions and do not replace original-setting faction metadata
JP19,music,music,星条旗的小丑,星条旗的小丑,星条旗のピエロ,C-1aed9fbe4fffde87,599,1,CC-1aed9fbe4fffde87,1,0.0,0,0.0005020920502105469,0.0,0,0.0,louvain,intersection_count,100.0,0.0,1.0,20260801,1.0.0,not_used,community labels are structural network results; they are not official factions and do not replace original-setting faction metadata
JP19,music,music,映花之塚,映花之塚,花の映る塚,C-7ff00924b735ed69,600,1,CC-7ff00924b735ed69,1,0.0,0,0.0005020920502105469,0.0,0,0.0,louvain,intersection_count,100.0,0.0,1.0,20260801,1.0.0,not_used,community labels are structural network results; they are not official factions and do not replace original-setting faction metadata
JP19,music,music,春の氷精,春之冰精,春の氷精,C-63fdd7b05e52c383,601,1,CC-63fdd7b05e52c383,1,0.0,0,0.0005020920502105469,0.0,0,0.0,louvain,intersection_count,100.0,0.0,1.0,20260801,1.0.0,not_used,community labels are structural network results; they are not official factions and do not replace original-setting faction metadata
JP19,music,music,春の氷精静,春之冰精 - 静 -,春の氷精　- 静 -,C-a6993463ce1e3d26,602,1,CC-a6993463ce1e3d26,1,0.0,0,0.0005020920502105469,0.0,0,0.0,louvain,intersection_count,100.0,0.0,1.0,20260801,1.0.0,not_used,community labels are structural network results; they are not official factions and do not replace original-setting faction metadata
JP19,music,music,春之冰精,春之冰精,春の氷精,C-d699d83a162ad6f6,603,1,CC-d699d83a162ad6f6,1,0.0,0,0.0005020920502105469,0.0,0,0.0,louvain,intersection_count,100.0,0.0,1.0,20260801,1.0.0,not_used,community labels are structural network results; they are not official factions and do not replace original-setting faction metadata
JP19,music,music,春之冰精静,春之冰精 - 静 -,春の氷精　- 静 -,C-a847a65ebfa088e2,604,1,CC-a847a65ebfa088e2,1,0.0,0,0.0005020920502105469,0.0,0,0.0,louvain,intersection_count,100.0,0.0,1.0,20260801,1.0.0,not_used,community labels are structural network results; they are not official factions and do not replace original-setting faction metadata
JP19,music,music,春之港湾,春之港湾,春の湊に,C-9479a896c9a62598,605,1,CC-9479a896c9a62598,1,0.0,0,0.0005020920502105469,0.0,0,0.0,louvain,intersection_count,100.0,0.0,1.0,20260801,1.0.0,not_used,community labels are structural network results; they are not official factions and do not replace original-setting faction metadata
JP19,music,music,春色小径,春色小径 ～ Colorful Path,春色小径　～ Colorful Path,C-a6a0f27a0d00dc83,606,1,CC-a6a0f27a0d00dc83,1,0.0,0,0.0005020920502105469,0.0,0,0.0,louvain,intersection_count,100.0,0.0,1.0,20260801,1.0.0,not_used,community labels are structural network results; they are not official factions and do not replace original-setting faction metadata
JP19,music,music,春風の夢,春风之梦,春風の夢,C-156382af4450d2ba,607,1,CC-156382af4450d2ba,1,0.0,0,0.0005020920502105469,0.0,0,0.0,louvain,intersection_count,100.0,0.0,1.0,20260801,1.0.0,not_used,community labels are structural network results; they are not official factions and do not replace original-setting faction metadata
JP19,music,music,春风之梦,春风之梦,春風の夢,C-bfcf9e426ad09324,608,1,CC-bfcf9e426ad09324,1,0.0,0,0.0005020920502105469,0.0,0,0.0,louvain,intersection_count,100.0,0.0,1.0,20260801,1.0.0,not_used,community labels are structural network results; they are not official factions and do not replace original-setting faction metadata
JP19,music,music,显现的传承形态,显现的传承形态,顕現した伝承の形,C-7a6f9cbd092ce8d9,609,1,CC-7a6f9cbd092ce8d9,1,0.0,0,0.0005020920502105469,0.0,0,0.0,louvain,intersection_count,100.0,0.0,1.0,20260801,1.0.0,not_used,community labels are structural network results; they are not official factions and do not replace original-setting faction metadata
JP19,music,music,時の風,时之风,時の風,C-0746c7145d4628e5,610,1,CC-0746c7145d4628e5,1,0.0,0,0.0005020920502105469,0.0,0,0.0,louvain,intersection_count,100.0,0.0,1.0,20260801,1.0.0,not_used,community labels are structural network results; they are not official factions and do not replace original-setting faction metadata
JP19,music,music,時代親父とハイカラ少女,守旧老爹与前卫少女,時代親父とハイカラ少女,C-fc130ae3616530fa,611,1,CC-fc130ae3616530fa,1,0.0,0,0.0005020920502105469,0.0,0,0.0,louvain,intersection_count,100.0,0.0,1.0,20260801,1.0.0,not_used,community labels are structural network results; they are not official factions and do not replace original-setting faction metadata
JP19,music,music,晓云,晓云,暁雲,C-d46f90ea25b4c0fd,612,1,CC-d46f90ea25b4c0fd,1,0.0,0,0.0005020920502105469,0.0,0,0.0,louvain,intersection_count,100.0,0.0,1.0,20260801,1.0.0,not_used,community labels are structural network results; they are not official factions and do not replace original-setting faction metadata
JP19,music,music,智略纵横,智略纵横,知略縦横,C-797da8d1581a4099,613,1,CC-797da8d1581a4099,1,0.0,0,0.0005020920502105469,0.0,0,0.0,louvain,intersection_count,100.0,0.0,1.0,20260801,1.0.0,not_used,community labels are structural network results; they are not official factions and do not replace original-setting faction metadata
JP19,music,music,暁雲,晓云,暁雲,C-6b675c33e1e841ed,614,1,CC-6b675c33e1e841ed,1,0.0,0,0.0005020920502105469,0.0,0,0.0,louvain,intersection_count,100.0,0.0,1.0,20260801,1.0.0,not_used,community labels are structural network results; they are not official factions and do not replace original-setting faction metadata
JP19,music,music,暗闇の風穴,昏暗的风穴,暗闇の風穴,C-3d7d74b36115a408,615,1,CC-3d7d74b36115a408,1,0.0,0,0.0005020920502105469,0.0,0,0.0,louvain,intersection_count,100.0,0.0,1.0,20260801,1.0.0,not_used,community labels are structural network results; they are not official factions and do not replace original-setting faction metadata
JP19,music,music,暮色苍然,暮色苍然,暮色蒼然,C-d42704b79b9050e6,616,1,CC-d42704b79b9050e6,1,0.0,0,0.0005020920502105469,0.0,0,0.0,louvain,intersection_count,100.0,0.0,1.0,20260801,1.0.0,not_used,community labels are structural network results; they are not official factions and do not replace original-setting faction metadata
JP19,music,music,暮色蒼然,暮色苍然,暮色蒼然,C-e7ac250717068de2,617,1,CC-e7ac250717068de2,1,0.0,0,0.0005020920502105469,0.0,0,0.0,louvain,intersection_count,100.0,0.0,1.0,20260801,1.0.0,not_used,community labels are structural network results; they are not official factions and do not replace original-setting faction metadata
JP19,music,music,曲名不明兽王园故事前半对话曲,（曲名不明）兽王园故事前半对话曲,獣王園ストーリー前半会話曲（曲名不明）,C-a908049e74737226,618,1,CC-a908049e74737226,1,0.0,0,0.0005020920502105469,0.0,0,0.0,louvain,intersection_count,100.0,0.0,1.0,20260801,1.0.0,not_used,community labels are structural network results; they are not official factions and do not replace original-setting faction metadata
JP19,music,music,曲名不明兽王园故事后半对话曲,（曲名不明）兽王园故事后半对话曲,獣王園ストーリー後半会話曲（曲名不明）,C-5956e603d11e7c1b,619,1,CC-5956e603d11e7c1b,1,0.0,0,0.0005020920502105469,0.0,0,0.0,louvain,intersection_count,100.0,0.0,1.0,20260801,1.0.0,not_used,community labels are structural network results; they are not official factions and do not replace original-setting faction metadata
JP19,music,music,曲名不明獣王園ストーリー前半会話曲,（曲名不明）兽王园故事前半对话曲,（曲名不明）獣王園ストーリー前半会話曲,C-96dcfbbc485aa93c,620,1,CC-96dcfbbc485aa93c,1,0.0,0,0.0005020920502105469,0.0,0,0.0,louvain,intersection_count,100.0,0.0,1.0,20260801,1.0.0,not_used,community labels are structural network results; they are not official factions and do not replace original-setting faction metadata
JP19,music,music,曲名不明獣王園ストーリー後半会話曲,（曲名不明）兽王园故事后半对话曲,（曲名不明）獣王園ストーリー後半会話曲,C-bf62a46570ded446,621,1,CC-bf62a46570ded446,1,0.0,0,0.0005020920502105469,0.0,0,0.0,louvain,intersection_count,100.0,0.0,1.0,20260801,1.0.0,not_used,community labels are structural network results; they are not official factions and do not replace original-setting faction metadata
JP19,music,music,最も澄みわたる空と海,最澄澈的空与海,最も澄みわたる空と海,C-f968942f01252073,622,1,CC-f968942f01252073,1,0.0,0,0.0005020920502105469,0.0,0,0.0,louvain,intersection_count,100.0,0.0,1.0,20260801,1.0.0,not_used,community labels are structural network results; they are not official factions and do not replace original-setting faction metadata
JP19,music,music,最澄澈的空与海,最澄澈的空与海,最も澄みわたる空と海,C-7ca0de89d954d794,623,1,CC-7ca0de89d954d794,1,0.0,0,0.0005020920502105469,0.0,0,0.0,louvain,intersection_count,100.0,0.0,1.0,20260801,1.0.0,not_used,community labels are structural network results; they are not official factions and do not replace original-setting faction metadata
JP19,music,music,月の妖鳥化猫の幻,月之妖鸟、化猫之幻,月の妖鳥、化猫の幻,C-863adc500f195e3d,624,1,CC-863adc500f195e3d,1,0.0,0,0.0005020920502105469,0.0,0,0.0,louvain,intersection_count,100.0,0.0,1.0,20260801,1.0.0,not_used,community labels are structural network results; they are not official factions and do not replace original-setting faction metadata
JP19,music,music,月之妖鸟化猫之幻,月之妖鸟、化猫之幻,月の妖鳥、化猫の幻,C-ed8181777ac67c1a,625,1,CC-ed8181777ac67c1a,1,0.0,0,0.0005020920502105469,0.0,0,0.0,louvain,intersection_count,100.0,0.0,1.0,20260801,1.0.0,not_used,community labels are structural network results; they are not official factions and do not replace original-setting faction metadata
JP19,music,music,月时计,月时计 ～ Luna Dial,月時計　～ ルナ・ダイアル,C-88ac792548dbd881,626,1,CC-88ac792548dbd881,1,0.0,0,0.0005020920502105469,0.0,0,0.0,louvain,intersection_count,100.0,0.0,1.0,20260801,1.0.0,not_used,community labels are structural network results; they are not official factions and do not replace original-setting faction metadata
JP19,music,music,月見草,月见草,月見草,C-2335d1620178d718,627,1,CC-2335d1620178d718,1,0.0,0,0.0005020920502105469,0.0,0,0.0,louvain,intersection_count,100.0,0.0,1.0,20260801,1.0.0,not_used,community labels are structural network results; they are not official factions and do not replace original-setting faction metadata
JP19,music,music,月见草,月见草,月見草,C-8c11694fb596c396,628,1,CC-8c11694fb596c396,1,0.0,0,0.0005020920502105469,0.0,0,0.0,louvain,intersection_count,100.0,0.0,1.0,20260801,1.0.0,not_used,community labels are structural network results; they are not official factions and do not replace original-setting faction metadata
JP19,music,music,月輪,月轮,月輪,C-21d4686912a3bad1,629,1,CC-21d4686912a3bad1,1,0.0,0,0.0005020920502105469,0.0,0,0.0,louvain,intersection_count,100.0,0.0,1.0,20260801,1.0.0,not_used,community labels are structural network results; they are not official factions and do not replace original-setting faction metadata
JP19,music,music,月轮,月轮,月輪,C-482491f61692f090,630,1,CC-482491f61692f090,1,0.0,0,0.0005020920502105469,0.0,0,0.0,louvain,intersection_count,100.0,0.0,1.0,20260801,1.0.0,not_used,community labels are structural network results; they are not official factions and do not replace original-setting faction metadata
JP19,music,music,月面ツアーへようこそ,欢迎来到月面旅行团,月面ツアーへようこそ,C-f1a7d8b9a3ebe8e6,631,1,CC-f1a7d8b9a3ebe8e6,1,0.0,0,0.0005020920502105469,0.0,0,0.0,louvain,intersection_count,100.0,0.0,1.0,20260801,1.0.0,not_used,community labels are structural network results; they are not official factions and do not replace original-setting faction metadata
JP19,music,music,有人气的场所,有人气的场所,人気のある場所,C-534b76d4da46858a,632,1,CC-534b76d4da46858a,1,0.0,0,0.0005020920502105469,0.0,0,0.0,louvain,intersection_count,100.0,0.0,1.0,20260801,1.0.0,not_used,community labels are structural network results; they are not official factions and do not replace original-setting faction metadata
JP19,music,music,有珠子的日常,有珠子的日常,ボールのある日常,C-942160538cd2d94b,633,1,CC-942160538cd2d94b,1,0.0,0,0.0005020920502105469,0.0,0,0.0,louvain,intersection_count,100.0,0.0,1.0,20260801,1.0.0,not_used,community labels are structural network results; they are not official factions and do not replace original-setting faction metadata
JP19,music,music,有顶天变,有顶天变 ～ Wonderful Heaven,有頂天変　～ Wonderful Heaven,C-b72eeeefc2f1add4,634,1,CC-b72eeeefc2f1add4,1,0.0,0,0.0005020920502105469,0.0,0,0.0,louvain,intersection_count,100.0,0.0,1.0,20260801,1.0.0,not_used,community labels are structural network results; they are not official factions and do not replace original-setting faction metadata
JP19,music,music,未知の花魅知の旅,未知之花 魅知之旅,未知の花 魅知の旅,C-892bf6b5f96711d1,635,1,CC-892bf6b5f96711d1,1,0.0,0,0.0005020920502105469,0.0,0,0.0,louvain,intersection_count,100.0,0.0,1.0,20260801,1.0.0,not_used,community labels are structural network results; they are not official factions and do not replace original-setting faction metadata
JP19,music,music,未知之花魅知之旅,未知之花 魅知之旅,未知の花 魅知の旅,C-97527f7c79110e47,636,1,CC-97527f7c79110e47,1,0.0,0,0.0005020920502105469,0.0,0,0.0,louvain,intersection_count,100.0,0.0,1.0,20260801,1.0.0,not_used,community labels are structural network results; they are not official factions and do not replace original-setting faction metadata
JP19,music,music,未知物x,未知物X,アンノウンX,C-8ec6094271b1d1b5,637,1,CC-8ec6094271b1d1b5,1,0.0,0,0.0005020920502105469,0.0,0,0.0,louvain,intersection_count,100.0,0.0,1.0,20260801,1.0.0,not_used,community labels are structural network results; they are not official factions and do not replace original-setting faction metadata
JP19,music,music,本日の一面記事,本日的头版头条,本日の一面記事,C-eff7a7662b8ce00e,638,1,CC-eff7a7662b8ce00e,1,0.0,0,0.0005020920502105469,0.0,0,0.0,louvain,intersection_count,100.0,0.0,1.0,20260801,1.0.0,not_used,community labels are structural network results; they are not official factions and do not replace original-setting faction metadata
JP19,music,music,本日的头版头条,本日的头版头条,本日の一面記事,C-eefa424e046f51fe,639,1,CC-eefa424e046f51fe,1,0.0,0,0.0005020920502105469,0.0,0,0.0,louvain,intersection_count,100.0,0.0,1.0,20260801,1.0.0,not_used,community labels are structural network results; they are not official factions and do not replace original-setting faction metadata
JP19,music,music,来吧直到倒地死去的那一刻,来吧，直到倒地死去的那一刻,いざ、倒れ逝くその時まで,C-cfb045b4c70f7235,640,1,CC-cfb045b4c70f7235,1,0.0,0,0.0005020920502105469,0.0,0,0.0,louvain,intersection_count,100.0,0.0,1.0,20260801,1.0.0,not_used,community labels are structural network results; they are not official factions and do not replace original-setting faction metadata
JP19,music,music,東方の青い空,东方的蓝色天空,東方の青い空,C-cc7a575f961f084a,641,1,CC-cc7a575f961f084a,1,0.0,0,0.0005020920502105469,0.0,0,0.0,louvain,intersection_count,100.0,0.0,1.0,20260801,1.0.0,not_used,community labels are structural network results; they are not official factions and do not replace original-setting faction metadata
JP19,music,music,東方剛欲異聞,东方刚欲异闻,東方剛欲異聞,C-79088a0cf2a6f6f5,642,1,CC-79088a0cf2a6f6f5,1,0.0,0,0.0005020920502105469,0.0,0,0.0,louvain,intersection_count,100.0,0.0,1.0,20260801,1.0.0,not_used,community labels are structural network results; they are not official factions and do not replace original-setting faction metadata
JP19,music,music,東方妖恋談,东方妖恋谈,東方妖恋談,C-82bbe10d2339d90f,643,1,CC-82bbe10d2339d90f,1,0.0,0,0.0005020920502105469,0.0,0,0.0,louvain,intersection_count,100.0,0.0,1.0,20260801,1.0.0,not_used,community labels are structural network results; they are not official factions and do not replace original-setting faction metadata
JP19,music,music,東方封魔録幽幻乱舞,东方封魔录 ～ 幽幻乱舞,東方封魔録　～ 幽幻乱舞,C-9b44b3d2d1de7fc6,644,1,CC-9b44b3d2d1de7fc6,1,0.0,0,0.0005020920502105469,0.0,0,0.0,louvain,intersection_count,100.0,0.0,1.0,20260801,1.0.0,not_used,community labels are structural network results; they are not official factions and do not replace original-setting faction metadata
JP19,music,music,東方封魔録浄土曼荼羅,东方封魔录 ～ 净土曼荼罗,東方封魔録　～ 浄土曼荼羅,C-911d476ac25254df,645,1,CC-911d476ac25254df,1,0.0,0,0.0005020920502105469,0.0,0,0.0,louvain,intersection_count,100.0,0.0,1.0,20260801,1.0.0,not_used,community labels are structural network results; they are not official factions and do not replace original-setting faction metadata
JP19,music,music,東方怪奇談,东方怪奇谈,東方怪奇談,C-d0bb4c193424c80d,646,1,CC-d0bb4c193424c80d,1,0.0,0,0.0005020920502105469,0.0,0,0.0,louvain,intersection_count,100.0,0.0,1.0,20260801,1.0.0,not_used,community labels are structural network results; they are not official factions and do not replace original-setting faction metadata
JP19,music,music,架起虹桥的幻想乡,架起虹桥的幻想乡,虹の架かる幻想郷,C-63986b9fbc34bb42,647,1,CC-63986b9fbc34bb42,1,0.0,0,0.0005020920502105469,0.0,0,0.0,louvain,intersection_count,100.0,0.0,1.0,20260801,1.0.0,not_used,community labels are structural network results; they are not official factions and do not replace original-setting faction metadata
JP19,music,music,柳の下のデュラハン,柳树下的杜拉罕,柳の下のデュラハン,C-43c0a524525c5dd4,648,1,CC-43c0a524525c5dd4,1,0.0,0,0.0005020920502105469,0.0,0,0.0,louvain,intersection_count,100.0,0.0,1.0,20260801,1.0.0,not_used,community labels are structural network results; they are not official factions and do not replace original-setting faction metadata
JP19,music,music,柳树下的杜拉罕,柳树下的杜拉罕,柳の下のデュラハン,C-872807f7b95701d4,649,1,CC-872807f7b95701d4,1,0.0,0,0.0005020920502105469,0.0,0,0.0,louvain,intersection_count,100.0,0.0,1.0,20260801,1.0.0,not_used,community labels are structural network results; they are not official factions and do not replace original-setting faction metadata
JP19,music,music,桑尼米尔克的红雾异变,桑尼米尔克的红雾异变,サニーミルクの紅霧異変,C-afbd42e8488d68f1,650,1,CC-afbd42e8488d68f1,1,0.0,0,0.0005020920502105469,0.0,0,0.0,louvain,intersection_count,100.0,0.0,1.0,20260801,1.0.0,not_used,community labels are structural network results; they are not official factions and do not replace original-setting faction metadata
JP19,music,music,桜舞い散る天空,樱花舞落的天空,桜舞い散る天空,C-cffeb5825e5d1db4,651,1,CC-cffeb5825e5d1db4,1,0.0,0,0.0005020920502105469,0.0,0,0.0,louvain,intersection_count,100.0,0.0,1.0,20260801,1.0.0,not_used,community labels are structural network results; they are not official factions and do not replace original-setting faction metadata
JP19,music,music,桜色の海を泳いで,徜徉于樱色之海,桜色の海を泳いで,C-37e7a0f3d274f95b,652,1,CC-37e7a0f3d274f95b,1,0.0,0,0.0005020920502105469,0.0,0,0.0,louvain,intersection_count,100.0,0.0,1.0,20260801,1.0.0,not_used,community labels are structural network results; they are not official factions and do not replace original-setting faction metadata
JP19,music,music,桜花之恋塚,樱花之恋塚,桜花之恋塚,C-64f7ad93c505d65e,653,1,CC-64f7ad93c505d65e,1,0.0,0,0.0005020920502105469,0.0,0,0.0,louvain,intersection_count,100.0,0.0,1.0,20260801,1.0.0,not_used,community labels are structural network results; they are not official factions and do not replace original-setting faction metadata
JP19,music,music,梦境与现实的境界,梦境与现实的境界,夢と現の境界,C-9e54386e3f901ae3,654,1,CC-9e54386e3f901ae3,1,0.0,0,0.0005020920502105469,0.0,0,0.0,louvain,intersection_count,100.0,0.0,1.0,20260801,1.0.0,not_used,community labels are structural network results; they are not official factions and do not replace original-setting faction metadata
JP19,music,music,梦幻回廊,梦幻回廊,夢幻回廊,C-9cbf066f1fd9518f,655,1,CC-9cbf066f1fd9518f,1,0.0,0,0.0005020920502105469,0.0,0,0.0,louvain,intersection_count,100.0,0.0,1.0,20260801,1.0.0,not_used,community labels are structural network results; they are not official factions and do not replace original-setting faction metadata
JP19,music,music,梦幻游戏dreamwar,梦幻游戏 ～ Dream War,夢幻遊戯　～ Dream War,C-6f9996c1ee6e0de9,656,1,CC-6f9996c1ee6e0de9,1,0.0,0,0.0005020920502105469,0.0,0,0.0,louvain,intersection_count,100.0,0.0,1.0,20260801,1.0.0,not_used,community labels are structural network results; they are not official factions and do not replace original-setting faction metadata
JP19,music,music,梦想时空,梦想时空,夢想時空,C-386001d36969af45,657,1,CC-386001d36969af45,1,0.0,0,0.0005020920502105469,0.0,0,0.0,louvain,intersection_count,100.0,0.0,1.0,20260801,1.0.0,not_used,community labels are structural network results; they are not official factions and do not replace original-setting faction metadata
JP19,music,music,梦想超越时空,梦想超越时空,夢は時空を越えて,C-835ac0fd375fb752,658,1,CC-835ac0fd375fb752,1,0.0,0,0.0005020920502105469,0.0,0,0.0,louvain,intersection_count,100.0,0.0,1.0,20260801,1.0.0,not_used,community labels are structural network results; they are not official factions and do not replace original-setting faction metadata
JP19,music,music,梦机械innocentpower,梦机械 ～ Innocent Power,夢機械　～ Innocent Power,C-9fedc740a26491ea,659,1,CC-9fedc740a26491ea,1,0.0,0,0.0005020920502105469,0.0,0,0.0,louvain,intersection_count,100.0,0.0,1.0,20260801,1.0.0,not_used,community labels are structural network results; they are not official factions and do not replace original-setting faction metadata
JP19,music,music,梦殿大祀庙,梦殿大祀庙,夢殿大祀廟,C-9e3fe8bd30cc04de,660,1,CC-9e3fe8bd30cc04de,1,0.0,0,0.0005020920502105469,0.0,0,0.0,louvain,intersection_count,100.0,0.0,1.0,20260801,1.0.0,not_used,community labels are structural network results; they are not official factions and do not replace original-setting faction metadata
JP19,music,music,梦消失lostdream,梦消失 ～ Lost Dream,夢消失　～ Lost Dream,C-276275eda2eb9214,661,1,CC-276275eda2eb9214,1,0.0,0,0.0005020920502105469,0.0,0,0.0,louvain,intersection_count,100.0,0.0,1.0,20260801,1.0.0,not_used,community labels are structural network results; they are not official factions and do not replace original-setting faction metadata
JP19,music,music,森閑,森闲,森閑,C-06cacecdb9ad04e2,662,1,CC-06cacecdb9ad04e2,1,0.0,0,0.0005020920502105469,0.0,0,0.0,louvain,intersection_count,100.0,0.0,1.0,20260801,1.0.0,not_used,community labels are structural network results; they are not official factions and do not replace original-setting faction metadata
JP19,music,music,森闲,森闲,森閑,C-1364720925e86573,663,1,CC-1364720925e86573,1,0.0,0,0.0005020920502105469,0.0,0,0.0,louvain,intersection_count,100.0,0.0,1.0,20260801,1.0.0,not_used,community labels are structural network results; they are not official factions and do not replace original-setting faction metadata
JP19,music,music,業火マントル,业火地幔,業火マントル,C-d23d6c019478ed89,664,1,CC-d23d6c019478ed89,1,0.0,0,0.0005020920502105469,0.0,0,0.0,louvain,intersection_count,100.0,0.0,1.0,20260801,1.0.0,not_used,community labels are structural network results; they are not official factions and do not replace original-setting faction metadata
JP19,music,music,樱花之恋塚,樱花之恋塚,桜花之恋塚,C-350ac761dc42f3d5,665,1,CC-350ac761dc42f3d5,1,0.0,0,0.0005020920502105469,0.0,0,0.0,louvain,intersection_count,100.0,0.0,1.0,20260801,1.0.0,not_used,community labels are structural network results; they are not official factions and do not replace original-setting faction metadata
JP19,music,music,樱花樱花japanizedream,樱花樱花 ～ Japanize Dream...,さくらさくら　～ Japanize Dream...,C-eab11958075047a5,666,1,CC-eab11958075047a5,1,0.0,0,0.0005020920502105469,0.0,0,0.0,louvain,intersection_count,100.0,0.0,1.0,20260801,1.0.0,not_used,community labels are structural network results; they are not official factions and do not replace original-setting faction metadata
JP19,music,music,樱花舞落的天空,樱花舞落的天空,桜舞い散る天空,C-8f81a3ae58764449,667,1,CC-8f81a3ae58764449,1,0.0,0,0.0005020920502105469,0.0,0,0.0,louvain,intersection_count,100.0,0.0,1.0,20260801,1.0.0,not_used,community labels are structural network results; they are not official factions and do not replace original-setting faction metadata
JP19,music,music,欢迎来到妖怪寺,欢迎来到妖怪寺,妖怪寺へようこそ,C-30b28296f7d0be8b,668,1,CC-30b28296f7d0be8b,1,0.0,0,0.0005020920502105469,0.0,0,0.0,louvain,intersection_count,100.0,0.0,1.0,20260801,1.0.0,not_used,community labels are structural network results; they are not official factions and do not replace original-setting faction metadata
JP19,music,music,欢迎来到月面旅行团,欢迎来到月面旅行团,月面ツアーへようこそ,C-8aa75f735c332584,669,1,CC-8aa75f735c332584,1,0.0,0,0.0005020920502105469,0.0,0,0.0,louvain,intersection_count,100.0,0.0,1.0,20260801,1.0.0,not_used,community labels are structural network results; they are not official factions and do not replace original-setting faction metadata
JP19,music,music,欲望深重的灵魂,欲望深重的灵魂,欲深き霊魂,C-59f43d773c52f7f6,670,1,CC-59f43d773c52f7f6,1,0.0,0,0.0005020920502105469,0.0,0,0.0,louvain,intersection_count,100.0,0.0,1.0,20260801,1.0.0,not_used,community labels are structural network results; they are not official factions and do not replace original-setting faction metadata
JP19,music,music,欲深き霊魂,欲望深重的灵魂,欲深き霊魂,C-a0b33bcbc4d62e85,671,1,CC-a0b33bcbc4d62e85,1,0.0,0,0.0005020920502105469,0.0,0,0.0,louvain,intersection_count,100.0,0.0,1.0,20260801,1.0.0,not_used,community labels are structural network results; they are not official factions and do not replace original-setting faction metadata
JP19,music,music,此岸の塚,此岸之塚,此岸の塚,C-2fb235d26a65337f,672,1,CC-2fb235d26a65337f,1,0.0,0,0.0005020920502105469,0.0,0,0.0,louvain,intersection_count,100.0,0.0,1.0,20260801,1.0.0,not_used,community labels are structural network results; they are not official factions and do not replace original-setting faction metadata
JP19,music,music,此岸之塚,此岸之塚,此岸の塚,C-4443ae90c0c492b3,673,1,CC-4443ae90c0c492b3,1,0.0,0,0.0005020920502105469,0.0,0,0.0,louvain,intersection_count,100.0,0.0,1.0,20260801,1.0.0,not_used,community labels are structural network results; they are not official factions and do not replace original-setting faction metadata
JP19,music,music,死を賭して,以死相赌,死を賭して,C-1d7ddf8122003584,674,1,CC-1d7ddf8122003584,1,0.0,0,0.0005020920502105469,0.0,0,0.0,louvain,intersection_count,100.0,0.0,1.0,20260801,1.0.0,not_used,community labels are structural network results; they are not official factions and do not replace original-setting faction metadata
JP19,music,music,死灵的夜樱,死灵的夜樱,死霊の夜桜,C-ebf872240b4760c8,675,1,CC-ebf872240b4760c8,1,0.0,0,0.0005020920502105469,0.0,0,0.0,louvain,intersection_count,100.0,0.0,1.0,20260801,1.0.0,not_used,community labels are structural network results; they are not official factions and do not replace original-setting faction metadata
JP19,music,music,比普朗克更短的须臾,比普朗克更短的须臾,須臾はプランクを超えて,C-67b0f96a195b48f1,676,1,CC-67b0f96a195b48f1,1,0.0,0,0.0005020920502105469,0.0,0,0.0,louvain,intersection_count,100.0,0.0,1.0,20260801,1.0.0,not_used,community labels are structural network results; they are not official factions and do not replace original-setting faction metadata
JP19,music,music,比红色更虚无的永远,比红色更虚无的永远,紅より儚い永遠,C-072e26c3024038de,677,1,CC-072e26c3024038de,1,0.0,0,0.0005020920502105469,0.0,0,0.0,louvain,intersection_count,100.0,0.0,1.0,20260801,1.0.0,not_used,community labels are structural network results; they are not official factions and do not replace original-setting faction metadata
JP19,music,music,比赤色更红的梦,比赤色更红的梦,赤より紅い夢,C-ac3ed22665169892,678,1,CC-ac3ed22665169892,1,0.0,0,0.0005020920502105469,0.0,0,0.0,louvain,intersection_count,100.0,0.0,1.0,20260801,1.0.0,not_used,community labels are structural network results; they are not official factions and do not replace original-setting faction metadata
JP19,music,music,水没した沈愁地獄,被水淹没的沉愁地狱,水没した沈愁地獄,C-42cb4538bc214d19,679,1,CC-42cb4538bc214d19,1,0.0,0,0.0005020920502105469,0.0,0,0.0,louvain,intersection_count,100.0,0.0,1.0,20260801,1.0.0,not_used,community labels are structural network results; they are not official factions and do not replace original-setting faction metadata
JP19,music,music,永夜的报应imperishablenight,永夜的报应 ～ Imperishable Night,永夜の報い　～ Imperishable Night,C-8359130f4e9bd8e4,680,1,CC-8359130f4e9bd8e4,1,0.0,0,0.0005020920502105469,0.0,0,0.0,louvain,intersection_count,100.0,0.0,1.0,20260801,1.0.0,not_used,community labels are structural network results; they are not official factions and do not replace original-setting faction metadata
JP19,music,music,永远之巫女,永远之巫女,永遠の巫女,C-88e90b3837fe2415,681,1,CC-88e90b3837fe2415,1,0.0,0,0.0005020920502105469,0.0,0,0.0,louvain,intersection_count,100.0,0.0,1.0,20260801,1.0.0,not_used,community labels are structural network results; they are not official factions and do not replace original-setting faction metadata
JP19,music,music,永远延续的回廊,永远延续的回廊,永遠に続く回廊,C-0b041edbc1e5db31,682,1,CC-0b041edbc1e5db31,1,0.0,0,0.0005020920502105469,0.0,0,0.0,louvain,intersection_count,100.0,0.0,1.0,20260801,1.0.0,not_used,community labels are structural network results; they are not official factions and do not replace original-setting faction metadata
JP19,music,music,永远的三日天下,永远的三日天下,永遠の三日天下,C-1f94d88a8f64f5f1,683,1,CC-1f94d88a8f64f5f1,1,0.0,0,0.0005020920502105469,0.0,0,0.0,louvain,intersection_count,100.0,0.0,1.0,20260801,1.0.0,not_used,community labels are structural network results; they are not official factions and do not replace original-setting faction metadata
JP19,music,music,永远的乐园,永远的乐园,久遠の楽園,C-bb756da9f8d17e7a,684,1,CC-bb756da9f8d17e7a,1,0.0,0,0.0005020920502105469,0.0,0,0.0,louvain,intersection_count,100.0,0.0,1.0,20260801,1.0.0,not_used,community labels are structural network results; they are not official factions and do not replace original-setting faction metadata
JP19,music,music,永远的春梦,永远的春梦,永遠の春夢,C-ad5b1cf047d97eb6,685,1,CC-ad5b1cf047d97eb6,1,0.0,0,0.0005020920502105469,0.0,0,0.0,louvain,intersection_count,100.0,0.0,1.0,20260801,1.0.0,not_used,community labels are structural network results; they are not official factions and do not replace original-setting faction metadata
JP19,music,music,永远的满月,永远的满月,永遠の満月,C-949e4a892457bcf6,686,1,CC-949e4a892457bcf6,1,0.0,0,0.0005020920502105469,0.0,0,0.0,louvain,intersection_count,100.0,0.0,1.0,20260801,1.0.0,not_used,community labels are structural network results; they are not official factions and do not replace original-setting faction metadata
JP19,music,music,永遠に続く回廊,永远延续的回廊,永遠に続く回廊,C-4e744c8700fc07ad,687,1,CC-4e744c8700fc07ad,1,0.0,0,0.0005020920502105469,0.0,0,0.0,louvain,intersection_count,100.0,0.0,1.0,20260801,1.0.0,not_used,community labels are structural network results; they are not official factions and do not replace original-setting faction metadata
JP19,music,music,永遠の三日天下,永远的三日天下,永遠の三日天下,C-84b2720b798db73e,688,1,CC-84b2720b798db73e,1,0.0,0,0.0005020920502105469,0.0,0,0.0,louvain,intersection_count,100.0,0.0,1.0,20260801,1.0.0,not_used,community labels are structural network results; they are not official factions and do not replace original-setting faction metadata
JP19,music,music,永遠の巫女,永远之巫女,永遠の巫女,C-12b2f70bbc48a6f2,689,1,CC-12b2f70bbc48a6f2,1,0.0,0,0.0005020920502105469,0.0,0,0.0,louvain,intersection_count,100.0,0.0,1.0,20260801,1.0.0,not_used,community labels are structural network results; they are not official factions and do not replace original-setting faction metadata
JP19,music,music,永遠の満月,永远的满月,永遠の満月,C-9d8854e86463fe67,690,1,CC-9d8854e86463fe67,1,0.0,0,0.0005020920502105469,0.0,0,0.0,louvain,intersection_count,100.0,0.0,1.0,20260801,1.0.0,not_used,community labels are structural network results; they are not official factions and do not replace original-setting faction metadata
JP19,music,music,沉向空中的辉针城,沉向空中的辉针城,空中に沈む輝針城,C-3ddfc3de73cbc186,691,1,CC-3ddfc3de73cbc186,1,0.0,0,0.0005020920502105469,0.0,0,0.0,louvain,intersection_count,100.0,0.0,1.0,20260801,1.0.0,not_used,community labels are structural network results; they are not official factions and do not replace original-setting faction metadata
JP19,music,music,沉睡的恐怖sleepingterror,沉睡的恐怖 ～ Sleeping Terror,眠れる恐怖　～ Sleeping Terror,C-fe2762feaf446349,692,1,CC-fe2762feaf446349,1,0.0,0,0.0005020920502105469,0.0,0,0.0,louvain,intersection_count,100.0,0.0,1.0,20260801,1.0.0,not_used,community labels are structural network results; they are not official factions and do not replace original-setting faction metadata
JP19,music,music,沉默的兽灵,沉默的兽灵,物言わぬ獣の霊,C-0e955ebfc63e0c60,693,1,CC-0e955ebfc63e0c60,1,0.0,0,0.0005020920502105469,0.0,0,0.0,louvain,intersection_count,100.0,0.0,1.0,20260801,1.0.0,not_used,community labels are structural network results; they are not official factions and do not replace original-setting faction metadata
JP19,music,music,没用上的场所,没用上的场所,使われなかった場所,C-9b30d686153106ef,694,1,CC-9b30d686153106ef,1,0.0,0,0.0005020920502105469,0.0,0,0.0,louvain,intersection_count,100.0,0.0,1.0,20260801,1.0.0,not_used,community labels are structural network results; they are not official factions and do not replace original-setting faction metadata
JP19,music,music,沢の河童の技術力,泽之河童的技术力,沢の河童の技術力,C-bc4cc29ab6a97676,695,1,CC-bc4cc29ab6a97676,1,0.0,0,0.0005020920502105469,0.0,0,0.0,louvain,intersection_count,100.0,0.0,1.0,20260801,1.0.0,not_used,community labels are structural network results; they are not official factions and do not replace original-setting faction metadata
JP19,music,music,法力の下の平等,法力之下的平等,法力の下の平等,C-74ff079061822cd6,696,1,CC-74ff079061822cd6,1,0.0,0,0.0005020920502105469,0.0,0,0.0,louvain,intersection_count,100.0,0.0,1.0,20260801,1.0.0,not_used,community labels are structural network results; they are not official factions and do not replace original-setting faction metadata
JP19,music,music,法力之下的平等,法力之下的平等,法力の下の平等,C-3c6cad9194bce10c,697,1,CC-3c6cad9194bce10c,1,0.0,0,0.0005020920502105469,0.0,0,0.0,louvain,intersection_count,100.0,0.0,1.0,20260801,1.0.0,not_used,community labels are structural network results; they are not official factions and do not replace original-setting faction metadata
JP19,music,music,法界の火,法界之火,法界の火,C-fae76d8862b93cbe,698,1,CC-fae76d8862b93cbe,1,0.0,0,0.0005020920502105469,0.0,0,0.0,louvain,intersection_count,100.0,0.0,1.0,20260801,1.0.0,not_used,community labels are structural network results; they are not official factions and do not replace original-setting faction metadata
JP19,music,music,法界之火,法界之火,法界の火,C-bb68d849bd8e1619,699,1,CC-bb68d849bd8e1619,1,0.0,0,0.0005020920502105469,0.0,0,0.0,louvain,intersection_count,100.0,0.0,1.0,20260801,1.0.0,not_used,community labels are structural network results; they are not official factions and do not replace original-setting faction metadata
JP19,music,music,泽之河童的技术力,泽之河童的技术力,沢の河童の技術力,C-4602b51923c83245,700,1,CC-4602b51923c83245,1,0.0,0,0.0005020920502105469,0.0,0,0.0,louvain,intersection_count,100.0,0.0,1.0,20260801,1.0.0,not_used,community labels are structural network results; they are not official factions and do not replace original-setting faction metadata
JP19,music,music,活泼的纯情小姑娘,活泼的纯情小姑娘,おてんば恋娘,C-c4198b1d3205168d,701,1,CC-c4198b1d3205168d,1,0.0,0,0.0005020920502105469,0.0,0,0.0,louvain,intersection_count,100.0,0.0,1.0,20260801,1.0.0,not_used,community labels are structural network results; they are not official factions and do not replace original-setting faction metadata
JP19,music,music,浪漫逃飞行,浪漫逃飞行,ロマンチック逃飛行,C-35609658f3ef205c,702,1,CC-35609658f3ef205c,1,0.0,0,0.0005020920502105469,0.0,0,0.0,louvain,intersection_count,100.0,0.0,1.0,20260801,1.0.0,not_used,community labels are structural network results; they are not official factions and do not replace original-setting faction metadata
JP19,music,music,深山的遭遇,深山的遭遇,山奥のエンカウンター,C-8eca44b85c6098a8,703,1,CC-8eca44b85c6098a8,1,0.0,0,0.0005020920502105469,0.0,0,0.0,louvain,intersection_count,100.0,0.0,1.0,20260801,1.0.0,not_used,community labels are structural network results; they are not official factions and do not replace original-setting faction metadata
JP19,music,music,深緑に隠された断崖,深绿掩映的断崖,深緑に隠された断崖,C-7de8d74d0e374d0f,704,1,CC-7de8d74d0e374d0f,1,0.0,0,0.0005020920502105469,0.0,0,0.0,louvain,intersection_count,100.0,0.0,1.0,20260801,1.0.0,not_used,community labels are structural network results; they are not official factions and do not replace original-setting faction metadata
JP19,music,music,深緑の狸森にて,在深绿的狸森里,深緑の狸森にて,C-2ae95b35743ea927,705,1,CC-2ae95b35743ea927,1,0.0,0,0.0005020920502105469,0.0,0,0.0,louvain,intersection_count,100.0,0.0,1.0,20260801,1.0.0,not_used,community labels are structural network results; they are not official factions and do not replace original-setting faction metadata
JP19,music,music,深绿掩映的断崖,深绿掩映的断崖,深緑に隠された断崖,C-a008d673c6172b58,706,1,CC-a008d673c6172b58,1,0.0,0,0.0005020920502105469,0.0,0,0.0,louvain,intersection_count,100.0,0.0,1.0,20260801,1.0.0,not_used,community labels are structural network results; they are not official factions and do not replace original-setting faction metadata
JP19,music,music,渡る者の途絶えた橋,阻绝人迹之桥,渡る者の途絶えた橋,C-7efd72a73d643667,707,1,CC-7efd72a73d643667,1,0.0,0,0.0005020920502105469,0.0,0,0.0,louvain,intersection_count,100.0,0.0,1.0,20260801,1.0.0,not_used,community labels are structural network results; they are not official factions and do not replace original-setting faction metadata
JP19,music,music,渴盼已久的逢魔之刻,渴盼已久的逢魔之刻,待ちわびた逢魔が時,C-10cbb913b35fcd94,708,1,CC-10cbb913b35fcd94,1,0.0,0,0.0005020920502105469,0.0,0,0.0,louvain,intersection_count,100.0,0.0,1.0,20260801,1.0.0,not_used,community labels are structural network results; they are not official factions and do not replace original-setting faction metadata
JP19,music,music,湖は浄めの月光を映して,湖上倒映着洁净的月光,湖は浄めの月光を映して,C-d57a664ca9cf48ac,709,1,CC-d57a664ca9cf48ac,1,0.0,0,0.0005020920502105469,0.0,0,0.0,louvain,intersection_count,100.0,0.0,1.0,20260801,1.0.0,not_used,community labels are structural network results; they are not official factions and do not replace original-setting faction metadata
JP19,music,music,湖上倒映着洁净的月光,湖上倒映着洁净的月光,湖は浄めの月光を映して,C-8222e18409c1b379,710,1,CC-8222e18409c1b379,1,0.0,0,0.0005020920502105469,0.0,0,0.0,louvain,intersection_count,100.0,0.0,1.0,20260801,1.0.0,not_used,community labels are structural network results; they are not official factions and do not replace original-setting faction metadata
JP19,music,music,満月の竹林,满月的竹林,満月の竹林,C-b0b718073a339bc5,711,1,CC-b0b718073a339bc5,1,0.0,0,0.0005020920502105469,0.0,0,0.0,louvain,intersection_count,100.0,0.0,1.0,20260801,1.0.0,not_used,community labels are structural network results; they are not official factions and do not replace original-setting faction metadata
JP19,music,music,满月的竹林,满月的竹林,満月の竹林,C-ecf5c891788a1920,712,1,CC-ecf5c891788a1920,1,0.0,0,0.0005020920502105469,0.0,0,0.0,louvain,intersection_count,100.0,0.0,1.0,20260801,1.0.0,not_used,community labels are structural network results; they are not official factions and do not replace original-setting faction metadata
JP19,music,music,漂浮于宇宙之中的幻想乡,漂浮于宇宙之中的幻想乡,宇宙に浮かぶ幻想郷,C-a78b258bd257765e,713,1,CC-a78b258bd257765e,1,0.0,0,0.0005020920502105469,0.0,0,0.0,louvain,intersection_count,100.0,0.0,1.0,20260801,1.0.0,not_used,community labels are structural network results; they are not official factions and do not replace original-setting faction metadata
JP19,music,music,演者選択,出演者选择,演者選択,C-40310ef86b4b925a,714,1,CC-40310ef86b4b925a,1,0.0,0,0.0005020920502105469,0.0,0,0.0,louvain,intersection_count,100.0,0.0,1.0,20260801,1.0.0,not_used,community labels are structural network results; they are not official factions and do not replace original-setting faction metadata
JP19,music,music,漫游旧地狱街道,漫游旧地狱街道,旧地獄街道を行く,C-b6abccece4b9a958,715,1,CC-b6abccece4b9a958,1,0.0,0,0.0005020920502105469,0.0,0,0.0,louvain,intersection_count,100.0,0.0,1.0,20260801,1.0.0,not_used,community labels are structural network results; they are not official factions and do not replace original-setting faction metadata
JP19,music,music,灭杀龙王的公主,灭杀龙王的公主,龍王殺しのプリンセス,C-c89fdc9a3515140d,716,1,CC-c89fdc9a3515140d,1,0.0,0,0.0005020920502105469,0.0,0,0.0,louvain,intersection_count,100.0,0.0,1.0,20260801,1.0.0,not_used,community labels are structural network results; they are not official factions and do not replace original-setting faction metadata
JP19,music,music,灰姑娘的笼子,灰姑娘的笼子 ～ Kagome-Kagome,シンデレラケージ　～ Kagome-Kagome,C-09159132ffea839f,717,1,CC-09159132ffea839f,1,0.0,0,0.0005020920502105469,0.0,0,0.0,louvain,intersection_count,100.0,0.0,1.0,20260801,1.0.0,not_used,community labels are structural network results; they are not official factions and do not replace original-setting faction metadata
JP19,music,music,灵人的休息日,灵人的休息日,霊人の休日,C-68d132ec0ae5b2b9,718,1,CC-68d132ec0ae5b2b9,1,0.0,0,0.0005020920502105469,0.0,0,0.0,louvain,intersection_count,100.0,0.0,1.0,20260801,1.0.0,not_used,community labels are structural network results; they are not official factions and do not replace original-setting faction metadata
JP19,music,music,灵天spiritualheaven,灵天 ～ Spiritual Heaven,霊天　～ Spiritual Heaven,C-0833a272ca09ce45,719,1,CC-0833a272ca09ce45,1,0.0,0,0.0005020920502105469,0.0,0,0.0,louvain,intersection_count,100.0,0.0,1.0,20260801,1.0.0,not_used,community labels are structural network results; they are not official factions and do not replace original-setting faction metadata
JP19,music,music,灵异任你选,灵异任你选,オカルトアラカルト,C-be5acf2b4fee2ff6,720,1,CC-be5acf2b4fee2ff6,1,0.0,0,0.0005020920502105469,0.0,0,0.0,louvain,intersection_count,100.0,0.0,1.0,20260801,1.0.0,not_used,community labels are structural network results; they are not official factions and do not replace original-setting faction metadata
JP19,music,music,灵战perditioncrisis,灵战 ～ Perdition crisis,霊戦　～ Perdition crisis,C-41a88fe859d8cffd,721,1,CC-41a88fe859d8cffd,1,0.0,0,0.0005020920502105469,0.0,0,0.0,louvain,intersection_count,100.0,0.0,1.0,20260801,1.0.0,not_used,community labels are structural network results; they are not official factions and do not replace original-setting faction metadata
JP19,music,music,灵知的太阳信仰,灵知的太阳信仰 ～ Nuclear Fusion,霊知の太陽信仰　～ Nuclear Fusion,C-c7c6cb3d8e10635f,722,1,CC-c7c6cb3d8e10635f,1,0.0,0,0.0005020920502105469,0.0,0,0.0,louvain,intersection_count,100.0,0.0,1.0,20260801,1.0.0,not_used,community labels are structural network results; they are not official factions and do not replace original-setting faction metadata
JP19,music,music,灵魂安息之所,灵魂安息之所,魂の休らむ所,C-ff58fcd5d5d74f6c,723,1,CC-ff58fcd5d5d74f6c,1,0.0,0,0.0005020920502105469,0.0,0,0.0,louvain,intersection_count,100.0,0.0,1.0,20260801,1.0.0,not_used,community labels are structural network results; they are not official factions and do not replace original-setting faction metadata
JP19,music,music,熙攘市场今何在,熙攘市场今何在 ～ Immemorial Marketeers,あの賑やかな市場は今どこに　〜 Immemorial Marketeers,C-2db9b5e4e59f8828,724,1,CC-2db9b5e4e59f8828,1,0.0,0,0.0005020920502105469,0.0,0,0.0,louvain,intersection_count,100.0,0.0,1.0,20260801,1.0.0,not_used,community labels are structural network results; they are not official factions and do not replace original-setting faction metadata
JP19,music,music,燃起犯规的狼烟,燃起犯规的狼烟,反則の狼煙を上げろ,C-552132988adc6dbe,725,1,CC-552132988adc6dbe,1,0.0,0,0.0005020920502105469,0.0,0,0.0,louvain,intersection_count,100.0,0.0,1.0,20260801,1.0.0,not_used,community labels are structural network results; they are not official factions and do not replace original-setting faction metadata
JP19,music,music,燕石博物志所带来的黑暗,燕石博物志所带来的黑暗,燕石博物誌が連れてきた闇,C-4173736877d78ad2,726,1,CC-4173736877d78ad2,1,0.0,0,0.0005020920502105469,0.0,0,0.0,louvain,intersection_count,100.0,0.0,1.0,20260801,1.0.0,not_used,community labels are structural network results; they are not official factions and do not replace original-setting faction metadata
JP19,music,music,燕石博物誌が連れてきた闇,燕石博物志所带来的黑暗,燕石博物誌が連れてきた闇,C-298eb89db3574667,727,1,CC-298eb89db3574667,1,0.0,0,0.0005020920502105469,0.0,0,0.0,louvain,intersection_count,100.0,0.0,1.0,20260801,1.0.0,not_used,community labels are structural network results; they are not official factions and do not replace original-setting faction metadata
JP19,music,music,牛に引かれて善光寺参り,被牛引到善光寺,牛に引かれて善光寺参り,C-be85371633f6fa67,728,1,CC-be85371633f6fa67,1,0.0,0,0.0005020920502105469,0.0,0,0.0,louvain,intersection_count,100.0,0.0,1.0,20260801,1.0.0,not_used,community labels are structural network results; they are not official factions and do not replace original-setting faction metadata
JP19,music,music,物言わぬ獣の霊,沉默的兽灵,物言わぬ獣の霊,C-2206c3155c6be11c,729,1,CC-2206c3155c6be11c,1,0.0,0,0.0005020920502105469,0.0,0,0.0,louvain,intersection_count,100.0,0.0,1.0,20260801,1.0.0,not_used,community labels are structural network results; they are not official factions and do not replace original-setting faction metadata
JP19,music,music,特佩斯的年幼末裔,特佩斯的年幼末裔,ツェペシュの幼き末裔,C-8dbd4b4dfc318f17,730,1,CC-8dbd4b4dfc318f17,1,0.0,0,0.0005020920502105469,0.0,0,0.0,louvain,intersection_count,100.0,0.0,1.0,20260801,1.0.0,not_used,community labels are structural network results; they are not official factions and do not replace original-setting faction metadata
JP19,music,music,特洛伊群的密林,特洛伊群的密林,トロヤ群の密林,C-b16bef61dab2fa88,731,1,CC-b16bef61dab2fa88,1,0.0,0,0.0005020920502105469,0.0,0,0.0,louvain,intersection_count,100.0,0.0,1.0,20260801,1.0.0,not_used,community labels are structural network results; they are not official factions and do not replace original-setting faction metadata
JP19,music,music,狂气之瞳,狂气之瞳 ～ Invisible Full Moon,狂気の瞳　～ Invisible Full Moon,C-38316ca60bc96829,732,1,CC-38316ca60bc96829,1,0.0,0,0.0005020920502105469,0.0,0,0.0,louvain,intersection_count,100.0,0.0,1.0,20260801,1.0.0,not_used,community labels are structural network results; they are not official factions and do not replace original-setting faction metadata
JP19,music,music,独一无二的投影,独一无二的投影,唯一無二のシミュラークル,C-64ce64c87b156270,733,1,CC-64ce64c87b156270,1,0.0,0,0.0005020920502105469,0.0,0,0.0,louvain,intersection_count,100.0,0.0,1.0,20260801,1.0.0,not_used,community labels are structural network results; they are not official factions and do not replace original-setting faction metadata
JP19,music,music,献给已逝公主的七重奏,献给已逝公主的七重奏,亡き王女の為のセプテット,C-b4cf23e33369de34,734,1,CC-b4cf23e33369de34,1,0.0,0,0.0005020920502105469,0.0,0,0.0,louvain,intersection_count,100.0,0.0,1.0,20260801,1.0.0,not_used,community labels are structural network results; they are not official factions and do not replace original-setting faction metadata
JP19,music,music,獣に知性はあるか,野兽有智慧吗,獣に知性はあるか,C-3f120e04a03dd9a8,735,1,CC-3f120e04a03dd9a8,1,0.0,0,0.0005020920502105469,0.0,0,0.0,louvain,intersection_count,100.0,0.0,1.0,20260801,1.0.0,not_used,community labels are structural network results; they are not official factions and do not replace original-setting faction metadata
JP19,music,music,獣の知性,兽之智慧,獣の知性,C-c3791cf427784c91,736,1,CC-c3791cf427784c91,1,0.0,0,0.0005020920502105469,0.0,0,0.0,louvain,intersection_count,100.0,0.0,1.0,20260801,1.0.0,not_used,community labels are structural network results; they are not official factions and do not replace original-setting faction metadata
JP19,music,music,獣王達の休息,兽王们的小憩,獣王達の休息,C-ce27906b3848a2ed,737,1,CC-ce27906b3848a2ed,1,0.0,0,0.0005020920502105469,0.0,0,0.0,louvain,intersection_count,100.0,0.0,1.0,20260801,1.0.0,not_used,community labels are structural network results; they are not official factions and do not replace original-setting faction metadata
JP19,music,music,现代妖怪殖民地,现代妖怪殖民地,妖怪モダンコロニー,C-3312e86f8a225921,738,1,CC-3312e86f8a225921,1,0.0,0,0.0005020920502105469,0.0,0,0.0,louvain,intersection_count,100.0,0.0,1.0,20260801,1.0.0,not_used,community labels are structural network results; they are not official factions and do not replace original-setting faction metadata
JP19,music,music,珍奇的上海古牌,珍奇的上海古牌,キュアリアス上海古牌,C-c75966ab5b13d00d,739,1,CC-c75966ab5b13d00d,1,0.0,0,0.0005020920502105469,0.0,0,0.0,louvain,intersection_count,100.0,0.0,1.0,20260801,1.0.0,not_used,community labels are structural network results; they are not official factions and do not replace original-setting faction metadata
JP19,music,music,珍客,稀客,珍客,C-498c00aa2f60ae29,740,1,CC-498c00aa2f60ae29,1,0.0,0,0.0005020920502105469,0.0,0,0.0,louvain,intersection_count,100.0,0.0,1.0,20260801,1.0.0,not_used,community labels are structural network results; they are not official factions and do not replace original-setting faction metadata
JP19,music,music,甲論乙駁,甲论乙驳,甲論乙駁,C-a4d84ceb7084609f,741,1,CC-a4d84ceb7084609f,1,0.0,0,0.0005020920502105469,0.0,0,0.0,louvain,intersection_count,100.0,0.0,1.0,20260801,1.0.0,not_used,community labels are structural network results; they are not official factions and do not replace original-setting faction metadata
JP19,music,music,甲论乙驳,甲论乙驳,甲論乙駁,C-afbe1d0efc7eb059,742,1,CC-afbe1d0efc7eb059,1,0.0,0,0.0005020920502105469,0.0,0,0.0,louvain,intersection_count,100.0,0.0,1.0,20260801,1.0.0,not_used,community labels are structural network results; they are not official factions and do not replace original-setting faction metadata
JP19,music,music,畜生们的休息,畜生们的休息,畜生達の休息,C-4682308825ec55ed,743,1,CC-4682308825ec55ed,1,0.0,0,0.0005020920502105469,0.0,0,0.0,louvain,intersection_count,100.0,0.0,1.0,20260801,1.0.0,not_used,community labels are structural network results; they are not official factions and do not replace original-setting faction metadata
JP19,music,music,畜生達の休息,畜生们的休息,畜生達の休息,C-c97bbc64caef8881,744,1,CC-c97bbc64caef8881,1,0.0,0,0.0005020920502105469,0.0,0,0.0,louvain,intersection_count,100.0,0.0,1.0,20260801,1.0.0,not_used,community labels are structural network results; they are not official factions and do not replace original-setting faction metadata
JP19,music,music,異心同体,异心同体,異心同体,C-f27afb00c3b2234e,745,1,CC-f27afb00c3b2234e,1,0.0,0,0.0005020920502105469,0.0,0,0.0,louvain,intersection_count,100.0,0.0,1.0,20260801,1.0.0,not_used,community labels are structural network results; they are not official factions and do not replace original-setting faction metadata
JP19,music,music,白い旅人,白色旅人,白い旅人,C-1f2dafcab51e9861,746,1,CC-1f2dafcab51e9861,1,0.0,0,0.0005020920502105469,0.0,0,0.0,louvain,intersection_count,100.0,0.0,1.0,20260801,1.0.0,not_used,community labels are structural network results; they are not official factions and do not replace original-setting faction metadata
JP19,music,music,白色旅人,白色旅人,白い旅人,C-ac9431ae0442b9b7,747,1,CC-ac9431ae0442b9b7,1,0.0,0,0.0005020920502105469,0.0,0,0.0,louvain,intersection_count,100.0,0.0,1.0,20260801,1.0.0,not_used,community labels are structural network results; they are not official factions and do not replace original-setting faction metadata
JP19,music,music,盛夏的妖精梦,盛夏的妖精梦,真夏の妖精の夢,C-53fde921cb5fe700,748,1,CC-53fde921cb5fe700,1,0.0,0,0.0005020920502105469,0.0,0,0.0,louvain,intersection_count,100.0,0.0,1.0,20260801,1.0.0,not_used,community labels are structural network results; they are not official factions and do not replace original-setting faction metadata
JP19,music,music,相信可能性,相信可能性,可能性を信じて,C-d10b5302c57dd669,749,1,CC-d10b5302c57dd669,1,0.0,0,0.0005020920502105469,0.0,0,0.0,louvain,intersection_count,100.0,0.0,1.0,20260801,1.0.0,not_used,community labels are structural network results; they are not official factions and do not replace original-setting faction metadata
JP19,music,music,真夏の妖精の夢,盛夏的妖精梦,真夏の妖精の夢,C-0f10702ece1b44a0,750,1,CC-0f10702ece1b44a0,1,0.0,0,0.0005020920502105469,0.0,0,0.0,louvain,intersection_count,100.0,0.0,1.0,20260801,1.0.0,not_used,community labels are structural network results; they are not official factions and do not replace original-setting faction metadata
JP19,music,music,真夜中のフェアリーダンス,午夜的妖精舞会,真夜中のフェアリーダンス,C-2ae7a0d493d85610,751,1,CC-2ae7a0d493d85610,1,0.0,0,0.0005020920502105469,0.0,0,0.0,louvain,intersection_count,100.0,0.0,1.0,20260801,1.0.0,not_used,community labels are structural network results; they are not official factions and do not replace original-setting faction metadata
JP19,music,music,真実を知る者,知晓真相之人,真実を知る者,C-1cb2dee9e4c9c74a,752,1,CC-1cb2dee9e4c9c74a,1,0.0,0,0.0005020920502105469,0.0,0,0.0,louvain,intersection_count,100.0,0.0,1.0,20260801,1.0.0,not_used,community labels are structural network results; they are not official factions and do not replace original-setting faction metadata
JP19,music,music,真紅の少女crimsondead,绯红的少女 ～ Crimson Dead!!,真紅の少女　～ Crimson Dead!!,C-3d7078566dc33381,753,1,CC-3d7078566dc33381,1,0.0,0,0.0005020920502105469,0.0,0,0.0,louvain,intersection_count,100.0,0.0,1.0,20260801,1.0.0,not_used,community labels are structural network results; they are not official factions and do not replace original-setting faction metadata
JP19,music,music,眠れる恐怖sleepingterror,沉睡的恐怖 ～ Sleeping Terror,眠れる恐怖　～ Sleeping Terror,C-5bb41afa4d6d8732,754,1,CC-5bb41afa4d6d8732,1,0.0,0,0.0005020920502105469,0.0,0,0.0,louvain,intersection_count,100.0,0.0,1.0,20260801,1.0.0,not_used,community labels are structural network results; they are not official factions and do not replace original-setting faction metadata
JP19,music,music,眷爱众生之神,眷爱众生之神 ～ Romantic Fall,人恋し神様　～ Romantic Fall,C-59e7ae247d2642ec,755,1,CC-59e7ae247d2642ec,1,0.0,0,0.0005020920502105469,0.0,0,0.0,louvain,intersection_count,100.0,0.0,1.0,20260801,1.0.0,not_used,community labels are structural network results; they are not official factions and do not replace original-setting faction metadata
JP19,music,music,知晓真相之人,知晓真相之人,真実を知る者,C-c0949ebe78bb978b,756,1,CC-c0949ebe78bb978b,1,0.0,0,0.0005020920502105469,0.0,0,0.0,louvain,intersection_count,100.0,0.0,1.0,20260801,1.0.0,not_used,community labels are structural network results; they are not official factions and do not replace original-setting faction metadata
JP19,music,music,知略縦横,智略纵横,知略縦横,C-a36286c05b5cf586,757,1,CC-a36286c05b5cf586,1,0.0,0,0.0005020920502105469,0.0,0,0.0,louvain,intersection_count,100.0,0.0,1.0,20260801,1.0.0,not_used,community labels are structural network results; they are not official factions and do not replace original-setting faction metadata
JP19,music,music,石の赤子と水中の牛,石之婴儿与水中牛,石の赤子と水中の牛,C-a4118894cd75a3a4,758,1,CC-a4118894cd75a3a4,1,0.0,0,0.0005020920502105469,0.0,0,0.0,louvain,intersection_count,100.0,0.0,1.0,20260801,1.0.0,not_used,community labels are structural network results; they are not official factions and do not replace original-setting faction metadata
JP19,music,music,石之婴儿与水中牛,石之婴儿与水中牛,石の赤子と水中の牛,C-e3e433f9bfd2b2ff,759,1,CC-e3e433f9bfd2b2ff,1,0.0,0,0.0005020920502105469,0.0,0,0.0,louvain,intersection_count,100.0,0.0,1.0,20260801,1.0.0,not_used,community labels are structural network results; they are not official factions and do not replace original-setting faction metadata
JP19,music,music,破邪の小太刀,破邪的小太刀,破邪の小太刀,C-de62433393ad6455,760,1,CC-de62433393ad6455,1,0.0,0,0.0005020920502105469,0.0,0,0.0,louvain,intersection_count,100.0,0.0,1.0,20260801,1.0.0,not_used,community labels are structural network results; they are not official factions and do not replace original-setting faction metadata
JP19,music,music,破邪的小太刀,破邪的小太刀,破邪の小太刀,C-91d813c03df79bb7,761,1,CC-91d813c03df79bb7,1,0.0,0,0.0005020920502105469,0.0,0,0.0,louvain,intersection_count,100.0,0.0,1.0,20260801,1.0.0,not_used,community labels are structural network results; they are not official factions and do not replace original-setting faction metadata
JP19,music,music,碎月,碎月,砕月,C-0a389ff5494a83c0,762,1,CC-0a389ff5494a83c0,1,0.0,0,0.0005020920502105469,0.0,0,0.0,louvain,intersection_count,100.0,0.0,1.0,20260801,1.0.0,not_used,community labels are structural network results; they are not official factions and do not replace original-setting faction metadata
JP19,music,music,神は恵みの雨を降らすsylphiddream,神明降下恩惠之雨 ～ Sylphid Dream,神は恵みの雨を降らす　～ Sylphid Dream,C-d4e72cbf5b7940eb,763,1,CC-d4e72cbf5b7940eb,1,0.0,0,0.0005020920502105469,0.0,0,0.0,louvain,intersection_count,100.0,0.0,1.0,20260801,1.0.0,not_used,community labels are structural network results; they are not official factions and do not replace original-setting faction metadata
JP19,music,music,神代矿石,神代矿石,神代鉱石,C-8c65edc648a2ed5f,764,1,CC-8c65edc648a2ed5f,1,0.0,0,0.0005020920502105469,0.0,0,0.0,louvain,intersection_count,100.0,0.0,1.0,20260801,1.0.0,not_used,community labels are structural network results; they are not official factions and do not replace original-setting faction metadata
JP19,music,music,神代鉱石,神代矿石,神代鉱石,C-bd9f6f7decd4f7dc,765,1,CC-bd9f6f7decd4f7dc,1,0.0,0,0.0005020920502105469,0.0,0,0.0,louvain,intersection_count,100.0,0.0,1.0,20260801,1.0.0,not_used,community labels are structural network results; they are not official factions and do not replace original-setting faction metadata
JP19,music,music,神圣庄严的古战场,神圣庄严的古战场 ～ Suwa Foughten Field,神さびた古戦場　～ Suwa Foughten Field,C-26fcefa2ab3fea5d,766,1,CC-26fcefa2ab3fea5d,1,0.0,0,0.0005020920502105469,0.0,0,0.0,louvain,intersection_count,100.0,0.0,1.0,20260801,1.0.0,not_used,community labels are structural network results; they are not official factions and do not replace original-setting faction metadata
JP19,music,music,神域のかくれんぼ暮らし,神域的捉迷藏生活,神域のかくれんぼ暮らし,C-a99540bb4b41afa7,767,1,CC-a99540bb4b41afa7,1,0.0,0,0.0005020920502105469,0.0,0,0.0,louvain,intersection_count,100.0,0.0,1.0,20260801,1.0.0,not_used,community labels are structural network results; they are not official factions and do not replace original-setting faction metadata
JP19,music,music,神域的捉迷藏生活,神域的捉迷藏生活,神域のかくれんぼ暮らし,C-f5040e9d6856c593,768,1,CC-f5040e9d6856c593,1,0.0,0,0.0005020920502105469,0.0,0,0.0,louvain,intersection_count,100.0,0.0,1.0,20260801,1.0.0,not_used,community labels are structural network results; they are not official factions and do not replace original-setting faction metadata
JP19,music,music,神明降下恩惠之雨sylphiddream,神明降下恩惠之雨 ～ Sylphid Dream,神は恵みの雨を降らす　～ Sylphid Dream,C-e9824bd5863a9bdf,769,1,CC-e9824bd5863a9bdf,1,0.0,0,0.0005020920502105469,0.0,0,0.0,louvain,intersection_count,100.0,0.0,1.0,20260801,1.0.0,not_used,community labels are structural network results; they are not official factions and do not replace original-setting faction metadata
JP19,music,music,神社,神社,神社,C-70e541fc54789d87,770,1,CC-70e541fc54789d87,1,0.0,0,0.0005020920502105469,0.0,0,0.0,louvain,intersection_count,100.0,0.0,1.0,20260801,1.0.0,not_used,community labels are structural network results; they are not official factions and do not replace original-setting faction metadata
JP19,music,music,神社から見える月,从神社所见之月,神社から見える月,C-55b595150d71a7d2,771,1,CC-55b595150d71a7d2,1,0.0,0,0.0005020920502105469,0.0,0,0.0,louvain,intersection_count,100.0,0.0,1.0,20260801,1.0.0,not_used,community labels are structural network results; they are not official factions and do not replace original-setting faction metadata
JP19,music,music,神社の新しい風,神社的新风,神社の新しい風,C-ab0746f38650c9ed,772,1,CC-ab0746f38650c9ed,1,0.0,0,0.0005020920502105469,0.0,0,0.0,louvain,intersection_count,100.0,0.0,1.0,20260801,1.0.0,not_used,community labels are structural network results; they are not official factions and do not replace original-setting faction metadata
JP19,music,music,神社的新风,神社的新风,神社の新しい風,C-2028b932b14b4a33,773,1,CC-2028b932b14b4a33,1,0.0,0,0.0005020920502105469,0.0,0,0.0,louvain,intersection_count,100.0,0.0,1.0,20260801,1.0.0,not_used,community labels are structural network results; they are not official factions and do not replace original-setting faction metadata
JP19,music,music,神秘的人偶,神秘的人偶,エニグマティクドール,C-5c12fe8c446f684a,774,1,CC-5c12fe8c446f684a,1,0.0,0,0.0005020920502105469,0.0,0,0.0,louvain,intersection_count,100.0,0.0,1.0,20260801,1.0.0,not_used,community labels are structural network results; they are not official factions and do not replace original-setting faction metadata
JP19,music,music,神篱如紫色火焰般燃烧,神篱，如紫色火焰般燃烧,ひもろぎ、むらさきにもえ,C-a253382d2c618dd4,775,1,CC-a253382d2c618dd4,1,0.0,0,0.0005020920502105469,0.0,0,0.0,louvain,intersection_count,100.0,0.0,1.0,20260801,1.0.0,not_used,community labels are structural network results; they are not official factions and do not replace original-setting faction metadata
JP19,music,music,神話幻想infinitebeing,神话幻想 ～ Infinite Being,神話幻想　～ Infinite Being,C-48f681b94099a6d7,776,1,CC-48f681b94099a6d7,1,0.0,0,0.0005020920502105469,0.0,0,0.0,louvain,intersection_count,100.0,0.0,1.0,20260801,1.0.0,not_used,community labels are structural network results; they are not official factions and do not replace original-setting faction metadata
JP19,music,music,神话幻想infinitebeing,神话幻想 ～ Infinite Being,神話幻想　～ Infinite Being,C-1902140995e87950,777,1,CC-1902140995e87950,1,0.0,0,0.0005020920502105469,0.0,0,0.0,louvain,intersection_count,100.0,0.0,1.0,20260801,1.0.0,not_used,community labels are structural network results; they are not official factions and do not replace original-setting faction metadata
JP19,music,music,祸机,祸机,禍機,C-734a46847d63aeed,778,1,CC-734a46847d63aeed,1,0.0,0,0.0005020920502105469,0.0,0,0.0,louvain,intersection_count,100.0,0.0,1.0,20260801,1.0.0,not_used,community labels are structural network results; they are not official factions and do not replace original-setting faction metadata
JP19,music,music,禁じざるをえない遊戯,不可不禁止的游戏,禁じざるをえない遊戯,C-c663a0eb660601c6,779,1,CC-c663a0eb660601c6,1,0.0,0,0.0005020920502105469,0.0,0,0.0,louvain,intersection_count,100.0,0.0,1.0,20260801,1.0.0,not_used,community labels are structural network results; they are not official factions and do not replace original-setting faction metadata
JP19,music,music,禁忌の膜壁,禁忌的膜壁,禁忌の膜壁,C-119437b369bd4990,780,1,CC-119437b369bd4990,1,0.0,0,0.0005020920502105469,0.0,0,0.0,louvain,intersection_count,100.0,0.0,1.0,20260801,1.0.0,not_used,community labels are structural network results; they are not official factions and do not replace original-setting faction metadata
JP19,music,music,禁忌的膜壁,禁忌的膜壁,禁忌の膜壁,C-479c8495a78831db,781,1,CC-479c8495a78831db,1,0.0,0,0.0005020920502105469,0.0,0,0.0,louvain,intersection_count,100.0,0.0,1.0,20260801,1.0.0,not_used,community labels are structural network results; they are not official factions and do not replace original-setting faction metadata
JP19,music,music,禁忌的魔法forbiddenmagic,禁忌的魔法 ～ Forbidden Magic,禁断の魔法　～ Forbidden Magic,C-317fe6b81a3185a7,782,1,CC-317fe6b81a3185a7,1,0.0,0,0.0005020920502105469,0.0,0,0.0,louvain,intersection_count,100.0,0.0,1.0,20260801,1.0.0,not_used,community labels are structural network results; they are not official factions and do not replace original-setting faction metadata
JP19,music,music,禁断の扉の向こうはこの世かあの世か,禁断之门对面，是此世还是彼世,禁断の扉の向こうは、この世かあの世か,C-7da94dd5d92078ca,783,1,CC-7da94dd5d92078ca,1,0.0,0,0.0005020920502105469,0.0,0,0.0,louvain,intersection_count,100.0,0.0,1.0,20260801,1.0.0,not_used,community labels are structural network results; they are not official factions and do not replace original-setting faction metadata
JP19,music,music,禁断の魔法forbiddenmagic,禁忌的魔法 ～ Forbidden Magic,禁断の魔法　～ Forbidden Magic,C-7963b666be174dfc,784,1,CC-7963b666be174dfc,1,0.0,0,0.0005020920502105469,0.0,0,0.0,louvain,intersection_count,100.0,0.0,1.0,20260801,1.0.0,not_used,community labels are structural network results; they are not official factions and do not replace original-setting faction metadata
JP19,music,music,禁断之门对面是此世还是彼世,禁断之门对面，是此世还是彼世,禁断の扉の向こうは、この世かあの世か,C-4238b7ddda84da76,785,1,CC-4238b7ddda84da76,1,0.0,0,0.0005020920502105469,0.0,0,0.0,louvain,intersection_count,100.0,0.0,1.0,20260801,1.0.0,not_used,community labels are structural network results; they are not official factions and do not replace original-setting faction metadata
JP19,music,music,禍機,祸机,禍機,C-e8e42024716a1498,786,1,CC-e8e42024716a1498,1,0.0,0,0.0005020920502105469,0.0,0,0.0,louvain,intersection_count,100.0,0.0,1.0,20260801,1.0.0,not_used,community labels are structural network results; they are not official factions and do not replace original-setting faction metadata
JP19,music,music,秋霜玉clockworks,秋霜玉 ～ Clockworks,秋霜玉　～ Clockworks,C-8127ae34d9baf0f7,787,1,CC-8127ae34d9baf0f7,1,0.0,0,0.0005020920502105469,0.0,0,0.0,louvain,intersection_count,100.0,0.0,1.0,20260801,1.0.0,not_used,community labels are structural network results; they are not official factions and do not replace original-setting faction metadata
JP19,music,music,科学世紀の少年少女,科学世纪的少年少女,科学世紀の少年少女,C-4f609d5eeca8fd27,788,1,CC-4f609d5eeca8fd27,1,0.0,0,0.0005020920502105469,0.0,0,0.0,louvain,intersection_count,100.0,0.0,1.0,20260801,1.0.0,not_used,community labels are structural network results; they are not official factions and do not replace original-setting faction metadata
JP19,music,music,科学世纪的少年少女,科学世纪的少年少女,科学世紀の少年少女,C-62e95d76553c5a9a,789,1,CC-62e95d76553c5a9a,1,0.0,0,0.0005020920502105469,0.0,0,0.0,louvain,intersection_count,100.0,0.0,1.0,20260801,1.0.0,not_used,community labels are structural network results; they are not official factions and do not replace original-setting faction metadata
JP19,music,music,秘境のマーメイド,秘境的人鱼,秘境のマーメイド,C-a0ef34f4609beec3,790,1,CC-a0ef34f4609beec3,1,0.0,0,0.0005020920502105469,0.0,0,0.0,louvain,intersection_count,100.0,0.0,1.0,20260801,1.0.0,not_used,community labels are structural network results; they are not official factions and do not replace original-setting faction metadata
JP19,music,music,秘境的人鱼,秘境的人鱼,秘境のマーメイド,C-8f6a314609b7e91f,791,1,CC-8f6a314609b7e91f,1,0.0,0,0.0005020920502105469,0.0,0,0.0,louvain,intersection_count,100.0,0.0,1.0,20260801,1.0.0,not_used,community labels are structural network results; they are not official factions and do not replace original-setting faction metadata
JP19,music,music,秘神摩多罗,秘神摩多罗 ～ Hidden Star in All Seasons.,秘神マターラ　～ Hidden Star in All Seasons.,C-6a19ee29ad4b9fba,792,1,CC-6a19ee29ad4b9fba,1,0.0,0,0.0005020920502105469,0.0,0,0.0,louvain,intersection_count,100.0,0.0,1.0,20260801,1.0.0,not_used,community labels are structural network results; they are not official factions and do not replace original-setting faction metadata
JP19,music,music,稀客,稀客,珍客,C-987bec6ea67530e7,793,1,CC-987bec6ea67530e7,1,0.0,0,0.0005020920502105469,0.0,0,0.0,louvain,intersection_count,100.0,0.0,1.0,20260801,1.0.0,not_used,community labels are structural network results; they are not official factions and do not replace original-setting faction metadata
JP19,music,music,稀翁玉fairydance,稀翁玉 ～ Fairy Dance,稀翁玉　～ Fairy Dance,C-35ce285fa9c9d2f5,794,1,CC-35ce285fa9c9d2f5,1,0.0,0,0.0005020920502105469,0.0,0,0.0,louvain,intersection_count,100.0,0.0,1.0,20260801,1.0.0,not_used,community labels are structural network results; they are not official factions and do not replace original-setting faction metadata
JP19,music,music,空に浮かぶ物体x,空中飘浮的物体Ｘ,空に浮かぶ物体X,C-cf7613a7461b0dda,795,1,CC-cf7613a7461b0dda,1,0.0,0,0.0005020920502105469,0.0,0,0.0,louvain,intersection_count,100.0,0.0,1.0,20260801,1.0.0,not_used,community labels are structural network results; they are not official factions and do not replace original-setting faction metadata
JP19,music,music,空の帰り道skydream,空中的归路 ～ Sky Dream,空の帰り道　～ Sky Dream,C-a44c999cca0b6eba,796,1,CC-a44c999cca0b6eba,1,0.0,0,0.0005020920502105469,0.0,0,0.0,louvain,intersection_count,100.0,0.0,1.0,20260801,1.0.0,not_used,community labels are structural network results; they are not official factions and do not replace original-setting faction metadata
JP19,music,music,空中に沈む輝針城,沉向空中的辉针城,空中に沈む輝針城,C-baf31f17391a368b,797,1,CC-baf31f17391a368b,1,0.0,0,0.0005020920502105469,0.0,0,0.0,louvain,intersection_count,100.0,0.0,1.0,20260801,1.0.0,not_used,community labels are structural network results; they are not official factions and do not replace original-setting faction metadata
JP19,music,music,空中的归路skydream,空中的归路 ～ Sky Dream,空の帰り道　～ Sky Dream,C-324d81925dfc971c,798,1,CC-324d81925dfc971c,1,0.0,0,0.0005020920502105469,0.0,0,0.0,louvain,intersection_count,100.0,0.0,1.0,20260801,1.0.0,not_used,community labels are structural network results; they are not official factions and do not replace original-setting faction metadata
JP19,music,music,空中飘浮的物体x,空中飘浮的物体Ｘ,空に浮かぶ物体X,C-5b70de5609d006da,799,1,CC-5b70de5609d006da,1,0.0,0,0.0005020920502105469,0.0,0,0.0,louvain,intersection_count,100.0,0.0,1.0,20260801,1.0.0,not_used,community labels are structural network results; they are not official factions and do not replace original-setting faction metadata
JP19,music,music,空中飞翔的巫女不可思议的每天,空中飞翔的巫女不可思议的每天,空飛ぶ巫女の不思議な毎日,C-700ebf502fa71f30,800,1,CC-700ebf502fa71f30,1,0.0,0,0.0005020920502105469,0.0,0,0.0,louvain,intersection_count,100.0,0.0,1.0,20260801,1.0.0,not_used,community labels are structural network results; they are not official factions and do not replace original-setting faction metadata
JP19,music,music,空飛ぶ巫女の不思議な毎日,空中飞翔的巫女不可思议的每天,空飛ぶ巫女の不思議な毎日,C-eb1141d81f18fdde,801,1,CC-eb1141d81f18fdde,1,0.0,0,0.0005020920502105469,0.0,0,0.0,louvain,intersection_count,100.0,0.0,1.0,20260801,1.0.0,not_used,community labels are structural network results; they are not official factions and do not replace original-setting faction metadata
JP19,music,music,竹取飞翔,竹取飞翔 ～ Lunatic Princess,竹取飛翔　～ Lunatic Princess,C-71caa9ee423d7fe6,802,1,CC-71caa9ee423d7fe6,1,0.0,0,0.0005020920502105469,0.0,0,0.0,louvain,intersection_count,100.0,0.0,1.0,20260801,1.0.0,not_used,community labels are structural network results; they are not official factions and do not replace original-setting faction metadata
JP19,music,music,竹林インフレイム,竹林大火,竹林インフレイム,C-c87a09cab437f46b,803,1,CC-c87a09cab437f46b,1,0.0,0,0.0005020920502105469,0.0,0,0.0,louvain,intersection_count,100.0,0.0,1.0,20260801,1.0.0,not_used,community labels are structural network results; they are not official factions and do not replace original-setting faction metadata
JP19,music,music,竹林大火,竹林大火,竹林インフレイム,C-508c153681a6c4cc,804,1,CC-508c153681a6c4cc,1,0.0,0,0.0005020920502105469,0.0,0,0.0,louvain,intersection_count,100.0,0.0,1.0,20260801,1.0.0,not_used,community labels are structural network results; they are not official factions and do not replace original-setting faction metadata
JP19,music,music,第100次黑市,第100次黑市,100回目のブラックマーケット,C-5856cf5bf7f9aad6,805,1,CC-5856cf5bf7f9aad6,1,0.0,0,0.0005020920502105469,0.0,0,0.0,louvain,intersection_count,100.0,0.0,1.0,20260801,1.0.0,not_used,community labels are structural network results; they are not official factions and do not replace original-setting faction metadata
JP19,music,music,第六十年的东方审判,第六十年的东方审判 ～ Fate of Sixty Years,六十年目の東方裁判　～ Fate of Sixty Years,C-75ba002af0a6c32f,806,1,CC-75ba002af0a6c32f,1,0.0,0,0.0005020920502105469,0.0,0,0.0,louvain,intersection_count,100.0,0.0,1.0,20260801,1.0.0,not_used,community labels are structural network results; they are not official factions and do not replace original-setting faction metadata
JP19,music,music,紅夜,红夜,紅夜,C-67396d03b75e8eb7,807,1,CC-67396d03b75e8eb7,1,0.0,0,0.0005020920502105469,0.0,0,0.0,louvain,intersection_count,100.0,0.0,1.0,20260801,1.0.0,not_used,community labels are structural network results; they are not official factions and do not replace original-setting faction metadata
JP19,music,music,紅響曲scarletphoneme,红响曲 ～ Scarlet Phoneme,紅響曲　～ Scarlet Phoneme,C-e38353f23526fc1d,808,1,CC-e38353f23526fc1d,1,0.0,0,0.0005020920502105469,0.0,0,0.0,louvain,intersection_count,100.0,0.0,1.0,20260801,1.0.0,not_used,community labels are structural network results; they are not official factions and do not replace original-setting faction metadata
JP19,music,music,素敵な墓場で暮しましょ,在美妙的墓地里住下吧,素敵な墓場で暮しましょ,C-b743a8f45df41a2b,809,1,CC-b743a8f45df41a2b,1,0.0,0,0.0005020920502105469,0.0,0,0.0,louvain,intersection_count,100.0,0.0,1.0,20260801,1.0.0,not_used,community labels are structural network results; they are not official factions and do not replace original-setting faction metadata
JP19,music,music,綿月のスペルカードlunaticblue,绵月的符卡 ～ Lunatic Blue,綿月のスペルカード　～ Lunatic Blue,C-05b4da0be84f5287,810,1,CC-05b4da0be84f5287,1,0.0,0,0.0005020920502105469,0.0,0,0.0,louvain,intersection_count,100.0,0.0,1.0,20260801,1.0.0,not_used,community labels are structural network results; they are not official factions and do not replace original-setting faction metadata
JP19,music,music,緋想天,绯想天,緋想天,C-1ce8f16265ddf1b8,811,1,CC-1ce8f16265ddf1b8,1,0.0,0,0.0005020920502105469,0.0,0,0.0,louvain,intersection_count,100.0,0.0,1.0,20260801,1.0.0,not_used,community labels are structural network results; they are not official factions and do not replace original-setting faction metadata
JP19,music,music,緑のサナトリウム,绿意盎然的疗养院,緑のサナトリウム,C-5a96c3303e905a1e,812,1,CC-5a96c3303e905a1e,1,0.0,0,0.0005020920502105469,0.0,0,0.0,louvain,intersection_count,100.0,0.0,1.0,20260801,1.0.0,not_used,community labels are structural network results; they are not official factions and do not replace original-setting faction metadata
JP19,music,music,红响曲scarletphoneme,红响曲 ～ Scarlet Phoneme,紅響曲　～ Scarlet Phoneme,C-89d0cc8b7e9521b1,813,1,CC-89d0cc8b7e9521b1,1,0.0,0,0.0005020920502105469,0.0,0,0.0,louvain,intersection_count,100.0,0.0,1.0,20260801,1.0.0,not_used,community labels are structural network results; they are not official factions and do not replace original-setting faction metadata
JP19,music,music,红夜,红夜,紅夜,C-4209c6da91f471fe,814,1,CC-4209c6da91f471fe,1,0.0,0,0.0005020920502105469,0.0,0,0.0,louvain,intersection_count,100.0,0.0,1.0,20260801,1.0.0,not_used,community labels are structural network results; they are not official factions and do not replace original-setting faction metadata
JP19,music,music,红楼easterndream,红楼 ～ Eastern Dream...,紅楼　～ Eastern Dream...,C-c3b28c66a77b7d20,815,1,CC-c3b28c66a77b7d20,1,0.0,0,0.0005020920502105469,0.0,0,0.0,louvain,intersection_count,100.0,0.0,1.0,20260801,1.0.0,not_used,community labels are structural network results; they are not official factions and do not replace original-setting faction metadata
JP19,music,music,绯想天,绯想天,緋想天,C-f3e9117dcf0b6fa3,816,1,CC-f3e9117dcf0b6fa3,1,0.0,0,0.0005020920502105469,0.0,0,0.0,louvain,intersection_count,100.0,0.0,1.0,20260801,1.0.0,not_used,community labels are structural network results; they are not official factions and do not replace original-setting faction metadata
JP19,music,music,绯红的少女crimsondead,绯红的少女 ～ Crimson Dead!!,真紅の少女　～ Crimson Dead!!,C-99ab30a97a682dc1,817,1,CC-99ab30a97a682dc1,1,0.0,0,0.0005020920502105469,0.0,0,0.0,louvain,intersection_count,100.0,0.0,1.0,20260801,1.0.0,not_used,community labels are structural network results; they are not official factions and do not replace original-setting faction metadata
JP19,music,music,绵月的符卡lunaticblue,绵月的符卡 ～ Lunatic Blue,綿月のスペルカード　～ Lunatic Blue,C-218edf833e9c173c,818,1,CC-218edf833e9c173c,1,0.0,0,0.0005020920502105469,0.0,0,0.0,louvain,intersection_count,100.0,0.0,1.0,20260801,1.0.0,not_used,community labels are structural network results; they are not official factions and do not replace original-setting faction metadata
JP19,music,music,绿意盎然的疗养院,绿意盎然的疗养院,緑のサナトリウム,C-0f5a16e79f2ad8eb,819,1,CC-0f5a16e79f2ad8eb,1,0.0,0,0.0005020920502105469,0.0,0,0.0,louvain,intersection_count,100.0,0.0,1.0,20260801,1.0.0,not_used,community labels are structural network results; they are not official factions and do not replace original-setting faction metadata
JP19,music,music,绿眼的嫉妒,绿眼的嫉妒,緑眼のジェラシー,C-5d1c50f911168b9c,820,1,CC-5d1c50f911168b9c,1,0.0,0,0.0005020920502105469,0.0,0,0.0,louvain,intersection_count,100.0,0.0,1.0,20260801,1.0.0,not_used,community labels are structural network results; they are not official factions and do not replace original-setting faction metadata
JP19,music,music,聖輦船空を往く,圣辇船飞向天空,聖輦船空を往く,C-921d7c29471a6816,821,1,CC-921d7c29471a6816,1,0.0,0,0.0005020920502105469,0.0,0,0.0,louvain,intersection_count,100.0,0.0,1.0,20260801,1.0.0,not_used,community labels are structural network results; they are not official factions and do not replace original-setting faction metadata
JP19,music,music,背叛的少女judaskiss,背叛的少女 ～ Judas Kiss,裏切りの少女　～ Judas Kiss,C-2925cfe0b87111c9,822,1,CC-2925cfe0b87111c9,1,0.0,0,0.0005020920502105469,0.0,0,0.0,louvain,intersection_count,100.0,0.0,1.0,20260801,1.0.0,not_used,community labels are structural network results; they are not official factions and do not replace original-setting faction metadata
JP19,music,music,胜利的示范,胜利的示范,勝利デモ,C-f2b202155d9344fb,823,1,CC-f2b202155d9344fb,1,0.0,0,0.0005020920502105469,0.0,0,0.0,louvain,intersection_count,100.0,0.0,1.0,20260801,1.0.0,not_used,community labels are structural network results; they are not official factions and do not replace original-setting faction metadata
JP19,music,music,能源黎明futuredream,能源黎明 ～ Future Dream...,エネルギー黎明 ～ Future Dream...,C-5539b1974e25aa67,824,1,CC-5539b1974e25aa67,1,0.0,0,0.0005020920502105469,0.0,0,0.0,louvain,intersection_count,100.0,0.0,1.0,20260801,1.0.0,not_used,community labels are structural network results; they are not official factions and do not replace original-setting faction metadata
JP19,music,music,色無き風は妖怪の山に,无色之风吹拂妖怪之山,色無き風は妖怪の山に,C-ef1c1a404f72e901,825,1,CC-ef1c1a404f72e901,1,0.0,0,0.0005020920502105469,0.0,0,0.0,louvain,intersection_count,100.0,0.0,1.0,20260801,1.0.0,not_used,community labels are structural network results; they are not official factions and do not replace original-setting faction metadata
JP19,music,music,芥川龙之介的河童,芥川龙之介的河童 ～ Candid Friend,芥川龍之介の河童　～ Candid Friend,C-766d821435f91cd2,826,1,CC-766d821435f91cd2,1,0.0,0,0.0005020920502105469,0.0,0,0.0,louvain,intersection_count,100.0,0.0,1.0,20260801,1.0.0,not_used,community labels are structural network results; they are not official factions and do not replace original-setting faction metadata
JP19,music,music,花の映る塚,映花之塚,花の映る塚,C-8b67ca9dd3a100d4,827,1,CC-8b67ca9dd3a100d4,1,0.0,0,0.0005020920502105469,0.0,0,0.0,louvain,intersection_count,100.0,0.0,1.0,20260801,1.0.0,not_used,community labels are structural network results; they are not official factions and do not replace original-setting faction metadata
JP19,music,music,花は幻想のままに,花如幻想一般,花は幻想のままに,C-56688e77daef4eac,828,1,CC-56688e77daef4eac,1,0.0,0,0.0005020920502105469,0.0,0,0.0,louvain,intersection_count,100.0,0.0,1.0,20260801,1.0.0,not_used,community labels are structural network results; they are not official factions and do not replace original-setting faction metadata
JP19,music,music,花如幻想一般,花如幻想一般,花は幻想のままに,C-f33e860542148b12,829,1,CC-f33e860542148b12,1,0.0,0,0.0005020920502105469,0.0,0,0.0,louvain,intersection_count,100.0,0.0,1.0,20260801,1.0.0,not_used,community labels are structural network results; they are not official factions and do not replace original-setting faction metadata
JP19,music,music,花映塚,花映塚,花映塚,C-42358efa7905f66b,830,1,CC-42358efa7905f66b,1,0.0,0,0.0005020920502105469,0.0,0,0.0,louvain,intersection_count,100.0,0.0,1.0,20260801,1.0.0,not_used,community labels are structural network results; they are not official factions and do not replace original-setting faction metadata
JP19,music,music,華のさかづき大江山,大江山的花之酒宴,華のさかづき大江山,C-a8eba8e80290985f,831,1,CC-a8eba8e80290985f,1,0.0,0,0.0005020920502105469,0.0,0,0.0,louvain,intersection_count,100.0,0.0,1.0,20260801,1.0.0,not_used,community labels are structural network results; they are not official factions and do not replace original-setting faction metadata
JP19,music,music,華の幻想紅夢の宙,华之幻想 红梦之宙,華の幻想　紅夢の宙,C-b812b53386bc40a5,832,1,CC-b812b53386bc40a5,1,0.0,0,0.0005020920502105469,0.0,0,0.0,louvain,intersection_count,100.0,0.0,1.0,20260801,1.0.0,not_used,community labels are structural network results; they are not official factions and do not replace original-setting faction metadata
JP19,music,music,華狭間のバトルフィールド,华狭间的战场,華狭間のバトルフィールド,C-85a3b23eb3fbbc2e,833,1,CC-85a3b23eb3fbbc2e,1,0.0,0,0.0005020920502105469,0.0,0,0.0,louvain,intersection_count,100.0,0.0,1.0,20260801,1.0.0,not_used,community labels are structural network results; they are not official factions and do not replace original-setting faction metadata
JP19,music,music,華胥の夢,华胥之梦,華胥の夢,C-bf8e7161563e6f8d,834,1,CC-bf8e7161563e6f8d,1,0.0,0,0.0005020920502105469,0.0,0,0.0,louvain,intersection_count,100.0,0.0,1.0,20260801,1.0.0,not_used,community labels are structural network results; they are not official factions and do not replace original-setting faction metadata
JP19,music,music,萃梦想,萃梦想,萃夢想,C-c7f7c6e5e09b7fa7,835,1,CC-c7f7c6e5e09b7fa7,1,0.0,0,0.0005020920502105469,0.0,0,0.0,louvain,intersection_count,100.0,0.0,1.0,20260801,1.0.0,not_used,community labels are structural network results; they are not official factions and do not replace original-setting faction metadata
JP19,music,music,落日に生える逆さ城,落日映照下的逆城,落日に生える逆さ城,C-b15ca82694bfa935,836,1,CC-b15ca82694bfa935,1,0.0,0,0.0005020920502105469,0.0,0,0.0,louvain,intersection_count,100.0,0.0,1.0,20260801,1.0.0,not_used,community labels are structural network results; they are not official factions and do not replace original-setting faction metadata
JP19,music,music,落日映照下的逆城,落日映照下的逆城,落日に生える逆さ城,C-468a6740bfb20955,837,1,CC-468a6740bfb20955,1,0.0,0,0.0005020920502105469,0.0,0,0.0,louvain,intersection_count,100.0,0.0,1.0,20260801,1.0.0,not_used,community labels are structural network results; they are not official factions and do not replace original-setting faction metadata
JP19,music,music,蓬莱传说,蓬莱传说,蓬莱伝説,C-48eb8da31ee15eab,838,1,CC-48eb8da31ee15eab,1,0.0,0,0.0005020920502105469,0.0,0,0.0,louvain,intersection_count,100.0,0.0,1.0,20260801,1.0.0,not_used,community labels are structural network results; they are not official factions and do not replace original-setting faction metadata
JP19,music,music,蓬莱幻想fareast,蓬莱幻想 ～ far East,蓬莱幻想　～ far East,C-fb976c12b62606a0,839,1,CC-fb976c12b62606a0,1,0.0,0,0.0005020920502105469,0.0,0,0.0,louvain,intersection_count,100.0,0.0,1.0,20260801,1.0.0,not_used,community labels are structural network results; they are not official factions and do not replace original-setting faction metadata
JP19,music,music,薛定谔的怪猫,薛定谔的怪猫,シュレディンガーの化猫,C-7a93109638d19893,840,1,CC-7a93109638d19893,1,0.0,0,0.0005020920502105469,0.0,0,0.0,louvain,intersection_count,100.0,0.0,1.0,20260801,1.0.0,not_used,community labels are structural network results; they are not official factions and do not replace original-setting faction metadata
JP19,music,music,虎柄の毘沙門天,虎纹的毘沙门天,虎柄の毘沙門天,C-3b2a4a77797b10cd,841,1,CC-3b2a4a77797b10cd,1,0.0,0,0.0005020920502105469,0.0,0,0.0,louvain,intersection_count,100.0,0.0,1.0,20260801,1.0.0,not_used,community labels are structural network results; they are not official factions and do not replace original-setting faction metadata
JP19,music,music,虎纹的毘沙门天,虎纹的毘沙门天,虎柄の毘沙門天,C-9e2b0eeddb7ae417,842,1,CC-9e2b0eeddb7ae417,1,0.0,0,0.0005020920502105469,0.0,0,0.0,louvain,intersection_count,100.0,0.0,1.0,20260801,1.0.0,not_used,community labels are structural network results; they are not official factions and do not replace original-setting faction metadata
JP19,music,music,虹の架かる幻想郷,架起虹桥的幻想乡,虹の架かる幻想郷,C-74b032673e158d12,843,1,CC-74b032673e158d12,1,0.0,0,0.0005020920502105469,0.0,0,0.0,louvain,intersection_count,100.0,0.0,1.0,20260801,1.0.0,not_used,community labels are structural network results; they are not official factions and do not replace original-setting faction metadata
JP19,music,music,虹色の世界,虹色的世界,虹色の世界,C-f613b25817f8251b,844,1,CC-f613b25817f8251b,1,0.0,0,0.0005020920502105469,0.0,0,0.0,louvain,intersection_count,100.0,0.0,1.0,20260801,1.0.0,not_used,community labels are structural network results; they are not official factions and do not replace original-setting faction metadata
JP19,music,music,虹色的世界,虹色的世界,虹色の世界,C-83cc6a8cda1051fa,845,1,CC-83cc6a8cda1051fa,1,0.0,0,0.0005020920502105469,0.0,0,0.0,louvain,intersection_count,100.0,0.0,1.0,20260801,1.0.0,not_used,community labels are structural network results; they are not official factions and do not replace original-setting faction metadata
JP19,music,music,蠢々秋月moonedinsect,蠢蠢的秋月 ～ Mooned Insect,蠢々秋月　～ Mooned Insect,C-898c824fa7e9197b,846,1,CC-898c824fa7e9197b,1,0.0,0,0.0005020920502105469,0.0,0,0.0,louvain,intersection_count,100.0,0.0,1.0,20260801,1.0.0,not_used,community labels are structural network results; they are not official factions and do not replace original-setting faction metadata
JP19,music,music,蠢蠢的秋月,蠢蠢的秋月 ～ Mooned Insect,蠢々秋月　～ Mooned Insect,C-9474e109e1d0f50d,847,1,CC-9474e109e1d0f50d,1,0.0,0,0.0005020920502105469,0.0,0,0.0,louvain,intersection_count,100.0,0.0,1.0,20260801,1.0.0,not_used,community labels are structural network results; they are not official factions and do not replace original-setting faction metadata
JP19,music,music,行云流水,行云流水,行雲流水,C-74cc8e21cab10dd2,848,1,CC-74cc8e21cab10dd2,1,0.0,0,0.0005020920502105469,0.0,0,0.0,louvain,intersection_count,100.0,0.0,1.0,20260801,1.0.0,not_used,community labels are structural network results; they are not official factions and do not replace original-setting faction metadata
JP19,music,music,行雲流水,行云流水,行雲流水,C-10d80b1ea32cbff2,849,1,CC-10d80b1ea32cbff2,1,0.0,0,0.0005020920502105469,0.0,0,0.0,louvain,intersection_count,100.0,0.0,1.0,20260801,1.0.0,not_used,community labels are structural network results; they are not official factions and do not replace original-setting faction metadata
JP19,music,music,衛星カフェテラス,卫星露天咖啡座,衛星カフェテラス,C-42ca606a8c3872b8,850,1,CC-42ca606a8c3872b8,1,0.0,0,0.0005020920502105469,0.0,0,0.0,louvain,intersection_count,100.0,0.0,1.0,20260801,1.0.0,not_used,community labels are structural network results; they are not official factions and do not replace original-setting faction metadata
JP19,music,music,衛星トリフネ,卫星鸟船,衛星トリフネ,C-9af81b1c25531eff,851,1,CC-9af81b1c25531eff,1,0.0,0,0.0005020920502105469,0.0,0,0.0,louvain,intersection_count,100.0,0.0,1.0,20260801,1.0.0,not_used,community labels are structural network results; they are not official factions and do not replace original-setting faction metadata
JP19,music,music,被封印的众神,被封印的众神,封印されし神々,C-cd9e6fb7613242c8,852,1,CC-cd9e6fb7613242c8,1,0.0,0,0.0005020920502105469,0.0,0,0.0,louvain,intersection_count,100.0,0.0,1.0,20260801,1.0.0,not_used,community labels are structural network results; they are not official factions and do not replace original-setting faction metadata
JP19,music,music,被封印的妖怪,被封印的妖怪 ～ Lost Place,封じられた妖怪　～ Lost Place,C-a472b6ea7765a1f5,853,1,CC-a472b6ea7765a1f5,1,0.0,0,0.0005020920502105469,0.0,0,0.0,louvain,intersection_count,100.0,0.0,1.0,20260801,1.0.0,not_used,community labels are structural network results; they are not official factions and do not replace original-setting faction metadata
JP19,music,music,被揭晓的深秘,被揭晓的深秘,明かされる深秘,C-7a01b3dc9e30d19c,854,1,CC-7a01b3dc9e30d19c,1,0.0,0,0.0005020920502105469,0.0,0,0.0,louvain,intersection_count,100.0,0.0,1.0,20260801,1.0.0,not_used,community labels are structural network results; they are not official factions and do not replace original-setting faction metadata
JP19,music,music,被水淹没的沉愁地狱,被水淹没的沉愁地狱,水没した沈愁地獄,C-80098e6b4cfc4c0f,855,1,CC-80098e6b4cfc4c0f,1,0.0,0,0.0005020920502105469,0.0,0,0.0,louvain,intersection_count,100.0,0.0,1.0,20260801,1.0.0,not_used,community labels are structural network results; they are not official factions and do not replace original-setting faction metadata
JP19,music,music,被牛引到善光寺,被牛引到善光寺,牛に引かれて善光寺参り,C-ee229b5819affc81,856,1,CC-ee229b5819affc81,1,0.0,0,0.0005020920502105469,0.0,0,0.0,louvain,intersection_count,100.0,0.0,1.0,20260801,1.0.0,not_used,community labels are structural network results; they are not official factions and do not replace original-setting faction metadata
JP19,music,music,被秘匿的四个季节,被秘匿的四个季节,秘匿されたフォーシーズンズ,C-02a547639d5cc65a,857,1,CC-02a547639d5cc65a,1,0.0,0,0.0005020920502105469,0.0,0,0.0,louvain,intersection_count,100.0,0.0,1.0,20260801,1.0.0,not_used,community labels are structural network results; they are not official factions and do not replace original-setting faction metadata
JP19,music,music,装飾戦decorationbattle,装饰战 ～ Decoration Battle,装飾戦　～ Decoration Battle,C-5fab325495192f4d,858,1,CC-5fab325495192f4d,1,0.0,0,0.0005020920502105469,0.0,0,0.0,louvain,intersection_count,100.0,0.0,1.0,20260801,1.0.0,not_used,community labels are structural network results; they are not official factions and do not replace original-setting faction metadata
JP19,music,music,装饰战decorationbattle,装饰战 ～ Decoration Battle,装飾戦　～ Decoration Battle,C-4b852b72fad0a723,859,1,CC-4b852b72fad0a723,1,0.0,0,0.0005020920502105469,0.0,0,0.0,louvain,intersection_count,100.0,0.0,1.0,20260801,1.0.0,not_used,community labels are structural network results; they are not official factions and do not replace original-setting faction metadata
JP19,music,music,裏切りの少女judaskiss,背叛的少女 ～ Judas Kiss,裏切りの少女　～ Judas Kiss,C-fc050f1f63f03097,860,1,CC-fc050f1f63f03097,1,0.0,0,0.0005020920502105469,0.0,0,0.0,louvain,intersection_count,100.0,0.0,1.0,20260801,1.0.0,not_used,community labels are structural network results; they are not official factions and do not replace original-setting faction metadata
JP19,music,music,裏心,内心,裏心,C-b4f94bac22df6290,861,1,CC-b4f94bac22df6290,1,0.0,0,0.0005020920502105469,0.0,0,0.0,louvain,intersection_count,100.0,0.0,1.0,20260801,1.0.0,not_used,community labels are structural network results; they are not official factions and do not replace original-setting faction metadata
JP19,music,music,見た事も無い悪夢の世界,前所未见的噩梦世界,見た事も無い悪夢の世界,C-faf3d1f9610c7b65,862,1,CC-faf3d1f9610c7b65,1,0.0,0,0.0005020920502105469,0.0,0,0.0,louvain,intersection_count,100.0,0.0,1.0,20260801,1.0.0,not_used,community labels are structural network results; they are not official factions and do not replace original-setting faction metadata
JP19,music,music,识文解意的爱书人,识文解意的爱书人,判読眼のビブロフィリア,C-f8e4e0989470ef6c,863,1,CC-f8e4e0989470ef6c,1,0.0,0,0.0005020920502105469,0.0,0,0.0,louvain,intersection_count,100.0,0.0,1.0,20260801,1.0.0,not_used,community labels are structural network results; they are not official factions and do not replace original-setting faction metadata
JP19,music,music,请注意万年备用伞,请注意万年备用伞,万年置き傘にご注意を,C-1ae10afd881678dd,864,1,CC-1ae10afd881678dd,1,0.0,0,0.0005020920502105469,0.0,0,0.0,louvain,intersection_count,100.0,0.0,1.0,20260801,1.0.0,not_used,community labels are structural network results; they are not official factions and do not replace original-setting faction metadata
JP19,music,music,豪言壮语,豪言壮语,壮言大語,C-21984c37a984a383,865,1,CC-21984c37a984a383,1,0.0,0,0.0005020920502105469,0.0,0,0.0,louvain,intersection_count,100.0,0.0,1.0,20260801,1.0.0,not_used,community labels are structural network results; they are not official factions and do not replace original-setting faction metadata
JP19,music,music,贪欲之兽的记忆,贪欲之兽的记忆,強欲な獣のメメント,C-1ad1af88d803a4fb,866,1,CC-1ad1af88d803a4fb,1,0.0,0,0.0005020920502105469,0.0,0,0.0,louvain,intersection_count,100.0,0.0,1.0,20260801,1.0.0,not_used,community labels are structural network results; they are not official factions and do not replace original-setting faction metadata
JP19,music,music,赌上性命去恶作剧,赌上性命去恶作剧,いたずらに命をかけて,C-a6e7fbca30f4b939,867,1,CC-a6e7fbca30f4b939,1,0.0,0,0.0005020920502105469,0.0,0,0.0,louvain,intersection_count,100.0,0.0,1.0,20260801,1.0.0,not_used,community labels are structural network results; they are not official factions and do not replace original-setting faction metadata
JP19,music,music,走在夜晚的莲台野,走在夜晚的莲台野,夜のデンデラ野を逝く,C-e4223c019ea19311,868,1,CC-e4223c019ea19311,1,0.0,0,0.0005020920502105469,0.0,0,0.0,louvain,intersection_count,100.0,0.0,1.0,20260801,1.0.0,not_used,community labels are structural network results; they are not official factions and do not replace original-setting faction metadata
JP19,music,music,越轨者们的无碍光,越轨者们的无碍光 ～ Kingdam of Nothingness.,逸脱者達の無礙光　～ Kingdom of Nothingness,C-3b9c3248da57761a,869,1,CC-3b9c3248da57761a,1,0.0,0,0.0005020920502105469,0.0,0,0.0,louvain,intersection_count,100.0,0.0,1.0,20260801,1.0.0,not_used,community labels are structural network results; they are not official factions and do not replace original-setting faction metadata
JP19,music,music,踊る水飛沫,飞舞的水飞沫,踊る水飛沫,C-811f9c842dbd5969,870,1,CC-811f9c842dbd5969,1,0.0,0,0.0005020920502105469,0.0,0,0.0,louvain,intersection_count,100.0,0.0,1.0,20260801,1.0.0,not_used,community labels are structural network results; they are not official factions and do not replace original-setting faction metadata
JP19,music,music,車椅子の未来宇宙,轮椅上的未来宇宙,車椅子の未来宇宙,C-920fec083a584961,871,1,CC-920fec083a584961,1,0.0,0,0.0005020920502105469,0.0,0,0.0,louvain,intersection_count,100.0,0.0,1.0,20260801,1.0.0,not_used,community labels are structural network results; they are not official factions and do not replace original-setting faction metadata
JP19,music,music,輝かしき弱肉強食の掟,闪耀的弱肉强食法则,輝かしき弱肉強食の掟,C-9f479ad9ae89ae4f,872,1,CC-9f479ad9ae89ae4f,1,0.0,0,0.0005020920502105469,0.0,0,0.0,louvain,intersection_count,100.0,0.0,1.0,20260801,1.0.0,not_used,community labels are structural network results; they are not official factions and do not replace original-setting faction metadata
JP19,music,music,轮椅上的未来宇宙,轮椅上的未来宇宙,車椅子の未来宇宙,C-5f94f30c01246164,873,1,CC-5f94f30c01246164,1,0.0,0,0.0005020920502105469,0.0,0,0.0,louvain,intersection_count,100.0,0.0,1.0,20260801,1.0.0,not_used,community labels are structural network results; they are not official factions and do not replace original-setting faction metadata
JP19,music,music,辉光之针的小人族,辉光之针的小人族 ～ Little Princess,輝く針の小人族　～ Little Princess,C-6ae13f5e995523ef,874,1,CC-6ae13f5e995523ef,1,0.0,0,0.0005020920502105469,0.0,0,0.0,louvain,intersection_count,100.0,0.0,1.0,20260801,1.0.0,not_used,community labels are structural network results; they are not official factions and do not replace original-setting faction metadata
JP19,music,music,过去的花fairyofflower,过去的花 ～ Fairy of Flower,過去の花　～ Fairy of Flower,C-6789da23967853d4,875,1,CC-6789da23967853d4,1,0.0,0,0.0005020920502105469,0.0,0,0.0,louvain,intersection_count,100.0,0.0,1.0,20260801,1.0.0,not_used,community labels are structural network results; they are not official factions and do not replace original-setting faction metadata
JP19,music,music,远野之森,远野之森,遠野の森,C-46ee322d434ca903,876,1,CC-46ee322d434ca903,1,0.0,0,0.0005020920502105469,0.0,0,0.0,louvain,intersection_count,100.0,0.0,1.0,20260801,1.0.0,not_used,community labels are structural network results; they are not official factions and do not replace original-setting faction metadata
JP19,music,music,远野幻想物语,远野幻想物语,遠野幻想物語,C-58d10b5f8e385315,877,1,CC-58d10b5f8e385315,1,0.0,0,0.0005020920502105469,0.0,0,0.0,louvain,intersection_count,100.0,0.0,1.0,20260801,1.0.0,not_used,community labels are structural network results; they are not official factions and do not replace original-setting faction metadata
JP19,music,music,连带责人,连带责人,連帯責人,C-21b28debf00484a6,878,1,CC-21b28debf00484a6,1,0.0,0,0.0005020920502105469,0.0,0,0.0,louvain,intersection_count,100.0,0.0,1.0,20260801,1.0.0,not_used,community labels are structural network results; they are not official factions and do not replace original-setting faction metadata
JP19,music,music,逆转的命运之轮,逆转的命运之轮,逆転するホイールオブフォーチュン,C-d9cd4bf87522953d,879,1,CC-d9cd4bf87522953d,1,0.0,0,0.0005020920502105469,0.0,0,0.0,louvain,intersection_count,100.0,0.0,1.0,20260801,1.0.0,not_used,community labels are structural network results; they are not official factions and do not replace original-setting faction metadata
JP19,music,music,連帯責人,连带责人,連帯責人,C-f064306ccb60350b,880,1,CC-f064306ccb60350b,1,0.0,0,0.0005020920502105469,0.0,0,0.0,louvain,intersection_count,100.0,0.0,1.0,20260801,1.0.0,not_used,community labels are structural network results; they are not official factions and do not replace original-setting faction metadata
JP19,music,music,運河を行き交う人妖,往来于运河的人与妖,運河を行き交う人妖,C-9e553783a1f30ea3,881,1,CC-9e553783a1f30ea3,1,0.0,0,0.0005020920502105469,0.0,0,0.0,louvain,intersection_count,100.0,0.0,1.0,20260801,1.0.0,not_used,community labels are structural network results; they are not official factions and do not replace original-setting faction metadata
JP19,music,music,遍参,遍参,遍参,C-46bef3708d406063,882,1,CC-46bef3708d406063,1,0.0,0,0.0005020920502105469,0.0,0,0.0,louvain,intersection_count,100.0,0.0,1.0,20260801,1.0.0,not_used,community labels are structural network results; they are not official factions and do not replace original-setting faction metadata
JP19,music,music,過去の花fairyofflower,过去的花 ～ Fairy of Flower,過去の花　～ Fairy of Flower,C-947ccf04757d5dcc,883,1,CC-947ccf04757d5dcc,1,0.0,0,0.0005020920502105469,0.0,0,0.0,louvain,intersection_count,100.0,0.0,1.0,20260801,1.0.0,not_used,community labels are structural network results; they are not official factions and do not replace original-setting faction metadata
JP19,music,music,遠野の森,远野之森,遠野の森,C-74bb1e9d167c41ee,884,1,CC-74bb1e9d167c41ee,1,0.0,0,0.0005020920502105469,0.0,0,0.0,louvain,intersection_count,100.0,0.0,1.0,20260801,1.0.0,not_used,community labels are structural network results; they are not official factions and do not replace original-setting faction metadata
JP19,music,music,遥遥38万公里的航程,遥遥38万公里的航程,遥か38万キロのボヤージュ,C-3a1dcb470b4343b7,885,1,CC-3a1dcb470b4343b7,1,0.0,0,0.0005020920502105469,0.0,0,0.0,louvain,intersection_count,100.0,0.0,1.0,20260801,1.0.0,not_used,community labels are structural network results; they are not official factions and do not replace original-setting faction metadata
JP19,music,music,酒鬼的雷姆利亚,酒鬼的雷姆利亚,呑んべぇのレムリア,C-14bef27ef7cdd6f6,886,1,CC-14bef27ef7cdd6f6,1,0.0,0,0.0005020920502105469,0.0,0,0.0,louvain,intersection_count,100.0,0.0,1.0,20260801,1.0.0,not_used,community labels are structural network results; they are not official factions and do not replace original-setting faction metadata
JP19,music,music,野兽有智慧吗,野兽有智慧吗,獣に知性はあるか,C-6b3e0b2e3765021c,887,1,CC-6b3e0b2e3765021c,1,0.0,0,0.0005020920502105469,0.0,0,0.0,louvain,intersection_count,100.0,0.0,1.0,20260801,1.0.0,not_used,community labels are structural network results; they are not official factions and do not replace original-setting faction metadata
JP19,music,music,針小棒大の天守閣,针小棒大的天守阁,針小棒大の天守閣,C-08365f8673085aa0,888,1,CC-08365f8673085aa0,1,0.0,0,0.0005020920502105469,0.0,0,0.0,louvain,intersection_count,100.0,0.0,1.0,20260801,1.0.0,not_used,community labels are structural network results; they are not official factions and do not replace original-setting faction metadata
JP19,music,music,针小棒大的天守阁,针小棒大的天守阁,針小棒大の天守閣,C-8939ac0244b8c5e6,889,1,CC-8939ac0244b8c5e6,1,0.0,0,0.0005020920502105469,0.0,0,0.0,louvain,intersection_count,100.0,0.0,1.0,20260801,1.0.0,not_used,community labels are structural network results; they are not official factions and do not replace original-setting faction metadata
JP19,music,music,門前の妖怪小娘,门前的妖怪小姑娘,門前の妖怪小娘,C-a544693c8c3d68c7,890,1,CC-a544693c8c3d68c7,1,0.0,0,0.0005020920502105469,0.0,0,0.0,louvain,intersection_count,100.0,0.0,1.0,20260801,1.0.0,not_used,community labels are structural network results; they are not official factions and do not replace original-setting faction metadata
JP19,music,music,閉ざせし雲の通い路,封闭的云中通路,閉ざせし雲の通い路,C-e7491adffb8d4adb,891,1,CC-e7491adffb8d4adb,1,0.0,0,0.0005020920502105469,0.0,0,0.0,louvain,intersection_count,100.0,0.0,1.0,20260801,1.0.0,not_used,community labels are structural network results; they are not official factions and do not replace original-setting faction metadata
JP19,music,music,開演間近,开演间近,開演間近,C-6e0bbd420a918008,892,1,CC-6e0bbd420a918008,1,0.0,0,0.0005020920502105469,0.0,0,0.0,louvain,intersection_count,100.0,0.0,1.0,20260801,1.0.0,not_used,community labels are structural network results; they are not official factions and do not replace original-setting faction metadata
JP19,music,music,闇市場は場所を選ばない,黑市无处不在,闇市場は場所を選ばない,C-0fccdbf0f6acc2dd,893,1,CC-0fccdbf0f6acc2dd,1,0.0,0,0.0005020920502105469,0.0,0,0.0,louvain,intersection_count,100.0,0.0,1.0,20260801,1.0.0,not_used,community labels are structural network results; they are not official factions and do not replace original-setting faction metadata
JP19,music,music,门再也进不去了,门再也进不去了,もうドアには入れない,C-d4fac87df8348e9e,894,1,CC-d4fac87df8348e9e,1,0.0,0,0.0005020920502105469,0.0,0,0.0,louvain,intersection_count,100.0,0.0,1.0,20260801,1.0.0,not_used,community labels are structural network results; they are not official factions and do not replace original-setting faction metadata
JP19,music,music,门前的妖怪小姑娘,门前的妖怪小姑娘,門前の妖怪小娘,C-26a2098239f163a5,895,1,CC-26a2098239f163a5,1,0.0,0,0.0005020920502105469,0.0,0,0.0,louvain,intersection_count,100.0,0.0,1.0,20260801,1.0.0,not_used,community labels are structural network results; they are not official factions and do not replace original-setting faction metadata
JP19,music,music,闪耀的弱肉强食法则,闪耀的弱肉强食法则,輝かしき弱肉強食の掟,C-f58c8d36c2e15241,896,1,CC-f58c8d36c2e15241,1,0.0,0,0.0005020920502105469,0.0,0,0.0,louvain,intersection_count,100.0,0.0,1.0,20260801,1.0.0,not_used,community labels are structural network results; they are not official factions and do not replace original-setting faction metadata
JP19,music,music,间奏曲,间奏曲,Intermezzo,C-36dbc8ebc6747676,897,1,CC-36dbc8ebc6747676,1,0.0,0,0.0005020920502105469,0.0,0,0.0,louvain,intersection_count,100.0,0.0,1.0,20260801,1.0.0,not_used,community labels are structural network results; they are not official factions and do not replace original-setting faction metadata
JP19,music,music,阻绝人迹之桥,阻绝人迹之桥,渡る者の途絶えた橋,C-9c1513ba4c09ef9e,898,1,CC-9c1513ba4c09ef9e,1,0.0,0,0.0005020920502105469,0.0,0,0.0,louvain,intersection_count,100.0,0.0,1.0,20260801,1.0.0,not_used,community labels are structural network results; they are not official factions and do not replace original-setting faction metadata
JP19,music,music,阿加尔塔之风,阿加尔塔之风,アガルタの風,C-6413d47af0caf3eb,899,1,CC-6413d47af0caf3eb,1,0.0,0,0.0005020920502105469,0.0,0,0.0,louvain,intersection_count,100.0,0.0,1.0,20260801,1.0.0,not_used,community labels are structural network results; they are not official factions and do not replace original-setting faction metadata
JP19,music,music,阿礼の子供,阿礼的孩子,阿礼の子供,C-34286292b4430e36,900,1,CC-34286292b4430e36,1,0.0,0,0.0005020920502105469,0.0,0,0.0,louvain,intersection_count,100.0,0.0,1.0,20260801,1.0.0,not_used,community labels are structural network results; they are not official factions and do not replace original-setting faction metadata
JP19,music,music,阿礼的孩子,阿礼的孩子,阿礼の子供,C-8924940c6e96aea7,901,1,CC-8924940c6e96aea7,1,0.0,0,0.0005020920502105469,0.0,0,0.0,louvain,intersection_count,100.0,0.0,1.0,20260801,1.0.0,not_used,community labels are structural network results; they are not official factions and do not replace original-setting faction metadata
JP19,music,music,陶瓷的杖刀人,陶瓷的杖刀人,セラミックスの杖刀人,C-083345695188e01a,902,1,CC-083345695188e01a,1,0.0,0,0.0005020920502105469,0.0,0,0.0,louvain,intersection_count,100.0,0.0,1.0,20260801,1.0.0,not_used,community labels are structural network results; they are not official factions and do not replace original-setting faction metadata
JP19,music,music,陽落ちて,夕阳下落,陽落ちて,C-6aebfd09776d3b50,903,1,CC-6aebfd09776d3b50,1,0.0,0,0.0005020920502105469,0.0,0,0.0,louvain,intersection_count,100.0,0.0,1.0,20260801,1.0.0,not_used,community labels are structural network results; they are not official factions and do not replace original-setting faction metadata
JP19,music,music,雪月桜花の国,雪月樱花之国,雪月桜花の国,C-512efa2629a24819,904,1,CC-512efa2629a24819,1,0.0,0,0.0005020920502105469,0.0,0,0.0,louvain,intersection_count,100.0,0.0,1.0,20260801,1.0.0,not_used,community labels are structural network results; they are not official factions and do not replace original-setting faction metadata
JP19,music,music,雪月樱花之国,雪月樱花之国,雪月桜花の国,C-f87d1b84b744e576,905,1,CC-f87d1b84b744e576,1,0.0,0,0.0005020920502105469,0.0,0,0.0,louvain,intersection_count,100.0,0.0,1.0,20260801,1.0.0,not_used,community labels are structural network results; they are not official factions and do not replace original-setting faction metadata
JP19,music,music,雲外蒼天,云外苍天,雲外蒼天,C-bff70f031cf70b07,906,1,CC-bff70f031cf70b07,1,0.0,0,0.0005020920502105469,0.0,0,0.0,louvain,intersection_count,100.0,0.0,1.0,20260801,1.0.0,not_used,community labels are structural network results; they are not official factions and do not replace original-setting faction metadata
JP19,music,music,震撼心灵的都市传说,震撼心灵的都市传说,心揺さぶる都市伝説,C-dbc5e2c61e7ca684,907,1,CC-dbc5e2c61e7ca684,1,0.0,0,0.0005020920502105469,0.0,0,0.0,louvain,intersection_count,100.0,0.0,1.0,20260801,1.0.0,not_used,community labels are structural network results; they are not official factions and do not replace original-setting faction metadata
JP19,music,music,霊人の休日,灵人的休息日,霊人の休日,C-9735e0bdc088d43e,908,1,CC-9735e0bdc088d43e,1,0.0,0,0.0005020920502105469,0.0,0,0.0,louvain,intersection_count,100.0,0.0,1.0,20260801,1.0.0,not_used,community labels are structural network results; they are not official factions and do not replace original-setting faction metadata
JP19,music,music,霊天spiritualheaven,灵天 ～ Spiritual Heaven,霊天　～ Spiritual Heaven,C-5ebd58fe7c11a455,909,1,CC-5ebd58fe7c11a455,1,0.0,0,0.0005020920502105469,0.0,0,0.0,louvain,intersection_count,100.0,0.0,1.0,20260801,1.0.0,not_used,community labels are structural network results; they are not official factions and do not replace original-setting faction metadata
JP19,music,music,霊戦perditioncrisis,灵战 ～ Perdition crisis,霊戦　～ Perdition crisis,C-9f1b43711545c6ab,910,1,CC-9f1b43711545c6ab,1,0.0,0,0.0005020920502105469,0.0,0,0.0,louvain,intersection_count,100.0,0.0,1.0,20260801,1.0.0,not_used,community labels are structural network results; they are not official factions and do not replace original-setting faction metadata
JP19,music,music,青木ヶ原の伝説,青木原的传说,青木ヶ原の伝説,C-0db8b79dceffcaef,911,1,CC-0db8b79dceffcaef,1,0.0,0,0.0005020920502105469,0.0,0,0.0,louvain,intersection_count,100.0,0.0,1.0,20260801,1.0.0,not_used,community labels are structural network results; they are not official factions and do not replace original-setting faction metadata
JP19,music,music,青木原的传说,青木原的传说,青木ヶ原の伝説,C-e9a68244d9231c64,912,1,CC-e9a68244d9231c64,1,0.0,0,0.0005020920502105469,0.0,0,0.0,louvain,intersection_count,100.0,0.0,1.0,20260801,1.0.0,not_used,community labels are structural network results; they are not official factions and do not replace original-setting faction metadata
JP19,music,music,青空の影,青空之影,青空の影,C-e761f44c20457e30,913,1,CC-e761f44c20457e30,1,0.0,0,0.0005020920502105469,0.0,0,0.0,louvain,intersection_count,100.0,0.0,1.0,20260801,1.0.0,not_used,community labels are structural network results; they are not official factions and do not replace original-setting faction metadata
JP19,music,music,青空之影,青空之影,青空の影,C-4c47dc94cbec0ef6,914,1,CC-4c47dc94cbec0ef6,1,0.0,0,0.0005020920502105469,0.0,0,0.0,louvain,intersection_count,100.0,0.0,1.0,20260801,1.0.0,not_used,community labels are structural network results; they are not official factions and do not replace original-setting faction metadata
JP19,music,music,非常非常神奇的道具们,非常非常神奇的道具们,不思議な不思議な道具達,C-37603202162657ed,915,1,CC-37603202162657ed,1,0.0,0,0.0005020920502105469,0.0,0,0.0,louvain,intersection_count,100.0,0.0,1.0,20260801,1.0.0,not_used,community labels are structural network results; they are not official factions and do not replace original-setting faction metadata
JP19,music,music,非統一魔法世界論,非统一魔法世界论,非統一魔法世界論,C-b2c1bcf6276e66d2,916,1,CC-b2c1bcf6276e66d2,1,0.0,0,0.0005020920502105469,0.0,0,0.0,louvain,intersection_count,100.0,0.0,1.0,20260801,1.0.0,not_used,community labels are structural network results; they are not official factions and do not replace original-setting faction metadata
JP19,music,music,非统一魔法世界论,非统一魔法世界论,非統一魔法世界論,C-271bf91834ab3b9d,917,1,CC-271bf91834ab3b9d,1,0.0,0,0.0005020920502105469,0.0,0,0.0,louvain,intersection_count,100.0,0.0,1.0,20260801,1.0.0,not_used,community labels are structural network results; they are not official factions and do not replace original-setting faction metadata
JP19,music,music,須臾はプランクを超えて,比普朗克更短的须臾,須臾はプランクを超えて,C-db4da4ec40b9a0ce,918,1,CC-db4da4ec40b9a0ce,1,0.0,0,0.0005020920502105469,0.0,0,0.0,louvain,intersection_count,100.0,0.0,1.0,20260801,1.0.0,not_used,community labels are structural network results; they are not official factions and do not replace original-setting faction metadata
JP19,music,music,顕現した伝承の形,显现的传承形态,顕現した伝承の形,C-696d7672d7ff46cd,919,1,CC-696d7672d7ff46cd,1,0.0,0,0.0005020920502105469,0.0,0,0.0,louvain,intersection_count,100.0,0.0,1.0,20260801,1.0.0,not_used,community labels are structural network results; they are not official factions and do not replace original-setting faction metadata
JP19,music,music,風の循環windtour,风的循环 ～ Wind Tour,風の循環　～ Wind Tour,C-2a137445cfc04ab7,920,1,CC-2a137445cfc04ab7,1,0.0,0,0.0005020920502105469,0.0,0,0.0,louvain,intersection_count,100.0,0.0,1.0,20260801,1.0.0,not_used,community labels are structural network results; they are not official factions and do not replace original-setting faction metadata
JP19,music,music,風の神社,风之神社,風の神社,C-db5177bff8f07d83,921,1,CC-db5177bff8f07d83,1,0.0,0,0.0005020920502105469,0.0,0,0.0,louvain,intersection_count,100.0,0.0,1.0,20260801,1.0.0,not_used,community labels are structural network results; they are not official factions and do not replace original-setting faction metadata
JP19,music,music,風光明媚,风光明媚,風光明媚,C-2a7d274fae47fd5f,922,1,CC-2a7d274fae47fd5f,1,0.0,0,0.0005020920502105469,0.0,0,0.0,louvain,intersection_count,100.0,0.0,1.0,20260801,1.0.0,not_used,community labels are structural network results; they are not official factions and do not replace original-setting faction metadata
JP19,music,music,风之神社,风之神社,風の神社,C-dc59200a16885d39,923,1,CC-dc59200a16885d39,1,0.0,0,0.0005020920502105469,0.0,0,0.0,louvain,intersection_count,100.0,0.0,1.0,20260801,1.0.0,not_used,community labels are structural network results; they are not official factions and do not replace original-setting faction metadata
JP19,music,music,风光明媚,风光明媚,風光明媚,C-ee5ed98691050a0c,924,1,CC-ee5ed98691050a0c,1,0.0,0,0.0005020920502105469,0.0,0,0.0,louvain,intersection_count,100.0,0.0,1.0,20260801,1.0.0,not_used,community labels are structural network results; they are not official factions and do not replace original-setting faction metadata
JP19,music,music,风暴过后的星期日,风暴过后的星期日,嵐の後の日曜日,C-8edbabc8d28d718b,925,1,CC-8edbabc8d28d718b,1,0.0,0,0.0005020920502105469,0.0,0,0.0,louvain,intersection_count,100.0,0.0,1.0,20260801,1.0.0,not_used,community labels are structural network results; they are not official factions and do not replace original-setting faction metadata
JP19,music,music,风的循环,风的循环 ～ Wind Tour,風の循環　～ Wind Tour,C-9073bf8f5a426b9b,926,1,CC-9073bf8f5a426b9b,1,0.0,0,0.0005020920502105469,0.0,0,0.0,louvain,intersection_count,100.0,0.0,1.0,20260801,1.0.0,not_used,community labels are structural network results; they are not official factions and do not replace original-setting faction metadata
JP19,music,music,风神少女,风神少女,風神少女,C-1099fbc14a17cacf,927,1,CC-1099fbc14a17cacf,1,0.0,0,0.0005020920502105469,0.0,0,0.0,louvain,intersection_count,100.0,0.0,1.0,20260801,1.0.0,not_used,community labels are structural network results; they are not official factions and do not replace original-setting faction metadata
JP19,music,music,飘上月球不死之烟,飘上月球，不死之烟,月まで届け、不死の煙,C-a5f136d5ed6b98fc,928,1,CC-a5f136d5ed6b98fc,1,0.0,0,0.0005020920502105469,0.0,0,0.0,louvain,intersection_count,100.0,0.0,1.0,20260801,1.0.0,not_used,community labels are structural network results; they are not official factions and do not replace original-setting faction metadata
JP19,music,music,飞翔于宇宙的不可思议巫女,飞翔于宇宙的不可思议巫女,宇宙を飛ぶ不思議な巫女,C-42ea4b71a5f3d49d,929,1,CC-42ea4b71a5f3d49d,1,0.0,0,0.0005020920502105469,0.0,0,0.0,louvain,intersection_count,100.0,0.0,1.0,20260801,1.0.0,not_used,community labels are structural network results; they are not official factions and do not replace original-setting faction metadata
JP19,music,music,飞翔在夜晚的鸠山,飞翔在夜晚的鸠山,夜の鳩山を飛ぶ,C-96b273775b14c796,930,1,CC-96b273775b14c796,1,0.0,0,0.0005020920502105469,0.0,0,0.0,louvain,intersection_count,100.0,0.0,1.0,20260801,1.0.0,not_used,community labels are structural network results; they are not official factions and do not replace original-setting faction metadata
JP19,music,music,飞舞的水飞沫,飞舞的水飞沫,踊る水飛沫,C-0789f52f02b4b808,931,1,CC-0789f52f02b4b808,1,0.0,0,0.0005020920502105469,0.0,0,0.0,louvain,intersection_count,100.0,0.0,1.0,20260801,1.0.0,not_used,community labels are structural network results; they are not official factions and do not replace original-setting faction metadata
JP19,music,music,香る樹葉花,散发着香气的树叶花,香る樹葉花,C-8ea4cc4f8d57c984,932,1,CC-8ea4cc4f8d57c984,1,0.0,0,0.0005020920502105469,0.0,0,0.0,louvain,intersection_count,100.0,0.0,1.0,20260801,1.0.0,not_used,community labels are structural network results; they are not official factions and do not replace original-setting faction metadata
JP19,music,music,駒草咲くパーペチュアルスノー,驹草盛开的万年积雪,駒草咲くパーペチュアルスノー,C-e12358864e73757b,933,1,CC-e12358864e73757b,1,0.0,0,0.0005020920502105469,0.0,0,0.0,louvain,intersection_count,100.0,0.0,1.0,20260801,1.0.0,not_used,community labels are structural network results; they are not official factions and do not replace original-setting faction metadata
JP19,music,music,驹草盛开的万年积雪,驹草盛开的万年积雪,駒草咲くパーペチュアルスノー,C-9bedd18e1285399b,934,1,CC-9bedd18e1285399b,1,0.0,0,0.0005020920502105469,0.0,0,0.0,louvain,intersection_count,100.0,0.0,1.0,20260801,1.0.0,not_used,community labels are structural network results; they are not official factions and do not replace original-setting faction metadata
JP19,music,music,鬼は悠久の山に,悠久山上鬼,鬼は悠久の山に,C-fae2e48b71d82ef0,935,1,CC-fae2e48b71d82ef0,1,0.0,0,0.0005020920502105469,0.0,0,0.0,louvain,intersection_count,100.0,0.0,1.0,20260801,1.0.0,not_used,community labels are structural network results; they are not official factions and do not replace original-setting faction metadata
JP19,music,music,魂の休らむ所,灵魂安息之所,魂の休らむ所,C-7b176b870e406d78,936,1,CC-7b176b870e406d78,1,0.0,0,0.0005020920502105469,0.0,0,0.0,louvain,intersection_count,100.0,0.0,1.0,20260801,1.0.0,not_used,community labels are structural network results; they are not official factions and do not replace original-setting faction metadata
JP19,music,music,魂の花anotherdream,魂之花 ～ Another Dream...,魂の花　～ Another Dream...,C-7ce1ff5ac5d01fde,937,1,CC-7ce1ff5ac5d01fde,1,0.0,0,0.0005020920502105469,0.0,0,0.0,louvain,intersection_count,100.0,0.0,1.0,20260801,1.0.0,not_used,community labels are structural network results; they are not official factions and do not replace original-setting faction metadata
JP19,music,music,魂之花anotherdream,魂之花 ～ Another Dream...,魂の花　～ Another Dream...,C-0594fe709bc3aed5,938,1,CC-0594fe709bc3aed5,1,0.0,0,0.0005020920502105469,0.0,0,0.0,louvain,intersection_count,100.0,0.0,1.0,20260801,1.0.0,not_used,community labels are structural network results; they are not official factions and do not replace original-setting faction metadata
JP19,music,music,魔兽紧急升空,魔兽紧急升空,魔獣スクランブル,C-01eb0b2fd8f4f23b,939,1,CC-01eb0b2fd8f4f23b,1,0.0,0,0.0005020920502105469,0.0,0,0.0,louvain,intersection_count,100.0,0.0,1.0,20260801,1.0.0,not_used,community labels are structural network results; they are not official factions and do not replace original-setting faction metadata
JP19,music,music,魔力の雷雲,魔力的雷云,魔力の雷雲,C-9b5b046e3296583e,940,1,CC-9b5b046e3296583e,1,0.0,0,0.0005020920502105469,0.0,0,0.0,louvain,intersection_count,100.0,0.0,1.0,20260801,1.0.0,not_used,community labels are structural network results; they are not official factions and do not replace original-setting faction metadata
JP19,music,music,魔力的雷云,魔力的雷云,魔力の雷雲,C-f69e439dc8868f2a,941,1,CC-f69e439dc8868f2a,1,0.0,0,0.0005020920502105469,0.0,0,0.0,louvain,intersection_count,100.0,0.0,1.0,20260801,1.0.0,not_used,community labels are structural network results; they are not official factions and do not replace original-setting faction metadata
JP19,music,music,魔女们的舞会,魔女们的舞会,魔女達の舞踏会,C-00c8ad3777f28418,942,1,CC-00c8ad3777f28418,1,0.0,0,0.0005020920502105469,0.0,0,0.0,louvain,intersection_count,100.0,0.0,1.0,20260801,1.0.0,not_used,community labels are structural network results; they are not official factions and do not replace original-setting faction metadata
JP19,music,music,魔所,魔所,魔所,C-2da805e42cd89bdd,943,1,CC-2da805e42cd89bdd,1,0.0,0,0.0005020920502105469,0.0,0,0.0,louvain,intersection_count,100.0,0.0,1.0,20260801,1.0.0,not_used,community labels are structural network results; they are not official factions and do not replace original-setting faction metadata
JP19,music,music,魔术师梅莉,魔术师梅莉,魔術師メリー,C-1b9cefb9b4eff3e1,944,1,CC-1b9cefb9b4eff3e1,1,0.0,0,0.0005020920502105469,0.0,0,0.0,louvain,intersection_count,100.0,0.0,1.0,20260801,1.0.0,not_used,community labels are structural network results; they are not official factions and do not replace original-setting faction metadata
JP19,music,music,魔法の笠地蔵,魔法的笠地藏,魔法の笠地蔵,C-0fbca44dce8d2706,945,1,CC-0fbca44dce8d2706,1,0.0,0,0.0005020920502105469,0.0,0,0.0,louvain,intersection_count,100.0,0.0,1.0,20260801,1.0.0,not_used,community labels are structural network results; they are not official factions and do not replace original-setting faction metadata
JP19,music,music,魔法使いの憂鬱,魔法使的忧郁,魔法使いの憂鬱,C-a95cb9218471b756,946,1,CC-a95cb9218471b756,1,0.0,0,0.0005020920502105469,0.0,0,0.0,louvain,intersection_count,100.0,0.0,1.0,20260801,1.0.0,not_used,community labels are structural network results; they are not official factions and do not replace original-setting faction metadata
JP19,music,music,魔法使的忧郁,魔法使的忧郁,魔法使いの憂鬱,C-d62af6fbae6d7db2,947,1,CC-d62af6fbae6d7db2,1,0.0,0,0.0005020920502105469,0.0,0,0.0,louvain,intersection_count,100.0,0.0,1.0,20260801,1.0.0,not_used,community labels are structural network results; they are not official factions and do not replace original-setting faction metadata
JP19,music,music,魔法决战fightitout,魔法决战！ ～ Fight it out!,魔法決戦！　～ Fight it out!,C-73913d5049f9151d,948,1,CC-73913d5049f9151d,1,0.0,0,0.0005020920502105469,0.0,0,0.0,louvain,intersection_count,100.0,0.0,1.0,20260801,1.0.0,not_used,community labels are structural network results; they are not official factions and do not replace original-setting faction metadata
JP19,music,music,魔法少女们的百年祭,魔法少女们的百年祭,魔法少女達の百年祭,C-a0a0d3f7bdc67912,949,1,CC-a0a0d3f7bdc67912,1,0.0,0,0.0005020920502105469,0.0,0,0.0,louvain,intersection_count,100.0,0.0,1.0,20260801,1.0.0,not_used,community labels are structural network results; they are not official factions and do not replace original-setting faction metadata
JP19,music,music,魔法少女十字军,魔法少女十字军,魔法少女十字軍,C-2635b902ccfe72f8,950,1,CC-2635b902ccfe72f8,1,0.0,0,0.0005020920502105469,0.0,0,0.0,louvain,intersection_count,100.0,0.0,1.0,20260801,1.0.0,not_used,community labels are structural network results; they are not official factions and do not replace original-setting faction metadata
JP19,music,music,魔法少女十字軍,魔法少女十字军,魔法少女十字軍,C-f5435eb1c4aee600,951,1,CC-f5435eb1c4aee600,1,0.0,0,0.0005020920502105469,0.0,0,0.0,louvain,intersection_count,100.0,0.0,1.0,20260801,1.0.0,not_used,community labels are structural network results; they are not official factions and do not replace original-setting faction metadata
JP19,music,music,魔法決戦fightitout,魔法决战！ ～ Fight it out!,魔法決戦！　～ Fight it out!,C-85c914a3adf1b4c9,952,1,CC-85c914a3adf1b4c9,1,0.0,0,0.0005020920502105469,0.0,0,0.0,louvain,intersection_count,100.0,0.0,1.0,20260801,1.0.0,not_used,community labels are structural network results; they are not official factions and do not replace original-setting faction metadata
JP19,music,music,魔法的笠地藏,魔法的笠地藏,魔法の笠地蔵,C-7208c01f0cb455a1,953,1,CC-7208c01f0cb455a1,1,0.0,0,0.0005020920502105469,0.0,0,0.0,louvain,intersection_count,100.0,0.0,1.0,20260801,1.0.0,not_used,community labels are structural network results; they are not official factions and do not replace original-setting faction metadata
JP19,music,music,魔法鐘愛,魔法钟爱,魔法鐘愛,C-f5ff852ce00a98ae,954,1,CC-f5ff852ce00a98ae,1,0.0,0,0.0005020920502105469,0.0,0,0.0,louvain,intersection_count,100.0,0.0,1.0,20260801,1.0.0,not_used,community labels are structural network results; they are not official factions and do not replace original-setting faction metadata
JP19,music,music,魔法钟爱,魔法钟爱,魔法鐘愛,C-91803107620c4170,955,1,CC-91803107620c4170,1,0.0,0,0.0005020920502105469,0.0,0,0.0,louvain,intersection_count,100.0,0.0,1.0,20260801,1.0.0,not_used,community labels are structural network results; they are not official factions and do not replace original-setting faction metadata
JP19,music,music,魔法阵magicsquare,魔法阵 ～ Magic Square,魔法陣　～ Magic Square,C-f1d5c889e77498dd,956,1,CC-f1d5c889e77498dd,1,0.0,0,0.0005020920502105469,0.0,0,0.0,louvain,intersection_count,100.0,0.0,1.0,20260801,1.0.0,not_used,community labels are structural network results; they are not official factions and do not replace original-setting faction metadata
JP19,music,music,魔法陣magicsquare,魔法阵 ～ Magic Square,魔法陣　～ Magic Square,C-20b896c406de172f,957,1,CC-20b896c406de172f,1,0.0,0,0.0005020920502105469,0.0,0,0.0,louvain,intersection_count,100.0,0.0,1.0,20260801,1.0.0,not_used,community labels are structural network results; they are not official factions and do not replace original-setting faction metadata
JP19,music,music,魔獣スクランブル,魔兽紧急升空,魔獣スクランブル,C-d3ab9baeeabbeac5,958,1,CC-d3ab9baeeabbeac5,1,0.0,0,0.0005020920502105469,0.0,0,0.0,louvain,intersection_count,100.0,0.0,1.0,20260801,1.0.0,not_used,community labels are structural network results; they are not official factions and do not replace original-setting faction metadata
JP19,music,music,魔界地方都市エソテリア,魔界地方都市秘境,魔界地方都市エソテリア,C-8256259e6aa5ccd7,959,1,CC-8256259e6aa5ccd7,1,0.0,0,0.0005020920502105469,0.0,0,0.0,louvain,intersection_count,100.0,0.0,1.0,20260801,1.0.0,not_used,community labels are structural network results; they are not official factions and do not replace original-setting faction metadata
JP19,music,music,魔界地方都市秘境,魔界地方都市秘境,魔界地方都市エソテリア,C-28487a4268213f90,960,1,CC-28487a4268213f90,1,0.0,0,0.0005020920502105469,0.0,0,0.0,louvain,intersection_count,100.0,0.0,1.0,20260801,1.0.0,not_used,community labels are structural network results; they are not official factions and do not replace original-setting faction metadata
JP19,music,music,魔術師メリー,魔术师梅莉,魔術師メリー,C-8d9e0670d0e9d591,961,1,CC-8d9e0670d0e9d591,1,0.0,0,0.0005020920502105469,0.0,0,0.0,louvain,intersection_count,100.0,0.0,1.0,20260801,1.0.0,not_used,community labels are structural network results; they are not official factions and do not replace original-setting faction metadata
JP19,music,music,魔鏡,魔镜,魔鏡,C-e47eb83ecdb544df,962,1,CC-e47eb83ecdb544df,1,0.0,0,0.0005020920502105469,0.0,0,0.0,louvain,intersection_count,100.0,0.0,1.0,20260801,1.0.0,not_used,community labels are structural network results; they are not official factions and do not replace original-setting faction metadata
JP19,music,music,魔镜,魔镜,魔鏡,C-93057d779bd3b392,963,1,CC-93057d779bd3b392,1,0.0,0,0.0005020920502105469,0.0,0,0.0,louvain,intersection_count,100.0,0.0,1.0,20260801,1.0.0,not_used,community labels are structural network results; they are not official factions and do not replace original-setting faction metadata
JP19,music,music,鸢尾花,鸢尾花,アイリス,C-0596dbe1a801a442,964,1,CC-0596dbe1a801a442,1,0.0,0,0.0005020920502105469,0.0,0,0.0,louvain,intersection_count,100.0,0.0,1.0,20260801,1.0.0,not_used,community labels are structural network results; they are not official factions and do not replace original-setting faction metadata
JP19,music,music,麓の神社,山脚的神社,麓の神社,C-8fc4aa03d34fe11e,965,1,CC-8fc4aa03d34fe11e,1,0.0,0,0.0005020920502105469,0.0,0,0.0,louvain,intersection_count,100.0,0.0,1.0,20260801,1.0.0,not_used,community labels are structural network results; they are not official factions and do not replace original-setting faction metadata
JP19,music,music,黑市无处不在,黑市无处不在,闇市場は場所を選ばない,C-51aa92248d418422,966,1,CC-51aa92248d418422,1,0.0,0,0.0005020920502105469,0.0,0,0.0,louvain,intersection_count,100.0,0.0,1.0,20260801,1.0.0,not_used,community labels are structural network results; they are not official factions and do not replace original-setting faction metadata
JP19,music,music,黑暗的力量,黑暗的力量,やみのちから,C-66495100c08859ac,967,1,CC-66495100c08859ac,1,0.0,0,0.0005020920502105469,0.0,0,0.0,louvain,intersection_count,100.0,0.0,1.0,20260801,1.0.0,not_used,community labels are structural network results; they are not official factions and do not replace original-setting faction metadata
JP19,music,music,黑海中的绯红,黑海中的绯红 ～ Legendary Fish,黒い海に紅く　～ Legendary Fish,C-6d5fc5bd24e46d51,968,1,CC-6d5fc5bd24e46d51,1,0.0,0,0.0005020920502105469,0.0,0,0.0,louvain,intersection_count,100.0,0.0,1.0,20260801,1.0.0,not_used,community labels are structural network results; they are not official factions and do not replace original-setting faction metadata
JP19,music,music,黒い海に紅くlegendaryfish,黑海中的绯红 ～ Legendary Fish,黒い海に紅く　～ Legendary Fish,C-256c17cf0b857f5b,969,1,CC-256c17cf0b857f5b,1,0.0,0,0.0005020920502105469,0.0,0,0.0,louvain,intersection_count,100.0,0.0,1.0,20260801,1.0.0,not_used,community labels are structural network results; they are not official factions and do not replace original-setting faction metadata
