keyword,textrank
天空,0.24949966016198133
击破,0.2455455629222607
起舞,0.23171422715213216
进行,0.22138510243308668
类型,0.22088441966077035
出场,0.21009311352474877
状态,0.19334484881003944
诱导,0.18381614785355427
名字,0.17912838547172655
围嘴,0.17809172539983079
文花,0.17480976312795943
黑色,0.17455015797693352
结束,0.17114241487809748
日记,0.16844984818454944
狂舞,0.16829608169482677
建议,0.1678948633471172
生命力,0.16747006463365677
噩梦,0.16713096169225766
对话,0.16697386983903717
崩溃,0.16571617547601614
