keyword,textrank
魔理,0.5872134459818725
陷阱,0.41043425415178686
森林,0.38718098606018475
地狱,0.3743493550292481
魔法,0.37192484150308724
捕兽,0.2832371532351495
类型,0.2466358977108981
白色,0.2460409344068068
不死,0.2409144953472691
雾雨,0.23642715231085648
山犬,0.22931150319320434
打败,0.21702750039813004
动物,0.21347509926384575
传送,0.21027607945747193
文花,0.20686880110947087
残无,0.19976036939069367
建议,0.19766608077319142
红色,0.1947371803480469
兽王,0.19178481686866417
授权,0.18972565839524203
