keyword,textrank
神子,1.0
神灵,0.17664559749765316
太子,0.15882387901985703
凭依,0.11902888755057078
宗教,0.11152940693829833
欲望,0.10857759512609151
仙人,0.1042411116078788
进行,0.10118675682212432
开始,0.09776005258413989
披风,0.09765598800879716
介绍,0.09651107726929259
人气,0.09439151935011672
复活,0.09427435756896818
故事,0.09028382182498201
道士,0.08750544205097527
技能,0.08398273355325986
成为,0.08350077238047103
对手,0.07934746544496207
强化,0.07285687700434643
希望,0.07112952847265058
