keyword,textrank
凭依,0.969547451877713
石油,0.7410512100639601
依神,0.45964649048118034
厄运,0.35638862944146915
妹妹,0.32029354166756874
地狱,0.3160423188819902
故事,0.3066732104439301
贪欲,0.27724447055130785
财物,0.2769237776065615
酒宴,0.27091246747335807
贴着,0.26272316944248664
变得,0.25843787494137205
血池,0.254590333141612
模式,0.23810483721506412
运气,0.23613486440004505
女苑,0.23464911020690948
类型,0.23072806471129612
气场,0.2238969707627594
异变,0.22284511993888576
世界,0.21178215610023035
