keyword,textrank
神明,0.5109626521274698
信仰,0.4910302312108022
御柱,0.4634434701238101
天狗,0.37579125002801944
风神,0.3418647969197921
八坂,0.322073775784847
地狱,0.3082317587805388
进行,0.30349383884753567
核聚变,0.26685857249428474
故事,0.2636774646163359
早苗,0.23307431135912668
世界,0.2153948636833367
建御,0.2116690947763232
魔理,0.20795781850384995
河童,0.19738565331937014
道路,0.19227226272784337
之山,0.18448124187219955
力量,0.1827751411015998
计划,0.17359736052656904
名方,0.17074261179287994
