keyword,textrank
时间,1.0
红魔,0.9850659337444042
女仆,0.8098548082637561
飞刀,0.4554815410789693
停止,0.38701993449543903
小刀,0.34944451902206125
攻击,0.3213188267173197
吸血鬼,0.3063624151515252
操纵,0.2849921389478017
介绍,0.27350325330579583
打败,0.2690447053696615
进行,0.26490197940100507
魔理,0.24685711671629193
异变,0.22170553584928623
宴会,0.21864189106445606
敌人,0.21779328660792957
移动,0.20416391937706668
料理,0.18725022354915957
雾雨,0.18631791767385014
妖妖梦,0.18516593288684874
