keyword,textrank
巫女,1.0
魔理,0.45823611759459904
对话,0.3517357709209666
雾雨,0.3316882500144454
异变,0.24808539279059233
故事,0.23634880535624142
红魔,0.23347674451054362
背景,0.2117482167955805
乐园,0.17708523147875585
场景,0.17354452184921806
漫画,0.1669102654494144
解释,0.1631766139830068
文本,0.15685375482036362
魔法,0.14421442107177848
可爱,0.14278991978696162
节操,0.14224509865274867
结界,0.13746191307178374
进行,0.13605336631691287
解决,0.13602117743395312
森林,0.13335664391932212
