keyword,textrank
地灵,0.8263831208731328
想起,0.684131259549243
地狱,0.6087393039908985
读心,0.5829174856600559
回忆,0.3695516276789425
宠物,0.3126809680975539
不会,0.31238776251456324
心形,0.2900418952327234
怨灵,0.28442655343775597
遗址,0.27740852879122596
管理,0.2566183767913211
地底,0.24375047057035587
无法,0.21974032753838074
对话,0.21691870360432755
家伙,0.19095355049051016
记忆,0.18859046038422073
间歇泉,0.18534865062340228
动物,0.1803648976279115
故事,0.1766162311163796
进行,0.1732918033215625
