keyword,textrank
大人,0.5167237468398763
地狱,0.5118413526488245
花映,0.42539510878973885
死者,0.40132579895942505
审判,0.37052531990592036
工作,0.28670634028005276
史纪,0.2845259944669428
小町,0.2828634797163047
丸文,0.2743400972357066
噩梦,0.26504279276017556
说教,0.26081479329328927
发现,0.2604617000741259
裁判,0.24858464210718578
拥有,0.2383613962256892
受审,0.2319225218098029
时候,0.22885783243765861
是否,0.22827926794150918
罪孽,0.22804133889430253
射命,0.22083210130375183
小野,0.21202692966643352
