keyword,textrank
兔子,0.9193722202316533
花映,0.26500428841865414
译名,0.259275057723463
觉得,0.22810411954671334
史纪,0.2212526213789728
天为,0.20670305969724734
欺诈,0.19743086556094927
因幡,0.19637731055516422
性格,0.18525819769489202
类型,0.18454244247386994
文花,0.18127398271515743
不会,0.17006671576059879
据说,0.16613163533152514
人妖,0.16079992001935617
雾雨,0.16008767012122682
魔理,0.15848877265934563
丸文,0.15576896734441475
