keyword,textrank
露诺,0.2761773624205174
时间,0.23512588988483468
红魔,0.16937928852403286
衍生,0.14210626384704067
原因,0.1347973168419312
出现,0.13313053289604937
出场,0.1298758439432406
魔法,0.1167812435673382
类型,0.11183472387956708
人气,0.10374549156754956
发售,0.09770631895439054
白色,0.09585037815872888
进行,0.09332618871111575
类似,0.09109698762995616
人物,0.09081616268994391
恶魔,0.0879014019527285
未知,0.08655390255657752
文花,0.08623469135884332
认为,0.08580273225676764
建议,0.08565775287369536
