keyword,textrank
百世,1.0
蜈蚣,0.6923436310720872
关系,0.27116107085856106
类型,0.19247434411374234
工具,0.19001285166584467
挖掘,0.16367457350329015
蠱毒,0.16301526735346103
建议,0.15732963318950133
接受,0.15490890163577153
虫子,0.15461089822597152
黑市,0.15321456457774413
出场,0.15300648952391463
有着,0.15147750862231046
拥有,0.151427432351359
狂们,0.1503728006228277
授权,0.14985308492103494
敌人,0.1498325902082
文花,0.14873921304392196
对话,0.1419604233008575
藤原,0.13823744857583928
