keyword,textrank
老鼠,0.8412357602424793
寻找,0.42667131648753276
东西,0.40971880960944895
无法,0.3688791050934997
遇到,0.3270196685522547
物品,0.27905493108912255
沙门,0.25675504239020003
发现,0.2488872184421314
兽王,0.2487007314096342
地狱,0.24351143662530195
新闻,0.2398735011564431
类型,0.2380353695546798
寻物,0.23331682973565154
不会,0.23211198732770544
魔力,0.22988455416515124
黑市,0.2269934870571265
财宝,0.2245497984383085
金钱,0.22248004069813657
反应,0.21442821522603395
人血枪,0.2143534263626475
