keyword,textrank
芳香,1.0
僵尸,0.6440959293601138
尸体,0.3343125758167833
青娥,0.30268439245861606
神灵,0.28127264584718825
无法,0.23351396673995736
变成,0.1852465392672727
感觉,0.16987924435754545
故事,0.16088214199915715
身体,0.14458072574141498
时候,0.13369349918471038
不会,0.13331487569875586
类型,0.13213185413100542
出场,0.12199313780637489
口授,0.12198795041678248
墓地,0.12080429454646487
时代,0.11430840822159584
小伞,0.11174473777115726
操纵,0.11036407452992458
