keyword,textrank
不明,1.0
正体,0.2845144375111161
外星人,0.23025246671420163
真面目,0.21924122425630044
无法,0.1957478489315936
噩梦,0.18941661897781303
村纱,0.1871198171228076
神灵,0.17216110815141222
原形,0.1642874865346414
识别,0.15390764786700503
感觉,0.1535923810166828
变成,0.14710382311879294
对话,0.14352372523428747
红色,0.14329257244712112
火球,0.13968130791310454
成为,0.13708293765439256
传说,0.1363218545771101
看到,0.13106385865241593
结果,0.12837614210252235
出现,0.1279021689804621
