keyword,textrank
天狗,1.0
新闻,0.36748873121604925
丸文,0.3643521709095443
射命,0.34863289077023185
进行,0.3066950784147556
攻击,0.27320133803319385
报纸,0.26486233727799946
取材,0.2642854421622334
风神,0.22700366974800643
文花,0.21556685084466068
报道,0.1834249863677611
速度,0.18021538067017026
移动,0.1768994999230668
魔理,0.17414657813141018
美宵,0.17258575801201845
敌人,0.17172604316027346
得知,0.16865670291504822
介绍,0.1618748595191086
之山,0.16161347381662639
认为,0.14985056868833044
