keyword,textrank
小人,1.0
凭依,0.32109930660565633
异变,0.3168348367632919
世界,0.2865605980063844
攻击,0.2714538315227909
秘录,0.26325417025648895
堇子,0.2456406357216535
噩梦,0.23192269061010276
邪鬼,0.21433761023444214
故事,0.21263669893916573
妙丸,0.2100788086884126
魔力,0.19180112839153443
绿色,0.18726169145864413
对话,0.1829738618381056
打败,0.1829499004030348
人妖,0.17050124567031194
变大,0.17021171162429313
名鉴,0.1658436285573366
判小,0.1654572679369303
宠物,0.16461435218176373
