keyword,textrank
地狱,0.609874869046443
形兽,0.33661729665497114
庭渡,0.29781478128069694
感觉,0.25325232294124195
神明,0.2408865417523903
小町,0.211906733029602
雾雨,0.21176442583083172
治愈,0.2055709723448128
类型,0.2031648674327802
食材,0.20252154847459844
出场,0.19026463114616704
对话,0.18719672044193375
故事,0.18473707821070026
图案,0.1806413850312854
血战,0.17441827281344457
文花,0.17096737240762772
建议,0.16541339425867224
