keyword,textrank
河童,1.0
进行,0.30483763651029744
道具,0.21662875043741073
河城,0.21157906046933386
凭依,0.1968056898108595
魔理,0.17461723661766204
技能,0.13679374432529923
风神,0.13232892951939715
黑市,0.131786037129804
介绍,0.12689238463770802
雾雨,0.11716153321137666
利用,0.11442750184390893
黄瓜,0.11437366822339633
发射,0.11001775732042857
地底,0.10926480648301957
对手,0.10800030375855521
操纵,0.1036567902322405
攻击,0.10102315157701448
水怪,0.09112628083020588
能量,0.09034856274307944
