keyword,textrank
人偶,1.0
魔法,0.38681373137124125
人形,0.22200816588774525
攻击,0.1812415537876916
魔理,0.13929844285568863
介绍,0.119357685715674
操纵,0.11321196188728025
进行,0.10473149988956723
大量,0.1041458761301237
七色,0.10292489447563917
妖妖梦,0.10123766099094302
森林,0.09827292129295806
对话,0.08764336547720256
对手,0.08444349827677049
上海,0.08415220702795793
魔理沙,0.0790393786061666
出现,0.0780342969539794
雾雨,0.07439354151476871
支援,0.07033928533659707
异变,0.06888796667838332
