keyword,textrank
须丸,0.5374615875990427
玉造魅,0.4856116279267823
制造,0.3894249388511291
魅须丸,0.3658697786635786
阴阳,0.29396181524225945
调查,0.2650825343039314
类型,0.2601321098565207
神明,0.22387451959254623
自机,0.21598673265908344
三国,0.2159576230250096
服饰,0.2121213599754117
用途,0.21207081609301726
物质,0.20796506984637753
出场,0.20190882230273816
文花,0.19540702008651348
关系,0.19038266257598244
物品,0.18941819698056514
建议,0.18433627127533778
玩家,0.1786361345422214
授权,0.17813463504902421
