keyword,textrank
地灵,0.3816217148934625
钓瓶,0.360444585974579
发生,0.3014467036212595
骨头,0.26689718542097124
类型,0.2468638088182706
地底,0.24169169113021904
尸体,0.23930990748667186
白骨,0.22490916315401555
是从,0.21279876917327242
发现,0.20494717986606623
丸文,0.20262749299021482
文花,0.20067097263483255
授权,0.19389653066937543
建议,0.1938961678257364
射命,0.1845663757723455
对话,0.18441162494246643
凭依,0.18088174643604132
