keyword,textrank
丰收,0.6697466641813825
神明,0.5794280621910014
风神,0.4365574875371253
姐妹,0.30921185470874424
掌管,0.299725693977229
人物,0.25555980119668736
收获,0.2473633950201746
类型,0.2305583648985228
收成,0.221241486372125
围裙,0.2204180577936271
雾雨,0.21547596841341618
穿着,0.21498530668287893
对话,0.20865380536023326
文花,0.20492604194503325
姐姐,0.1997935558732532
黑市,0.19570161045155424
番薯,0.19062854114066285
象征,0.19015190201625548
少女,0.18929014546308265
烤红薯,0.18924180235160093
