keyword,textrank
力量,0.45782527561230324
邪鬼,0.43208169246130984
探女,0.3804940098129723
哆来,0.3346364954201085
都市,0.3339869992804375
传说,0.3098179323326689
神探,0.30442978418322236
净化,0.24255007865689138
事情,0.23353353927612375
存在,0.22846033002201538
方向,0.21977432900160065
迁都,0.21434031927808472
计划,0.2105390378721403
逆转,0.20822652159918678
事态,0.20522597001989662
之都,0.20230359061629322
有着,0.20148408687537683
类型,0.20133392078771936
不能,0.19095144404279435
梦境,0.18482886600140672
