keyword,textrank
夜雀,0.879076833599665
歌声,0.8060677237936712
名鉴,0.4217627754961883
人妖,0.4138957037198127
八目鳗,0.3990956247857906
夜盲症,0.320263273460742
类型,0.3130963449114339
迷惑,0.28841726133266343
鸟兽,0.27260047213991695
文花,0.2636049840124215
变得,0.26209567561419256
萝蕾,0.257273881402835
时候,0.2560390805418982
攻击,0.25601846991234095
烧烤,0.2546786335536066
红灯笼,0.25308538048634327
史纪,0.24746493162151476
夜盲,0.24692055587717726
花映,0.2437495341241569
羽翼,0.23834319852325625
