keyword,textrank
嫦娥,0.9030910140101075
生命,0.42456576196627605
纯化,0.36703074703159516
感觉,0.3479982586641237
噩梦,0.32627489279894845
有着,0.291158063906458
月球,0.28315071562891625
地狱,0.2550145746434581
梦境,0.25006899635923047
开始,0.24869112956221817
图案,0.24797238350126202
类型,0.235615257397665
力量,0.2305374154233499
存在,0.2169800025436919
怨恨,0.20005503677497322
神灵,0.1996847834000609
世界,0.19736537315912936
新作,0.19344110146836585
文花,0.18861457452293987
日记,0.18542831112491392
