keyword,textrank
烟花,0.3705138495336508
人鱼,0.33744544534594834
类型,0.2584208649764862
黑市,0.2520820412513859
雾雨,0.2496503695328657
白色,0.23174364963257854
场景,0.2296590835090916
对话,0.22100326412691973
邪鬼,0.2195129422962063
授权,0.21698765850703572
狂们,0.20727761355925625
文花,0.20628924607200938
出现,0.2008811317654546
淡水,0.19945979566295996
建议,0.1962955411429752
力量,0.19620038809388998
出场,0.1831299382329186
影狼,0.18123401935306752
