keyword,textrank
堇子,0.8474025336706256
华扇,0.5729116273596543
动物,0.5569843208939155
仙人,0.5241738176052543
漫画,0.4930980839048164
世界,0.34787494581380995
凭依,0.33091533132808976
故事,0.3196437809254355
衍生,0.28030035401972925
进行,0.2655039486828079
引导,0.23273424566333678
原因,0.23104072269611842
模式,0.20989182490276914
开始,0.20613493791080606
异变,0.19440550255307312
魔理,0.19310942707877354
人物,0.192706154819798
妹红,0.18870067540305058
寻找,0.1866166532728202
解决,0.1832685607688743
