keyword,textrank
虫子,1.0
萤火虫,0.40517033328983815
昆虫,0.3966750138275892
操纵,0.3465931300614294
服务,0.23761530188234867
史纪,0.2235747737903256
类型,0.2014521087089044
文花,0.18171466020960092
时期,0.17521411340708715
关系,0.15710923757895096
感觉,0.14500409960011082
能够,0.1440651107845086
建议,0.14202611586182076
大量,0.13890180065913782
蜈蚣,0.1372871126668675
螨虫,0.13327778302725676
时间,0.12982401284901487
出现,0.1296913073133653
应该,0.1284415010906448
看起来,0.12483816010795154
