keyword,textrank
自机,0.3443066598565697
委托,0.2921159416017624
衣服,0.28571761682557045
战斗,0.28388224986805644
建议,0.27995162685123665
狐狸,0.2744166644918259
目标,0.2674724107650235
百世,0.26700912225879264
调查,0.2567878060772349
类型,0.25418603198405515
弱点,0.24950735816404676
出场,0.24712316298756015
饕餮,0.2364090028083878
兽王,0.2318638600207419
异变,0.22307906454588458
双面,0.21477131371314198
之山,0.21255017596177847
雾雨,0.2107725017784614
对话,0.20703451810238477
地狱,0.20470373142329293
