keyword,textrank
妹红,1.0
藤原,0.5534282166939712
凭依,0.22409040570513977
认为,0.18702739217518707
进行,0.16150764260801112
发现,0.1557149943144014
火焰,0.15158830199773077
迷路,0.14967562658889239
对话,0.13963760181054144
红色,0.1356259292676566
魔理,0.13521531067460762
堇子,0.12865979727444732
不会,0.12824705314225146
攻击,0.12782731136577494
感觉,0.11921549695134251
体力,0.11843518177276934
故事,0.11677199769595614
岩笠,0.11335349520075085
噩梦,0.11330614758210124
村落,0.11127683678889079
