keyword,textrank
进行,0.3378716421612154
黑市,0.3072994444836688
招财,0.28234820987909853
类型,0.2547977407269335
花猫,0.25395989187963075
狂们,0.22153903678763662
猫咪,0.21407223690419325
文花,0.19903269690843378
建议,0.19397395759025485
对话,0.19013900545118703
授权,0.1886503549174779
雾雨,0.18842756172962047
出场,0.18497507825723103
揽客,0.18251281110961148
凭依,0.1784273872785199
登录,0.17163736340531047
原曲,0.16395190658842262
白色,0.16245096591665223
