keyword,textrank
有着,0.4383807541334809
类型,0.36703816156879515
飞出去,0.3524737646848467
辘轳,0.3265359091859415
脑袋,0.3244800837909028
红色,0.2851092317402536
邪鬼,0.2795017682502077
身体,0.2702157595950745
起来,0.25701199922905277
脖子,0.21678568500170714
对话,0.21373079368051706
变得,0.20398516481613987
联系,0.2026317734237668
时候,0.20232715890655495
文花,0.20197780372873037
雾雨,0.20150802762387193
建议,0.193478950420742
黑市,0.19124799808022497
头会,0.18849428925789338
授权,0.18811276918777212
