keyword,textrank
地狱,1.0
身体,0.6737682385808831
女神,0.44363519357834585
异界,0.42177363587825967
地球,0.29836220539913366
世界,0.25488996061287844
黑色,0.23574073622854616
有着,0.23572360732491954
拥有,0.23326946916710456
月球,0.23176028000724608
颜色,0.2244001834146348
图案,0.21583980388505597
感觉,0.20261760419267907
梦境,0.19826413508028531
类型,0.19603444130409586
奇怪,0.19541216706038164
噩梦,0.18708265858194856
对话,0.1788349928394393
红色,0.17205356598909224
出场,0.16787879320259044
