keyword,textrank
波长,0.6431205746443898
兔子,0.6061184445304749
介绍,0.5612393568730527
敌人,0.4684953495895135
攻击,0.43332244420584376
狂气,0.43148534046054265
进行,0.3800959566326778
魔理,0.3693855250342042
变得,0.33847711788792134
月球,0.3251707487252877
妹红,0.31783496506685904
凭依,0.30464766989913844
效果,0.3025263742708442
对话,0.29846892809626885
世界,0.28011316339750514
梦境,0.27807306750772204
异变,0.27517830873465016
操纵,0.2709142074756761
范围,0.2574376477453229
无法,0.25079461223888844
