keyword,textrank
演奏,0.8285125362402562
骚灵,0.6836869543561029
幽灵,0.4203025687725388
姐妹,0.4189822275831127
乐器,0.3376294041095956
妖妖梦,0.29953088749977946
类型,0.2984335048126394
进行,0.27694696307724526
转移,0.2574661820963355
文花,0.2467147529208883
演出,0.24185980146099265
人气,0.21275136843909395
黑色,0.20858956666488115
史纪,0.20645708040777389
对话,0.1886434056929563
喜欢,0.1881378808825628
书籍,0.18360510700271368
白色,0.17926806762486186
边缘,0.1732894956913086
擅长,0.17021587509580088
