keyword,textrank
天狗,1.0
流通,0.2547906571985104
社会,0.22175766542127087
白色,0.22050228232141958
百世,0.21344003766569655
有着,0.17858100679136477
乱舞,0.17702814081409557
命令,0.16555790794134936
类型,0.15985867462773393
集市,0.15898700740114713
蓝色,0.15271576853962823
系统,0.15165841659606882
星空,0.1430044352398341
通货,0.1383844218952705
进行,0.1375475713474261
人物,0.13616374315169155
发展,0.13572094909072174
三脚架,0.13315416833057242
射命,0.13186440882341968
交换,0.13112097013807136
