round_label,scope,community_id,community_rank,node_count,edge_count,internal_weight,total_weighted_degree,modularity_contribution,algorithm,weight_metric,threshold,min_intersection_count,resolution,random_seed,software_version,official_faction_source,official_faction_note
CN6,cross_department,C-068fe81006acb68f,1,1,0,0.0,0.0,0.0,louvain,intersection_count,100.0,0.0,1.0,20260801,1.0.0,not_used,community labels are structural network results; they are not official factions and do not replace original-setting faction metadata
CN6,cross_department,C-15bc9c193f02a26b,2,1,0,0.0,0.0,0.0,louvain,intersection_count,100.0,0.0,1.0,20260801,1.0.0,not_used,community labels are structural network results; they are not official factions and do not replace original-setting faction metadata
CN6,cross_department,C-40f33f49584262df,3,1,0,0.0,0.0,0.0,louvain,intersection_count,100.0,0.0,1.0,20260801,1.0.0,not_used,community labels are structural network results; they are not official factions and do not replace original-setting faction metadata
CN6,cross_department,C-e34972ba578b99b6,4,1,0,0.0,0.0,0.0,louvain,intersection_count,100.0,0.0,1.0,20260801,1.0.0,not_used,community labels are structural network results; they are not official factions and do not replace original-setting faction metadata
CN6,cross_department,C-f1bb2257886ddb19,5,1,0,0.0,0.0,0.0,louvain,intersection_count,100.0,0.0,1.0,20260801,1.0.0,not_used,community labels are structural network results; they are not official factions and do not replace original-setting faction metadata
CN6,cross_department,C-56349b73fe5ed497,6,1,0,0.0,0.0,0.0,louvain,intersection_count,100.0,0.0,1.0,20260801,1.0.0,not_used,community labels are structural network results; they are not official factions and do not replace original-setting faction metadata
CN6,cross_department,C-d8c0833a88f6f047,7,1,0,0.0,0.0,0.0,louvain,intersection_count,100.0,0.0,1.0,20260801,1.0.0,not_used,community labels are structural network results; they are not official factions and do not replace original-setting faction metadata
CN6,cross_department,C-f080fb4104d915fe,8,1,0,0.0,0.0,0.0,louvain,intersection_count,100.0,0.0,1.0,20260801,1.0.0,not_used,community labels are structural network results; they are not official factions and do not replace original-setting faction metadata
CN6,cross_department,C-aa935baf86b2325a,9,1,0,0.0,0.0,0.0,louvain,intersection_count,100.0,0.0,1.0,20260801,1.0.0,not_used,community labels are structural network results; they are not official factions and do not replace original-setting faction metadata
CN6,cross_department,C-75ecb71db3b8fd90,10,1,0,0.0,0.0,0.0,louvain,intersection_count,100.0,0.0,1.0,20260801,1.0.0,not_used,community labels are structural network results; they are not official factions and do not replace original-setting faction metadata
CN6,cross_department,C-b82958b8666438cd,11,1,0,0.0,0.0,0.0,louvain,intersection_count,100.0,0.0,1.0,20260801,1.0.0,not_used,community labels are structural network results; they are not official factions and do not replace original-setting faction metadata
CN6,cross_department,C-3f259661f47d95bc,12,1,0,0.0,0.0,0.0,louvain,intersection_count,100.0,0.0,1.0,20260801,1.0.0,not_used,community labels are structural network results; they are not official factions and do not replace original-setting faction metadata
CN6,cross_department,C-82e286b92b869b63,13,1,0,0.0,0.0,0.0,louvain,intersection_count,100.0,0.0,1.0,20260801,1.0.0,not_used,community labels are structural network results; they are not official factions and do not replace original-setting faction metadata
CN6,cross_department,C-56ce705011ae3779,14,1,0,0.0,0.0,0.0,louvain,intersection_count,100.0,0.0,1.0,20260801,1.0.0,not_used,community labels are structural network results; they are not official factions and do not replace original-setting faction metadata
CN6,cross_department,C-2aad7e4c2ee12fd9,15,1,0,0.0,0.0,0.0,louvain,intersection_count,100.0,0.0,1.0,20260801,1.0.0,not_used,community labels are structural network results; they are not official factions and do not replace original-setting faction metadata
CN6,cross_department,C-1c5b89826128d0b2,16,1,0,0.0,0.0,0.0,louvain,intersection_count,100.0,0.0,1.0,20260801,1.0.0,not_used,community labels are structural network results; they are not official factions and do not replace original-setting faction metadata
CN6,cross_department,C-6da6d9b6a4575ce9,17,1,0,0.0,0.0,0.0,louvain,intersection_count,100.0,0.0,1.0,20260801,1.0.0,not_used,community labels are structural network results; they are not official factions and do not replace original-setting faction metadata
CN6,cross_department,C-19c65b63d6b91a17,18,1,0,0.0,0.0,0.0,louvain,intersection_count,100.0,0.0,1.0,20260801,1.0.0,not_used,community labels are structural network results; they are not official factions and do not replace original-setting faction metadata
CN6,cross_department,C-00375c5df9a78899,19,1,0,0.0,0.0,0.0,louvain,intersection_count,100.0,0.0,1.0,20260801,1.0.0,not_used,community labels are structural network results; they are not official factions and do not replace original-setting faction metadata
CN6,cross_department,C-9e227d8d6a6b46a1,20,1,0,0.0,0.0,0.0,louvain,intersection_count,100.0,0.0,1.0,20260801,1.0.0,not_used,community labels are structural network results; they are not official factions and do not replace original-setting faction metadata
CN6,cross_department,C-9f2d995d0b045028,21,1,0,0.0,0.0,0.0,louvain,intersection_count,100.0,0.0,1.0,20260801,1.0.0,not_used,community labels are structural network results; they are not official factions and do not replace original-setting faction metadata
CN6,cross_department,C-c8a5d38c3b21451e,22,1,0,0.0,0.0,0.0,louvain,intersection_count,100.0,0.0,1.0,20260801,1.0.0,not_used,community labels are structural network results; they are not official factions and do not replace original-setting faction metadata
CN6,cross_department,C-41f0f6983f52df4f,23,1,0,0.0,0.0,0.0,louvain,intersection_count,100.0,0.0,1.0,20260801,1.0.0,not_used,community labels are structural network results; they are not official factions and do not replace original-setting faction metadata
CN6,cross_department,C-c110e8b02ef0ef12,24,1,0,0.0,0.0,0.0,louvain,intersection_count,100.0,0.0,1.0,20260801,1.0.0,not_used,community labels are structural network results; they are not official factions and do not replace original-setting faction metadata
CN6,cross_department,C-0265294a200760f3,25,1,0,0.0,0.0,0.0,louvain,intersection_count,100.0,0.0,1.0,20260801,1.0.0,not_used,community labels are structural network results; they are not official factions and do not replace original-setting faction metadata
CN6,cross_department,C-1fc7dfe5c6f307e6,26,1,0,0.0,0.0,0.0,louvain,intersection_count,100.0,0.0,1.0,20260801,1.0.0,not_used,community labels are structural network results; they are not official factions and do not replace original-setting faction metadata
CN6,cross_department,C-e94cd2dbc6e1a0a6,27,1,0,0.0,0.0,0.0,louvain,intersection_count,100.0,0.0,1.0,20260801,1.0.0,not_used,community labels are structural network results; they are not official factions and do not replace original-setting faction metadata
CN6,cross_department,C-96b09d1132b8a1f2,28,1,0,0.0,0.0,0.0,louvain,intersection_count,100.0,0.0,1.0,20260801,1.0.0,not_used,community labels are structural network results; they are not official factions and do not replace original-setting faction metadata
CN6,cross_department,C-080f13a55e8a32ca,29,1,0,0.0,0.0,0.0,louvain,intersection_count,100.0,0.0,1.0,20260801,1.0.0,not_used,community labels are structural network results; they are not official factions and do not replace original-setting faction metadata
CN6,cross_department,C-5eab28662a29d933,30,1,0,0.0,0.0,0.0,louvain,intersection_count,100.0,0.0,1.0,20260801,1.0.0,not_used,community labels are structural network results; they are not official factions and do not replace original-setting faction metadata
CN6,cross_department,C-0ed3d49c075959a1,31,1,0,0.0,0.0,0.0,louvain,intersection_count,100.0,0.0,1.0,20260801,1.0.0,not_used,community labels are structural network results; they are not official factions and do not replace original-setting faction metadata
CN6,cross_department,C-5da99f7f013b0fef,32,1,0,0.0,0.0,0.0,louvain,intersection_count,100.0,0.0,1.0,20260801,1.0.0,not_used,community labels are structural network results; they are not official factions and do not replace original-setting faction metadata
CN6,cross_department,C-d446d76223a5d967,33,1,0,0.0,0.0,0.0,louvain,intersection_count,100.0,0.0,1.0,20260801,1.0.0,not_used,community labels are structural network results; they are not official factions and do not replace original-setting faction metadata
CN6,cross_department,C-f536e34b699f0b8f,34,1,0,0.0,0.0,0.0,louvain,intersection_count,100.0,0.0,1.0,20260801,1.0.0,not_used,community labels are structural network results; they are not official factions and do not replace original-setting faction metadata
CN6,cross_department,C-a93c8d1e6f26d041,35,1,0,0.0,0.0,0.0,louvain,intersection_count,100.0,0.0,1.0,20260801,1.0.0,not_used,community labels are structural network results; they are not official factions and do not replace original-setting faction metadata
CN6,cross_department,C-399bbecc3cdcc93a,36,1,0,0.0,0.0,0.0,louvain,intersection_count,100.0,0.0,1.0,20260801,1.0.0,not_used,community labels are structural network results; they are not official factions and do not replace original-setting faction metadata
CN6,cross_department,C-8b7f792d8b094d45,37,1,0,0.0,0.0,0.0,louvain,intersection_count,100.0,0.0,1.0,20260801,1.0.0,not_used,community labels are structural network results; they are not official factions and do not replace original-setting faction metadata
CN6,cross_department,C-66b46cbdd64c6fa6,38,1,0,0.0,0.0,0.0,louvain,intersection_count,100.0,0.0,1.0,20260801,1.0.0,not_used,community labels are structural network results; they are not official factions and do not replace original-setting faction metadata
CN6,cross_department,C-81ffc5b7bfc32f70,39,1,0,0.0,0.0,0.0,louvain,intersection_count,100.0,0.0,1.0,20260801,1.0.0,not_used,community labels are structural network results; they are not official factions and do not replace original-setting faction metadata
CN6,cross_department,C-6117c844d0c0cead,40,1,0,0.0,0.0,0.0,louvain,intersection_count,100.0,0.0,1.0,20260801,1.0.0,not_used,community labels are structural network results; they are not official factions and do not replace original-setting faction metadata
CN6,cross_department,C-8f71cdc66dadff0f,41,1,0,0.0,0.0,0.0,louvain,intersection_count,100.0,0.0,1.0,20260801,1.0.0,not_used,community labels are structural network results; they are not official factions and do not replace original-setting faction metadata
CN6,cross_department,C-9e7a20bf033f870d,42,1,0,0.0,0.0,0.0,louvain,intersection_count,100.0,0.0,1.0,20260801,1.0.0,not_used,community labels are structural network results; they are not official factions and do not replace original-setting faction metadata
CN6,cross_department,C-0c8c1ad465e328a8,43,1,0,0.0,0.0,0.0,louvain,intersection_count,100.0,0.0,1.0,20260801,1.0.0,not_used,community labels are structural network results; they are not official factions and do not replace original-setting faction metadata
CN6,cross_department,C-be74b75ffc479247,44,1,0,0.0,0.0,0.0,louvain,intersection_count,100.0,0.0,1.0,20260801,1.0.0,not_used,community labels are structural network results; they are not official factions and do not replace original-setting faction metadata
CN6,cross_department,C-a7087d6159671c24,45,1,0,0.0,0.0,0.0,louvain,intersection_count,100.0,0.0,1.0,20260801,1.0.0,not_used,community labels are structural network results; they are not official factions and do not replace original-setting faction metadata
CN6,cross_department,C-1aa87c92e71768bb,46,1,0,0.0,0.0,0.0,louvain,intersection_count,100.0,0.0,1.0,20260801,1.0.0,not_used,community labels are structural network results; they are not official factions and do not replace original-setting faction metadata
CN6,cross_department,C-da102140114c7cc0,47,1,0,0.0,0.0,0.0,louvain,intersection_count,100.0,0.0,1.0,20260801,1.0.0,not_used,community labels are structural network results; they are not official factions and do not replace original-setting faction metadata
CN6,cross_department,C-43e3a1b3732a4480,48,1,0,0.0,0.0,0.0,louvain,intersection_count,100.0,0.0,1.0,20260801,1.0.0,not_used,community labels are structural network results; they are not official factions and do not replace original-setting faction metadata
CN6,cross_department,C-f7828e510a8da2cd,49,1,0,0.0,0.0,0.0,louvain,intersection_count,100.0,0.0,1.0,20260801,1.0.0,not_used,community labels are structural network results; they are not official factions and do not replace original-setting faction metadata
CN6,cross_department,C-7ea1694d944cb8ba,50,1,0,0.0,0.0,0.0,louvain,intersection_count,100.0,0.0,1.0,20260801,1.0.0,not_used,community labels are structural network results; they are not official factions and do not replace original-setting faction metadata
CN6,cross_department,C-0b7b06955f937cda,51,1,0,0.0,0.0,0.0,louvain,intersection_count,100.0,0.0,1.0,20260801,1.0.0,not_used,community labels are structural network results; they are not official factions and do not replace original-setting faction metadata
CN6,cross_department,C-b002746c51fc4700,52,1,0,0.0,0.0,0.0,louvain,intersection_count,100.0,0.0,1.0,20260801,1.0.0,not_used,community labels are structural network results; they are not official factions and do not replace original-setting faction metadata
CN6,cross_department,C-23e559fcc69b3057,53,1,0,0.0,0.0,0.0,louvain,intersection_count,100.0,0.0,1.0,20260801,1.0.0,not_used,community labels are structural network results; they are not official factions and do not replace original-setting faction metadata
CN6,cross_department,C-87fefe9b868eea0a,54,1,0,0.0,0.0,0.0,louvain,intersection_count,100.0,0.0,1.0,20260801,1.0.0,not_used,community labels are structural network results; they are not official factions and do not replace original-setting faction metadata
CN6,cross_department,C-f7c47506f050fe70,55,1,0,0.0,0.0,0.0,louvain,intersection_count,100.0,0.0,1.0,20260801,1.0.0,not_used,community labels are structural network results; they are not official factions and do not replace original-setting faction metadata
CN6,cross_department,C-f66a362f42c61760,56,1,0,0.0,0.0,0.0,louvain,intersection_count,100.0,0.0,1.0,20260801,1.0.0,not_used,community labels are structural network results; they are not official factions and do not replace original-setting faction metadata
CN6,cross_department,C-c5d1a7a067eeefaf,57,1,0,0.0,0.0,0.0,louvain,intersection_count,100.0,0.0,1.0,20260801,1.0.0,not_used,community labels are structural network results; they are not official factions and do not replace original-setting faction metadata
CN6,cross_department,C-7f2b92160a1d4871,58,1,0,0.0,0.0,0.0,louvain,intersection_count,100.0,0.0,1.0,20260801,1.0.0,not_used,community labels are structural network results; they are not official factions and do not replace original-setting faction metadata
CN6,cross_department,C-1103747d77a5a298,59,1,0,0.0,0.0,0.0,louvain,intersection_count,100.0,0.0,1.0,20260801,1.0.0,not_used,community labels are structural network results; they are not official factions and do not replace original-setting faction metadata
CN6,cross_department,C-5513a7e91b1ef463,60,1,0,0.0,0.0,0.0,louvain,intersection_count,100.0,0.0,1.0,20260801,1.0.0,not_used,community labels are structural network results; they are not official factions and do not replace original-setting faction metadata
CN6,cross_department,C-e1b3d06bc1905bd4,61,1,0,0.0,0.0,0.0,louvain,intersection_count,100.0,0.0,1.0,20260801,1.0.0,not_used,community labels are structural network results; they are not official factions and do not replace original-setting faction metadata
CN6,cross_department,C-36734f064c3449bd,62,1,0,0.0,0.0,0.0,louvain,intersection_count,100.0,0.0,1.0,20260801,1.0.0,not_used,community labels are structural network results; they are not official factions and do not replace original-setting faction metadata
CN6,cross_department,C-7607dad34c9e03db,63,1,0,0.0,0.0,0.0,louvain,intersection_count,100.0,0.0,1.0,20260801,1.0.0,not_used,community labels are structural network results; they are not official factions and do not replace original-setting faction metadata
CN6,cross_department,C-910d110943c36f65,64,1,0,0.0,0.0,0.0,louvain,intersection_count,100.0,0.0,1.0,20260801,1.0.0,not_used,community labels are structural network results; they are not official factions and do not replace original-setting faction metadata
CN6,cross_department,C-8a34b10d421779b6,65,1,0,0.0,0.0,0.0,louvain,intersection_count,100.0,0.0,1.0,20260801,1.0.0,not_used,community labels are structural network results; they are not official factions and do not replace original-setting faction metadata
CN6,cross_department,C-1d04d8cdc75a7924,66,1,0,0.0,0.0,0.0,louvain,intersection_count,100.0,0.0,1.0,20260801,1.0.0,not_used,community labels are structural network results; they are not official factions and do not replace original-setting faction metadata
CN6,cross_department,C-f14affae74865a42,67,1,0,0.0,0.0,0.0,louvain,intersection_count,100.0,0.0,1.0,20260801,1.0.0,not_used,community labels are structural network results; they are not official factions and do not replace original-setting faction metadata
CN6,cross_department,C-caa38d2e616a5d1c,68,1,0,0.0,0.0,0.0,louvain,intersection_count,100.0,0.0,1.0,20260801,1.0.0,not_used,community labels are structural network results; they are not official factions and do not replace original-setting faction metadata
CN6,cross_department,C-81375490e50ba945,69,1,0,0.0,0.0,0.0,louvain,intersection_count,100.0,0.0,1.0,20260801,1.0.0,not_used,community labels are structural network results; they are not official factions and do not replace original-setting faction metadata
CN6,cross_department,C-5fb3e9d4007e29f4,70,1,0,0.0,0.0,0.0,louvain,intersection_count,100.0,0.0,1.0,20260801,1.0.0,not_used,community labels are structural network results; they are not official factions and do not replace original-setting faction metadata
CN6,cross_department,C-37f2f6b538438280,71,1,0,0.0,0.0,0.0,louvain,intersection_count,100.0,0.0,1.0,20260801,1.0.0,not_used,community labels are structural network results; they are not official factions and do not replace original-setting faction metadata
CN6,cross_department,C-d13ac11abe0c1a8c,72,1,0,0.0,0.0,0.0,louvain,intersection_count,100.0,0.0,1.0,20260801,1.0.0,not_used,community labels are structural network results; they are not official factions and do not replace original-setting faction metadata
CN6,cross_department,C-37d969a24b013428,73,1,0,0.0,0.0,0.0,louvain,intersection_count,100.0,0.0,1.0,20260801,1.0.0,not_used,community labels are structural network results; they are not official factions and do not replace original-setting faction metadata
CN6,cross_department,C-77108af03010f4b3,74,1,0,0.0,0.0,0.0,louvain,intersection_count,100.0,0.0,1.0,20260801,1.0.0,not_used,community labels are structural network results; they are not official factions and do not replace original-setting faction metadata
CN6,cross_department,C-62d07cb3792d5e02,75,1,0,0.0,0.0,0.0,louvain,intersection_count,100.0,0.0,1.0,20260801,1.0.0,not_used,community labels are structural network results; they are not official factions and do not replace original-setting faction metadata
CN6,cross_department,C-87d1b987b0bf84ac,76,1,0,0.0,0.0,0.0,louvain,intersection_count,100.0,0.0,1.0,20260801,1.0.0,not_used,community labels are structural network results; they are not official factions and do not replace original-setting faction metadata
CN6,cross_department,C-cbee21d4ee1e88be,77,1,0,0.0,0.0,0.0,louvain,intersection_count,100.0,0.0,1.0,20260801,1.0.0,not_used,community labels are structural network results; they are not official factions and do not replace original-setting faction metadata
CN6,cross_department,C-244ee95d968f3144,78,1,0,0.0,0.0,0.0,louvain,intersection_count,100.0,0.0,1.0,20260801,1.0.0,not_used,community labels are structural network results; they are not official factions and do not replace original-setting faction metadata
CN6,cross_department,C-09ea355997a0d9e5,79,1,0,0.0,0.0,0.0,louvain,intersection_count,100.0,0.0,1.0,20260801,1.0.0,not_used,community labels are structural network results; they are not official factions and do not replace original-setting faction metadata
CN6,cross_department,C-1e8d312757747057,80,1,0,0.0,0.0,0.0,louvain,intersection_count,100.0,0.0,1.0,20260801,1.0.0,not_used,community labels are structural network results; they are not official factions and do not replace original-setting faction metadata
CN6,cross_department,C-7de5adbc655b1664,81,1,0,0.0,0.0,0.0,louvain,intersection_count,100.0,0.0,1.0,20260801,1.0.0,not_used,community labels are structural network results; they are not official factions and do not replace original-setting faction metadata
CN6,cross_department,C-c0923e2e49a3eb40,82,1,0,0.0,0.0,0.0,louvain,intersection_count,100.0,0.0,1.0,20260801,1.0.0,not_used,community labels are structural network results; they are not official factions and do not replace original-setting faction metadata
CN6,cross_department,C-bb0ff9f818efb2e3,83,1,0,0.0,0.0,0.0,louvain,intersection_count,100.0,0.0,1.0,20260801,1.0.0,not_used,community labels are structural network results; they are not official factions and do not replace original-setting faction metadata
CN6,cross_department,C-dd33721a7592fd36,84,1,0,0.0,0.0,0.0,louvain,intersection_count,100.0,0.0,1.0,20260801,1.0.0,not_used,community labels are structural network results; they are not official factions and do not replace original-setting faction metadata
CN6,cross_department,C-bbed4fa9d35af50b,85,1,0,0.0,0.0,0.0,louvain,intersection_count,100.0,0.0,1.0,20260801,1.0.0,not_used,community labels are structural network results; they are not official factions and do not replace original-setting faction metadata
CN6,cross_department,C-17082213c47d6e76,86,1,0,0.0,0.0,0.0,louvain,intersection_count,100.0,0.0,1.0,20260801,1.0.0,not_used,community labels are structural network results; they are not official factions and do not replace original-setting faction metadata
CN6,cross_department,C-b501cf37e85b0622,87,1,0,0.0,0.0,0.0,louvain,intersection_count,100.0,0.0,1.0,20260801,1.0.0,not_used,community labels are structural network results; they are not official factions and do not replace original-setting faction metadata
CN6,cross_department,C-9bfca770dafe0361,88,1,0,0.0,0.0,0.0,louvain,intersection_count,100.0,0.0,1.0,20260801,1.0.0,not_used,community labels are structural network results; they are not official factions and do not replace original-setting faction metadata
CN6,cross_department,C-d5dbbcb36f7315ff,89,1,0,0.0,0.0,0.0,louvain,intersection_count,100.0,0.0,1.0,20260801,1.0.0,not_used,community labels are structural network results; they are not official factions and do not replace original-setting faction metadata
CN6,cross_department,C-d3d0b8bbbde4a90b,90,1,0,0.0,0.0,0.0,louvain,intersection_count,100.0,0.0,1.0,20260801,1.0.0,not_used,community labels are structural network results; they are not official factions and do not replace original-setting faction metadata
CN6,cross_department,C-25025369207f9152,91,1,0,0.0,0.0,0.0,louvain,intersection_count,100.0,0.0,1.0,20260801,1.0.0,not_used,community labels are structural network results; they are not official factions and do not replace original-setting faction metadata
CN6,cross_department,C-0a922a9a26085e82,92,1,0,0.0,0.0,0.0,louvain,intersection_count,100.0,0.0,1.0,20260801,1.0.0,not_used,community labels are structural network results; they are not official factions and do not replace original-setting faction metadata
CN6,cross_department,C-a9b972e02f77623c,93,1,0,0.0,0.0,0.0,louvain,intersection_count,100.0,0.0,1.0,20260801,1.0.0,not_used,community labels are structural network results; they are not official factions and do not replace original-setting faction metadata
CN6,cross_department,C-17930f1faba89267,94,1,0,0.0,0.0,0.0,louvain,intersection_count,100.0,0.0,1.0,20260801,1.0.0,not_used,community labels are structural network results; they are not official factions and do not replace original-setting faction metadata
CN6,cross_department,C-27bcfcacfe0fe58d,95,1,0,0.0,0.0,0.0,louvain,intersection_count,100.0,0.0,1.0,20260801,1.0.0,not_used,community labels are structural network results; they are not official factions and do not replace original-setting faction metadata
CN6,cross_department,C-a938a872ad45a807,96,1,0,0.0,0.0,0.0,louvain,intersection_count,100.0,0.0,1.0,20260801,1.0.0,not_used,community labels are structural network results; they are not official factions and do not replace original-setting faction metadata
CN6,cross_department,C-5287713a3551cbfd,97,1,0,0.0,0.0,0.0,louvain,intersection_count,100.0,0.0,1.0,20260801,1.0.0,not_used,community labels are structural network results; they are not official factions and do not replace original-setting faction metadata
CN6,cross_department,C-5da983a59be030f0,98,1,0,0.0,0.0,0.0,louvain,intersection_count,100.0,0.0,1.0,20260801,1.0.0,not_used,community labels are structural network results; they are not official factions and do not replace original-setting faction metadata
CN6,cross_department,C-d54b6ec8fc649819,99,1,0,0.0,0.0,0.0,louvain,intersection_count,100.0,0.0,1.0,20260801,1.0.0,not_used,community labels are structural network results; they are not official factions and do not replace original-setting faction metadata
CN6,cross_department,C-4e3f6e5b12279199,100,1,0,0.0,0.0,0.0,louvain,intersection_count,100.0,0.0,1.0,20260801,1.0.0,not_used,community labels are structural network results; they are not official factions and do not replace original-setting faction metadata
CN6,cross_department,C-a11b3fb73fe423fa,101,1,0,0.0,0.0,0.0,louvain,intersection_count,100.0,0.0,1.0,20260801,1.0.0,not_used,community labels are structural network results; they are not official factions and do not replace original-setting faction metadata
CN6,cross_department,C-3db451fdbaaa3e30,102,1,0,0.0,0.0,0.0,louvain,intersection_count,100.0,0.0,1.0,20260801,1.0.0,not_used,community labels are structural network results; they are not official factions and do not replace original-setting faction metadata
CN6,cross_department,C-594d1f83a5bf209a,103,1,0,0.0,0.0,0.0,louvain,intersection_count,100.0,0.0,1.0,20260801,1.0.0,not_used,community labels are structural network results; they are not official factions and do not replace original-setting faction metadata
CN6,cross_department,C-93357d3067e1c76b,104,1,0,0.0,0.0,0.0,louvain,intersection_count,100.0,0.0,1.0,20260801,1.0.0,not_used,community labels are structural network results; they are not official factions and do not replace original-setting faction metadata
CN6,cross_department,C-2881e2425e8ca95f,105,1,0,0.0,0.0,0.0,louvain,intersection_count,100.0,0.0,1.0,20260801,1.0.0,not_used,community labels are structural network results; they are not official factions and do not replace original-setting faction metadata
CN6,cross_department,C-22ca7015d295e0e7,106,1,0,0.0,0.0,0.0,louvain,intersection_count,100.0,0.0,1.0,20260801,1.0.0,not_used,community labels are structural network results; they are not official factions and do not replace original-setting faction metadata
CN6,cross_department,C-e60a47fb0001f4fb,107,1,0,0.0,0.0,0.0,louvain,intersection_count,100.0,0.0,1.0,20260801,1.0.0,not_used,community labels are structural network results; they are not official factions and do not replace original-setting faction metadata
CN6,cross_department,C-53163666cccc86b7,108,1,0,0.0,0.0,0.0,louvain,intersection_count,100.0,0.0,1.0,20260801,1.0.0,not_used,community labels are structural network results; they are not official factions and do not replace original-setting faction metadata
CN6,cross_department,C-a5d47421ebc2e715,109,1,0,0.0,0.0,0.0,louvain,intersection_count,100.0,0.0,1.0,20260801,1.0.0,not_used,community labels are structural network results; they are not official factions and do not replace original-setting faction metadata
CN6,cross_department,C-35fb4edfbe32cd82,110,1,0,0.0,0.0,0.0,louvain,intersection_count,100.0,0.0,1.0,20260801,1.0.0,not_used,community labels are structural network results; they are not official factions and do not replace original-setting faction metadata
CN6,cross_department,C-92ef3ccc8151ff8f,111,1,0,0.0,0.0,0.0,louvain,intersection_count,100.0,0.0,1.0,20260801,1.0.0,not_used,community labels are structural network results; they are not official factions and do not replace original-setting faction metadata
CN6,cross_department,C-212bbe0f19853ed1,112,1,0,0.0,0.0,0.0,louvain,intersection_count,100.0,0.0,1.0,20260801,1.0.0,not_used,community labels are structural network results; they are not official factions and do not replace original-setting faction metadata
CN6,cross_department,C-3b48dba8e5b8aefd,113,1,0,0.0,0.0,0.0,louvain,intersection_count,100.0,0.0,1.0,20260801,1.0.0,not_used,community labels are structural network results; they are not official factions and do not replace original-setting faction metadata
CN6,cross_department,C-cd9252fa4cda29a0,114,1,0,0.0,0.0,0.0,louvain,intersection_count,100.0,0.0,1.0,20260801,1.0.0,not_used,community labels are structural network results; they are not official factions and do not replace original-setting faction metadata
CN6,cross_department,C-ccf78142faf7fe5a,115,1,0,0.0,0.0,0.0,louvain,intersection_count,100.0,0.0,1.0,20260801,1.0.0,not_used,community labels are structural network results; they are not official factions and do not replace original-setting faction metadata
CN6,cross_department,C-4ee7e042b93c64dd,116,1,0,0.0,0.0,0.0,louvain,intersection_count,100.0,0.0,1.0,20260801,1.0.0,not_used,community labels are structural network results; they are not official factions and do not replace original-setting faction metadata
CN6,cross_department,C-4fbf52211264cd2b,117,1,0,0.0,0.0,0.0,louvain,intersection_count,100.0,0.0,1.0,20260801,1.0.0,not_used,community labels are structural network results; they are not official factions and do not replace original-setting faction metadata
CN6,cross_department,C-32a48fc1358fdd07,118,1,0,0.0,0.0,0.0,louvain,intersection_count,100.0,0.0,1.0,20260801,1.0.0,not_used,community labels are structural network results; they are not official factions and do not replace original-setting faction metadata
CN6,cross_department,C-89f1c0dc5e3f4fa0,119,1,0,0.0,0.0,0.0,louvain,intersection_count,100.0,0.0,1.0,20260801,1.0.0,not_used,community labels are structural network results; they are not official factions and do not replace original-setting faction metadata
CN6,cross_department,C-f0bc2db907de8cca,120,1,0,0.0,0.0,0.0,louvain,intersection_count,100.0,0.0,1.0,20260801,1.0.0,not_used,community labels are structural network results; they are not official factions and do not replace original-setting faction metadata
CN6,cross_department,C-079bb1684685d15e,121,1,0,0.0,0.0,0.0,louvain,intersection_count,100.0,0.0,1.0,20260801,1.0.0,not_used,community labels are structural network results; they are not official factions and do not replace original-setting faction metadata
CN6,cross_department,C-0b4e2cdd36a59c64,122,1,0,0.0,0.0,0.0,louvain,intersection_count,100.0,0.0,1.0,20260801,1.0.0,not_used,community labels are structural network results; they are not official factions and do not replace original-setting faction metadata
CN6,cross_department,C-0ff9d141c8c77201,123,1,0,0.0,0.0,0.0,louvain,intersection_count,100.0,0.0,1.0,20260801,1.0.0,not_used,community labels are structural network results; they are not official factions and do not replace original-setting faction metadata
CN6,cross_department,C-886395dd79a8fb96,124,1,0,0.0,0.0,0.0,louvain,intersection_count,100.0,0.0,1.0,20260801,1.0.0,not_used,community labels are structural network results; they are not official factions and do not replace original-setting faction metadata
CN6,cross_department,C-92ed2f5ab0bd5bcf,125,1,0,0.0,0.0,0.0,louvain,intersection_count,100.0,0.0,1.0,20260801,1.0.0,not_used,community labels are structural network results; they are not official factions and do not replace original-setting faction metadata
CN6,cross_department,C-fc7333bb40bc01af,126,1,0,0.0,0.0,0.0,louvain,intersection_count,100.0,0.0,1.0,20260801,1.0.0,not_used,community labels are structural network results; they are not official factions and do not replace original-setting faction metadata
CN6,cross_department,C-5fb1d062d63990eb,127,1,0,0.0,0.0,0.0,louvain,intersection_count,100.0,0.0,1.0,20260801,1.0.0,not_used,community labels are structural network results; they are not official factions and do not replace original-setting faction metadata
CN6,cross_department,C-b8666f665eaf02c9,128,1,0,0.0,0.0,0.0,louvain,intersection_count,100.0,0.0,1.0,20260801,1.0.0,not_used,community labels are structural network results; they are not official factions and do not replace original-setting faction metadata
CN6,cross_department,C-8cd63283acb3ebe4,129,1,0,0.0,0.0,0.0,louvain,intersection_count,100.0,0.0,1.0,20260801,1.0.0,not_used,community labels are structural network results; they are not official factions and do not replace original-setting faction metadata
CN6,cross_department,C-9a42d99d90f9b3d4,130,1,0,0.0,0.0,0.0,louvain,intersection_count,100.0,0.0,1.0,20260801,1.0.0,not_used,community labels are structural network results; they are not official factions and do not replace original-setting faction metadata
CN6,cross_department,C-b045e151e4e302c9,131,1,0,0.0,0.0,0.0,louvain,intersection_count,100.0,0.0,1.0,20260801,1.0.0,not_used,community labels are structural network results; they are not official factions and do not replace original-setting faction metadata
CN6,cross_department,C-cafa55204920f6a1,132,1,0,0.0,0.0,0.0,louvain,intersection_count,100.0,0.0,1.0,20260801,1.0.0,not_used,community labels are structural network results; they are not official factions and do not replace original-setting faction metadata
CN6,cross_department,C-d30bf9a3bf975d3c,133,1,0,0.0,0.0,0.0,louvain,intersection_count,100.0,0.0,1.0,20260801,1.0.0,not_used,community labels are structural network results; they are not official factions and do not replace original-setting faction metadata
CN6,cross_department,C-4352a06b5f8c8c6e,134,1,0,0.0,0.0,0.0,louvain,intersection_count,100.0,0.0,1.0,20260801,1.0.0,not_used,community labels are structural network results; they are not official factions and do not replace original-setting faction metadata
CN6,cross_department,C-2287bad3ccf4111c,135,1,0,0.0,0.0,0.0,louvain,intersection_count,100.0,0.0,1.0,20260801,1.0.0,not_used,community labels are structural network results; they are not official factions and do not replace original-setting faction metadata
CN6,cross_department,C-3d873fe60cc94ff5,136,1,0,0.0,0.0,0.0,louvain,intersection_count,100.0,0.0,1.0,20260801,1.0.0,not_used,community labels are structural network results; they are not official factions and do not replace original-setting faction metadata
CN6,cross_department,C-aa87f16632d5af4d,137,1,0,0.0,0.0,0.0,louvain,intersection_count,100.0,0.0,1.0,20260801,1.0.0,not_used,community labels are structural network results; they are not official factions and do not replace original-setting faction metadata
CN6,cross_department,C-e37aa096f24520a3,138,1,0,0.0,0.0,0.0,louvain,intersection_count,100.0,0.0,1.0,20260801,1.0.0,not_used,community labels are structural network results; they are not official factions and do not replace original-setting faction metadata
CN6,cross_department,C-9b69487a3677ce60,139,1,0,0.0,0.0,0.0,louvain,intersection_count,100.0,0.0,1.0,20260801,1.0.0,not_used,community labels are structural network results; they are not official factions and do not replace original-setting faction metadata
CN6,cross_department,C-7fd36dd97420cb6f,140,1,0,0.0,0.0,0.0,louvain,intersection_count,100.0,0.0,1.0,20260801,1.0.0,not_used,community labels are structural network results; they are not official factions and do not replace original-setting faction metadata
CN6,cross_department,C-7432c8f6d1e10cc4,141,1,0,0.0,0.0,0.0,louvain,intersection_count,100.0,0.0,1.0,20260801,1.0.0,not_used,community labels are structural network results; they are not official factions and do not replace original-setting faction metadata
CN6,cross_department,C-2e705957c55ec665,142,1,0,0.0,0.0,0.0,louvain,intersection_count,100.0,0.0,1.0,20260801,1.0.0,not_used,community labels are structural network results; they are not official factions and do not replace original-setting faction metadata
CN6,cross_department,C-5aff38b5e2e5f88c,143,1,0,0.0,0.0,0.0,louvain,intersection_count,100.0,0.0,1.0,20260801,1.0.0,not_used,community labels are structural network results; they are not official factions and do not replace original-setting faction metadata
CN6,cross_department,C-12cb078d9b532a28,144,1,0,0.0,0.0,0.0,louvain,intersection_count,100.0,0.0,1.0,20260801,1.0.0,not_used,community labels are structural network results; they are not official factions and do not replace original-setting faction metadata
CN6,cross_department,C-9581220a96b233b4,145,1,0,0.0,0.0,0.0,louvain,intersection_count,100.0,0.0,1.0,20260801,1.0.0,not_used,community labels are structural network results; they are not official factions and do not replace original-setting faction metadata
CN6,cross_department,C-38407be7d508e26c,146,1,0,0.0,0.0,0.0,louvain,intersection_count,100.0,0.0,1.0,20260801,1.0.0,not_used,community labels are structural network results; they are not official factions and do not replace original-setting faction metadata
CN6,cross_department,C-e204e325c8ba5d6c,147,1,0,0.0,0.0,0.0,louvain,intersection_count,100.0,0.0,1.0,20260801,1.0.0,not_used,community labels are structural network results; they are not official factions and do not replace original-setting faction metadata
CN6,cross_department,C-22314576893b3b3d,148,1,0,0.0,0.0,0.0,louvain,intersection_count,100.0,0.0,1.0,20260801,1.0.0,not_used,community labels are structural network results; they are not official factions and do not replace original-setting faction metadata
CN6,cross_department,C-2a9535b99a1a5a6c,149,1,0,0.0,0.0,0.0,louvain,intersection_count,100.0,0.0,1.0,20260801,1.0.0,not_used,community labels are structural network results; they are not official factions and do not replace original-setting faction metadata
CN6,cross_department,C-434c18cfbf560248,150,1,0,0.0,0.0,0.0,louvain,intersection_count,100.0,0.0,1.0,20260801,1.0.0,not_used,community labels are structural network results; they are not official factions and do not replace original-setting faction metadata
CN6,cross_department,C-483822d15abfd9f3,151,1,0,0.0,0.0,0.0,louvain,intersection_count,100.0,0.0,1.0,20260801,1.0.0,not_used,community labels are structural network results; they are not official factions and do not replace original-setting faction metadata
CN6,cross_department,C-5d1a2d76bdb6fd09,152,1,0,0.0,0.0,0.0,louvain,intersection_count,100.0,0.0,1.0,20260801,1.0.0,not_used,community labels are structural network results; they are not official factions and do not replace original-setting faction metadata
CN6,cross_department,C-85924c2fd34f99e5,153,1,0,0.0,0.0,0.0,louvain,intersection_count,100.0,0.0,1.0,20260801,1.0.0,not_used,community labels are structural network results; they are not official factions and do not replace original-setting faction metadata
CN6,cross_department,C-9ff3a84cee3354f1,154,1,0,0.0,0.0,0.0,louvain,intersection_count,100.0,0.0,1.0,20260801,1.0.0,not_used,community labels are structural network results; they are not official factions and do not replace original-setting faction metadata
CN6,cross_department,C-dac7bb20cca5cbd2,155,1,0,0.0,0.0,0.0,louvain,intersection_count,100.0,0.0,1.0,20260801,1.0.0,not_used,community labels are structural network results; they are not official factions and do not replace original-setting faction metadata
CN6,cross_department,C-7f368322dcc20ade,156,1,0,0.0,0.0,0.0,louvain,intersection_count,100.0,0.0,1.0,20260801,1.0.0,not_used,community labels are structural network results; they are not official factions and do not replace original-setting faction metadata
CN6,cross_department,C-1410d8cb0696fe9c,157,1,0,0.0,0.0,0.0,louvain,intersection_count,100.0,0.0,1.0,20260801,1.0.0,not_used,community labels are structural network results; they are not official factions and do not replace original-setting faction metadata
CN6,cross_department,C-531b45e26ac3e47e,158,1,0,0.0,0.0,0.0,louvain,intersection_count,100.0,0.0,1.0,20260801,1.0.0,not_used,community labels are structural network results; they are not official factions and do not replace original-setting faction metadata
CN6,cross_department,C-f47b438fcc97e0b6,159,1,0,0.0,0.0,0.0,louvain,intersection_count,100.0,0.0,1.0,20260801,1.0.0,not_used,community labels are structural network results; they are not official factions and do not replace original-setting faction metadata
CN6,cross_department,C-3e8223a52f58fb41,160,1,0,0.0,0.0,0.0,louvain,intersection_count,100.0,0.0,1.0,20260801,1.0.0,not_used,community labels are structural network results; they are not official factions and do not replace original-setting faction metadata
CN6,cross_department,C-fd89a74949662e5d,161,1,0,0.0,0.0,0.0,louvain,intersection_count,100.0,0.0,1.0,20260801,1.0.0,not_used,community labels are structural network results; they are not official factions and do not replace original-setting faction metadata
CN6,cross_department,C-57756be44f47e60d,162,1,0,0.0,0.0,0.0,louvain,intersection_count,100.0,0.0,1.0,20260801,1.0.0,not_used,community labels are structural network results; they are not official factions and do not replace original-setting faction metadata
CN6,cross_department,C-78a550337ec923aa,163,1,0,0.0,0.0,0.0,louvain,intersection_count,100.0,0.0,1.0,20260801,1.0.0,not_used,community labels are structural network results; they are not official factions and do not replace original-setting faction metadata
CN6,cross_department,C-f4173e26880ceae9,164,1,0,0.0,0.0,0.0,louvain,intersection_count,100.0,0.0,1.0,20260801,1.0.0,not_used,community labels are structural network results; they are not official factions and do not replace original-setting faction metadata
CN6,cross_department,C-d198c545dbe3a906,165,1,0,0.0,0.0,0.0,louvain,intersection_count,100.0,0.0,1.0,20260801,1.0.0,not_used,community labels are structural network results; they are not official factions and do not replace original-setting faction metadata
CN6,cross_department,C-9372c959b6e48e8b,166,1,0,0.0,0.0,0.0,louvain,intersection_count,100.0,0.0,1.0,20260801,1.0.0,not_used,community labels are structural network results; they are not official factions and do not replace original-setting faction metadata
CN6,cross_department,C-8749f2b4b3007d74,167,1,0,0.0,0.0,0.0,louvain,intersection_count,100.0,0.0,1.0,20260801,1.0.0,not_used,community labels are structural network results; they are not official factions and do not replace original-setting faction metadata
CN6,cross_department,C-46195d5c27278578,168,1,0,0.0,0.0,0.0,louvain,intersection_count,100.0,0.0,1.0,20260801,1.0.0,not_used,community labels are structural network results; they are not official factions and do not replace original-setting faction metadata
CN6,cross_department,C-cc0716e28b4d89ad,169,1,0,0.0,0.0,0.0,louvain,intersection_count,100.0,0.0,1.0,20260801,1.0.0,not_used,community labels are structural network results; they are not official factions and do not replace original-setting faction metadata
CN6,cross_department,C-c402de8221d7edab,170,1,0,0.0,0.0,0.0,louvain,intersection_count,100.0,0.0,1.0,20260801,1.0.0,not_used,community labels are structural network results; they are not official factions and do not replace original-setting faction metadata
CN6,cross_department,C-9e9f99b8f8bf92dd,171,1,0,0.0,0.0,0.0,louvain,intersection_count,100.0,0.0,1.0,20260801,1.0.0,not_used,community labels are structural network results; they are not official factions and do not replace original-setting faction metadata
CN6,cross_department,C-71c7c52f7227659a,172,1,0,0.0,0.0,0.0,louvain,intersection_count,100.0,0.0,1.0,20260801,1.0.0,not_used,community labels are structural network results; they are not official factions and do not replace original-setting faction metadata
CN6,cross_department,C-f97dbd396843a1a3,173,1,0,0.0,0.0,0.0,louvain,intersection_count,100.0,0.0,1.0,20260801,1.0.0,not_used,community labels are structural network results; they are not official factions and do not replace original-setting faction metadata
CN6,cross_department,C-0289c7d888cc3bec,174,1,0,0.0,0.0,0.0,louvain,intersection_count,100.0,0.0,1.0,20260801,1.0.0,not_used,community labels are structural network results; they are not official factions and do not replace original-setting faction metadata
CN6,cross_department,C-46eae263d8141855,175,1,0,0.0,0.0,0.0,louvain,intersection_count,100.0,0.0,1.0,20260801,1.0.0,not_used,community labels are structural network results; they are not official factions and do not replace original-setting faction metadata
CN6,cross_department,C-4b922eb0f0a05ca9,176,1,0,0.0,0.0,0.0,louvain,intersection_count,100.0,0.0,1.0,20260801,1.0.0,not_used,community labels are structural network results; they are not official factions and do not replace original-setting faction metadata
CN6,cross_department,C-86a7ad1db0254faf,177,1,0,0.0,0.0,0.0,louvain,intersection_count,100.0,0.0,1.0,20260801,1.0.0,not_used,community labels are structural network results; they are not official factions and do not replace original-setting faction metadata
CN6,cross_department,C-d084cca69fc599fe,178,1,0,0.0,0.0,0.0,louvain,intersection_count,100.0,0.0,1.0,20260801,1.0.0,not_used,community labels are structural network results; they are not official factions and do not replace original-setting faction metadata
CN6,cross_department,C-0ab7153249e3af68,179,1,0,0.0,0.0,0.0,louvain,intersection_count,100.0,0.0,1.0,20260801,1.0.0,not_used,community labels are structural network results; they are not official factions and do not replace original-setting faction metadata
CN6,cross_department,C-7c7de24eb86f677d,180,1,0,0.0,0.0,0.0,louvain,intersection_count,100.0,0.0,1.0,20260801,1.0.0,not_used,community labels are structural network results; they are not official factions and do not replace original-setting faction metadata
CN6,cross_department,C-55d0147d3ba52cd7,181,1,0,0.0,0.0,0.0,louvain,intersection_count,100.0,0.0,1.0,20260801,1.0.0,not_used,community labels are structural network results; they are not official factions and do not replace original-setting faction metadata
CN6,cross_department,C-5a77a73a3d7c972e,182,1,0,0.0,0.0,0.0,louvain,intersection_count,100.0,0.0,1.0,20260801,1.0.0,not_used,community labels are structural network results; they are not official factions and do not replace original-setting faction metadata
CN6,cross_department,C-d4cbb5a5df8198a6,183,1,0,0.0,0.0,0.0,louvain,intersection_count,100.0,0.0,1.0,20260801,1.0.0,not_used,community labels are structural network results; they are not official factions and do not replace original-setting faction metadata
CN6,cross_department,C-5c25d532a95a8f2f,184,1,0,0.0,0.0,0.0,louvain,intersection_count,100.0,0.0,1.0,20260801,1.0.0,not_used,community labels are structural network results; they are not official factions and do not replace original-setting faction metadata
CN6,cross_department,C-ac08a4ad3b57b0fc,185,1,0,0.0,0.0,0.0,louvain,intersection_count,100.0,0.0,1.0,20260801,1.0.0,not_used,community labels are structural network results; they are not official factions and do not replace original-setting faction metadata
CN6,cross_department,C-ccca65f0bc055f36,186,1,0,0.0,0.0,0.0,louvain,intersection_count,100.0,0.0,1.0,20260801,1.0.0,not_used,community labels are structural network results; they are not official factions and do not replace original-setting faction metadata
CN6,cross_department,C-51ace2b57249f23b,187,1,0,0.0,0.0,0.0,louvain,intersection_count,100.0,0.0,1.0,20260801,1.0.0,not_used,community labels are structural network results; they are not official factions and do not replace original-setting faction metadata
CN6,cross_department,C-2e8d7d86486aa434,188,1,0,0.0,0.0,0.0,louvain,intersection_count,100.0,0.0,1.0,20260801,1.0.0,not_used,community labels are structural network results; they are not official factions and do not replace original-setting faction metadata
CN6,cross_department,C-1251c3942099e393,189,1,0,0.0,0.0,0.0,louvain,intersection_count,100.0,0.0,1.0,20260801,1.0.0,not_used,community labels are structural network results; they are not official factions and do not replace original-setting faction metadata
CN6,cross_department,C-cd2b0ac4a6afb6ea,190,1,0,0.0,0.0,0.0,louvain,intersection_count,100.0,0.0,1.0,20260801,1.0.0,not_used,community labels are structural network results; they are not official factions and do not replace original-setting faction metadata
CN6,cross_department,C-04421054f782dae5,191,1,0,0.0,0.0,0.0,louvain,intersection_count,100.0,0.0,1.0,20260801,1.0.0,not_used,community labels are structural network results; they are not official factions and do not replace original-setting faction metadata
CN6,cross_department,C-97c0ea17dba88733,192,1,0,0.0,0.0,0.0,louvain,intersection_count,100.0,0.0,1.0,20260801,1.0.0,not_used,community labels are structural network results; they are not official factions and do not replace original-setting faction metadata
CN6,cross_department,C-8de6b9524b0684f2,193,1,0,0.0,0.0,0.0,louvain,intersection_count,100.0,0.0,1.0,20260801,1.0.0,not_used,community labels are structural network results; they are not official factions and do not replace original-setting faction metadata
CN6,cross_department,C-71e9a67b19f778fe,194,1,0,0.0,0.0,0.0,louvain,intersection_count,100.0,0.0,1.0,20260801,1.0.0,not_used,community labels are structural network results; they are not official factions and do not replace original-setting faction metadata
CN6,cross_department,C-753fa9c54dc88627,195,1,0,0.0,0.0,0.0,louvain,intersection_count,100.0,0.0,1.0,20260801,1.0.0,not_used,community labels are structural network results; they are not official factions and do not replace original-setting faction metadata
CN6,cross_department,C-1214dd8f510cfe6c,196,1,0,0.0,0.0,0.0,louvain,intersection_count,100.0,0.0,1.0,20260801,1.0.0,not_used,community labels are structural network results; they are not official factions and do not replace original-setting faction metadata
CN6,cross_department,C-69a45c1347d213af,197,1,0,0.0,0.0,0.0,louvain,intersection_count,100.0,0.0,1.0,20260801,1.0.0,not_used,community labels are structural network results; they are not official factions and do not replace original-setting faction metadata
CN6,cross_department,C-b161b6017e58af7f,198,1,0,0.0,0.0,0.0,louvain,intersection_count,100.0,0.0,1.0,20260801,1.0.0,not_used,community labels are structural network results; they are not official factions and do not replace original-setting faction metadata
CN6,cross_department,C-292f9cd1762dc8ba,199,1,0,0.0,0.0,0.0,louvain,intersection_count,100.0,0.0,1.0,20260801,1.0.0,not_used,community labels are structural network results; they are not official factions and do not replace original-setting faction metadata
CN6,cross_department,C-a2d932b193cb9b27,200,1,0,0.0,0.0,0.0,louvain,intersection_count,100.0,0.0,1.0,20260801,1.0.0,not_used,community labels are structural network results; they are not official factions and do not replace original-setting faction metadata
CN6,cross_department,C-c5bd91355843182f,201,1,0,0.0,0.0,0.0,louvain,intersection_count,100.0,0.0,1.0,20260801,1.0.0,not_used,community labels are structural network results; they are not official factions and do not replace original-setting faction metadata
CN6,cross_department,C-a8c7e1d29e52947f,202,1,0,0.0,0.0,0.0,louvain,intersection_count,100.0,0.0,1.0,20260801,1.0.0,not_used,community labels are structural network results; they are not official factions and do not replace original-setting faction metadata
CN6,cross_department,C-dd606fedc68ebf7a,203,1,0,0.0,0.0,0.0,louvain,intersection_count,100.0,0.0,1.0,20260801,1.0.0,not_used,community labels are structural network results; they are not official factions and do not replace original-setting faction metadata
CN6,cross_department,C-399800fc6a93b0d7,204,1,0,0.0,0.0,0.0,louvain,intersection_count,100.0,0.0,1.0,20260801,1.0.0,not_used,community labels are structural network results; they are not official factions and do not replace original-setting faction metadata
CN6,cross_department,C-1eabce0e934e152e,205,1,0,0.0,0.0,0.0,louvain,intersection_count,100.0,0.0,1.0,20260801,1.0.0,not_used,community labels are structural network results; they are not official factions and do not replace original-setting faction metadata
CN6,cross_department,C-c3f7b2fc29ca8d83,206,1,0,0.0,0.0,0.0,louvain,intersection_count,100.0,0.0,1.0,20260801,1.0.0,not_used,community labels are structural network results; they are not official factions and do not replace original-setting faction metadata
CN6,cross_department,C-44bc2f1233081035,207,1,0,0.0,0.0,0.0,louvain,intersection_count,100.0,0.0,1.0,20260801,1.0.0,not_used,community labels are structural network results; they are not official factions and do not replace original-setting faction metadata
CN6,cross_department,C-44733870e2ea3c4e,208,1,0,0.0,0.0,0.0,louvain,intersection_count,100.0,0.0,1.0,20260801,1.0.0,not_used,community labels are structural network results; they are not official factions and do not replace original-setting faction metadata
CN6,cross_department,C-bb0a42200fdd3430,209,1,0,0.0,0.0,0.0,louvain,intersection_count,100.0,0.0,1.0,20260801,1.0.0,not_used,community labels are structural network results; they are not official factions and do not replace original-setting faction metadata
CN6,cross_department,C-0e0dfbe17e43ea6e,210,1,0,0.0,0.0,0.0,louvain,intersection_count,100.0,0.0,1.0,20260801,1.0.0,not_used,community labels are structural network results; they are not official factions and do not replace original-setting faction metadata
CN6,cross_department,C-7315623cc7d31017,211,1,0,0.0,0.0,0.0,louvain,intersection_count,100.0,0.0,1.0,20260801,1.0.0,not_used,community labels are structural network results; they are not official factions and do not replace original-setting faction metadata
CN6,cross_department,C-905ee9c9fe0868b2,212,1,0,0.0,0.0,0.0,louvain,intersection_count,100.0,0.0,1.0,20260801,1.0.0,not_used,community labels are structural network results; they are not official factions and do not replace original-setting faction metadata
CN6,cross_department,C-42ead4c5ab63eb91,213,1,0,0.0,0.0,0.0,louvain,intersection_count,100.0,0.0,1.0,20260801,1.0.0,not_used,community labels are structural network results; they are not official factions and do not replace original-setting faction metadata
CN6,cross_department,C-3a7d0462acbd63c6,214,1,0,0.0,0.0,0.0,louvain,intersection_count,100.0,0.0,1.0,20260801,1.0.0,not_used,community labels are structural network results; they are not official factions and do not replace original-setting faction metadata
CN6,cross_department,C-08cf53f277945a8e,215,1,0,0.0,0.0,0.0,louvain,intersection_count,100.0,0.0,1.0,20260801,1.0.0,not_used,community labels are structural network results; they are not official factions and do not replace original-setting faction metadata
CN6,cross_department,C-7aa7a367d44ce38a,216,1,0,0.0,0.0,0.0,louvain,intersection_count,100.0,0.0,1.0,20260801,1.0.0,not_used,community labels are structural network results; they are not official factions and do not replace original-setting faction metadata
CN6,cross_department,C-bc6d4ead710dc33b,217,1,0,0.0,0.0,0.0,louvain,intersection_count,100.0,0.0,1.0,20260801,1.0.0,not_used,community labels are structural network results; they are not official factions and do not replace original-setting faction metadata
CN6,cross_department,C-65df1cea308a66a7,218,1,0,0.0,0.0,0.0,louvain,intersection_count,100.0,0.0,1.0,20260801,1.0.0,not_used,community labels are structural network results; they are not official factions and do not replace original-setting faction metadata
CN6,cross_department,C-abbba9b6a3e31cdb,219,1,0,0.0,0.0,0.0,louvain,intersection_count,100.0,0.0,1.0,20260801,1.0.0,not_used,community labels are structural network results; they are not official factions and do not replace original-setting faction metadata
CN6,cross_department,C-4d01b9d61e13dd16,220,1,0,0.0,0.0,0.0,louvain,intersection_count,100.0,0.0,1.0,20260801,1.0.0,not_used,community labels are structural network results; they are not official factions and do not replace original-setting faction metadata
CN6,cross_department,C-2bc36613c28b1b1a,221,1,0,0.0,0.0,0.0,louvain,intersection_count,100.0,0.0,1.0,20260801,1.0.0,not_used,community labels are structural network results; they are not official factions and do not replace original-setting faction metadata
CN6,cross_department,C-3a5aa137b08cdb8d,222,1,0,0.0,0.0,0.0,louvain,intersection_count,100.0,0.0,1.0,20260801,1.0.0,not_used,community labels are structural network results; they are not official factions and do not replace original-setting faction metadata
CN6,cross_department,C-2a384f592859cda7,223,1,0,0.0,0.0,0.0,louvain,intersection_count,100.0,0.0,1.0,20260801,1.0.0,not_used,community labels are structural network results; they are not official factions and do not replace original-setting faction metadata
CN6,cross_department,C-7cd15f7776375e98,224,1,0,0.0,0.0,0.0,louvain,intersection_count,100.0,0.0,1.0,20260801,1.0.0,not_used,community labels are structural network results; they are not official factions and do not replace original-setting faction metadata
CN6,cross_department,C-773fadeba956cafa,225,1,0,0.0,0.0,0.0,louvain,intersection_count,100.0,0.0,1.0,20260801,1.0.0,not_used,community labels are structural network results; they are not official factions and do not replace original-setting faction metadata
CN6,cross_department,C-c87e15a9768011ee,226,1,0,0.0,0.0,0.0,louvain,intersection_count,100.0,0.0,1.0,20260801,1.0.0,not_used,community labels are structural network results; they are not official factions and do not replace original-setting faction metadata
CN6,cross_department,C-423f1edd92fa1d7f,227,1,0,0.0,0.0,0.0,louvain,intersection_count,100.0,0.0,1.0,20260801,1.0.0,not_used,community labels are structural network results; they are not official factions and do not replace original-setting faction metadata
CN6,cross_department,C-bc167b009cab6e00,228,1,0,0.0,0.0,0.0,louvain,intersection_count,100.0,0.0,1.0,20260801,1.0.0,not_used,community labels are structural network results; they are not official factions and do not replace original-setting faction metadata
CN6,cross_department,C-a9e2f173600b3a87,229,1,0,0.0,0.0,0.0,louvain,intersection_count,100.0,0.0,1.0,20260801,1.0.0,not_used,community labels are structural network results; they are not official factions and do not replace original-setting faction metadata
CN6,cross_department,C-1c0bce8a680f13b2,230,1,0,0.0,0.0,0.0,louvain,intersection_count,100.0,0.0,1.0,20260801,1.0.0,not_used,community labels are structural network results; they are not official factions and do not replace original-setting faction metadata
CN6,cross_department,C-88ceacc8275710a0,231,1,0,0.0,0.0,0.0,louvain,intersection_count,100.0,0.0,1.0,20260801,1.0.0,not_used,community labels are structural network results; they are not official factions and do not replace original-setting faction metadata
CN6,cross_department,C-02295bf93b107614,232,1,0,0.0,0.0,0.0,louvain,intersection_count,100.0,0.0,1.0,20260801,1.0.0,not_used,community labels are structural network results; they are not official factions and do not replace original-setting faction metadata
CN6,cross_department,C-34acd5aaed9849f2,233,1,0,0.0,0.0,0.0,louvain,intersection_count,100.0,0.0,1.0,20260801,1.0.0,not_used,community labels are structural network results; they are not official factions and do not replace original-setting faction metadata
CN6,cross_department,C-327da1ebc67351af,234,1,0,0.0,0.0,0.0,louvain,intersection_count,100.0,0.0,1.0,20260801,1.0.0,not_used,community labels are structural network results; they are not official factions and do not replace original-setting faction metadata
CN6,cross_department,C-61039edb62d72454,235,1,0,0.0,0.0,0.0,louvain,intersection_count,100.0,0.0,1.0,20260801,1.0.0,not_used,community labels are structural network results; they are not official factions and do not replace original-setting faction metadata
CN6,cross_department,C-e7c23e0796081f65,236,1,0,0.0,0.0,0.0,louvain,intersection_count,100.0,0.0,1.0,20260801,1.0.0,not_used,community labels are structural network results; they are not official factions and do not replace original-setting faction metadata
CN6,cross_department,C-dba9f9e29b7bbf53,237,1,0,0.0,0.0,0.0,louvain,intersection_count,100.0,0.0,1.0,20260801,1.0.0,not_used,community labels are structural network results; they are not official factions and do not replace original-setting faction metadata
CN6,cross_department,C-3bc56c0c5fbc0e69,238,1,0,0.0,0.0,0.0,louvain,intersection_count,100.0,0.0,1.0,20260801,1.0.0,not_used,community labels are structural network results; they are not official factions and do not replace original-setting faction metadata
CN6,cross_department,C-cf923565d43d1862,239,1,0,0.0,0.0,0.0,louvain,intersection_count,100.0,0.0,1.0,20260801,1.0.0,not_used,community labels are structural network results; they are not official factions and do not replace original-setting faction metadata
CN6,cross_department,C-cda51915d567df16,240,1,0,0.0,0.0,0.0,louvain,intersection_count,100.0,0.0,1.0,20260801,1.0.0,not_used,community labels are structural network results; they are not official factions and do not replace original-setting faction metadata
CN6,cross_department,C-14b16b827e1d26d1,241,1,0,0.0,0.0,0.0,louvain,intersection_count,100.0,0.0,1.0,20260801,1.0.0,not_used,community labels are structural network results; they are not official factions and do not replace original-setting faction metadata
CN6,cross_department,C-375d706b1a7be37c,242,1,0,0.0,0.0,0.0,louvain,intersection_count,100.0,0.0,1.0,20260801,1.0.0,not_used,community labels are structural network results; they are not official factions and do not replace original-setting faction metadata
CN6,cross_department,C-3e96cf3fc57e3625,243,1,0,0.0,0.0,0.0,louvain,intersection_count,100.0,0.0,1.0,20260801,1.0.0,not_used,community labels are structural network results; they are not official factions and do not replace original-setting faction metadata
CN6,cross_department,C-cdbd5a466d63fa5b,244,1,0,0.0,0.0,0.0,louvain,intersection_count,100.0,0.0,1.0,20260801,1.0.0,not_used,community labels are structural network results; they are not official factions and do not replace original-setting faction metadata
CN6,cross_department,C-02d7145e9117820d,245,1,0,0.0,0.0,0.0,louvain,intersection_count,100.0,0.0,1.0,20260801,1.0.0,not_used,community labels are structural network results; they are not official factions and do not replace original-setting faction metadata
CN6,cross_department,C-7433e5be9a6859a6,246,1,0,0.0,0.0,0.0,louvain,intersection_count,100.0,0.0,1.0,20260801,1.0.0,not_used,community labels are structural network results; they are not official factions and do not replace original-setting faction metadata
CN6,cross_department,C-b084d0162937b952,247,1,0,0.0,0.0,0.0,louvain,intersection_count,100.0,0.0,1.0,20260801,1.0.0,not_used,community labels are structural network results; they are not official factions and do not replace original-setting faction metadata
CN6,cross_department,C-617200835d6296ca,248,1,0,0.0,0.0,0.0,louvain,intersection_count,100.0,0.0,1.0,20260801,1.0.0,not_used,community labels are structural network results; they are not official factions and do not replace original-setting faction metadata
CN6,cross_department,C-3ab29a747d529bbb,249,1,0,0.0,0.0,0.0,louvain,intersection_count,100.0,0.0,1.0,20260801,1.0.0,not_used,community labels are structural network results; they are not official factions and do not replace original-setting faction metadata
CN6,cross_department,C-692ba81e8ed12e9b,250,1,0,0.0,0.0,0.0,louvain,intersection_count,100.0,0.0,1.0,20260801,1.0.0,not_used,community labels are structural network results; they are not official factions and do not replace original-setting faction metadata
CN6,cross_department,C-0b5e9fc73004cd21,251,1,0,0.0,0.0,0.0,louvain,intersection_count,100.0,0.0,1.0,20260801,1.0.0,not_used,community labels are structural network results; they are not official factions and do not replace original-setting faction metadata
CN6,cross_department,C-aa2f1588afd27730,252,1,0,0.0,0.0,0.0,louvain,intersection_count,100.0,0.0,1.0,20260801,1.0.0,not_used,community labels are structural network results; they are not official factions and do not replace original-setting faction metadata
CN6,cross_department,C-36c017b01ee32c7e,253,1,0,0.0,0.0,0.0,louvain,intersection_count,100.0,0.0,1.0,20260801,1.0.0,not_used,community labels are structural network results; they are not official factions and do not replace original-setting faction metadata
CN6,cross_department,C-d5bb923ade197a88,254,1,0,0.0,0.0,0.0,louvain,intersection_count,100.0,0.0,1.0,20260801,1.0.0,not_used,community labels are structural network results; they are not official factions and do not replace original-setting faction metadata
CN6,cross_department,C-95f2899427dab505,255,1,0,0.0,0.0,0.0,louvain,intersection_count,100.0,0.0,1.0,20260801,1.0.0,not_used,community labels are structural network results; they are not official factions and do not replace original-setting faction metadata
CN6,cross_department,C-8202d9eb5cf21275,256,1,0,0.0,0.0,0.0,louvain,intersection_count,100.0,0.0,1.0,20260801,1.0.0,not_used,community labels are structural network results; they are not official factions and do not replace original-setting faction metadata
CN6,cross_department,C-0183a08a72eb37f0,257,1,0,0.0,0.0,0.0,louvain,intersection_count,100.0,0.0,1.0,20260801,1.0.0,not_used,community labels are structural network results; they are not official factions and do not replace original-setting faction metadata
CN6,cross_department,C-b0b62ce4401eebf9,258,1,0,0.0,0.0,0.0,louvain,intersection_count,100.0,0.0,1.0,20260801,1.0.0,not_used,community labels are structural network results; they are not official factions and do not replace original-setting faction metadata
CN6,cross_department,C-54f487f91f84c8f9,259,1,0,0.0,0.0,0.0,louvain,intersection_count,100.0,0.0,1.0,20260801,1.0.0,not_used,community labels are structural network results; they are not official factions and do not replace original-setting faction metadata
CN6,cross_department,C-ae39eceb7e313d17,260,1,0,0.0,0.0,0.0,louvain,intersection_count,100.0,0.0,1.0,20260801,1.0.0,not_used,community labels are structural network results; they are not official factions and do not replace original-setting faction metadata
CN6,cross_department,C-4ccb2e55f996629e,261,1,0,0.0,0.0,0.0,louvain,intersection_count,100.0,0.0,1.0,20260801,1.0.0,not_used,community labels are structural network results; they are not official factions and do not replace original-setting faction metadata
CN6,cross_department,C-a331d115c730bc2b,262,1,0,0.0,0.0,0.0,louvain,intersection_count,100.0,0.0,1.0,20260801,1.0.0,not_used,community labels are structural network results; they are not official factions and do not replace original-setting faction metadata
CN6,cross_department,C-84125f2f5f7ffd7a,263,1,0,0.0,0.0,0.0,louvain,intersection_count,100.0,0.0,1.0,20260801,1.0.0,not_used,community labels are structural network results; they are not official factions and do not replace original-setting faction metadata
CN6,cross_department,C-28f42af197555684,264,1,0,0.0,0.0,0.0,louvain,intersection_count,100.0,0.0,1.0,20260801,1.0.0,not_used,community labels are structural network results; they are not official factions and do not replace original-setting faction metadata
CN6,cross_department,C-ea9917bab0c4144d,265,1,0,0.0,0.0,0.0,louvain,intersection_count,100.0,0.0,1.0,20260801,1.0.0,not_used,community labels are structural network results; they are not official factions and do not replace original-setting faction metadata
CN6,cross_department,C-7a908c18a218edd6,266,1,0,0.0,0.0,0.0,louvain,intersection_count,100.0,0.0,1.0,20260801,1.0.0,not_used,community labels are structural network results; they are not official factions and do not replace original-setting faction metadata
CN6,cross_department,C-5185d7fa679098bf,267,1,0,0.0,0.0,0.0,louvain,intersection_count,100.0,0.0,1.0,20260801,1.0.0,not_used,community labels are structural network results; they are not official factions and do not replace original-setting faction metadata
CN6,cross_department,C-f7b0990e1b275946,268,1,0,0.0,0.0,0.0,louvain,intersection_count,100.0,0.0,1.0,20260801,1.0.0,not_used,community labels are structural network results; they are not official factions and do not replace original-setting faction metadata
CN6,cross_department,C-689bd028cb65cf5e,269,1,0,0.0,0.0,0.0,louvain,intersection_count,100.0,0.0,1.0,20260801,1.0.0,not_used,community labels are structural network results; they are not official factions and do not replace original-setting faction metadata
CN6,cross_department,C-866032a3edd51db2,270,1,0,0.0,0.0,0.0,louvain,intersection_count,100.0,0.0,1.0,20260801,1.0.0,not_used,community labels are structural network results; they are not official factions and do not replace original-setting faction metadata
CN6,cross_department,C-9f963a44128e96e8,271,1,0,0.0,0.0,0.0,louvain,intersection_count,100.0,0.0,1.0,20260801,1.0.0,not_used,community labels are structural network results; they are not official factions and do not replace original-setting faction metadata
CN6,cross_department,C-549f0ad3bb4b44c3,272,1,0,0.0,0.0,0.0,louvain,intersection_count,100.0,0.0,1.0,20260801,1.0.0,not_used,community labels are structural network results; they are not official factions and do not replace original-setting faction metadata
CN6,cross_department,C-7d18030c4f796258,273,1,0,0.0,0.0,0.0,louvain,intersection_count,100.0,0.0,1.0,20260801,1.0.0,not_used,community labels are structural network results; they are not official factions and do not replace original-setting faction metadata
CN6,cross_department,C-368115438a1f8453,274,1,0,0.0,0.0,0.0,louvain,intersection_count,100.0,0.0,1.0,20260801,1.0.0,not_used,community labels are structural network results; they are not official factions and do not replace original-setting faction metadata
CN6,cross_department,C-7ff375880ebc4b31,275,1,0,0.0,0.0,0.0,louvain,intersection_count,100.0,0.0,1.0,20260801,1.0.0,not_used,community labels are structural network results; they are not official factions and do not replace original-setting faction metadata
CN6,cross_department,C-840ee2b538ac7cb2,276,1,0,0.0,0.0,0.0,louvain,intersection_count,100.0,0.0,1.0,20260801,1.0.0,not_used,community labels are structural network results; they are not official factions and do not replace original-setting faction metadata
CN6,cross_department,C-218a894028ae43c1,277,1,0,0.0,0.0,0.0,louvain,intersection_count,100.0,0.0,1.0,20260801,1.0.0,not_used,community labels are structural network results; they are not official factions and do not replace original-setting faction metadata
CN6,cross_department,C-6e0ef75ac3045461,278,1,0,0.0,0.0,0.0,louvain,intersection_count,100.0,0.0,1.0,20260801,1.0.0,not_used,community labels are structural network results; they are not official factions and do not replace original-setting faction metadata
CN6,cross_department,C-50bbc9f12fbbae7f,279,1,0,0.0,0.0,0.0,louvain,intersection_count,100.0,0.0,1.0,20260801,1.0.0,not_used,community labels are structural network results; they are not official factions and do not replace original-setting faction metadata
CN6,cross_department,C-19d924224c5e1106,280,1,0,0.0,0.0,0.0,louvain,intersection_count,100.0,0.0,1.0,20260801,1.0.0,not_used,community labels are structural network results; they are not official factions and do not replace original-setting faction metadata
CN6,cross_department,C-4b198059634b687a,281,1,0,0.0,0.0,0.0,louvain,intersection_count,100.0,0.0,1.0,20260801,1.0.0,not_used,community labels are structural network results; they are not official factions and do not replace original-setting faction metadata
CN6,cross_department,C-ffdb76f54dda6427,282,1,0,0.0,0.0,0.0,louvain,intersection_count,100.0,0.0,1.0,20260801,1.0.0,not_used,community labels are structural network results; they are not official factions and do not replace original-setting faction metadata
CN6,cross_department,C-cc199f01c305f1cf,283,1,0,0.0,0.0,0.0,louvain,intersection_count,100.0,0.0,1.0,20260801,1.0.0,not_used,community labels are structural network results; they are not official factions and do not replace original-setting faction metadata
CN6,cross_department,C-bb3bbe7191572646,284,1,0,0.0,0.0,0.0,louvain,intersection_count,100.0,0.0,1.0,20260801,1.0.0,not_used,community labels are structural network results; they are not official factions and do not replace original-setting faction metadata
CN6,cross_department,C-5ff7781a5cabbb73,285,1,0,0.0,0.0,0.0,louvain,intersection_count,100.0,0.0,1.0,20260801,1.0.0,not_used,community labels are structural network results; they are not official factions and do not replace original-setting faction metadata
CN6,cross_department,C-f97025e84317af73,286,1,0,0.0,0.0,0.0,louvain,intersection_count,100.0,0.0,1.0,20260801,1.0.0,not_used,community labels are structural network results; they are not official factions and do not replace original-setting faction metadata
CN6,cross_department,C-65455770dc630b85,287,1,0,0.0,0.0,0.0,louvain,intersection_count,100.0,0.0,1.0,20260801,1.0.0,not_used,community labels are structural network results; they are not official factions and do not replace original-setting faction metadata
CN6,cross_department,C-ccceb3ee39ed5d9d,288,1,0,0.0,0.0,0.0,louvain,intersection_count,100.0,0.0,1.0,20260801,1.0.0,not_used,community labels are structural network results; they are not official factions and do not replace original-setting faction metadata
CN6,cross_department,C-31d8bd255053c62d,289,1,0,0.0,0.0,0.0,louvain,intersection_count,100.0,0.0,1.0,20260801,1.0.0,not_used,community labels are structural network results; they are not official factions and do not replace original-setting faction metadata
CN6,cross_department,C-bed6d018c99f2bb3,290,1,0,0.0,0.0,0.0,louvain,intersection_count,100.0,0.0,1.0,20260801,1.0.0,not_used,community labels are structural network results; they are not official factions and do not replace original-setting faction metadata
CN6,cross_department,C-cc86ce1f3e60ab3f,291,1,0,0.0,0.0,0.0,louvain,intersection_count,100.0,0.0,1.0,20260801,1.0.0,not_used,community labels are structural network results; they are not official factions and do not replace original-setting faction metadata
CN6,cross_department,C-3e8da25043f3d3ac,292,1,0,0.0,0.0,0.0,louvain,intersection_count,100.0,0.0,1.0,20260801,1.0.0,not_used,community labels are structural network results; they are not official factions and do not replace original-setting faction metadata
CN6,cross_department,C-42c9deb41313921d,293,1,0,0.0,0.0,0.0,louvain,intersection_count,100.0,0.0,1.0,20260801,1.0.0,not_used,community labels are structural network results; they are not official factions and do not replace original-setting faction metadata
CN6,cross_department,C-73282b4bdac04c42,294,1,0,0.0,0.0,0.0,louvain,intersection_count,100.0,0.0,1.0,20260801,1.0.0,not_used,community labels are structural network results; they are not official factions and do not replace original-setting faction metadata
CN6,cross_department,C-e1d10d1d53ae1f10,295,1,0,0.0,0.0,0.0,louvain,intersection_count,100.0,0.0,1.0,20260801,1.0.0,not_used,community labels are structural network results; they are not official factions and do not replace original-setting faction metadata
CN6,cross_department,C-6b6ae9df9f5a2f1e,296,1,0,0.0,0.0,0.0,louvain,intersection_count,100.0,0.0,1.0,20260801,1.0.0,not_used,community labels are structural network results; they are not official factions and do not replace original-setting faction metadata
CN6,cross_department,C-59f8fdabc70dc13e,297,1,0,0.0,0.0,0.0,louvain,intersection_count,100.0,0.0,1.0,20260801,1.0.0,not_used,community labels are structural network results; they are not official factions and do not replace original-setting faction metadata
CN6,cross_department,C-2c5142bc1bd16b4d,298,1,0,0.0,0.0,0.0,louvain,intersection_count,100.0,0.0,1.0,20260801,1.0.0,not_used,community labels are structural network results; they are not official factions and do not replace original-setting faction metadata
CN6,cross_department,C-2dad015ea053620c,299,1,0,0.0,0.0,0.0,louvain,intersection_count,100.0,0.0,1.0,20260801,1.0.0,not_used,community labels are structural network results; they are not official factions and do not replace original-setting faction metadata
CN6,cross_department,C-b64d5f0f221dd88a,300,1,0,0.0,0.0,0.0,louvain,intersection_count,100.0,0.0,1.0,20260801,1.0.0,not_used,community labels are structural network results; they are not official factions and do not replace original-setting faction metadata
CN6,cross_department,C-f540962726ecb684,301,1,0,0.0,0.0,0.0,louvain,intersection_count,100.0,0.0,1.0,20260801,1.0.0,not_used,community labels are structural network results; they are not official factions and do not replace original-setting faction metadata
CN6,cross_department,C-ad944cffe1158f02,302,1,0,0.0,0.0,0.0,louvain,intersection_count,100.0,0.0,1.0,20260801,1.0.0,not_used,community labels are structural network results; they are not official factions and do not replace original-setting faction metadata
CN6,cross_department,C-d9995c406602b95a,303,1,0,0.0,0.0,0.0,louvain,intersection_count,100.0,0.0,1.0,20260801,1.0.0,not_used,community labels are structural network results; they are not official factions and do not replace original-setting faction metadata
CN6,cross_department,C-87151d7150f6da1a,304,1,0,0.0,0.0,0.0,louvain,intersection_count,100.0,0.0,1.0,20260801,1.0.0,not_used,community labels are structural network results; they are not official factions and do not replace original-setting faction metadata
CN6,cross_department,C-f34c002b22208c11,305,1,0,0.0,0.0,0.0,louvain,intersection_count,100.0,0.0,1.0,20260801,1.0.0,not_used,community labels are structural network results; they are not official factions and do not replace original-setting faction metadata
CN6,cross_department,C-5924ef59bef3d1fa,306,1,0,0.0,0.0,0.0,louvain,intersection_count,100.0,0.0,1.0,20260801,1.0.0,not_used,community labels are structural network results; they are not official factions and do not replace original-setting faction metadata
CN6,cross_department,C-4632914e85bfe023,307,1,0,0.0,0.0,0.0,louvain,intersection_count,100.0,0.0,1.0,20260801,1.0.0,not_used,community labels are structural network results; they are not official factions and do not replace original-setting faction metadata
CN6,cross_department,C-3bcda21a32c7c600,308,1,0,0.0,0.0,0.0,louvain,intersection_count,100.0,0.0,1.0,20260801,1.0.0,not_used,community labels are structural network results; they are not official factions and do not replace original-setting faction metadata
CN6,cross_department,C-05f2cefd68704a84,309,1,0,0.0,0.0,0.0,louvain,intersection_count,100.0,0.0,1.0,20260801,1.0.0,not_used,community labels are structural network results; they are not official factions and do not replace original-setting faction metadata
CN6,cross_department,C-5bc28130d1e6090a,310,1,0,0.0,0.0,0.0,louvain,intersection_count,100.0,0.0,1.0,20260801,1.0.0,not_used,community labels are structural network results; they are not official factions and do not replace original-setting faction metadata
CN6,cross_department,C-6a313b8787433604,311,1,0,0.0,0.0,0.0,louvain,intersection_count,100.0,0.0,1.0,20260801,1.0.0,not_used,community labels are structural network results; they are not official factions and do not replace original-setting faction metadata
CN6,cross_department,C-4d22b66cd4656520,312,1,0,0.0,0.0,0.0,louvain,intersection_count,100.0,0.0,1.0,20260801,1.0.0,not_used,community labels are structural network results; they are not official factions and do not replace original-setting faction metadata
CN6,cross_department,C-15d13a5fb237182e,313,1,0,0.0,0.0,0.0,louvain,intersection_count,100.0,0.0,1.0,20260801,1.0.0,not_used,community labels are structural network results; they are not official factions and do not replace original-setting faction metadata
CN6,cross_department,C-841326cd093b8e75,314,1,0,0.0,0.0,0.0,louvain,intersection_count,100.0,0.0,1.0,20260801,1.0.0,not_used,community labels are structural network results; they are not official factions and do not replace original-setting faction metadata
CN6,cross_department,C-fed49b1dd028503f,315,1,0,0.0,0.0,0.0,louvain,intersection_count,100.0,0.0,1.0,20260801,1.0.0,not_used,community labels are structural network results; they are not official factions and do not replace original-setting faction metadata
CN6,cross_department,C-737873d954f55b56,316,1,0,0.0,0.0,0.0,louvain,intersection_count,100.0,0.0,1.0,20260801,1.0.0,not_used,community labels are structural network results; they are not official factions and do not replace original-setting faction metadata
CN6,cross_department,C-d7fdacce686e953b,317,1,0,0.0,0.0,0.0,louvain,intersection_count,100.0,0.0,1.0,20260801,1.0.0,not_used,community labels are structural network results; they are not official factions and do not replace original-setting faction metadata
CN6,cross_department,C-ec8bd645c0caa378,318,1,0,0.0,0.0,0.0,louvain,intersection_count,100.0,0.0,1.0,20260801,1.0.0,not_used,community labels are structural network results; they are not official factions and do not replace original-setting faction metadata
CN6,cross_department,C-cd72cefbed9fc6ad,319,1,0,0.0,0.0,0.0,louvain,intersection_count,100.0,0.0,1.0,20260801,1.0.0,not_used,community labels are structural network results; they are not official factions and do not replace original-setting faction metadata
CN6,cross_department,C-311544365e32c1eb,320,1,0,0.0,0.0,0.0,louvain,intersection_count,100.0,0.0,1.0,20260801,1.0.0,not_used,community labels are structural network results; they are not official factions and do not replace original-setting faction metadata
CN6,cross_department,C-5f7640be499b3359,321,1,0,0.0,0.0,0.0,louvain,intersection_count,100.0,0.0,1.0,20260801,1.0.0,not_used,community labels are structural network results; they are not official factions and do not replace original-setting faction metadata
CN6,cross_department,C-a275df719ed373fd,322,1,0,0.0,0.0,0.0,louvain,intersection_count,100.0,0.0,1.0,20260801,1.0.0,not_used,community labels are structural network results; they are not official factions and do not replace original-setting faction metadata
CN6,cross_department,C-d09ebafeb6160dea,323,1,0,0.0,0.0,0.0,louvain,intersection_count,100.0,0.0,1.0,20260801,1.0.0,not_used,community labels are structural network results; they are not official factions and do not replace original-setting faction metadata
CN6,cross_department,C-5464bdfe96d35e8c,324,1,0,0.0,0.0,0.0,louvain,intersection_count,100.0,0.0,1.0,20260801,1.0.0,not_used,community labels are structural network results; they are not official factions and do not replace original-setting faction metadata
CN6,cross_department,C-4b16544304a6d9e2,325,1,0,0.0,0.0,0.0,louvain,intersection_count,100.0,0.0,1.0,20260801,1.0.0,not_used,community labels are structural network results; they are not official factions and do not replace original-setting faction metadata
CN6,cross_department,C-5dc0875d73ea8628,326,1,0,0.0,0.0,0.0,louvain,intersection_count,100.0,0.0,1.0,20260801,1.0.0,not_used,community labels are structural network results; they are not official factions and do not replace original-setting faction metadata
CN6,cross_department,C-d52da7916fd82626,327,1,0,0.0,0.0,0.0,louvain,intersection_count,100.0,0.0,1.0,20260801,1.0.0,not_used,community labels are structural network results; they are not official factions and do not replace original-setting faction metadata
CN6,cross_department,C-48441fc261479847,328,1,0,0.0,0.0,0.0,louvain,intersection_count,100.0,0.0,1.0,20260801,1.0.0,not_used,community labels are structural network results; they are not official factions and do not replace original-setting faction metadata
CN6,cross_department,C-83d1cee3c9df5d85,329,1,0,0.0,0.0,0.0,louvain,intersection_count,100.0,0.0,1.0,20260801,1.0.0,not_used,community labels are structural network results; they are not official factions and do not replace original-setting faction metadata
CN6,cross_department,C-20732a37004c279f,330,1,0,0.0,0.0,0.0,louvain,intersection_count,100.0,0.0,1.0,20260801,1.0.0,not_used,community labels are structural network results; they are not official factions and do not replace original-setting faction metadata
CN6,cross_department,C-1c5130ab59424d7e,331,1,0,0.0,0.0,0.0,louvain,intersection_count,100.0,0.0,1.0,20260801,1.0.0,not_used,community labels are structural network results; they are not official factions and do not replace original-setting faction metadata
CN6,cross_department,C-a2d259a480934ce2,332,1,0,0.0,0.0,0.0,louvain,intersection_count,100.0,0.0,1.0,20260801,1.0.0,not_used,community labels are structural network results; they are not official factions and do not replace original-setting faction metadata
CN6,cross_department,C-a3dbdcb84de23d6c,333,1,0,0.0,0.0,0.0,louvain,intersection_count,100.0,0.0,1.0,20260801,1.0.0,not_used,community labels are structural network results; they are not official factions and do not replace original-setting faction metadata
CN6,cross_department,C-3ac98a37f98ac692,334,1,0,0.0,0.0,0.0,louvain,intersection_count,100.0,0.0,1.0,20260801,1.0.0,not_used,community labels are structural network results; they are not official factions and do not replace original-setting faction metadata
CN6,cross_department,C-0b177c888e653281,335,1,0,0.0,0.0,0.0,louvain,intersection_count,100.0,0.0,1.0,20260801,1.0.0,not_used,community labels are structural network results; they are not official factions and do not replace original-setting faction metadata
CN6,cross_department,C-eabc24094e6231bd,336,1,0,0.0,0.0,0.0,louvain,intersection_count,100.0,0.0,1.0,20260801,1.0.0,not_used,community labels are structural network results; they are not official factions and do not replace original-setting faction metadata
CN6,cross_department,C-6707ff1bcf6f09b4,337,1,0,0.0,0.0,0.0,louvain,intersection_count,100.0,0.0,1.0,20260801,1.0.0,not_used,community labels are structural network results; they are not official factions and do not replace original-setting faction metadata
CN6,cross_department,C-5000f1165ff103f2,338,1,0,0.0,0.0,0.0,louvain,intersection_count,100.0,0.0,1.0,20260801,1.0.0,not_used,community labels are structural network results; they are not official factions and do not replace original-setting faction metadata
CN6,cross_department,C-132cb7774cf92740,339,1,0,0.0,0.0,0.0,louvain,intersection_count,100.0,0.0,1.0,20260801,1.0.0,not_used,community labels are structural network results; they are not official factions and do not replace original-setting faction metadata
CN6,cross_department,C-089193f169db0d8d,340,1,0,0.0,0.0,0.0,louvain,intersection_count,100.0,0.0,1.0,20260801,1.0.0,not_used,community labels are structural network results; they are not official factions and do not replace original-setting faction metadata
CN6,cross_department,C-61c4ad2c99154953,341,1,0,0.0,0.0,0.0,louvain,intersection_count,100.0,0.0,1.0,20260801,1.0.0,not_used,community labels are structural network results; they are not official factions and do not replace original-setting faction metadata
CN6,cross_department,C-5e64a8b5137c8a9b,342,1,0,0.0,0.0,0.0,louvain,intersection_count,100.0,0.0,1.0,20260801,1.0.0,not_used,community labels are structural network results; they are not official factions and do not replace original-setting faction metadata
CN6,cross_department,C-8742535cfd64fcbd,343,1,0,0.0,0.0,0.0,louvain,intersection_count,100.0,0.0,1.0,20260801,1.0.0,not_used,community labels are structural network results; they are not official factions and do not replace original-setting faction metadata
CN6,cross_department,C-18657e7b958b0ce5,344,1,0,0.0,0.0,0.0,louvain,intersection_count,100.0,0.0,1.0,20260801,1.0.0,not_used,community labels are structural network results; they are not official factions and do not replace original-setting faction metadata
CN6,cross_department,C-30c323095a6f3d56,345,1,0,0.0,0.0,0.0,louvain,intersection_count,100.0,0.0,1.0,20260801,1.0.0,not_used,community labels are structural network results; they are not official factions and do not replace original-setting faction metadata
CN6,cross_department,C-17857128995c49f1,346,1,0,0.0,0.0,0.0,louvain,intersection_count,100.0,0.0,1.0,20260801,1.0.0,not_used,community labels are structural network results; they are not official factions and do not replace original-setting faction metadata
CN6,cross_department,C-6622cf53e1689a81,347,1,0,0.0,0.0,0.0,louvain,intersection_count,100.0,0.0,1.0,20260801,1.0.0,not_used,community labels are structural network results; they are not official factions and do not replace original-setting faction metadata
CN6,cross_department,C-105ee2ab89f2839f,348,1,0,0.0,0.0,0.0,louvain,intersection_count,100.0,0.0,1.0,20260801,1.0.0,not_used,community labels are structural network results; they are not official factions and do not replace original-setting faction metadata
CN6,cross_department,C-3013e67736354fe7,349,1,0,0.0,0.0,0.0,louvain,intersection_count,100.0,0.0,1.0,20260801,1.0.0,not_used,community labels are structural network results; they are not official factions and do not replace original-setting faction metadata
CN6,cross_department,C-b671fd1598a8eb48,350,1,0,0.0,0.0,0.0,louvain,intersection_count,100.0,0.0,1.0,20260801,1.0.0,not_used,community labels are structural network results; they are not official factions and do not replace original-setting faction metadata
CN6,cross_department,C-b7041e749f566cee,351,1,0,0.0,0.0,0.0,louvain,intersection_count,100.0,0.0,1.0,20260801,1.0.0,not_used,community labels are structural network results; they are not official factions and do not replace original-setting faction metadata
CN6,cross_department,C-04749022327322df,352,1,0,0.0,0.0,0.0,louvain,intersection_count,100.0,0.0,1.0,20260801,1.0.0,not_used,community labels are structural network results; they are not official factions and do not replace original-setting faction metadata
CN6,cross_department,C-d93d6a2dbc7c1143,353,1,0,0.0,0.0,0.0,louvain,intersection_count,100.0,0.0,1.0,20260801,1.0.0,not_used,community labels are structural network results; they are not official factions and do not replace original-setting faction metadata
CN6,cross_department,C-b7ee4c5b7f4ecbb0,354,1,0,0.0,0.0,0.0,louvain,intersection_count,100.0,0.0,1.0,20260801,1.0.0,not_used,community labels are structural network results; they are not official factions and do not replace original-setting faction metadata
CN6,cross_department,C-e004b372b9a37b1e,355,1,0,0.0,0.0,0.0,louvain,intersection_count,100.0,0.0,1.0,20260801,1.0.0,not_used,community labels are structural network results; they are not official factions and do not replace original-setting faction metadata
CN6,cross_department,C-1c0157a588e75094,356,1,0,0.0,0.0,0.0,louvain,intersection_count,100.0,0.0,1.0,20260801,1.0.0,not_used,community labels are structural network results; they are not official factions and do not replace original-setting faction metadata
CN6,cross_department,C-a6816934ad49249b,357,1,0,0.0,0.0,0.0,louvain,intersection_count,100.0,0.0,1.0,20260801,1.0.0,not_used,community labels are structural network results; they are not official factions and do not replace original-setting faction metadata
CN6,cross_department,C-8511014e47d8afb9,358,1,0,0.0,0.0,0.0,louvain,intersection_count,100.0,0.0,1.0,20260801,1.0.0,not_used,community labels are structural network results; they are not official factions and do not replace original-setting faction metadata
CN6,cross_department,C-1c611fff26ea1bf7,359,1,0,0.0,0.0,0.0,louvain,intersection_count,100.0,0.0,1.0,20260801,1.0.0,not_used,community labels are structural network results; they are not official factions and do not replace original-setting faction metadata
CN6,cross_department,C-dd194f0d44ae5a8c,360,1,0,0.0,0.0,0.0,louvain,intersection_count,100.0,0.0,1.0,20260801,1.0.0,not_used,community labels are structural network results; they are not official factions and do not replace original-setting faction metadata
CN6,cross_department,C-53659c88faf34739,361,1,0,0.0,0.0,0.0,louvain,intersection_count,100.0,0.0,1.0,20260801,1.0.0,not_used,community labels are structural network results; they are not official factions and do not replace original-setting faction metadata
CN6,cross_department,C-8ceef2121696c6d6,362,1,0,0.0,0.0,0.0,louvain,intersection_count,100.0,0.0,1.0,20260801,1.0.0,not_used,community labels are structural network results; they are not official factions and do not replace original-setting faction metadata
CN6,cross_department,C-20c6a09d79da34f9,363,1,0,0.0,0.0,0.0,louvain,intersection_count,100.0,0.0,1.0,20260801,1.0.0,not_used,community labels are structural network results; they are not official factions and do not replace original-setting faction metadata
CN6,cross_department,C-5afee68c0de29238,364,1,0,0.0,0.0,0.0,louvain,intersection_count,100.0,0.0,1.0,20260801,1.0.0,not_used,community labels are structural network results; they are not official factions and do not replace original-setting faction metadata
CN6,cross_department,C-ff2bb593c4472f5e,365,1,0,0.0,0.0,0.0,louvain,intersection_count,100.0,0.0,1.0,20260801,1.0.0,not_used,community labels are structural network results; they are not official factions and do not replace original-setting faction metadata
CN6,cross_department,C-5ab9e3aed0d3c0db,366,1,0,0.0,0.0,0.0,louvain,intersection_count,100.0,0.0,1.0,20260801,1.0.0,not_used,community labels are structural network results; they are not official factions and do not replace original-setting faction metadata
CN6,cross_department,C-10aed3f718fdbd70,367,1,0,0.0,0.0,0.0,louvain,intersection_count,100.0,0.0,1.0,20260801,1.0.0,not_used,community labels are structural network results; they are not official factions and do not replace original-setting faction metadata
CN6,cross_department,C-1d556cbca60b114d,368,1,0,0.0,0.0,0.0,louvain,intersection_count,100.0,0.0,1.0,20260801,1.0.0,not_used,community labels are structural network results; they are not official factions and do not replace original-setting faction metadata
CN6,cross_department,C-c1f66cb92427a8fc,369,1,0,0.0,0.0,0.0,louvain,intersection_count,100.0,0.0,1.0,20260801,1.0.0,not_used,community labels are structural network results; they are not official factions and do not replace original-setting faction metadata
CN6,cross_department,C-3bfbf741961f56f9,370,1,0,0.0,0.0,0.0,louvain,intersection_count,100.0,0.0,1.0,20260801,1.0.0,not_used,community labels are structural network results; they are not official factions and do not replace original-setting faction metadata
CN6,cross_department,C-fd62957e01e2e779,371,1,0,0.0,0.0,0.0,louvain,intersection_count,100.0,0.0,1.0,20260801,1.0.0,not_used,community labels are structural network results; they are not official factions and do not replace original-setting faction metadata
CN6,cross_department,C-fcf47ab5c6f493e1,372,1,0,0.0,0.0,0.0,louvain,intersection_count,100.0,0.0,1.0,20260801,1.0.0,not_used,community labels are structural network results; they are not official factions and do not replace original-setting faction metadata
CN6,cross_department,C-e178c91f0f98c873,373,1,0,0.0,0.0,0.0,louvain,intersection_count,100.0,0.0,1.0,20260801,1.0.0,not_used,community labels are structural network results; they are not official factions and do not replace original-setting faction metadata
CN6,cross_department,C-997a4ecce8f04ec8,374,1,0,0.0,0.0,0.0,louvain,intersection_count,100.0,0.0,1.0,20260801,1.0.0,not_used,community labels are structural network results; they are not official factions and do not replace original-setting faction metadata
CN6,cross_department,C-c4b2b28d5bc083fb,375,1,0,0.0,0.0,0.0,louvain,intersection_count,100.0,0.0,1.0,20260801,1.0.0,not_used,community labels are structural network results; they are not official factions and do not replace original-setting faction metadata
CN6,cross_department,C-93703547325d28b1,376,1,0,0.0,0.0,0.0,louvain,intersection_count,100.0,0.0,1.0,20260801,1.0.0,not_used,community labels are structural network results; they are not official factions and do not replace original-setting faction metadata
CN6,cross_department,C-080ce5a59db2c4c0,377,1,0,0.0,0.0,0.0,louvain,intersection_count,100.0,0.0,1.0,20260801,1.0.0,not_used,community labels are structural network results; they are not official factions and do not replace original-setting faction metadata
CN6,cross_department,C-63fbb9d28d681590,378,1,0,0.0,0.0,0.0,louvain,intersection_count,100.0,0.0,1.0,20260801,1.0.0,not_used,community labels are structural network results; they are not official factions and do not replace original-setting faction metadata
CN6,cross_department,C-9d5b42d8b0b68ccb,379,1,0,0.0,0.0,0.0,louvain,intersection_count,100.0,0.0,1.0,20260801,1.0.0,not_used,community labels are structural network results; they are not official factions and do not replace original-setting faction metadata
CN6,cross_department,C-f3af72b15981ba25,380,1,0,0.0,0.0,0.0,louvain,intersection_count,100.0,0.0,1.0,20260801,1.0.0,not_used,community labels are structural network results; they are not official factions and do not replace original-setting faction metadata
CN6,cross_department,C-94d9f47c69be9856,381,1,0,0.0,0.0,0.0,louvain,intersection_count,100.0,0.0,1.0,20260801,1.0.0,not_used,community labels are structural network results; they are not official factions and do not replace original-setting faction metadata
CN6,cross_department,C-ad9c480301a98c98,382,1,0,0.0,0.0,0.0,louvain,intersection_count,100.0,0.0,1.0,20260801,1.0.0,not_used,community labels are structural network results; they are not official factions and do not replace original-setting faction metadata
CN6,cross_department,C-04f2624290ac8a3d,383,1,0,0.0,0.0,0.0,louvain,intersection_count,100.0,0.0,1.0,20260801,1.0.0,not_used,community labels are structural network results; they are not official factions and do not replace original-setting faction metadata
CN6,cross_department,C-2b7b474a11b52dce,384,1,0,0.0,0.0,0.0,louvain,intersection_count,100.0,0.0,1.0,20260801,1.0.0,not_used,community labels are structural network results; they are not official factions and do not replace original-setting faction metadata
CN6,cross_department,C-ac5b40afc4c17c43,385,1,0,0.0,0.0,0.0,louvain,intersection_count,100.0,0.0,1.0,20260801,1.0.0,not_used,community labels are structural network results; they are not official factions and do not replace original-setting faction metadata
CN6,cross_department,C-8e9f7ea4337add85,386,1,0,0.0,0.0,0.0,louvain,intersection_count,100.0,0.0,1.0,20260801,1.0.0,not_used,community labels are structural network results; they are not official factions and do not replace original-setting faction metadata
CN6,cross_department,C-1218d5ce65a73e65,387,1,0,0.0,0.0,0.0,louvain,intersection_count,100.0,0.0,1.0,20260801,1.0.0,not_used,community labels are structural network results; they are not official factions and do not replace original-setting faction metadata
CN6,cross_department,C-d7ca603bd61eed34,388,1,0,0.0,0.0,0.0,louvain,intersection_count,100.0,0.0,1.0,20260801,1.0.0,not_used,community labels are structural network results; they are not official factions and do not replace original-setting faction metadata
CN6,cross_department,C-8be501dda1f9ad31,389,1,0,0.0,0.0,0.0,louvain,intersection_count,100.0,0.0,1.0,20260801,1.0.0,not_used,community labels are structural network results; they are not official factions and do not replace original-setting faction metadata
CN6,cross_department,C-16088f9114e66887,390,1,0,0.0,0.0,0.0,louvain,intersection_count,100.0,0.0,1.0,20260801,1.0.0,not_used,community labels are structural network results; they are not official factions and do not replace original-setting faction metadata
CN6,cross_department,C-1641b6cc4a321545,391,1,0,0.0,0.0,0.0,louvain,intersection_count,100.0,0.0,1.0,20260801,1.0.0,not_used,community labels are structural network results; they are not official factions and do not replace original-setting faction metadata
CN6,cross_department,C-0b46cdc58a474c5a,392,1,0,0.0,0.0,0.0,louvain,intersection_count,100.0,0.0,1.0,20260801,1.0.0,not_used,community labels are structural network results; they are not official factions and do not replace original-setting faction metadata
CN6,cross_department,C-77041ee7f5ab28ef,393,1,0,0.0,0.0,0.0,louvain,intersection_count,100.0,0.0,1.0,20260801,1.0.0,not_used,community labels are structural network results; they are not official factions and do not replace original-setting faction metadata
CN6,cross_department,C-b7261a2048052736,394,1,0,0.0,0.0,0.0,louvain,intersection_count,100.0,0.0,1.0,20260801,1.0.0,not_used,community labels are structural network results; they are not official factions and do not replace original-setting faction metadata
CN6,cross_department,C-bead9e20c7ba6fac,395,1,0,0.0,0.0,0.0,louvain,intersection_count,100.0,0.0,1.0,20260801,1.0.0,not_used,community labels are structural network results; they are not official factions and do not replace original-setting faction metadata
CN6,cross_department,C-4d5e5aa57c825b78,396,1,0,0.0,0.0,0.0,louvain,intersection_count,100.0,0.0,1.0,20260801,1.0.0,not_used,community labels are structural network results; they are not official factions and do not replace original-setting faction metadata
CN6,cross_department,C-0811cbf49fac7268,397,1,0,0.0,0.0,0.0,louvain,intersection_count,100.0,0.0,1.0,20260801,1.0.0,not_used,community labels are structural network results; they are not official factions and do not replace original-setting faction metadata
CN6,cross_department,C-5f094455fc7b98c6,398,1,0,0.0,0.0,0.0,louvain,intersection_count,100.0,0.0,1.0,20260801,1.0.0,not_used,community labels are structural network results; they are not official factions and do not replace original-setting faction metadata
CN6,cross_department,C-55c32501e8e0ac93,399,1,0,0.0,0.0,0.0,louvain,intersection_count,100.0,0.0,1.0,20260801,1.0.0,not_used,community labels are structural network results; they are not official factions and do not replace original-setting faction metadata
CN6,cross_department,C-97f836ac1dc55a70,400,1,0,0.0,0.0,0.0,louvain,intersection_count,100.0,0.0,1.0,20260801,1.0.0,not_used,community labels are structural network results; they are not official factions and do not replace original-setting faction metadata
CN6,cross_department,C-e5c757da8ac49531,401,1,0,0.0,0.0,0.0,louvain,intersection_count,100.0,0.0,1.0,20260801,1.0.0,not_used,community labels are structural network results; they are not official factions and do not replace original-setting faction metadata
CN6,cross_department,C-50efd94075569095,402,1,0,0.0,0.0,0.0,louvain,intersection_count,100.0,0.0,1.0,20260801,1.0.0,not_used,community labels are structural network results; they are not official factions and do not replace original-setting faction metadata
CN6,cross_department,C-cb4de31801ff176d,403,1,0,0.0,0.0,0.0,louvain,intersection_count,100.0,0.0,1.0,20260801,1.0.0,not_used,community labels are structural network results; they are not official factions and do not replace original-setting faction metadata
CN6,cross_department,C-a6a09f306af239b6,404,1,0,0.0,0.0,0.0,louvain,intersection_count,100.0,0.0,1.0,20260801,1.0.0,not_used,community labels are structural network results; they are not official factions and do not replace original-setting faction metadata
CN6,cross_department,C-7f41985ab56f0814,405,1,0,0.0,0.0,0.0,louvain,intersection_count,100.0,0.0,1.0,20260801,1.0.0,not_used,community labels are structural network results; they are not official factions and do not replace original-setting faction metadata
CN6,cross_department,C-9fb305bc6e336923,406,1,0,0.0,0.0,0.0,louvain,intersection_count,100.0,0.0,1.0,20260801,1.0.0,not_used,community labels are structural network results; they are not official factions and do not replace original-setting faction metadata
CN6,cross_department,C-2192438eb2896546,407,1,0,0.0,0.0,0.0,louvain,intersection_count,100.0,0.0,1.0,20260801,1.0.0,not_used,community labels are structural network results; they are not official factions and do not replace original-setting faction metadata
CN6,cross_department,C-db4c574e6d5fc7a5,408,1,0,0.0,0.0,0.0,louvain,intersection_count,100.0,0.0,1.0,20260801,1.0.0,not_used,community labels are structural network results; they are not official factions and do not replace original-setting faction metadata
CN6,cross_department,C-7ed098e986d44e61,409,1,0,0.0,0.0,0.0,louvain,intersection_count,100.0,0.0,1.0,20260801,1.0.0,not_used,community labels are structural network results; they are not official factions and do not replace original-setting faction metadata
CN6,cross_department,C-422d2f8542bb6b04,410,1,0,0.0,0.0,0.0,louvain,intersection_count,100.0,0.0,1.0,20260801,1.0.0,not_used,community labels are structural network results; they are not official factions and do not replace original-setting faction metadata
CN6,cross_department,C-43c2f47c0eb8e155,411,1,0,0.0,0.0,0.0,louvain,intersection_count,100.0,0.0,1.0,20260801,1.0.0,not_used,community labels are structural network results; they are not official factions and do not replace original-setting faction metadata
CN6,cross_department,C-cca40d47794198fc,412,1,0,0.0,0.0,0.0,louvain,intersection_count,100.0,0.0,1.0,20260801,1.0.0,not_used,community labels are structural network results; they are not official factions and do not replace original-setting faction metadata
CN6,cross_department,C-0f4ae08a8847f2c3,413,1,0,0.0,0.0,0.0,louvain,intersection_count,100.0,0.0,1.0,20260801,1.0.0,not_used,community labels are structural network results; they are not official factions and do not replace original-setting faction metadata
CN6,cross_department,C-dce2acd7f481114a,414,1,0,0.0,0.0,0.0,louvain,intersection_count,100.0,0.0,1.0,20260801,1.0.0,not_used,community labels are structural network results; they are not official factions and do not replace original-setting faction metadata
CN6,cross_department,C-35403e582fde05c5,415,1,0,0.0,0.0,0.0,louvain,intersection_count,100.0,0.0,1.0,20260801,1.0.0,not_used,community labels are structural network results; they are not official factions and do not replace original-setting faction metadata
CN6,cross_department,C-5684b7d9a193e940,416,1,0,0.0,0.0,0.0,louvain,intersection_count,100.0,0.0,1.0,20260801,1.0.0,not_used,community labels are structural network results; they are not official factions and do not replace original-setting faction metadata
CN6,cross_department,C-78dfce1c57c4e51d,417,1,0,0.0,0.0,0.0,louvain,intersection_count,100.0,0.0,1.0,20260801,1.0.0,not_used,community labels are structural network results; they are not official factions and do not replace original-setting faction metadata
CN6,cross_department,C-5418a1cef5e86f2b,418,1,0,0.0,0.0,0.0,louvain,intersection_count,100.0,0.0,1.0,20260801,1.0.0,not_used,community labels are structural network results; they are not official factions and do not replace original-setting faction metadata
CN6,cross_department,C-156df219e9410578,419,1,0,0.0,0.0,0.0,louvain,intersection_count,100.0,0.0,1.0,20260801,1.0.0,not_used,community labels are structural network results; they are not official factions and do not replace original-setting faction metadata
CN6,cross_department,C-f97d85fa436044f2,420,1,0,0.0,0.0,0.0,louvain,intersection_count,100.0,0.0,1.0,20260801,1.0.0,not_used,community labels are structural network results; they are not official factions and do not replace original-setting faction metadata
CN6,cross_department,C-0f9cd5f2c9357ace,421,1,0,0.0,0.0,0.0,louvain,intersection_count,100.0,0.0,1.0,20260801,1.0.0,not_used,community labels are structural network results; they are not official factions and do not replace original-setting faction metadata
CN6,cross_department,C-2229cd44d3a40bb7,422,1,0,0.0,0.0,0.0,louvain,intersection_count,100.0,0.0,1.0,20260801,1.0.0,not_used,community labels are structural network results; they are not official factions and do not replace original-setting faction metadata
CN6,cross_department,C-952519a8972cccbf,423,1,0,0.0,0.0,0.0,louvain,intersection_count,100.0,0.0,1.0,20260801,1.0.0,not_used,community labels are structural network results; they are not official factions and do not replace original-setting faction metadata
CN6,cross_department,C-a1d22e6fc6a17a49,424,1,0,0.0,0.0,0.0,louvain,intersection_count,100.0,0.0,1.0,20260801,1.0.0,not_used,community labels are structural network results; they are not official factions and do not replace original-setting faction metadata
CN6,cross_department,C-209dd6427570542f,425,1,0,0.0,0.0,0.0,louvain,intersection_count,100.0,0.0,1.0,20260801,1.0.0,not_used,community labels are structural network results; they are not official factions and do not replace original-setting faction metadata
CN6,cross_department,C-94704cbe6683a30c,426,1,0,0.0,0.0,0.0,louvain,intersection_count,100.0,0.0,1.0,20260801,1.0.0,not_used,community labels are structural network results; they are not official factions and do not replace original-setting faction metadata
CN6,cross_department,C-dca655da831a75a3,427,1,0,0.0,0.0,0.0,louvain,intersection_count,100.0,0.0,1.0,20260801,1.0.0,not_used,community labels are structural network results; they are not official factions and do not replace original-setting faction metadata
CN6,cross_department,C-e77fc769e229a477,428,1,0,0.0,0.0,0.0,louvain,intersection_count,100.0,0.0,1.0,20260801,1.0.0,not_used,community labels are structural network results; they are not official factions and do not replace original-setting faction metadata
CN6,cross_department,C-91069957400888e1,429,1,0,0.0,0.0,0.0,louvain,intersection_count,100.0,0.0,1.0,20260801,1.0.0,not_used,community labels are structural network results; they are not official factions and do not replace original-setting faction metadata
CN6,cross_department,C-a1b2973581a0b730,430,1,0,0.0,0.0,0.0,louvain,intersection_count,100.0,0.0,1.0,20260801,1.0.0,not_used,community labels are structural network results; they are not official factions and do not replace original-setting faction metadata
CN6,cross_department,C-de68523da1749cde,431,1,0,0.0,0.0,0.0,louvain,intersection_count,100.0,0.0,1.0,20260801,1.0.0,not_used,community labels are structural network results; they are not official factions and do not replace original-setting faction metadata
CN6,cross_department,C-1212097a6fe68795,432,1,0,0.0,0.0,0.0,louvain,intersection_count,100.0,0.0,1.0,20260801,1.0.0,not_used,community labels are structural network results; they are not official factions and do not replace original-setting faction metadata
CN6,cross_department,C-e4af4d844d1f145d,433,1,0,0.0,0.0,0.0,louvain,intersection_count,100.0,0.0,1.0,20260801,1.0.0,not_used,community labels are structural network results; they are not official factions and do not replace original-setting faction metadata
CN6,cross_department,C-95fd215070a9b72c,434,1,0,0.0,0.0,0.0,louvain,intersection_count,100.0,0.0,1.0,20260801,1.0.0,not_used,community labels are structural network results; they are not official factions and do not replace original-setting faction metadata
CN6,cross_department,C-0c9c25fd4f140538,435,1,0,0.0,0.0,0.0,louvain,intersection_count,100.0,0.0,1.0,20260801,1.0.0,not_used,community labels are structural network results; they are not official factions and do not replace original-setting faction metadata
CN6,cross_department,C-7e16449429de8562,436,1,0,0.0,0.0,0.0,louvain,intersection_count,100.0,0.0,1.0,20260801,1.0.0,not_used,community labels are structural network results; they are not official factions and do not replace original-setting faction metadata
CN6,cross_department,C-b4f5bbbe39c21a8b,437,1,0,0.0,0.0,0.0,louvain,intersection_count,100.0,0.0,1.0,20260801,1.0.0,not_used,community labels are structural network results; they are not official factions and do not replace original-setting faction metadata
CN6,cross_department,C-c72f8c13a219d4e0,438,1,0,0.0,0.0,0.0,louvain,intersection_count,100.0,0.0,1.0,20260801,1.0.0,not_used,community labels are structural network results; they are not official factions and do not replace original-setting faction metadata
CN6,cross_department,C-a20376bbba400ed6,439,1,0,0.0,0.0,0.0,louvain,intersection_count,100.0,0.0,1.0,20260801,1.0.0,not_used,community labels are structural network results; they are not official factions and do not replace original-setting faction metadata
CN6,cross_department,C-d4a5be565ea759b4,440,1,0,0.0,0.0,0.0,louvain,intersection_count,100.0,0.0,1.0,20260801,1.0.0,not_used,community labels are structural network results; they are not official factions and do not replace original-setting faction metadata
CN6,cross_department,C-5fd7c8cee5eb74a7,441,1,0,0.0,0.0,0.0,louvain,intersection_count,100.0,0.0,1.0,20260801,1.0.0,not_used,community labels are structural network results; they are not official factions and do not replace original-setting faction metadata
CN6,cross_department,C-32e285c4acb4daa4,442,1,0,0.0,0.0,0.0,louvain,intersection_count,100.0,0.0,1.0,20260801,1.0.0,not_used,community labels are structural network results; they are not official factions and do not replace original-setting faction metadata
CN6,cross_department,C-04390c28e385f839,443,1,0,0.0,0.0,0.0,louvain,intersection_count,100.0,0.0,1.0,20260801,1.0.0,not_used,community labels are structural network results; they are not official factions and do not replace original-setting faction metadata
CN6,cross_department,C-6ceda31b1a819ac9,444,1,0,0.0,0.0,0.0,louvain,intersection_count,100.0,0.0,1.0,20260801,1.0.0,not_used,community labels are structural network results; they are not official factions and do not replace original-setting faction metadata
CN6,cross_department,C-0e6266113409581b,445,1,0,0.0,0.0,0.0,louvain,intersection_count,100.0,0.0,1.0,20260801,1.0.0,not_used,community labels are structural network results; they are not official factions and do not replace original-setting faction metadata
CN6,cross_department,C-6a5c2860a11e2bec,446,1,0,0.0,0.0,0.0,louvain,intersection_count,100.0,0.0,1.0,20260801,1.0.0,not_used,community labels are structural network results; they are not official factions and do not replace original-setting faction metadata
CN6,cross_department,C-ee5d58878b5bef65,447,1,0,0.0,0.0,0.0,louvain,intersection_count,100.0,0.0,1.0,20260801,1.0.0,not_used,community labels are structural network results; they are not official factions and do not replace original-setting faction metadata
CN6,cross_department,C-2fe887aeb444e1b8,448,1,0,0.0,0.0,0.0,louvain,intersection_count,100.0,0.0,1.0,20260801,1.0.0,not_used,community labels are structural network results; they are not official factions and do not replace original-setting faction metadata
CN6,cross_department,C-ffa650f58a373a10,449,1,0,0.0,0.0,0.0,louvain,intersection_count,100.0,0.0,1.0,20260801,1.0.0,not_used,community labels are structural network results; they are not official factions and do not replace original-setting faction metadata
CN6,cross_department,C-f60a6803e7b7157d,450,1,0,0.0,0.0,0.0,louvain,intersection_count,100.0,0.0,1.0,20260801,1.0.0,not_used,community labels are structural network results; they are not official factions and do not replace original-setting faction metadata
CN6,cross_department,C-f5593b67edbc3b03,451,1,0,0.0,0.0,0.0,louvain,intersection_count,100.0,0.0,1.0,20260801,1.0.0,not_used,community labels are structural network results; they are not official factions and do not replace original-setting faction metadata
CN6,cross_department,C-c23265fd82e3b5ff,452,1,0,0.0,0.0,0.0,louvain,intersection_count,100.0,0.0,1.0,20260801,1.0.0,not_used,community labels are structural network results; they are not official factions and do not replace original-setting faction metadata
CN6,cross_department,C-84b803aa1837e779,453,1,0,0.0,0.0,0.0,louvain,intersection_count,100.0,0.0,1.0,20260801,1.0.0,not_used,community labels are structural network results; they are not official factions and do not replace original-setting faction metadata
CN6,cross_department,C-244daa9029ea8511,454,1,0,0.0,0.0,0.0,louvain,intersection_count,100.0,0.0,1.0,20260801,1.0.0,not_used,community labels are structural network results; they are not official factions and do not replace original-setting faction metadata
CN6,cross_department,C-dd670b6deb1d16df,455,1,0,0.0,0.0,0.0,louvain,intersection_count,100.0,0.0,1.0,20260801,1.0.0,not_used,community labels are structural network results; they are not official factions and do not replace original-setting faction metadata
CN6,cross_department,C-ece442f75c687263,456,1,0,0.0,0.0,0.0,louvain,intersection_count,100.0,0.0,1.0,20260801,1.0.0,not_used,community labels are structural network results; they are not official factions and do not replace original-setting faction metadata
CN6,cross_department,C-a6f218ed48f16a78,457,1,0,0.0,0.0,0.0,louvain,intersection_count,100.0,0.0,1.0,20260801,1.0.0,not_used,community labels are structural network results; they are not official factions and do not replace original-setting faction metadata
CN6,cross_department,C-6115760b9e9168b5,458,1,0,0.0,0.0,0.0,louvain,intersection_count,100.0,0.0,1.0,20260801,1.0.0,not_used,community labels are structural network results; they are not official factions and do not replace original-setting faction metadata
CN6,cross_department,C-9fd66a08f04f8dc3,459,1,0,0.0,0.0,0.0,louvain,intersection_count,100.0,0.0,1.0,20260801,1.0.0,not_used,community labels are structural network results; they are not official factions and do not replace original-setting faction metadata
CN6,cross_department,C-c6d16063793187cf,460,1,0,0.0,0.0,0.0,louvain,intersection_count,100.0,0.0,1.0,20260801,1.0.0,not_used,community labels are structural network results; they are not official factions and do not replace original-setting faction metadata
CN6,cross_department,C-df413237013232cd,461,1,0,0.0,0.0,0.0,louvain,intersection_count,100.0,0.0,1.0,20260801,1.0.0,not_used,community labels are structural network results; they are not official factions and do not replace original-setting faction metadata
CN6,cross_department,C-12ecfab6a67948d1,462,1,0,0.0,0.0,0.0,louvain,intersection_count,100.0,0.0,1.0,20260801,1.0.0,not_used,community labels are structural network results; they are not official factions and do not replace original-setting faction metadata
CN6,cross_department,C-a2b38f9c16293b81,463,1,0,0.0,0.0,0.0,louvain,intersection_count,100.0,0.0,1.0,20260801,1.0.0,not_used,community labels are structural network results; they are not official factions and do not replace original-setting faction metadata
CN6,cross_department,C-75e0823ab0f218cc,464,1,0,0.0,0.0,0.0,louvain,intersection_count,100.0,0.0,1.0,20260801,1.0.0,not_used,community labels are structural network results; they are not official factions and do not replace original-setting faction metadata
CN6,cross_department,C-2e91caac1900edd6,465,1,0,0.0,0.0,0.0,louvain,intersection_count,100.0,0.0,1.0,20260801,1.0.0,not_used,community labels are structural network results; they are not official factions and do not replace original-setting faction metadata
CN6,cross_department,C-a22e9880cd960174,466,1,0,0.0,0.0,0.0,louvain,intersection_count,100.0,0.0,1.0,20260801,1.0.0,not_used,community labels are structural network results; they are not official factions and do not replace original-setting faction metadata
CN6,cross_department,C-9367b3badb88b0a3,467,1,0,0.0,0.0,0.0,louvain,intersection_count,100.0,0.0,1.0,20260801,1.0.0,not_used,community labels are structural network results; they are not official factions and do not replace original-setting faction metadata
CN6,cross_department,C-693c41bc40782d5c,468,1,0,0.0,0.0,0.0,louvain,intersection_count,100.0,0.0,1.0,20260801,1.0.0,not_used,community labels are structural network results; they are not official factions and do not replace original-setting faction metadata
CN6,cross_department,C-380154014e8dd25c,469,1,0,0.0,0.0,0.0,louvain,intersection_count,100.0,0.0,1.0,20260801,1.0.0,not_used,community labels are structural network results; they are not official factions and do not replace original-setting faction metadata
CN6,cross_department,C-6882de11a4046d5b,470,1,0,0.0,0.0,0.0,louvain,intersection_count,100.0,0.0,1.0,20260801,1.0.0,not_used,community labels are structural network results; they are not official factions and do not replace original-setting faction metadata
CN6,cross_department,C-7bd455f7fba421d0,471,1,0,0.0,0.0,0.0,louvain,intersection_count,100.0,0.0,1.0,20260801,1.0.0,not_used,community labels are structural network results; they are not official factions and do not replace original-setting faction metadata
CN6,cross_department,C-4f902336cbc2c7c3,472,1,0,0.0,0.0,0.0,louvain,intersection_count,100.0,0.0,1.0,20260801,1.0.0,not_used,community labels are structural network results; they are not official factions and do not replace original-setting faction metadata
CN6,cross_department,C-e319523533028c60,473,1,0,0.0,0.0,0.0,louvain,intersection_count,100.0,0.0,1.0,20260801,1.0.0,not_used,community labels are structural network results; they are not official factions and do not replace original-setting faction metadata
CN6,cross_department,C-d902bf81836bd17e,474,1,0,0.0,0.0,0.0,louvain,intersection_count,100.0,0.0,1.0,20260801,1.0.0,not_used,community labels are structural network results; they are not official factions and do not replace original-setting faction metadata
CN6,cross_department,C-74ae3431dcc3c420,475,1,0,0.0,0.0,0.0,louvain,intersection_count,100.0,0.0,1.0,20260801,1.0.0,not_used,community labels are structural network results; they are not official factions and do not replace original-setting faction metadata
CN6,cross_department,C-b6c8e498f2c6248d,476,1,0,0.0,0.0,0.0,louvain,intersection_count,100.0,0.0,1.0,20260801,1.0.0,not_used,community labels are structural network results; they are not official factions and do not replace original-setting faction metadata
CN6,cross_department,C-59328f95c92d923c,477,1,0,0.0,0.0,0.0,louvain,intersection_count,100.0,0.0,1.0,20260801,1.0.0,not_used,community labels are structural network results; they are not official factions and do not replace original-setting faction metadata
CN6,cross_department,C-fe489742903673b0,478,1,0,0.0,0.0,0.0,louvain,intersection_count,100.0,0.0,1.0,20260801,1.0.0,not_used,community labels are structural network results; they are not official factions and do not replace original-setting faction metadata
CN6,cross_department,C-54fdf1e974308af0,479,1,0,0.0,0.0,0.0,louvain,intersection_count,100.0,0.0,1.0,20260801,1.0.0,not_used,community labels are structural network results; they are not official factions and do not replace original-setting faction metadata
CN6,cross_department,C-6e9dcc8bd6902736,480,1,0,0.0,0.0,0.0,louvain,intersection_count,100.0,0.0,1.0,20260801,1.0.0,not_used,community labels are structural network results; they are not official factions and do not replace original-setting faction metadata
CN6,cross_department,C-d4e2372067c00b0a,481,1,0,0.0,0.0,0.0,louvain,intersection_count,100.0,0.0,1.0,20260801,1.0.0,not_used,community labels are structural network results; they are not official factions and do not replace original-setting faction metadata
CN6,cross_department,C-74aea2a88be0e344,482,1,0,0.0,0.0,0.0,louvain,intersection_count,100.0,0.0,1.0,20260801,1.0.0,not_used,community labels are structural network results; they are not official factions and do not replace original-setting faction metadata
CN6,cross_department,C-93bfb630eea917dc,483,1,0,0.0,0.0,0.0,louvain,intersection_count,100.0,0.0,1.0,20260801,1.0.0,not_used,community labels are structural network results; they are not official factions and do not replace original-setting faction metadata
CN6,cross_department,C-cd3ed75c97e51e33,484,1,0,0.0,0.0,0.0,louvain,intersection_count,100.0,0.0,1.0,20260801,1.0.0,not_used,community labels are structural network results; they are not official factions and do not replace original-setting faction metadata
CN6,cross_department,C-03264f055ced3692,485,1,0,0.0,0.0,0.0,louvain,intersection_count,100.0,0.0,1.0,20260801,1.0.0,not_used,community labels are structural network results; they are not official factions and do not replace original-setting faction metadata
CN6,cross_department,C-b3f70a0e53122859,486,1,0,0.0,0.0,0.0,louvain,intersection_count,100.0,0.0,1.0,20260801,1.0.0,not_used,community labels are structural network results; they are not official factions and do not replace original-setting faction metadata
CN6,cross_department,C-c0d0e141c0e4144c,487,1,0,0.0,0.0,0.0,louvain,intersection_count,100.0,0.0,1.0,20260801,1.0.0,not_used,community labels are structural network results; they are not official factions and do not replace original-setting faction metadata
CN6,cross_department,C-0802413e8ea99267,488,1,0,0.0,0.0,0.0,louvain,intersection_count,100.0,0.0,1.0,20260801,1.0.0,not_used,community labels are structural network results; they are not official factions and do not replace original-setting faction metadata
CN6,cross_department,C-e8935a9854bfac6e,489,1,0,0.0,0.0,0.0,louvain,intersection_count,100.0,0.0,1.0,20260801,1.0.0,not_used,community labels are structural network results; they are not official factions and do not replace original-setting faction metadata
CN6,cross_department,C-06f4eb23add5a965,490,1,0,0.0,0.0,0.0,louvain,intersection_count,100.0,0.0,1.0,20260801,1.0.0,not_used,community labels are structural network results; they are not official factions and do not replace original-setting faction metadata
CN6,cross_department,C-2414c4adbff49ddb,491,1,0,0.0,0.0,0.0,louvain,intersection_count,100.0,0.0,1.0,20260801,1.0.0,not_used,community labels are structural network results; they are not official factions and do not replace original-setting faction metadata
CN6,cross_department,C-69b89e72e873f5dd,492,1,0,0.0,0.0,0.0,louvain,intersection_count,100.0,0.0,1.0,20260801,1.0.0,not_used,community labels are structural network results; they are not official factions and do not replace original-setting faction metadata
CN6,cross_department,C-5b45b4c4273f7147,493,1,0,0.0,0.0,0.0,louvain,intersection_count,100.0,0.0,1.0,20260801,1.0.0,not_used,community labels are structural network results; they are not official factions and do not replace original-setting faction metadata
CN6,cross_department,C-9891e3ca5a6bb62e,494,1,0,0.0,0.0,0.0,louvain,intersection_count,100.0,0.0,1.0,20260801,1.0.0,not_used,community labels are structural network results; they are not official factions and do not replace original-setting faction metadata
CN6,cross_department,C-fc7181778bdd1ae6,495,1,0,0.0,0.0,0.0,louvain,intersection_count,100.0,0.0,1.0,20260801,1.0.0,not_used,community labels are structural network results; they are not official factions and do not replace original-setting faction metadata
CN6,cross_department,C-4286d51cbd763c9b,496,1,0,0.0,0.0,0.0,louvain,intersection_count,100.0,0.0,1.0,20260801,1.0.0,not_used,community labels are structural network results; they are not official factions and do not replace original-setting faction metadata
CN6,cross_department,C-4a54b3eca048d025,497,1,0,0.0,0.0,0.0,louvain,intersection_count,100.0,0.0,1.0,20260801,1.0.0,not_used,community labels are structural network results; they are not official factions and do not replace original-setting faction metadata
CN6,cross_department,C-d0365f4fb04bf03f,498,1,0,0.0,0.0,0.0,louvain,intersection_count,100.0,0.0,1.0,20260801,1.0.0,not_used,community labels are structural network results; they are not official factions and do not replace original-setting faction metadata
CN6,cross_department,C-b39657fa8d73d563,499,1,0,0.0,0.0,0.0,louvain,intersection_count,100.0,0.0,1.0,20260801,1.0.0,not_used,community labels are structural network results; they are not official factions and do not replace original-setting faction metadata
CN6,cross_department,C-f88f90f7a039f323,500,1,0,0.0,0.0,0.0,louvain,intersection_count,100.0,0.0,1.0,20260801,1.0.0,not_used,community labels are structural network results; they are not official factions and do not replace original-setting faction metadata
CN6,cross_department,C-9ce5afe6cb2d814f,501,1,0,0.0,0.0,0.0,louvain,intersection_count,100.0,0.0,1.0,20260801,1.0.0,not_used,community labels are structural network results; they are not official factions and do not replace original-setting faction metadata
CN6,cross_department,C-5081b4918115292d,502,1,0,0.0,0.0,0.0,louvain,intersection_count,100.0,0.0,1.0,20260801,1.0.0,not_used,community labels are structural network results; they are not official factions and do not replace original-setting faction metadata
CN6,cross_department,C-765528371b313386,503,1,0,0.0,0.0,0.0,louvain,intersection_count,100.0,0.0,1.0,20260801,1.0.0,not_used,community labels are structural network results; they are not official factions and do not replace original-setting faction metadata
CN6,cross_department,C-864a07d8df2e8611,504,1,0,0.0,0.0,0.0,louvain,intersection_count,100.0,0.0,1.0,20260801,1.0.0,not_used,community labels are structural network results; they are not official factions and do not replace original-setting faction metadata
CN6,cross_department,C-1c47d927a8564eda,505,1,0,0.0,0.0,0.0,louvain,intersection_count,100.0,0.0,1.0,20260801,1.0.0,not_used,community labels are structural network results; they are not official factions and do not replace original-setting faction metadata
CN6,cross_department,C-58e1a21bfd4f13a0,506,1,0,0.0,0.0,0.0,louvain,intersection_count,100.0,0.0,1.0,20260801,1.0.0,not_used,community labels are structural network results; they are not official factions and do not replace original-setting faction metadata
CN6,cross_department,C-67bf1047d6893712,507,1,0,0.0,0.0,0.0,louvain,intersection_count,100.0,0.0,1.0,20260801,1.0.0,not_used,community labels are structural network results; they are not official factions and do not replace original-setting faction metadata
CN6,cross_department,C-971439ce6583f479,508,1,0,0.0,0.0,0.0,louvain,intersection_count,100.0,0.0,1.0,20260801,1.0.0,not_used,community labels are structural network results; they are not official factions and do not replace original-setting faction metadata
CN6,cross_department,C-81a52378321e5da4,509,1,0,0.0,0.0,0.0,louvain,intersection_count,100.0,0.0,1.0,20260801,1.0.0,not_used,community labels are structural network results; they are not official factions and do not replace original-setting faction metadata
CN6,cross_department,C-6e7e630ae35caf24,510,1,0,0.0,0.0,0.0,louvain,intersection_count,100.0,0.0,1.0,20260801,1.0.0,not_used,community labels are structural network results; they are not official factions and do not replace original-setting faction metadata
CN6,cross_department,C-52b4f0cf61128610,511,1,0,0.0,0.0,0.0,louvain,intersection_count,100.0,0.0,1.0,20260801,1.0.0,not_used,community labels are structural network results; they are not official factions and do not replace original-setting faction metadata
CN6,cross_department,C-cc731722d010bc4c,512,1,0,0.0,0.0,0.0,louvain,intersection_count,100.0,0.0,1.0,20260801,1.0.0,not_used,community labels are structural network results; they are not official factions and do not replace original-setting faction metadata
CN6,cross_department,C-a12ceff813c85e53,513,1,0,0.0,0.0,0.0,louvain,intersection_count,100.0,0.0,1.0,20260801,1.0.0,not_used,community labels are structural network results; they are not official factions and do not replace original-setting faction metadata
CN6,cross_department,C-6b0b9e9573e38d3a,514,1,0,0.0,0.0,0.0,louvain,intersection_count,100.0,0.0,1.0,20260801,1.0.0,not_used,community labels are structural network results; they are not official factions and do not replace original-setting faction metadata
CN6,cross_department,C-846539da3b834735,515,1,0,0.0,0.0,0.0,louvain,intersection_count,100.0,0.0,1.0,20260801,1.0.0,not_used,community labels are structural network results; they are not official factions and do not replace original-setting faction metadata
CN6,cross_department,C-5a03f7f0c241ed82,516,1,0,0.0,0.0,0.0,louvain,intersection_count,100.0,0.0,1.0,20260801,1.0.0,not_used,community labels are structural network results; they are not official factions and do not replace original-setting faction metadata
CN6,cross_department,C-c38cf1df8873ee8b,517,1,0,0.0,0.0,0.0,louvain,intersection_count,100.0,0.0,1.0,20260801,1.0.0,not_used,community labels are structural network results; they are not official factions and do not replace original-setting faction metadata
CN6,cross_department,C-556da27f1138a04f,518,1,0,0.0,0.0,0.0,louvain,intersection_count,100.0,0.0,1.0,20260801,1.0.0,not_used,community labels are structural network results; they are not official factions and do not replace original-setting faction metadata
CN6,cross_department,C-ee1ca4db59c0af39,519,1,0,0.0,0.0,0.0,louvain,intersection_count,100.0,0.0,1.0,20260801,1.0.0,not_used,community labels are structural network results; they are not official factions and do not replace original-setting faction metadata
CN6,cross_department,C-060a11d90842a18b,520,1,0,0.0,0.0,0.0,louvain,intersection_count,100.0,0.0,1.0,20260801,1.0.0,not_used,community labels are structural network results; they are not official factions and do not replace original-setting faction metadata
CN6,cross_department,C-a11e31934e442009,521,1,0,0.0,0.0,0.0,louvain,intersection_count,100.0,0.0,1.0,20260801,1.0.0,not_used,community labels are structural network results; they are not official factions and do not replace original-setting faction metadata
CN6,cross_department,C-4895df4c2b6ee4db,522,1,0,0.0,0.0,0.0,louvain,intersection_count,100.0,0.0,1.0,20260801,1.0.0,not_used,community labels are structural network results; they are not official factions and do not replace original-setting faction metadata
CN6,cross_department,C-6da87f97ada1fbf7,523,1,0,0.0,0.0,0.0,louvain,intersection_count,100.0,0.0,1.0,20260801,1.0.0,not_used,community labels are structural network results; they are not official factions and do not replace original-setting faction metadata
CN6,cross_department,C-1209959d9d1223c9,524,1,0,0.0,0.0,0.0,louvain,intersection_count,100.0,0.0,1.0,20260801,1.0.0,not_used,community labels are structural network results; they are not official factions and do not replace original-setting faction metadata
CN6,cross_department,C-a2d507690a1a12e4,525,1,0,0.0,0.0,0.0,louvain,intersection_count,100.0,0.0,1.0,20260801,1.0.0,not_used,community labels are structural network results; they are not official factions and do not replace original-setting faction metadata
CN6,cross_department,C-d4c0ebfbc2edf29f,526,1,0,0.0,0.0,0.0,louvain,intersection_count,100.0,0.0,1.0,20260801,1.0.0,not_used,community labels are structural network results; they are not official factions and do not replace original-setting faction metadata
CN6,cross_department,C-4bc3a35b0f373eaf,527,1,0,0.0,0.0,0.0,louvain,intersection_count,100.0,0.0,1.0,20260801,1.0.0,not_used,community labels are structural network results; they are not official factions and do not replace original-setting faction metadata
CN6,cross_department,C-3210d402f11eb04a,528,1,0,0.0,0.0,0.0,louvain,intersection_count,100.0,0.0,1.0,20260801,1.0.0,not_used,community labels are structural network results; they are not official factions and do not replace original-setting faction metadata
CN6,cross_department,C-16105c0bb70134db,529,1,0,0.0,0.0,0.0,louvain,intersection_count,100.0,0.0,1.0,20260801,1.0.0,not_used,community labels are structural network results; they are not official factions and do not replace original-setting faction metadata
CN6,cross_department,C-5770bef6ca02a9b0,530,1,0,0.0,0.0,0.0,louvain,intersection_count,100.0,0.0,1.0,20260801,1.0.0,not_used,community labels are structural network results; they are not official factions and do not replace original-setting faction metadata
CN6,cross_department,C-17b2188afb8f5bf6,531,1,0,0.0,0.0,0.0,louvain,intersection_count,100.0,0.0,1.0,20260801,1.0.0,not_used,community labels are structural network results; they are not official factions and do not replace original-setting faction metadata
CN6,cross_department,C-a3efa07d71220247,532,1,0,0.0,0.0,0.0,louvain,intersection_count,100.0,0.0,1.0,20260801,1.0.0,not_used,community labels are structural network results; they are not official factions and do not replace original-setting faction metadata
CN6,cross_department,C-52e6adcb16ff69ec,533,1,0,0.0,0.0,0.0,louvain,intersection_count,100.0,0.0,1.0,20260801,1.0.0,not_used,community labels are structural network results; they are not official factions and do not replace original-setting faction metadata
CN6,cross_department,C-d66ed7fca97d11e8,534,1,0,0.0,0.0,0.0,louvain,intersection_count,100.0,0.0,1.0,20260801,1.0.0,not_used,community labels are structural network results; they are not official factions and do not replace original-setting faction metadata
CN6,cross_department,C-de0689b9dbc9ec74,535,1,0,0.0,0.0,0.0,louvain,intersection_count,100.0,0.0,1.0,20260801,1.0.0,not_used,community labels are structural network results; they are not official factions and do not replace original-setting faction metadata
CN6,cross_department,C-1cebbfb314339d6c,536,1,0,0.0,0.0,0.0,louvain,intersection_count,100.0,0.0,1.0,20260801,1.0.0,not_used,community labels are structural network results; they are not official factions and do not replace original-setting faction metadata
CN6,cross_department,C-7406106edec61e8f,537,1,0,0.0,0.0,0.0,louvain,intersection_count,100.0,0.0,1.0,20260801,1.0.0,not_used,community labels are structural network results; they are not official factions and do not replace original-setting faction metadata
CN6,cross_department,C-7ad45c40a767a189,538,1,0,0.0,0.0,0.0,louvain,intersection_count,100.0,0.0,1.0,20260801,1.0.0,not_used,community labels are structural network results; they are not official factions and do not replace original-setting faction metadata
CN6,cross_department,C-03fe0a3a052259f6,539,1,0,0.0,0.0,0.0,louvain,intersection_count,100.0,0.0,1.0,20260801,1.0.0,not_used,community labels are structural network results; they are not official factions and do not replace original-setting faction metadata
CN6,cross_department,C-1619c1a7b2b3658a,540,1,0,0.0,0.0,0.0,louvain,intersection_count,100.0,0.0,1.0,20260801,1.0.0,not_used,community labels are structural network results; they are not official factions and do not replace original-setting faction metadata
CN6,cross_department,C-6daef8731fd35afb,541,1,0,0.0,0.0,0.0,louvain,intersection_count,100.0,0.0,1.0,20260801,1.0.0,not_used,community labels are structural network results; they are not official factions and do not replace original-setting faction metadata
CN6,cross_department,C-82d7c24cb43d0bad,542,1,0,0.0,0.0,0.0,louvain,intersection_count,100.0,0.0,1.0,20260801,1.0.0,not_used,community labels are structural network results; they are not official factions and do not replace original-setting faction metadata
CN6,cross_department,C-610b68dd8922ca19,543,1,0,0.0,0.0,0.0,louvain,intersection_count,100.0,0.0,1.0,20260801,1.0.0,not_used,community labels are structural network results; they are not official factions and do not replace original-setting faction metadata
CN6,cross_department,C-816127c3ce4f5bce,544,1,0,0.0,0.0,0.0,louvain,intersection_count,100.0,0.0,1.0,20260801,1.0.0,not_used,community labels are structural network results; they are not official factions and do not replace original-setting faction metadata
CN6,cross_department,C-b47bf2c994edd071,545,1,0,0.0,0.0,0.0,louvain,intersection_count,100.0,0.0,1.0,20260801,1.0.0,not_used,community labels are structural network results; they are not official factions and do not replace original-setting faction metadata
CN6,cross_department,C-2bd7c6c57f967026,546,1,0,0.0,0.0,0.0,louvain,intersection_count,100.0,0.0,1.0,20260801,1.0.0,not_used,community labels are structural network results; they are not official factions and do not replace original-setting faction metadata
CN6,cross_department,C-5aa6e0ce0dc3c34b,547,1,0,0.0,0.0,0.0,louvain,intersection_count,100.0,0.0,1.0,20260801,1.0.0,not_used,community labels are structural network results; they are not official factions and do not replace original-setting faction metadata
CN6,cross_department,C-a361e398edc93945,548,1,0,0.0,0.0,0.0,louvain,intersection_count,100.0,0.0,1.0,20260801,1.0.0,not_used,community labels are structural network results; they are not official factions and do not replace original-setting faction metadata
CN6,cross_department,C-42662d66c8829bd7,549,1,0,0.0,0.0,0.0,louvain,intersection_count,100.0,0.0,1.0,20260801,1.0.0,not_used,community labels are structural network results; they are not official factions and do not replace original-setting faction metadata
CN6,cross_department,C-13ad64b6a40786c7,550,1,0,0.0,0.0,0.0,louvain,intersection_count,100.0,0.0,1.0,20260801,1.0.0,not_used,community labels are structural network results; they are not official factions and do not replace original-setting faction metadata
CN6,cross_department,C-5a50d093868d6ba2,551,1,0,0.0,0.0,0.0,louvain,intersection_count,100.0,0.0,1.0,20260801,1.0.0,not_used,community labels are structural network results; they are not official factions and do not replace original-setting faction metadata
CN6,cross_department,C-43a09bdbb6c9d70f,552,1,0,0.0,0.0,0.0,louvain,intersection_count,100.0,0.0,1.0,20260801,1.0.0,not_used,community labels are structural network results; they are not official factions and do not replace original-setting faction metadata
CN6,cross_department,C-704a3184d293e8a1,553,1,0,0.0,0.0,0.0,louvain,intersection_count,100.0,0.0,1.0,20260801,1.0.0,not_used,community labels are structural network results; they are not official factions and do not replace original-setting faction metadata
CN6,cross_department,C-1b306bc225c8a4a1,554,1,0,0.0,0.0,0.0,louvain,intersection_count,100.0,0.0,1.0,20260801,1.0.0,not_used,community labels are structural network results; they are not official factions and do not replace original-setting faction metadata
CN6,cross_department,C-7281fbb58ca1c384,555,1,0,0.0,0.0,0.0,louvain,intersection_count,100.0,0.0,1.0,20260801,1.0.0,not_used,community labels are structural network results; they are not official factions and do not replace original-setting faction metadata
CN6,cross_department,C-8dfa75f5a0100118,556,1,0,0.0,0.0,0.0,louvain,intersection_count,100.0,0.0,1.0,20260801,1.0.0,not_used,community labels are structural network results; they are not official factions and do not replace original-setting faction metadata
CN6,cross_department,C-9e93fa33bf134d38,557,1,0,0.0,0.0,0.0,louvain,intersection_count,100.0,0.0,1.0,20260801,1.0.0,not_used,community labels are structural network results; they are not official factions and do not replace original-setting faction metadata
CN6,cross_department,C-2900cb78ae1086f6,558,1,0,0.0,0.0,0.0,louvain,intersection_count,100.0,0.0,1.0,20260801,1.0.0,not_used,community labels are structural network results; they are not official factions and do not replace original-setting faction metadata
CN6,cross_department,C-e17cdeb2b0353d9a,559,1,0,0.0,0.0,0.0,louvain,intersection_count,100.0,0.0,1.0,20260801,1.0.0,not_used,community labels are structural network results; they are not official factions and do not replace original-setting faction metadata
CN6,cross_department,C-567cd74664bb6474,560,1,0,0.0,0.0,0.0,louvain,intersection_count,100.0,0.0,1.0,20260801,1.0.0,not_used,community labels are structural network results; they are not official factions and do not replace original-setting faction metadata
CN6,cross_department,C-c07abf3ae3ccc155,561,1,0,0.0,0.0,0.0,louvain,intersection_count,100.0,0.0,1.0,20260801,1.0.0,not_used,community labels are structural network results; they are not official factions and do not replace original-setting faction metadata
CN6,cross_department,C-34a9dfc9c072fcff,562,1,0,0.0,0.0,0.0,louvain,intersection_count,100.0,0.0,1.0,20260801,1.0.0,not_used,community labels are structural network results; they are not official factions and do not replace original-setting faction metadata
CN6,cross_department,C-dc2ccda2fd0166ae,563,1,0,0.0,0.0,0.0,louvain,intersection_count,100.0,0.0,1.0,20260801,1.0.0,not_used,community labels are structural network results; they are not official factions and do not replace original-setting faction metadata
CN6,cross_department,C-0f685426d822d743,564,1,0,0.0,0.0,0.0,louvain,intersection_count,100.0,0.0,1.0,20260801,1.0.0,not_used,community labels are structural network results; they are not official factions and do not replace original-setting faction metadata
CN6,cross_department,C-f541a9fb70c75f0c,565,1,0,0.0,0.0,0.0,louvain,intersection_count,100.0,0.0,1.0,20260801,1.0.0,not_used,community labels are structural network results; they are not official factions and do not replace original-setting faction metadata
CN6,cross_department,C-b1aea4a0a6fa6d45,566,1,0,0.0,0.0,0.0,louvain,intersection_count,100.0,0.0,1.0,20260801,1.0.0,not_used,community labels are structural network results; they are not official factions and do not replace original-setting faction metadata
CN6,cross_department,C-769c3ef46062d18a,567,1,0,0.0,0.0,0.0,louvain,intersection_count,100.0,0.0,1.0,20260801,1.0.0,not_used,community labels are structural network results; they are not official factions and do not replace original-setting faction metadata
CN6,cross_department,C-7c04a93dc6a3c700,568,1,0,0.0,0.0,0.0,louvain,intersection_count,100.0,0.0,1.0,20260801,1.0.0,not_used,community labels are structural network results; they are not official factions and do not replace original-setting faction metadata
CN6,cross_department,C-adf15f3b4d5cb17e,569,1,0,0.0,0.0,0.0,louvain,intersection_count,100.0,0.0,1.0,20260801,1.0.0,not_used,community labels are structural network results; they are not official factions and do not replace original-setting faction metadata
CN6,cross_department,C-1750569bf9b669ee,570,1,0,0.0,0.0,0.0,louvain,intersection_count,100.0,0.0,1.0,20260801,1.0.0,not_used,community labels are structural network results; they are not official factions and do not replace original-setting faction metadata
CN6,cross_department,C-85e9f12791439465,571,1,0,0.0,0.0,0.0,louvain,intersection_count,100.0,0.0,1.0,20260801,1.0.0,not_used,community labels are structural network results; they are not official factions and do not replace original-setting faction metadata
CN6,cross_department,C-144382968e2c11ea,572,1,0,0.0,0.0,0.0,louvain,intersection_count,100.0,0.0,1.0,20260801,1.0.0,not_used,community labels are structural network results; they are not official factions and do not replace original-setting faction metadata
CN6,cross_department,C-e83ba6018d8074a9,573,1,0,0.0,0.0,0.0,louvain,intersection_count,100.0,0.0,1.0,20260801,1.0.0,not_used,community labels are structural network results; they are not official factions and do not replace original-setting faction metadata
CN6,cross_department,C-ff80010b1ebbcaab,574,1,0,0.0,0.0,0.0,louvain,intersection_count,100.0,0.0,1.0,20260801,1.0.0,not_used,community labels are structural network results; they are not official factions and do not replace original-setting faction metadata
CN6,cross_department,C-c834b518c891402d,575,1,0,0.0,0.0,0.0,louvain,intersection_count,100.0,0.0,1.0,20260801,1.0.0,not_used,community labels are structural network results; they are not official factions and do not replace original-setting faction metadata
CN6,cross_department,C-36f4445d31389b03,576,1,0,0.0,0.0,0.0,louvain,intersection_count,100.0,0.0,1.0,20260801,1.0.0,not_used,community labels are structural network results; they are not official factions and do not replace original-setting faction metadata
CN6,cross_department,C-ea53343515b50a4b,577,1,0,0.0,0.0,0.0,louvain,intersection_count,100.0,0.0,1.0,20260801,1.0.0,not_used,community labels are structural network results; they are not official factions and do not replace original-setting faction metadata
CN6,cross_department,C-6645b78524136aa2,578,1,0,0.0,0.0,0.0,louvain,intersection_count,100.0,0.0,1.0,20260801,1.0.0,not_used,community labels are structural network results; they are not official factions and do not replace original-setting faction metadata
CN6,cross_department,C-6d83303bb47d1b9e,579,1,0,0.0,0.0,0.0,louvain,intersection_count,100.0,0.0,1.0,20260801,1.0.0,not_used,community labels are structural network results; they are not official factions and do not replace original-setting faction metadata
CN6,cross_department,C-eb09972b7ce285a5,580,1,0,0.0,0.0,0.0,louvain,intersection_count,100.0,0.0,1.0,20260801,1.0.0,not_used,community labels are structural network results; they are not official factions and do not replace original-setting faction metadata
CN6,cross_department,C-f0c7c18d5564d71b,581,1,0,0.0,0.0,0.0,louvain,intersection_count,100.0,0.0,1.0,20260801,1.0.0,not_used,community labels are structural network results; they are not official factions and do not replace original-setting faction metadata
CN6,cross_department,C-0e6e754c83078920,582,1,0,0.0,0.0,0.0,louvain,intersection_count,100.0,0.0,1.0,20260801,1.0.0,not_used,community labels are structural network results; they are not official factions and do not replace original-setting faction metadata
CN6,cross_department,C-3ad95d0a9d105bf5,583,1,0,0.0,0.0,0.0,louvain,intersection_count,100.0,0.0,1.0,20260801,1.0.0,not_used,community labels are structural network results; they are not official factions and do not replace original-setting faction metadata
CN6,cross_department,C-9707951dc68c07e2,584,1,0,0.0,0.0,0.0,louvain,intersection_count,100.0,0.0,1.0,20260801,1.0.0,not_used,community labels are structural network results; they are not official factions and do not replace original-setting faction metadata
CN6,cross_department,C-6e99c28ecc6c8095,585,1,0,0.0,0.0,0.0,louvain,intersection_count,100.0,0.0,1.0,20260801,1.0.0,not_used,community labels are structural network results; they are not official factions and do not replace original-setting faction metadata
CN6,cross_department,C-d354eee8d57bb97e,586,1,0,0.0,0.0,0.0,louvain,intersection_count,100.0,0.0,1.0,20260801,1.0.0,not_used,community labels are structural network results; they are not official factions and do not replace original-setting faction metadata
CN6,cross_department,C-9e59a964850b9a96,587,1,0,0.0,0.0,0.0,louvain,intersection_count,100.0,0.0,1.0,20260801,1.0.0,not_used,community labels are structural network results; they are not official factions and do not replace original-setting faction metadata
CN6,cross_department,C-8ff0f98d0bfc41f2,588,1,0,0.0,0.0,0.0,louvain,intersection_count,100.0,0.0,1.0,20260801,1.0.0,not_used,community labels are structural network results; they are not official factions and do not replace original-setting faction metadata
CN6,cross_department,C-fb23f91e01b5b8ca,589,1,0,0.0,0.0,0.0,louvain,intersection_count,100.0,0.0,1.0,20260801,1.0.0,not_used,community labels are structural network results; they are not official factions and do not replace original-setting faction metadata
CN6,cross_department,C-2158021d116b1dd3,590,1,0,0.0,0.0,0.0,louvain,intersection_count,100.0,0.0,1.0,20260801,1.0.0,not_used,community labels are structural network results; they are not official factions and do not replace original-setting faction metadata
CN6,cross_department,C-7d678937b9e6c00a,591,1,0,0.0,0.0,0.0,louvain,intersection_count,100.0,0.0,1.0,20260801,1.0.0,not_used,community labels are structural network results; they are not official factions and do not replace original-setting faction metadata
CN6,cross_department,C-1c14d236dcf6e42b,592,1,0,0.0,0.0,0.0,louvain,intersection_count,100.0,0.0,1.0,20260801,1.0.0,not_used,community labels are structural network results; they are not official factions and do not replace original-setting faction metadata
CN6,cross_department,C-3ed1ee90a5552c72,593,1,0,0.0,0.0,0.0,louvain,intersection_count,100.0,0.0,1.0,20260801,1.0.0,not_used,community labels are structural network results; they are not official factions and do not replace original-setting faction metadata
CN6,cross_department,C-7d9af761aa1bf5ee,594,1,0,0.0,0.0,0.0,louvain,intersection_count,100.0,0.0,1.0,20260801,1.0.0,not_used,community labels are structural network results; they are not official factions and do not replace original-setting faction metadata
CN6,cross_department,C-0bdd3b8bfda7e789,595,1,0,0.0,0.0,0.0,louvain,intersection_count,100.0,0.0,1.0,20260801,1.0.0,not_used,community labels are structural network results; they are not official factions and do not replace original-setting faction metadata
CN6,cross_department,C-eaa63f4cfc48288a,596,1,0,0.0,0.0,0.0,louvain,intersection_count,100.0,0.0,1.0,20260801,1.0.0,not_used,community labels are structural network results; they are not official factions and do not replace original-setting faction metadata
CN6,cross_department,C-442fb240427cbf7f,597,1,0,0.0,0.0,0.0,louvain,intersection_count,100.0,0.0,1.0,20260801,1.0.0,not_used,community labels are structural network results; they are not official factions and do not replace original-setting faction metadata
CN6,cross_department,C-96f8c8a6e4b7489a,598,1,0,0.0,0.0,0.0,louvain,intersection_count,100.0,0.0,1.0,20260801,1.0.0,not_used,community labels are structural network results; they are not official factions and do not replace original-setting faction metadata
CN6,cross_department,C-5985f2d9bdea2bd0,599,1,0,0.0,0.0,0.0,louvain,intersection_count,100.0,0.0,1.0,20260801,1.0.0,not_used,community labels are structural network results; they are not official factions and do not replace original-setting faction metadata
CN6,cross_department,C-db6e1d9b5406bd5a,600,1,0,0.0,0.0,0.0,louvain,intersection_count,100.0,0.0,1.0,20260801,1.0.0,not_used,community labels are structural network results; they are not official factions and do not replace original-setting faction metadata
CN6,cross_department,C-297247ed8099254c,601,1,0,0.0,0.0,0.0,louvain,intersection_count,100.0,0.0,1.0,20260801,1.0.0,not_used,community labels are structural network results; they are not official factions and do not replace original-setting faction metadata
CN6,cross_department,C-46e8a900a65e63a3,602,1,0,0.0,0.0,0.0,louvain,intersection_count,100.0,0.0,1.0,20260801,1.0.0,not_used,community labels are structural network results; they are not official factions and do not replace original-setting faction metadata
CN6,cross_department,C-d793b7dc5970b3e4,603,1,0,0.0,0.0,0.0,louvain,intersection_count,100.0,0.0,1.0,20260801,1.0.0,not_used,community labels are structural network results; they are not official factions and do not replace original-setting faction metadata
CN6,cross_department,C-28839843e331d0fd,604,1,0,0.0,0.0,0.0,louvain,intersection_count,100.0,0.0,1.0,20260801,1.0.0,not_used,community labels are structural network results; they are not official factions and do not replace original-setting faction metadata
CN6,cross_department,C-14f6f4c2a82307e0,605,1,0,0.0,0.0,0.0,louvain,intersection_count,100.0,0.0,1.0,20260801,1.0.0,not_used,community labels are structural network results; they are not official factions and do not replace original-setting faction metadata
CN6,cross_department,C-37b4267032beb1cd,606,1,0,0.0,0.0,0.0,louvain,intersection_count,100.0,0.0,1.0,20260801,1.0.0,not_used,community labels are structural network results; they are not official factions and do not replace original-setting faction metadata
CN6,cross_department,C-570fa049da9018a3,607,1,0,0.0,0.0,0.0,louvain,intersection_count,100.0,0.0,1.0,20260801,1.0.0,not_used,community labels are structural network results; they are not official factions and do not replace original-setting faction metadata
CN6,cross_department,C-31284c69908de282,608,1,0,0.0,0.0,0.0,louvain,intersection_count,100.0,0.0,1.0,20260801,1.0.0,not_used,community labels are structural network results; they are not official factions and do not replace original-setting faction metadata
CN6,cross_department,C-fd05e806f2cfb194,609,1,0,0.0,0.0,0.0,louvain,intersection_count,100.0,0.0,1.0,20260801,1.0.0,not_used,community labels are structural network results; they are not official factions and do not replace original-setting faction metadata
CN6,cross_department,C-6d64739edf216bc6,610,1,0,0.0,0.0,0.0,louvain,intersection_count,100.0,0.0,1.0,20260801,1.0.0,not_used,community labels are structural network results; they are not official factions and do not replace original-setting faction metadata
CN6,cross_department,C-31da301f073357d7,611,1,0,0.0,0.0,0.0,louvain,intersection_count,100.0,0.0,1.0,20260801,1.0.0,not_used,community labels are structural network results; they are not official factions and do not replace original-setting faction metadata
CN6,cross_department,C-124e37ea0c8d241d,612,1,0,0.0,0.0,0.0,louvain,intersection_count,100.0,0.0,1.0,20260801,1.0.0,not_used,community labels are structural network results; they are not official factions and do not replace original-setting faction metadata
CN6,cross_department,C-fa0a884d2537603b,613,1,0,0.0,0.0,0.0,louvain,intersection_count,100.0,0.0,1.0,20260801,1.0.0,not_used,community labels are structural network results; they are not official factions and do not replace original-setting faction metadata
CN6,cross_department,C-5ac946de41297ec1,614,1,0,0.0,0.0,0.0,louvain,intersection_count,100.0,0.0,1.0,20260801,1.0.0,not_used,community labels are structural network results; they are not official factions and do not replace original-setting faction metadata
CN6,cross_department,C-4a554c8961694855,615,1,0,0.0,0.0,0.0,louvain,intersection_count,100.0,0.0,1.0,20260801,1.0.0,not_used,community labels are structural network results; they are not official factions and do not replace original-setting faction metadata
CN6,cross_department,C-b874ae8937b78e49,616,1,0,0.0,0.0,0.0,louvain,intersection_count,100.0,0.0,1.0,20260801,1.0.0,not_used,community labels are structural network results; they are not official factions and do not replace original-setting faction metadata
CN6,cross_department,C-f8e777f9a77ad3c1,617,1,0,0.0,0.0,0.0,louvain,intersection_count,100.0,0.0,1.0,20260801,1.0.0,not_used,community labels are structural network results; they are not official factions and do not replace original-setting faction metadata
CN6,cross_department,C-2e8ac7ad0ce3ac7b,618,1,0,0.0,0.0,0.0,louvain,intersection_count,100.0,0.0,1.0,20260801,1.0.0,not_used,community labels are structural network results; they are not official factions and do not replace original-setting faction metadata
CN6,cross_department,C-ff6a41aeff75f4b1,619,1,0,0.0,0.0,0.0,louvain,intersection_count,100.0,0.0,1.0,20260801,1.0.0,not_used,community labels are structural network results; they are not official factions and do not replace original-setting faction metadata
CN6,cross_department,C-8c4d5887c06046e6,620,1,0,0.0,0.0,0.0,louvain,intersection_count,100.0,0.0,1.0,20260801,1.0.0,not_used,community labels are structural network results; they are not official factions and do not replace original-setting faction metadata
CN6,cross_department,C-5092cf66e0831e20,621,1,0,0.0,0.0,0.0,louvain,intersection_count,100.0,0.0,1.0,20260801,1.0.0,not_used,community labels are structural network results; they are not official factions and do not replace original-setting faction metadata
CN6,cross_department,C-7d8578b76030b6fe,622,1,0,0.0,0.0,0.0,louvain,intersection_count,100.0,0.0,1.0,20260801,1.0.0,not_used,community labels are structural network results; they are not official factions and do not replace original-setting faction metadata
CN6,cross_department,C-0a265c91ca916104,623,1,0,0.0,0.0,0.0,louvain,intersection_count,100.0,0.0,1.0,20260801,1.0.0,not_used,community labels are structural network results; they are not official factions and do not replace original-setting faction metadata
CN6,cross_department,C-df683a06958fc991,624,1,0,0.0,0.0,0.0,louvain,intersection_count,100.0,0.0,1.0,20260801,1.0.0,not_used,community labels are structural network results; they are not official factions and do not replace original-setting faction metadata
CN6,cross_department,C-474ea691324351bc,625,1,0,0.0,0.0,0.0,louvain,intersection_count,100.0,0.0,1.0,20260801,1.0.0,not_used,community labels are structural network results; they are not official factions and do not replace original-setting faction metadata
CN6,cross_department,C-738e3d253576bf12,626,1,0,0.0,0.0,0.0,louvain,intersection_count,100.0,0.0,1.0,20260801,1.0.0,not_used,community labels are structural network results; they are not official factions and do not replace original-setting faction metadata
CN6,cross_department,C-4333d7ffd1309416,627,1,0,0.0,0.0,0.0,louvain,intersection_count,100.0,0.0,1.0,20260801,1.0.0,not_used,community labels are structural network results; they are not official factions and do not replace original-setting faction metadata
CN6,cross_department,C-9577ebdc7d29a973,628,1,0,0.0,0.0,0.0,louvain,intersection_count,100.0,0.0,1.0,20260801,1.0.0,not_used,community labels are structural network results; they are not official factions and do not replace original-setting faction metadata
CN6,cross_department,C-1d06ae0da3af9670,629,1,0,0.0,0.0,0.0,louvain,intersection_count,100.0,0.0,1.0,20260801,1.0.0,not_used,community labels are structural network results; they are not official factions and do not replace original-setting faction metadata
CN6,cross_department,C-e47502a381dbcadf,630,1,0,0.0,0.0,0.0,louvain,intersection_count,100.0,0.0,1.0,20260801,1.0.0,not_used,community labels are structural network results; they are not official factions and do not replace original-setting faction metadata
CN6,cross_department,C-afd53efa7ec43831,631,1,0,0.0,0.0,0.0,louvain,intersection_count,100.0,0.0,1.0,20260801,1.0.0,not_used,community labels are structural network results; they are not official factions and do not replace original-setting faction metadata
CN6,cross_department,C-ff658771ba81ed6b,632,1,0,0.0,0.0,0.0,louvain,intersection_count,100.0,0.0,1.0,20260801,1.0.0,not_used,community labels are structural network results; they are not official factions and do not replace original-setting faction metadata
CN6,cross_department,C-fd5a4b22c23b3f52,633,1,0,0.0,0.0,0.0,louvain,intersection_count,100.0,0.0,1.0,20260801,1.0.0,not_used,community labels are structural network results; they are not official factions and do not replace original-setting faction metadata
CN6,cross_department,C-c948324dc1ee4997,634,1,0,0.0,0.0,0.0,louvain,intersection_count,100.0,0.0,1.0,20260801,1.0.0,not_used,community labels are structural network results; they are not official factions and do not replace original-setting faction metadata
CN6,cross_department,C-339437a46f53fcc7,635,1,0,0.0,0.0,0.0,louvain,intersection_count,100.0,0.0,1.0,20260801,1.0.0,not_used,community labels are structural network results; they are not official factions and do not replace original-setting faction metadata
CN6,cross_department,C-fda68f51692b446f,636,1,0,0.0,0.0,0.0,louvain,intersection_count,100.0,0.0,1.0,20260801,1.0.0,not_used,community labels are structural network results; they are not official factions and do not replace original-setting faction metadata
CN6,cross_department,C-eecdfc8808b23960,637,1,0,0.0,0.0,0.0,louvain,intersection_count,100.0,0.0,1.0,20260801,1.0.0,not_used,community labels are structural network results; they are not official factions and do not replace original-setting faction metadata
CN6,cross_department,C-eca5a35804696d70,638,1,0,0.0,0.0,0.0,louvain,intersection_count,100.0,0.0,1.0,20260801,1.0.0,not_used,community labels are structural network results; they are not official factions and do not replace original-setting faction metadata
CN6,cross_department,C-cf165544eb9357b8,639,1,0,0.0,0.0,0.0,louvain,intersection_count,100.0,0.0,1.0,20260801,1.0.0,not_used,community labels are structural network results; they are not official factions and do not replace original-setting faction metadata
CN6,cross_department,C-47c582517ddaafba,640,1,0,0.0,0.0,0.0,louvain,intersection_count,100.0,0.0,1.0,20260801,1.0.0,not_used,community labels are structural network results; they are not official factions and do not replace original-setting faction metadata
CN6,cross_department,C-710d760f2c81cf22,641,1,0,0.0,0.0,0.0,louvain,intersection_count,100.0,0.0,1.0,20260801,1.0.0,not_used,community labels are structural network results; they are not official factions and do not replace original-setting faction metadata
CN6,cross_department,C-9938af4f9e7aec7e,642,1,0,0.0,0.0,0.0,louvain,intersection_count,100.0,0.0,1.0,20260801,1.0.0,not_used,community labels are structural network results; they are not official factions and do not replace original-setting faction metadata
CN6,cross_department,C-8381f5c54a1a9ad7,643,1,0,0.0,0.0,0.0,louvain,intersection_count,100.0,0.0,1.0,20260801,1.0.0,not_used,community labels are structural network results; they are not official factions and do not replace original-setting faction metadata
CN6,cross_department,C-f0602595c5620d69,644,1,0,0.0,0.0,0.0,louvain,intersection_count,100.0,0.0,1.0,20260801,1.0.0,not_used,community labels are structural network results; they are not official factions and do not replace original-setting faction metadata
CN6,cross_department,C-e50c67a1869093fc,645,1,0,0.0,0.0,0.0,louvain,intersection_count,100.0,0.0,1.0,20260801,1.0.0,not_used,community labels are structural network results; they are not official factions and do not replace original-setting faction metadata
CN6,cross_department,C-1d6302926ce2dbd4,646,1,0,0.0,0.0,0.0,louvain,intersection_count,100.0,0.0,1.0,20260801,1.0.0,not_used,community labels are structural network results; they are not official factions and do not replace original-setting faction metadata
CN6,cross_department,C-84b02ac00b48c81f,647,1,0,0.0,0.0,0.0,louvain,intersection_count,100.0,0.0,1.0,20260801,1.0.0,not_used,community labels are structural network results; they are not official factions and do not replace original-setting faction metadata
CN6,cross_department,C-7ad502fa281f7ee4,648,1,0,0.0,0.0,0.0,louvain,intersection_count,100.0,0.0,1.0,20260801,1.0.0,not_used,community labels are structural network results; they are not official factions and do not replace original-setting faction metadata
CN6,cross_department,C-403006c69921aa8f,649,1,0,0.0,0.0,0.0,louvain,intersection_count,100.0,0.0,1.0,20260801,1.0.0,not_used,community labels are structural network results; they are not official factions and do not replace original-setting faction metadata
CN6,cross_department,C-263b6706b403b6ed,650,1,0,0.0,0.0,0.0,louvain,intersection_count,100.0,0.0,1.0,20260801,1.0.0,not_used,community labels are structural network results; they are not official factions and do not replace original-setting faction metadata
CN6,cross_department,C-03a702ed087ac213,651,1,0,0.0,0.0,0.0,louvain,intersection_count,100.0,0.0,1.0,20260801,1.0.0,not_used,community labels are structural network results; they are not official factions and do not replace original-setting faction metadata
CN6,cross_department,C-da83357754b3dbf2,652,1,0,0.0,0.0,0.0,louvain,intersection_count,100.0,0.0,1.0,20260801,1.0.0,not_used,community labels are structural network results; they are not official factions and do not replace original-setting faction metadata
CN6,cross_department,C-6ab85c4f7b4178e0,653,1,0,0.0,0.0,0.0,louvain,intersection_count,100.0,0.0,1.0,20260801,1.0.0,not_used,community labels are structural network results; they are not official factions and do not replace original-setting faction metadata
CN6,cross_department,C-a51172b287a91fb4,654,1,0,0.0,0.0,0.0,louvain,intersection_count,100.0,0.0,1.0,20260801,1.0.0,not_used,community labels are structural network results; they are not official factions and do not replace original-setting faction metadata
CN6,cross_department,C-8d15bb6c43bfe78d,655,1,0,0.0,0.0,0.0,louvain,intersection_count,100.0,0.0,1.0,20260801,1.0.0,not_used,community labels are structural network results; they are not official factions and do not replace original-setting faction metadata
CN6,cross_department,C-5a637d7fa4b0912e,656,1,0,0.0,0.0,0.0,louvain,intersection_count,100.0,0.0,1.0,20260801,1.0.0,not_used,community labels are structural network results; they are not official factions and do not replace original-setting faction metadata
CN6,cross_department,C-9e65742ed641e946,657,1,0,0.0,0.0,0.0,louvain,intersection_count,100.0,0.0,1.0,20260801,1.0.0,not_used,community labels are structural network results; they are not official factions and do not replace original-setting faction metadata
CN6,cross_department,C-3a082dcbb4d9143b,658,1,0,0.0,0.0,0.0,louvain,intersection_count,100.0,0.0,1.0,20260801,1.0.0,not_used,community labels are structural network results; they are not official factions and do not replace original-setting faction metadata
CN6,cross_department,C-61456463e48f3fdc,659,1,0,0.0,0.0,0.0,louvain,intersection_count,100.0,0.0,1.0,20260801,1.0.0,not_used,community labels are structural network results; they are not official factions and do not replace original-setting faction metadata
CN6,cross_department,C-2cc9d0ef4bce12d1,660,1,0,0.0,0.0,0.0,louvain,intersection_count,100.0,0.0,1.0,20260801,1.0.0,not_used,community labels are structural network results; they are not official factions and do not replace original-setting faction metadata
CN6,cross_department,C-9fd9432e01e3a6c1,661,1,0,0.0,0.0,0.0,louvain,intersection_count,100.0,0.0,1.0,20260801,1.0.0,not_used,community labels are structural network results; they are not official factions and do not replace original-setting faction metadata
CN6,cross_department,C-64ac68a0730f3bfd,662,1,0,0.0,0.0,0.0,louvain,intersection_count,100.0,0.0,1.0,20260801,1.0.0,not_used,community labels are structural network results; they are not official factions and do not replace original-setting faction metadata
CN6,cross_department,C-37680491360d57af,663,1,0,0.0,0.0,0.0,louvain,intersection_count,100.0,0.0,1.0,20260801,1.0.0,not_used,community labels are structural network results; they are not official factions and do not replace original-setting faction metadata
CN6,cross_department,C-cb305cdd5306d070,664,1,0,0.0,0.0,0.0,louvain,intersection_count,100.0,0.0,1.0,20260801,1.0.0,not_used,community labels are structural network results; they are not official factions and do not replace original-setting faction metadata
CN6,cross_department,C-b1571c23354bddce,665,1,0,0.0,0.0,0.0,louvain,intersection_count,100.0,0.0,1.0,20260801,1.0.0,not_used,community labels are structural network results; they are not official factions and do not replace original-setting faction metadata
CN6,cross_department,C-c59d91cf0197928d,666,1,0,0.0,0.0,0.0,louvain,intersection_count,100.0,0.0,1.0,20260801,1.0.0,not_used,community labels are structural network results; they are not official factions and do not replace original-setting faction metadata
CN6,cross_department,C-626864b7c32faf6d,667,1,0,0.0,0.0,0.0,louvain,intersection_count,100.0,0.0,1.0,20260801,1.0.0,not_used,community labels are structural network results; they are not official factions and do not replace original-setting faction metadata
CN6,cross_department,C-7fe2c78c5e7f534d,668,1,0,0.0,0.0,0.0,louvain,intersection_count,100.0,0.0,1.0,20260801,1.0.0,not_used,community labels are structural network results; they are not official factions and do not replace original-setting faction metadata
CN6,cross_department,C-a2cbd6ac45bcd08e,669,1,0,0.0,0.0,0.0,louvain,intersection_count,100.0,0.0,1.0,20260801,1.0.0,not_used,community labels are structural network results; they are not official factions and do not replace original-setting faction metadata
CN6,cross_department,C-c005015ecdeab154,670,1,0,0.0,0.0,0.0,louvain,intersection_count,100.0,0.0,1.0,20260801,1.0.0,not_used,community labels are structural network results; they are not official factions and do not replace original-setting faction metadata
CN6,cross_department,C-3c383a6317f7eba0,671,1,0,0.0,0.0,0.0,louvain,intersection_count,100.0,0.0,1.0,20260801,1.0.0,not_used,community labels are structural network results; they are not official factions and do not replace original-setting faction metadata
CN6,cross_department,C-023408f67331ddb3,672,1,0,0.0,0.0,0.0,louvain,intersection_count,100.0,0.0,1.0,20260801,1.0.0,not_used,community labels are structural network results; they are not official factions and do not replace original-setting faction metadata
CN6,cross_department,C-a519ef041a6bf2f6,673,1,0,0.0,0.0,0.0,louvain,intersection_count,100.0,0.0,1.0,20260801,1.0.0,not_used,community labels are structural network results; they are not official factions and do not replace original-setting faction metadata
CN6,cross_department,C-7a3028494624c0c3,674,1,0,0.0,0.0,0.0,louvain,intersection_count,100.0,0.0,1.0,20260801,1.0.0,not_used,community labels are structural network results; they are not official factions and do not replace original-setting faction metadata
CN6,cross_department,C-3edb5da68a879475,675,1,0,0.0,0.0,0.0,louvain,intersection_count,100.0,0.0,1.0,20260801,1.0.0,not_used,community labels are structural network results; they are not official factions and do not replace original-setting faction metadata
CN6,cross_department,C-5ee77cba8fd833db,676,1,0,0.0,0.0,0.0,louvain,intersection_count,100.0,0.0,1.0,20260801,1.0.0,not_used,community labels are structural network results; they are not official factions and do not replace original-setting faction metadata
CN6,cross_department,C-894e0986272d7d5c,677,1,0,0.0,0.0,0.0,louvain,intersection_count,100.0,0.0,1.0,20260801,1.0.0,not_used,community labels are structural network results; they are not official factions and do not replace original-setting faction metadata
CN6,cross_department,C-6e36b319cbb28ba2,678,1,0,0.0,0.0,0.0,louvain,intersection_count,100.0,0.0,1.0,20260801,1.0.0,not_used,community labels are structural network results; they are not official factions and do not replace original-setting faction metadata
CN6,cross_department,C-ab3fd2f7e88df44e,679,1,0,0.0,0.0,0.0,louvain,intersection_count,100.0,0.0,1.0,20260801,1.0.0,not_used,community labels are structural network results; they are not official factions and do not replace original-setting faction metadata
CN6,cross_department,C-1995844ccf0e5c66,680,1,0,0.0,0.0,0.0,louvain,intersection_count,100.0,0.0,1.0,20260801,1.0.0,not_used,community labels are structural network results; they are not official factions and do not replace original-setting faction metadata
CN6,cross_department,C-d1baa2fdd0a082bd,681,1,0,0.0,0.0,0.0,louvain,intersection_count,100.0,0.0,1.0,20260801,1.0.0,not_used,community labels are structural network results; they are not official factions and do not replace original-setting faction metadata
CN6,cross_department,C-482c2972938003b3,682,1,0,0.0,0.0,0.0,louvain,intersection_count,100.0,0.0,1.0,20260801,1.0.0,not_used,community labels are structural network results; they are not official factions and do not replace original-setting faction metadata
CN6,cross_department,C-b6d7535e49e71f2d,683,1,0,0.0,0.0,0.0,louvain,intersection_count,100.0,0.0,1.0,20260801,1.0.0,not_used,community labels are structural network results; they are not official factions and do not replace original-setting faction metadata
CN6,cross_department,C-2f8dbd23d850473c,684,1,0,0.0,0.0,0.0,louvain,intersection_count,100.0,0.0,1.0,20260801,1.0.0,not_used,community labels are structural network results; they are not official factions and do not replace original-setting faction metadata
CN6,cross_department,C-6dc06417dc4f710d,685,1,0,0.0,0.0,0.0,louvain,intersection_count,100.0,0.0,1.0,20260801,1.0.0,not_used,community labels are structural network results; they are not official factions and do not replace original-setting faction metadata
CN6,cross_department,C-3932c6089a044e21,686,1,0,0.0,0.0,0.0,louvain,intersection_count,100.0,0.0,1.0,20260801,1.0.0,not_used,community labels are structural network results; they are not official factions and do not replace original-setting faction metadata
CN6,cross_department,C-e9e9e1d4b3ceb3ae,687,1,0,0.0,0.0,0.0,louvain,intersection_count,100.0,0.0,1.0,20260801,1.0.0,not_used,community labels are structural network results; they are not official factions and do not replace original-setting faction metadata
CN6,cross_department,C-95291f4da2c3efb4,688,1,0,0.0,0.0,0.0,louvain,intersection_count,100.0,0.0,1.0,20260801,1.0.0,not_used,community labels are structural network results; they are not official factions and do not replace original-setting faction metadata
CN6,cross_department,C-13241ed2821b7c95,689,1,0,0.0,0.0,0.0,louvain,intersection_count,100.0,0.0,1.0,20260801,1.0.0,not_used,community labels are structural network results; they are not official factions and do not replace original-setting faction metadata
CN6,cross_department,C-7de0eb7cff2aa326,690,1,0,0.0,0.0,0.0,louvain,intersection_count,100.0,0.0,1.0,20260801,1.0.0,not_used,community labels are structural network results; they are not official factions and do not replace original-setting faction metadata
CN6,cross_department,C-f7abe78511c165d3,691,1,0,0.0,0.0,0.0,louvain,intersection_count,100.0,0.0,1.0,20260801,1.0.0,not_used,community labels are structural network results; they are not official factions and do not replace original-setting faction metadata
CN6,cross_department,C-8f456df2efa759b1,692,1,0,0.0,0.0,0.0,louvain,intersection_count,100.0,0.0,1.0,20260801,1.0.0,not_used,community labels are structural network results; they are not official factions and do not replace original-setting faction metadata
CN6,cross_department,C-01f81b1f317a9fbb,693,1,0,0.0,0.0,0.0,louvain,intersection_count,100.0,0.0,1.0,20260801,1.0.0,not_used,community labels are structural network results; they are not official factions and do not replace original-setting faction metadata
CN6,cross_department,C-8bdd4127b51c738b,694,1,0,0.0,0.0,0.0,louvain,intersection_count,100.0,0.0,1.0,20260801,1.0.0,not_used,community labels are structural network results; they are not official factions and do not replace original-setting faction metadata
CN6,cross_department,C-e51f9b9a2c402a1f,695,1,0,0.0,0.0,0.0,louvain,intersection_count,100.0,0.0,1.0,20260801,1.0.0,not_used,community labels are structural network results; they are not official factions and do not replace original-setting faction metadata
CN6,cross_department,C-c4afd32a4d1ca446,696,1,0,0.0,0.0,0.0,louvain,intersection_count,100.0,0.0,1.0,20260801,1.0.0,not_used,community labels are structural network results; they are not official factions and do not replace original-setting faction metadata
CN6,cross_department,C-f2320f2c903d9801,697,1,0,0.0,0.0,0.0,louvain,intersection_count,100.0,0.0,1.0,20260801,1.0.0,not_used,community labels are structural network results; they are not official factions and do not replace original-setting faction metadata
CN6,cross_department,C-88accfcd31720167,698,1,0,0.0,0.0,0.0,louvain,intersection_count,100.0,0.0,1.0,20260801,1.0.0,not_used,community labels are structural network results; they are not official factions and do not replace original-setting faction metadata
CN6,cross_department,C-9fa5b7da1fb775f5,699,1,0,0.0,0.0,0.0,louvain,intersection_count,100.0,0.0,1.0,20260801,1.0.0,not_used,community labels are structural network results; they are not official factions and do not replace original-setting faction metadata
CN6,cross_department,C-bddc4f9e68147ee9,700,1,0,0.0,0.0,0.0,louvain,intersection_count,100.0,0.0,1.0,20260801,1.0.0,not_used,community labels are structural network results; they are not official factions and do not replace original-setting faction metadata
CN6,cross_department,C-c3fe841744597369,701,1,0,0.0,0.0,0.0,louvain,intersection_count,100.0,0.0,1.0,20260801,1.0.0,not_used,community labels are structural network results; they are not official factions and do not replace original-setting faction metadata
CN6,cross_department,C-e5c8bc5ddb6fde69,702,1,0,0.0,0.0,0.0,louvain,intersection_count,100.0,0.0,1.0,20260801,1.0.0,not_used,community labels are structural network results; they are not official factions and do not replace original-setting faction metadata
CN6,cross_department,C-0fafbadfbb18c1ac,703,1,0,0.0,0.0,0.0,louvain,intersection_count,100.0,0.0,1.0,20260801,1.0.0,not_used,community labels are structural network results; they are not official factions and do not replace original-setting faction metadata
CN6,cross_department,C-c6afb77b3b5e478f,704,1,0,0.0,0.0,0.0,louvain,intersection_count,100.0,0.0,1.0,20260801,1.0.0,not_used,community labels are structural network results; they are not official factions and do not replace original-setting faction metadata
CN6,cross_department,C-a6f17c14f0fce3e4,705,1,0,0.0,0.0,0.0,louvain,intersection_count,100.0,0.0,1.0,20260801,1.0.0,not_used,community labels are structural network results; they are not official factions and do not replace original-setting faction metadata
CN6,cross_department,C-c74c266b60ffba3b,706,1,0,0.0,0.0,0.0,louvain,intersection_count,100.0,0.0,1.0,20260801,1.0.0,not_used,community labels are structural network results; they are not official factions and do not replace original-setting faction metadata
CN6,cross_department,C-472a5b7d1132ca96,707,1,0,0.0,0.0,0.0,louvain,intersection_count,100.0,0.0,1.0,20260801,1.0.0,not_used,community labels are structural network results; they are not official factions and do not replace original-setting faction metadata
CN6,cross_department,C-7c0310219a6fea98,708,1,0,0.0,0.0,0.0,louvain,intersection_count,100.0,0.0,1.0,20260801,1.0.0,not_used,community labels are structural network results; they are not official factions and do not replace original-setting faction metadata
CN6,cross_department,C-4289eb7598eff7e6,709,1,0,0.0,0.0,0.0,louvain,intersection_count,100.0,0.0,1.0,20260801,1.0.0,not_used,community labels are structural network results; they are not official factions and do not replace original-setting faction metadata
CN6,cross_department,C-3c0e9be159554282,710,1,0,0.0,0.0,0.0,louvain,intersection_count,100.0,0.0,1.0,20260801,1.0.0,not_used,community labels are structural network results; they are not official factions and do not replace original-setting faction metadata
CN6,cross_department,C-4fdb7e1909b6a558,711,1,0,0.0,0.0,0.0,louvain,intersection_count,100.0,0.0,1.0,20260801,1.0.0,not_used,community labels are structural network results; they are not official factions and do not replace original-setting faction metadata
CN6,cross_department,C-fb8f9d3191a838f7,712,1,0,0.0,0.0,0.0,louvain,intersection_count,100.0,0.0,1.0,20260801,1.0.0,not_used,community labels are structural network results; they are not official factions and do not replace original-setting faction metadata
CN6,cross_department,C-f93692f823645a15,713,1,0,0.0,0.0,0.0,louvain,intersection_count,100.0,0.0,1.0,20260801,1.0.0,not_used,community labels are structural network results; they are not official factions and do not replace original-setting faction metadata
CN6,cross_department,C-469ed27ce91a9ed7,714,1,0,0.0,0.0,0.0,louvain,intersection_count,100.0,0.0,1.0,20260801,1.0.0,not_used,community labels are structural network results; they are not official factions and do not replace original-setting faction metadata
CN6,cross_department,C-8b841ce9f652385d,715,1,0,0.0,0.0,0.0,louvain,intersection_count,100.0,0.0,1.0,20260801,1.0.0,not_used,community labels are structural network results; they are not official factions and do not replace original-setting faction metadata
CN6,cross_department,C-8ef219554e5c7df2,716,1,0,0.0,0.0,0.0,louvain,intersection_count,100.0,0.0,1.0,20260801,1.0.0,not_used,community labels are structural network results; they are not official factions and do not replace original-setting faction metadata
CN6,cross_department,C-f765ea25b232846d,717,1,0,0.0,0.0,0.0,louvain,intersection_count,100.0,0.0,1.0,20260801,1.0.0,not_used,community labels are structural network results; they are not official factions and do not replace original-setting faction metadata
CN6,cross_department,C-ea48c58581e84506,718,1,0,0.0,0.0,0.0,louvain,intersection_count,100.0,0.0,1.0,20260801,1.0.0,not_used,community labels are structural network results; they are not official factions and do not replace original-setting faction metadata
CN6,cross_department,C-f69b2a052a21a51d,719,1,0,0.0,0.0,0.0,louvain,intersection_count,100.0,0.0,1.0,20260801,1.0.0,not_used,community labels are structural network results; they are not official factions and do not replace original-setting faction metadata
CN6,cross_department,C-f8c199302821ca2f,720,1,0,0.0,0.0,0.0,louvain,intersection_count,100.0,0.0,1.0,20260801,1.0.0,not_used,community labels are structural network results; they are not official factions and do not replace original-setting faction metadata
CN6,cross_department,C-3e013c477b88b099,721,1,0,0.0,0.0,0.0,louvain,intersection_count,100.0,0.0,1.0,20260801,1.0.0,not_used,community labels are structural network results; they are not official factions and do not replace original-setting faction metadata
CN6,cross_department,C-e65f0c2a91068282,722,1,0,0.0,0.0,0.0,louvain,intersection_count,100.0,0.0,1.0,20260801,1.0.0,not_used,community labels are structural network results; they are not official factions and do not replace original-setting faction metadata
CN6,cross_department,C-2270dd7fbe490aff,723,1,0,0.0,0.0,0.0,louvain,intersection_count,100.0,0.0,1.0,20260801,1.0.0,not_used,community labels are structural network results; they are not official factions and do not replace original-setting faction metadata
CN6,cross_department,C-03be1453285d7444,724,1,0,0.0,0.0,0.0,louvain,intersection_count,100.0,0.0,1.0,20260801,1.0.0,not_used,community labels are structural network results; they are not official factions and do not replace original-setting faction metadata
CN6,cross_department,C-a86449154ebea658,725,1,0,0.0,0.0,0.0,louvain,intersection_count,100.0,0.0,1.0,20260801,1.0.0,not_used,community labels are structural network results; they are not official factions and do not replace original-setting faction metadata
CN6,cross_department,C-e48b1db8157912ac,726,1,0,0.0,0.0,0.0,louvain,intersection_count,100.0,0.0,1.0,20260801,1.0.0,not_used,community labels are structural network results; they are not official factions and do not replace original-setting faction metadata
CN6,cross_department,C-e2d295b962863738,727,1,0,0.0,0.0,0.0,louvain,intersection_count,100.0,0.0,1.0,20260801,1.0.0,not_used,community labels are structural network results; they are not official factions and do not replace original-setting faction metadata
