round_label,scope,node_type,canonical_name,name_cn,name_jp,weighted_degree,unweighted_degree,pagerank,betweenness,k_core,bridge_score,community_id,connected_component_id,algorithm,weight_metric,threshold,min_intersection_count,resolution,random_seed,software_version,official_faction_source,official_faction_note
CN10,music,music,53分钟的蓝色大海,53分钟的蓝色大海,53ミニッツの青い海,0.0,0,0.0007185628742532932,0.0,0,0.0,C-837a9c7d5281a964,CC-837a9c7d5281a964,louvain,intersection_count,100.0,0.0,1.0,20260801,1.0.0,not_used,community labels are structural network results; they are not official factions and do not replace original-setting faction metadata
CN10,music,music,alicemaestra,Alice Maestra,アリスマエステラ,0.0,0,0.0007185628742532932,0.0,0,0.0,C-c392798988496cba,CC-c392798988496cba,louvain,intersection_count,100.0,0.0,1.0,20260801,1.0.0,not_used,community labels are structural network results; they are not official factions and do not replace original-setting faction metadata
CN10,music,music,anordealfromgod,AN ORDEAL FROM GOD,AN ORDEAL FROM GOD,0.0,0,0.0007185628742532932,0.0,0,0.0,C-2720fa8cbbdb6310,CC-2720fa8cbbdb6310,louvain,intersection_count,100.0,0.0,1.0,20260801,1.0.0,not_used,community labels are structural network results; they are not official factions and do not replace original-setting faction metadata
CN10,music,music,antiqueterror,Antique Terror,アンティークテラー,0.0,0,0.0007185628742532932,0.0,0,0.0,C-927d9d34f34a4981,CC-927d9d34f34a4981,louvain,intersection_count,100.0,0.0,1.0,20260801,1.0.0,not_used,community labels are structural network results; they are not official factions and do not replace original-setting faction metadata
CN10,music,music,arcadiandream,Arcadian Dream,Arcadian Dream,0.0,0,0.0007185628742532932,0.0,0,0.0,C-2c158f53d4e9e07f,CC-2c158f53d4e9e07f,louvain,intersection_count,100.0,0.0,1.0,20260801,1.0.0,not_used,community labels are structural network results; they are not official factions and do not replace original-setting faction metadata
CN10,music,music,asacredlot,A Sacred Lot,A Sacred Lot,0.0,0,0.0007185628742532932,0.0,0,0.0,C-738024935fd39f9c,CC-738024935fd39f9c,louvain,intersection_count,100.0,0.0,1.0,20260801,1.0.0,not_used,community labels are structural network results; they are not official factions and do not replace original-setting faction metadata
CN10,music,music,badapple,Bad Apple!!,Bad Apple!!,7392.0,32,0.0053827598501639765,0.0,27,0.3438852813852814,C-32f5db276d9b1b1d,CC-df773e8b96afdd92,louvain,intersection_count,100.0,0.0,1.0,20260801,1.0.0,not_used,community labels are structural network results; they are not official factions and do not replace original-setting faction metadata
CN10,music,music,banditrytechnology,Banditry Technology,バンデットリィテクノロジー,0.0,0,0.0007185628742532932,0.0,0,0.0,C-0d54bcc7cae6d274,CC-0d54bcc7cae6d274,louvain,intersection_count,100.0,0.0,1.0,20260801,1.0.0,not_used,community labels are structural network results; they are not official factions and do not replace original-setting faction metadata
CN10,music,music,baroldadam,Bar·Old Adam,バー・オールドアダム,0.0,0,0.0007185628742532932,0.0,0,0.0,C-476331b5969d5fc1,CC-476331b5969d5fc1,louvain,intersection_count,100.0,0.0,1.0,20260801,1.0.0,not_used,community labels are structural network results; they are not official factions and do not replace original-setting faction metadata
CN10,music,music,beastmetropolis,Beast Metropolis,ビーストメトロポリス,0.0,0,0.0007185628742532932,0.0,0,0.0,C-b930f5098f75c80b,CC-b930f5098f75c80b,louvain,intersection_count,100.0,0.0,1.0,20260801,1.0.0,not_used,community labels are structural network results; they are not official factions and do not replace original-setting faction metadata
CN10,music,music,borderland,Border Land,Border Land,0.0,0,0.0007185628742532932,0.0,0,0.0,C-4a8688b93d79a896,CC-4a8688b93d79a896,louvain,intersection_count,100.0,0.0,1.0,20260801,1.0.0,not_used,community labels are structural network results; they are not official factions and do not replace original-setting faction metadata
CN10,music,music,borderoflife,Border of Life,ボーダーオブライフ,133.0,1,0.0008030811686994181,0.0,1,0.0,C-32f5db276d9b1b1d,CC-df773e8b96afdd92,louvain,intersection_count,100.0,0.0,1.0,20260801,1.0.0,not_used,community labels are structural network results; they are not official factions and do not replace original-setting faction metadata
CN10,music,music,breakthesabbath,Break the Sabbath,Break the Sabbath,0.0,0,0.0007185628742532932,0.0,0,0.0,C-062732e79058f415,CC-062732e79058f415,louvain,intersection_count,100.0,0.0,1.0,20260801,1.0.0,not_used,community labels are structural network results; they are not official factions and do not replace original-setting faction metadata
CN10,music,music,captainmurasa,Captain Murasa,キャプテン・ムラサ,0.0,0,0.0007185628742532932,0.0,0,0.0,C-a8eda43fe02d3d2e,CC-a8eda43fe02d3d2e,louvain,intersection_count,100.0,0.0,1.0,20260801,1.0.0,not_used,community labels are structural network results; they are not official factions and do not replace original-setting faction metadata
CN10,music,music,castleexplorerinthesky,Castle Explorer -in the Sky-,Castle Explorer -in the Sky-,0.0,0,0.0007185628742532932,0.0,0,0.0,C-614639aace00e1cc,CC-614639aace00e1cc,louvain,intersection_count,100.0,0.0,1.0,20260801,1.0.0,not_used,community labels are structural network results; they are not official factions and do not replace original-setting faction metadata
CN10,music,music,completedarkness,Complete Darkness,Complete Darkness,0.0,0,0.0007185628742532932,0.0,0,0.0,C-0d427f8aa14d603c,CC-0d427f8aa14d603c,louvain,intersection_count,100.0,0.0,1.0,20260801,1.0.0,not_used,community labels are structural network results; they are not official factions and do not replace original-setting faction metadata
CN10,music,music,crazybackdancers,Crazy Back Dancers,クレイジーバックダンサーズ,0.0,0,0.0007185628742532932,0.0,0,0.0,C-f90b0a80d1a2509f,CC-f90b0a80d1a2509f,louvain,intersection_count,100.0,0.0,1.0,20260801,1.0.0,not_used,community labels are structural network results; they are not official factions and do not replace original-setting faction metadata
CN10,music,music,crescentdream,Crescent Dream,Crescent Dream,0.0,0,0.0007185628742532932,0.0,0,0.0,C-0187be336b87ee31,CC-0187be336b87ee31,louvain,intersection_count,100.0,0.0,1.0,20260801,1.0.0,not_used,community labels are structural network results; they are not official factions and do not replace original-setting faction metadata
CN10,music,music,crystallizesilver,Crystallize Silver,クリスタライズシルバー,0.0,0,0.0007185628742532932,0.0,0,0.0,C-db05d9a266025e35,CC-db05d9a266025e35,louvain,intersection_count,100.0,0.0,1.0,20260801,1.0.0,not_used,community labels are structural network results; they are not official factions and do not replace original-setting faction metadata
CN10,music,music,days,Days,Days,0.0,0,0.0007185628742532932,0.0,0,0.0,C-17aa4879fa84d6fd,CC-17aa4879fa84d6fd,louvain,intersection_count,100.0,0.0,1.0,20260801,1.0.0,not_used,community labels are structural network results; they are not official factions and do not replace original-setting faction metadata
CN10,music,music,demystifyfeast,Demystify Feast,Demystify Feast,0.0,0,0.0007185628742532932,0.0,0,0.0,C-fc33c94788aefa88,CC-fc33c94788aefa88,louvain,intersection_count,100.0,0.0,1.0,20260801,1.0.0,not_used,community labels are structural network results; they are not official factions and do not replace original-setting faction metadata
CN10,music,music,desiredream,Desire Dream,デザイアドリーム,0.0,0,0.0007185628742532932,0.0,0,0.0,C-9ef9cec5ec557592,CC-9ef9cec5ec557592,louvain,intersection_count,100.0,0.0,1.0,20260801,1.0.0,not_used,community labels are structural network results; they are not official factions and do not replace original-setting faction metadata
CN10,music,music,desiredrive,Desire Drive,デザイアドライブ,5874.0,30,0.00480225300395492,0.0,27,0.5863125638406538,C-e8f747f122a36867,CC-df773e8b96afdd92,louvain,intersection_count,100.0,0.0,1.0,20260801,1.0.0,not_used,community labels are structural network results; they are not official factions and do not replace original-setting faction metadata
CN10,music,music,dimdream,Dim. Dream,Dim. Dream,0.0,0,0.0007185628742532932,0.0,0,0.0,C-071875366534fdb8,CC-071875366534fdb8,louvain,intersection_count,100.0,0.0,1.0,20260801,1.0.0,not_used,community labels are structural network results; they are not official factions and do not replace original-setting faction metadata
CN10,music,music,disastrousgemini,Disastrous Gemini,ディザストラスジェミニ,0.0,0,0.0007185628742532932,0.0,0,0.0,C-4b0e90d0d4ec6b49,CC-4b0e90d0d4ec6b49,louvain,intersection_count,100.0,0.0,1.0,20260801,1.0.0,not_used,community labels are structural network results; they are not official factions and do not replace original-setting faction metadata
CN10,music,music,dreamexpress,Dream Express,Dream Express,0.0,0,0.0007185628742532932,0.0,0,0.0,C-1a0b36a80b197fd7,CC-1a0b36a80b197fd7,louvain,intersection_count,100.0,0.0,1.0,20260801,1.0.0,not_used,community labels are structural network results; they are not official factions and do not replace original-setting faction metadata
CN10,music,music,dreamland,Dream Land,Dream Land,0.0,0,0.0007185628742532932,0.0,0,0.0,C-f630314cc9b8ab13,CC-f630314cc9b8ab13,louvain,intersection_count,100.0,0.0,1.0,20260801,1.0.0,not_used,community labels are structural network results; they are not official factions and do not replace original-setting faction metadata
CN10,music,music,dreamypilot,Dreamy pilot,Dreamy pilot,0.0,0,0.0007185628742532932,0.0,0,0.0,C-fd798193d00d82c6,CC-fd798193d00d82c6,louvain,intersection_count,100.0,0.0,1.0,20260801,1.0.0,not_used,community labels are structural network results; they are not official factions and do not replace original-setting faction metadata
CN10,music,music,drlatency的令人不眠之瞳,Dr. Latency的令人不眠之瞳,Dr.レイテンシーの眠れなくなる瞳,0.0,0,0.0007185628742532932,0.0,0,0.0,C-b182ab5939cf4a7f,CC-b182ab5939cf4a7f,louvain,intersection_count,100.0,0.0,1.0,20260801,1.0.0,not_used,community labels are structural network results; they are not official factions and do not replace original-setting faction metadata
CN10,music,music,electricheritage,Electric Heritage,エレクトリックヘリテージ,0.0,0,0.0007185628742532932,0.0,0,0.0,C-71ec7dae9fb1ddb3,CC-71ec7dae9fb1ddb3,louvain,intersection_count,100.0,0.0,1.0,20260801,1.0.0,not_used,community labels are structural network results; they are not official factions and do not replace original-setting faction metadata
CN10,music,music,endless,Endless,Endless,0.0,0,0.0007185628742532932,0.0,0,0.0,C-b446338039661ad8,CC-b446338039661ad8,louvain,intersection_count,100.0,0.0,1.0,20260801,1.0.0,not_used,community labels are structural network results; they are not official factions and do not replace original-setting faction metadata
CN10,music,music,endofdaylight,End of Daylight,End of Daylight,0.0,0,0.0007185628742532932,0.0,0,0.0,C-31c70e528a6f6f59,CC-31c70e528a6f6f59,louvain,intersection_count,100.0,0.0,1.0,20260801,1.0.0,not_used,community labels are structural network results; they are not official factions and do not replace original-setting faction metadata
CN10,music,music,eternaldream幽玄的枫树,Eternal Dream ～ 幽玄的枫树,幽玄の槭樹　～ Eternal Dream,0.0,0,0.0007185628742532932,0.0,0,0.0,C-b587f47865363e7f,CC-b587f47865363e7f,louvain,intersection_count,100.0,0.0,1.0,20260801,1.0.0,not_used,community labels are structural network results; they are not official factions and do not replace original-setting faction metadata
CN10,music,music,extendash蓬莱人,Extend Ash ～ 蓬莱人,エクステンドアッシュ　～ 蓬莱人,112.0,1,0.000787387299220488,0.0,1,0.0,C-32f5db276d9b1b1d,CC-df773e8b96afdd92,louvain,intersection_count,100.0,0.0,1.0,20260801,1.0.0,not_used,community labels are structural network results; they are not official factions and do not replace original-setting faction metadata
CN10,music,music,extralove,Extra Love,エキストララブ,0.0,0,0.0007185628742532932,0.0,0,0.0,C-d4bc6d4e3f6297ca,CC-d4bc6d4e3f6297ca,louvain,intersection_count,100.0,0.0,1.0,20260801,1.0.0,not_used,community labels are structural network results; they are not official factions and do not replace original-setting faction metadata
CN10,music,music,falloffall,Fall of Fall ～ 秋意渐浓之瀑,フォールオブフォール　～ 秋めく滝,0.0,0,0.0007185628742532932,0.0,0,0.0,C-e816df0ea4173ff2,CC-e816df0ea4173ff2,louvain,intersection_count,100.0,0.0,1.0,20260801,1.0.0,not_used,community labels are structural network results; they are not official factions and do not replace original-setting faction metadata
CN10,music,music,falloffall秋意渐浓之瀑,Fall of Fall ～ 秋意渐浓之瀑,Fall of Fall ～ 秋意渐浓之瀑,3581.0,24,0.003042746966564993,0.0,24,0.6330633901144932,C-163a12634cea5589,CC-df773e8b96afdd92,louvain,intersection_count,100.0,0.0,1.0,20260801,1.0.0,not_used,community labels are structural network results; they are not official factions and do not replace original-setting faction metadata
CN10,music,music,falsestrawberry,False Strawberry,フォルスストロベリー,0.0,0,0.0007185628742532932,0.0,0,0.0,C-745541fa213b53c7,CC-745541fa213b53c7,louvain,intersection_count,100.0,0.0,1.0,20260801,1.0.0,not_used,community labels are structural network results; they are not official factions and do not replace original-setting faction metadata
CN10,music,music,floweringnight,Flowering Night,フラワリングナイト,4075.0,23,0.003283050638180444,0.0,23,0.4009815950920245,C-32f5db276d9b1b1d,CC-df773e8b96afdd92,louvain,intersection_count,100.0,0.0,1.0,20260801,1.0.0,not_used,community labels are structural network results; they are not official factions and do not replace original-setting faction metadata
CN10,music,music,gameover,Game Over,ゲームオーバー,0.0,0,0.0007185628742532932,0.0,0,0.0,C-39856043785f3684,CC-39856043785f3684,louvain,intersection_count,100.0,0.0,1.0,20260801,1.0.0,not_used,community labels are structural network results; they are not official factions and do not replace original-setting faction metadata
CN10,music,music,gfree,G Free,G Free,0.0,0,0.0007185628742532932,0.0,0,0.0,C-ba2dabf134e86628,CC-ba2dabf134e86628,louvain,intersection_count,100.0,0.0,1.0,20260801,1.0.0,not_used,community labels are structural network results; they are not official factions and do not replace original-setting faction metadata
CN10,music,music,ghostlead,Ghost Lead,ゴーストリード,0.0,0,0.0007185628742532932,0.0,0,0.0,C-f250ce0f2e1ad054,CC-f250ce0f2e1ad054,louvain,intersection_count,100.0,0.0,1.0,20260801,1.0.0,not_used,community labels are structural network results; they are not official factions and do not replace original-setting faction metadata
CN10,music,music,heartfeltfancy,Heartfelt Fancy,ハートフェルトファンシー,0.0,0,0.0007185628742532932,0.0,0,0.0,C-977d24ae945ec49e,CC-977d24ae945ec49e,louvain,intersection_count,100.0,0.0,1.0,20260801,1.0.0,not_used,community labels are structural network results; they are not official factions and do not replace original-setting faction metadata
CN10,music,music,herselves,Herselves,ハーセルヴズ,0.0,0,0.0007185628742532932,0.0,0,0.0,C-9173680ef998f3bf,CC-9173680ef998f3bf,louvain,intersection_count,100.0,0.0,1.0,20260801,1.0.0,not_used,community labels are structural network results; they are not official factions and do not replace original-setting faction metadata
CN10,music,music,highlyresponsivetoprayers,Highly Responsive to Prayers,Highly Responsive to Prayers,0.0,0,0.0007185628742532932,0.0,0,0.0,C-230d15919f3fb95c,CC-230d15919f3fb95c,louvain,intersection_count,100.0,0.0,1.0,20260801,1.0.0,not_used,community labels are structural network results; they are not official factions and do not replace original-setting faction metadata
CN10,music,music,incompleteplot,Incomplete Plot,Incomplete Plot,0.0,0,0.0007185628742532932,0.0,0,0.0,C-c0ed5f68c6e2d7cf,CC-c0ed5f68c6e2d7cf,louvain,intersection_count,100.0,0.0,1.0,20260801,1.0.0,not_used,community labels are structural network results; they are not official factions and do not replace original-setting faction metadata
CN10,music,music,intobackdoor,Into Backdoor,イントゥ・バックドア,0.0,0,0.0007185628742532932,0.0,0,0.0,C-90d574909dd16951,CC-90d574909dd16951,louvain,intersection_count,100.0,0.0,1.0,20260801,1.0.0,not_used,community labels are structural network results; they are not official factions and do not replace original-setting faction metadata
CN10,music,music,inventivecity,Inventive City,Inventive City,0.0,0,0.0007185628742532932,0.0,0,0.0,C-1f3694cbfd22239c,CC-1f3694cbfd22239c,louvain,intersection_count,100.0,0.0,1.0,20260801,1.0.0,not_used,community labels are structural network results; they are not official factions and do not replace original-setting faction metadata
CN10,music,music,japanesesaga,Japanese Saga,ジャパニーズサーガ,0.0,0,0.0007185628742532932,0.0,0,0.0,C-29736317f6e1808e,CC-29736317f6e1808e,louvain,intersection_count,100.0,0.0,1.0,20260801,1.0.0,not_used,community labels are structural network results; they are not official factions and do not replace original-setting faction metadata
CN10,music,music,jellystone,Jelly Stone,ジェリーストーン,0.0,0,0.0007185628742532932,0.0,0,0.0,C-08f4a719a9d3bcde,CC-08f4a719a9d3bcde,louvain,intersection_count,100.0,0.0,1.0,20260801,1.0.0,not_used,community labels are structural network results; they are not official factions and do not replace original-setting faction metadata
CN10,music,music,lastoccultism,Last Occultism ～ 现世的秘术师,ラストオカルティズム　～ 現し世の秘術師,0.0,0,0.0007185628742532932,0.0,0,0.0,C-f69cff3b44249e1a,CC-f69cff3b44249e1a,louvain,intersection_count,100.0,0.0,1.0,20260801,1.0.0,not_used,community labels are structural network results; they are not official factions and do not replace original-setting faction metadata
CN10,music,music,lastoccultism现世的秘术师,Last Occultism ~现世的秘术师,Last Occultism ~现世的秘术师,205.0,2,0.0008577717680310622,0.0,2,0.0,C-e8f747f122a36867,CC-df773e8b96afdd92,louvain,intersection_count,100.0,0.0,1.0,20260801,1.0.0,not_used,community labels are structural network results; they are not official factions and do not replace original-setting faction metadata
CN10,music,music,lastremote,Last Remote,ラストリモート,6659.0,34,0.005088934371406497,0.0,27,0.6972518396155579,C-163a12634cea5589,CC-df773e8b96afdd92,louvain,intersection_count,100.0,0.0,1.0,20260801,1.0.0,not_used,community labels are structural network results; they are not official factions and do not replace original-setting faction metadata
CN10,music,music,lastword发动,Lastword发动,Lastword发动,0.0,0,0.0007185628742532932,0.0,0,0.0,C-f5a66e3f772b6d55,CC-f5a66e3f772b6d55,louvain,intersection_count,100.0,0.0,1.0,20260801,1.0.0,not_used,community labels are structural network results; they are not official factions and do not replace original-setting faction metadata
CN10,music,music,lockedgirl,Locked Girl ～ 少女密室,ラクトガール　～ 少女密室,0.0,0,0.0007185628742532932,0.0,0,0.0,C-f810861c1f828022,CC-f810861c1f828022,louvain,intersection_count,100.0,0.0,1.0,20260801,1.0.0,not_used,community labels are structural network results; they are not official factions and do not replace original-setting faction metadata
CN10,music,music,lockedgirl少女密室,Locked Girl　～ 少女密室,Locked Girl　～ 少女密室,1806.0,12,0.0018372928624929637,0.0,12,0.2441860465116279,C-32f5db276d9b1b1d,CC-df773e8b96afdd92,louvain,intersection_count,100.0,0.0,1.0,20260801,1.0.0,not_used,community labels are structural network results; they are not official factions and do not replace original-setting faction metadata
CN10,music,music,looserain,Loose Rain,ルーズレイン,0.0,0,0.0007185628742532932,0.0,0,0.0,C-f58ec182916ba517,CC-f58ec182916ba517,louvain,intersection_count,100.0,0.0,1.0,20260801,1.0.0,not_used,community labels are structural network results; they are not official factions and do not replace original-setting faction metadata
CN10,music,music,lostriver,Lost River,ロストリバー,0.0,0,0.0007185628742532932,0.0,0,0.0,C-3a4bab3d72f329d5,CC-3a4bab3d72f329d5,louvain,intersection_count,100.0,0.0,1.0,20260801,1.0.0,not_used,community labels are structural network results; they are not official factions and do not replace original-setting faction metadata
CN10,music,music,lotuslove,Lotus Love,Lotus Love,0.0,0,0.0007185628742532932,0.0,0,0.0,C-34fa4a64c8f91c5b,CC-34fa4a64c8f91c5b,louvain,intersection_count,100.0,0.0,1.0,20260801,1.0.0,not_used,community labels are structural network results; they are not official factions and do not replace original-setting faction metadata
CN10,music,music,lotusroad,Lotus Road,Lotus Road,0.0,0,0.0007185628742532932,0.0,0,0.0,C-211ff891cac874f8,CC-211ff891cac874f8,louvain,intersection_count,100.0,0.0,1.0,20260801,1.0.0,not_used,community labels are structural network results; they are not official factions and do not replace original-setting faction metadata
CN10,music,music,luciddreamer,Lucid Dreamer,ルーシッドドリーマー,0.0,0,0.0007185628742532932,0.0,0,0.0,C-8e5c32869b76dc7a,CC-8e5c32869b76dc7a,louvain,intersection_count,100.0,0.0,1.0,20260801,1.0.0,not_used,community labels are structural network results; they are not official factions and do not replace original-setting faction metadata
CN10,music,music,lunarrainbow,Lunar Rainbow,ルナレインボー,0.0,0,0.0007185628742532932,0.0,0,0.0,C-0f1f9b70ccb12896,CC-0f1f9b70ccb12896,louvain,intersection_count,100.0,0.0,1.0,20260801,1.0.0,not_used,community labels are structural network results; they are not official factions and do not replace original-setting faction metadata
CN10,music,music,lunateelf,Lunate Elf,ルーネイトエルフ,0.0,0,0.0007185628742532932,0.0,0,0.0,C-38ef47015b0e36fe,CC-38ef47015b0e36fe,louvain,intersection_count,100.0,0.0,1.0,20260801,1.0.0,not_used,community labels are structural network results; they are not official factions and do not replace original-setting faction metadata
CN10,music,music,lunaticdreamer,Lunatic Dreamer,ルナティックドリーマー,0.0,0,0.0007185628742532932,0.0,0,0.0,C-8dd8d58bda867477,CC-8dd8d58bda867477,louvain,intersection_count,100.0,0.0,1.0,20260801,1.0.0,not_used,community labels are structural network results; they are not official factions and do not replace original-setting faction metadata
CN10,music,music,magicalandhopeless,Magical and Hopeless,Magical and Hopeless,0.0,0,0.0007185628742532932,0.0,0,0.0,C-da897ed0f69c0410,CC-da897ed0f69c0410,louvain,intersection_count,100.0,0.0,1.0,20260801,1.0.0,not_used,community labels are structural network results; they are not official factions and do not replace original-setting faction metadata
CN10,music,music,magicalstorm,Magical Storm,マジカルストーム,0.0,0,0.0007185628742532932,0.0,0,0.0,C-708f7d77aa67887a,CC-708f7d77aa67887a,louvain,intersection_count,100.0,0.0,1.0,20260801,1.0.0,not_used,community labels are structural network results; they are not official factions and do not replace original-setting faction metadata
CN10,music,music,magicoflife,Magic of Life,Magic of Life,0.0,0,0.0007185628742532932,0.0,0,0.0,C-1499285207a23925,CC-1499285207a23925,louvain,intersection_count,100.0,0.0,1.0,20260801,1.0.0,not_used,community labels are structural network results; they are not official factions and do not replace original-setting faction metadata
CN10,music,music,magicshopofraspberry,Magic Shop of Raspberry,Magic Shop of Raspberry,0.0,0,0.0007185628742532932,0.0,0,0.0,C-db3ee41b0043740d,CC-db3ee41b0043740d,louvain,intersection_count,100.0,0.0,1.0,20260801,1.0.0,not_used,community labels are structural network results; they are not official factions and do not replace original-setting faction metadata
CN10,music,music,magusnight,Magus Night,メイガスナイト,0.0,0,0.0007185628742532932,0.0,0,0.0,C-cfe2e715b4004f1f,CC-cfe2e715b4004f1f,louvain,intersection_count,100.0,0.0,1.0,20260801,1.0.0,not_used,community labels are structural network results; they are not official factions and do not replace original-setting faction metadata
CN10,music,music,maniacalprincess,Maniacal Princess,Maniacal Princess,0.0,0,0.0007185628742532932,0.0,0,0.0,C-dd4300dae5e9dd9b,CC-dd4300dae5e9dd9b,louvain,intersection_count,100.0,0.0,1.0,20260801,1.0.0,not_used,community labels are structural network results; they are not official factions and do not replace original-setting faction metadata
CN10,music,music,mapledream,Maple Dream...,Maple Dream...,0.0,0,0.0007185628742532932,0.0,0,0.0,C-01928332c87541cf,CC-01928332c87541cf,louvain,intersection_count,100.0,0.0,1.0,20260801,1.0.0,not_used,community labels are structural network results; they are not official factions and do not replace original-setting faction metadata
CN10,music,music,maplewise,Maple Wise,メイプルワイズ,0.0,0,0.0007185628742532932,0.0,0,0.0,C-57beb18598226245,CC-57beb18598226245,louvain,intersection_count,100.0,0.0,1.0,20260801,1.0.0,not_used,community labels are structural network results; they are not official factions and do not replace original-setting faction metadata
CN10,music,music,midnightspellcard,Midnight Spell Card,ミッドナイトスペルカード,0.0,0,0.0007185628742532932,0.0,0,0.0,C-0a28474b5a9aef5d,CC-0a28474b5a9aef5d,louvain,intersection_count,100.0,0.0,1.0,20260801,1.0.0,not_used,community labels are structural network results; they are not official factions and do not replace original-setting faction metadata
CN10,music,music,mistlake,Mist Lake,ミストレイク,0.0,0,0.0007185628742532932,0.0,0,0.0,C-31694051e9498567,CC-31694051e9498567,louvain,intersection_count,100.0,0.0,1.0,20260801,1.0.0,not_used,community labels are structural network results; they are not official factions and do not replace original-setting faction metadata
CN10,music,music,mushroomwaltz,Mushroom·Waltz,マッシュルーム・ワルツ,0.0,0,0.0007185628742532932,0.0,0,0.0,C-209bbecbff303aff,CC-209bbecbff303aff,louvain,intersection_count,100.0,0.0,1.0,20260801,1.0.0,not_used,community labels are structural network results; they are not official factions and do not replace original-setting faction metadata
CN10,music,music,mymaid,My Maid,My Maid,0.0,0,0.0007185628742532932,0.0,0,0.0,C-52fd822c12413deb,CC-52fd822c12413deb,louvain,intersection_count,100.0,0.0,1.0,20260801,1.0.0,not_used,community labels are structural network results; they are not official factions and do not replace original-setting faction metadata
CN10,music,music,mysteriousshrine,Mysterious Shrine,Mysterious Shrine,0.0,0,0.0007185628742532932,0.0,0,0.0,C-91bf652cbc977773,CC-91bf652cbc977773,louvain,intersection_count,100.0,0.0,1.0,20260801,1.0.0,not_used,community labels are structural network results; they are not official factions and do not replace original-setting faction metadata
CN10,music,music,mysticdream,Mystic Dream,Mystic Dream,0.0,0,0.0007185628742532932,0.0,0,0.0,C-c8b4295843163373,CC-c8b4295843163373,louvain,intersection_count,100.0,0.0,1.0,20260801,1.0.0,not_used,community labels are structural network results; they are not official factions and do not replace original-setting faction metadata
CN10,music,music,nativefaith,Native Faith,ネイティブフェイス,1482.0,11,0.0016717555263637736,0.0,11,0.7348178137651822,C-163a12634cea5589,CC-df773e8b96afdd92,louvain,intersection_count,100.0,0.0,1.0,20260801,1.0.0,not_used,community labels are structural network results; they are not official factions and do not replace original-setting faction metadata
CN10,music,music,necrofantasia,Necro-Fantasia,ネクロファンタジア,3465.0,21,0.0029161888347255557,0.0,21,0.4854256854256854,C-32f5db276d9b1b1d,CC-df773e8b96afdd92,louvain,intersection_count,100.0,0.0,1.0,20260801,1.0.0,not_used,community labels are structural network results; they are not official factions and do not replace original-setting faction metadata
CN10,music,music,newshound,Newshound,ニュースハウンド,0.0,0,0.0007185628742532932,0.0,0,0.0,C-76f0fa059c89b984,CC-76f0fa059c89b984,louvain,intersection_count,100.0,0.0,1.0,20260801,1.0.0,not_used,community labels are structural network results; they are not official factions and do not replace original-setting faction metadata
CN10,music,music,nightmarediary,Nightmare Diary,ナイトメアダイアリー,0.0,0,0.0007185628742532932,0.0,0,0.0,C-410dd97f6539bf07,CC-410dd97f6539bf07,louvain,intersection_count,100.0,0.0,1.0,20260801,1.0.0,not_used,community labels are structural network results; they are not official factions and do not replace original-setting faction metadata
CN10,music,music,occultattract,Occult Attract,Occult Attract,0.0,0,0.0007185628742532932,0.0,0,0.0,C-03aefc0130571ac5,CC-03aefc0130571ac5,louvain,intersection_count,100.0,0.0,1.0,20260801,1.0.0,not_used,community labels are structural network results; they are not official factions and do not replace original-setting faction metadata
CN10,music,music,orientaldarkflight,Oriental Dark Flight,オリエンタルダークフライト,0.0,0,0.0007185628742532932,0.0,0,0.0,C-534a5a3d507256d4,CC-534a5a3d507256d4,louvain,intersection_count,100.0,0.0,1.0,20260801,1.0.0,not_used,community labels are structural network results; they are not official factions and do not replace original-setting faction metadata
CN10,music,music,orientalmagician,Oriental Magician,Oriental Magician,0.0,0,0.0007185628742532932,0.0,0,0.0,C-0007579d9e6268f5,CC-0007579d9e6268f5,louvain,intersection_count,100.0,0.0,1.0,20260801,1.0.0,not_used,community labels are structural network results; they are not official factions and do not replace original-setting faction metadata
CN10,music,music,outsidercocktail,Outsider Cocktail,アウトサイダーカクテル,0.0,0,0.0007185628742532932,0.0,0,0.0,C-d81e10badadd0885,CC-d81e10badadd0885,louvain,intersection_count,100.0,0.0,1.0,20260801,1.0.0,not_used,community labels are structural network results; they are not official factions and do not replace original-setting faction metadata
CN10,music,music,pandemonicplanet,Pandemonic Planet,パンデモニックプラネット,302.0,2,0.000928469527752516,0.0,2,0.0,C-e8f747f122a36867,CC-df773e8b96afdd92,louvain,intersection_count,100.0,0.0,1.0,20260801,1.0.0,not_used,community labels are structural network results; they are not official factions and do not replace original-setting faction metadata
CN10,music,music,peaceful,Peaceful,Peaceful,0.0,0,0.0007185628742532932,0.0,0,0.0,C-350c90caacb67f40,CC-350c90caacb67f40,louvain,intersection_count,100.0,0.0,1.0,20260801,1.0.0,not_used,community labels are structural network results; they are not official factions and do not replace original-setting faction metadata
CN10,music,music,peacefulromancer,Peaceful Romancer,Peaceful Romancer,0.0,0,0.0007185628742532932,0.0,0,0.0,C-d6c58c00f2ff8d8e,CC-d6c58c00f2ff8d8e,louvain,intersection_count,100.0,0.0,1.0,20260801,1.0.0,not_used,community labels are structural network results; they are not official factions and do not replace original-setting faction metadata
CN10,music,music,phantasmagoria,Phantasmagoria,Phantasmagoria,0.0,0,0.0007185628742532932,0.0,0,0.0,C-331e66de60e365d3,CC-331e66de60e365d3,louvain,intersection_count,100.0,0.0,1.0,20260801,1.0.0,not_used,community labels are structural network results; they are not official factions and do not replace original-setting faction metadata
CN10,music,music,plainasia,Plain Asia,プレインエイジア,0.0,0,0.0007185628742532932,0.0,0,0.0,C-86dde8803418be63,CC-86dde8803418be63,louvain,intersection_count,100.0,0.0,1.0,20260801,1.0.0,not_used,community labels are structural network results; they are not official factions and do not replace original-setting faction metadata
CN10,music,music,plasticmind,Plastic Mind,プラスチックマインド,0.0,0,0.0007185628742532932,0.0,0,0.0,C-991e5273a179c2ae,CC-991e5273a179c2ae,louvain,intersection_count,100.0,0.0,1.0,20260801,1.0.0,not_used,community labels are structural network results; they are not official factions and do not replace original-setting faction metadata
CN10,music,music,plasticspace,Plastic Space,Plastic Space,0.0,0,0.0007185628742532932,0.0,0,0.0,C-7d531d0fb9f4f58f,CC-7d531d0fb9f4f58f,louvain,intersection_count,100.0,0.0,1.0,20260801,1.0.0,not_used,community labels are structural network results; they are not official factions and do not replace original-setting faction metadata
CN10,music,music,playersscore,Player's Score,プレイヤーズスコア,0.0,0,0.0007185628742532932,0.0,0,0.0,C-662555858bdb8320,CC-662555858bdb8320,louvain,intersection_count,100.0,0.0,1.0,20260801,1.0.0,not_used,community labels are structural network results; they are not official factions and do not replace original-setting faction metadata
CN10,music,music,primroseshiver,Primrose Shiver,プリムローズシヴァ,0.0,0,0.0007185628742532932,0.0,0,0.0,C-3aeea9c5b1a22c04,CC-3aeea9c5b1a22c04,louvain,intersection_count,100.0,0.0,1.0,20260801,1.0.0,not_used,community labels are structural network results; they are not official factions and do not replace original-setting faction metadata
CN10,music,music,purefuries,Pure Furies ～ 心之所在,ピュアヒューリーズ　～ 心の在処,0.0,0,0.0007185628742532932,0.0,0,0.0,C-7f139ad467c30fb4,CC-7f139ad467c30fb4,louvain,intersection_count,100.0,0.0,1.0,20260801,1.0.0,not_used,community labels are structural network results; they are not official factions and do not replace original-setting faction metadata
CN10,music,music,purefuries心之所在,Pure Furies　～ 心之所在,Pure Furies　～ 心之所在,26344.0,81,0.020278021060917806,0.0022910781413350537,27,0.6060962648041299,C-e8f747f122a36867,CC-df773e8b96afdd92,louvain,intersection_count,100.0,0.0,1.0,20260801,1.0.0,not_used,community labels are structural network results; they are not official factions and do not replace original-setting faction metadata
CN10,music,music,reincarnation,Reincarnation,リーインカーネイション,103.0,1,0.0007955625299651575,0.0,1,0.0,C-11f1225d3ef1355e,CC-df773e8b96afdd92,louvain,intersection_count,100.0,0.0,1.0,20260801,1.0.0,not_used,community labels are structural network results; they are not official factions and do not replace original-setting faction metadata
CN10,music,music,reverseideology,Reverse Ideology,リバースイデオロギー,111.0,1,0.0007939362345110649,0.0,1,0.0,C-e8f747f122a36867,CC-df773e8b96afdd92,louvain,intersection_count,100.0,0.0,1.0,20260801,1.0.0,not_used,community labels are structural network results; they are not official factions and do not replace original-setting faction metadata
CN10,music,music,rigidparadise,Rigid Paradise,リジッドパラダイス,0.0,0,0.0007185628742532932,0.0,0,0.0,C-38c2a8fe245e99d3,CC-38c2a8fe245e99d3,louvain,intersection_count,100.0,0.0,1.0,20260801,1.0.0,not_used,community labels are structural network results; they are not official factions and do not replace original-setting faction metadata
CN10,music,music,romanticchildren,Romantic Children,Romantic Children,0.0,0,0.0007185628742532932,0.0,0,0.0,C-3f6862faf695603b,CC-3f6862faf695603b,louvain,intersection_count,100.0,0.0,1.0,20260801,1.0.0,not_used,community labels are structural network results; they are not official factions and do not replace original-setting faction metadata
CN10,music,music,sacredbattle,Sacred Battle,Sacred Battle,0.0,0,0.0007185628742532932,0.0,0,0.0,C-2f230d4e340e7777,CC-2f230d4e340e7777,louvain,intersection_count,100.0,0.0,1.0,20260801,1.0.0,not_used,community labels are structural network results; they are not official factions and do not replace original-setting faction metadata
CN10,music,music,sailoroftime,Sailor of Time,Sailor of Time,0.0,0,0.0007185628742532932,0.0,0,0.0,C-e28afab6e4cf8552,CC-e28afab6e4cf8552,louvain,intersection_count,100.0,0.0,1.0,20260801,1.0.0,not_used,community labels are structural network results; they are not official factions and do not replace original-setting faction metadata
CN10,music,music,selection,Selection,Selection,0.0,0,0.0007185628742532932,0.0,0,0.0,C-83c797b2c109e958,CC-83c797b2c109e958,louvain,intersection_count,100.0,0.0,1.0,20260801,1.0.0,not_used,community labels are structural network results; they are not official factions and do not replace original-setting faction metadata
CN10,music,music,seleneslight,Selene's light,Selene's light,0.0,0,0.0007185628742532932,0.0,0,0.0,C-67e437ef24d10e67,CC-67e437ef24d10e67,louvain,intersection_count,100.0,0.0,1.0,20260801,1.0.0,not_used,community labels are structural network results; they are not official factions and do not replace original-setting faction metadata
CN10,music,music,seraphicchicken,Seraphic Chicken,セラフィックチキン,0.0,0,0.0007185628742532932,0.0,0,0.0,C-786999a8cb678db6,CC-786999a8cb678db6,louvain,intersection_count,100.0,0.0,1.0,20260801,1.0.0,not_used,community labels are structural network results; they are not official factions and do not replace original-setting faction metadata
CN10,music,music,shesinatemper,She's in a temper!!,She's in a temper!!,0.0,0,0.0007185628742532932,0.0,0,0.0,C-1f684771c4dd24e1,CC-1f684771c4dd24e1,louvain,intersection_count,100.0,0.0,1.0,20260801,1.0.0,not_used,community labels are structural network results; they are not official factions and do not replace original-setting faction metadata
CN10,music,music,silkroadalice,Silk Road Alice,シルクロードアリス,0.0,0,0.0007185628742532932,0.0,0,0.0,C-b9ca88eeddd38c15,CC-b9ca88eeddd38c15,louvain,intersection_count,100.0,0.0,1.0,20260801,1.0.0,not_used,community labels are structural network results; they are not official factions and do not replace original-setting faction metadata
CN10,music,music,skyruin,Sky Ruin,スカイルーイン,0.0,0,0.0007185628742532932,0.0,0,0.0,C-9cf48515fc1d87b0,CC-9cf48515fc1d87b0,louvain,intersection_count,100.0,0.0,1.0,20260801,1.0.0,not_used,community labels are structural network results; they are not official factions and do not replace original-setting faction metadata
CN10,music,music,sleepsheepparade,Sleep Sheep·Parade,スリープシープ・パレード,0.0,0,0.0007185628742532932,0.0,0,0.0,C-46167c15a777f0bd,CC-46167c15a777f0bd,louvain,intersection_count,100.0,0.0,1.0,20260801,1.0.0,not_used,community labels are structural network results; they are not official factions and do not replace original-setting faction metadata
CN10,music,music,smokingdragon,Smoking Dragon,スモーキングドラゴン,0.0,0,0.0007185628742532932,0.0,0,0.0,C-123d96686bb598ab,CC-123d96686bb598ab,louvain,intersection_count,100.0,0.0,1.0,20260801,1.0.0,not_used,community labels are structural network results; they are not official factions and do not replace original-setting faction metadata
CN10,music,music,starbowdream,Starbow Dream,スターボウドリーム,0.0,0,0.0007185628742532932,0.0,0,0.0,C-6140e55f75098d1b,CC-6140e55f75098d1b,louvain,intersection_count,100.0,0.0,1.0,20260801,1.0.0,not_used,community labels are structural network results; they are not official factions and do not replace original-setting faction metadata
CN10,music,music,starvoyage2008,Star Voyage2008,スターヴォヤージュ2008,0.0,0,0.0007185628742532932,0.0,0,0.0,C-bf418887f7fe8b49,CC-bf418887f7fe8b49,louvain,intersection_count,100.0,0.0,1.0,20260801,1.0.0,not_used,community labels are structural network results; they are not official factions and do not replace original-setting faction metadata
CN10,music,music,strawberrycrisis,Strawberry Crisis!!,Strawberry Crisis!!,0.0,0,0.0007185628742532932,0.0,0,0.0,C-7e8339cadc71ae8a,CC-7e8339cadc71ae8a,louvain,intersection_count,100.0,0.0,1.0,20260801,1.0.0,not_used,community labels are structural network results; they are not official factions and do not replace original-setting faction metadata
CN10,music,music,sunnyrutileflection,Sunny Rutile Flection,サニールチルフレクション,0.0,0,0.0007185628742532932,0.0,0,0.0,C-cd9e560d3af5f934,CC-cd9e560d3af5f934,louvain,intersection_count,100.0,0.0,1.0,20260801,1.0.0,not_used,community labels are structural network results; they are not official factions and do not replace original-setting faction metadata
CN10,music,music,tabularasa空白少女,Tabula rasa ～ 空白少女,Tabula rasa　～ 空白少女,0.0,0,0.0007185628742532932,0.0,0,0.0,C-8767420123c4b2a4,CC-8767420123c4b2a4,louvain,intersection_count,100.0,0.0,1.0,20260801,1.0.0,not_used,community labels are structural network results; they are not official factions and do not replace original-setting faction metadata
CN10,music,music,thegrimoireofalice,the Grimoire of Alice,the Grimoire of Alice,0.0,0,0.0007185628742532932,0.0,0,0.0,C-d24c1becec937bda,CC-d24c1becec937bda,louvain,intersection_count,100.0,0.0,1.0,20260801,1.0.0,not_used,community labels are structural network results; they are not official factions and do not replace original-setting faction metadata
CN10,music,music,thelastjudgement,the Last Judgement,the Last Judgement,0.0,0,0.0007185628742532932,0.0,0,0.0,C-7ff3e794fe2bb783,CC-7ff3e794fe2bb783,louvain,intersection_count,100.0,0.0,1.0,20260801,1.0.0,not_used,community labels are structural network results; they are not official factions and do not replace original-setting faction metadata
CN10,music,music,thelegendofkage,The Legend of KAGE,the Legend of KAGE,0.0,0,0.0007185628742532932,0.0,0,0.0,C-fabb788292640b00,CC-fabb788292640b00,louvain,intersection_count,100.0,0.0,1.0,20260801,1.0.0,not_used,community labels are structural network results; they are not official factions and do not replace original-setting faction metadata
CN10,music,music,themeofeasternstory,Theme of Eastern Story,テーマ・オブ・イースタンストーリー,0.0,0,0.0007185628742532932,0.0,0,0.0,C-21045f1e120f27e7,CC-21045f1e120f27e7,louvain,intersection_count,100.0,0.0,1.0,20260801,1.0.0,not_used,community labels are structural network results; they are not official factions and do not replace original-setting faction metadata
CN10,music,music,thepositiveandnegative,The Positive and Negative,The Positive and Negative,0.0,0,0.0007185628742532932,0.0,0,0.0,C-70141247613d73fc,CC-70141247613d73fc,louvain,intersection_count,100.0,0.0,1.0,20260801,1.0.0,not_used,community labels are structural network results; they are not official factions and do not replace original-setting faction metadata
CN10,music,music,titledmaid,Titled Maid,タイトルドメイド,0.0,0,0.0007185628742532932,0.0,0,0.0,C-28e6adb5bb15c015,CC-28e6adb5bb15c015,louvain,intersection_count,100.0,0.0,1.0,20260801,1.0.0,not_used,community labels are structural network results; they are not official factions and do not replace original-setting faction metadata
CN10,music,music,tortoisedragon,Tortoise Dragon ～ 幸运与不幸,トータスドラゴン　〜幸運と不運,0.0,0,0.0007185628742532932,0.0,0,0.0,C-d8ed633f496afdd6,CC-d8ed633f496afdd6,louvain,intersection_count,100.0,0.0,1.0,20260801,1.0.0,not_used,community labels are structural network results; they are not official factions and do not replace original-setting faction metadata
CN10,music,music,tortoisedragon幸运与不幸,Tortoise Dragon　～ 幸运与不幸,Tortoise Dragon　～ 幸运与不幸,0.0,0,0.0007185628742532932,0.0,0,0.0,C-6e23cd33c823ff8d,CC-6e23cd33c823ff8d,louvain,intersection_count,100.0,0.0,1.0,20260801,1.0.0,not_used,community labels are structural network results; they are not official factions and do not replace original-setting faction metadata
CN10,music,music,ultimatetruth,Ultimate Truth,アルティメットトゥルース,0.0,0,0.0007185628742532932,0.0,0,0.0,C-327ccf832543491a,CC-327ccf832543491a,louvain,intersection_count,100.0,0.0,1.0,20260801,1.0.0,not_used,community labels are structural network results; they are not official factions and do not replace original-setting faction metadata
CN10,music,music,unlocatedhell,Unlocated Hell,アンロケイテッドヘル,105.0,1,0.0007979482630739965,0.0,1,0.0,C-e8f747f122a36867,CC-df773e8b96afdd92,louvain,intersection_count,100.0,0.0,1.0,20260801,1.0.0,not_used,community labels are structural network results; they are not official factions and do not replace original-setting faction metadata
CN10,music,music,unowen就是她吗,U.N.OWEN就是她吗？,U.N.オーエンは彼女なのか？,21748.0,65,0.01516738904036116,0.00016015303512245034,27,0.4315339341548648,C-32f5db276d9b1b1d,CC-df773e8b96afdd92,louvain,intersection_count,100.0,0.0,1.0,20260801,1.0.0,not_used,community labels are structural network results; they are not official factions and do not replace original-setting faction metadata
CN10,music,music,voyage1969,Voyage1969,ヴォヤージュ1969,1940.0,15,0.0019897117545880634,0.0,15,0.5649484536082474,C-e8f747f122a36867,CC-df773e8b96afdd92,louvain,intersection_count,100.0,0.0,1.0,20260801,1.0.0,not_used,community labels are structural network results; they are not official factions and do not replace original-setting faction metadata
CN10,music,music,voyage1970,Voyage1970,ヴォヤージュ1970,0.0,0,0.0007185628742532932,0.0,0,0.0,C-08cce293ef3fefb8,CC-08cce293ef3fefb8,louvain,intersection_count,100.0,0.0,1.0,20260801,1.0.0,not_used,community labels are structural network results; they are not official factions and do not replace original-setting faction metadata
CN10,music,music,witchingdream,Witching Dream,Witching Dream,0.0,0,0.0007185628742532932,0.0,0,0.0,C-77f82cb75058a1ae,CC-77f82cb75058a1ae,louvain,intersection_count,100.0,0.0,1.0,20260801,1.0.0,not_used,community labels are structural network results; they are not official factions and do not replace original-setting faction metadata
CN10,music,music,witchoflovepotion,Witch of Love Potion,Witch of Love Potion,0.0,0,0.0007185628742532932,0.0,0,0.0,C-4af2caf0b1787146,CC-4af2caf0b1787146,louvain,intersection_count,100.0,0.0,1.0,20260801,1.0.0,not_used,community labels are structural network results; they are not official factions and do not replace original-setting faction metadata
CN10,music,music,一对的神兽,一对的神兽,一对的神兽,0.0,0,0.0007185628742532932,0.0,0,0.0,C-46c27123d769fed1,CC-46c27123d769fed1,louvain,intersection_count,100.0,0.0,1.0,20260801,1.0.0,not_used,community labels are structural network results; they are not official factions and do not replace original-setting faction metadata
CN10,music,music,七玉搜集大摊牌,七玉搜集大摊牌,七玉蒐集ショウダウン,0.0,0,0.0007185628742532932,0.0,0,0.0,C-9aacc072d9f226d1,CC-9aacc072d9f226d1,louvain,intersection_count,100.0,0.0,1.0,20260801,1.0.0,not_used,community labels are structural network results; they are not official factions and do not replace original-setting faction metadata
CN10,music,music,七石之狼登天吞云,七石之狼、登天吞云,七ツ石の狼、雲を取りに駆ける,0.0,0,0.0007185628742532932,0.0,0,0.0,C-6e166b20c33fa898,CC-6e166b20c33fa898,louvain,intersection_count,100.0,0.0,1.0,20260801,1.0.0,not_used,community labels are structural network results; they are not official factions and do not replace original-setting faction metadata
CN10,music,music,上海红茶馆,上海红茶馆 ～ Chinese Tea,上海紅茶館　～ Chinese Tea,0.0,0,0.0007185628742532932,0.0,0,0.0,C-9fd31b22f04e2d05,CC-9fd31b22f04e2d05,louvain,intersection_count,100.0,0.0,1.0,20260801,1.0.0,not_used,community labels are structural network results; they are not official factions and do not replace original-setting faction metadata
CN10,music,music,上海红茶馆chinesetea,上海红茶馆　～ Chinese Tea,上海红茶馆　～ Chinese Tea,22406.0,71,0.015806906299607886,0.0008719443023333408,27,0.47152548424529145,C-32f5db276d9b1b1d,CC-df773e8b96afdd92,louvain,intersection_count,100.0,0.0,1.0,20260801,1.0.0,not_used,community labels are structural network results; they are not official factions and do not replace original-setting faction metadata
CN10,music,music,不可不禁止的游戏,不可不禁止的游戏,禁じざるをえない遊戯,0.0,0,0.0007185628742532932,0.0,0,0.0,C-d288f436c5584f01,CC-d288f436c5584f01,louvain,intersection_count,100.0,0.0,1.0,20260801,1.0.0,not_used,community labels are structural network results; they are not official factions and do not replace original-setting faction metadata
CN10,music,music,不可思议之国的爱丽丝,不可思议之国的爱丽丝,不思議の国のアリス,2406.0,17,0.002324181103919696,0.0,17,0.6903574397339983,C-11f1225d3ef1355e,CC-df773e8b96afdd92,louvain,intersection_count,100.0,0.0,1.0,20260801,1.0.0,not_used,community labels are structural network results; they are not official factions and do not replace original-setting faction metadata
CN10,music,music,不可思议的驱魔棒,不可思议的驱魔棒,不思議なお祓い棒,426.0,3,0.0010173438478944502,0.0,3,0.0,C-e8f747f122a36867,CC-df773e8b96afdd92,louvain,intersection_count,100.0,0.0,1.0,20260801,1.0.0,not_used,community labels are structural network results; they are not official factions and do not replace original-setting faction metadata
CN10,music,music,不朽的曼珠沙华,不朽的曼珠沙华,不朽の曼珠沙華,0.0,0,0.0007185628742532932,0.0,0,0.0,C-990e1bbc95bcaaa3,CC-990e1bbc95bcaaa3,louvain,intersection_count,100.0,0.0,1.0,20260801,1.0.0,not_used,community labels are structural network results; they are not official factions and do not replace original-setting faction metadata
CN10,music,music,不灭的赤魂,不灭的赤魂,不滅のレッドソウル,0.0,0,0.0007185628742532932,0.0,0,0.0,C-14a84b5c6202f41f,CC-14a84b5c6202f41f,louvain,intersection_count,100.0,0.0,1.0,20260801,1.0.0,not_used,community labels are structural network results; they are not official factions and do not replace original-setting faction metadata
CN10,music,music,不自然的自然,不自然的自然,不自然な自然,0.0,0,0.0007185628742532932,0.0,0,0.0,C-d372548dd9a3e1ed,CC-d372548dd9a3e1ed,louvain,intersection_count,100.0,0.0,1.0,20260801,1.0.0,not_used,community labels are structural network results; they are not official factions and do not replace original-setting faction metadata
CN10,music,music,丑时三刻的村庄,丑时三刻的村庄,丑三つ時の里,0.0,0,0.0007185628742532932,0.0,0,0.0,C-becc78487f750215,CC-becc78487f750215,louvain,intersection_count,100.0,0.0,1.0,20260801,1.0.0,not_used,community labels are structural network results; they are not official factions and do not replace original-setting faction metadata
CN10,music,music,世界的尽头worldsend,世界的尽头 ～ World's End,世界の果て　～ World's End,0.0,0,0.0007185628742532932,0.0,0,0.0,C-391d99b9b59f4a5e,CC-391d99b9b59f4a5e,louvain,intersection_count,100.0,0.0,1.0,20260801,1.0.0,not_used,community labels are structural network results; they are not official factions and do not replace original-setting faction metadata
CN10,music,music,业火地幔,业火地幔,業火マントル,0.0,0,0.0007185628742532932,0.0,0,0.0,C-5c395c56782b50c2,CC-5c395c56782b50c2,louvain,intersection_count,100.0,0.0,1.0,20260801,1.0.0,not_used,community labels are structural network results; they are not official factions and do not replace original-setting faction metadata
CN10,music,music,东之国的不眠夜,东之国的不眠夜,東の国の眠らない夜,0.0,0,0.0007185628742532932,0.0,0,0.0,C-92749c9282b5ddf7,CC-92749c9282b5ddf7,louvain,intersection_count,100.0,0.0,1.0,20260801,1.0.0,not_used,community labels are structural network results; they are not official factions and do not replace original-setting faction metadata
CN10,music,music,东方刚欲异闻,东方刚欲异闻,東方剛欲異聞,0.0,0,0.0007185628742532932,0.0,0,0.0,C-0bf0f785cca9b7f4,CC-0bf0f785cca9b7f4,louvain,intersection_count,100.0,0.0,1.0,20260801,1.0.0,not_used,community labels are structural network results; they are not official factions and do not replace original-setting faction metadata
CN10,music,music,东方妖妖梦,东方妖妖梦 ～ Ancient Temple,東方妖々夢　～ Ancient Temple,0.0,0,0.0007185628742532932,0.0,0,0.0,C-b06a7b421f29cfe2,CC-b06a7b421f29cfe2,louvain,intersection_count,100.0,0.0,1.0,20260801,1.0.0,not_used,community labels are structural network results; they are not official factions and do not replace original-setting faction metadata
CN10,music,music,东方妖妖梦ancienttemple,东方妖妖梦 ～ Ancient Temple,东方妖妖梦 ～ Ancient Temple,234.0,2,0.0008801658047757784,0.0,2,0.5427350427350427,C-e8f747f122a36867,CC-df773e8b96afdd92,louvain,intersection_count,100.0,0.0,1.0,20260801,1.0.0,not_used,community labels are structural network results; they are not official factions and do not replace original-setting faction metadata
CN10,music,music,东方妖怪小町,东方妖怪小町,東方妖怪小町,0.0,0,0.0007185628742532932,0.0,0,0.0,C-d140401536ebf1b8,CC-d140401536ebf1b8,louvain,intersection_count,100.0,0.0,1.0,20260801,1.0.0,not_used,community labels are structural network results; they are not official factions and do not replace original-setting faction metadata
CN10,music,music,东方妖恋谈,东方妖恋谈,東方妖恋談,0.0,0,0.0007185628742532932,0.0,0,0.0,C-a5f11816c03a1951,CC-a5f11816c03a1951,louvain,intersection_count,100.0,0.0,1.0,20260801,1.0.0,not_used,community labels are structural network results; they are not official factions and do not replace original-setting faction metadata
CN10,music,music,东方封魔录净土曼荼罗,东方封魔录 ～ 净土曼荼罗,東方封魔録　～ 浄土曼荼羅,0.0,0,0.0007185628742532932,0.0,0,0.0,C-8d1084515f951e48,CC-8d1084515f951e48,louvain,intersection_count,100.0,0.0,1.0,20260801,1.0.0,not_used,community labels are structural network results; they are not official factions and do not replace original-setting faction metadata
CN10,music,music,东方封魔录幽幻乱舞,东方封魔录 ～ 幽幻乱舞,東方封魔録　～ 幽幻乱舞,0.0,0,0.0007185628742532932,0.0,0,0.0,C-9b2ea8c481771f2f,CC-9b2ea8c481771f2f,louvain,intersection_count,100.0,0.0,1.0,20260801,1.0.0,not_used,community labels are structural network results; they are not official factions and do not replace original-setting faction metadata
CN10,music,music,东方怪奇谈,东方怪奇谈,東方怪奇談,0.0,0,0.0007185628742532932,0.0,0,0.0,C-ba0402176c21df53,CC-ba0402176c21df53,louvain,intersection_count,100.0,0.0,1.0,20260801,1.0.0,not_used,community labels are structural network results; they are not official factions and do not replace original-setting faction metadata
CN10,music,music,东方的蓝色天空,东方的蓝色天空,東方の青い空,0.0,0,0.0007185628742532932,0.0,0,0.0,C-c529899a7508e53c,CC-c529899a7508e53c,louvain,intersection_count,100.0,0.0,1.0,20260801,1.0.0,not_used,community labels are structural network results; they are not official factions and do not replace original-setting faction metadata
CN10,music,music,东方绯想天,东方绯想天,東方緋想天,15112.0,59,0.010966839597156329,0.0,27,0.839862361037586,C-163a12634cea5589,CC-df773e8b96afdd92,louvain,intersection_count,100.0,0.0,1.0,20260801,1.0.0,not_used,community labels are structural network results; they are not official factions and do not replace original-setting faction metadata
CN10,music,music,东方萃梦想,东方萃梦想,東方萃夢想,4147.0,22,0.0033426017165678755,0.0,22,0.46756691584277793,C-32f5db276d9b1b1d,CC-df773e8b96afdd92,louvain,intersection_count,100.0,0.0,1.0,20260801,1.0.0,not_used,community labels are structural network results; they are not official factions and do not replace original-setting faction metadata
CN10,music,music,东风,东风,あゆのかぜ,0.0,0,0.0007185628742532932,0.0,0,0.0,C-324905fc351091a2,CC-324905fc351091a2,louvain,intersection_count,100.0,0.0,1.0,20260801,1.0.0,not_used,community labels are structural network results; they are not official factions and do not replace original-setting faction metadata
CN10,music,music,两个世界,两个世界,二つの世界,0.0,0,0.0007185628742532932,0.0,0,0.0,C-2b7f323c54e6d497,CC-2b7f323c54e6d497,louvain,intersection_count,100.0,0.0,1.0,20260801,1.0.0,not_used,community labels are structural network results; they are not official factions and do not replace original-setting faction metadata
CN10,music,music,久远之梦,久远之梦,久遠の夢,0.0,0,0.0007185628742532932,0.0,0,0.0,C-75fb9314df24b792,CC-75fb9314df24b792,louvain,intersection_count,100.0,0.0,1.0,20260801,1.0.0,not_used,community labels are structural network results; they are not official factions and do not replace original-setting faction metadata
CN10,music,music,九月的南瓜,九月的南瓜,九月のパンプキン,0.0,0,0.0007185628742532932,0.0,0,0.0,C-100fce41f0d83227,CC-100fce41f0d83227,louvain,intersection_count,100.0,0.0,1.0,20260801,1.0.0,not_used,community labels are structural network results; they are not official factions and do not replace original-setting faction metadata
CN10,music,music,争奇斗艳的凭依华,争奇斗艳的凭依华,争奇斗艳的凭依华,0.0,0,0.0007185628742532932,0.0,0,0.0,C-11ac2d04ce1096f9,CC-11ac2d04ce1096f9,louvain,intersection_count,100.0,0.0,1.0,20260801,1.0.0,not_used,community labels are structural network results; they are not official factions and do not replace original-setting faction metadata
CN10,music,music,二人不值一提的博物志,二人不值一提的博物志,他愛も無い二人の博物誌,1440.0,11,0.0018136060758518165,0.0,11,0.5576388888888889,C-11f1225d3ef1355e,CC-df773e8b96afdd92,louvain,intersection_count,100.0,0.0,1.0,20260801,1.0.0,not_used,community labels are structural network results; they are not official factions and do not replace original-setting faction metadata
CN10,music,music,二色莲花蝶,二色莲花蝶,二色蓮花蝶,0.0,0,0.0007185628742532932,0.0,0,0.0,C-c27fd21d52b94e17,CC-c27fd21d52b94e17,louvain,intersection_count,100.0,0.0,1.0,20260801,1.0.0,not_used,community labels are structural network results; they are not official factions and do not replace original-setting faction metadata
CN10,music,music,二色莲花蝶ancients二色莲花蝶redandwhite,二色莲花蝶　～ Ancients（二色莲花蝶　～ Red and White）,二色莲花蝶　～ Ancients（二色莲花蝶　～ Red and White）,2693.0,20,0.002469417637654074,0.0,20,0.7705161529892314,C-11f1225d3ef1355e,CC-df773e8b96afdd92,louvain,intersection_count,100.0,0.0,1.0,20260801,1.0.0,not_used,community labels are structural network results; they are not official factions and do not replace original-setting faction metadata
CN10,music,music,云外苍天,云外苍天,雲外蒼天,0.0,0,0.0007185628742532932,0.0,0,0.0,C-9a75008cb2a00f90,CC-9a75008cb2a00f90,louvain,intersection_count,100.0,0.0,1.0,20260801,1.0.0,not_used,community labels are structural network results; they are not official factions and do not replace original-setting faction metadata
CN10,music,music,亡失的情感,亡失的情感,亡失のエモーション,515.0,4,0.0010722485995772113,0.0,4,0.26990291262135924,C-e8f747f122a36867,CC-df773e8b96afdd92,louvain,intersection_count,100.0,0.0,1.0,20260801,1.0.0,not_used,community labels are structural network results; they are not official factions and do not replace original-setting faction metadata
CN10,music,music,人偶之森,人偶之森,人形の森,0.0,0,0.0007185628742532932,0.0,0,0.0,C-48af6822566f7dd9,CC-48af6822566f7dd9,louvain,intersection_count,100.0,0.0,1.0,20260801,1.0.0,not_used,community labels are structural network results; they are not official factions and do not replace original-setting faction metadata
CN10,music,music,人偶存在的风景,人偶存在的风景,人形のある風景,0.0,0,0.0007185628742532932,0.0,0,0.0,C-69c75f6365308b32,CC-69c75f6365308b32,louvain,intersection_count,100.0,0.0,1.0,20260801,1.0.0,not_used,community labels are structural network results; they are not official factions and do not replace original-setting faction metadata
CN10,music,music,人偶裁判,人偶裁判,人形裁判,0.0,0,0.0007185628742532932,0.0,0,0.0,C-57e68f63884aeebd,CC-57e68f63884aeebd,louvain,intersection_count,100.0,0.0,1.0,20260801,1.0.0,not_used,community labels are structural network results; they are not official factions and do not replace original-setting faction metadata
CN10,music,music,人偶裁判玩弄人形的少女,人偶裁判 ～ 玩弄人形的少女,人偶裁判 ～ 玩弄人形的少女,998.0,9,0.0013506513132730135,0.0,9,0.313627254509018,C-32f5db276d9b1b1d,CC-df773e8b96afdd92,louvain,intersection_count,100.0,0.0,1.0,20260801,1.0.0,not_used,community labels are structural network results; they are not official factions and do not replace original-setting faction metadata
CN10,music,music,亿万劫之钟,亿万劫之钟,亿万劫之钟,0.0,0,0.0007185628742532932,0.0,0,0.0,C-0c01ba08d3fde252,CC-0c01ba08d3fde252,louvain,intersection_count,100.0,0.0,1.0,20260801,1.0.0,not_used,community labels are structural network results; they are not official factions and do not replace original-setting faction metadata
CN10,music,music,今宵是飘逸的自我主义者,今宵是飘逸的自我主义者(Live ver) ～ Egoistic Flowers.,今宵は飄逸なエゴイスト(Live ver)　～ Egoistic Flowers.,0.0,0,0.0007185628742532932,0.0,0,0.0,C-f89efdfe613f6c2e,CC-f89efdfe613f6c2e,louvain,intersection_count,100.0,0.0,1.0,20260801,1.0.0,not_used,community labels are structural network results; they are not official factions and do not replace original-setting faction metadata
CN10,music,music,今宵是飘逸的自我主义者liveveregoisticflowers,今宵是飘逸的自我主义者(Live ver)　～ Egoistic Flowers.,今宵是飘逸的自我主义者(Live ver)　～ Egoistic Flowers.,22082.0,79,0.01764211490504428,0.0005916764908690527,27,0.6329589711076895,C-e8f747f122a36867,CC-df773e8b96afdd92,louvain,intersection_count,100.0,0.0,1.0,20260801,1.0.0,not_used,community labels are structural network results; they are not official factions and do not replace original-setting faction metadata
CN10,music,music,今昔幻想乡,今昔幻想乡 ～ Flower Land,今昔幻想郷　～ Flower Land,0.0,0,0.0007185628742532932,0.0,0,0.0,C-1245cc907a6f530d,CC-1245cc907a6f530d,louvain,intersection_count,100.0,0.0,1.0,20260801,1.0.0,not_used,community labels are structural network results; they are not official factions and do not replace original-setting faction metadata
CN10,music,music,今昔幻想乡flowerland,今昔幻想乡　～ Flower Land,今昔幻想乡　～ Flower Land,0.0,0,0.0007185628742532932,0.0,0,0.0,C-15d8809d25c44703,CC-15d8809d25c44703,louvain,intersection_count,100.0,0.0,1.0,20260801,1.0.0,not_used,community labels are structural network results; they are not official factions and do not replace original-setting faction metadata
CN10,music,music,从地下的归还,从地下的归还,地下からの帰還,0.0,0,0.0007185628742532932,0.0,0,0.0,C-3accc5fdfff9df6f,CC-3accc5fdfff9df6f,louvain,intersection_count,100.0,0.0,1.0,20260801,1.0.0,not_used,community labels are structural network results; they are not official factions and do not replace original-setting faction metadata
CN10,music,music,从神社所见之月,从神社所见之月,神社から見える月,0.0,0,0.0007185628742532932,0.0,0,0.0,C-1a1945e11363ce7f,CC-1a1945e11363ce7f,louvain,intersection_count,100.0,0.0,1.0,20260801,1.0.0,not_used,community labels are structural network results; they are not official factions and do not replace original-setting faction metadata
CN10,music,music,令人怀念的东方之血,令人怀念的东方之血 ～ Old World,懐かしき東方の血　～ Old World,0.0,0,0.0007185628742532932,0.0,0,0.0,C-e72e8e1768d7c3a6,CC-e72e8e1768d7c3a6,louvain,intersection_count,100.0,0.0,1.0,20260801,1.0.0,not_used,community labels are structural network results; they are not official factions and do not replace original-setting faction metadata
CN10,music,music,令人怀念的东方之血oldworld,令人怀念的东方之血　～ Old World,令人怀念的东方之血　～ Old World,3777.0,23,0.003094199807298802,0.0,23,0.4156738151972465,C-32f5db276d9b1b1d,CC-df773e8b96afdd92,louvain,intersection_count,100.0,0.0,1.0,20260801,1.0.0,not_used,community labels are structural network results; they are not official factions and do not replace original-setting faction metadata
CN10,music,music,以死相赌,以死相赌,死を賭して,0.0,0,0.0007185628742532932,0.0,0,0.0,C-9db05328cbe61125,CC-9db05328cbe61125,louvain,intersection_count,100.0,0.0,1.0,20260801,1.0.0,not_used,community labels are structural network results; they are not official factions and do not replace original-setting faction metadata
CN10,music,music,以犯规对不可能的弹幕,以犯规对不可能的弹幕,不可能弾幕には反則を,0.0,0,0.0007185628742532932,0.0,0,0.0,C-f32b009c9c0eda31,CC-f32b009c9c0eda31,louvain,intersection_count,100.0,0.0,1.0,20260801,1.0.0,not_used,community labels are structural network results; they are not official factions and do not replace original-setting faction metadata
CN10,music,music,以鱼驱蝇,以鱼驱蝇,以魚駆蠅,0.0,0,0.0007185628742532932,0.0,0,0.0,C-750f5c976b9c78da,CC-750f5c976b9c78da,louvain,intersection_count,100.0,0.0,1.0,20260801,1.0.0,not_used,community labels are structural network results; they are not official factions and do not replace original-setting faction metadata
CN10,music,music,仰空,仰空,仰空,0.0,0,0.0007185628742532932,0.0,0,0.0,C-256a3be1b8f22d9e,CC-256a3be1b8f22d9e,louvain,intersection_count,100.0,0.0,1.0,20260801,1.0.0,not_used,community labels are structural network results; they are not official factions and do not replace original-setting faction metadata
CN10,music,music,仲夏的妖精梦,仲夏的妖精梦,仲夏的妖精梦,0.0,0,0.0007185628742532932,0.0,0,0.0,C-6982d35cc20aba6e,CC-6982d35cc20aba6e,louvain,intersection_count,100.0,0.0,1.0,20260801,1.0.0,not_used,community labels are structural network results; they are not official factions and do not replace original-setting faction metadata
CN10,music,music,价值不明,价值不明,価値がわからない,0.0,0,0.0007185628742532932,0.0,0,0.0,C-04a063861ea2d2f9,CC-04a063861ea2d2f9,louvain,intersection_count,100.0,0.0,1.0,20260801,1.0.0,not_used,community labels are structural network results; they are not official factions and do not replace original-setting faction metadata
CN10,music,music,伊奘诺物质,伊奘诺物质,イザナギオブジェクト,0.0,0,0.0007185628742532932,0.0,0,0.0,C-652072d96c7f1333,CC-652072d96c7f1333,louvain,intersection_count,100.0,0.0,1.0,20260801,1.0.0,not_used,community labels are structural network results; they are not official factions and do not replace original-setting faction metadata
CN10,music,music,伏瓦鲁魔法图书馆,伏瓦鲁魔法图书馆,ヴワル魔法図書館,0.0,0,0.0007185628742532932,0.0,0,0.0,C-2478b686e63e2f0b,CC-2478b686e63e2f0b,louvain,intersection_count,100.0,0.0,1.0,20260801,1.0.0,not_used,community labels are structural network results; they are not official factions and do not replace original-setting faction metadata
CN10,music,music,众神眷恋的幻想乡,众神眷恋的幻想乡,神々が恋した幻想郷,36785.0,93,0.027062866847334256,0.013510687990746714,27,0.5504417561506049,C-32f5db276d9b1b1d,CC-df773e8b96afdd92,louvain,intersection_count,100.0,0.0,1.0,20260801,1.0.0,not_used,community labels are structural network results; they are not official factions and do not replace original-setting faction metadata
CN10,music,music,会受稻田姬的斥责啦,会受稻田姬的斥责啦,稲田姫様に叱られるから,2682.0,19,0.0024314324087253486,0.0,19,0.7520507084265473,C-163a12634cea5589,CC-df773e8b96afdd92,louvain,intersection_count,100.0,0.0,1.0,20260801,1.0.0,not_used,community labels are structural network results; they are not official factions and do not replace original-setting faction metadata
CN10,music,music,传说中的仙境,传说中的仙境,昔話わんだーらんど,0.0,0,0.0007185628742532932,0.0,0,0.0,C-673828f4c15a6eb0,CC-673828f4c15a6eb0,louvain,intersection_count,100.0,0.0,1.0,20260801,1.0.0,not_used,community labels are structural network results; they are not official factions and do not replace original-setting faction metadata
CN10,music,music,传说的巨神,传说的巨神,伝説の巨神,0.0,0,0.0007185628742532932,0.0,0,0.0,C-002c9a94a24be837,CC-002c9a94a24be837,louvain,intersection_count,100.0,0.0,1.0,20260801,1.0.0,not_used,community labels are structural network results; they are not official factions and do not replace original-setting faction metadata
CN10,music,music,佐渡的二岩,佐渡的二岩,佐渡の二ッ岩,0.0,0,0.0007185628742532932,0.0,0,0.0,C-6b2833d0d3269583,CC-6b2833d0d3269583,louvain,intersection_count,100.0,0.0,1.0,20260801,1.0.0,not_used,community labels are structural network results; they are not official factions and do not replace original-setting faction metadata
CN10,music,music,你所在之城的怪事,你所在之城的怪事,あなたの町の怪事件,0.0,0,0.0007185628742532932,0.0,0,0.0,C-e7086266e89168d8,CC-e7086266e89168d8,louvain,intersection_count,100.0,0.0,1.0,20260801,1.0.0,not_used,community labels are structural network results; they are not official factions and do not replace original-setting faction metadata
CN10,music,music,你见到了那个影子吗,你见到了那个影子吗,君はあの影を見たか,0.0,0,0.0007185628742532932,0.0,0,0.0,C-a00c3555b7f26268,CC-a00c3555b7f26268,louvain,intersection_count,100.0,0.0,1.0,20260801,1.0.0,not_used,community labels are structural network results; they are not official factions and do not replace original-setting faction metadata
CN10,music,music,俄耳甫斯的诗pseudoclassic,俄耳甫斯的诗 ～ Pseudoclassic,オルフェの詩　～ Pseudoclassic,0.0,0,0.0007185628742532932,0.0,0,0.0,C-449a8ebf9adb978d,CC-449a8ebf9adb978d,louvain,intersection_count,100.0,0.0,1.0,20260801,1.0.0,not_used,community labels are structural network results; they are not official factions and do not replace original-setting faction metadata
CN10,music,music,信仰是为了虚幻之人,信仰是为了虚幻之人,信仰は儚き人間の為に,16744.0,63,0.011845984066760601,4.448695420068065e-06,27,0.7787267080745341,C-163a12634cea5589,CC-df773e8b96afdd92,louvain,intersection_count,100.0,0.0,1.0,20260801,1.0.0,not_used,community labels are structural network results; they are not official factions and do not replace original-setting faction metadata
CN10,music,music,光辉的天球仪,光辉的天球仪,光輝く天球儀,0.0,0,0.0007185628742532932,0.0,0,0.0,C-0cd73cf802bc86db,CC-0cd73cf802bc86db,louvain,intersection_count,100.0,0.0,1.0,20260801,1.0.0,not_used,community labels are structural network results; they are not official factions and do not replace original-setting faction metadata
CN10,music,music,克服万千之试炼,克服万千之试炼,千の試練を超えて,0.0,0,0.0007185628742532932,0.0,0,0.0,C-47e54d0851cfedeb,CC-47e54d0851cfedeb,louvain,intersection_count,100.0,0.0,1.0,20260801,1.0.0,not_used,community labels are structural network results; they are not official factions and do not replace original-setting faction metadata
CN10,music,music,兔已着陆,兔已着陆,兎は舞い降りた,213.0,2,0.000868610361972825,0.0,2,0.0,C-e8f747f122a36867,CC-df773e8b96afdd92,louvain,intersection_count,100.0,0.0,1.0,20260801,1.0.0,not_used,community labels are structural network results; they are not official factions and do not replace original-setting faction metadata
CN10,music,music,全有机体的记忆,全有机体的记忆 ～ Memory of Fossil Energy.,有機体全てのメメント　～ Memory of Fossil Energy.,0.0,0,0.0007185628742532932,0.0,0,0.0,C-ab5d6174fab4a60b,CC-ab5d6174fab4a60b,louvain,intersection_count,100.0,0.0,1.0,20260801,1.0.0,not_used,community labels are structural network results; they are not official factions and do not replace original-setting faction metadata
CN10,music,music,全有机体的记忆memoryoffossilenergy,全有机体的记忆　～ Memory of Fossil Energy.,全有机体的记忆　～ Memory of Fossil Energy.,249.0,2,0.000898893254334587,0.0,2,0.0,C-e8f747f122a36867,CC-df773e8b96afdd92,louvain,intersection_count,100.0,0.0,1.0,20260801,1.0.0,not_used,community labels are structural network results; they are not official factions and do not replace original-setting faction metadata
CN10,music,music,公正的争夺,公正的争夺,公正なる奪い合い,0.0,0,0.0007185628742532932,0.0,0,0.0,C-bf6e4c49c95278cf,CC-bf6e4c49c95278cf,louvain,intersection_count,100.0,0.0,1.0,20260801,1.0.0,not_used,community labels are structural network results; they are not official factions and do not replace original-setting faction metadata
CN10,music,music,内心,内心,裏心,0.0,0,0.0007185628742532932,0.0,0,0.0,C-ee4905accca16b99,CC-ee4905accca16b99,louvain,intersection_count,100.0,0.0,1.0,20260801,1.0.0,not_used,community labels are structural network results; they are not official factions and do not replace original-setting faction metadata
CN10,music,music,冷吟闲醉,冷吟闲醉,冷吟閑酔,0.0,0,0.0007185628742532932,0.0,0,0.0,C-2c32ab6a6e074447,CC-2c32ab6a6e074447,louvain,intersection_count,100.0,0.0,1.0,20260801,1.0.0,not_used,community labels are structural network results; they are not official factions and do not replace original-setting faction metadata
CN10,music,music,冻结的永远之都,冻结的永远之都,凍り付いた永遠の都,208.0,2,0.0008654407411338809,0.0,2,0.0,C-e8f747f122a36867,CC-df773e8b96afdd92,louvain,intersection_count,100.0,0.0,1.0,20260801,1.0.0,not_used,community labels are structural network results; they are not official factions and do not replace original-setting faction metadata
CN10,music,music,凋叶棕,凋叶棕（withered leaf）,ティアオイエツォン(withered leaf),0.0,0,0.0007185628742532932,0.0,0,0.0,C-1f91d5f49dfde935,CC-1f91d5f49dfde935,louvain,intersection_count,100.0,0.0,1.0,20260801,1.0.0,not_used,community labels are structural network results; they are not official factions and do not replace original-setting faction metadata
CN10,music,music,凋叶棕witheredleaf,凋叶棕（withered leaf）,凋叶棕（withered leaf）,0.0,0,0.0007185628742532932,0.0,0,0.0,C-c41814c3f2a6f77d,CC-c41814c3f2a6f77d,louvain,intersection_count,100.0,0.0,1.0,20260801,1.0.0,not_used,community labels are structural network results; they are not official factions and do not replace original-setting faction metadata
CN10,music,music,凭依华,凭依华,凭依华,0.0,0,0.0007185628742532932,0.0,0,0.0,C-09e7e69dd6f01b8d,CC-09e7e69dd6f01b8d,louvain,intersection_count,100.0,0.0,1.0,20260801,1.0.0,not_used,community labels are structural network results; they are not official factions and do not replace original-setting faction metadata
CN10,music,music,凭坐处于梦与现实之间,凭坐处于梦与现实之间 ～ Necro-Fantasia,憑坐は夢と現の間に　～ Necro-Fantasia,0.0,0,0.0007185628742532932,0.0,0,0.0,C-b47b5e72938b8dfc,CC-b47b5e72938b8dfc,louvain,intersection_count,100.0,0.0,1.0,20260801,1.0.0,not_used,community labels are structural network results; they are not official factions and do not replace original-setting faction metadata
CN10,music,music,凭坐处于梦与现实之间necrofantasia,凭坐处于梦与现实之间　～ Necro-Fantasia,凭坐处于梦与现实之间　～ Necro-Fantasia,0.0,0,0.0007185628742532932,0.0,0,0.0,C-b36cec6ed4844cc5,CC-b36cec6ed4844cc5,louvain,intersection_count,100.0,0.0,1.0,20260801,1.0.0,not_used,community labels are structural network results; they are not official factions and do not replace original-setting faction metadata
CN10,music,music,凭投依合,凭投依合,憑依投合,0.0,0,0.0007185628742532932,0.0,0,0.0,C-504359326a04f99c,CC-504359326a04f99c,louvain,intersection_count,100.0,0.0,1.0,20260801,1.0.0,not_used,community labels are structural network results; they are not official factions and do not replace original-setting faction metadata
CN10,music,music,出演者选择,出演者选择,出演者选择,0.0,0,0.0007185628742532932,0.0,0,0.0,C-a996952602d5a615,CC-a996952602d5a615,louvain,intersection_count,100.0,0.0,1.0,20260801,1.0.0,not_used,community labels are structural network results; they are not official factions and do not replace original-setting faction metadata
CN10,music,music,到达有顶天,到达有顶天,到达有顶天,0.0,0,0.0007185628742532932,0.0,0,0.0,C-3897659202f58408,CC-3897659202f58408,louvain,intersection_count,100.0,0.0,1.0,20260801,1.0.0,not_used,community labels are structural network results; they are not official factions and do not replace original-setting faction metadata
CN10,music,music,前所未见的噩梦世界,前所未见的噩梦世界,見た事も無い悪夢の世界,0.0,0,0.0007185628742532932,0.0,0,0.0,C-c0debaa493008392,CC-c0debaa493008392,louvain,intersection_count,100.0,0.0,1.0,20260801,1.0.0,not_used,community labels are structural network results; they are not official factions and do not replace original-setting faction metadata
CN10,music,music,剧毒身体,剧毒身体 ～ Forsaken Doll,ポイズンボディ　～ Forsaken Doll,0.0,0,0.0007185628742532932,0.0,0,0.0,C-462bdfb628aa461d,CC-462bdfb628aa461d,louvain,intersection_count,100.0,0.0,1.0,20260801,1.0.0,not_used,community labels are structural network results; they are not official factions and do not replace original-setting faction metadata
CN10,music,music,剧毒身体forsakendoll,剧毒身体　～ Forsaken Doll,剧毒身体　～ Forsaken Doll,0.0,0,0.0007185628742532932,0.0,0,0.0,C-678ce09f35386d26,CC-678ce09f35386d26,louvain,intersection_count,100.0,0.0,1.0,20260801,1.0.0,not_used,community labels are structural network results; they are not official factions and do not replace original-setting faction metadata
CN10,music,music,千年幻想乡,千年幻想乡 ～ History of the Moon,千年幻想郷　～ History of the Moon,0.0,0,0.0007185628742532932,0.0,0,0.0,C-7697143153378dc5,CC-7697143153378dc5,louvain,intersection_count,100.0,0.0,1.0,20260801,1.0.0,not_used,community labels are structural network results; they are not official factions and do not replace original-setting faction metadata
CN10,music,music,千年幻想乡historyofthemoon,千年幻想乡　～ History of the Moon,千年幻想乡　～ History of the Moon,12050.0,45,0.008428265220621088,0.0,27,0.4375933609958506,C-32f5db276d9b1b1d,CC-df773e8b96afdd92,louvain,intersection_count,100.0,0.0,1.0,20260801,1.0.0,not_used,community labels are structural network results; they are not official factions and do not replace original-setting faction metadata
CN10,music,music,午夜中的妖精舞会,午夜中的妖精舞会,午夜中的妖精舞会,0.0,0,0.0007185628742532932,0.0,0,0.0,C-e015fa0223cc94c3,CC-e015fa0223cc94c3,louvain,intersection_count,100.0,0.0,1.0,20260801,1.0.0,not_used,community labels are structural network results; they are not official factions and do not replace original-setting faction metadata
CN10,music,music,午夜的妖精舞会,午夜的妖精舞会,真夜中のフェアリーダンス,0.0,0,0.0007185628742532932,0.0,0,0.0,C-bac9580e67090bbb,CC-bac9580e67090bbb,louvain,intersection_count,100.0,0.0,1.0,20260801,1.0.0,not_used,community labels are structural network results; they are not official factions and do not replace original-setting faction metadata
CN10,music,music,华之幻想红梦之宙,华之幻想 红梦之宙,華の幻想　紅夢の宙,0.0,0,0.0007185628742532932,0.0,0,0.0,C-87c71ef457161b13,CC-87c71ef457161b13,louvain,intersection_count,100.0,0.0,1.0,20260801,1.0.0,not_used,community labels are structural network results; they are not official factions and do not replace original-setting faction metadata
CN10,music,music,华狭间的战场,华狭间的战场,華狭間のバトルフィールド,0.0,0,0.0007185628742532932,0.0,0,0.0,C-ee1612fb7930298c,CC-ee1612fb7930298c,louvain,intersection_count,100.0,0.0,1.0,20260801,1.0.0,not_used,community labels are structural network results; they are not official factions and do not replace original-setting faction metadata
CN10,music,music,华胥之梦,华胥之梦,華胥の夢,0.0,0,0.0007185628742532932,0.0,0,0.0,C-0836d04304a39903,CC-0836d04304a39903,louvain,intersection_count,100.0,0.0,1.0,20260801,1.0.0,not_used,community labels are structural network results; they are not official factions and do not replace original-setting faction metadata
CN10,music,music,博丽easternwind,博丽 ～ Eastern Wind,博麗　～ Eastern Wind,0.0,0,0.0007185628742532932,0.0,0,0.0,C-3420d7ed6e5d4369,CC-3420d7ed6e5d4369,louvain,intersection_count,100.0,0.0,1.0,20260801,1.0.0,not_used,community labels are structural network results; they are not official factions and do not replace original-setting faction metadata
CN10,music,music,博丽神社境内,博丽神社境内,博麗神社境内,0.0,0,0.0007185628742532932,0.0,0,0.0,C-a8ffa8d1c79734b3,CC-a8ffa8d1c79734b3,louvain,intersection_count,100.0,0.0,1.0,20260801,1.0.0,not_used,community labels are structural network results; they are not official factions and do not replace original-setting faction metadata
CN10,music,music,卡纳维拉尔角的梦幻少女,卡纳维拉尔角的梦幻少女,カナベラルの夢幻少女,0.0,0,0.0007185628742532932,0.0,0,0.0,C-c2a887f2378d89fc,CC-c2a887f2378d89fc,louvain,intersection_count,100.0,0.0,1.0,20260801,1.0.0,not_used,community labels are structural network results; they are not official factions and do not replace original-setting faction metadata
CN10,music,music,卫星露天咖啡屋,卫星露天咖啡屋,卫星露天咖啡屋,222.0,2,0.0009409737578682805,0.0,2,0.0,C-11f1225d3ef1355e,CC-df773e8b96afdd92,louvain,intersection_count,100.0,0.0,1.0,20260801,1.0.0,not_used,community labels are structural network results; they are not official factions and do not replace original-setting faction metadata
CN10,music,music,卫星露天咖啡座,卫星露天咖啡座,衛星カフェテラス,0.0,0,0.0007185628742532932,0.0,0,0.0,C-f76a77043d97ec91,CC-f76a77043d97ec91,louvain,intersection_count,100.0,0.0,1.0,20260801,1.0.0,not_used,community labels are structural network results; they are not official factions and do not replace original-setting faction metadata
CN10,music,music,卫星鸟船,卫星鸟船,衛星トリフネ,0.0,0,0.0007185628742532932,0.0,0,0.0,C-8a2279da88c8a4fa,CC-8a2279da88c8a4fa,louvain,intersection_count,100.0,0.0,1.0,20260801,1.0.0,not_used,community labels are structural network results; they are not official factions and do not replace original-setting faction metadata
CN10,music,music,厄神降临之路,厄神降临之路 ～ Dark Road,厄神様の通り道　～ Dark Road,0.0,0,0.0007185628742532932,0.0,0,0.0,C-0384fa9a57914e79,CC-0384fa9a57914e79,louvain,intersection_count,100.0,0.0,1.0,20260801,1.0.0,not_used,community labels are structural network results; they are not official factions and do not replace original-setting faction metadata
CN10,music,music,厄神降临之路darkroad,厄神降临之路　～ Dark Road,厄神降临之路　～ Dark Road,3298.0,21,0.0030173791282506256,0.0,19,0.44663432383262586,C-32f5db276d9b1b1d,CC-df773e8b96afdd92,louvain,intersection_count,100.0,0.0,1.0,20260801,1.0.0,not_used,community labels are structural network results; they are not official factions and do not replace original-setting faction metadata
CN10,music,music,原初的节拍,原初的节拍 ～ Pristine Beat,始原のビート　～ Pristine Beat,0.0,0,0.0007185628742532932,0.0,0,0.0,C-71489d1fc8da3592,CC-71489d1fc8da3592,louvain,intersection_count,100.0,0.0,1.0,20260801,1.0.0,not_used,community labels are structural network results; they are not official factions and do not replace original-setting faction metadata
CN10,music,music,原初的节拍pristinebeat,原初的节拍　～ Pristine Beat,原初的节拍　～ Pristine Beat,831.0,5,0.0012847810867653113,0.0,5,0.12033694344163658,C-e8f747f122a36867,CC-df773e8b96afdd92,louvain,intersection_count,100.0,0.0,1.0,20260801,1.0.0,not_used,community labels are structural network results; they are not official factions and do not replace original-setting faction metadata
CN10,music,music,古老的元神,古老的元神,古きユアンシェン,0.0,0,0.0007185628742532932,0.0,0,0.0,C-d8aef87c89b8f5a1,CC-d8aef87c89b8f5a1,louvain,intersection_count,100.0,0.0,1.0,20260801,1.0.0,not_used,community labels are structural network results; they are not official factions and do not replace original-setting faction metadata
CN10,music,music,古老的冥界寺,古老的冥界寺,古の冥界寺,0.0,0,0.0007185628742532932,0.0,0,0.0,C-84a47a1199ca942f,CC-84a47a1199ca942f,louvain,intersection_count,100.0,0.0,1.0,20260801,1.0.0,not_used,community labels are structural network results; they are not official factions and do not replace original-setting faction metadata
CN10,music,music,另一侧的月,另一侧的月,向こう側の月,0.0,0,0.0007185628742532932,0.0,0,0.0,C-d93e8c0fcb53ae4b,CC-d93e8c0fcb53ae4b,louvain,intersection_count,100.0,0.0,1.0,20260801,1.0.0,not_used,community labels are structural network results; they are not official factions and do not replace original-setting faction metadata
CN10,music,music,只有地藏知晓的哀叹,只有地藏知晓的哀叹,地蔵だけが知る哀嘆,0.0,0,0.0007185628742532932,0.0,0,0.0,C-606add35ff937a2b,CC-606add35ff937a2b,louvain,intersection_count,100.0,0.0,1.0,20260801,1.0.0,not_used,community labels are structural network results; they are not official factions and do not replace original-setting faction metadata
CN10,music,music,可悲的人偶dollofmisery,可悲的人偶 ～ Doll of Misery,悲しき人形　～ Doll of Misery,0.0,0,0.0007185628742532932,0.0,0,0.0,C-be5129e47ee18db1,CC-be5129e47ee18db1,louvain,intersection_count,100.0,0.0,1.0,20260801,1.0.0,not_used,community labels are structural network results; they are not official factions and do not replace original-setting faction metadata
CN10,music,music,可爱的大战争叠奏曲,可爱的大战争叠奏曲,可愛い大戦争のリフレーン,0.0,0,0.0007185628742532932,0.0,0,0.0,C-934b6134827f6363,CC-934b6134827f6363,louvain,intersection_count,100.0,0.0,1.0,20260801,1.0.0,not_used,community labels are structural network results; they are not official factions and do not replace original-setting faction metadata
CN10,music,music,可爱的恶魔innocence,可爱的恶魔 ～ Innocence,かわいい悪魔　～ Innocence,0.0,0,0.0007185628742532932,0.0,0,0.0,C-0d350e39e8b38d63,CC-0d350e39e8b38d63,louvain,intersection_count,100.0,0.0,1.0,20260801,1.0.0,not_used,community labels are structural network results; they are not official factions and do not replace original-setting faction metadata
CN10,music,music,各自的结局,各自的结局,各々の結末,0.0,0,0.0007185628742532932,0.0,0,0.0,C-ea8c86e4d212a336,CC-ea8c86e4d212a336,louvain,intersection_count,100.0,0.0,1.0,20260801,1.0.0,not_used,community labels are structural network results; they are not official factions and do not replace original-setting faction metadata
CN10,music,music,合缘奇缘,合缘奇缘,合縁奇縁,0.0,0,0.0007185628742532932,0.0,0,0.0,C-44a2d7db0dfa5424,CC-44a2d7db0dfa5424,louvain,intersection_count,100.0,0.0,1.0,20260801,1.0.0,not_used,community labels are structural network results; they are not official factions and do not replace original-setting faction metadata
CN10,music,music,同归于尽,同归于尽,同归于尽,0.0,0,0.0007185628742532932,0.0,0,0.0,C-c30e344bbc029396,CC-c30e344bbc029396,louvain,intersection_count,100.0,0.0,1.0,20260801,1.0.0,not_used,community labels are structural network results; they are not official factions and do not replace original-setting faction metadata
CN10,music,music,后院的妖怪参拜道,后院的妖怪参拜道,妖怪裏参道,0.0,0,0.0007185628742532932,0.0,0,0.0,C-d233c8bbfffad6cd,CC-d233c8bbfffad6cd,louvain,intersection_count,100.0,0.0,1.0,20260801,1.0.0,not_used,community labels are structural network results; they are not official factions and do not replace original-setting faction metadata
CN10,music,music,含苞待放的凭依华,含苞待放的凭依华,含苞待放的凭依华,0.0,0,0.0007185628742532932,0.0,0,0.0,C-a9ddd4a7fc6754d9,CC-a9ddd4a7fc6754d9,louvain,intersection_count,100.0,0.0,1.0,20260801,1.0.0,not_used,community labels are structural network results; they are not official factions and do not replace original-setting faction metadata
CN10,music,music,命运的阴暗面,命运的阴暗面,運命のダークサイド,361.0,3,0.0009643243338586733,0.0,3,0.29362880886426596,C-32f5db276d9b1b1d,CC-df773e8b96afdd92,louvain,intersection_count,100.0,0.0,1.0,20260801,1.0.0,not_used,community labels are structural network results; they are not official factions and do not replace original-setting faction metadata
CN10,music,music,哈德曼的妖怪少女,哈德曼的妖怪少女,ハルトマンの妖怪少女,31427.0,89,0.02345926241749893,0.0035811998131547924,27,0.8183409170458523,C-163a12634cea5589,CC-df773e8b96afdd92,louvain,intersection_count,100.0,0.0,1.0,20260801,1.0.0,not_used,community labels are structural network results; they are not official factions and do not replace original-setting faction metadata
CN10,music,music,嘲讽的游戏,嘲讽的游戏,嘲りの遊戯,0.0,0,0.0007185628742532932,0.0,0,0.0,C-70ee6f361fbbfdbb,CC-70ee6f361fbbfdbb,louvain,intersection_count,100.0,0.0,1.0,20260801,1.0.0,not_used,community labels are structural network results; they are not official factions and do not replace original-setting faction metadata
CN10,music,music,噩梦日记,噩梦日记,悪夢日記,0.0,0,0.0007185628742532932,0.0,0,0.0,C-846388620d17261f,CC-846388620d17261f,louvain,intersection_count,100.0,0.0,1.0,20260801,1.0.0,not_used,community labels are structural network results; they are not official factions and do not replace original-setting faction metadata
CN10,music,music,回忆京都,回忆京都,レトロスペクティブ京都,0.0,0,0.0007185628742532932,0.0,0,0.0,C-5d8e53464682ed16,CC-5d8e53464682ed16,louvain,intersection_count,100.0,0.0,1.0,20260801,1.0.0,not_used,community labels are structural network results; they are not official factions and do not replace original-setting faction metadata
CN10,music,music,因夜失眠,因夜失眠,夜だから眠れない,0.0,0,0.0007185628742532932,0.0,0,0.0,C-ca3a52988addb968,CC-ca3a52988addb968,louvain,intersection_count,100.0,0.0,1.0,20260801,1.0.0,not_used,community labels are structural network results; they are not official factions and do not replace original-setting faction metadata
CN10,music,music,圣德传说,圣德传说 ～ True Administrator,聖徳伝説　～ True Administrator,0.0,0,0.0007185628742532932,0.0,0,0.0,C-02e01c07c1f7b657,CC-02e01c07c1f7b657,louvain,intersection_count,100.0,0.0,1.0,20260801,1.0.0,not_used,community labels are structural network results; they are not official factions and do not replace original-setting faction metadata
CN10,music,music,圣德传说trueadministrator,圣德传说 ～ True Administrator,圣德传说 ～ True Administrator,6186.0,29,0.004745334797406578,0.0,26,0.4982217911412868,C-e8f747f122a36867,CC-df773e8b96afdd92,louvain,intersection_count,100.0,0.0,1.0,20260801,1.0.0,not_used,community labels are structural network results; they are not official factions and do not replace original-setting faction metadata
CN10,music,music,圣德太子的天马,圣德太子的天马 ～ Dark Pegasus,聖徳太子のペガサス　〜Dark Pegasus,0.0,0,0.0007185628742532932,0.0,0,0.0,C-4335b952c005c901,CC-4335b952c005c901,louvain,intersection_count,100.0,0.0,1.0,20260801,1.0.0,not_used,community labels are structural network results; they are not official factions and do not replace original-setting faction metadata
CN10,music,music,圣德太子的天马darkpegasus,圣德太子的天马　～ Dark Pegasus,圣德太子的天马　～ Dark Pegasus,0.0,0,0.0007185628742532932,0.0,0,0.0,C-25b70b867f0c0c39,CC-25b70b867f0c0c39,louvain,intersection_count,100.0,0.0,1.0,20260801,1.0.0,not_used,community labels are structural network results; they are not official factions and do not replace original-setting faction metadata
CN10,music,music,圣辇船飞向天空,圣辇船飞向天空,聖輦船空を往く,0.0,0,0.0007185628742532932,0.0,0,0.0,C-34663eaa2bdc6c2f,CC-34663eaa2bdc6c2f,louvain,intersection_count,100.0,0.0,1.0,20260801,1.0.0,not_used,community labels are structural network results; they are not official factions and do not replace original-setting faction metadata
CN10,music,music,在深绿的狸森里,在深绿的狸森里,深緑の狸森にて,0.0,0,0.0007185628742532932,0.0,0,0.0,C-7b00c03435ff2128,CC-7b00c03435ff2128,louvain,intersection_count,100.0,0.0,1.0,20260801,1.0.0,not_used,community labels are structural network results; they are not official factions and do not replace original-setting faction metadata
CN10,music,music,在美妙的墓地里住下吧,在美妙的墓地里住下吧,素敵な墓場で暮しましょ,0.0,0,0.0007185628742532932,0.0,0,0.0,C-87139b63dee26080,CC-87139b63dee26080,louvain,intersection_count,100.0,0.0,1.0,20260801,1.0.0,not_used,community labels are structural network results; they are not official factions and do not replace original-setting faction metadata
CN10,music,music,地之色乃黄色地之色乃黄色primrose,地之色乃黄色（地之色乃黄色　～ Primrose）,地之色乃黄色（地之色乃黄色　～ Primrose）,0.0,0,0.0007185628742532932,0.0,0,0.0,C-e77a2ed3c5566a49,CC-e77a2ed3c5566a49,louvain,intersection_count,100.0,0.0,1.0,20260801,1.0.0,not_used,community labels are structural network results; they are not official factions and do not replace original-setting faction metadata
CN10,music,music,地底绽放的蔷薇,地底绽放的蔷薇,地底に咲く薔薇,0.0,0,0.0007185628742532932,0.0,0,0.0,C-8c3094ddecf7bf0b,CC-8c3094ddecf7bf0b,louvain,intersection_count,100.0,0.0,1.0,20260801,1.0.0,not_used,community labels are structural network results; they are not official factions and do not replace original-setting faction metadata
CN10,music,music,地灵们的归家,地灵们的归家,地霊達の帰宅,0.0,0,0.0007185628742532932,0.0,0,0.0,C-de3024a0f9588963,CC-de3024a0f9588963,louvain,intersection_count,100.0,0.0,1.0,20260801,1.0.0,not_used,community labels are structural network results; they are not official factions and do not replace original-setting faction metadata
CN10,music,music,地灵们的起床,地灵们的起床,地霊達の起床,0.0,0,0.0007185628742532932,0.0,0,0.0,C-d6c57249e3886d14,CC-d6c57249e3886d14,louvain,intersection_count,100.0,0.0,1.0,20260801,1.0.0,not_used,community labels are structural network results; they are not official factions and do not replace original-setting faction metadata
CN10,music,music,境界民俗,境界民俗,境界民俗,0.0,0,0.0007185628742532932,0.0,0,0.0,C-14c9ba809aba598d,CC-14c9ba809aba598d,louvain,intersection_count,100.0,0.0,1.0,20260801,1.0.0,not_used,community labels are structural network results; they are not official factions and do not replace original-setting faction metadata
CN10,music,music,复仇女神的要塞,复仇女神的要塞,ネメシスの要塞,0.0,0,0.0007185628742532932,0.0,0,0.0,C-f73b3b9b75b14bbc,CC-f73b3b9b75b14bbc,louvain,intersection_count,100.0,0.0,1.0,20260801,1.0.0,not_used,community labels are structural network results; they are not official factions and do not replace original-setting faction metadata
CN10,music,music,夏明,夏明,夏明き,0.0,0,0.0007185628742532932,0.0,0,0.0,C-5d41cd2683229bc5,CC-5d41cd2683229bc5,louvain,intersection_count,100.0,0.0,1.0,20260801,1.0.0,not_used,community labels are structural network results; they are not official factions and do not replace original-setting faction metadata
CN10,music,music,夕阳下落,夕阳下落,陽落ちて,0.0,0,0.0007185628742532932,0.0,0,0.0,C-5b5601497bd1e34c,CC-5b5601497bd1e34c,louvain,intersection_count,100.0,0.0,1.0,20260801,1.0.0,not_used,community labels are structural network results; they are not official factions and do not replace original-setting faction metadata
CN10,music,music,外界民俗,外界民俗,外界フォークロア,0.0,0,0.0007185628742532932,0.0,0,0.0,C-cd5990a3cb4c72e4,CC-cd5990a3cb4c72e4,louvain,intersection_count,100.0,0.0,1.0,20260801,1.0.0,not_used,community labels are structural network results; they are not official factions and do not replace original-setting faction metadata
CN10,music,music,夜幕降临,夜幕降临,夜が降りてくる,0.0,0,0.0007185628742532932,0.0,0,0.0,C-12451ee26515e208,CC-12451ee26515e208,louvain,intersection_count,100.0,0.0,1.0,20260801,1.0.0,not_used,community labels are structural network results; they are not official factions and do not replace original-setting faction metadata
CN10,music,music,夜幕降临eveningstar,夜幕降临 ～ Evening Star,夜幕降临 ～ Evening Star,0.0,0,0.0007185628742532932,0.0,0,0.0,C-ba28f3440d6d1f7a,CC-ba28f3440d6d1f7a,louvain,intersection_count,100.0,0.0,1.0,20260801,1.0.0,not_used,community labels are structural network results; they are not official factions and do not replace original-setting faction metadata
CN10,music,music,夜空中的ufo恋曲,夜空中的UFO恋曲,夜空のユーフォーロマンス,0.0,0,0.0007185628742532932,0.0,0,0.0,C-cd90342cc5cc4dad,CC-cd90342cc5cc4dad,louvain,intersection_count,100.0,0.0,1.0,20260801,1.0.0,not_used,community labels are structural network results; they are not official factions and do not replace original-setting faction metadata
CN10,music,music,夜雀的歌声,夜雀的歌声 ～ Night Bird,夜雀の歌声　～ Night Bird,0.0,0,0.0007185628742532932,0.0,0,0.0,C-a41a745a63810267,CC-a41a745a63810267,louvain,intersection_count,100.0,0.0,1.0,20260801,1.0.0,not_used,community labels are structural network results; they are not official factions and do not replace original-setting faction metadata
CN10,music,music,夜雀的歌声nightbird,夜雀的歌声　～ Night Bird,夜雀的歌声　～ Night Bird,0.0,0,0.0007185628742532932,0.0,0,0.0,C-2964a2eca5b43d49,CC-2964a2eca5b43d49,louvain,intersection_count,100.0,0.0,1.0,20260801,1.0.0,not_used,community labels are structural network results; they are not official factions and do not replace original-setting faction metadata
CN10,music,music,大吉猫咪,大吉猫咪,大吉キトゥン,3861.0,22,0.003229490578896086,0.0,21,0.6506086506086506,C-e8f747f122a36867,CC-df773e8b96afdd92,louvain,intersection_count,100.0,0.0,1.0,20260801,1.0.0,not_used,community labels are structural network results; they are not official factions and do not replace original-setting faction metadata
CN10,music,music,大地之底刚欲之海,大地之底，刚欲之海,大地の底、剛欲の海,0.0,0,0.0007185628742532932,0.0,0,0.0,C-77898cf67189fc71,CC-77898cf67189fc71,louvain,intersection_count,100.0,0.0,1.0,20260801,1.0.0,not_used,community labels are structural network results; they are not official factions and do not replace original-setting faction metadata
CN10,music,music,大江山的花之酒宴,大江山的花之酒宴,華のさかづき大江山,0.0,0,0.0007185628742532932,0.0,0,0.0,C-b0240da0e7053c0e,CC-b0240da0e7053c0e,louvain,intersection_count,100.0,0.0,1.0,20260801,1.0.0,not_used,community labels are structural network results; they are not official factions and do not replace original-setting faction metadata
CN10,music,music,大神神话传,大神神话传,大神神話伝,0.0,0,0.0007185628742532932,0.0,0,0.0,C-5eb92e7ac8fdf5dd,CC-5eb92e7ac8fdf5dd,louvain,intersection_count,100.0,0.0,1.0,20260801,1.0.0,not_used,community labels are structural network results; they are not official factions and do not replace original-setting faction metadata
CN10,music,music,大空魔术magicalastronomy,大空魔术 ～ Magical Astronomy,大空魔術　～ Magical Astronomy,0.0,0,0.0007185628742532932,0.0,0,0.0,C-70bd8a70f7a1860b,CC-70bd8a70f7a1860b,louvain,intersection_count,100.0,0.0,1.0,20260801,1.0.0,not_used,community labels are structural network results; they are not official factions and do not replace original-setting faction metadata
CN10,music,music,天使传说,天使传说,天使伝説,0.0,0,0.0007185628742532932,0.0,0,0.0,C-de4746033539e2ce,CC-de4746033539e2ce,louvain,intersection_count,100.0,0.0,1.0,20260801,1.0.0,not_used,community labels are structural network results; they are not official factions and do not replace original-setting faction metadata
CN10,music,music,天狗正凝视着,天狗正凝视着 ～ Black Eyes,天狗が見ている　～ Black Eyes,0.0,0,0.0007185628742532932,0.0,0,0.0,C-1adbdf2c40aed07c,CC-1adbdf2c40aed07c,louvain,intersection_count,100.0,0.0,1.0,20260801,1.0.0,not_used,community labels are structural network results; they are not official factions and do not replace original-setting faction metadata
CN10,music,music,天狗正凝视着blackeyes,天狗正凝视着 ～ Black Eyes,天狗正凝视着 ～ Black Eyes,0.0,0,0.0007185628742532932,0.0,0,0.0,C-a01dbc833787c925,CC-a01dbc833787c925,louvain,intersection_count,100.0,0.0,1.0,20260801,1.0.0,not_used,community labels are structural network results; they are not official factions and do not replace original-setting faction metadata
CN10,music,music,天狗的笔记mysteriousnote,天狗的笔记 ～ Mysterious Note,天狗の手帖　～ Mysterious Note,0.0,0,0.0007185628742532932,0.0,0,0.0,C-976133d8dd27e743,CC-976133d8dd27e743,louvain,intersection_count,100.0,0.0,1.0,20260801,1.0.0,not_used,community labels are structural network results; they are not official factions and do not replace original-setting faction metadata
CN10,music,music,天理人欲,天理人欲,天理人欲,0.0,0,0.0007185628742532932,0.0,0,0.0,C-185ce5c9784709b7,CC-185ce5c9784709b7,louvain,intersection_count,100.0,0.0,1.0,20260801,1.0.0,not_used,community labels are structural network results; they are not official factions and do not replace original-setting faction metadata
CN10,music,music,天空军团,天空军团,天空アーミー,0.0,0,0.0007185628742532932,0.0,0,0.0,C-a927cff931115dca,CC-a927cff931115dca,louvain,intersection_count,100.0,0.0,1.0,20260801,1.0.0,not_used,community labels are structural network results; they are not official factions and do not replace original-setting faction metadata
CN10,music,music,天空的格林尼治,天空的格林尼治,天空のグリニッジ,2601.0,19,0.0029272500895931954,0.0005160486687278956,15,0.6428296808919647,C-11f1225d3ef1355e,CC-df773e8b96afdd92,louvain,intersection_count,100.0,0.0,1.0,20260801,1.0.0,not_used,community labels are structural network results; they are not official factions and do not replace original-setting faction metadata
CN10,music,music,天空的花都,天空的花都,天空の花の都,4595.0,29,0.0037583735181389868,0.0,27,0.843525571273123,C-11f1225d3ef1355e,CC-df773e8b96afdd92,louvain,intersection_count,100.0,0.0,1.0,20260801,1.0.0,not_used,community labels are structural network results; they are not official factions and do not replace original-setting faction metadata
CN10,music,music,天衣无缝天衣无缝yellowlily,天衣无缝（天衣无缝　～ Yellow Lily）,天衣无缝（天衣无缝　～ Yellow Lily）,0.0,0,0.0007185628742532932,0.0,0,0.0,C-587caf2f56ba4c48,CC-587caf2f56ba4c48,louvain,intersection_count,100.0,0.0,1.0,20260801,1.0.0,not_used,community labels are structural network results; they are not official factions and do not replace original-setting faction metadata
CN10,music,music,天魔之山漫天星,天魔之山漫天星,星降る天魔の山,747.0,5,0.0012302840495417105,0.0,5,0.0,C-e8f747f122a36867,CC-df773e8b96afdd92,louvain,intersection_count,100.0,0.0,1.0,20260801,1.0.0,not_used,community labels are structural network results; they are not official factions and do not replace original-setting faction metadata
CN10,music,music,天鸟船神社,天鸟船神社,天鳥船神社,0.0,0,0.0007185628742532932,0.0,0,0.0,C-863d67ac3f66723c,CC-863d67ac3f66723c,louvain,intersection_count,100.0,0.0,1.0,20260801,1.0.0,not_used,community labels are structural network results; they are not official factions and do not replace original-setting faction metadata
CN10,music,music,天鸟船神社的结界,天鸟船神社的结界,天鳥船神社の結界,0.0,0,0.0007185628742532932,0.0,0,0.0,C-9a7f74ecbb808d5d,CC-9a7f74ecbb808d5d,louvain,intersection_count,100.0,0.0,1.0,20260801,1.0.0,not_used,community labels are structural network results; they are not official factions and do not replace original-setting faction metadata
CN10,music,music,天鹅绒少女战velvetbattle,天鹅绒少女战 ～ Velvet Battle,天鵞絨少女戦　～ Velvet Battle,0.0,0,0.0007185628742532932,0.0,0,0.0,C-c3cbc5db05396459,CC-c3cbc5db05396459,louvain,intersection_count,100.0,0.0,1.0,20260801,1.0.0,not_used,community labels are structural network results; they are not official factions and do not replace original-setting faction metadata
CN10,music,music,奥尔良的圣骑士,奥尔良的圣骑士,オルレアンの聖騎士,0.0,0,0.0007185628742532932,0.0,0,0.0,C-cc5cd43cbe138712,CC-cc5cd43cbe138712,louvain,intersection_count,100.0,0.0,1.0,20260801,1.0.0,not_used,community labels are structural network results; they are not official factions and do not replace original-setting faction metadata
CN10,music,music,女仆与血之怀表,女仆与血之怀表,メイドと血の懐中時計,652.0,4,0.0011134985306685715,0.0,4,0.0,C-32f5db276d9b1b1d,CC-df773e8b96afdd92,louvain,intersection_count,100.0,0.0,1.0,20260801,1.0.0,not_used,community labels are structural network results; they are not official factions and do not replace original-setting faction metadata
CN10,music,music,女仆幻想icemilkmagic,女仆幻想 ～ Icemilk Magic,メイド幻想　～ Icemilk Magic,0.0,0,0.0007185628742532932,0.0,0,0.0,C-dd9c5713c07c6b18,CC-dd9c5713c07c6b18,louvain,intersection_count,100.0,0.0,1.0,20260801,1.0.0,not_used,community labels are structural network results; they are not official factions and do not replace original-setting faction metadata
CN10,music,music,好奇的上海古牌,好奇的上海古牌,好奇的上海古牌,0.0,0,0.0007185628742532932,0.0,0,0.0,C-b5c15d3966556fa8,CC-b5c15d3966556fa8,louvain,intersection_count,100.0,0.0,1.0,20260801,1.0.0,not_used,community labels are structural network results; they are not official factions and do not replace original-setting faction metadata
CN10,music,music,如鬼灯般的红色之魂,如鬼灯般的红色之魂,ほおずきみたいに紅い魂,0.0,0,0.0007185628742532932,0.0,0,0.0,C-fe67d9a2aefa135c,CC-fe67d9a2aefa135c,louvain,intersection_count,100.0,0.0,1.0,20260801,1.0.0,not_used,community labels are structural network results; they are not official factions and do not replace original-setting faction metadata
CN10,music,music,妖妖梦snoworcherrypetal,妖妖梦 ～ Snow or Cherry Petal,妖々夢　～ Snow or Cherry Petal,0.0,0,0.0007185628742532932,0.0,0,0.0,C-a29c1c3186cbe0d3,CC-a29c1c3186cbe0d3,louvain,intersection_count,100.0,0.0,1.0,20260801,1.0.0,not_used,community labels are structural network results; they are not official factions and do not replace original-setting faction metadata
CN10,music,music,妖妖跋扈,妖妖跋扈 ～ Who done it!,妖々跋扈　～ Who done it!,0.0,0,0.0007185628742532932,0.0,0,0.0,C-f6cc25a0854bdbab,CC-f6cc25a0854bdbab,louvain,intersection_count,100.0,0.0,1.0,20260801,1.0.0,not_used,community labels are structural network results; they are not official factions and do not replace original-setting faction metadata
CN10,music,music,妖妖跋扈speedfox,妖妖跋扈　～ Speed Fox!,妖妖跋扈　～ Speed Fox!,0.0,0,0.0007185628742532932,0.0,0,0.0,C-8d5b3afe345835e7,CC-8d5b3afe345835e7,louvain,intersection_count,100.0,0.0,1.0,20260801,1.0.0,not_used,community labels are structural network results; they are not official factions and do not replace original-setting faction metadata
CN10,music,music,妖妖跋扈whodoneit,妖妖跋扈 ～ Who done it!,妖妖跋扈 ～ Who done it!,0.0,0,0.0007185628742532932,0.0,0,0.0,C-5d6a28978133f897,CC-5d6a28978133f897,louvain,intersection_count,100.0,0.0,1.0,20260801,1.0.0,not_used,community labels are structural network results; they are not official factions and do not replace original-setting faction metadata
CN10,music,music,妖异们的骤雨,妖异们的骤雨,妖異達の通り雨,0.0,0,0.0007185628742532932,0.0,0,0.0,C-cadc9685f0470374,CC-cadc9685f0470374,louvain,intersection_count,100.0,0.0,1.0,20260801,1.0.0,not_used,community labels are structural network results; they are not official factions and do not replace original-setting faction metadata
CN10,music,music,妖怪之山,妖怪之山 ～ Mysterious Mountain,妖怪の山　～ Mysterious Mountain,0.0,0,0.0007185628742532932,0.0,0,0.0,C-ed71c8ada2561ddc,CC-ed71c8ada2561ddc,louvain,intersection_count,100.0,0.0,1.0,20260801,1.0.0,not_used,community labels are structural network results; they are not official factions and do not replace original-setting faction metadata
CN10,music,music,妖怪之山mysteriousmountain,妖怪之山 ～ Mysterious Mountain,妖怪之山 ～ Mysterious Mountain,8772.0,45,0.006491444836894187,0.0,27,0.7137482900136799,C-163a12634cea5589,CC-df773e8b96afdd92,louvain,intersection_count,100.0,0.0,1.0,20260801,1.0.0,not_used,community labels are structural network results; they are not official factions and do not replace original-setting faction metadata
CN10,music,music,妖怪宇宙旅行,妖怪宇宙旅行,妖怪宇宙旅行,0.0,0,0.0007185628742532932,0.0,0,0.0,C-94c56e681ae60bd3,CC-94c56e681ae60bd3,louvain,intersection_count,100.0,0.0,1.0,20260801,1.0.0,not_used,community labels are structural network results; they are not official factions and do not replace original-setting faction metadata
CN10,music,music,妖怪寺,妖怪寺,妖怪寺,0.0,0,0.0007185628742532932,0.0,0,0.0,C-2bbb37afd998401b,CC-2bbb37afd998401b,louvain,intersection_count,100.0,0.0,1.0,20260801,1.0.0,not_used,community labels are structural network results; they are not official factions and do not replace original-setting faction metadata
CN10,music,music,妖怪山间无色风,妖怪山间无色风,妖怪山间无色风,0.0,0,0.0007185628742532932,0.0,0,0.0,C-5e9a3ca9c5c76fa7,CC-5e9a3ca9c5c76fa7,louvain,intersection_count,100.0,0.0,1.0,20260801,1.0.0,not_used,community labels are structural network results; they are not official factions and do not replace original-setting faction metadata
CN10,music,music,妖怪里参道,妖怪里参道,妖怪里参道,0.0,0,0.0007185628742532932,0.0,0,0.0,C-bed2d57b7dacb00f,CC-bed2d57b7dacb00f,louvain,intersection_count,100.0,0.0,1.0,20260801,1.0.0,not_used,community labels are structural network results; they are not official factions and do not replace original-setting faction metadata
CN10,music,music,妖精冒险谭,妖精冒险谭,フェアリー冒険譚,0.0,0,0.0007185628742532932,0.0,0,0.0,C-219515fc7ce19f7a,CC-219515fc7ce19f7a,louvain,intersection_count,100.0,0.0,1.0,20260801,1.0.0,not_used,community labels are structural network results; they are not official factions and do not replace original-setting faction metadata
CN10,music,music,妖精大战争,妖精大战争 ～ Fairy Wars,妖精大戦争　～ Fairy Wars,0.0,0,0.0007185628742532932,0.0,0,0.0,C-1f05adf09bb61a98,CC-1f05adf09bb61a98,louvain,intersection_count,100.0,0.0,1.0,20260801,1.0.0,not_used,community labels are structural network results; they are not official factions and do not replace original-setting faction metadata
CN10,music,music,妖精大战争failywars,妖精大战争 ～Faily Wars,妖精大战争 ～Faily Wars,0.0,0,0.0007185628742532932,0.0,0,0.0,C-1b3261a9d2ffa44f,CC-1b3261a9d2ffa44f,louvain,intersection_count,100.0,0.0,1.0,20260801,1.0.0,not_used,community labels are structural network results; they are not official factions and do not replace original-setting faction metadata
CN10,music,music,妖精灿烂的样子,妖精灿烂的样子,妖精燦々として,0.0,0,0.0007185628742532932,0.0,0,0.0,C-c704a455939da165,CC-c704a455939da165,louvain,intersection_count,100.0,0.0,1.0,20260801,1.0.0,not_used,community labels are structural network results; they are not official factions and do not replace original-setting faction metadata
CN10,music,music,妖魔夜行,妖魔夜行,妖魔夜行,2342.0,16,0.0021854508921778605,0.0,16,0.2856532877882152,C-32f5db276d9b1b1d,CC-df773e8b96afdd92,louvain,intersection_count,100.0,0.0,1.0,20260801,1.0.0,not_used,community labels are structural network results; they are not official factions and do not replace original-setting faction metadata
CN10,music,music,孤独的狼人,孤独的狼人,孤独なウェアウルフ,0.0,0,0.0007185628742532932,0.0,0,0.0,C-8bb226450832f085,CC-8bb226450832f085,louvain,intersection_count,100.0,0.0,1.0,20260801,1.0.0,not_used,community labels are structural network results; they are not official factions and do not replace original-setting faction metadata
CN10,music,music,宇佐大人的白旗,宇佐大人的白旗,お宇佐さまの素い幡,0.0,0,0.0007185628742532932,0.0,0,0.0,C-248ffa77d5b373fb,CC-248ffa77d5b373fb,louvain,intersection_count,100.0,0.0,1.0,20260801,1.0.0,not_used,community labels are structural network results; they are not official factions and do not replace original-setting faction metadata
CN10,music,music,宇宙巫女归还,宇宙巫女归还,宇宙巫女帰還する,0.0,0,0.0007185628742532932,0.0,0,0.0,C-5960b1fb829ab875,CC-5960b1fb829ab875,louvain,intersection_count,100.0,0.0,1.0,20260801,1.0.0,not_used,community labels are structural network results; they are not official factions and do not replace original-setting faction metadata
CN10,music,music,宇宙巫女现身,宇宙巫女现身,宇宙巫女現る,0.0,0,0.0007185628742532932,0.0,0,0.0,C-241bfc9e360e9966,CC-241bfc9e360e9966,louvain,intersection_count,100.0,0.0,1.0,20260801,1.0.0,not_used,community labels are structural network results; they are not official factions and do not replace original-setting faction metadata
CN10,music,music,守旧老爹与前卫少女,守旧老爹与前卫少女,時代親父とハイカラ少女,0.0,0,0.0007185628742532932,0.0,0,0.0,C-82dbb549987493d5,CC-82dbb549987493d5,louvain,intersection_count,100.0,0.0,1.0,20260801,1.0.0,not_used,community labels are structural network results; they are not official factions and do not replace original-setting faction metadata
CN10,music,music,官板黄昏新闻,官板黄昏新闻,官板黄昏新聞,0.0,0,0.0007185628742532932,0.0,0,0.0,C-f88850d022f33b77,CC-f88850d022f33b77,louvain,intersection_count,100.0,0.0,1.0,20260801,1.0.0,not_used,community labels are structural network results; they are not official factions and do not replace original-setting faction metadata
CN10,music,music,容貌错乱horriblenight,容貌错乱　～ Horrible Night,容貌错乱　～ Horrible Night,0.0,0,0.0007185628742532932,0.0,0,0.0,C-1fd447c932035c70,CC-1fd447c932035c70,louvain,intersection_count,100.0,0.0,1.0,20260801,1.0.0,not_used,community labels are structural network results; they are not official factions and do not replace original-setting faction metadata
CN10,music,music,宿醉者的同床异梦,宿醉者的同床异梦,二日酔いの同床異夢,0.0,0,0.0007185628742532932,0.0,0,0.0,C-24e1d36f54d3becb,CC-24e1d36f54d3becb,louvain,intersection_count,100.0,0.0,1.0,20260801,1.0.0,not_used,community labels are structural network results; they are not official factions and do not replace original-setting faction metadata
CN10,music,music,寄世界于偶像,寄世界于偶像 ～ Idoratrize World,偶像に世界を委ねて　〜Idoratrize World,0.0,0,0.0007185628742532932,0.0,0,0.0,C-793157fd43bac0e6,CC-793157fd43bac0e6,louvain,intersection_count,100.0,0.0,1.0,20260801,1.0.0,not_used,community labels are structural network results; they are not official factions and do not replace original-setting faction metadata
CN10,music,music,寄世界于偶像idoratrizeworld,寄世界于偶像　～ Idoratrize World,寄世界于偶像　～ Idoratrize World,36942.0,107,0.032858879930709524,0.015743933091620883,27,0.5983704184938552,C-e8f747f122a36867,CC-df773e8b96afdd92,louvain,intersection_count,100.0,0.0,1.0,20260801,1.0.0,not_used,community labels are structural network results; they are not official factions and do not replace original-setting faction metadata
CN10,music,music,对跖点之钟,对跖点之钟,対蹠地の鐘,0.0,0,0.0007185628742532932,0.0,0,0.0,C-368e9d90a7bfcb46,CC-368e9d90a7bfcb46,louvain,intersection_count,100.0,0.0,1.0,20260801,1.0.0,not_used,community labels are structural network results; they are not official factions and do not replace original-setting faction metadata
CN10,music,music,封闭的云中通路,封闭的云中通路,閉ざせし雲の通い路,0.0,0,0.0007185628742532932,0.0,0,0.0,C-c0f8b1c1a5664dff,CC-c0f8b1c1a5664dff,louvain,intersection_count,100.0,0.0,1.0,20260801,1.0.0,not_used,community labels are structural network results; they are not official factions and do not replace original-setting faction metadata
CN10,music,music,封魔终演,封魔终演,封魔終演,0.0,0,0.0007185628742532932,0.0,0,0.0,C-97e1e38ea3d0609e,CC-97e1e38ea3d0609e,louvain,intersection_count,100.0,0.0,1.0,20260801,1.0.0,not_used,community labels are structural network results; they are not official factions and do not replace original-setting faction metadata
CN10,music,music,小小欲望的星空,小小欲望的星空,小さな欲望の星空,0.0,0,0.0007185628742532932,0.0,0,0.0,C-92080efd2c527101,CC-92080efd2c527101,louvain,intersection_count,100.0,0.0,1.0,20260801,1.0.0,not_used,community labels are structural network results; they are not official factions and do not replace original-setting faction metadata
CN10,music,music,小小的贤将,小小的贤将,小さな小さな賢将,0.0,0,0.0007185628742532932,0.0,0,0.0,C-7a6b0b98abc90071,CC-7a6b0b98abc90071,louvain,intersection_count,100.0,0.0,1.0,20260801,1.0.0,not_used,community labels are structural network results; they are not official factions and do not replace original-setting faction metadata
CN10,music,music,小槌的魔力,小槌的魔力,小槌の魔力,0.0,0,0.0007185628742532932,0.0,0,0.0,C-27d1eecc3725dc2f,CC-27d1eecc3725dc2f,louvain,intersection_count,100.0,0.0,1.0,20260801,1.0.0,not_used,community labels are structural network results; they are not official factions and do not replace original-setting faction metadata
CN10,music,music,少女幻葬,少女幻葬 ～ Necro-Fantasy,少女幻葬　～ Necro-Fantasy,0.0,0,0.0007185628742532932,0.0,0,0.0,C-76617514ca2bfac1,CC-76617514ca2bfac1,louvain,intersection_count,100.0,0.0,1.0,20260801,1.0.0,not_used,community labels are structural network results; they are not official factions and do not replace original-setting faction metadata
CN10,music,music,少女幻葬necrofantasy,少女幻葬 ～ Necro-Fantasy,少女幻葬 ～ Necro-Fantasy,8542.0,32,0.006094331036056203,0.0,27,0.3533130414422852,C-32f5db276d9b1b1d,CC-df773e8b96afdd92,louvain,intersection_count,100.0,0.0,1.0,20260801,1.0.0,not_used,community labels are structural network results; they are not official factions and do not replace original-setting faction metadata
CN10,music,music,少女战士heartofvalkyrie,少女战士 ～ Heart of Valkyrie,乙女戦士　～ Heart of Valkyrie,0.0,0,0.0007185628742532932,0.0,0,0.0,C-42db3da19f8fc016,CC-42db3da19f8fc016,louvain,intersection_count,100.0,0.0,1.0,20260801,1.0.0,not_used,community labels are structural network results; they are not official factions and do not replace original-setting faction metadata
CN10,music,music,少女曾见的日本原风景,少女曾见的日本原风景,少女が見た日本の原風景,4602.0,28,0.003675540282602854,0.0,27,0.6960017383746198,C-163a12634cea5589,CC-df773e8b96afdd92,louvain,intersection_count,100.0,0.0,1.0,20260801,1.0.0,not_used,community labels are structural network results; they are not official factions and do not replace original-setting faction metadata
CN10,music,music,少女神性pandorasbox,少女神性 ～ Pandora's Box,少女神性　～ Pandora's Box,0.0,0,0.0007185628742532932,0.0,0,0.0,C-31958dbc2efc3053,CC-31958dbc2efc3053,louvain,intersection_count,100.0,0.0,1.0,20260801,1.0.0,not_used,community labels are structural network results; they are not official factions and do not replace original-setting faction metadata
CN10,music,music,少女秘封俱乐部,少女秘封俱乐部,少女秘封倶楽部,1714.0,13,0.0019950647115723028,0.0,12,0.5927654609101517,C-11f1225d3ef1355e,CC-df773e8b96afdd92,louvain,intersection_count,100.0,0.0,1.0,20260801,1.0.0,not_used,community labels are structural network results; they are not official factions and do not replace original-setting faction metadata
CN10,music,music,少女绮想曲,少女绮想曲,少女綺想曲,0.0,0,0.0007185628742532932,0.0,0,0.0,C-38ab0f8abde92f41,CC-38ab0f8abde92f41,louvain,intersection_count,100.0,0.0,1.0,20260801,1.0.0,not_used,community labels are structural network results; they are not official factions and do not replace original-setting faction metadata
CN10,music,music,少女绮想曲capriccio,少女绮想曲 ～ Capriccio,少女绮想曲 ～ Capriccio,11923.0,45,0.008374092781002342,4.448695420068065e-06,27,0.4443512538790573,C-32f5db276d9b1b1d,CC-df773e8b96afdd92,louvain,intersection_count,100.0,0.0,1.0,20260801,1.0.0,not_used,community labels are structural network results; they are not official factions and do not replace original-setting faction metadata
CN10,music,music,少女觉,少女觉 ～ 3rd eye,少女さとり　～ 3rd eye,0.0,0,0.0007185628742532932,0.0,0,0.0,C-b3fcc4c740b3b5e8,CC-b3fcc4c740b3b5e8,louvain,intersection_count,100.0,0.0,1.0,20260801,1.0.0,not_used,community labels are structural network results; they are not official factions and do not replace original-setting faction metadata
CN10,music,music,少女觉3rdeye,少女觉 ～ 3rd eye,少女觉 ～ 3rd eye,16333.0,61,0.011879399586853199,0.0,27,0.7648319353456193,C-163a12634cea5589,CC-df773e8b96afdd92,louvain,intersection_count,100.0,0.0,1.0,20260801,1.0.0,not_used,community labels are structural network results; they are not official factions and do not replace original-setting faction metadata
CN10,music,music,尘世不变的悲观主义,尘世不变的悲观主义,塵界不変のペシミズム,100.0,1,0.0007864724733352458,0.0,1,0.0,C-e8f747f122a36867,CC-df773e8b96afdd92,louvain,intersection_count,100.0,0.0,1.0,20260801,1.0.0,not_used,community labels are structural network results; they are not official factions and do not replace original-setting faction metadata
CN10,music,music,尸体旅行,尸体旅行 ～ Be of good cheer!,死体旅行　～ Be of good cheer!,0.0,0,0.0007185628742532932,0.0,0,0.0,C-beb8e0ccfb55c507,CC-beb8e0ccfb55c507,louvain,intersection_count,100.0,0.0,1.0,20260801,1.0.0,not_used,community labels are structural network results; they are not official factions and do not replace original-setting faction metadata
CN10,music,music,尸体旅行beofgoodcheer,尸体旅行　～ Be of good cheer!,尸体旅行　～ Be of good cheer!,224.0,2,0.0008589493674319899,0.0,2,0.0,C-163a12634cea5589,CC-df773e8b96afdd92,louvain,intersection_count,100.0,0.0,1.0,20260801,1.0.0,not_used,community labels are structural network results; they are not official factions and do not replace original-setting faction metadata
CN10,music,music,山脚的神社,山脚的神社,麓の神社,0.0,0,0.0007185628742532932,0.0,0,0.0,C-576147792cb81d99,CC-576147792cb81d99,louvain,intersection_count,100.0,0.0,1.0,20260801,1.0.0,not_used,community labels are structural network results; they are not official factions and do not replace original-setting faction metadata
CN10,music,music,巨大的影子与渺小的结局,巨大的影子与渺小的结局,巨大な影と小さな結末,0.0,0,0.0007185628742532932,0.0,0,0.0,C-921e64a15ad69a56,CC-921e64a15ad69a56,louvain,intersection_count,100.0,0.0,1.0,20260801,1.0.0,not_used,community labels are structural network results; they are not official factions and do not replace original-setting faction metadata
CN10,music,music,已经只能听见歌声了,已经只能听见歌声了,もう歌しか聞こえない,0.0,0,0.0007185628742532932,0.0,0,0.0,C-7453d78cf598d106,CC-7453d78cf598d106,louvain,intersection_count,100.0,0.0,1.0,20260801,1.0.0,not_used,community labels are structural network results; they are not official factions and do not replace original-setting faction metadata
CN10,music,music,巴瓦鲁魔法图书馆,巴瓦鲁魔法图书馆,巴瓦鲁魔法图书馆,0.0,0,0.0007185628742532932,0.0,0,0.0,C-526225a5d054b635,CC-526225a5d054b635,louvain,intersection_count,100.0,0.0,1.0,20260801,1.0.0,not_used,community labels are structural network results; they are not official factions and do not replace original-setting faction metadata
CN10,music,music,布加勒斯特的人偶师,布加勒斯特的人偶师,ブクレシュティの人形師,0.0,0,0.0007185628742532932,0.0,0,0.0,C-78448ce139317370,CC-78448ce139317370,louvain,intersection_count,100.0,0.0,1.0,20260801,1.0.0,not_used,community labels are structural network results; they are not official factions and do not replace original-setting faction metadata
CN10,music,music,希望之星直升青霄,希望之星直升青霄,希望の星は青霄に昇る,0.0,0,0.0007185628742532932,0.0,0,0.0,C-deff626e950bc60b,CC-deff626e950bc60b,louvain,intersection_count,100.0,0.0,1.0,20260801,1.0.0,not_used,community labels are structural network results; they are not official factions and do not replace original-setting faction metadata
CN10,music,music,平安时代的外星人,平安时代的外星人,平安のエイリアン,260.0,2,0.0008987265384550231,0.0,2,0.4807692307692308,C-163a12634cea5589,CC-df773e8b96afdd92,louvain,intersection_count,100.0,0.0,1.0,20260801,1.0.0,not_used,community labels are structural network results; they are not official factions and do not replace original-setting faction metadata
CN10,music,music,幻想乡lotuslandstory,幻想乡 ～ Lotus Land Story,幻想郷　～ Lotus Land Story,0.0,0,0.0007185628742532932,0.0,0,0.0,C-e31d6eb2b43b893e,CC-e31d6eb2b43b893e,louvain,intersection_count,100.0,0.0,1.0,20260801,1.0.0,not_used,community labels are structural network results; they are not official factions and do not replace original-setting faction metadata
CN10,music,music,幻想乡不可思议发现,幻想乡不可思议发现,幻想郷ふしぎ発見,0.0,0,0.0007185628742532932,0.0,0,0.0,C-677bbd7405d115ff,CC-677bbd7405d115ff,louvain,intersection_count,100.0,0.0,1.0,20260801,1.0.0,not_used,community labels are structural network results; they are not official factions and do not replace original-setting faction metadata
CN10,music,music,幻想乡的二岩,幻想乡的二岩,幻想郷の二ッ岩,0.0,0,0.0007185628742532932,0.0,0,0.0,C-d539d8a8a6969eb7,CC-d539d8a8a6969eb7,louvain,intersection_count,100.0,0.0,1.0,20260801,1.0.0,not_used,community labels are structural network results; they are not official factions and do not replace original-setting faction metadata
CN10,music,music,幻想净琉璃,幻想净琉璃,幻想浄瑠璃,7768.0,38,0.006044405994730476,0.0,27,0.55870236869207,C-e8f747f122a36867,CC-df773e8b96afdd92,louvain,intersection_count,100.0,0.0,1.0,20260801,1.0.0,not_used,community labels are structural network results; they are not official factions and do not replace original-setting faction metadata
CN10,music,music,幻想地下大轨道网,幻想地下大轨道网,幻想の地下大線路網,0.0,0,0.0007185628742532932,0.0,0,0.0,C-2ff8445b2e369989,CC-2ff8445b2e369989,louvain,intersection_count,100.0,0.0,1.0,20260801,1.0.0,not_used,community labels are structural network results; they are not official factions and do not replace original-setting faction metadata
CN10,music,music,幻想帝都,幻想帝都,幻想帝都,0.0,0,0.0007185628742532932,0.0,0,0.0,C-8d2576fdb517836f,CC-8d2576fdb517836f,louvain,intersection_count,100.0,0.0,1.0,20260801,1.0.0,not_used,community labels are structural network results; they are not official factions and do not replace original-setting faction metadata
CN10,music,music,幻想的居民,幻想的居民,幻想の住人,0.0,0,0.0007185628742532932,0.0,0,0.0,C-aba7524e365a0975,CC-aba7524e365a0975,louvain,intersection_count,100.0,0.0,1.0,20260801,1.0.0,not_used,community labels are structural network results; they are not official factions and do not replace original-setting faction metadata
CN10,music,music,幻想的永远祭,幻想的永远祭,幻想の永遠祭,0.0,0,0.0007185628742532932,0.0,0,0.0,C-40a1c140b59ac88e,CC-40a1c140b59ac88e,louvain,intersection_count,100.0,0.0,1.0,20260801,1.0.0,not_used,community labels are structural network results; they are not official factions and do not replace original-setting faction metadata
CN10,music,music,幻想的白色旅人,幻想的白色旅人,幻想的白色旅人,118.0,1,0.0008077769302613217,0.0,1,0.0,C-e8f747f122a36867,CC-df773e8b96afdd92,louvain,intersection_count,100.0,0.0,1.0,20260801,1.0.0,not_used,community labels are structural network results; they are not official factions and do not replace original-setting faction metadata
CN10,music,music,幻想科学dollsphantom,幻想科学　～ Doll's Phantom,幻想科学　～ Doll's Phantom,0.0,0,0.0007185628742532932,0.0,0,0.0,C-c51e7715d3bb76b0,CC-c51e7715d3bb76b0,louvain,intersection_count,100.0,0.0,1.0,20260801,1.0.0,not_used,community labels are structural network results; they are not official factions and do not replace original-setting faction metadata
CN10,music,music,幻梦界,幻梦界,幻夢界,0.0,0,0.0007185628742532932,0.0,0,0.0,C-445a17d5e391ba2a,CC-445a17d5e391ba2a,louvain,intersection_count,100.0,0.0,1.0,20260801,1.0.0,not_used,community labels are structural network results; they are not official factions and do not replace original-setting faction metadata
CN10,music,music,幻视之夜ghostlyeyes,幻视之夜 ～ Ghostly Eyes,幻視の夜　～ Ghostly Eyes,0.0,0,0.0007185628742532932,0.0,0,0.0,C-61f8a8d4ca8db26f,CC-61f8a8d4ca8db26f,louvain,intersection_count,100.0,0.0,1.0,20260801,1.0.0,not_used,community labels are structural network results; they are not official factions and do not replace original-setting faction metadata
CN10,music,music,幼小的有顶天,幼小的有顶天,幼心地の有頂天,0.0,0,0.0007185628742532932,0.0,0,0.0,C-08e81a8abf9d9f0e,CC-08e81a8abf9d9f0e,louvain,intersection_count,100.0,0.0,1.0,20260801,1.0.0,not_used,community labels are structural network results; they are not official factions and do not replace original-setting faction metadata
CN10,music,music,幽境,幽境,幽境,0.0,0,0.0007185628742532932,0.0,0,0.0,C-1d3b78d91da216de,CC-1d3b78d91da216de,louvain,intersection_count,100.0,0.0,1.0,20260801,1.0.0,not_used,community labels are structural network results; they are not official factions and do not replace original-setting faction metadata
CN10,music,music,幽梦inanimatedream,幽梦 ～ Inanimate Dream,幽夢　～ Inanimate Dream,0.0,0,0.0007185628742532932,0.0,0,0.0,C-0d08eed71b409ad1,CC-0d08eed71b409ad1,louvain,intersection_count,100.0,0.0,1.0,20260801,1.0.0,not_used,community labels are structural network results; they are not official factions and do not replace original-setting faction metadata
CN10,music,music,幽灵乐团,幽灵乐团 ～ Phantom Ensemble,幽霊楽団　～ Phantom Ensemble,0.0,0,0.0007185628742532932,0.0,0,0.0,C-b497f98279d34234,CC-b497f98279d34234,louvain,intersection_count,100.0,0.0,1.0,20260801,1.0.0,not_used,community labels are structural network results; they are not official factions and do not replace original-setting faction metadata
CN10,music,music,幽灵乐团phantomensemble,幽灵乐团 ～ Phantom Ensemble,幽灵乐团 ～ Phantom Ensemble,7522.0,39,0.0055872131872632255,0.0,27,0.5477266684392449,C-32f5db276d9b1b1d,CC-df773e8b96afdd92,louvain,intersection_count,100.0,0.0,1.0,20260801,1.0.0,not_used,community labels are structural network results; they are not official factions and do not replace original-setting faction metadata
CN10,music,music,幽灵客船的时空穿越之旅,幽灵客船的时空穿越之旅,幽灵客船的时空穿越之旅,0.0,0,0.0007185628742532932,0.0,0,0.0,C-32d0ca06b40bbde5,CC-32d0ca06b40bbde5,louvain,intersection_count,100.0,0.0,1.0,20260801,1.0.0,not_used,community labels are structural network results; they are not official factions and do not replace original-setting faction metadata
CN10,music,music,幽灵客船的穿越时空之旅,幽灵客船的穿越时空之旅,幽霊客船の時空を越えた旅,0.0,0,0.0007185628742532932,0.0,0,0.0,C-18b990de5f3b2715,CC-18b990de5f3b2715,louvain,intersection_count,100.0,0.0,1.0,20260801,1.0.0,not_used,community labels are structural network results; they are not official factions and do not replace original-setting faction metadata
CN10,music,music,幽雅地绽放吧墨染的樱花,幽雅地绽放吧，墨染的樱花 ～ Border of Life,幽雅に咲かせ、墨染の桜　～ Border of Life,0.0,0,0.0007185628742532932,0.0,0,0.0,C-bd2edce35ce9225f,CC-bd2edce35ce9225f,louvain,intersection_count,100.0,0.0,1.0,20260801,1.0.0,not_used,community labels are structural network results; they are not official factions and do not replace original-setting faction metadata
CN10,music,music,幽雅地绽放吧墨染的樱花borderoflife,幽雅地绽放吧，墨染的樱花　～ Border of Life,幽雅地绽放吧，墨染的樱花　～ Border of Life,26128.0,80,0.0195337814886365,0.002878305936784038,27,0.5271356399265156,C-32f5db276d9b1b1d,CC-df773e8b96afdd92,louvain,intersection_count,100.0,0.0,1.0,20260801,1.0.0,not_used,community labels are structural network results; they are not official factions and do not replace original-setting faction metadata
CN10,music,music,广有射怪鸟事,广有射怪鸟事 ～ Till When?,広有射怪鳥事　～ Till When?,0.0,0,0.0007185628742532932,0.0,0,0.0,C-7e0d04cb3e223042,CC-7e0d04cb3e223042,louvain,intersection_count,100.0,0.0,1.0,20260801,1.0.0,not_used,community labels are structural network results; they are not official factions and do not replace original-setting faction metadata
CN10,music,music,广有射怪鸟事tillwhen,广有射怪鸟事 ～ Till When?,广有射怪鸟事 ～ Till When?,1050.0,8,0.0013838593103276244,0.0,8,0.23142857142857143,C-32f5db276d9b1b1d,CC-df773e8b96afdd92,louvain,intersection_count,100.0,0.0,1.0,20260801,1.0.0,not_used,community labels are structural network results; they are not official factions and do not replace original-setting faction metadata
CN10,music,music,广重36号neosuperexpress,广重36号 ～ Neo Super-Express,ヒロシゲ36号　～ Neo Super-Express,2321.0,17,0.002866017030691838,3.558956336054452e-05,12,0.45669969840585956,C-11f1225d3ef1355e,CC-df773e8b96afdd92,louvain,intersection_count,100.0,0.0,1.0,20260801,1.0.0,not_used,community labels are structural network results; they are not official factions and do not replace original-setting faction metadata
CN10,music,music,废狱摇篮曲,废狱摇篮曲,廃獄ララバイ,5105.0,32,0.004100961898560328,0.0,27,0.6746327130264447,C-163a12634cea5589,CC-df773e8b96afdd92,louvain,intersection_count,100.0,0.0,1.0,20260801,1.0.0,not_used,community labels are structural network results; they are not official factions and do not replace original-setting faction metadata
CN10,music,music,开演间近,开演间近,開演間近,0.0,0,0.0007185628742532932,0.0,0,0.0,C-8f95c7595f34803d,CC-8f95c7595f34803d,louvain,intersection_count,100.0,0.0,1.0,20260801,1.0.0,not_used,community labels are structural network results; they are not official factions and do not replace original-setting faction metadata
CN10,music,music,异变的种子,异变的种子,异变的种子,0.0,0,0.0007185628742532932,0.0,0,0.0,C-2d619077ce34ad8a,CC-2d619077ce34ad8a,louvain,intersection_count,100.0,0.0,1.0,20260801,1.0.0,not_used,community labels are structural network results; they are not official factions and do not replace original-setting faction metadata
CN10,music,music,异心同体,异心同体,異心同体,0.0,0,0.0007185628742532932,0.0,0,0.0,C-8b08d9d730fca197,CC-8b08d9d730fca197,louvain,intersection_count,100.0,0.0,1.0,20260801,1.0.0,not_used,community labels are structural network results; they are not official factions and do not replace original-setting faction metadata
CN10,music,music,彼岸归航,彼岸归航 ～ Riverside View,彼岸帰航　～ Riverside View,0.0,0,0.0007185628742532932,0.0,0,0.0,C-bbb3d5158d102b5f,CC-bbb3d5158d102b5f,louvain,intersection_count,100.0,0.0,1.0,20260801,1.0.0,not_used,community labels are structural network results; they are not official factions and do not replace original-setting faction metadata
CN10,music,music,彼岸归航riversideview,彼岸归航　～ Riverside View,彼岸归航　～ Riverside View,418.0,4,0.000989571805192606,0.0,4,0.49521531100478466,C-e8f747f122a36867,CC-df773e8b96afdd92,louvain,intersection_count,100.0,0.0,1.0,20260801,1.0.0,not_used,community labels are structural network results; they are not official factions and do not replace original-setting faction metadata
CN10,music,music,往来于运河的人与妖,往来于运河的人与妖,運河を行き交う人妖,0.0,0,0.0007185628742532932,0.0,0,0.0,C-c05935445b97dc95,CC-c05935445b97dc95,louvain,intersection_count,100.0,0.0,1.0,20260801,1.0.0,not_used,community labels are structural network results; they are not official factions and do not replace original-setting faction metadata
CN10,music,music,徜徉于樱色之海,徜徉于樱色之海,桜色の海を泳いで,0.0,0,0.0007185628742532932,0.0,0,0.0,C-30b43c199eb7d98d,CC-30b43c199eb7d98d,louvain,intersection_count,100.0,0.0,1.0,20260801,1.0.0,not_used,community labels are structural network results; they are not official factions and do not replace original-setting faction metadata
CN10,music,music,御伽之国的鬼岛,御伽之国的鬼岛 ～ Missing Power,御伽の国の鬼が島　～ Missing Power,0.0,0,0.0007185628742532932,0.0,0,0.0,C-18b4f7cd204f237b,CC-18b4f7cd204f237b,louvain,intersection_count,100.0,0.0,1.0,20260801,1.0.0,not_used,community labels are structural network results; they are not official factions and do not replace original-setting faction metadata
CN10,music,music,御伽之国的鬼岛missingpower,御伽之国的鬼岛 ～ Missing Power,御伽之国的鬼岛 ～ Missing Power,0.0,0,0.0007185628742532932,0.0,0,0.0,C-faad1638fa23d99e,CC-faad1638fa23d99e,louvain,intersection_count,100.0,0.0,1.0,20260801,1.0.0,not_used,community labels are structural network results; they are not official factions and do not replace original-setting faction metadata
CN10,music,music,御柱的墓场graveofbeing,御柱的墓场 ～ Grave of Being,御柱の墓場　～ Grave of Being,0.0,0,0.0007185628742532932,0.0,0,0.0,C-454817bef6edc491,CC-454817bef6edc491,louvain,intersection_count,100.0,0.0,1.0,20260801,1.0.0,not_used,community labels are structural network results; they are not official factions and do not replace original-setting faction metadata
CN10,music,music,心绮楼囃子,心绮楼囃子,心綺楼囃子,804.0,6,0.001256114506888452,0.0,6,0.4614427860696517,C-e8f747f122a36867,CC-df773e8b96afdd92,louvain,intersection_count,100.0,0.0,1.0,20260801,1.0.0,not_used,community labels are structural network results; they are not official factions and do not replace original-setting faction metadata
CN10,music,music,心绮楼演舞,心绮楼演舞,心绮楼演舞,0.0,0,0.0007185628742532932,0.0,0,0.0,C-c902954957d73061,CC-c902954957d73061,louvain,intersection_count,100.0,0.0,1.0,20260801,1.0.0,not_used,community labels are structural network results; they are not official factions and do not replace original-setting faction metadata
CN10,music,music,心绮楼祭囃子,心绮楼祭囃子,心绮楼祭囃子,0.0,0,0.0007185628742532932,0.0,0,0.0,C-3b6cfb8caee34ec2,CC-3b6cfb8caee34ec2,louvain,intersection_count,100.0,0.0,1.0,20260801,1.0.0,not_used,community labels are structural network results; they are not official factions and do not replace original-setting faction metadata
CN10,music,music,忘不了那曾依藉的绿意,忘不了，那曾依藉的绿意,忘れがたき、よすがの緑,0.0,0,0.0007185628742532932,0.0,0,0.0,C-81a72ee9d7be6606,CC-81a72ee9d7be6606,louvain,intersection_count,100.0,0.0,1.0,20260801,1.0.0,not_used,community labels are structural network results; they are not official factions and do not replace original-setting faction metadata
CN10,music,music,怪绮谈mysticsquare,怪绮谈 ～ Mystic Square,怪綺談　～ Mystic Square,0.0,0,0.0007185628742532932,0.0,0,0.0,C-cc7bbfd5d0ba03c2,CC-cc7bbfd5d0ba03c2,louvain,intersection_count,100.0,0.0,1.0,20260801,1.0.0,not_used,community labels are structural network results; they are not official factions and do not replace original-setting faction metadata
CN10,music,music,恋色magic恋色masterspark,恋色Magic（恋色Master spark）,恋色Magic（恋色Master spark）,6211.0,28,0.00461794591532549,0.0,27,0.3781999677990662,C-32f5db276d9b1b1d,CC-df773e8b96afdd92,louvain,intersection_count,100.0,0.0,1.0,20260801,1.0.0,not_used,community labels are structural network results; they are not official factions and do not replace original-setting faction metadata
CN10,music,music,恋色masterspark,恋色Master spark（恋色Magic）,恋色マスタースパーク（恋色マジック）,0.0,0,0.0007185628742532932,0.0,0,0.0,C-258131e231638f9f,CC-258131e231638f9f,louvain,intersection_count,100.0,0.0,1.0,20260801,1.0.0,not_used,community labels are structural network results; they are not official factions and do not replace original-setting faction metadata
CN10,music,music,恒常不变的参庙祀,恒常不变的参庙祀,恒常不変の参廟祀,0.0,0,0.0007185628742532932,0.0,0,0.0,C-a8538236af89e77c,CC-a8538236af89e77c,louvain,intersection_count,100.0,0.0,1.0,20260801,1.0.0,not_used,community labels are structural network results; they are not official factions and do not replace original-setting faction metadata
CN10,music,music,悠久的蒸汽机关,悠久的蒸汽机关,悠久の蒸気機関,320.0,3,0.0009234593509201446,0.0,3,0.684375,C-163a12634cea5589,CC-df773e8b96afdd92,louvain,intersection_count,100.0,0.0,1.0,20260801,1.0.0,not_used,community labels are structural network results; they are not official factions and do not replace original-setting faction metadata
CN10,music,music,意气洋洋,意气洋洋,意気揚々,0.0,0,0.0007185628742532932,0.0,0,0.0,C-a576fd52663130da,CC-a576fd52663130da,louvain,intersection_count,100.0,0.0,1.0,20260801,1.0.0,not_used,community labels are structural network results; they are not official factions and do not replace original-setting faction metadata
CN10,music,music,感情的摩天楼,感情的摩天楼 ～ Cosmic Mind,感情の摩天楼　～ Cosmic Mind,0.0,0,0.0007185628742532932,0.0,0,0.0,C-29f08a0264ef9b43,CC-29f08a0264ef9b43,louvain,intersection_count,100.0,0.0,1.0,20260801,1.0.0,not_used,community labels are structural network results; they are not official factions and do not replace original-setting faction metadata
CN10,music,music,感情的摩天楼cosmicmind,感情的摩天楼　～ Cosmic Mind,感情的摩天楼　～ Cosmic Mind,16864.0,64,0.01229759616600786,4.448695420068065e-06,27,0.6193074003795066,C-e8f747f122a36867,CC-df773e8b96afdd92,louvain,intersection_count,100.0,0.0,1.0,20260801,1.0.0,not_used,community labels are structural network results; they are not official factions and do not replace original-setting faction metadata
CN10,music,music,成对的神兽,成对的神兽,一対の神獣,0.0,0,0.0007185628742532932,0.0,0,0.0,C-1b13350a74e2d576,CC-1b13350a74e2d576,louvain,intersection_count,100.0,0.0,1.0,20260801,1.0.0,not_used,community labels are structural network results; they are not official factions and do not replace original-setting faction metadata
CN10,music,music,我们的非想天则,我们的非想天则,ぼくらの非想天則,0.0,0,0.0007185628742532932,0.0,0,0.0,C-7c81b8f5cf2ceb47,CC-7c81b8f5cf2ceb47,louvain,intersection_count,100.0,0.0,1.0,20260801,1.0.0,not_used,community labels are structural network results; they are not official factions and do not replace original-setting faction metadata
CN10,music,music,战车娘所做的梦,战车娘所做的梦,戦車むすめのみるゆめ,0.0,0,0.0007185628742532932,0.0,0,0.0,C-6bab4073f5718a41,CC-6bab4073f5718a41,louvain,intersection_count,100.0,0.0,1.0,20260801,1.0.0,not_used,community labels are structural network results; they are not official factions and do not replace original-setting faction metadata
CN10,music,music,战迅,战迅,戦迅,0.0,0,0.0007185628742532932,0.0,0,0.0,C-d663eea0398c04d7,CC-d663eea0398c04d7,louvain,intersection_count,100.0,0.0,1.0,20260801,1.0.0,not_used,community labels are structural network results; they are not official factions and do not replace original-setting faction metadata
CN10,music,music,收集日本各地的不可思议,收集日本各地的不可思议,日本中の不思議を集めて,0.0,0,0.0007185628742532932,0.0,0,0.0,C-2ad18158b96de286,CC-2ad18158b96de286,louvain,intersection_count,100.0,0.0,1.0,20260801,1.0.0,not_used,community labels are structural network results; they are not official factions and do not replace original-setting faction metadata
CN10,music,music,放纵不羁,放纵不羁,放縦不羈,0.0,0,0.0007185628742532932,0.0,0,0.0,C-3380cda31e7136e9,CC-3380cda31e7136e9,louvain,intersection_count,100.0,0.0,1.0,20260801,1.0.0,not_used,community labels are structural network results; they are not official factions and do not replace original-setting faction metadata
CN10,music,music,故乡之星倒映之海,故乡之星倒映之海,故郷の星が映る海,9450.0,45,0.007146090605839705,0.0,27,0.5515343915343915,C-e8f747f122a36867,CC-df773e8b96afdd92,louvain,intersection_count,100.0,0.0,1.0,20260801,1.0.0,not_used,community labels are structural network results; they are not official factions and do not replace original-setting faction metadata
CN10,music,music,散发着香气的树叶花,散发着香气的树叶花,香る樹葉花,0.0,0,0.0007185628742532932,0.0,0,0.0,C-da916c67dc4f9dec,CC-da916c67dc4f9dec,louvain,intersection_count,100.0,0.0,1.0,20260801,1.0.0,not_used,community labels are structural network results; they are not official factions and do not replace original-setting faction metadata
CN10,music,music,斯普特尼克幻夜,斯普特尼克幻夜,スプートニク幻夜,0.0,0,0.0007185628742532932,0.0,0,0.0,C-56afa01e272c8e9a,CC-56afa01e272c8e9a,louvain,intersection_count,100.0,0.0,1.0,20260801,1.0.0,not_used,community labels are structural network results; they are not official factions and do not replace original-setting faction metadata
CN10,music,music,新幻想newfantasy,新幻想 ～ New Fantasy,新幻想　～ New Fantasy,0.0,0,0.0007185628742532932,0.0,0,0.0,C-72b410545cda7083,CC-72b410545cda7083,louvain,intersection_count,100.0,0.0,1.0,20260801,1.0.0,not_used,community labels are structural network results; they are not official factions and do not replace original-setting faction metadata
CN10,music,music,新竹林大火,新竹林大火,新竹林大火,0.0,0,0.0007185628742532932,0.0,0,0.0,C-a66414bd02b3173a,CC-a66414bd02b3173a,louvain,intersection_count,100.0,0.0,1.0,20260801,1.0.0,not_used,community labels are structural network results; they are not official factions and do not replace original-setting faction metadata
CN10,music,music,无人气的场所,无人气的场所,人気のない場所,0.0,0,0.0007185628742532932,0.0,0,0.0,C-fc7abdb0338f49f3,CC-fc7abdb0338f49f3,louvain,intersection_count,100.0,0.0,1.0,20260801,1.0.0,not_used,community labels are structural network results; they are not official factions and do not replace original-setting faction metadata
CN10,music,music,无何有之乡,无何有之乡,无何有之乡,961.0,8,0.0013463755861877948,0.0,8,0.7898022892819979,C-11f1225d3ef1355e,CC-df773e8b96afdd92,louvain,intersection_count,100.0,0.0,1.0,20260801,1.0.0,not_used,community labels are structural network results; they are not official factions and do not replace original-setting faction metadata
CN10,music,music,无何有之乡deepmountain,无何有之乡 ～ Deep Mountain,無何有の郷　～ Deep Mountain,0.0,0,0.0007185628742532932,0.0,0,0.0,C-0349ac117b5053e3,CC-0349ac117b5053e3,louvain,intersection_count,100.0,0.0,1.0,20260801,1.0.0,not_used,community labels are structural network results; they are not official factions and do not replace original-setting faction metadata
CN10,music,music,无色之风吹拂妖怪之山,无色之风吹拂妖怪之山,色無き風は妖怪の山に,0.0,0,0.0007185628742532932,0.0,0,0.0,C-01aeb2cecf6766f5,CC-01aeb2cecf6766f5,louvain,intersection_count,100.0,0.0,1.0,20260801,1.0.0,not_used,community labels are structural network results; they are not official factions and do not replace original-setting faction metadata
CN10,music,music,无间之钟infinitenightmare,无间之钟 ～ Infinite Nightmare,無間の鐘　～ Infinite Nightmare,105.0,1,0.0007979482630739965,0.0,1,0.0,C-e8f747f122a36867,CC-df773e8b96afdd92,louvain,intersection_count,100.0,0.0,1.0,20260801,1.0.0,not_used,community labels are structural network results; they are not official factions and do not replace original-setting faction metadata
CN10,music,music,日常坐卧,日常坐卧,日常坐臥,0.0,0,0.0007185628742532932,0.0,0,0.0,C-372f01c0456452b3,CC-372f01c0456452b3,louvain,intersection_count,100.0,0.0,1.0,20260801,1.0.0,not_used,community labels are structural network results; they are not official factions and do not replace original-setting faction metadata
CN10,music,music,日日是红日folksytouhoudays,日日是红日 ～ Folksy Touhou days.,日々是紅日　～ Folksy Touhou days.,0.0,0,0.0007185628742532932,0.0,0,0.0,C-d97fba33a7e216af,CC-d97fba33a7e216af,louvain,intersection_count,100.0,0.0,1.0,20260801,1.0.0,not_used,community labels are structural network results; they are not official factions and do not replace original-setting faction metadata
CN10,music,music,日渐荒废的工业遗址,日渐荒废的工业遗址,廃れゆく産業遺構,0.0,0,0.0007185628742532932,0.0,0,0.0,C-8d55afb66caa83f3,CC-8d55afb66caa83f3,louvain,intersection_count,100.0,0.0,1.0,20260801,1.0.0,not_used,community labels are structural network results; they are not official factions and do not replace original-setting faction metadata
CN10,music,music,旧世界的冒险酒吧,旧世界的冒险酒吧,旧世界的冒险酒吧,0.0,0,0.0007185628742532932,0.0,0,0.0,C-5d646c5ba8ab0242,CC-5d646c5ba8ab0242,louvain,intersection_count,100.0,0.0,1.0,20260801,1.0.0,not_used,community labels are structural network results; they are not official factions and do not replace original-setting faction metadata
CN10,music,music,旧世界的冒险酒馆,旧世界的冒险酒馆,旧世界の冒険酒場,0.0,0,0.0007185628742532932,0.0,0,0.0,C-f815f3bf7d3a779a,CC-f815f3bf7d3a779a,louvain,intersection_count,100.0,0.0,1.0,20260801,1.0.0,not_used,community labels are structural network results; they are not official factions and do not replace original-setting faction metadata
CN10,music,music,时之风,时之风,時の風,0.0,0,0.0007185628742532932,0.0,0,0.0,C-2417e66087d9c615,CC-2417e66087d9c615,louvain,intersection_count,100.0,0.0,1.0,20260801,1.0.0,not_used,community labels are structural network results; they are not official factions and do not replace original-setting faction metadata
CN10,music,music,时代风潮的造访,时代风潮的造访,時代の風の訪れ,0.0,0,0.0007185628742532932,0.0,0,0.0,C-698c6ecaf35b298b,CC-698c6ecaf35b298b,louvain,intersection_count,100.0,0.0,1.0,20260801,1.0.0,not_used,community labels are structural network results; they are not official factions and do not replace original-setting faction metadata
CN10,music,music,时刻旺盛的好奇心,时刻旺盛的好奇心,年中夢中の好奇心,0.0,0,0.0007185628742532932,0.0,0,0.0,C-ebc2f9052ade32a0,CC-ebc2f9052ade32a0,louvain,intersection_count,100.0,0.0,1.0,20260801,1.0.0,not_used,community labels are structural network results; they are not official factions and do not replace original-setting faction metadata
CN10,music,music,明日之盛昨日之俗,明日之盛，昨日之俗,明日ハレの日、ケの昨日,5767.0,32,0.004477649387205742,0.0,27,0.736778220912086,C-163a12634cea5589,CC-df773e8b96afdd92,louvain,intersection_count,100.0,0.0,1.0,20260801,1.0.0,not_used,community labels are structural network results; they are not official factions and do not replace original-setting faction metadata
CN10,music,music,明治十七年的上海爱丽丝,明治十七年的上海爱丽丝,明治十七年の上海アリス,7269.0,34,0.005323617495333545,0.0,27,0.3220525519328656,C-32f5db276d9b1b1d,CC-df773e8b96afdd92,louvain,intersection_count,100.0,0.0,1.0,20260801,1.0.0,not_used,community labels are structural network results; they are not official factions and do not replace original-setting faction metadata
CN10,music,music,昏暗的风穴,昏暗的风穴,暗闇の風穴,0.0,0,0.0007185628742532932,0.0,0,0.0,C-b9cdc3e9e02dfd63,CC-b9cdc3e9e02dfd63,louvain,intersection_count,100.0,0.0,1.0,20260801,1.0.0,not_used,community labels are structural network results; they are not official factions and do not replace original-setting faction metadata
CN10,music,music,星之器,星之器 ～ Casket of Star,星の器　～ Casket of Star,0.0,0,0.0007185628742532932,0.0,0,0.0,C-3deb69b344b1bf4f,CC-3deb69b344b1bf4f,louvain,intersection_count,100.0,0.0,1.0,20260801,1.0.0,not_used,community labels are structural network results; they are not official factions and do not replace original-setting faction metadata
CN10,music,music,星之器casketofstar,星之器 ～ Casket of Star,星之器 ～ Casket of Star,0.0,0,0.0007185628742532932,0.0,0,0.0,C-accb06f14fcc8db8,CC-accb06f14fcc8db8,louvain,intersection_count,100.0,0.0,1.0,20260801,1.0.0,not_used,community labels are structural network results; they are not official factions and do not replace original-setting faction metadata
CN10,music,music,星幽剑士,星幽剑士,星幽剑士,0.0,0,0.0007185628742532932,0.0,0,0.0,C-ae78e90d58b2d438,CC-ae78e90d58b2d438,louvain,intersection_count,100.0,0.0,1.0,20260801,1.0.0,not_used,community labels are structural network results; they are not official factions and do not replace original-setting faction metadata
CN10,music,music,星条旗的小丑,星条旗的小丑,星条旗のピエロ,1482.0,11,0.0016790223344310322,0.0,11,0.553306342780027,C-e8f747f122a36867,CC-df773e8b96afdd92,louvain,intersection_count,100.0,0.0,1.0,20260801,1.0.0,not_used,community labels are structural network results; they are not official factions and do not replace original-setting faction metadata
CN10,music,music,映花之塚,映花之塚,花の映る塚,0.0,0,0.0007185628742532932,0.0,0,0.0,C-f4fc8094d0be7d49,CC-f4fc8094d0be7d49,louvain,intersection_count,100.0,0.0,1.0,20260801,1.0.0,not_used,community labels are structural network results; they are not official factions and do not replace original-setting faction metadata
CN10,music,music,春之冰精,春之冰精,春の氷精,0.0,0,0.0007185628742532932,0.0,0,0.0,C-d0d0e2685bdf3be2,CC-d0d0e2685bdf3be2,louvain,intersection_count,100.0,0.0,1.0,20260801,1.0.0,not_used,community labels are structural network results; they are not official factions and do not replace original-setting faction metadata
CN10,music,music,春之冰精静,春之冰精 - 静 -,春の氷精　- 静 -,0.0,0,0.0007185628742532932,0.0,0,0.0,C-6cc056f197ee5918,CC-6cc056f197ee5918,louvain,intersection_count,100.0,0.0,1.0,20260801,1.0.0,not_used,community labels are structural network results; they are not official factions and do not replace original-setting faction metadata
CN10,music,music,春之岸边,春之岸边,春之岸边,691.0,6,0.0011789085738638295,0.0,6,0.32127351664254705,C-e8f747f122a36867,CC-df773e8b96afdd92,louvain,intersection_count,100.0,0.0,1.0,20260801,1.0.0,not_used,community labels are structural network results; they are not official factions and do not replace original-setting faction metadata
CN10,music,music,春之港湾,春之港湾,春の湊に,0.0,0,0.0007185628742532932,0.0,0,0.0,C-19c8422d89744da5,CC-19c8422d89744da5,louvain,intersection_count,100.0,0.0,1.0,20260801,1.0.0,not_used,community labels are structural network results; they are not official factions and do not replace original-setting faction metadata
CN10,music,music,春色小径,春色小径 ～ Colorful Path,春色小径　～ Colorful Path,0.0,0,0.0007185628742532932,0.0,0,0.0,C-d6f1f31173a3955d,CC-d6f1f31173a3955d,louvain,intersection_count,100.0,0.0,1.0,20260801,1.0.0,not_used,community labels are structural network results; they are not official factions and do not replace original-setting faction metadata
CN10,music,music,春色小径colorfulpath,春色小径　～ Colorful Path,春色小径　～ Colorful Path,0.0,0,0.0007185628742532932,0.0,0,0.0,C-27278e121d4d8e23,CC-27278e121d4d8e23,louvain,intersection_count,100.0,0.0,1.0,20260801,1.0.0,not_used,community labels are structural network results; they are not official factions and do not replace original-setting faction metadata
CN10,music,music,春风之梦,春风之梦,春風の夢,0.0,0,0.0007185628742532932,0.0,0,0.0,C-bbda930b47cf31de,CC-bbda930b47cf31de,louvain,intersection_count,100.0,0.0,1.0,20260801,1.0.0,not_used,community labels are structural network results; they are not official factions and do not replace original-setting faction metadata
CN10,music,music,显现的传承形态,显现的传承形态,顕現した伝承の形,0.0,0,0.0007185628742532932,0.0,0,0.0,C-269a9da5e6f523f5,CC-269a9da5e6f523f5,louvain,intersection_count,100.0,0.0,1.0,20260801,1.0.0,not_used,community labels are structural network results; they are not official factions and do not replace original-setting faction metadata
CN10,music,music,晓云,晓云,暁雲,0.0,0,0.0007185628742532932,0.0,0,0.0,C-5b1f04a03e6876fd,CC-5b1f04a03e6876fd,louvain,intersection_count,100.0,0.0,1.0,20260801,1.0.0,not_used,community labels are structural network results; they are not official factions and do not replace original-setting faction metadata
CN10,music,music,智略纵横,智略纵横,知略縦横,0.0,0,0.0007185628742532932,0.0,0,0.0,C-2f2ee878fa8a6122,CC-2f2ee878fa8a6122,louvain,intersection_count,100.0,0.0,1.0,20260801,1.0.0,not_used,community labels are structural network results; they are not official factions and do not replace original-setting faction metadata
CN10,music,music,暮色苍然,暮色苍然,暮色蒼然,0.0,0,0.0007185628742532932,0.0,0,0.0,C-085ce730885c3034,CC-085ce730885c3034,louvain,intersection_count,100.0,0.0,1.0,20260801,1.0.0,not_used,community labels are structural network results; they are not official factions and do not replace original-setting faction metadata
CN10,music,music,曲名不详,曲名不详,曲名不详,0.0,0,0.0007185628742532932,0.0,0,0.0,C-dbf7c9b95ec45c7e,CC-dbf7c9b95ec45c7e,louvain,intersection_count,100.0,0.0,1.0,20260801,1.0.0,not_used,community labels are structural network results; they are not official factions and do not replace original-setting faction metadata
CN10,music,music,最澄澈的空与海,最澄澈的空与海,最も澄みわたる空と海,1216.0,9,0.0016877735351619775,0.0,8,0.3980263157894737,C-11f1225d3ef1355e,CC-df773e8b96afdd92,louvain,intersection_count,100.0,0.0,1.0,20260801,1.0.0,not_used,community labels are structural network results; they are not official factions and do not replace original-setting faction metadata
CN10,music,music,月之妖鸟化猫之幻,月之妖鸟、化猫之幻,月の妖鳥、化猫の幻,0.0,0,0.0007185628742532932,0.0,0,0.0,C-fbc3840501c0fe19,CC-fbc3840501c0fe19,louvain,intersection_count,100.0,0.0,1.0,20260801,1.0.0,not_used,community labels are structural network results; they are not official factions and do not replace original-setting faction metadata
CN10,music,music,月时计,月时计 ～ Luna Dial,月時計　～ ルナ・ダイアル,0.0,0,0.0007185628742532932,0.0,0,0.0,C-5fe1aafa119f224d,CC-5fe1aafa119f224d,louvain,intersection_count,100.0,0.0,1.0,20260801,1.0.0,not_used,community labels are structural network results; they are not official factions and do not replace original-setting faction metadata
CN10,music,music,月时计lunadial,月时计　～ Luna Dial,月时计　～ Luna Dial,8397.0,36,0.006206969949444139,0.0003069599839846965,27,0.3244015719899964,C-32f5db276d9b1b1d,CC-df773e8b96afdd92,louvain,intersection_count,100.0,0.0,1.0,20260801,1.0.0,not_used,community labels are structural network results; they are not official factions and do not replace original-setting faction metadata
CN10,music,music,月的另一侧,月的另一侧,月的另一侧,938.0,7,0.0014700250656214857,0.0,7,0.4115138592750533,C-11f1225d3ef1355e,CC-df773e8b96afdd92,louvain,intersection_count,100.0,0.0,1.0,20260801,1.0.0,not_used,community labels are structural network results; they are not official factions and do not replace original-setting faction metadata
CN10,music,music,月见草,月见草,月見草,0.0,0,0.0007185628742532932,0.0,0,0.0,C-4b0133e69399a563,CC-4b0133e69399a563,louvain,intersection_count,100.0,0.0,1.0,20260801,1.0.0,not_used,community labels are structural network results; they are not official factions and do not replace original-setting faction metadata
CN10,music,music,月轮,月轮,月輪,0.0,0,0.0007185628742532932,0.0,0,0.0,C-dd6d6168ded8e1c9,CC-dd6d6168ded8e1c9,louvain,intersection_count,100.0,0.0,1.0,20260801,1.0.0,not_used,community labels are structural network results; they are not official factions and do not replace original-setting faction metadata
CN10,music,music,有人气的场所,有人气的场所,人気のある場所,0.0,0,0.0007185628742532932,0.0,0,0.0,C-0ad365864a845d66,CC-0ad365864a845d66,louvain,intersection_count,100.0,0.0,1.0,20260801,1.0.0,not_used,community labels are structural network results; they are not official factions and do not replace original-setting faction metadata
CN10,music,music,有珠子的日常,有珠子的日常,ボールのある日常,0.0,0,0.0007185628742532932,0.0,0,0.0,C-2620b2c089f1d877,CC-2620b2c089f1d877,louvain,intersection_count,100.0,0.0,1.0,20260801,1.0.0,not_used,community labels are structural network results; they are not official factions and do not replace original-setting faction metadata
CN10,music,music,有顶天变,有顶天变 ～ Wonderful Heaven,有頂天変　～ Wonderful Heaven,0.0,0,0.0007185628742532932,0.0,0,0.0,C-398c584de7b6ef7d,CC-398c584de7b6ef7d,louvain,intersection_count,100.0,0.0,1.0,20260801,1.0.0,not_used,community labels are structural network results; they are not official factions and do not replace original-setting faction metadata
CN10,music,music,有顶天变wonderfulheaven,有顶天变 ～ Wonderful Heaven,有顶天变 ～ Wonderful Heaven,3402.0,18,0.0028930467426746868,0.0,18,0.6728395061728395,C-e8f747f122a36867,CC-df773e8b96afdd92,louvain,intersection_count,100.0,0.0,1.0,20260801,1.0.0,not_used,community labels are structural network results; they are not official factions and do not replace original-setting faction metadata
CN10,music,music,未知之花魅知之旅,未知之花 魅知之旅,未知の花 魅知の旅,217.0,2,0.0008671284521312432,0.0,2,0.0,C-11f1225d3ef1355e,CC-df773e8b96afdd92,louvain,intersection_count,100.0,0.0,1.0,20260801,1.0.0,not_used,community labels are structural network results; they are not official factions and do not replace original-setting faction metadata
CN10,music,music,未知物xunfoundadventure未知物xoccultlymadness,未知物Ｘ　～ Unfound Adventure（未知物X　～ Occultly Madness）,未知物Ｘ　～ Unfound Adventure（未知物X　～ Occultly Madness）,0.0,0,0.0007185628742532932,0.0,0,0.0,C-4102bbccc4a8c6f8,CC-4102bbccc4a8c6f8,louvain,intersection_count,100.0,0.0,1.0,20260801,1.0.0,not_used,community labels are structural network results; they are not official factions and do not replace original-setting faction metadata
CN10,music,music,本日的头版头条,本日的头版头条,本日の一面記事,0.0,0,0.0007185628742532932,0.0,0,0.0,C-5ff4ea0b7d8a6235,CC-5ff4ea0b7d8a6235,louvain,intersection_count,100.0,0.0,1.0,20260801,1.0.0,not_used,community labels are structural network results; they are not official factions and do not replace original-setting faction metadata
CN10,music,music,机械马戏团reveriecircusreverie,机械马戏团　～ Reverie（Circus Reverie）,机械马戏团　～ Reverie（Circus Reverie）,0.0,0,0.0007185628742532932,0.0,0,0.0,C-e1ef191cdd53da83,CC-e1ef191cdd53da83,louvain,intersection_count,100.0,0.0,1.0,20260801,1.0.0,not_used,community labels are structural network results; they are not official factions and do not replace original-setting faction metadata
CN10,music,music,来吧直到倒地死去的那一刻,来吧，直到倒地死去的那一刻,いざ、倒れ逝くその時まで,0.0,0,0.0007185628742532932,0.0,0,0.0,C-d67e5ad1b968b801,CC-d67e5ad1b968b801,louvain,intersection_count,100.0,0.0,1.0,20260801,1.0.0,not_used,community labels are structural network results; they are not official factions and do not replace original-setting faction metadata
CN10,music,music,架起虹桥的幻想乡,架起虹桥的幻想乡,虹の架かる幻想郷,0.0,0,0.0007185628742532932,0.0,0,0.0,C-19f4f9319c871129,CC-19f4f9319c871129,louvain,intersection_count,100.0,0.0,1.0,20260801,1.0.0,not_used,community labels are structural network results; they are not official factions and do not replace original-setting faction metadata
CN10,music,music,柳树下的杜拉罕,柳树下的杜拉罕,柳の下のデュラハン,0.0,0,0.0007185628742532932,0.0,0,0.0,C-86e7564f4dc26526,CC-86e7564f4dc26526,louvain,intersection_count,100.0,0.0,1.0,20260801,1.0.0,not_used,community labels are structural network results; they are not official factions and do not replace original-setting faction metadata
CN10,music,music,桑尼米尔克的红雾异变,桑尼米尔克的红雾异变,サニーミルクの紅霧異変,0.0,0,0.0007185628742532932,0.0,0,0.0,C-768753d34fc2c8bd,CC-768753d34fc2c8bd,louvain,intersection_count,100.0,0.0,1.0,20260801,1.0.0,not_used,community labels are structural network results; they are not official factions and do not replace original-setting faction metadata
CN10,music,music,梦世界民俗,梦世界民俗,梦世界民俗,0.0,0,0.0007185628742532932,0.0,0,0.0,C-2a99c47ac1599800,CC-2a99c47ac1599800,louvain,intersection_count,100.0,0.0,1.0,20260801,1.0.0,not_used,community labels are structural network results; they are not official factions and do not replace original-setting faction metadata
CN10,music,music,梦境与现实的境界,梦境与现实的境界,夢と現の境界,0.0,0,0.0007185628742532932,0.0,0,0.0,C-b4f9a03e03610260,CC-b4f9a03e03610260,louvain,intersection_count,100.0,0.0,1.0,20260801,1.0.0,not_used,community labels are structural network results; they are not official factions and do not replace original-setting faction metadata
CN10,music,music,梦幻回廊,梦幻回廊,夢幻回廊,107.0,1,0.0007985111797489118,0.0,1,0.0,C-11f1225d3ef1355e,CC-df773e8b96afdd92,louvain,intersection_count,100.0,0.0,1.0,20260801,1.0.0,not_used,community labels are structural network results; they are not official factions and do not replace original-setting faction metadata
CN10,music,music,梦幻游戏dreamwar,梦幻游戏 ～ Dream War,夢幻遊戯　～ Dream War,0.0,0,0.0007185628742532932,0.0,0,0.0,C-79d0aae712f913e2,CC-79d0aae712f913e2,louvain,intersection_count,100.0,0.0,1.0,20260801,1.0.0,not_used,community labels are structural network results; they are not official factions and do not replace original-setting faction metadata
CN10,music,music,梦想时空,梦想时空,夢想時空,0.0,0,0.0007185628742532932,0.0,0,0.0,C-6a79f4937a4f9f2d,CC-6a79f4937a4f9f2d,louvain,intersection_count,100.0,0.0,1.0,20260801,1.0.0,not_used,community labels are structural network results; they are not official factions and do not replace original-setting faction metadata
CN10,music,music,梦想超越时空,梦想超越时空,夢は時空を越えて,0.0,0,0.0007185628742532932,0.0,0,0.0,C-9313c140f0611002,CC-9313c140f0611002,louvain,intersection_count,100.0,0.0,1.0,20260801,1.0.0,not_used,community labels are structural network results; they are not official factions and do not replace original-setting faction metadata
CN10,music,music,梦机械innocentpower,梦机械 ～ Innocent Power,夢機械　～ Innocent Power,0.0,0,0.0007185628742532932,0.0,0,0.0,C-bcd259dd9a50e8d5,CC-bcd259dd9a50e8d5,louvain,intersection_count,100.0,0.0,1.0,20260801,1.0.0,not_used,community labels are structural network results; they are not official factions and do not replace original-setting faction metadata
CN10,music,music,梦殿大祀庙,梦殿大祀庙,夢殿大祀廟,0.0,0,0.0007185628742532932,0.0,0,0.0,C-26e65b24032fbc22,CC-26e65b24032fbc22,louvain,intersection_count,100.0,0.0,1.0,20260801,1.0.0,not_used,community labels are structural network results; they are not official factions and do not replace original-setting faction metadata
CN10,music,music,梦消失lostdream,梦消失 ～ Lost Dream,夢消失　～ Lost Dream,6166.0,35,0.0054229569059922045,0.0005560869275085082,27,0.7401881284463185,C-11f1225d3ef1355e,CC-df773e8b96afdd92,louvain,intersection_count,100.0,0.0,1.0,20260801,1.0.0,not_used,community labels are structural network results; they are not official factions and do not replace original-setting faction metadata
CN10,music,music,森闲,森闲,森閑,0.0,0,0.0007185628742532932,0.0,0,0.0,C-113e1f8fd08e8dfa,CC-113e1f8fd08e8dfa,louvain,intersection_count,100.0,0.0,1.0,20260801,1.0.0,not_used,community labels are structural network results; they are not official factions and do not replace original-setting faction metadata
CN10,music,music,樱花之恋塚flowerofjapan,樱花之恋塚　～ Flower of Japan,樱花之恋塚　～ Flower of Japan,1093.0,9,0.0014516092389357876,0.0,9,0.6175663311985361,C-11f1225d3ef1355e,CC-df773e8b96afdd92,louvain,intersection_count,100.0,0.0,1.0,20260801,1.0.0,not_used,community labels are structural network results; they are not official factions and do not replace original-setting faction metadata
CN10,music,music,樱花樱花japanizedream,樱花樱花 ～ Japanize Dream...,さくらさくら　～ Japanize Dream...,1017.0,7,0.0013814421702184711,0.0,7,0.8141592920353983,C-11f1225d3ef1355e,CC-df773e8b96afdd92,louvain,intersection_count,100.0,0.0,1.0,20260801,1.0.0,not_used,community labels are structural network results; they are not official factions and do not replace original-setting faction metadata
CN10,music,music,樱花舞落的天空,樱花舞落的天空,桜舞い散る天空,0.0,0,0.0007185628742532932,0.0,0,0.0,C-a4ff368573ab6921,CC-a4ff368573ab6921,louvain,intersection_count,100.0,0.0,1.0,20260801,1.0.0,not_used,community labels are structural network results; they are not official factions and do not replace original-setting faction metadata
CN10,music,music,欢迎来到妖怪寺,欢迎来到妖怪寺,妖怪寺へようこそ,0.0,0,0.0007185628742532932,0.0,0,0.0,C-0e936b7e4dbf12ea,CC-0e936b7e4dbf12ea,louvain,intersection_count,100.0,0.0,1.0,20260801,1.0.0,not_used,community labels are structural network results; they are not official factions and do not replace original-setting faction metadata
CN10,music,music,欢迎来到月面旅行团,欢迎来到月面旅行团,月面ツアーへようこそ,0.0,0,0.0007185628742532932,0.0,0,0.0,C-d16daa6fb7ec0455,CC-d16daa6fb7ec0455,louvain,intersection_count,100.0,0.0,1.0,20260801,1.0.0,not_used,community labels are structural network results; they are not official factions and do not replace original-setting faction metadata
CN10,music,music,欲望深重的灵魂,欲望深重的灵魂,欲深き霊魂,0.0,0,0.0007185628742532932,0.0,0,0.0,C-18ca3997a3db38e8,CC-18ca3997a3db38e8,louvain,intersection_count,100.0,0.0,1.0,20260801,1.0.0,not_used,community labels are structural network results; they are not official factions and do not replace original-setting faction metadata
CN10,music,music,此岸之塚,此岸之塚,此岸の塚,0.0,0,0.0007185628742532932,0.0,0,0.0,C-0f58ea56c38435de,CC-0f58ea56c38435de,louvain,intersection_count,100.0,0.0,1.0,20260801,1.0.0,not_used,community labels are structural network results; they are not official factions and do not replace original-setting faction metadata
CN10,music,music,死灵的夜樱,死灵的夜樱,死霊の夜桜,222.0,2,0.0008798643960957282,0.0,2,0.0,C-e8f747f122a36867,CC-df773e8b96afdd92,louvain,intersection_count,100.0,0.0,1.0,20260801,1.0.0,not_used,community labels are structural network results; they are not official factions and do not replace original-setting faction metadata
CN10,music,music,比普朗克更短的须臾,比普朗克更短的须臾,須臾はプランクを超えて,0.0,0,0.0007185628742532932,0.0,0,0.0,C-4ac915598afc70eb,CC-4ac915598afc70eb,louvain,intersection_count,100.0,0.0,1.0,20260801,1.0.0,not_used,community labels are structural network results; they are not official factions and do not replace original-setting faction metadata
CN10,music,music,比红色更虚无的永远,比红色更虚无的永远,紅より儚い永遠,0.0,0,0.0007185628742532932,0.0,0,0.0,C-9852017fde34f554,CC-9852017fde34f554,louvain,intersection_count,100.0,0.0,1.0,20260801,1.0.0,not_used,community labels are structural network results; they are not official factions and do not replace original-setting faction metadata
CN10,music,music,比赤色更红的梦,比赤色更红的梦,赤より紅い夢,1095.0,8,0.0013897284909753483,0.0,8,0.23470319634703196,C-32f5db276d9b1b1d,CC-df773e8b96afdd92,louvain,intersection_count,100.0,0.0,1.0,20260801,1.0.0,not_used,community labels are structural network results; they are not official factions and do not replace original-setting faction metadata
CN10,music,music,永夜抄easternnight,永夜抄 ～ Eastern Night.,永夜抄　～ Eastern Night.,104.0,1,0.0007847329167968493,0.0,1,0.0,C-32f5db276d9b1b1d,CC-df773e8b96afdd92,louvain,intersection_count,100.0,0.0,1.0,20260801,1.0.0,not_used,community labels are structural network results; they are not official factions and do not replace original-setting faction metadata
CN10,music,music,永夜的报应imperishablenightpipesandfiddle,永夜的报应　～ Imperishable Night（Pipes and Fiddle）,永夜的报应　～ Imperishable Night（Pipes and Fiddle）,0.0,0,0.0007185628742532932,0.0,0,0.0,C-53948f38d32ed75a,CC-53948f38d32ed75a,louvain,intersection_count,100.0,0.0,1.0,20260801,1.0.0,not_used,community labels are structural network results; they are not official factions and do not replace original-setting faction metadata
CN10,music,music,永远之巫女,永远之巫女,永遠の巫女,4555.0,26,0.0037040364224973734,0.0,24,0.748847420417124,C-11f1225d3ef1355e,CC-df773e8b96afdd92,louvain,intersection_count,100.0,0.0,1.0,20260801,1.0.0,not_used,community labels are structural network results; they are not official factions and do not replace original-setting faction metadata
CN10,music,music,永远延续的回廊,永远延续的回廊,永遠に続く回廊,0.0,0,0.0007185628742532932,0.0,0,0.0,C-fb15a58539bc8839,CC-fb15a58539bc8839,louvain,intersection_count,100.0,0.0,1.0,20260801,1.0.0,not_used,community labels are structural network results; they are not official factions and do not replace original-setting faction metadata
CN10,music,music,永远的三日天下,永远的三日天下,永遠の三日天下,403.0,3,0.0010006835465090408,0.0,3,0.0,C-e8f747f122a36867,CC-df773e8b96afdd92,louvain,intersection_count,100.0,0.0,1.0,20260801,1.0.0,not_used,community labels are structural network results; they are not official factions and do not replace original-setting faction metadata
CN10,music,music,永远的乐园,永远的乐园,久遠の楽園,0.0,0,0.0007185628742532932,0.0,0,0.0,C-e6be720dac4a36e8,CC-e6be720dac4a36e8,louvain,intersection_count,100.0,0.0,1.0,20260801,1.0.0,not_used,community labels are structural network results; they are not official factions and do not replace original-setting faction metadata
CN10,music,music,永远的春梦,永远的春梦,永遠の春夢,2014.0,14,0.002021162288618777,0.0,14,0.5178748758689176,C-e8f747f122a36867,CC-df773e8b96afdd92,louvain,intersection_count,100.0,0.0,1.0,20260801,1.0.0,not_used,community labels are structural network results; they are not official factions and do not replace original-setting faction metadata
CN10,music,music,永远的满月,永远的满月,永遠の満月,337.0,3,0.0009406564783011621,0.0,3,0.3353115727002967,C-32f5db276d9b1b1d,CC-df773e8b96afdd92,louvain,intersection_count,100.0,0.0,1.0,20260801,1.0.0,not_used,community labels are structural network results; they are not official factions and do not replace original-setting faction metadata
CN10,music,music,沉向空中的辉针城,沉向空中的辉针城,空中に沈む輝針城,0.0,0,0.0007185628742532932,0.0,0,0.0,C-c4ebb4a7136b92b9,CC-c4ebb4a7136b92b9,louvain,intersection_count,100.0,0.0,1.0,20260801,1.0.0,not_used,community labels are structural network results; they are not official factions and do not replace original-setting faction metadata
CN10,music,music,沉睡的恐怖sleepingterror,沉睡的恐怖 ～ Sleeping Terror,眠れる恐怖　～ Sleeping Terror,0.0,0,0.0007185628742532932,0.0,0,0.0,C-4ceeef498ae9451e,CC-4ceeef498ae9451e,louvain,intersection_count,100.0,0.0,1.0,20260801,1.0.0,not_used,community labels are structural network results; they are not official factions and do not replace original-setting faction metadata
CN10,music,music,沉默的兽灵,沉默的兽灵,物言わぬ獣の霊,0.0,0,0.0007185628742532932,0.0,0,0.0,C-882c3f70974cdacd,CC-882c3f70974cdacd,louvain,intersection_count,100.0,0.0,1.0,20260801,1.0.0,not_used,community labels are structural network results; they are not official factions and do not replace original-setting faction metadata
CN10,music,music,没用上的场所,没用上的场所,使われなかった場所,0.0,0,0.0007185628742532932,0.0,0,0.0,C-8c607fd4a7cf52e1,CC-8c607fd4a7cf52e1,louvain,intersection_count,100.0,0.0,1.0,20260801,1.0.0,not_used,community labels are structural network results; they are not official factions and do not replace original-setting faction metadata
CN10,music,music,法力之下的平等,法力之下的平等,法力の下の平等,0.0,0,0.0007185628742532932,0.0,0,0.0,C-5e4741b4e2a6b41c,CC-5e4741b4e2a6b41c,louvain,intersection_count,100.0,0.0,1.0,20260801,1.0.0,not_used,community labels are structural network results; they are not official factions and do not replace original-setting faction metadata
CN10,music,music,法界之火,法界之火,法界の火,554.0,4,0.0010933345947372233,0.0,4,0.0,C-e8f747f122a36867,CC-df773e8b96afdd92,louvain,intersection_count,100.0,0.0,1.0,20260801,1.0.0,not_used,community labels are structural network results; they are not official factions and do not replace original-setting faction metadata
CN10,music,music,泳于樱色之海,泳于樱色之海,泳于樱色之海,0.0,0,0.0007185628742532932,0.0,0,0.0,C-5db39402069c612f,CC-5db39402069c612f,louvain,intersection_count,100.0,0.0,1.0,20260801,1.0.0,not_used,community labels are structural network results; they are not official factions and do not replace original-setting faction metadata
CN10,music,music,泽之河童的技术力,泽之河童的技术力,沢の河童の技術力,0.0,0,0.0007185628742532932,0.0,0,0.0,C-e04f84399f834600,CC-e04f84399f834600,louvain,intersection_count,100.0,0.0,1.0,20260801,1.0.0,not_used,community labels are structural network results; they are not official factions and do not replace original-setting faction metadata
CN10,music,music,活泼的纯情小姑娘,活泼的纯情小姑娘,おてんば恋娘,0.0,0,0.0007185628742532932,0.0,0,0.0,C-68a2945bd3bfac6a,CC-68a2945bd3bfac6a,louvain,intersection_count,100.0,0.0,1.0,20260801,1.0.0,not_used,community labels are structural network results; they are not official factions and do not replace original-setting faction metadata
CN10,music,music,活泼的纯情小姑娘活泼纯情小姑娘的冒险,活泼的纯情小姑娘（活泼纯情小姑娘的冒险）,活泼的纯情小姑娘（活泼纯情小姑娘的冒险）,7497.0,34,0.005456001650043968,0.0,27,0.31172468987595037,C-32f5db276d9b1b1d,CC-df773e8b96afdd92,louvain,intersection_count,100.0,0.0,1.0,20260801,1.0.0,not_used,community labels are structural network results; they are not official factions and do not replace original-setting faction metadata
CN10,music,music,浪漫逃飞行,浪漫逃飞行,ロマンチック逃飛行,0.0,0,0.0007185628742532932,0.0,0,0.0,C-fef3e43742206201,CC-fef3e43742206201,louvain,intersection_count,100.0,0.0,1.0,20260801,1.0.0,not_used,community labels are structural network results; they are not official factions and do not replace original-setting faction metadata
CN10,music,music,深山的遭遇,深山的遭遇,山奥のエンカウンター,0.0,0,0.0007185628742532932,0.0,0,0.0,C-3334ede92e7c4f2a,CC-3334ede92e7c4f2a,louvain,intersection_count,100.0,0.0,1.0,20260801,1.0.0,not_used,community labels are structural network results; they are not official factions and do not replace original-setting faction metadata
CN10,music,music,深绿掩映的断崖,深绿掩映的断崖,深緑に隠された断崖,0.0,0,0.0007185628742532932,0.0,0,0.0,C-992f04b8bd92409d,CC-992f04b8bd92409d,louvain,intersection_count,100.0,0.0,1.0,20260801,1.0.0,not_used,community labels are structural network results; they are not official factions and do not replace original-setting faction metadata
CN10,music,music,渴盼已久的逢魔之刻,渴盼已久的逢魔之刻,待ちわびた逢魔が時,284.0,2,0.0009214428856340858,0.0,2,0.0,C-e8f747f122a36867,CC-df773e8b96afdd92,louvain,intersection_count,100.0,0.0,1.0,20260801,1.0.0,not_used,community labels are structural network results; they are not official factions and do not replace original-setting faction metadata
CN10,music,music,湖上倒映着洁净的月光,湖上倒映着洁净的月光,湖は浄めの月光を映して,0.0,0,0.0007185628742532932,0.0,0,0.0,C-bff023c557063904,CC-bff023c557063904,louvain,intersection_count,100.0,0.0,1.0,20260801,1.0.0,not_used,community labels are structural network results; they are not official factions and do not replace original-setting faction metadata
CN10,music,music,满月的竹林,满月的竹林,満月の竹林,0.0,0,0.0007185628742532932,0.0,0,0.0,C-7e5acaed10388bfa,CC-7e5acaed10388bfa,louvain,intersection_count,100.0,0.0,1.0,20260801,1.0.0,not_used,community labels are structural network results; they are not official factions and do not replace original-setting faction metadata
CN10,music,music,漂浮于宇宙之中的幻想乡,漂浮于宇宙之中的幻想乡,宇宙に浮かぶ幻想郷,0.0,0,0.0007185628742532932,0.0,0,0.0,C-a22c747510f19806,CC-a22c747510f19806,louvain,intersection_count,100.0,0.0,1.0,20260801,1.0.0,not_used,community labels are structural network results; they are not official factions and do not replace original-setting faction metadata
CN10,music,music,漫游旧地狱街道,漫游旧地狱街道,旧地獄街道を行く,846.0,7,0.0012635288952485945,0.0,7,0.7044917257683215,C-163a12634cea5589,CC-df773e8b96afdd92,louvain,intersection_count,100.0,0.0,1.0,20260801,1.0.0,not_used,community labels are structural network results; they are not official factions and do not replace original-setting faction metadata
CN10,music,music,灭杀龙王的公主,灭杀龙王的公主,龍王殺しのプリンセス,1287.0,9,0.0015866028856496102,0.0,9,0.29836829836829837,C-e8f747f122a36867,CC-df773e8b96afdd92,louvain,intersection_count,100.0,0.0,1.0,20260801,1.0.0,not_used,community labels are structural network results; they are not official factions and do not replace original-setting faction metadata
CN10,music,music,灰姑娘的笼子,灰姑娘的笼子 ～ Kagome-Kagome,シンデレラケージ　～ Kagome-Kagome,0.0,0,0.0007185628742532932,0.0,0,0.0,C-330ef5703ff18ab7,CC-330ef5703ff18ab7,louvain,intersection_count,100.0,0.0,1.0,20260801,1.0.0,not_used,community labels are structural network results; they are not official factions and do not replace original-setting faction metadata
CN10,music,music,灰姑娘的笼子kagomekagome,灰姑娘的笼子　～ Kagome-Kagome,灰姑娘的笼子　～ Kagome-Kagome,109.0,1,0.0007879141688422125,0.0,1,0.0,C-32f5db276d9b1b1d,CC-df773e8b96afdd92,louvain,intersection_count,100.0,0.0,1.0,20260801,1.0.0,not_used,community labels are structural network results; they are not official factions and do not replace original-setting faction metadata
CN10,music,music,灵人的休息日,灵人的休息日,霊人の休日,0.0,0,0.0007185628742532932,0.0,0,0.0,C-c52624a0a392973f,CC-c52624a0a392973f,louvain,intersection_count,100.0,0.0,1.0,20260801,1.0.0,not_used,community labels are structural network results; they are not official factions and do not replace original-setting faction metadata
CN10,music,music,灵天spiritualheaven,灵天 ～ Spiritual Heaven,霊天　～ Spiritual Heaven,0.0,0,0.0007185628742532932,0.0,0,0.0,C-579c3d08622238c9,CC-579c3d08622238c9,louvain,intersection_count,100.0,0.0,1.0,20260801,1.0.0,not_used,community labels are structural network results; they are not official factions and do not replace original-setting faction metadata
CN10,music,music,灵异任你选,灵异任你选,オカルトアラカルト,0.0,0,0.0007185628742532932,0.0,0,0.0,C-a1e517614748513f,CC-a1e517614748513f,louvain,intersection_count,100.0,0.0,1.0,20260801,1.0.0,not_used,community labels are structural network results; they are not official factions and do not replace original-setting faction metadata
CN10,music,music,灵异任你选occultattract,灵异任你选（Occult Attract）,灵异任你选（Occult Attract）,0.0,0,0.0007185628742532932,0.0,0,0.0,C-4421a2d229a5d2c1,CC-4421a2d229a5d2c1,louvain,intersection_count,100.0,0.0,1.0,20260801,1.0.0,not_used,community labels are structural network results; they are not official factions and do not replace original-setting faction metadata
CN10,music,music,灵战perditioncrisis,灵战 ～ Perdition crisis,霊戦　～ Perdition crisis,0.0,0,0.0007185628742532932,0.0,0,0.0,C-913c391aab0bbadd,CC-913c391aab0bbadd,louvain,intersection_count,100.0,0.0,1.0,20260801,1.0.0,not_used,community labels are structural network results; they are not official factions and do not replace original-setting faction metadata
CN10,music,music,灵知的太阳信仰,灵知的太阳信仰 ～ Nuclear Fusion,霊知の太陽信仰　～ Nuclear Fusion,0.0,0,0.0007185628742532932,0.0,0,0.0,C-c4f330112eb3e77f,CC-c4f330112eb3e77f,louvain,intersection_count,100.0,0.0,1.0,20260801,1.0.0,not_used,community labels are structural network results; they are not official factions and do not replace original-setting faction metadata
CN10,music,music,灵知的太阳信仰nuclearfusion,灵知的太阳信仰 ～ Nuclear Fusion,灵知的太阳信仰 ～ Nuclear Fusion,3455.0,20,0.0029371638354282275,0.0,20,0.6743849493487699,C-163a12634cea5589,CC-df773e8b96afdd92,louvain,intersection_count,100.0,0.0,1.0,20260801,1.0.0,not_used,community labels are structural network results; they are not official factions and do not replace original-setting faction metadata
CN10,music,music,灵魂安息之所,灵魂安息之所,魂の休らむ所,0.0,0,0.0007185628742532932,0.0,0,0.0,C-efc3fff1d6a77308,CC-efc3fff1d6a77308,louvain,intersection_count,100.0,0.0,1.0,20260801,1.0.0,not_used,community labels are structural network results; they are not official factions and do not replace original-setting faction metadata
CN10,music,music,熙攘市场今何在,熙攘市场今何在 ～ Immemorial Marketeers,あの賑やかな市場は今どこに　〜 Immemorial Marketeers,0.0,0,0.0007185628742532932,0.0,0,0.0,C-267ac0150ed10486,CC-267ac0150ed10486,louvain,intersection_count,100.0,0.0,1.0,20260801,1.0.0,not_used,community labels are structural network results; they are not official factions and do not replace original-setting faction metadata
CN10,music,music,熙攘市场今何在immemorialmarketeers,熙攘市场今何在　～ Immemorial Marketeers,熙攘市场今何在　～ Immemorial Marketeers,9911.0,41,0.0077618358404384,0.0,27,0.4656442336797498,C-e8f747f122a36867,CC-df773e8b96afdd92,louvain,intersection_count,100.0,0.0,1.0,20260801,1.0.0,not_used,community labels are structural network results; they are not official factions and do not replace original-setting faction metadata
CN10,music,music,燃起犯规的狼烟,燃起犯规的狼烟,反則の狼煙を上げろ,0.0,0,0.0007185628742532932,0.0,0,0.0,C-cdc5bc836d76a8da,CC-cdc5bc836d76a8da,louvain,intersection_count,100.0,0.0,1.0,20260801,1.0.0,not_used,community labels are structural network results; they are not official factions and do not replace original-setting faction metadata
CN10,music,music,燕石博物志所带来的黑暗,燕石博物志所带来的黑暗,燕石博物誌が連れてきた闇,0.0,0,0.0007185628742532932,0.0,0,0.0,C-a3bc33c55e12b5b2,CC-a3bc33c55e12b5b2,louvain,intersection_count,100.0,0.0,1.0,20260801,1.0.0,not_used,community labels are structural network results; they are not official factions and do not replace original-setting faction metadata
CN10,music,music,特佩斯的年幼末裔,特佩斯的年幼末裔,ツェペシュの幼き末裔,0.0,0,0.0007185628742532932,0.0,0,0.0,C-cb2173c311171c40,CC-cb2173c311171c40,louvain,intersection_count,100.0,0.0,1.0,20260801,1.0.0,not_used,community labels are structural network results; they are not official factions and do not replace original-setting faction metadata
CN10,music,music,特洛伊群的密林,特洛伊群的密林,トロヤ群の密林,0.0,0,0.0007185628742532932,0.0,0,0.0,C-560be141a8d326bf,CC-560be141a8d326bf,louvain,intersection_count,100.0,0.0,1.0,20260801,1.0.0,not_used,community labels are structural network results; they are not official factions and do not replace original-setting faction metadata
CN10,music,music,狂气之瞳,狂气之瞳 ～ Invisible Full Moon,狂気の瞳　～ Invisible Full Moon,0.0,0,0.0007185628742532932,0.0,0,0.0,C-5cabf36a494d9dd2,CC-5cabf36a494d9dd2,louvain,intersection_count,100.0,0.0,1.0,20260801,1.0.0,not_used,community labels are structural network results; they are not official factions and do not replace original-setting faction metadata
CN10,music,music,狂气之瞳invisiblefullmoon,狂气之瞳　～ Invisible Full Moon,狂气之瞳　～ Invisible Full Moon,7489.0,33,0.005442410190380058,0.0,27,0.3943116570970757,C-32f5db276d9b1b1d,CC-df773e8b96afdd92,louvain,intersection_count,100.0,0.0,1.0,20260801,1.0.0,not_used,community labels are structural network results; they are not official factions and do not replace original-setting faction metadata
CN10,music,music,独一无二的投影,独一无二的投影,唯一無二のシミュラークル,0.0,0,0.0007185628742532932,0.0,0,0.0,C-acb14464d01f50bd,CC-acb14464d01f50bd,louvain,intersection_count,100.0,0.0,1.0,20260801,1.0.0,not_used,community labels are structural network results; they are not official factions and do not replace original-setting faction metadata
CN10,music,music,献给已逝公主的七重奏,献给已逝公主的七重奏,亡き王女の為のセプテット,20602.0,64,0.014346537848983178,0.0004849078007874191,27,0.44515095621784295,C-32f5db276d9b1b1d,CC-df773e8b96afdd92,louvain,intersection_count,100.0,0.0,1.0,20260801,1.0.0,not_used,community labels are structural network results; they are not official factions and do not replace original-setting faction metadata
CN10,music,music,现代妖怪殖民地,现代妖怪殖民地,妖怪モダンコロニー,0.0,0,0.0007185628742532932,0.0,0,0.0,C-40243b818f06ce12,CC-40243b818f06ce12,louvain,intersection_count,100.0,0.0,1.0,20260801,1.0.0,not_used,community labels are structural network results; they are not official factions and do not replace original-setting faction metadata
CN10,music,music,珍奇的上海古牌,珍奇的上海古牌,キュアリアス上海古牌,0.0,0,0.0007185628742532932,0.0,0,0.0,C-07e287e1de9f8f2d,CC-07e287e1de9f8f2d,louvain,intersection_count,100.0,0.0,1.0,20260801,1.0.0,not_used,community labels are structural network results; they are not official factions and do not replace original-setting faction metadata
CN10,music,music,甲论乙驳,甲论乙驳,甲論乙駁,0.0,0,0.0007185628742532932,0.0,0,0.0,C-5285d77a3e8be40c,CC-5285d77a3e8be40c,louvain,intersection_count,100.0,0.0,1.0,20260801,1.0.0,not_used,community labels are structural network results; they are not official factions and do not replace original-setting faction metadata
CN10,music,music,畜生们的休息,畜生们的休息,畜生達の休息,0.0,0,0.0007185628742532932,0.0,0,0.0,C-67c5e5763a50dcd3,CC-67c5e5763a50dcd3,louvain,intersection_count,100.0,0.0,1.0,20260801,1.0.0,not_used,community labels are structural network results; they are not official factions and do not replace original-setting faction metadata
CN10,music,music,疑惑的萌芽,疑惑的萌芽,疑惑的萌芽,0.0,0,0.0007185628742532932,0.0,0,0.0,C-c25d9909b303a88a,CC-c25d9909b303a88a,louvain,intersection_count,100.0,0.0,1.0,20260801,1.0.0,not_used,community labels are structural network results; they are not official factions and do not replace original-setting faction metadata
CN10,music,music,白色旅人,白色旅人,白い旅人,0.0,0,0.0007185628742532932,0.0,0,0.0,C-5c40d882596c5a1b,CC-5c40d882596c5a1b,louvain,intersection_count,100.0,0.0,1.0,20260801,1.0.0,not_used,community labels are structural network results; they are not official factions and do not replace original-setting faction metadata
CN10,music,music,盛夏的妖精梦,盛夏的妖精梦,真夏の妖精の夢,0.0,0,0.0007185628742532932,0.0,0,0.0,C-4b8a594ef5dfb104,CC-4b8a594ef5dfb104,louvain,intersection_count,100.0,0.0,1.0,20260801,1.0.0,not_used,community labels are structural network results; they are not official factions and do not replace original-setting faction metadata
CN10,music,music,相信可能性,相信可能性,可能性を信じて,0.0,0,0.0007185628742532932,0.0,0,0.0,C-82c8a4ffe1f3efa6,CC-82c8a4ffe1f3efa6,louvain,intersection_count,100.0,0.0,1.0,20260801,1.0.0,not_used,community labels are structural network results; they are not official factions and do not replace original-setting faction metadata
CN10,music,music,眷爱众生之神,眷爱众生之神 ～ Romantic Fall,人恋し神様　～ Romantic Fall,0.0,0,0.0007185628742532932,0.0,0,0.0,C-1528eda11f898cf6,CC-1528eda11f898cf6,louvain,intersection_count,100.0,0.0,1.0,20260801,1.0.0,not_used,community labels are structural network results; they are not official factions and do not replace original-setting faction metadata
CN10,music,music,眷爱众生之神romanticfall,眷爱众生之神　～ Romantic Fall,眷爱众生之神　～ Romantic Fall,0.0,0,0.0007185628742532932,0.0,0,0.0,C-bb712ef2ed7f9115,CC-bb712ef2ed7f9115,louvain,intersection_count,100.0,0.0,1.0,20260801,1.0.0,not_used,community labels are structural network results; they are not official factions and do not replace original-setting faction metadata
CN10,music,music,知晓真相之人,知晓真相之人,真実を知る者,0.0,0,0.0007185628742532932,0.0,0,0.0,C-dcdb008e3fd3033c,CC-dcdb008e3fd3033c,louvain,intersection_count,100.0,0.0,1.0,20260801,1.0.0,not_used,community labels are structural network results; they are not official factions and do not replace original-setting faction metadata
CN10,music,music,石之婴儿与水中牛,石之婴儿与水中牛,石の赤子と水中の牛,0.0,0,0.0007185628742532932,0.0,0,0.0,C-b45b168630053415,CC-b45b168630053415,louvain,intersection_count,100.0,0.0,1.0,20260801,1.0.0,not_used,community labels are structural network results; they are not official factions and do not replace original-setting faction metadata
CN10,music,music,破邪的小太刀,破邪的小太刀,破邪の小太刀,0.0,0,0.0007185628742532932,0.0,0,0.0,C-a67ece5620bb57b6,CC-a67ece5620bb57b6,louvain,intersection_count,100.0,0.0,1.0,20260801,1.0.0,not_used,community labels are structural network results; they are not official factions and do not replace original-setting faction metadata
CN10,music,music,碎月,碎月,砕月,20090.0,66,0.01425645439163662,0.0,27,0.5064211050273768,C-32f5db276d9b1b1d,CC-df773e8b96afdd92,louvain,intersection_count,100.0,0.0,1.0,20260801,1.0.0,not_used,community labels are structural network results; they are not official factions and do not replace original-setting faction metadata
CN10,music,music,神代矿石,神代矿石,神代鉱石,0.0,0,0.0007185628742532932,0.0,0,0.0,C-63978f77fba58477,CC-63978f77fba58477,louvain,intersection_count,100.0,0.0,1.0,20260801,1.0.0,not_used,community labels are structural network results; they are not official factions and do not replace original-setting faction metadata
CN10,music,music,神圣庄严的古战场,神圣庄严的古战场 ～ Suwa Foughten Field,神さびた古戦場　～ Suwa Foughten Field,0.0,0,0.0007185628742532932,0.0,0,0.0,C-9e35f3294f9afd71,CC-9e35f3294f9afd71,louvain,intersection_count,100.0,0.0,1.0,20260801,1.0.0,not_used,community labels are structural network results; they are not official factions and do not replace original-setting faction metadata
CN10,music,music,神圣庄严的古战场suwafoughtenfield,神圣庄严的古战场 ～ Suwa Foughten Field,神圣庄严的古战场 ～ Suwa Foughten Field,5031.0,28,0.003976326988874669,0.0,26,0.5631087258994236,C-e8f747f122a36867,CC-df773e8b96afdd92,louvain,intersection_count,100.0,0.0,1.0,20260801,1.0.0,not_used,community labels are structural network results; they are not official factions and do not replace original-setting faction metadata
CN10,music,music,神域的捉迷藏生活,神域的捉迷藏生活,神域のかくれんぼ暮らし,0.0,0,0.0007185628742532932,0.0,0,0.0,C-84600d27bc41c621,CC-84600d27bc41c621,louvain,intersection_count,100.0,0.0,1.0,20260801,1.0.0,not_used,community labels are structural network results; they are not official factions and do not replace original-setting faction metadata
CN10,music,music,神明降下恩惠之雨sylphiddream,神明降下恩惠之雨 ～ Sylphid Dream,神は恵みの雨を降らす　～ Sylphid Dream,0.0,0,0.0007185628742532932,0.0,0,0.0,C-6f09b712c5304620,CC-6f09b712c5304620,louvain,intersection_count,100.0,0.0,1.0,20260801,1.0.0,not_used,community labels are structural network results; they are not official factions and do not replace original-setting faction metadata
CN10,music,music,神社,神社,神社,0.0,0,0.0007185628742532932,0.0,0,0.0,C-09955aca4fa54874,CC-09955aca4fa54874,louvain,intersection_count,100.0,0.0,1.0,20260801,1.0.0,not_used,community labels are structural network results; they are not official factions and do not replace original-setting faction metadata
CN10,music,music,神社的新风,神社的新风,神社の新しい風,0.0,0,0.0007185628742532932,0.0,0,0.0,C-c190e668e513177a,CC-c190e668e513177a,louvain,intersection_count,100.0,0.0,1.0,20260801,1.0.0,not_used,community labels are structural network results; they are not official factions and do not replace original-setting faction metadata
CN10,music,music,神秘的人偶godknows,神秘的人偶　～ God Knows,神秘的人偶　～ God Knows,0.0,0,0.0007185628742532932,0.0,0,0.0,C-f66e1e19e6319253,CC-f66e1e19e6319253,louvain,intersection_count,100.0,0.0,1.0,20260801,1.0.0,not_used,community labels are structural network results; they are not official factions and do not replace original-setting faction metadata
CN10,music,music,神篱如紫色火焰般燃烧,神篱，如紫色火焰般燃烧,ひもろぎ、むらさきにもえ,0.0,0,0.0007185628742532932,0.0,0,0.0,C-1147a62a1b15c5d1,CC-1147a62a1b15c5d1,louvain,intersection_count,100.0,0.0,1.0,20260801,1.0.0,not_used,community labels are structural network results; they are not official factions and do not replace original-setting faction metadata
CN10,music,music,神话幻想infinitebeing,神话幻想 ～ Infinite Being,神話幻想　～ Infinite Being,0.0,0,0.0007185628742532932,0.0,0,0.0,C-271b85fa59ccb2cf,CC-271b85fa59ccb2cf,louvain,intersection_count,100.0,0.0,1.0,20260801,1.0.0,not_used,community labels are structural network results; they are not official factions and do not replace original-setting faction metadata
CN10,music,music,祸机,祸机,禍機,0.0,0,0.0007185628742532932,0.0,0,0.0,C-706ed1ecb746a455,CC-706ed1ecb746a455,louvain,intersection_count,100.0,0.0,1.0,20260801,1.0.0,not_used,community labels are structural network results; they are not official factions and do not replace original-setting faction metadata
CN10,music,music,禁忌的膜壁,禁忌的膜壁,禁忌の膜壁,0.0,0,0.0007185628742532932,0.0,0,0.0,C-d49e124fcf0b54da,CC-d49e124fcf0b54da,louvain,intersection_count,100.0,0.0,1.0,20260801,1.0.0,not_used,community labels are structural network results; they are not official factions and do not replace original-setting faction metadata
CN10,music,music,禁忌的魔法forbiddenmagic,禁忌的魔法 ～ Forbidden Magic,禁断の魔法　～ Forbidden Magic,0.0,0,0.0007185628742532932,0.0,0,0.0,C-32cfc0064cdd24bb,CC-32cfc0064cdd24bb,louvain,intersection_count,100.0,0.0,1.0,20260801,1.0.0,not_used,community labels are structural network results; they are not official factions and do not replace original-setting faction metadata
CN10,music,music,禁断之门对面是此世还是彼世,禁断之门对面，是此世还是彼世,禁断の扉の向こうは、この世かあの世か,0.0,0,0.0007185628742532932,0.0,0,0.0,C-9542b28a5286e4f7,CC-9542b28a5286e4f7,louvain,intersection_count,100.0,0.0,1.0,20260801,1.0.0,not_used,community labels are structural network results; they are not official factions and do not replace original-setting faction metadata
CN10,music,music,秋霜玉clockworks,秋霜玉 ～ Clockworks,秋霜玉　～ Clockworks,0.0,0,0.0007185628742532932,0.0,0,0.0,C-ee912f6bf15e6867,CC-ee912f6bf15e6867,louvain,intersection_count,100.0,0.0,1.0,20260801,1.0.0,not_used,community labels are structural network results; they are not official factions and do not replace original-setting faction metadata
CN10,music,music,科学世纪的少年少女,科学世纪的少年少女,科学世紀の少年少女,0.0,0,0.0007185628742532932,0.0,0,0.0,C-3b00132bd6a1acc4,CC-3b00132bd6a1acc4,louvain,intersection_count,100.0,0.0,1.0,20260801,1.0.0,not_used,community labels are structural network results; they are not official factions and do not replace original-setting faction metadata
CN10,music,music,秘境的人鱼,秘境的人鱼,秘境のマーメイド,0.0,0,0.0007185628742532932,0.0,0,0.0,C-5a95774a70b1d66a,CC-5a95774a70b1d66a,louvain,intersection_count,100.0,0.0,1.0,20260801,1.0.0,not_used,community labels are structural network results; they are not official factions and do not replace original-setting faction metadata
CN10,music,music,秘神摩多罗,秘神摩多罗 ～ Hidden Star in All Seasons.,秘神マターラ　～ Hidden Star in All Seasons.,0.0,0,0.0007185628742532932,0.0,0,0.0,C-1e8b6290d8ce72ee,CC-1e8b6290d8ce72ee,louvain,intersection_count,100.0,0.0,1.0,20260801,1.0.0,not_used,community labels are structural network results; they are not official factions and do not replace original-setting faction metadata
CN10,music,music,秘神摩多罗hiddenstarinallseasons,秘神摩多罗　～ Hidden Star in All Seasons.,秘神摩多罗　～ Hidden Star in All Seasons.,3170.0,17,0.00285726861242816,0.0,16,0.28738170347003156,C-e8f747f122a36867,CC-df773e8b96afdd92,louvain,intersection_count,100.0,0.0,1.0,20260801,1.0.0,not_used,community labels are structural network results; they are not official factions and do not replace original-setting faction metadata
CN10,music,music,稀客,稀客,珍客,0.0,0,0.0007185628742532932,0.0,0,0.0,C-1775aad87b50c0dc,CC-1775aad87b50c0dc,louvain,intersection_count,100.0,0.0,1.0,20260801,1.0.0,not_used,community labels are structural network results; they are not official factions and do not replace original-setting faction metadata
CN10,music,music,稀翁玉fairydance,稀翁玉 ～ Fairy Dance,稀翁玉　～ Fairy Dance,0.0,0,0.0007185628742532932,0.0,0,0.0,C-83da0a04a5472647,CC-83da0a04a5472647,louvain,intersection_count,100.0,0.0,1.0,20260801,1.0.0,not_used,community labels are structural network results; they are not official factions and do not replace original-setting faction metadata
CN10,music,music,空中的归路skydream,空中的归路 ～ Sky Dream,空の帰り道　～ Sky Dream,0.0,0,0.0007185628742532932,0.0,0,0.0,C-a772001334266d3b,CC-a772001334266d3b,louvain,intersection_count,100.0,0.0,1.0,20260801,1.0.0,not_used,community labels are structural network results; they are not official factions and do not replace original-setting faction metadata
CN10,music,music,空中飘浮的物体x,空中飘浮的物体Ｘ,空に浮かぶ物体X,0.0,0,0.0007185628742532932,0.0,0,0.0,C-0b588e66c2dab340,CC-0b588e66c2dab340,louvain,intersection_count,100.0,0.0,1.0,20260801,1.0.0,not_used,community labels are structural network results; they are not official factions and do not replace original-setting faction metadata
CN10,music,music,空中飞翔的巫女不可思议的每天,空中飞翔的巫女不可思议的每天,空飛ぶ巫女の不思議な毎日,0.0,0,0.0007185628742532932,0.0,0,0.0,C-e46a6bc7320ec4af,CC-e46a6bc7320ec4af,louvain,intersection_count,100.0,0.0,1.0,20260801,1.0.0,not_used,community labels are structural network results; they are not official factions and do not replace original-setting faction metadata
CN10,music,music,童祭innocenttreasures,童祭 ～ Innocent Treasures,童祭　～ Innocent Treasures,18132.0,64,0.013257871807172193,0.0009030851702738173,27,0.8514228987425546,C-11f1225d3ef1355e,CC-df773e8b96afdd92,louvain,intersection_count,100.0,0.0,1.0,20260801,1.0.0,not_used,community labels are structural network results; they are not official factions and do not replace original-setting faction metadata
CN10,music,music,竹取飞翔,竹取飞翔 ～ Lunatic Princess,竹取飛翔　～ Lunatic Princess,0.0,0,0.0007185628742532932,0.0,0,0.0,C-44b9271ab6ea3a5f,CC-44b9271ab6ea3a5f,louvain,intersection_count,100.0,0.0,1.0,20260801,1.0.0,not_used,community labels are structural network results; they are not official factions and do not replace original-setting faction metadata
CN10,music,music,竹取飞翔lunaticprincess,竹取飞翔　～ Lunatic Princess,竹取飞翔　～ Lunatic Princess,24201.0,75,0.01811517194115443,0.0011121738550170163,27,0.48931862319738856,C-32f5db276d9b1b1d,CC-df773e8b96afdd92,louvain,intersection_count,100.0,0.0,1.0,20260801,1.0.0,not_used,community labels are structural network results; they are not official factions and do not replace original-setting faction metadata
CN10,music,music,竹林大火,竹林大火,竹林インフレイム,0.0,0,0.0007185628742532932,0.0,0,0.0,C-148a823d3844006b,CC-148a823d3844006b,louvain,intersection_count,100.0,0.0,1.0,20260801,1.0.0,not_used,community labels are structural network results; they are not official factions and do not replace original-setting faction metadata
CN10,music,music,第六十年的东方审判,第六十年的东方审判 ～ Fate of Sixty Years,六十年目の東方裁判　～ Fate of Sixty Years,0.0,0,0.0007185628742532932,0.0,0,0.0,C-38c7d5d960488211,CC-38c7d5d960488211,louvain,intersection_count,100.0,0.0,1.0,20260801,1.0.0,not_used,community labels are structural network results; they are not official factions and do not replace original-setting faction metadata
CN10,music,music,第六十年的东方审判fateofsixtyyears,第六十年的东方审判　～ Fate of Sixty Years,第六十年的东方审判　～ Fate of Sixty Years,6707.0,34,0.005152670748386617,0.0,27,0.6687043387505591,C-e8f747f122a36867,CC-df773e8b96afdd92,louvain,intersection_count,100.0,0.0,1.0,20260801,1.0.0,not_used,community labels are structural network results; they are not official factions and do not replace original-setting faction metadata
CN10,music,music,紅响曲scarletphoneme,紅响曲 ～ Scarlet Phoneme,紅响曲 ～ Scarlet Phoneme,0.0,0,0.0007185628742532932,0.0,0,0.0,C-117f407ae5dd62c1,CC-117f407ae5dd62c1,louvain,intersection_count,100.0,0.0,1.0,20260801,1.0.0,not_used,community labels are structural network results; they are not official factions and do not replace original-setting faction metadata
CN10,music,music,红响曲scarletphoneme,红响曲 ～ Scarlet Phoneme,紅響曲　～ Scarlet Phoneme,0.0,0,0.0007185628742532932,0.0,0,0.0,C-83d2dab47d186c57,CC-83d2dab47d186c57,louvain,intersection_count,100.0,0.0,1.0,20260801,1.0.0,not_used,community labels are structural network results; they are not official factions and do not replace original-setting faction metadata
CN10,music,music,红夜,红夜,紅夜,0.0,0,0.0007185628742532932,0.0,0,0.0,C-e104ac4f4ddb942e,CC-e104ac4f4ddb942e,louvain,intersection_count,100.0,0.0,1.0,20260801,1.0.0,not_used,community labels are structural network results; they are not official factions and do not replace original-setting faction metadata
CN10,music,music,红楼easterndream,红楼 ～ Eastern Dream...,紅楼　～ Eastern Dream...,13843.0,59,0.010123541260914842,0.0,27,0.8378964097377736,C-11f1225d3ef1355e,CC-df773e8b96afdd92,louvain,intersection_count,100.0,0.0,1.0,20260801,1.0.0,not_used,community labels are structural network results; they are not official factions and do not replace original-setting faction metadata
CN10,music,music,绯想天,绯想天,緋想天,2703.0,17,0.0024522812662638323,0.0,17,0.5149833518312985,C-32f5db276d9b1b1d,CC-df773e8b96afdd92,louvain,intersection_count,100.0,0.0,1.0,20260801,1.0.0,not_used,community labels are structural network results; they are not official factions and do not replace original-setting faction metadata
CN10,music,music,绯红的少女crimsondead,绯红的少女 ～ Crimson Dead!!,真紅の少女　～ Crimson Dead!!,0.0,0,0.0007185628742532932,0.0,0,0.0,C-3b7696deeeadbdf4,CC-3b7696deeeadbdf4,louvain,intersection_count,100.0,0.0,1.0,20260801,1.0.0,not_used,community labels are structural network results; they are not official factions and do not replace original-setting faction metadata
CN10,music,music,绵月的符卡lunaticblue,绵月的符卡 ～ Lunatic Blue,綿月のスペルカード　～ Lunatic Blue,0.0,0,0.0007185628742532932,0.0,0,0.0,C-8b498b33ab828609,CC-8b498b33ab828609,louvain,intersection_count,100.0,0.0,1.0,20260801,1.0.0,not_used,community labels are structural network results; they are not official factions and do not replace original-setting faction metadata
CN10,music,music,绿意盎然的疗养院,绿意盎然的疗养院,緑のサナトリウム,0.0,0,0.0007185628742532932,0.0,0,0.0,C-baffbb587aeb177d,CC-baffbb587aeb177d,louvain,intersection_count,100.0,0.0,1.0,20260801,1.0.0,not_used,community labels are structural network results; they are not official factions and do not replace original-setting faction metadata
CN10,music,music,绿眼的嫉妒,绿眼的嫉妒,緑眼のジェラシー,1166.0,8,0.0014886020156580637,0.0,8,0.5497427101200686,C-163a12634cea5589,CC-df773e8b96afdd92,louvain,intersection_count,100.0,0.0,1.0,20260801,1.0.0,not_used,community labels are structural network results; they are not official factions and do not replace original-setting faction metadata
CN10,music,music,背叛的少女judaskiss,背叛的少女 ～ Judas Kiss,裏切りの少女　～ Judas Kiss,0.0,0,0.0007185628742532932,0.0,0,0.0,C-e286450ab88c906f,CC-e286450ab88c906f,louvain,intersection_count,100.0,0.0,1.0,20260801,1.0.0,not_used,community labels are structural network results; they are not official factions and do not replace original-setting faction metadata
CN10,music,music,胜利的示范,胜利的示范,勝利デモ,0.0,0,0.0007185628742532932,0.0,0,0.0,C-bff4a5a2909e8ac4,CC-bff4a5a2909e8ac4,louvain,intersection_count,100.0,0.0,1.0,20260801,1.0.0,not_used,community labels are structural network results; they are not official factions and do not replace original-setting faction metadata
CN10,music,music,能够睡眠的恐怖sleepingterror,能够睡眠的恐怖 ～ Sleeping Terror,能够睡眠的恐怖 ～ Sleeping Terror,0.0,0,0.0007185628742532932,0.0,0,0.0,C-e971bb3365abf9b6,CC-e971bb3365abf9b6,louvain,intersection_count,100.0,0.0,1.0,20260801,1.0.0,not_used,community labels are structural network results; they are not official factions and do not replace original-setting faction metadata
CN10,music,music,能源黎明futuredream,能源黎明 ～ Future Dream...,エネルギー黎明 ～ Future Dream...,0.0,0,0.0007185628742532932,0.0,0,0.0,C-9adc1c55c7abc940,CC-9adc1c55c7abc940,louvain,intersection_count,100.0,0.0,1.0,20260801,1.0.0,not_used,community labels are structural network results; they are not official factions and do not replace original-setting faction metadata
CN10,music,music,芥川龙之介的河童,芥川龙之介的河童 ～ Candid Friend,芥川龍之介の河童　～ Candid Friend,0.0,0,0.0007185628742532932,0.0,0,0.0,C-d16a02eda6d8ca7b,CC-d16a02eda6d8ca7b,louvain,intersection_count,100.0,0.0,1.0,20260801,1.0.0,not_used,community labels are structural network results; they are not official factions and do not replace original-setting faction metadata
CN10,music,music,芥川龙之介的河童candidfriend,芥川龙之介的河童 ～ Candid Friend,芥川龙之介的河童 ～ Candid Friend,1423.0,11,0.0016265696795311757,0.0,11,0.7118763176387913,C-163a12634cea5589,CC-df773e8b96afdd92,louvain,intersection_count,100.0,0.0,1.0,20260801,1.0.0,not_used,community labels are structural network results; they are not official factions and do not replace original-setting faction metadata
CN10,music,music,花如幻想一般,花如幻想一般,花は幻想のままに,109.0,1,0.0008009724683624043,0.0,1,0.0,C-e8f747f122a36867,CC-df773e8b96afdd92,louvain,intersection_count,100.0,0.0,1.0,20260801,1.0.0,not_used,community labels are structural network results; they are not official factions and do not replace original-setting faction metadata
CN10,music,music,花映塚afterhiganretour,花映塚 ～ after Higan Retour,花映塚 ～ after Higan Retour,0.0,0,0.0007185628742532932,0.0,0,0.0,C-b7b6f3bea88f4a7e,CC-b7b6f3bea88f4a7e,louvain,intersection_count,100.0,0.0,1.0,20260801,1.0.0,not_used,community labels are structural network results; they are not official factions and do not replace original-setting faction metadata
CN10,music,music,花映塚higanretour,花映塚　～ Higan Retour,花映塚　～ Higan Retour,0.0,0,0.0007185628742532932,0.0,0,0.0,C-1858d1d5478d65d9,CC-1858d1d5478d65d9,louvain,intersection_count,100.0,0.0,1.0,20260801,1.0.0,not_used,community labels are structural network results; they are not official factions and do not replace original-setting faction metadata
CN10,music,music,萃梦想,萃梦想,萃夢想,904.0,7,0.0013010436097804538,0.0,7,0.3573008849557522,C-32f5db276d9b1b1d,CC-df773e8b96afdd92,louvain,intersection_count,100.0,0.0,1.0,20260801,1.0.0,not_used,community labels are structural network results; they are not official factions and do not replace original-setting faction metadata
CN10,music,music,落日映照下的逆城,落日映照下的逆城,落日に生える逆さ城,0.0,0,0.0007185628742532932,0.0,0,0.0,C-17b2ccfe79f28029,CC-17b2ccfe79f28029,louvain,intersection_count,100.0,0.0,1.0,20260801,1.0.0,not_used,community labels are structural network results; they are not official factions and do not replace original-setting faction metadata
CN10,music,music,蓬莱传说,蓬莱传说,蓬莱伝説,10717.0,54,0.009420626607993273,0.0018017216451275664,27,0.7033684799850705,C-11f1225d3ef1355e,CC-df773e8b96afdd92,louvain,intersection_count,100.0,0.0,1.0,20260801,1.0.0,not_used,community labels are structural network results; they are not official factions and do not replace original-setting faction metadata
CN10,music,music,蓬莱幻想fareast,蓬莱幻想 ～ far East,蓬莱幻想　～ far East,0.0,0,0.0007185628742532932,0.0,0,0.0,C-4c31ceb390327bbe,CC-4c31ceb390327bbe,louvain,intersection_count,100.0,0.0,1.0,20260801,1.0.0,not_used,community labels are structural network results; they are not official factions and do not replace original-setting faction metadata
CN10,music,music,薛定谔的怪猫,薛定谔的怪猫,シュレディンガーの化猫,0.0,0,0.0007185628742532932,0.0,0,0.0,C-48f426a28b2579c0,CC-48f426a28b2579c0,louvain,intersection_count,100.0,0.0,1.0,20260801,1.0.0,not_used,community labels are structural network results; they are not official factions and do not replace original-setting faction metadata
CN10,music,music,虎纹的毘沙门天,虎纹的毘沙门天,虎柄の毘沙門天,0.0,0,0.0007185628742532932,0.0,0,0.0,C-3a038479eebf5bbf,CC-3a038479eebf5bbf,louvain,intersection_count,100.0,0.0,1.0,20260801,1.0.0,not_used,community labels are structural network results; they are not official factions and do not replace original-setting faction metadata
CN10,music,music,虹色的世界,虹色的世界,虹色の世界,0.0,0,0.0007185628742532932,0.0,0,0.0,C-1aee1c290a7d9ef5,CC-1aee1c290a7d9ef5,louvain,intersection_count,100.0,0.0,1.0,20260801,1.0.0,not_used,community labels are structural network results; they are not official factions and do not replace original-setting faction metadata
CN10,music,music,蠢蠢的秋月,蠢蠢的秋月 ～ Mooned Insect,蠢々秋月　～ Mooned Insect,0.0,0,0.0007185628742532932,0.0,0,0.0,C-6175486e07f56962,CC-6175486e07f56962,louvain,intersection_count,100.0,0.0,1.0,20260801,1.0.0,not_used,community labels are structural network results; they are not official factions and do not replace original-setting faction metadata
CN10,music,music,蠢蠢的秋月moonedinsect,蠢蠢的秋月　～ Mooned Insect,蠢蠢的秋月　～ Mooned Insect,0.0,0,0.0007185628742532932,0.0,0,0.0,C-79a98f6fbc9e85f4,CC-79a98f6fbc9e85f4,louvain,intersection_count,100.0,0.0,1.0,20260801,1.0.0,not_used,community labels are structural network results; they are not official factions and do not replace original-setting faction metadata
CN10,music,music,行云流水,行云流水,行雲流水,0.0,0,0.0007185628742532932,0.0,0,0.0,C-cbe5b4a1818335fc,CC-cbe5b4a1818335fc,louvain,intersection_count,100.0,0.0,1.0,20260801,1.0.0,not_used,community labels are structural network results; they are not official factions and do not replace original-setting faction metadata
CN10,music,music,被封印的众神,被封印的众神,封印されし神々,0.0,0,0.0007185628742532932,0.0,0,0.0,C-03c9e58fc17537c0,CC-03c9e58fc17537c0,louvain,intersection_count,100.0,0.0,1.0,20260801,1.0.0,not_used,community labels are structural network results; they are not official factions and do not replace original-setting faction metadata
CN10,music,music,被封印的妖怪,被封印的妖怪 ～ Lost Place,封じられた妖怪　～ Lost Place,0.0,0,0.0007185628742532932,0.0,0,0.0,C-9b2b3ef077d6125d,CC-9b2b3ef077d6125d,louvain,intersection_count,100.0,0.0,1.0,20260801,1.0.0,not_used,community labels are structural network results; they are not official factions and do not replace original-setting faction metadata
CN10,music,music,被封印的妖怪lostplace,被封印的妖怪　～ Lost Place,被封印的妖怪　～ Lost Place,0.0,0,0.0007185628742532932,0.0,0,0.0,C-ab435c4a97be939f,CC-ab435c4a97be939f,louvain,intersection_count,100.0,0.0,1.0,20260801,1.0.0,not_used,community labels are structural network results; they are not official factions and do not replace original-setting faction metadata
CN10,music,music,被揭晓的深秘,被揭晓的深秘,明かされる深秘,0.0,0,0.0007185628742532932,0.0,0,0.0,C-11326354ba074be9,CC-11326354ba074be9,louvain,intersection_count,100.0,0.0,1.0,20260801,1.0.0,not_used,community labels are structural network results; they are not official factions and do not replace original-setting faction metadata
CN10,music,music,被水淹没的沉愁地狱,被水淹没的沉愁地狱,水没した沈愁地獄,268.0,2,0.0009114882568350284,0.0,2,0.0,C-e8f747f122a36867,CC-df773e8b96afdd92,louvain,intersection_count,100.0,0.0,1.0,20260801,1.0.0,not_used,community labels are structural network results; they are not official factions and do not replace original-setting faction metadata
CN10,music,music,被牛引到善光寺,被牛引到善光寺,牛に引かれて善光寺参り,0.0,0,0.0007185628742532932,0.0,0,0.0,C-dea1479c4364f5f7,CC-dea1479c4364f5f7,louvain,intersection_count,100.0,0.0,1.0,20260801,1.0.0,not_used,community labels are structural network results; they are not official factions and do not replace original-setting faction metadata
CN10,music,music,被秘匿的四个季节,被秘匿的四个季节,秘匿されたフォーシーズンズ,2664.0,14,0.0025179152863602423,0.0,14,0.23686186186186187,C-e8f747f122a36867,CC-df773e8b96afdd92,louvain,intersection_count,100.0,0.0,1.0,20260801,1.0.0,not_used,community labels are structural network results; they are not official factions and do not replace original-setting faction metadata
CN10,music,music,装饰战decorationbattle,装饰战 ～ Decoration Battle,装飾戦　～ Decoration Battle,0.0,0,0.0007185628742532932,0.0,0,0.0,C-2e3748075b187f65,CC-2e3748075b187f65,louvain,intersection_count,100.0,0.0,1.0,20260801,1.0.0,not_used,community labels are structural network results; they are not official factions and do not replace original-setting faction metadata
CN10,music,music,识文解意的爱书人,识文解意的爱书人,判読眼のビブロフィリア,0.0,0,0.0007185628742532932,0.0,0,0.0,C-2660c80f2417a60c,CC-2660c80f2417a60c,louvain,intersection_count,100.0,0.0,1.0,20260801,1.0.0,not_used,community labels are structural network results; they are not official factions and do not replace original-setting faction metadata
CN10,music,music,请注意万年备用伞,请注意万年备用伞,万年置き傘にご注意を,619.0,5,0.0011296045688454987,0.0,5,0.3780290791599354,C-e8f747f122a36867,CC-df773e8b96afdd92,louvain,intersection_count,100.0,0.0,1.0,20260801,1.0.0,not_used,community labels are structural network results; they are not official factions and do not replace original-setting faction metadata
CN10,music,music,豪言壮语,豪言壮语,壮言大語,0.0,0,0.0007185628742532932,0.0,0,0.0,C-52080d56ce5ad8a3,CC-52080d56ce5ad8a3,louvain,intersection_count,100.0,0.0,1.0,20260801,1.0.0,not_used,community labels are structural network results; they are not official factions and do not replace original-setting faction metadata
CN10,music,music,贪欲之兽的记忆,贪欲之兽的记忆,強欲な獣のメメント,0.0,0,0.0007185628742532932,0.0,0,0.0,C-d12abc9020046a38,CC-d12abc9020046a38,louvain,intersection_count,100.0,0.0,1.0,20260801,1.0.0,not_used,community labels are structural network results; they are not official factions and do not replace original-setting faction metadata
CN10,music,music,赌上性命去恶作剧,赌上性命去恶作剧,いたずらに命をかけて,0.0,0,0.0007185628742532932,0.0,0,0.0,C-f5d67d7a54aa363e,CC-f5d67d7a54aa363e,louvain,intersection_count,100.0,0.0,1.0,20260801,1.0.0,not_used,community labels are structural network results; they are not official factions and do not replace original-setting faction metadata
CN10,music,music,走在夜晚的莲台野,走在夜晚的莲台野,夜のデンデラ野を逝く,0.0,0,0.0007185628742532932,0.0,0,0.0,C-6f5f57df376b642b,CC-6f5f57df376b642b,louvain,intersection_count,100.0,0.0,1.0,20260801,1.0.0,not_used,community labels are structural network results; they are not official factions and do not replace original-setting faction metadata
CN10,music,music,轮椅上的未来宇宙,轮椅上的未来宇宙,車椅子の未来宇宙,0.0,0,0.0007185628742532932,0.0,0,0.0,C-05424b6a49e5c828,CC-05424b6a49e5c828,louvain,intersection_count,100.0,0.0,1.0,20260801,1.0.0,not_used,community labels are structural network results; they are not official factions and do not replace original-setting faction metadata
CN10,music,music,辉光之针的小人族,辉光之针的小人族 ～ Little Princess,輝く針の小人族　～ Little Princess,0.0,0,0.0007185628742532932,0.0,0,0.0,C-e6b59dc947f8cb85,CC-e6b59dc947f8cb85,louvain,intersection_count,100.0,0.0,1.0,20260801,1.0.0,not_used,community labels are structural network results; they are not official factions and do not replace original-setting faction metadata
CN10,music,music,辉光之针的小人族littleprincess,辉光之针的小人族　～ Little Princess,辉光之针的小人族　～ Little Princess,30353.0,96,0.024248093311137243,0.003687968503236426,27,0.6296906401344183,C-e8f747f122a36867,CC-df773e8b96afdd92,louvain,intersection_count,100.0,0.0,1.0,20260801,1.0.0,not_used,community labels are structural network results; they are not official factions and do not replace original-setting faction metadata
CN10,music,music,过去的花fairyofflower,过去的花 ～ Fairy of Flower,過去の花　～ Fairy of Flower,0.0,0,0.0007185628742532932,0.0,0,0.0,C-62010a83601fbda9,CC-62010a83601fbda9,louvain,intersection_count,100.0,0.0,1.0,20260801,1.0.0,not_used,community labels are structural network results; they are not official factions and do not replace original-setting faction metadata
CN10,music,music,远野之森,远野之森,遠野の森,0.0,0,0.0007185628742532932,0.0,0,0.0,C-47f97fa771ad0fa9,CC-47f97fa771ad0fa9,louvain,intersection_count,100.0,0.0,1.0,20260801,1.0.0,not_used,community labels are structural network results; they are not official factions and do not replace original-setting faction metadata
CN10,music,music,远野幻想物语,远野幻想物语,遠野幻想物語,1516.0,11,0.0016950617676492067,0.0,11,0.36213720316622694,C-32f5db276d9b1b1d,CC-df773e8b96afdd92,louvain,intersection_count,100.0,0.0,1.0,20260801,1.0.0,not_used,community labels are structural network results; they are not official factions and do not replace original-setting faction metadata
CN10,music,music,连带责人,连带责人,連帯責人,0.0,0,0.0007185628742532932,0.0,0,0.0,C-416c95986b16f962,CC-416c95986b16f962,louvain,intersection_count,100.0,0.0,1.0,20260801,1.0.0,not_used,community labels are structural network results; they are not official factions and do not replace original-setting faction metadata
CN10,music,music,逆转的命运之轮,逆转的命运之轮,逆転するホイールオブフォーチュン,0.0,0,0.0007185628742532932,0.0,0,0.0,C-e39a44f1927efbbd,CC-e39a44f1927efbbd,louvain,intersection_count,100.0,0.0,1.0,20260801,1.0.0,not_used,community labels are structural network results; they are not official factions and do not replace original-setting faction metadata
CN10,music,music,通往真相的枝叶,通往真相的枝叶,通往真相的枝叶,0.0,0,0.0007185628742532932,0.0,0,0.0,C-c388d7b7d9f7b188,CC-c388d7b7d9f7b188,louvain,intersection_count,100.0,0.0,1.0,20260801,1.0.0,not_used,community labels are structural network results; they are not official factions and do not replace original-setting faction metadata
CN10,music,music,遍参,遍参,遍参,0.0,0,0.0007185628742532932,0.0,0,0.0,C-7429d0c8d289875d,CC-7429d0c8d289875d,louvain,intersection_count,100.0,0.0,1.0,20260801,1.0.0,not_used,community labels are structural network results; they are not official factions and do not replace original-setting faction metadata
CN10,music,music,遥遥38万公里的航程,遥遥38万公里的航程,遥か38万キロのボヤージュ,681.0,5,0.0011784740905174998,0.0,5,0.15418502202643172,C-e8f747f122a36867,CC-df773e8b96afdd92,louvain,intersection_count,100.0,0.0,1.0,20260801,1.0.0,not_used,community labels are structural network results; they are not official factions and do not replace original-setting faction metadata
CN10,music,music,酒鬼的雷姆利亚,酒鬼的雷姆利亚,呑んべぇのレムリア,0.0,0,0.0007185628742532932,0.0,0,0.0,C-6e606620d729ccc9,CC-6e606620d729ccc9,louvain,intersection_count,100.0,0.0,1.0,20260801,1.0.0,not_used,community labels are structural network results; they are not official factions and do not replace original-setting faction metadata
CN10,music,music,针小棒大的天守阁,针小棒大的天守阁,針小棒大の天守閣,0.0,0,0.0007185628742532932,0.0,0,0.0,C-09c5ca27bf982cf0,CC-09c5ca27bf982cf0,louvain,intersection_count,100.0,0.0,1.0,20260801,1.0.0,not_used,community labels are structural network results; they are not official factions and do not replace original-setting faction metadata
CN10,music,music,门再也进不去了,门再也进不去了,もうドアには入れない,0.0,0,0.0007185628742532932,0.0,0,0.0,C-62e478e431bcb699,CC-62e478e431bcb699,louvain,intersection_count,100.0,0.0,1.0,20260801,1.0.0,not_used,community labels are structural network results; they are not official factions and do not replace original-setting faction metadata
CN10,music,music,门前的妖怪小姑娘,门前的妖怪小姑娘,門前の妖怪小娘,0.0,0,0.0007185628742532932,0.0,0,0.0,C-dd3136f5633e2354,CC-dd3136f5633e2354,louvain,intersection_count,100.0,0.0,1.0,20260801,1.0.0,not_used,community labels are structural network results; they are not official factions and do not replace original-setting faction metadata
CN10,music,music,闪耀的弱肉强食法则,闪耀的弱肉强食法则,輝かしき弱肉強食の掟,0.0,0,0.0007185628742532932,0.0,0,0.0,C-671d6ee92609f44d,CC-671d6ee92609f44d,louvain,intersection_count,100.0,0.0,1.0,20260801,1.0.0,not_used,community labels are structural network results; they are not official factions and do not replace original-setting faction metadata
CN10,music,music,间奏曲,间奏曲,Intermezzo,0.0,0,0.0007185628742532932,0.0,0,0.0,C-69e8725650eb1432,CC-69e8725650eb1432,louvain,intersection_count,100.0,0.0,1.0,20260801,1.0.0,not_used,community labels are structural network results; they are not official factions and do not replace original-setting faction metadata
CN10,music,music,阻绝人迹之桥,阻绝人迹之桥,渡る者の途絶えた橋,0.0,0,0.0007185628742532932,0.0,0,0.0,C-185104ff2ebd325d,CC-185104ff2ebd325d,louvain,intersection_count,100.0,0.0,1.0,20260801,1.0.0,not_used,community labels are structural network results; they are not official factions and do not replace original-setting faction metadata
CN10,music,music,阿加尔塔之风,阿加尔塔之风,アガルタの風,0.0,0,0.0007185628742532932,0.0,0,0.0,C-f18046d023cbec6c,CC-f18046d023cbec6c,louvain,intersection_count,100.0,0.0,1.0,20260801,1.0.0,not_used,community labels are structural network results; they are not official factions and do not replace original-setting faction metadata
CN10,music,music,阿礼的孩子,阿礼的孩子,阿礼の子供,0.0,0,0.0007185628742532932,0.0,0,0.0,C-48abfc5a827d4e57,CC-48abfc5a827d4e57,louvain,intersection_count,100.0,0.0,1.0,20260801,1.0.0,not_used,community labels are structural network results; they are not official factions and do not replace original-setting faction metadata
CN10,music,music,陶瓷的杖刀人,陶瓷的杖刀人,セラミックスの杖刀人,0.0,0,0.0007185628742532932,0.0,0,0.0,C-1e9a9114e5560673,CC-1e9a9114e5560673,louvain,intersection_count,100.0,0.0,1.0,20260801,1.0.0,not_used,community labels are structural network results; they are not official factions and do not replace original-setting faction metadata
CN10,music,music,雪月樱花之国,雪月樱花之国,雪月桜花の国,0.0,0,0.0007185628742532932,0.0,0,0.0,C-2aac4503ebf34d43,CC-2aac4503ebf34d43,louvain,intersection_count,100.0,0.0,1.0,20260801,1.0.0,not_used,community labels are structural network results; they are not official factions and do not replace original-setting faction metadata
CN10,music,music,震撼心灵的都市传说,震撼心灵的都市传说,心揺さぶる都市伝説,0.0,0,0.0007185628742532932,0.0,0,0.0,C-24f95ec1ed9518e1,CC-24f95ec1ed9518e1,louvain,intersection_count,100.0,0.0,1.0,20260801,1.0.0,not_used,community labels are structural network results; they are not official factions and do not replace original-setting faction metadata
CN10,music,music,青木原的传说,青木原的传说,青木ヶ原の伝説,0.0,0,0.0007185628742532932,0.0,0,0.0,C-1ab1ed670ca35f27,CC-1ab1ed670ca35f27,louvain,intersection_count,100.0,0.0,1.0,20260801,1.0.0,not_used,community labels are structural network results; they are not official factions and do not replace original-setting faction metadata
CN10,music,music,青空之影,青空之影,青空の影,0.0,0,0.0007185628742532932,0.0,0,0.0,C-45c479fb37185624,CC-45c479fb37185624,louvain,intersection_count,100.0,0.0,1.0,20260801,1.0.0,not_used,community labels are structural network results; they are not official factions and do not replace original-setting faction metadata
CN10,music,music,非常非常神奇的道具们,非常非常神奇的道具们,不思議な不思議な道具達,0.0,0,0.0007185628742532932,0.0,0,0.0,C-3d6dc8c5523a769e,CC-3d6dc8c5523a769e,louvain,intersection_count,100.0,0.0,1.0,20260801,1.0.0,not_used,community labels are structural network results; they are not official factions and do not replace original-setting faction metadata
CN10,music,music,非统一魔法世界论,非统一魔法世界论,非統一魔法世界論,0.0,0,0.0007185628742532932,0.0,0,0.0,C-c452c125e5650927,CC-c452c125e5650927,louvain,intersection_count,100.0,0.0,1.0,20260801,1.0.0,not_used,community labels are structural network results; they are not official factions and do not replace original-setting faction metadata
CN10,music,music,风之神社,风之神社,風の神社,0.0,0,0.0007185628742532932,0.0,0,0.0,C-f1ade61ac995c383,CC-f1ade61ac995c383,louvain,intersection_count,100.0,0.0,1.0,20260801,1.0.0,not_used,community labels are structural network results; they are not official factions and do not replace original-setting faction metadata
CN10,music,music,风光明媚,风光明媚,風光明媚,0.0,0,0.0007185628742532932,0.0,0,0.0,C-4f9f78344fa9a6ce,CC-4f9f78344fa9a6ce,louvain,intersection_count,100.0,0.0,1.0,20260801,1.0.0,not_used,community labels are structural network results; they are not official factions and do not replace original-setting faction metadata
CN10,music,music,风暴过后的星期日,风暴过后的星期日,嵐の後の日曜日,0.0,0,0.0007185628742532932,0.0,0,0.0,C-11260b57225b9276,CC-11260b57225b9276,louvain,intersection_count,100.0,0.0,1.0,20260801,1.0.0,not_used,community labels are structural network results; they are not official factions and do not replace original-setting faction metadata
CN10,music,music,风的循环,风的循环 ～ Wind Tour,風の循環　～ Wind Tour,0.0,0,0.0007185628742532932,0.0,0,0.0,C-c0cd5722b3228d62,CC-c0cd5722b3228d62,louvain,intersection_count,100.0,0.0,1.0,20260801,1.0.0,not_used,community labels are structural network results; they are not official factions and do not replace original-setting faction metadata
CN10,music,music,风的循环windtour,风的循环 ～ Wind Tour,风的循环 ～ Wind Tour,0.0,0,0.0007185628742532932,0.0,0,0.0,C-a096b12dbb2027fd,CC-a096b12dbb2027fd,louvain,intersection_count,100.0,0.0,1.0,20260801,1.0.0,not_used,community labels are structural network results; they are not official factions and do not replace original-setting faction metadata
CN10,music,music,风神少女,风神少女,風神少女,2546.0,17,0.0023449885930924706,0.0,17,0.7580518460329929,C-163a12634cea5589,CC-df773e8b96afdd92,louvain,intersection_count,100.0,0.0,1.0,20260801,1.0.0,not_used,community labels are structural network results; they are not official factions and do not replace original-setting faction metadata
CN10,music,music,飘上月球不死之烟,飘上月球，不死之烟,月まで届け、不死の煙,26085.0,77,0.018858037030158224,0.0006628556175901417,27,0.5028943837454476,C-32f5db276d9b1b1d,CC-df773e8b96afdd92,louvain,intersection_count,100.0,0.0,1.0,20260801,1.0.0,not_used,community labels are structural network results; they are not official factions and do not replace original-setting faction metadata
CN10,music,music,飞翔于宇宙的不可思议巫女,飞翔于宇宙的不可思议巫女,宇宙を飛ぶ不思議な巫女,0.0,0,0.0007185628742532932,0.0,0,0.0,C-f1c2fc573106ae7a,CC-f1c2fc573106ae7a,louvain,intersection_count,100.0,0.0,1.0,20260801,1.0.0,not_used,community labels are structural network results; they are not official factions and do not replace original-setting faction metadata
CN10,music,music,飞翔在夜晚的鸠山,飞翔在夜晚的鸠山,夜の鳩山を飛ぶ,0.0,0,0.0007185628742532932,0.0,0,0.0,C-87156cf844dfbc13,CC-87156cf844dfbc13,louvain,intersection_count,100.0,0.0,1.0,20260801,1.0.0,not_used,community labels are structural network results; they are not official factions and do not replace original-setting faction metadata
CN10,music,music,飞翔夜晚的鸠山powermix,飞翔夜晚的鸠山 - Power MIX,飞翔夜晚的鸠山 - Power MIX,0.0,0,0.0007185628742532932,0.0,0,0.0,C-45b8bec31a96a141,CC-45b8bec31a96a141,louvain,intersection_count,100.0,0.0,1.0,20260801,1.0.0,not_used,community labels are structural network results; they are not official factions and do not replace original-setting faction metadata
CN10,music,music,飞舞的水飞沫,飞舞的水飞沫,踊る水飛沫,0.0,0,0.0007185628742532932,0.0,0,0.0,C-bce9e291ce311968,CC-bce9e291ce311968,louvain,intersection_count,100.0,0.0,1.0,20260801,1.0.0,not_used,community labels are structural network results; they are not official factions and do not replace original-setting faction metadata
CN10,music,music,飞舞飘散的凭依华吹雪,飞舞飘散的凭依华吹雪,飞舞飘散的凭依华吹雪,0.0,0,0.0007185628742532932,0.0,0,0.0,C-608e31f1caa1cf6b,CC-608e31f1caa1cf6b,louvain,intersection_count,100.0,0.0,1.0,20260801,1.0.0,not_used,community labels are structural network results; they are not official factions and do not replace original-setting faction metadata
CN10,music,music,驹草盛开的万年积雪,驹草盛开的万年积雪,駒草咲くパーペチュアルスノー,1567.0,10,0.0017659762616450746,0.0,10,0.2546266751754946,C-e8f747f122a36867,CC-df773e8b96afdd92,louvain,intersection_count,100.0,0.0,1.0,20260801,1.0.0,not_used,community labels are structural network results; they are not official factions and do not replace original-setting faction metadata
CN10,music,music,魂之花anotherdream,魂之花 ～ Another Dream...,魂の花　～ Another Dream...,0.0,0,0.0007185628742532932,0.0,0,0.0,C-9820718be23b584d,CC-9820718be23b584d,louvain,intersection_count,100.0,0.0,1.0,20260801,1.0.0,not_used,community labels are structural network results; they are not official factions and do not replace original-setting faction metadata
CN10,music,music,魔力的雷云,魔力的雷云,魔力の雷雲,0.0,0,0.0007185628742532932,0.0,0,0.0,C-5a622223d16e62cd,CC-5a622223d16e62cd,louvain,intersection_count,100.0,0.0,1.0,20260801,1.0.0,not_used,community labels are structural network results; they are not official factions and do not replace original-setting faction metadata
CN10,music,music,魔女们的舞会,魔女们的舞会,魔女達の舞踏会,0.0,0,0.0007185628742532932,0.0,0,0.0,C-472be6ab3ddf2af2,CC-472be6ab3ddf2af2,louvain,intersection_count,100.0,0.0,1.0,20260801,1.0.0,not_used,community labels are structural network results; they are not official factions and do not replace original-setting faction metadata
CN10,music,music,魔女们的舞会magus,魔女们的舞会　～ Magus,魔女们的舞会　～ Magus,0.0,0,0.0007185628742532932,0.0,0,0.0,C-567d95ed5fd61125,CC-567d95ed5fd61125,louvain,intersection_count,100.0,0.0,1.0,20260801,1.0.0,not_used,community labels are structural network results; they are not official factions and do not replace original-setting faction metadata
CN10,music,music,魔所,魔所,魔所,0.0,0,0.0007185628742532932,0.0,0,0.0,C-046bf7cfc2b0e2d8,CC-046bf7cfc2b0e2d8,louvain,intersection_count,100.0,0.0,1.0,20260801,1.0.0,not_used,community labels are structural network results; they are not official factions and do not replace original-setting faction metadata
CN10,music,music,魔术师梅莉,魔术师梅莉,魔術師メリー,0.0,0,0.0007185628742532932,0.0,0,0.0,C-1c18fe42695274a3,CC-1c18fe42695274a3,louvain,intersection_count,100.0,0.0,1.0,20260801,1.0.0,not_used,community labels are structural network results; they are not official factions and do not replace original-setting faction metadata
CN10,music,music,魔法使的忧郁,魔法使的忧郁,魔法使いの憂鬱,0.0,0,0.0007185628742532932,0.0,0,0.0,C-b84646f589db0b59,CC-b84646f589db0b59,louvain,intersection_count,100.0,0.0,1.0,20260801,1.0.0,not_used,community labels are structural network results; they are not official factions and do not replace original-setting faction metadata
CN10,music,music,魔法决战fightitout,魔法决战！ ～ Fight it out!,魔法決戦！　～ Fight it out!,0.0,0,0.0007185628742532932,0.0,0,0.0,C-e0fcb0d54dc71e63,CC-e0fcb0d54dc71e63,louvain,intersection_count,100.0,0.0,1.0,20260801,1.0.0,not_used,community labels are structural network results; they are not official factions and do not replace original-setting faction metadata
CN10,music,music,魔法少女们的百年祭,魔法少女们的百年祭,魔法少女達の百年祭,4989.0,28,0.0038734415256524665,0.0,27,0.4612146722790138,C-32f5db276d9b1b1d,CC-df773e8b96afdd92,louvain,intersection_count,100.0,0.0,1.0,20260801,1.0.0,not_used,community labels are structural network results; they are not official factions and do not replace original-setting faction metadata
CN10,music,music,魔法少女十字军,魔法少女十字军,魔法少女十字軍,0.0,0,0.0007185628742532932,0.0,0,0.0,C-554884bbcdf4249b,CC-554884bbcdf4249b,louvain,intersection_count,100.0,0.0,1.0,20260801,1.0.0,not_used,community labels are structural network results; they are not official factions and do not replace original-setting faction metadata
CN10,music,music,魔法的笠地藏,魔法的笠地藏,魔法の笠地蔵,0.0,0,0.0007185628742532932,0.0,0,0.0,C-748bf216f51efac8,CC-748bf216f51efac8,louvain,intersection_count,100.0,0.0,1.0,20260801,1.0.0,not_used,community labels are structural network results; they are not official factions and do not replace original-setting faction metadata
CN10,music,music,魔法钟爱,魔法钟爱,魔法鐘愛,0.0,0,0.0007185628742532932,0.0,0,0.0,C-25bb829fd81dad62,CC-25bb829fd81dad62,louvain,intersection_count,100.0,0.0,1.0,20260801,1.0.0,not_used,community labels are structural network results; they are not official factions and do not replace original-setting faction metadata
CN10,music,music,魔法阵magicsquare,魔法阵 ～ Magic Square,魔法陣　～ Magic Square,0.0,0,0.0007185628742532932,0.0,0,0.0,C-65ebcd8e15a28622,CC-65ebcd8e15a28622,louvain,intersection_count,100.0,0.0,1.0,20260801,1.0.0,not_used,community labels are structural network results; they are not official factions and do not replace original-setting faction metadata
CN10,music,music,魔界地方都市秘境,魔界地方都市秘境,魔界地方都市エソテリア,0.0,0,0.0007185628742532932,0.0,0,0.0,C-98d4cec50580ccda,CC-98d4cec50580ccda,louvain,intersection_count,100.0,0.0,1.0,20260801,1.0.0,not_used,community labels are structural network results; they are not official factions and do not replace original-setting faction metadata
CN10,music,music,魔镜,魔镜,魔鏡,0.0,0,0.0007185628742532932,0.0,0,0.0,C-9567c025c16fa340,CC-9567c025c16fa340,louvain,intersection_count,100.0,0.0,1.0,20260801,1.0.0,not_used,community labels are structural network results; they are not official factions and do not replace original-setting faction metadata
CN10,music,music,鸢尾花,鸢尾花,アイリス,0.0,0,0.0007185628742532932,0.0,0,0.0,C-ce05786808f08037,CC-ce05786808f08037,louvain,intersection_count,100.0,0.0,1.0,20260801,1.0.0,not_used,community labels are structural network results; they are not official factions and do not replace original-setting faction metadata
CN10,music,music,黄昏的魔术师,黄昏的魔术师,黄昏的魔术师,0.0,0,0.0007185628742532932,0.0,0,0.0,C-a492445b3dcb3b45,CC-a492445b3dcb3b45,louvain,intersection_count,100.0,0.0,1.0,20260801,1.0.0,not_used,community labels are structural network results; they are not official factions and do not replace original-setting faction metadata
CN10,music,music,黑暗的力量,黑暗的力量,やみのちから,0.0,0,0.0007185628742532932,0.0,0,0.0,C-1f267122b3b0bb91,CC-1f267122b3b0bb91,louvain,intersection_count,100.0,0.0,1.0,20260801,1.0.0,not_used,community labels are structural network results; they are not official factions and do not replace original-setting faction metadata
CN10,music,music,黑海中的绯红,黑海中的绯红 ～ Legendary Fish,黒い海に紅く　～ Legendary Fish,0.0,0,0.0007185628742532932,0.0,0,0.0,C-b78f2dad3a78ca1e,CC-b78f2dad3a78ca1e,louvain,intersection_count,100.0,0.0,1.0,20260801,1.0.0,not_used,community labels are structural network results; they are not official factions and do not replace original-setting faction metadata
CN10,music,music,黑海中的绯红legendaryfish,黑海中的绯红 ～ Legendary Fish,黑海中的绯红 ～ Legendary Fish,0.0,0,0.0007185628742532932,0.0,0,0.0,C-851d7c4bcf36b175,CC-851d7c4bcf36b175,louvain,intersection_count,100.0,0.0,1.0,20260801,1.0.0,not_used,community labels are structural network results; they are not official factions and do not replace original-setting faction metadata
