round_label,scope,node_type,canonical_name,name_cn,name_jp,weighted_degree,unweighted_degree,pagerank,betweenness,k_core,bridge_score,community_id,connected_component_id,algorithm,weight_metric,threshold,min_intersection_count,resolution,random_seed,software_version,official_faction_source,official_faction_note
JP8,cross_department,music,53分钟的蓝色大海,53分钟的蓝色大海,53ミニッツの青い海,0.0,0,0.001988071570576541,0.0,0,0.0,C-490ee983ffb7de2e,CC-490ee983ffb7de2e,louvain,intersection_count,100.0,0.0,1.0,20260801,1.0.0,not_used,community labels are structural network results; they are not official factions and do not replace original-setting faction metadata
JP8,cross_department,music,alicemaestra,Alice Maestra,アリスマエステラ,0.0,0,0.001988071570576541,0.0,0,0.0,C-8420d07a96382b56,CC-8420d07a96382b56,louvain,intersection_count,100.0,0.0,1.0,20260801,1.0.0,not_used,community labels are structural network results; they are not official factions and do not replace original-setting faction metadata
JP8,cross_department,music,anordealfromgod,AN ORDEAL FROM GOD,AN ORDEAL FROM GOD,0.0,0,0.001988071570576541,0.0,0,0.0,C-17cffa21b7004869,CC-17cffa21b7004869,louvain,intersection_count,100.0,0.0,1.0,20260801,1.0.0,not_used,community labels are structural network results; they are not official factions and do not replace original-setting faction metadata
JP8,cross_department,music,antiqueterror,Antique Terror,アンティークテラー,0.0,0,0.001988071570576541,0.0,0,0.0,C-cd93bf73b5f7feaf,CC-cd93bf73b5f7feaf,louvain,intersection_count,100.0,0.0,1.0,20260801,1.0.0,not_used,community labels are structural network results; they are not official factions and do not replace original-setting faction metadata
JP8,cross_department,music,arcadiandream,Arcadian Dream,Arcadian Dream,0.0,0,0.001988071570576541,0.0,0,0.0,C-192ad1c0501ebcfc,CC-192ad1c0501ebcfc,louvain,intersection_count,100.0,0.0,1.0,20260801,1.0.0,not_used,community labels are structural network results; they are not official factions and do not replace original-setting faction metadata
JP8,cross_department,music,asacredlot,A Sacred Lot,A Sacred Lot,0.0,0,0.001988071570576541,0.0,0,0.0,C-251e8b3d59a75ca7,CC-251e8b3d59a75ca7,louvain,intersection_count,100.0,0.0,1.0,20260801,1.0.0,not_used,community labels are structural network results; they are not official factions and do not replace original-setting faction metadata
JP8,cross_department,music,badapple,Bad Apple!!,Bad Apple!!,0.0,0,0.001988071570576541,0.0,0,0.0,C-f058281c25eb6849,CC-f058281c25eb6849,louvain,intersection_count,100.0,0.0,1.0,20260801,1.0.0,not_used,community labels are structural network results; they are not official factions and do not replace original-setting faction metadata
JP8,cross_department,music,borderland,Border Land,Border Land,0.0,0,0.001988071570576541,0.0,0,0.0,C-2090f0c352dfae72,CC-2090f0c352dfae72,louvain,intersection_count,100.0,0.0,1.0,20260801,1.0.0,not_used,community labels are structural network results; they are not official factions and do not replace original-setting faction metadata
JP8,cross_department,music,borderoflife,Border of Life,ボーダーオブライフ,0.0,0,0.001988071570576541,0.0,0,0.0,C-bb26e0474c9a8cda,CC-bb26e0474c9a8cda,louvain,intersection_count,100.0,0.0,1.0,20260801,1.0.0,not_used,community labels are structural network results; they are not official factions and do not replace original-setting faction metadata
JP8,cross_department,music,breakthesabbath,Break the Sabbath,Break the Sabbath,0.0,0,0.001988071570576541,0.0,0,0.0,C-64ecded0a1346634,CC-64ecded0a1346634,louvain,intersection_count,100.0,0.0,1.0,20260801,1.0.0,not_used,community labels are structural network results; they are not official factions and do not replace original-setting faction metadata
JP8,cross_department,music,captainmurasa,Captain Murasa,キャプテン・ムラサ,0.0,0,0.001988071570576541,0.0,0,0.0,C-18e5ff884ae65587,CC-18e5ff884ae65587,louvain,intersection_count,100.0,0.0,1.0,20260801,1.0.0,not_used,community labels are structural network results; they are not official factions and do not replace original-setting faction metadata
JP8,cross_department,music,castleexplorerinthesky,Castle Explorer -in the Sky-,Castle Explorer -in the Sky-,0.0,0,0.001988071570576541,0.0,0,0.0,C-8ee8111bd08b53f7,CC-8ee8111bd08b53f7,louvain,intersection_count,100.0,0.0,1.0,20260801,1.0.0,not_used,community labels are structural network results; they are not official factions and do not replace original-setting faction metadata
JP8,cross_department,music,circusreverie机械马戏团,Circus Reverie（机械马戏团）,サーカスレヴァリエ（機械サーカス）,0.0,0,0.001988071570576541,0.0,0,0.0,C-0a5e2900c0c3dc69,CC-0a5e2900c0c3dc69,louvain,intersection_count,100.0,0.0,1.0,20260801,1.0.0,not_used,community labels are structural network results; they are not official factions and do not replace original-setting faction metadata
JP8,cross_department,music,civilizationofmagic,Civilization of Magic,Civilization of Magic,0.0,0,0.001988071570576541,0.0,0,0.0,C-bc525d43ba4b1ad5,CC-bc525d43ba4b1ad5,louvain,intersection_count,100.0,0.0,1.0,20260801,1.0.0,not_used,community labels are structural network results; they are not official factions and do not replace original-setting faction metadata
JP8,cross_department,music,completedarkness,Complete Darkness,Complete Darkness,0.0,0,0.001988071570576541,0.0,0,0.0,C-d8ea4599a021bc99,CC-d8ea4599a021bc99,louvain,intersection_count,100.0,0.0,1.0,20260801,1.0.0,not_used,community labels are structural network results; they are not official factions and do not replace original-setting faction metadata
JP8,cross_department,music,crescentdream,Crescent Dream,Crescent Dream,0.0,0,0.001988071570576541,0.0,0,0.0,C-18fb770f6072c9d7,CC-18fb770f6072c9d7,louvain,intersection_count,100.0,0.0,1.0,20260801,1.0.0,not_used,community labels are structural network results; they are not official factions and do not replace original-setting faction metadata
JP8,cross_department,music,crystallizesilver,Crystallize Silver,クリスタライズシルバー,0.0,0,0.001988071570576541,0.0,0,0.0,C-22bd2ff71c05b5fe,CC-22bd2ff71c05b5fe,louvain,intersection_count,100.0,0.0,1.0,20260801,1.0.0,not_used,community labels are structural network results; they are not official factions and do not replace original-setting faction metadata
JP8,cross_department,music,days,Days,Days,0.0,0,0.001988071570576541,0.0,0,0.0,C-b81bdbf2cb099723,CC-b81bdbf2cb099723,louvain,intersection_count,100.0,0.0,1.0,20260801,1.0.0,not_used,community labels are structural network results; they are not official factions and do not replace original-setting faction metadata
JP8,cross_department,music,demystifyfeast,Demystify Feast,Demystify Feast,0.0,0,0.001988071570576541,0.0,0,0.0,C-bb2d93d56d9c30ac,CC-bb2d93d56d9c30ac,louvain,intersection_count,100.0,0.0,1.0,20260801,1.0.0,not_used,community labels are structural network results; they are not official factions and do not replace original-setting faction metadata
JP8,cross_department,music,dimdream,Dim. Dream,Dim. Dream,0.0,0,0.001988071570576541,0.0,0,0.0,C-726b2f5dc45090fe,CC-726b2f5dc45090fe,louvain,intersection_count,100.0,0.0,1.0,20260801,1.0.0,not_used,community labels are structural network results; they are not official factions and do not replace original-setting faction metadata
JP8,cross_department,music,disastrousgemini,Disastrous Gemini,ディザストラスジェミニ,0.0,0,0.001988071570576541,0.0,0,0.0,C-a81a36aa887fdd2e,CC-a81a36aa887fdd2e,louvain,intersection_count,100.0,0.0,1.0,20260801,1.0.0,not_used,community labels are structural network results; they are not official factions and do not replace original-setting faction metadata
JP8,cross_department,music,dreamexpress,Dream Express,Dream Express,0.0,0,0.001988071570576541,0.0,0,0.0,C-ca83a43c08041551,CC-ca83a43c08041551,louvain,intersection_count,100.0,0.0,1.0,20260801,1.0.0,not_used,community labels are structural network results; they are not official factions and do not replace original-setting faction metadata
JP8,cross_department,music,dreamland,Dream Land,Dream Land,0.0,0,0.001988071570576541,0.0,0,0.0,C-97fed6f2352db57e,CC-97fed6f2352db57e,louvain,intersection_count,100.0,0.0,1.0,20260801,1.0.0,not_used,community labels are structural network results; they are not official factions and do not replace original-setting faction metadata
JP8,cross_department,music,dreamypilot,Dreamy pilot,Dreamy pilot,0.0,0,0.001988071570576541,0.0,0,0.0,C-0f30d4d8cb795dec,CC-0f30d4d8cb795dec,louvain,intersection_count,100.0,0.0,1.0,20260801,1.0.0,not_used,community labels are structural network results; they are not official factions and do not replace original-setting faction metadata
JP8,cross_department,music,endless,Endless,Endless,0.0,0,0.001988071570576541,0.0,0,0.0,C-100d024979b97638,CC-100d024979b97638,louvain,intersection_count,100.0,0.0,1.0,20260801,1.0.0,not_used,community labels are structural network results; they are not official factions and do not replace original-setting faction metadata
JP8,cross_department,music,endofdaylight,End of Daylight,End of Daylight,0.0,0,0.001988071570576541,0.0,0,0.0,C-8eac50f8128d359e,CC-8eac50f8128d359e,louvain,intersection_count,100.0,0.0,1.0,20260801,1.0.0,not_used,community labels are structural network results; they are not official factions and do not replace original-setting faction metadata
JP8,cross_department,music,eternaldream幽玄的枫树,Eternal Dream ～ 幽玄的枫树,幽玄の槭樹　～ Eternal Dream,0.0,0,0.001988071570576541,0.0,0,0.0,C-509126ad9d600a26,CC-509126ad9d600a26,louvain,intersection_count,100.0,0.0,1.0,20260801,1.0.0,not_used,community labels are structural network results; they are not official factions and do not replace original-setting faction metadata
JP8,cross_department,music,extendash蓬莱人,Extend Ash ～ 蓬莱人,エクステンドアッシュ　～ 蓬莱人,0.0,0,0.001988071570576541,0.0,0,0.0,C-00f6ed11afb1b534,CC-00f6ed11afb1b534,louvain,intersection_count,100.0,0.0,1.0,20260801,1.0.0,not_used,community labels are structural network results; they are not official factions and do not replace original-setting faction metadata
JP8,cross_department,music,extralove,Extra Love,エキストララブ,0.0,0,0.001988071570576541,0.0,0,0.0,C-613fdaa956c0c41d,CC-613fdaa956c0c41d,louvain,intersection_count,100.0,0.0,1.0,20260801,1.0.0,not_used,community labels are structural network results; they are not official factions and do not replace original-setting faction metadata
JP8,cross_department,music,falloffall,Fall of Fall ～ 秋意渐浓之瀑,フォールオブフォール　～ 秋めく滝,0.0,0,0.001988071570576541,0.0,0,0.0,C-2652bcf3f27bc40b,CC-2652bcf3f27bc40b,louvain,intersection_count,100.0,0.0,1.0,20260801,1.0.0,not_used,community labels are structural network results; they are not official factions and do not replace original-setting faction metadata
JP8,cross_department,music,falsestrawberry,False Strawberry,フォルスストロベリー,0.0,0,0.001988071570576541,0.0,0,0.0,C-830fc59b95088eeb,CC-830fc59b95088eeb,louvain,intersection_count,100.0,0.0,1.0,20260801,1.0.0,not_used,community labels are structural network results; they are not official factions and do not replace original-setting faction metadata
JP8,cross_department,music,floweringnight,Flowering Night,フラワリングナイト,0.0,0,0.001988071570576541,0.0,0,0.0,C-b7c70248e9efcf2f,CC-b7c70248e9efcf2f,louvain,intersection_count,100.0,0.0,1.0,20260801,1.0.0,not_used,community labels are structural network results; they are not official factions and do not replace original-setting faction metadata
JP8,cross_department,music,frontalattack,Frontal Attack,Frontal Attack,0.0,0,0.001988071570576541,0.0,0,0.0,C-416a5f9ea2095277,CC-416a5f9ea2095277,louvain,intersection_count,100.0,0.0,1.0,20260801,1.0.0,not_used,community labels are structural network results; they are not official factions and do not replace original-setting faction metadata
JP8,cross_department,music,gameover,Game Over,ゲームオーバー,0.0,0,0.001988071570576541,0.0,0,0.0,C-8b595a51a5d24773,CC-8b595a51a5d24773,louvain,intersection_count,100.0,0.0,1.0,20260801,1.0.0,not_used,community labels are structural network results; they are not official factions and do not replace original-setting faction metadata
JP8,cross_department,music,gfree,G Free,G Free,0.0,0,0.001988071570576541,0.0,0,0.0,C-9c674f45c6bec136,CC-9c674f45c6bec136,louvain,intersection_count,100.0,0.0,1.0,20260801,1.0.0,not_used,community labels are structural network results; they are not official factions and do not replace original-setting faction metadata
JP8,cross_department,music,heartfeltfancy,Heartfelt Fancy,ハートフェルトファンシー,0.0,0,0.001988071570576541,0.0,0,0.0,C-52eb5ee8625012c5,CC-52eb5ee8625012c5,louvain,intersection_count,100.0,0.0,1.0,20260801,1.0.0,not_used,community labels are structural network results; they are not official factions and do not replace original-setting faction metadata
JP8,cross_department,music,herselves,Herselves,ハーセルヴズ,0.0,0,0.001988071570576541,0.0,0,0.0,C-ef827e7540e3094e,CC-ef827e7540e3094e,louvain,intersection_count,100.0,0.0,1.0,20260801,1.0.0,not_used,community labels are structural network results; they are not official factions and do not replace original-setting faction metadata
JP8,cross_department,music,highlyresponsivetoprayers,Highly Responsive to Prayers,Highly Responsive to Prayers,0.0,0,0.001988071570576541,0.0,0,0.0,C-0dcea1b09cf6ba1c,CC-0dcea1b09cf6ba1c,louvain,intersection_count,100.0,0.0,1.0,20260801,1.0.0,not_used,community labels are structural network results; they are not official factions and do not replace original-setting faction metadata
JP8,cross_department,music,incompleteplot,Incomplete Plot,Incomplete Plot,0.0,0,0.001988071570576541,0.0,0,0.0,C-282e1691b1003aa9,CC-282e1691b1003aa9,louvain,intersection_count,100.0,0.0,1.0,20260801,1.0.0,not_used,community labels are structural network results; they are not official factions and do not replace original-setting faction metadata
JP8,cross_department,music,inventivecity,Inventive City,Inventive City,0.0,0,0.001988071570576541,0.0,0,0.0,C-3c1e0c7f7185bff1,CC-3c1e0c7f7185bff1,louvain,intersection_count,100.0,0.0,1.0,20260801,1.0.0,not_used,community labels are structural network results; they are not official factions and do not replace original-setting faction metadata
JP8,cross_department,music,japanesesaga,Japanese Saga,ジャパニーズサーガ,0.0,0,0.001988071570576541,0.0,0,0.0,C-609d6db2b1a614e5,CC-609d6db2b1a614e5,louvain,intersection_count,100.0,0.0,1.0,20260801,1.0.0,not_used,community labels are structural network results; they are not official factions and do not replace original-setting faction metadata
JP8,cross_department,music,lastremote,Last Remote,ラストリモート,0.0,0,0.001988071570576541,0.0,0,0.0,C-49c0b7afbcff279a,CC-49c0b7afbcff279a,louvain,intersection_count,100.0,0.0,1.0,20260801,1.0.0,not_used,community labels are structural network results; they are not official factions and do not replace original-setting faction metadata
JP8,cross_department,music,lockedgirl,Locked Girl ～ 少女密室,ラクトガール　～ 少女密室,0.0,0,0.001988071570576541,0.0,0,0.0,C-f48bb905e361a558,CC-f48bb905e361a558,louvain,intersection_count,100.0,0.0,1.0,20260801,1.0.0,not_used,community labels are structural network results; they are not official factions and do not replace original-setting faction metadata
JP8,cross_department,music,looserain,Loose Rain,ルーズレイン,0.0,0,0.001988071570576541,0.0,0,0.0,C-7073e888af23ed60,CC-7073e888af23ed60,louvain,intersection_count,100.0,0.0,1.0,20260801,1.0.0,not_used,community labels are structural network results; they are not official factions and do not replace original-setting faction metadata
JP8,cross_department,music,lotuslove,Lotus Love,Lotus Love,0.0,0,0.001988071570576541,0.0,0,0.0,C-c2fda0eb8bbfcb79,CC-c2fda0eb8bbfcb79,louvain,intersection_count,100.0,0.0,1.0,20260801,1.0.0,not_used,community labels are structural network results; they are not official factions and do not replace original-setting faction metadata
JP8,cross_department,music,lotusroad,Lotus Road,Lotus Road,0.0,0,0.001988071570576541,0.0,0,0.0,C-08168958ad8a93bf,CC-08168958ad8a93bf,louvain,intersection_count,100.0,0.0,1.0,20260801,1.0.0,not_used,community labels are structural network results; they are not official factions and do not replace original-setting faction metadata
JP8,cross_department,music,lunateelf,Lunate Elf,ルーネイトエルフ,0.0,0,0.001988071570576541,0.0,0,0.0,C-6333ef44b68cc6bf,CC-6333ef44b68cc6bf,louvain,intersection_count,100.0,0.0,1.0,20260801,1.0.0,not_used,community labels are structural network results; they are not official factions and do not replace original-setting faction metadata
JP8,cross_department,music,magicalandhopeless,Magical and Hopeless,Magical and Hopeless,0.0,0,0.001988071570576541,0.0,0,0.0,C-b5beba8a309bf6a9,CC-b5beba8a309bf6a9,louvain,intersection_count,100.0,0.0,1.0,20260801,1.0.0,not_used,community labels are structural network results; they are not official factions and do not replace original-setting faction metadata
JP8,cross_department,music,magicoflife,Magic of Life,Magic of Life,0.0,0,0.001988071570576541,0.0,0,0.0,C-390266138a291ad9,CC-390266138a291ad9,louvain,intersection_count,100.0,0.0,1.0,20260801,1.0.0,not_used,community labels are structural network results; they are not official factions and do not replace original-setting faction metadata
JP8,cross_department,music,magicshopofraspberry,Magic Shop of Raspberry,Magic Shop of Raspberry,0.0,0,0.001988071570576541,0.0,0,0.0,C-82f496ba223cd839,CC-82f496ba223cd839,louvain,intersection_count,100.0,0.0,1.0,20260801,1.0.0,not_used,community labels are structural network results; they are not official factions and do not replace original-setting faction metadata
JP8,cross_department,music,magusnight,Magus Night,メイガスナイト,0.0,0,0.001988071570576541,0.0,0,0.0,C-50793f737c5d9d40,CC-50793f737c5d9d40,louvain,intersection_count,100.0,0.0,1.0,20260801,1.0.0,not_used,community labels are structural network results; they are not official factions and do not replace original-setting faction metadata
JP8,cross_department,music,maniacalprincess,Maniacal Princess,Maniacal Princess,0.0,0,0.001988071570576541,0.0,0,0.0,C-62cdb1147a192282,CC-62cdb1147a192282,louvain,intersection_count,100.0,0.0,1.0,20260801,1.0.0,not_used,community labels are structural network results; they are not official factions and do not replace original-setting faction metadata
JP8,cross_department,music,mapledream,Maple Dream...,Maple Dream...,0.0,0,0.001988071570576541,0.0,0,0.0,C-3c8869c4617506f2,CC-3c8869c4617506f2,louvain,intersection_count,100.0,0.0,1.0,20260801,1.0.0,not_used,community labels are structural network results; they are not official factions and do not replace original-setting faction metadata
JP8,cross_department,music,maplewise,Maple Wise,メイプルワイズ,0.0,0,0.001988071570576541,0.0,0,0.0,C-57cb43287660dd03,CC-57cb43287660dd03,louvain,intersection_count,100.0,0.0,1.0,20260801,1.0.0,not_used,community labels are structural network results; they are not official factions and do not replace original-setting faction metadata
JP8,cross_department,music,mymaidsweetmaid,My Maid Sweet Maid,"My Maid, Sweet Maid",0.0,0,0.001988071570576541,0.0,0,0.0,C-4f98127114bd9b6d,CC-4f98127114bd9b6d,louvain,intersection_count,100.0,0.0,1.0,20260801,1.0.0,not_used,community labels are structural network results; they are not official factions and do not replace original-setting faction metadata
JP8,cross_department,music,mysticdream,Mystic Dream,Mystic Dream,0.0,0,0.001988071570576541,0.0,0,0.0,C-8a380042b0a3952c,CC-8a380042b0a3952c,louvain,intersection_count,100.0,0.0,1.0,20260801,1.0.0,not_used,community labels are structural network results; they are not official factions and do not replace original-setting faction metadata
JP8,cross_department,music,nativefaith,Native Faith,ネイティブフェイス,0.0,0,0.001988071570576541,0.0,0,0.0,C-3eae702c6bde4938,CC-3eae702c6bde4938,louvain,intersection_count,100.0,0.0,1.0,20260801,1.0.0,not_used,community labels are structural network results; they are not official factions and do not replace original-setting faction metadata
JP8,cross_department,music,necrofantasia,Necro-Fantasia,ネクロファンタジア,0.0,0,0.001988071570576541,0.0,0,0.0,C-ca56f86c55fae1d4,CC-ca56f86c55fae1d4,louvain,intersection_count,100.0,0.0,1.0,20260801,1.0.0,not_used,community labels are structural network results; they are not official factions and do not replace original-setting faction metadata
JP8,cross_department,music,newshound,Newshound,ニュースハウンド,0.0,0,0.001988071570576541,0.0,0,0.0,C-fb8042e333ecba44,CC-fb8042e333ecba44,louvain,intersection_count,100.0,0.0,1.0,20260801,1.0.0,not_used,community labels are structural network results; they are not official factions and do not replace original-setting faction metadata
JP8,cross_department,music,orientaldarkflight,Oriental Dark Flight,オリエンタルダークフライト,0.0,0,0.001988071570576541,0.0,0,0.0,C-4adeaf3cce8b28f2,CC-4adeaf3cce8b28f2,louvain,intersection_count,100.0,0.0,1.0,20260801,1.0.0,not_used,community labels are structural network results; they are not official factions and do not replace original-setting faction metadata
JP8,cross_department,music,orientalmagician,Oriental Magician,Oriental Magician,0.0,0,0.001988071570576541,0.0,0,0.0,C-8c9ae3646d372507,CC-8c9ae3646d372507,louvain,intersection_count,100.0,0.0,1.0,20260801,1.0.0,not_used,community labels are structural network results; they are not official factions and do not replace original-setting faction metadata
JP8,cross_department,music,peaceful,Peaceful,Peaceful,0.0,0,0.001988071570576541,0.0,0,0.0,C-68efdf8fba2c0a2b,CC-68efdf8fba2c0a2b,louvain,intersection_count,100.0,0.0,1.0,20260801,1.0.0,not_used,community labels are structural network results; they are not official factions and do not replace original-setting faction metadata
JP8,cross_department,music,peacefulromancer,Peaceful Romancer,Peaceful Romancer,0.0,0,0.001988071570576541,0.0,0,0.0,C-9f93cc6ad5db5f5c,CC-9f93cc6ad5db5f5c,louvain,intersection_count,100.0,0.0,1.0,20260801,1.0.0,not_used,community labels are structural network results; they are not official factions and do not replace original-setting faction metadata
JP8,cross_department,music,phantasmagoria,Phantasmagoria,Phantasmagoria,0.0,0,0.001988071570576541,0.0,0,0.0,C-577f74c0a29f1122,CC-577f74c0a29f1122,louvain,intersection_count,100.0,0.0,1.0,20260801,1.0.0,not_used,community labels are structural network results; they are not official factions and do not replace original-setting faction metadata
JP8,cross_department,music,plainasia,Plain Asia,プレインエイジア,0.0,0,0.001988071570576541,0.0,0,0.0,C-76975ec7a8ba622d,CC-76975ec7a8ba622d,louvain,intersection_count,100.0,0.0,1.0,20260801,1.0.0,not_used,community labels are structural network results; they are not official factions and do not replace original-setting faction metadata
JP8,cross_department,music,plasticmind,Plastic Mind,プラスチックマインド,0.0,0,0.001988071570576541,0.0,0,0.0,C-ee1fc191027259d0,CC-ee1fc191027259d0,louvain,intersection_count,100.0,0.0,1.0,20260801,1.0.0,not_used,community labels are structural network results; they are not official factions and do not replace original-setting faction metadata
JP8,cross_department,music,plasticspace,Plastic Space,Plastic Space,0.0,0,0.001988071570576541,0.0,0,0.0,C-3be68ec59d4f93e0,CC-3be68ec59d4f93e0,louvain,intersection_count,100.0,0.0,1.0,20260801,1.0.0,not_used,community labels are structural network results; they are not official factions and do not replace original-setting faction metadata
JP8,cross_department,music,playersscore,Player's Score,プレイヤーズスコア,0.0,0,0.001988071570576541,0.0,0,0.0,C-8593aac09dfa926b,CC-8593aac09dfa926b,louvain,intersection_count,100.0,0.0,1.0,20260801,1.0.0,not_used,community labels are structural network results; they are not official factions and do not replace original-setting faction metadata
JP8,cross_department,music,primroseshiver,Primrose Shiver,プリムローズシヴァ,0.0,0,0.001988071570576541,0.0,0,0.0,C-159a1a8da4f86749,CC-159a1a8da4f86749,louvain,intersection_count,100.0,0.0,1.0,20260801,1.0.0,not_used,community labels are structural network results; they are not official factions and do not replace original-setting faction metadata
JP8,cross_department,music,reincarnation,Reincarnation,リーインカーネイション,0.0,0,0.001988071570576541,0.0,0,0.0,C-f843dd81021a8149,CC-f843dd81021a8149,louvain,intersection_count,100.0,0.0,1.0,20260801,1.0.0,not_used,community labels are structural network results; they are not official factions and do not replace original-setting faction metadata
JP8,cross_department,music,romanticchildren,Romantic Children,Romantic Children,0.0,0,0.001988071570576541,0.0,0,0.0,C-47512bdd75780b6e,CC-47512bdd75780b6e,louvain,intersection_count,100.0,0.0,1.0,20260801,1.0.0,not_used,community labels are structural network results; they are not official factions and do not replace original-setting faction metadata
JP8,cross_department,music,sacredbattle,Sacred Battle,Sacred Battle,0.0,0,0.001988071570576541,0.0,0,0.0,C-9b52fd69510cd9c7,CC-9b52fd69510cd9c7,louvain,intersection_count,100.0,0.0,1.0,20260801,1.0.0,not_used,community labels are structural network results; they are not official factions and do not replace original-setting faction metadata
JP8,cross_department,music,sailoroftime,Sailor of Time,Sailor of Time,0.0,0,0.001988071570576541,0.0,0,0.0,C-c862caeb97bea9cb,CC-c862caeb97bea9cb,louvain,intersection_count,100.0,0.0,1.0,20260801,1.0.0,not_used,community labels are structural network results; they are not official factions and do not replace original-setting faction metadata
JP8,cross_department,music,selection,Selection,Selection,0.0,0,0.001988071570576541,0.0,0,0.0,C-afc29263d9a4c25c,CC-afc29263d9a4c25c,louvain,intersection_count,100.0,0.0,1.0,20260801,1.0.0,not_used,community labels are structural network results; they are not official factions and do not replace original-setting faction metadata
JP8,cross_department,music,seleneslight,Selene's light,Selene's light,0.0,0,0.001988071570576541,0.0,0,0.0,C-c2785e914b6a0465,CC-c2785e914b6a0465,louvain,intersection_count,100.0,0.0,1.0,20260801,1.0.0,not_used,community labels are structural network results; they are not official factions and do not replace original-setting faction metadata
JP8,cross_department,music,shesinatemper,She's in a temper!!,She's in a temper!!,0.0,0,0.001988071570576541,0.0,0,0.0,C-9ec1fb55183f19db,CC-9ec1fb55183f19db,louvain,intersection_count,100.0,0.0,1.0,20260801,1.0.0,not_used,community labels are structural network results; they are not official factions and do not replace original-setting faction metadata
JP8,cross_department,music,silkroadalice,Silk Road Alice,シルクロードアリス,0.0,0,0.001988071570576541,0.0,0,0.0,C-ddf83fef4029892c,CC-ddf83fef4029892c,louvain,intersection_count,100.0,0.0,1.0,20260801,1.0.0,not_used,community labels are structural network results; they are not official factions and do not replace original-setting faction metadata
JP8,cross_department,music,skyruin,Sky Ruin,スカイルーイン,0.0,0,0.001988071570576541,0.0,0,0.0,C-0676c7d1f5038282,CC-0676c7d1f5038282,louvain,intersection_count,100.0,0.0,1.0,20260801,1.0.0,not_used,community labels are structural network results; they are not official factions and do not replace original-setting faction metadata
JP8,cross_department,music,starbowdream,Starbow Dream,スターボウドリーム,0.0,0,0.001988071570576541,0.0,0,0.0,C-93ae80d8b6af0a5a,CC-93ae80d8b6af0a5a,louvain,intersection_count,100.0,0.0,1.0,20260801,1.0.0,not_used,community labels are structural network results; they are not official factions and do not replace original-setting faction metadata
JP8,cross_department,music,starvoyage2008,Star Voyage2008,スターヴォヤージュ2008,0.0,0,0.001988071570576541,0.0,0,0.0,C-6686e95335a0ee66,CC-6686e95335a0ee66,louvain,intersection_count,100.0,0.0,1.0,20260801,1.0.0,not_used,community labels are structural network results; they are not official factions and do not replace original-setting faction metadata
JP8,cross_department,music,strawberrycrisis,Strawberry Crisis!!,Strawberry Crisis!!,0.0,0,0.001988071570576541,0.0,0,0.0,C-596f04215e276ee0,CC-596f04215e276ee0,louvain,intersection_count,100.0,0.0,1.0,20260801,1.0.0,not_used,community labels are structural network results; they are not official factions and do not replace original-setting faction metadata
JP8,cross_department,music,sunnyrutileflection,Sunny Rutile Flection,サニールチルフレクション,0.0,0,0.001988071570576541,0.0,0,0.0,C-d15a770c4451bb30,CC-d15a770c4451bb30,louvain,intersection_count,100.0,0.0,1.0,20260801,1.0.0,not_used,community labels are structural network results; they are not official factions and do not replace original-setting faction metadata
JP8,cross_department,music,tabularasa空白少女,Tabula rasa ～ 空白少女,Tabula rasa　～ 空白少女,0.0,0,0.001988071570576541,0.0,0,0.0,C-38440e99dcd4ff6c,CC-38440e99dcd4ff6c,louvain,intersection_count,100.0,0.0,1.0,20260801,1.0.0,not_used,community labels are structural network results; they are not official factions and do not replace original-setting faction metadata
JP8,cross_department,music,thegrimoireofalice,the Grimoire of Alice,the Grimoire of Alice,0.0,0,0.001988071570576541,0.0,0,0.0,C-6e84b110fba136bb,CC-6e84b110fba136bb,louvain,intersection_count,100.0,0.0,1.0,20260801,1.0.0,not_used,community labels are structural network results; they are not official factions and do not replace original-setting faction metadata
JP8,cross_department,music,thelastjudgement,the Last Judgement,the Last Judgement,0.0,0,0.001988071570576541,0.0,0,0.0,C-988611117dede23a,CC-988611117dede23a,louvain,intersection_count,100.0,0.0,1.0,20260801,1.0.0,not_used,community labels are structural network results; they are not official factions and do not replace original-setting faction metadata
JP8,cross_department,music,thelegendofkage,The Legend of KAGE,the Legend of KAGE,0.0,0,0.001988071570576541,0.0,0,0.0,C-5dba636c319ef69b,CC-5dba636c319ef69b,louvain,intersection_count,100.0,0.0,1.0,20260801,1.0.0,not_used,community labels are structural network results; they are not official factions and do not replace original-setting faction metadata
JP8,cross_department,music,themeofeasternstory,Theme of Eastern Story,テーマ・オブ・イースタンストーリー,0.0,0,0.001988071570576541,0.0,0,0.0,C-1974ef9524b85c52,CC-1974ef9524b85c52,louvain,intersection_count,100.0,0.0,1.0,20260801,1.0.0,not_used,community labels are structural network results; they are not official factions and do not replace original-setting faction metadata
JP8,cross_department,music,thepositiveandnegative,The Positive and Negative,The Positive and Negative,0.0,0,0.001988071570576541,0.0,0,0.0,C-1ab8f9ed63efa4f8,CC-1ab8f9ed63efa4f8,louvain,intersection_count,100.0,0.0,1.0,20260801,1.0.0,not_used,community labels are structural network results; they are not official factions and do not replace original-setting faction metadata
JP8,cross_department,music,titledmaid,Titled Maid,タイトルドメイド,0.0,0,0.001988071570576541,0.0,0,0.0,C-65dfccf4184e27b8,CC-65dfccf4184e27b8,louvain,intersection_count,100.0,0.0,1.0,20260801,1.0.0,not_used,community labels are structural network results; they are not official factions and do not replace original-setting faction metadata
JP8,cross_department,music,ultimatetruth,Ultimate Truth,アルティメットトゥルース,0.0,0,0.001988071570576541,0.0,0,0.0,C-b4cf34df11f0a056,CC-b4cf34df11f0a056,louvain,intersection_count,100.0,0.0,1.0,20260801,1.0.0,not_used,community labels are structural network results; they are not official factions and do not replace original-setting faction metadata
JP8,cross_department,music,unowen就是她吗,U.N.OWEN就是她吗？,U.N.オーエンは彼女なのか？,0.0,0,0.001988071570576541,0.0,0,0.0,C-060cbf349d8d2704,CC-060cbf349d8d2704,louvain,intersection_count,100.0,0.0,1.0,20260801,1.0.0,not_used,community labels are structural network results; they are not official factions and do not replace original-setting faction metadata
JP8,cross_department,music,voyage1969,Voyage1969,ヴォヤージュ1969,0.0,0,0.001988071570576541,0.0,0,0.0,C-1829a8fcaacf2e7c,CC-1829a8fcaacf2e7c,louvain,intersection_count,100.0,0.0,1.0,20260801,1.0.0,not_used,community labels are structural network results; they are not official factions and do not replace original-setting faction metadata
JP8,cross_department,music,voyage1970,Voyage1970,ヴォヤージュ1970,0.0,0,0.001988071570576541,0.0,0,0.0,C-5cf3a698e090b0c8,CC-5cf3a698e090b0c8,louvain,intersection_count,100.0,0.0,1.0,20260801,1.0.0,not_used,community labels are structural network results; they are not official factions and do not replace original-setting faction metadata
JP8,cross_department,music,witchingdream,Witching Dream,Witching Dream,0.0,0,0.001988071570576541,0.0,0,0.0,C-f6a645eed0753781,CC-f6a645eed0753781,louvain,intersection_count,100.0,0.0,1.0,20260801,1.0.0,not_used,community labels are structural network results; they are not official factions and do not replace original-setting faction metadata
JP8,cross_department,music,witchoflovepotion,Witch of Love Potion,Witch of Love Potion,0.0,0,0.001988071570576541,0.0,0,0.0,C-44caf4ef4eb6b25f,CC-44caf4ef4eb6b25f,louvain,intersection_count,100.0,0.0,1.0,20260801,1.0.0,not_used,community labels are structural network results; they are not official factions and do not replace original-setting faction metadata
JP8,cross_department,music,上海红茶馆,上海红茶馆 ～ Chinese Tea,上海紅茶館　～ Chinese Tea,0.0,0,0.001988071570576541,0.0,0,0.0,C-40b2cfa7cd24e880,CC-40b2cfa7cd24e880,louvain,intersection_count,100.0,0.0,1.0,20260801,1.0.0,not_used,community labels are structural network results; they are not official factions and do not replace original-setting faction metadata
JP8,cross_department,character,上白泽慧音,上白泽慧音,上白沢 慧音,0.0,0,0.001988071570576541,0.0,0,0.0,C-3fc16a21e9c77b0c,CC-3fc16a21e9c77b0c,louvain,intersection_count,100.0,0.0,1.0,20260801,1.0.0,not_used,community labels are structural network results; they are not official factions and do not replace original-setting faction metadata
JP8,cross_department,music,不可不禁止的游戏,不可不禁止的游戏,禁じざるをえない遊戯,0.0,0,0.001988071570576541,0.0,0,0.0,C-97cbf43e135eb210,CC-97cbf43e135eb210,louvain,intersection_count,100.0,0.0,1.0,20260801,1.0.0,not_used,community labels are structural network results; they are not official factions and do not replace original-setting faction metadata
JP8,cross_department,music,不可思议之国的爱丽丝,不可思议之国的爱丽丝,不思議の国のアリス,0.0,0,0.001988071570576541,0.0,0,0.0,C-8b38542d926c2440,CC-8b38542d926c2440,louvain,intersection_count,100.0,0.0,1.0,20260801,1.0.0,not_used,community labels are structural network results; they are not official factions and do not replace original-setting faction metadata
JP8,cross_department,music,世界的尽头worldsend,世界的尽头 ～ World's End,世界の果て　～ World's End,0.0,0,0.001988071570576541,0.0,0,0.0,C-5473ab54fa5abde7,CC-5473ab54fa5abde7,louvain,intersection_count,100.0,0.0,1.0,20260801,1.0.0,not_used,community labels are structural network results; they are not official factions and do not replace original-setting faction metadata
JP8,cross_department,music,业火地幔,业火地幔,業火マントル,0.0,0,0.001988071570576541,0.0,0,0.0,C-3290883efddee49e,CC-3290883efddee49e,louvain,intersection_count,100.0,0.0,1.0,20260801,1.0.0,not_used,community labels are structural network results; they are not official factions and do not replace original-setting faction metadata
JP8,cross_department,music,东之国的不眠夜,东之国的不眠夜,東の国の眠らない夜,0.0,0,0.001988071570576541,0.0,0,0.0,C-004e2c73345f2030,CC-004e2c73345f2030,louvain,intersection_count,100.0,0.0,1.0,20260801,1.0.0,not_used,community labels are structural network results; they are not official factions and do not replace original-setting faction metadata
JP8,cross_department,music,东方妖妖梦,东方妖妖梦 ～ Ancient Temple,東方妖々夢　～ Ancient Temple,0.0,0,0.001988071570576541,0.0,0,0.0,C-0d9fb53aee6a2816,CC-0d9fb53aee6a2816,louvain,intersection_count,100.0,0.0,1.0,20260801,1.0.0,not_used,community labels are structural network results; they are not official factions and do not replace original-setting faction metadata
JP8,cross_department,music,东方妖怪小町,东方妖怪小町,東方妖怪小町,0.0,0,0.001988071570576541,0.0,0,0.0,C-bd6928df0bcf13c2,CC-bd6928df0bcf13c2,louvain,intersection_count,100.0,0.0,1.0,20260801,1.0.0,not_used,community labels are structural network results; they are not official factions and do not replace original-setting faction metadata
JP8,cross_department,music,东方妖恋谈,东方妖恋谈,東方妖恋談,0.0,0,0.001988071570576541,0.0,0,0.0,C-30af104dd881a613,CC-30af104dd881a613,louvain,intersection_count,100.0,0.0,1.0,20260801,1.0.0,not_used,community labels are structural network results; they are not official factions and do not replace original-setting faction metadata
JP8,cross_department,music,东方封魔录净土曼荼罗,东方封魔录 ～ 净土曼荼罗,東方封魔録　～ 浄土曼荼羅,0.0,0,0.001988071570576541,0.0,0,0.0,C-0fe1f1455eb2620f,CC-0fe1f1455eb2620f,louvain,intersection_count,100.0,0.0,1.0,20260801,1.0.0,not_used,community labels are structural network results; they are not official factions and do not replace original-setting faction metadata
JP8,cross_department,music,东方封魔录幽幻乱舞,东方封魔录 ～ 幽幻乱舞,東方封魔録　～ 幽幻乱舞,0.0,0,0.001988071570576541,0.0,0,0.0,C-574955d5ea93e732,CC-574955d5ea93e732,louvain,intersection_count,100.0,0.0,1.0,20260801,1.0.0,not_used,community labels are structural network results; they are not official factions and do not replace original-setting faction metadata
JP8,cross_department,music,东方怪奇谈,东方怪奇谈,東方怪奇談,0.0,0,0.001988071570576541,0.0,0,0.0,C-975c91f322f88cc3,CC-975c91f322f88cc3,louvain,intersection_count,100.0,0.0,1.0,20260801,1.0.0,not_used,community labels are structural network results; they are not official factions and do not replace original-setting faction metadata
JP8,cross_department,music,东方绯想天,东方绯想天,東方緋想天,0.0,0,0.001988071570576541,0.0,0,0.0,C-f10b8d127e03153d,CC-f10b8d127e03153d,louvain,intersection_count,100.0,0.0,1.0,20260801,1.0.0,not_used,community labels are structural network results; they are not official factions and do not replace original-setting faction metadata
JP8,cross_department,music,东方萃梦想,东方萃梦想,東方萃夢想,0.0,0,0.001988071570576541,0.0,0,0.0,C-1e848b635dc21f55,CC-1e848b635dc21f55,louvain,intersection_count,100.0,0.0,1.0,20260801,1.0.0,not_used,community labels are structural network results; they are not official factions and do not replace original-setting faction metadata
JP8,cross_department,music,东风,东风,あゆのかぜ,0.0,0,0.001988071570576541,0.0,0,0.0,C-68329fb2be770e64,CC-68329fb2be770e64,louvain,intersection_count,100.0,0.0,1.0,20260801,1.0.0,not_used,community labels are structural network results; they are not official factions and do not replace original-setting faction metadata
JP8,cross_department,character,东风谷早苗,东风谷早苗,東風谷 早苗,0.0,0,0.001988071570576541,0.0,0,0.0,C-7d86b0f65432015b,CC-7d86b0f65432015b,louvain,intersection_count,100.0,0.0,1.0,20260801,1.0.0,not_used,community labels are structural network results; they are not official factions and do not replace original-setting faction metadata
JP8,cross_department,music,两个世界,两个世界,二つの世界,0.0,0,0.001988071570576541,0.0,0,0.0,C-c58e1567d1accebf,CC-c58e1567d1accebf,louvain,intersection_count,100.0,0.0,1.0,20260801,1.0.0,not_used,community labels are structural network results; they are not official factions and do not replace original-setting faction metadata
JP8,cross_department,music,久远之梦,久远之梦,久遠の夢,0.0,0,0.001988071570576541,0.0,0,0.0,C-1471511137155c73,CC-1471511137155c73,louvain,intersection_count,100.0,0.0,1.0,20260801,1.0.0,not_used,community labels are structural network results; they are not official factions and do not replace original-setting faction metadata
JP8,cross_department,character,乌鸦（地狱鸦、紫和文的使魔等）,乌鸦（地狱鸦、紫和文的使魔等）,カラス（地獄鴉、紫・文の使い魔他）,0.0,0,0.001988071570576541,0.0,0,0.0,C-1724853b11818c94,CC-1724853b11818c94,louvain,intersection_count,100.0,0.0,1.0,20260801,1.0.0,not_used,community labels are structural network results; they are not official factions and do not replace original-setting faction metadata
JP8,cross_department,music,二色莲花蝶,二色莲花蝶,二色蓮花蝶,0.0,0,0.001988071570576541,0.0,0,0.0,C-a17d0806f76213b3,CC-a17d0806f76213b3,louvain,intersection_count,100.0,0.0,1.0,20260801,1.0.0,not_used,community labels are structural network results; they are not official factions and do not replace original-setting faction metadata
JP8,cross_department,music,云外苍天,云外苍天,雲外蒼天,0.0,0,0.001988071570576541,0.0,0,0.0,C-4d7293966b6363d6,CC-4d7293966b6363d6,louvain,intersection_count,100.0,0.0,1.0,20260801,1.0.0,not_used,community labels are structural network results; they are not official factions and do not replace original-setting faction metadata
JP8,cross_department,character,云居一轮,云居一轮,雲居 一輪,0.0,0,0.001988071570576541,0.0,0,0.0,C-0bc63fe059bede92,CC-0bc63fe059bede92,louvain,intersection_count,100.0,0.0,1.0,20260801,1.0.0,not_used,community labels are structural network results; they are not official factions and do not replace original-setting faction metadata
JP8,cross_department,character,云山,云山,雲山,0.0,0,0.001988071570576541,0.0,0,0.0,C-9d088a45f5d5ace4,CC-9d088a45f5d5ace4,louvain,intersection_count,100.0,0.0,1.0,20260801,1.0.0,not_used,community labels are structural network results; they are not official factions and do not replace original-setting faction metadata
JP8,cross_department,music,人偶之森,人偶之森,人形の森,0.0,0,0.001988071570576541,0.0,0,0.0,C-360b38486c1fe6b1,CC-360b38486c1fe6b1,louvain,intersection_count,100.0,0.0,1.0,20260801,1.0.0,not_used,community labels are structural network results; they are not official factions and do not replace original-setting faction metadata
JP8,cross_department,music,人偶存在的风景,人偶存在的风景,人形のある風景,0.0,0,0.001988071570576541,0.0,0,0.0,C-2d3db345ac3f9c2f,CC-2d3db345ac3f9c2f,louvain,intersection_count,100.0,0.0,1.0,20260801,1.0.0,not_used,community labels are structural network results; they are not official factions and do not replace original-setting faction metadata
JP8,cross_department,music,人偶裁判,人偶裁判,人形裁判,0.0,0,0.001988071570576541,0.0,0,0.0,C-80004d5032944ddd,CC-80004d5032944ddd,louvain,intersection_count,100.0,0.0,1.0,20260801,1.0.0,not_used,community labels are structural network results; they are not official factions and do not replace original-setting faction metadata
JP8,cross_department,music,今昔幻想乡,今昔幻想乡 ～ Flower Land,今昔幻想郷　～ Flower Land,0.0,0,0.001988071570576541,0.0,0,0.0,C-e1e052c29737a055,CC-e1e052c29737a055,louvain,intersection_count,100.0,0.0,1.0,20260801,1.0.0,not_used,community labels are structural network results; they are not official factions and do not replace original-setting faction metadata
JP8,cross_department,music,令人怀念的东方之血,令人怀念的东方之血 ～ Old World,懐かしき東方の血　～ Old World,0.0,0,0.001988071570576541,0.0,0,0.0,C-425925558e3f6aea,CC-425925558e3f6aea,louvain,intersection_count,100.0,0.0,1.0,20260801,1.0.0,not_used,community labels are structural network results; they are not official factions and do not replace original-setting faction metadata
JP8,cross_department,music,以死相赌,以死相赌,死を賭して,0.0,0,0.001988071570576541,0.0,0,0.0,C-1777fb98a03a740c,CC-1777fb98a03a740c,louvain,intersection_count,100.0,0.0,1.0,20260801,1.0.0,not_used,community labels are structural network results; they are not official factions and do not replace original-setting faction metadata
JP8,cross_department,music,以鱼驱蝇,以鱼驱蝇,以魚駆蠅,0.0,0,0.001988071570576541,0.0,0,0.0,C-69d589995925d111,CC-69d589995925d111,louvain,intersection_count,100.0,0.0,1.0,20260801,1.0.0,not_used,community labels are structural network results; they are not official factions and do not replace original-setting faction metadata
JP8,cross_department,music,仰空,仰空,仰空,0.0,0,0.001988071570576541,0.0,0,0.0,C-614ea8a46032a85e,CC-614ea8a46032a85e,louvain,intersection_count,100.0,0.0,1.0,20260801,1.0.0,not_used,community labels are structural network results; they are not official factions and do not replace original-setting faction metadata
JP8,cross_department,character,伊吹萃香,伊吹萃香,伊吹 萃香,0.0,0,0.001988071570576541,0.0,0,0.0,C-d8e3ead30276c2d0,CC-d8e3ead30276c2d0,louvain,intersection_count,100.0,0.0,1.0,20260801,1.0.0,not_used,community labels are structural network results; they are not official factions and do not replace original-setting faction metadata
JP8,cross_department,music,伏瓦鲁魔法图书馆,伏瓦鲁魔法图书馆,ヴワル魔法図書館,0.0,0,0.001988071570576541,0.0,0,0.0,C-b51f9e33f8a587ac,CC-b51f9e33f8a587ac,louvain,intersection_count,100.0,0.0,1.0,20260801,1.0.0,not_used,community labels are structural network results; they are not official factions and do not replace original-setting faction metadata
JP8,cross_department,music,众神眷恋的幻想乡,众神眷恋的幻想乡,神々が恋した幻想郷,0.0,0,0.001988071570576541,0.0,0,0.0,C-c33e49a310ebd28d,CC-c33e49a310ebd28d,louvain,intersection_count,100.0,0.0,1.0,20260801,1.0.0,not_used,community labels are structural network results; they are not official factions and do not replace original-setting faction metadata
JP8,cross_department,music,会受稻田姬的斥责啦,会受稻田姬的斥责啦,稲田姫様に叱られるから,0.0,0,0.001988071570576541,0.0,0,0.0,C-d57ba5daff95ad2d,CC-d57ba5daff95ad2d,louvain,intersection_count,100.0,0.0,1.0,20260801,1.0.0,not_used,community labels are structural network results; they are not official factions and do not replace original-setting faction metadata
JP8,cross_department,music,传说中的仙境,传说中的仙境,昔話わんだーらんど,0.0,0,0.001988071570576541,0.0,0,0.0,C-539c16fb41a1ec4e,CC-539c16fb41a1ec4e,louvain,intersection_count,100.0,0.0,1.0,20260801,1.0.0,not_used,community labels are structural network results; they are not official factions and do not replace original-setting faction metadata
JP8,cross_department,music,传说的巨神,传说的巨神,伝説の巨神,0.0,0,0.001988071570576541,0.0,0,0.0,C-6b6b629e83189759,CC-6b6b629e83189759,louvain,intersection_count,100.0,0.0,1.0,20260801,1.0.0,not_used,community labels are structural network results; they are not official factions and do not replace original-setting faction metadata
JP8,cross_department,music,你所在之城的怪事,你所在之城的怪事,あなたの町の怪事件,0.0,0,0.001988071570576541,0.0,0,0.0,C-525225e8977a7bd7,CC-525225e8977a7bd7,louvain,intersection_count,100.0,0.0,1.0,20260801,1.0.0,not_used,community labels are structural network results; they are not official factions and do not replace original-setting faction metadata
JP8,cross_department,music,你见到了那个影子吗,你见到了那个影子吗,君はあの影を見たか,0.0,0,0.001988071570576541,0.0,0,0.0,C-995ae8b46007e2ee,CC-995ae8b46007e2ee,louvain,intersection_count,100.0,0.0,1.0,20260801,1.0.0,not_used,community labels are structural network results; they are not official factions and do not replace original-setting faction metadata
JP8,cross_department,character,依莉斯,依莉斯,エリス,0.0,0,0.001988071570576541,0.0,0,0.0,C-852b54955bbe4359,CC-852b54955bbe4359,louvain,intersection_count,100.0,0.0,1.0,20260801,1.0.0,not_used,community labels are structural network results; they are not official factions and do not replace original-setting faction metadata
JP8,cross_department,music,俄耳甫斯的诗pseudoclassic,俄耳甫斯的诗 ～ Pseudoclassic,オルフェの詩　～ Pseudoclassic,0.0,0,0.001988071570576541,0.0,0,0.0,C-3faa3f87671a998f,CC-3faa3f87671a998f,louvain,intersection_count,100.0,0.0,1.0,20260801,1.0.0,not_used,community labels are structural network results; they are not official factions and do not replace original-setting faction metadata
JP8,cross_department,music,信仰是为了虚幻之人,信仰是为了虚幻之人,信仰は儚き人間の為に,0.0,0,0.001988071570576541,0.0,0,0.0,C-9c59322c1faadb78,CC-9c59322c1faadb78,louvain,intersection_count,100.0,0.0,1.0,20260801,1.0.0,not_used,community labels are structural network results; they are not official factions and do not replace original-setting faction metadata
JP8,cross_department,character,八云紫,八云紫,八雲 紫,0.0,0,0.001988071570576541,0.0,0,0.0,C-1adfc50c6d4a43c1,CC-1adfc50c6d4a43c1,louvain,intersection_count,100.0,0.0,1.0,20260801,1.0.0,not_used,community labels are structural network results; they are not official factions and do not replace original-setting faction metadata
JP8,cross_department,character,八云蓝,八云蓝,八雲 藍,0.0,0,0.001988071570576541,0.0,0,0.0,C-872e74d08b17d65c,CC-872e74d08b17d65c,louvain,intersection_count,100.0,0.0,1.0,20260801,1.0.0,not_used,community labels are structural network results; they are not official factions and do not replace original-setting faction metadata
JP8,cross_department,character,八坂神奈子,八坂神奈子,八坂 神奈子,0.0,0,0.001988071570576541,0.0,0,0.0,C-b5d2d56b31e4f6b6,CC-b5d2d56b31e4f6b6,louvain,intersection_count,100.0,0.0,1.0,20260801,1.0.0,not_used,community labels are structural network results; they are not official factions and do not replace original-setting faction metadata
JP8,cross_department,character,八意永琳,八意永琳,八意 永琳,0.0,0,0.001988071570576541,0.0,0,0.0,C-b26a57f770dcf467,CC-b26a57f770dcf467,louvain,intersection_count,100.0,0.0,1.0,20260801,1.0.0,not_used,community labels are structural network results; they are not official factions and do not replace original-setting faction metadata
JP8,cross_department,character,冈崎梦美,冈崎梦美,岡崎 夢美,0.0,0,0.001988071570576541,0.0,0,0.0,C-054c6e1c52436b23,CC-054c6e1c52436b23,louvain,intersection_count,100.0,0.0,1.0,20260801,1.0.0,not_used,community labels are structural network results; they are not official factions and do not replace original-setting faction metadata
JP8,cross_department,music,冷吟闲醉,冷吟闲醉,冷吟閑酔,0.0,0,0.001988071570576541,0.0,0,0.0,C-ee83ae18bca6457d,CC-ee83ae18bca6457d,louvain,intersection_count,100.0,0.0,1.0,20260801,1.0.0,not_used,community labels are structural network results; they are not official factions and do not replace original-setting faction metadata
JP8,cross_department,music,凋叶棕,凋叶棕（withered leaf）,ティアオイエツォン(withered leaf),0.0,0,0.001988071570576541,0.0,0,0.0,C-761ddfd5afe6e168,CC-761ddfd5afe6e168,louvain,intersection_count,100.0,0.0,1.0,20260801,1.0.0,not_used,community labels are structural network results; they are not official factions and do not replace original-setting faction metadata
JP8,cross_department,music,剧毒身体,剧毒身体 ～ Forsaken Doll,ポイズンボディ　～ Forsaken Doll,0.0,0,0.001988071570576541,0.0,0,0.0,C-c565cdb1e006363d,CC-c565cdb1e006363d,louvain,intersection_count,100.0,0.0,1.0,20260801,1.0.0,not_used,community labels are structural network results; they are not official factions and do not replace original-setting faction metadata
JP8,cross_department,character,北白河千百合,北白河千百合,北白河 ちゆり,0.0,0,0.001988071570576541,0.0,0,0.0,C-1636c10f49754a39,CC-1636c10f49754a39,louvain,intersection_count,100.0,0.0,1.0,20260801,1.0.0,not_used,community labels are structural network results; they are not official factions and do not replace original-setting faction metadata
JP8,cross_department,character,十六夜咲夜,十六夜咲夜,十六夜 咲夜,0.0,0,0.001988071570576541,0.0,0,0.0,C-86fe15dd905cf11d,CC-86fe15dd905cf11d,louvain,intersection_count,100.0,0.0,1.0,20260801,1.0.0,not_used,community labels are structural network results; they are not official factions and do not replace original-setting faction metadata
JP8,cross_department,music,千年幻想乡,千年幻想乡 ～ History of the Moon,千年幻想郷　～ History of the Moon,0.0,0,0.001988071570576541,0.0,0,0.0,C-9b621d12940d72da,CC-9b621d12940d72da,louvain,intersection_count,100.0,0.0,1.0,20260801,1.0.0,not_used,community labels are structural network results; they are not official factions and do not replace original-setting faction metadata
JP8,cross_department,music,午夜的妖精舞会,午夜的妖精舞会,真夜中のフェアリーダンス,0.0,0,0.001988071570576541,0.0,0,0.0,C-8ea5cfd0d85f76db,CC-8ea5cfd0d85f76db,louvain,intersection_count,100.0,0.0,1.0,20260801,1.0.0,not_used,community labels are structural network results; they are not official factions and do not replace original-setting faction metadata
JP8,cross_department,music,华之幻想红梦之宙,华之幻想 红梦之宙,華の幻想　紅夢の宙,0.0,0,0.001988071570576541,0.0,0,0.0,C-4c4ee5595d330ef4,CC-4c4ee5595d330ef4,louvain,intersection_count,100.0,0.0,1.0,20260801,1.0.0,not_used,community labels are structural network results; they are not official factions and do not replace original-setting faction metadata
JP8,cross_department,music,华胥之梦,华胥之梦,華胥の夢,0.0,0,0.001988071570576541,0.0,0,0.0,C-f982270eab41c829,CC-f982270eab41c829,louvain,intersection_count,100.0,0.0,1.0,20260801,1.0.0,not_used,community labels are structural network results; they are not official factions and do not replace original-setting faction metadata
JP8,cross_department,music,博丽easternwind,博丽 ～ Eastern Wind,博麗　～ Eastern Wind,0.0,0,0.001988071570576541,0.0,0,0.0,C-2e9cad77146fb8b7,CC-2e9cad77146fb8b7,louvain,intersection_count,100.0,0.0,1.0,20260801,1.0.0,not_used,community labels are structural network results; they are not official factions and do not replace original-setting faction metadata
JP8,cross_department,character,博丽灵梦,博丽灵梦,博麗 霊夢,0.0,0,0.001988071570576541,0.0,0,0.0,C-17ad8d1be8225ecd,CC-17ad8d1be8225ecd,louvain,intersection_count,100.0,0.0,1.0,20260801,1.0.0,not_used,community labels are structural network results; they are not official factions and do not replace original-setting faction metadata
JP8,cross_department,music,博丽神社境内,博丽神社境内,博麗神社境内,0.0,0,0.001988071570576541,0.0,0,0.0,C-7d09db5b654212cd,CC-7d09db5b654212cd,louvain,intersection_count,100.0,0.0,1.0,20260801,1.0.0,not_used,community labels are structural network results; they are not official factions and do not replace original-setting faction metadata
JP8,cross_department,character,卡娜安娜贝拉尔,卡娜·安娜贝拉尔,カナ・アナベラル,0.0,0,0.001988071570576541,0.0,0,0.0,C-a431b65fae5ee87b,CC-a431b65fae5ee87b,louvain,intersection_count,100.0,0.0,1.0,20260801,1.0.0,not_used,community labels are structural network results; they are not official factions and do not replace original-setting faction metadata
JP8,cross_department,music,卡纳维拉尔角的梦幻少女,卡纳维拉尔角的梦幻少女,カナベラルの夢幻少女,0.0,0,0.001988071570576541,0.0,0,0.0,C-d13301bcf7a64a06,CC-d13301bcf7a64a06,louvain,intersection_count,100.0,0.0,1.0,20260801,1.0.0,not_used,community labels are structural network results; they are not official factions and do not replace original-setting faction metadata
JP8,cross_department,music,卫星露天咖啡座,卫星露天咖啡座,衛星カフェテラス,0.0,0,0.001988071570576541,0.0,0,0.0,C-e4cec3483f7f6746,CC-e4cec3483f7f6746,louvain,intersection_count,100.0,0.0,1.0,20260801,1.0.0,not_used,community labels are structural network results; they are not official factions and do not replace original-setting faction metadata
JP8,cross_department,music,厄神降临之路,厄神降临之路 ～ Dark Road,厄神様の通り道　～ Dark Road,0.0,0,0.001988071570576541,0.0,0,0.0,C-64d0acea167249c1,CC-64d0acea167249c1,louvain,intersection_count,100.0,0.0,1.0,20260801,1.0.0,not_used,community labels are structural network results; they are not official factions and do not replace original-setting faction metadata
JP8,cross_department,character,古明地恋,古明地恋,古明地 こいし,0.0,0,0.001988071570576541,0.0,0,0.0,C-916c8b6325c999a6,CC-916c8b6325c999a6,louvain,intersection_count,100.0,0.0,1.0,20260801,1.0.0,not_used,community labels are structural network results; they are not official factions and do not replace original-setting faction metadata
JP8,cross_department,character,古明地觉,古明地觉,古明地 さとり,0.0,0,0.001988071570576541,0.0,0,0.0,C-da750a03013d8cfe,CC-da750a03013d8cfe,louvain,intersection_count,100.0,0.0,1.0,20260801,1.0.0,not_used,community labels are structural network results; they are not official factions and do not replace original-setting faction metadata
JP8,cross_department,music,古老的冥界寺,古老的冥界寺,古の冥界寺,0.0,0,0.001988071570576541,0.0,0,0.0,C-5487e0601c074605,CC-5487e0601c074605,louvain,intersection_count,100.0,0.0,1.0,20260801,1.0.0,not_used,community labels are structural network results; they are not official factions and do not replace original-setting faction metadata
JP8,cross_department,music,另一侧的月,另一侧的月,向こう側の月,0.0,0,0.001988071570576541,0.0,0,0.0,C-2037c65c1a5c7c07,CC-2037c65c1a5c7c07,louvain,intersection_count,100.0,0.0,1.0,20260801,1.0.0,not_used,community labels are structural network results; they are not official factions and do not replace original-setting faction metadata
JP8,cross_department,music,可悲的人偶dollofmisery,可悲的人偶 ～ Doll of Misery,悲しき人形　～ Doll of Misery,0.0,0,0.001988071570576541,0.0,0,0.0,C-8297658e147e68a3,CC-8297658e147e68a3,louvain,intersection_count,100.0,0.0,1.0,20260801,1.0.0,not_used,community labels are structural network results; they are not official factions and do not replace original-setting faction metadata
JP8,cross_department,music,可爱的大战争叠奏曲,可爱的大战争叠奏曲,可愛い大戦争のリフレーン,0.0,0,0.001988071570576541,0.0,0,0.0,C-87ef8cc4ed9450c6,CC-87ef8cc4ed9450c6,louvain,intersection_count,100.0,0.0,1.0,20260801,1.0.0,not_used,community labels are structural network results; they are not official factions and do not replace original-setting faction metadata
JP8,cross_department,music,可爱的恶魔innocence,可爱的恶魔 ～ Innocence,かわいい悪魔　～ Innocence,0.0,0,0.001988071570576541,0.0,0,0.0,C-4f2f54e6dfc1f595,CC-4f2f54e6dfc1f595,louvain,intersection_count,100.0,0.0,1.0,20260801,1.0.0,not_used,community labels are structural network results; they are not official factions and do not replace original-setting faction metadata
JP8,cross_department,character,命莲,命莲,命蓮,0.0,0,0.001988071570576541,0.0,0,0.0,C-06f5fa84366f7031,CC-06f5fa84366f7031,louvain,intersection_count,100.0,0.0,1.0,20260801,1.0.0,not_used,community labels are structural network results; they are not official factions and do not replace original-setting faction metadata
JP8,cross_department,music,命运的阴暗面,命运的阴暗面,運命のダークサイド,0.0,0,0.001988071570576541,0.0,0,0.0,C-b85d937b7a03b0d9,CC-b85d937b7a03b0d9,louvain,intersection_count,100.0,0.0,1.0,20260801,1.0.0,not_used,community labels are structural network results; they are not official factions and do not replace original-setting faction metadata
JP8,cross_department,character,咪咪号,咪咪号,ミミちゃん,0.0,0,0.001988071570576541,0.0,0,0.0,C-b69343f697604a6b,CC-b69343f697604a6b,louvain,intersection_count,100.0,0.0,1.0,20260801,1.0.0,not_used,community labels are structural network results; they are not official factions and do not replace original-setting faction metadata
JP8,cross_department,music,哈德曼的妖怪少女,哈德曼的妖怪少女,ハルトマンの妖怪少女,0.0,0,0.001988071570576541,0.0,0,0.0,C-56f630da3b34b9f1,CC-56f630da3b34b9f1,louvain,intersection_count,100.0,0.0,1.0,20260801,1.0.0,not_used,community labels are structural network results; they are not official factions and do not replace original-setting faction metadata
JP8,cross_department,music,嘲讽的游戏,嘲讽的游戏,嘲りの遊戯,0.0,0,0.001988071570576541,0.0,0,0.0,C-c15a646453944c67,CC-c15a646453944c67,louvain,intersection_count,100.0,0.0,1.0,20260801,1.0.0,not_used,community labels are structural network results; they are not official factions and do not replace original-setting faction metadata
JP8,cross_department,character,四季映姬夜摩仙那度,四季映姬·夜摩仙那度,四季映姫・ヤマザナドゥ,0.0,0,0.001988071570576541,0.0,0,0.0,C-1203498eb899cb4e,CC-1203498eb899cb4e,louvain,intersection_count,100.0,0.0,1.0,20260801,1.0.0,not_used,community labels are structural network results; they are not official factions and do not replace original-setting faction metadata
JP8,cross_department,music,回忆京都,回忆京都,レトロスペクティブ京都,0.0,0,0.001988071570576541,0.0,0,0.0,C-09ae65f908ade1e9,CC-09ae65f908ade1e9,louvain,intersection_count,100.0,0.0,1.0,20260801,1.0.0,not_used,community labels are structural network results; they are not official factions and do not replace original-setting faction metadata
JP8,cross_department,music,因夜失眠,因夜失眠,夜だから眠れない,0.0,0,0.001988071570576541,0.0,0,0.0,C-dec45bdcba032dbf,CC-dec45bdcba032dbf,louvain,intersection_count,100.0,0.0,1.0,20260801,1.0.0,not_used,community labels are structural network results; they are not official factions and do not replace original-setting faction metadata
JP8,cross_department,character,因幡天为（因幡帝）,因幡天为（因幡帝）,因幡 てゐ,0.0,0,0.001988071570576541,0.0,0,0.0,C-57defe5aa7e281d3,CC-57defe5aa7e281d3,louvain,intersection_count,100.0,0.0,1.0,20260801,1.0.0,not_used,community labels are structural network results; they are not official factions and do not replace original-setting faction metadata
JP8,cross_department,character,圣白莲,圣白莲,聖 白蓮,0.0,0,0.001988071570576541,0.0,0,0.0,C-860a7719d6908fce,CC-860a7719d6908fce,louvain,intersection_count,100.0,0.0,1.0,20260801,1.0.0,not_used,community labels are structural network results; they are not official factions and do not replace original-setting faction metadata
JP8,cross_department,music,地之色乃黄色,地之色乃黄色,地の色は黄色,0.0,0,0.001988071570576541,0.0,0,0.0,C-f7e82e2c22769426,CC-f7e82e2c22769426,louvain,intersection_count,100.0,0.0,1.0,20260801,1.0.0,not_used,community labels are structural network results; they are not official factions and do not replace original-setting faction metadata
JP8,cross_department,music,地灵们的归家,地灵们的归家,地霊達の帰宅,0.0,0,0.001988071570576541,0.0,0,0.0,C-35864504720076b1,CC-35864504720076b1,louvain,intersection_count,100.0,0.0,1.0,20260801,1.0.0,not_used,community labels are structural network results; they are not official factions and do not replace original-setting faction metadata
JP8,cross_department,music,地灵们的起床,地灵们的起床,地霊達の起床,0.0,0,0.001988071570576541,0.0,0,0.0,C-ad87022cacfe8685,CC-ad87022cacfe8685,louvain,intersection_count,100.0,0.0,1.0,20260801,1.0.0,not_used,community labels are structural network results; they are not official factions and do not replace original-setting faction metadata
JP8,cross_department,music,复仇女神的要塞,复仇女神的要塞,ネメシスの要塞,0.0,0,0.001988071570576541,0.0,0,0.0,C-73438ece7866b879,CC-73438ece7866b879,louvain,intersection_count,100.0,0.0,1.0,20260801,1.0.0,not_used,community labels are structural network results; they are not official factions and do not replace original-setting faction metadata
JP8,cross_department,music,夏明,夏明,夏明き,0.0,0,0.001988071570576541,0.0,0,0.0,C-f7d4283d28223a1e,CC-f7d4283d28223a1e,louvain,intersection_count,100.0,0.0,1.0,20260801,1.0.0,not_used,community labels are structural network results; they are not official factions and do not replace original-setting faction metadata
JP8,cross_department,music,夕阳下落,夕阳下落,陽落ちて,0.0,0,0.001988071570576541,0.0,0,0.0,C-acfcbc939aa6916c,CC-acfcbc939aa6916c,louvain,intersection_count,100.0,0.0,1.0,20260801,1.0.0,not_used,community labels are structural network results; they are not official factions and do not replace original-setting faction metadata
JP8,cross_department,character,多多良小伞,多多良小伞,多々良 小傘,0.0,0,0.001988071570576541,0.0,0,0.0,C-6400de72c5231355,CC-6400de72c5231355,louvain,intersection_count,100.0,0.0,1.0,20260801,1.0.0,not_used,community labels are structural network results; they are not official factions and do not replace original-setting faction metadata
JP8,cross_department,music,夜幕降临,夜幕降临,夜が降りてくる,0.0,0,0.001988071570576541,0.0,0,0.0,C-84394a33a55869fc,CC-84394a33a55869fc,louvain,intersection_count,100.0,0.0,1.0,20260801,1.0.0,not_used,community labels are structural network results; they are not official factions and do not replace original-setting faction metadata
JP8,cross_department,music,夜空中的ufo恋曲,夜空中的UFO恋曲,夜空のユーフォーロマンス,0.0,0,0.001988071570576541,0.0,0,0.0,C-0f651ffd392e1298,CC-0f651ffd392e1298,louvain,intersection_count,100.0,0.0,1.0,20260801,1.0.0,not_used,community labels are structural network results; they are not official factions and do not replace original-setting faction metadata
JP8,cross_department,music,夜雀的歌声,夜雀的歌声 ～ Night Bird,夜雀の歌声　～ Night Bird,0.0,0,0.001988071570576541,0.0,0,0.0,C-6f7d7fcde492a0fb,CC-6f7d7fcde492a0fb,louvain,intersection_count,100.0,0.0,1.0,20260801,1.0.0,not_used,community labels are structural network results; they are not official factions and do not replace original-setting faction metadata
JP8,cross_department,character,大妖精,大妖精,大妖精,0.0,0,0.001988071570576541,0.0,0,0.0,C-f633bce1d943065b,CC-f633bce1d943065b,louvain,intersection_count,100.0,0.0,1.0,20260801,1.0.0,not_used,community labels are structural network results; they are not official factions and do not replace original-setting faction metadata
JP8,cross_department,music,大江山的花之酒宴,大江山的花之酒宴,華のさかづき大江山,0.0,0,0.001988071570576541,0.0,0,0.0,C-f633624b067e2412,CC-f633624b067e2412,louvain,intersection_count,100.0,0.0,1.0,20260801,1.0.0,not_used,community labels are structural network results; they are not official factions and do not replace original-setting faction metadata
JP8,cross_department,music,大空魔术magicalastronomy,大空魔术 ～ Magical Astronomy,大空魔術　～ Magical Astronomy,0.0,0,0.001988071570576541,0.0,0,0.0,C-863102aca3270900,CC-863102aca3270900,louvain,intersection_count,100.0,0.0,1.0,20260801,1.0.0,not_used,community labels are structural network results; they are not official factions and do not replace original-setting faction metadata
JP8,cross_department,character,大蛤蟆,大蛤蟆,大ガマ,0.0,0,0.001988071570576541,0.0,0,0.0,C-15ae034aa70377c8,CC-15ae034aa70377c8,louvain,intersection_count,100.0,0.0,1.0,20260801,1.0.0,not_used,community labels are structural network results; they are not official factions and do not replace original-setting faction metadata
JP8,cross_department,character,大鲶鱼,大鲶鱼,大ナマズ,0.0,0,0.001988071570576541,0.0,0,0.0,C-014d5b61fc261b2c,CC-014d5b61fc261b2c,louvain,intersection_count,100.0,0.0,1.0,20260801,1.0.0,not_used,community labels are structural network results; they are not official factions and do not replace original-setting faction metadata
JP8,cross_department,music,天使传说,天使传说,天使伝説,0.0,0,0.001988071570576541,0.0,0,0.0,C-0e6a665a39db2e53,CC-0e6a665a39db2e53,louvain,intersection_count,100.0,0.0,1.0,20260801,1.0.0,not_used,community labels are structural network results; they are not official factions and do not replace original-setting faction metadata
JP8,cross_department,music,天狗正凝视着,天狗正凝视着 ～ Black Eyes,天狗が見ている　～ Black Eyes,0.0,0,0.001988071570576541,0.0,0,0.0,C-678c4d635ad7da9d,CC-678c4d635ad7da9d,louvain,intersection_count,100.0,0.0,1.0,20260801,1.0.0,not_used,community labels are structural network results; they are not official factions and do not replace original-setting faction metadata
JP8,cross_department,music,天狗的笔记mysteriousnote,天狗的笔记 ～ Mysterious Note,天狗の手帖　～ Mysterious Note,0.0,0,0.001988071570576541,0.0,0,0.0,C-3852626cafb729d1,CC-3852626cafb729d1,louvain,intersection_count,100.0,0.0,1.0,20260801,1.0.0,not_used,community labels are structural network results; they are not official factions and do not replace original-setting faction metadata
JP8,cross_department,character,天狗（大天狗等）1,天狗（大天狗等）1,天狗（大天狗他）,0.0,0,0.001988071570576541,0.0,0,0.0,C-60d881cb0fa7b7dc,CC-60d881cb0fa7b7dc,louvain,intersection_count,100.0,0.0,1.0,20260801,1.0.0,not_used,community labels are structural network results; they are not official factions and do not replace original-setting faction metadata
JP8,cross_department,music,天空军团,天空军团,天空アーミー,0.0,0,0.001988071570576541,0.0,0,0.0,C-3eb2d54a7d5da581,CC-3eb2d54a7d5da581,louvain,intersection_count,100.0,0.0,1.0,20260801,1.0.0,not_used,community labels are structural network results; they are not official factions and do not replace original-setting faction metadata
JP8,cross_department,music,天空的格林尼治,天空的格林尼治,天空のグリニッジ,0.0,0,0.001988071570576541,0.0,0,0.0,C-16015d6237744351,CC-16015d6237744351,louvain,intersection_count,100.0,0.0,1.0,20260801,1.0.0,not_used,community labels are structural network results; they are not official factions and do not replace original-setting faction metadata
JP8,cross_department,music,天空的花都,天空的花都,天空の花の都,0.0,0,0.001988071570576541,0.0,0,0.0,C-b7064a59c95c3213,CC-b7064a59c95c3213,louvain,intersection_count,100.0,0.0,1.0,20260801,1.0.0,not_used,community labels are structural network results; they are not official factions and do not replace original-setting faction metadata
JP8,cross_department,music,天衣无缝,天衣无缝,天衣無縫,0.0,0,0.001988071570576541,0.0,0,0.0,C-4f9e86cd7fabd499,CC-4f9e86cd7fabd499,louvain,intersection_count,100.0,0.0,1.0,20260801,1.0.0,not_used,community labels are structural network results; they are not official factions and do not replace original-setting faction metadata
JP8,cross_department,music,天鹅绒少女战velvetbattle,天鹅绒少女战 ～ Velvet Battle,天鵞絨少女戦　～ Velvet Battle,0.0,0,0.001988071570576541,0.0,0,0.0,C-4d0e72be389f5a2c,CC-4d0e72be389f5a2c,louvain,intersection_count,100.0,0.0,1.0,20260801,1.0.0,not_used,community labels are structural network results; they are not official factions and do not replace original-setting faction metadata
JP8,cross_department,music,奥尔良的圣骑士,奥尔良的圣骑士,オルレアンの聖騎士,0.0,0,0.001988071570576541,0.0,0,0.0,C-2d23b30aec7574c1,CC-2d23b30aec7574c1,louvain,intersection_count,100.0,0.0,1.0,20260801,1.0.0,not_used,community labels are structural network results; they are not official factions and do not replace original-setting faction metadata
JP8,cross_department,character,奥莲姬,奥莲姬,オレンジ,0.0,0,0.001988071570576541,0.0,0,0.0,C-27dec9eb3eafab13,CC-27dec9eb3eafab13,louvain,intersection_count,100.0,0.0,1.0,20260801,1.0.0,not_used,community labels are structural network results; they are not official factions and do not replace original-setting faction metadata
JP8,cross_department,music,女仆与血之怀表,女仆与血之怀表,メイドと血の懐中時計,0.0,0,0.001988071570576541,0.0,0,0.0,C-7f34ae991548f264,CC-7f34ae991548f264,louvain,intersection_count,100.0,0.0,1.0,20260801,1.0.0,not_used,community labels are structural network results; they are not official factions and do not replace original-setting faction metadata
JP8,cross_department,music,女仆幻想icemilkmagic,女仆幻想 ～ Icemilk Magic,メイド幻想　～ Icemilk Magic,0.0,0,0.001988071570576541,0.0,0,0.0,C-af5edc22a30c79f6,CC-af5edc22a30c79f6,louvain,intersection_count,100.0,0.0,1.0,20260801,1.0.0,not_used,community labels are structural network results; they are not official factions and do not replace original-setting faction metadata
JP8,cross_department,music,如鬼灯般的红色之魂,如鬼灯般的红色之魂,ほおずきみたいに紅い魂,0.0,0,0.001988071570576541,0.0,0,0.0,C-0a68cfae44d26170,CC-0a68cfae44d26170,louvain,intersection_count,100.0,0.0,1.0,20260801,1.0.0,not_used,community labels are structural network results; they are not official factions and do not replace original-setting faction metadata
JP8,cross_department,music,妖妖梦snoworcherrypetal,妖妖梦 ～ Snow or Cherry Petal,妖々夢　～ Snow or Cherry Petal,0.0,0,0.001988071570576541,0.0,0,0.0,C-55c171bc17a815b3,CC-55c171bc17a815b3,louvain,intersection_count,100.0,0.0,1.0,20260801,1.0.0,not_used,community labels are structural network results; they are not official factions and do not replace original-setting faction metadata
JP8,cross_department,music,妖妖跋扈,妖妖跋扈,妖々跋扈,0.0,0,0.001988071570576541,0.0,0,0.0,C-341b1675d7416a56,CC-341b1675d7416a56,louvain,intersection_count,100.0,0.0,1.0,20260801,1.0.0,not_used,community labels are structural network results; they are not official factions and do not replace original-setting faction metadata
JP8,cross_department,music,妖怪之山,妖怪之山 ～ Mysterious Mountain,妖怪の山　～ Mysterious Mountain,0.0,0,0.001988071570576541,0.0,0,0.0,C-c7df5874fb6f0566,CC-c7df5874fb6f0566,louvain,intersection_count,100.0,0.0,1.0,20260801,1.0.0,not_used,community labels are structural network results; they are not official factions and do not replace original-setting faction metadata
JP8,cross_department,music,妖怪宇宙旅行,妖怪宇宙旅行,妖怪宇宙旅行,0.0,0,0.001988071570576541,0.0,0,0.0,C-8eefe311a8dbef74,CC-8eefe311a8dbef74,louvain,intersection_count,100.0,0.0,1.0,20260801,1.0.0,not_used,community labels are structural network results; they are not official factions and do not replace original-setting faction metadata
JP8,cross_department,music,妖怪寺,妖怪寺,妖怪寺,0.0,0,0.001988071570576541,0.0,0,0.0,C-2a4f79423c917b2e,CC-2a4f79423c917b2e,louvain,intersection_count,100.0,0.0,1.0,20260801,1.0.0,not_used,community labels are structural network results; they are not official factions and do not replace original-setting faction metadata
JP8,cross_department,character,妖怪狸,妖怪狸,化け狸,0.0,0,0.001988071570576541,0.0,0,0.0,C-62e106109b8f95bb,CC-62e106109b8f95bb,louvain,intersection_count,100.0,0.0,1.0,20260801,1.0.0,not_used,community labels are structural network results; they are not official factions and do not replace original-setting faction metadata
JP8,cross_department,music,妖精冒险谭,妖精冒险谭,フェアリー冒険譚,0.0,0,0.001988071570576541,0.0,0,0.0,C-eb0d65eb5ee20766,CC-eb0d65eb5ee20766,louvain,intersection_count,100.0,0.0,1.0,20260801,1.0.0,not_used,community labels are structural network results; they are not official factions and do not replace original-setting faction metadata
JP8,cross_department,music,妖精大战争,妖精大战争 ～ Fairy Wars,妖精大戦争　～ Fairy Wars,0.0,0,0.001988071570576541,0.0,0,0.0,C-5a715a612153b797,CC-5a715a612153b797,louvain,intersection_count,100.0,0.0,1.0,20260801,1.0.0,not_used,community labels are structural network results; they are not official factions and do not replace original-setting faction metadata
JP8,cross_department,music,妖精灿烂的样子,妖精灿烂的样子,妖精燦々として,0.0,0,0.001988071570576541,0.0,0,0.0,C-3599ae703b0ccca5,CC-3599ae703b0ccca5,louvain,intersection_count,100.0,0.0,1.0,20260801,1.0.0,not_used,community labels are structural network results; they are not official factions and do not replace original-setting faction metadata
JP8,cross_department,character,妖精（女仆妖精、向日葵妖精等）,妖精（女仆妖精、向日葵妖精等）,妖精（メイド妖精・ひまわり妖精他）,0.0,0,0.001988071570576541,0.0,0,0.0,C-fe6b6d55446138fb,CC-fe6b6d55446138fb,louvain,intersection_count,100.0,0.0,1.0,20260801,1.0.0,not_used,community labels are structural network results; they are not official factions and do not replace original-setting faction metadata
JP8,cross_department,music,妖魔夜行,妖魔夜行,妖魔夜行,0.0,0,0.001988071570576541,0.0,0,0.0,C-ed69a5498c3dd9a2,CC-ed69a5498c3dd9a2,louvain,intersection_count,100.0,0.0,1.0,20260801,1.0.0,not_used,community labels are structural network results; they are not official factions and do not replace original-setting faction metadata
JP8,cross_department,character,姬海棠果,姬海棠果,姫海棠 はたて,0.0,0,0.001988071570576541,0.0,0,0.0,C-4f4f519676075e35,CC-4f4f519676075e35,louvain,intersection_count,100.0,0.0,1.0,20260801,1.0.0,not_used,community labels are structural network results; they are not official factions and do not replace original-setting faction metadata
JP8,cross_department,character,娜兹玲,娜兹玲,ナズーリン,0.0,0,0.001988071570576541,0.0,0,0.0,C-98079e5d701c08fe,CC-98079e5d701c08fe,louvain,intersection_count,100.0,0.0,1.0,20260801,1.0.0,not_used,community labels are structural network results; they are not official factions and do not replace original-setting faction metadata
JP8,cross_department,music,宇佐大人的白旗,宇佐大人的白旗,お宇佐さまの素い幡,0.0,0,0.001988071570576541,0.0,0,0.0,C-b3e19f14cfe98765,CC-b3e19f14cfe98765,louvain,intersection_count,100.0,0.0,1.0,20260801,1.0.0,not_used,community labels are structural network results; they are not official factions and do not replace original-setting faction metadata
JP8,cross_department,character,宇佐见莲子,宇佐见莲子,宇佐見 蓮子,0.0,0,0.001988071570576541,0.0,0,0.0,C-3c4c4d612b36aa1d,CC-3c4c4d612b36aa1d,louvain,intersection_count,100.0,0.0,1.0,20260801,1.0.0,not_used,community labels are structural network results; they are not official factions and do not replace original-setting faction metadata
JP8,cross_department,music,守旧老爹与前卫少女,守旧老爹与前卫少女,時代親父とハイカラ少女,0.0,0,0.001988071570576541,0.0,0,0.0,C-11399e59aef7da82,CC-11399e59aef7da82,louvain,intersection_count,100.0,0.0,1.0,20260801,1.0.0,not_used,community labels are structural network results; they are not official factions and do not replace original-setting faction metadata
JP8,cross_department,music,宵暗的魔术师,宵暗的魔术师,宵闇の魔術師,0.0,0,0.001988071570576541,0.0,0,0.0,C-3e5c2acf07829fc5,CC-3e5c2acf07829fc5,louvain,intersection_count,100.0,0.0,1.0,20260801,1.0.0,not_used,community labels are structural network results; they are not official factions and do not replace original-setting faction metadata
JP8,cross_department,character,寅丸星,寅丸星,寅丸 星,0.0,0,0.001988071570576541,0.0,0,0.0,C-97d7c6c6fb419422,CC-97d7c6c6fb419422,louvain,intersection_count,100.0,0.0,1.0,20260801,1.0.0,not_used,community labels are structural network results; they are not official factions and do not replace original-setting faction metadata
JP8,cross_department,character,封兽鵺,封兽鵺,封獣 ぬえ,0.0,0,0.001988071570576541,0.0,0,0.0,C-f706d49a7799eb39,CC-f706d49a7799eb39,louvain,intersection_count,100.0,0.0,1.0,20260801,1.0.0,not_used,community labels are structural network results; they are not official factions and do not replace original-setting faction metadata
JP8,cross_department,music,封闭的云中通路,封闭的云中通路,閉ざせし雲の通い路,0.0,0,0.001988071570576541,0.0,0,0.0,C-5d4148add4d3ef27,CC-5d4148add4d3ef27,louvain,intersection_count,100.0,0.0,1.0,20260801,1.0.0,not_used,community labels are structural network results; they are not official factions and do not replace original-setting faction metadata
JP8,cross_department,music,封魔终演,封魔终演,封魔終演,0.0,0,0.001988071570576541,0.0,0,0.0,C-6e8b0ca054486627,CC-6e8b0ca054486627,louvain,intersection_count,100.0,0.0,1.0,20260801,1.0.0,not_used,community labels are structural network results; they are not official factions and do not replace original-setting faction metadata
JP8,cross_department,character,射命丸文,射命丸文,射命丸 文,0.0,0,0.001988071570576541,0.0,0,0.0,C-2652865b363ab6e1,CC-2652865b363ab6e1,louvain,intersection_count,100.0,0.0,1.0,20260801,1.0.0,not_used,community labels are structural network results; they are not official factions and do not replace original-setting faction metadata
JP8,cross_department,character,小兔姬,小兔姬,小兎姫,0.0,0,0.001988071570576541,0.0,0,0.0,C-c725e51ac66e5097,CC-c725e51ac66e5097,louvain,intersection_count,100.0,0.0,1.0,20260801,1.0.0,not_used,community labels are structural network results; they are not official factions and do not replace original-setting faction metadata
JP8,cross_department,music,小小的贤将,小小的贤将,小さな小さな賢将,0.0,0,0.001988071570576541,0.0,0,0.0,C-0ba5bc4d9a5c0e31,CC-0ba5bc4d9a5c0e31,louvain,intersection_count,100.0,0.0,1.0,20260801,1.0.0,not_used,community labels are structural network results; they are not official factions and do not replace original-setting faction metadata
JP8,cross_department,character,小恶魔,小恶魔,小悪魔,0.0,0,0.001988071570576541,0.0,0,0.0,C-6145fbbad7307594,CC-6145fbbad7307594,louvain,intersection_count,100.0,0.0,1.0,20260801,1.0.0,not_used,community labels are structural network results; they are not official factions and do not replace original-setting faction metadata
JP8,cross_department,character,小野塚小町,小野塚小町,小野塚 小町,0.0,0,0.001988071570576541,0.0,0,0.0,C-5e953dfc2dc9ea6d,CC-5e953dfc2dc9ea6d,louvain,intersection_count,100.0,0.0,1.0,20260801,1.0.0,not_used,community labels are structural network results; they are not official factions and do not replace original-setting faction metadata
JP8,cross_department,music,少女幻葬,少女幻葬 ～ Necro-Fantasy,少女幻葬　～ Necro-Fantasy,0.0,0,0.001988071570576541,0.0,0,0.0,C-7915a051befcbbe1,CC-7915a051befcbbe1,louvain,intersection_count,100.0,0.0,1.0,20260801,1.0.0,not_used,community labels are structural network results; they are not official factions and do not replace original-setting faction metadata
JP8,cross_department,music,少女战士heartofvalkyrie,少女战士 ～ Heart of Valkyrie,乙女戦士　～ Heart of Valkyrie,0.0,0,0.001988071570576541,0.0,0,0.0,C-10e8511052f56de5,CC-10e8511052f56de5,louvain,intersection_count,100.0,0.0,1.0,20260801,1.0.0,not_used,community labels are structural network results; they are not official factions and do not replace original-setting faction metadata
JP8,cross_department,music,少女曾见的日本原风景,少女曾见的日本原风景,少女が見た日本の原風景,0.0,0,0.001988071570576541,0.0,0,0.0,C-79cad0c26fe7dc45,CC-79cad0c26fe7dc45,louvain,intersection_count,100.0,0.0,1.0,20260801,1.0.0,not_used,community labels are structural network results; they are not official factions and do not replace original-setting faction metadata
JP8,cross_department,music,少女神性pandorasbox,少女神性 ～ Pandora's Box,少女神性　～ Pandora's Box,0.0,0,0.001988071570576541,0.0,0,0.0,C-5302a54ae22e4798,CC-5302a54ae22e4798,louvain,intersection_count,100.0,0.0,1.0,20260801,1.0.0,not_used,community labels are structural network results; they are not official factions and do not replace original-setting faction metadata
JP8,cross_department,music,少女秘封俱乐部,少女秘封俱乐部,少女秘封倶楽部,0.0,0,0.001988071570576541,0.0,0,0.0,C-b3468f1220191a14,CC-b3468f1220191a14,louvain,intersection_count,100.0,0.0,1.0,20260801,1.0.0,not_used,community labels are structural network results; they are not official factions and do not replace original-setting faction metadata
JP8,cross_department,music,少女绮想曲,少女绮想曲,少女綺想曲,0.0,0,0.001988071570576541,0.0,0,0.0,C-04bc461be0b3e23b,CC-04bc461be0b3e23b,louvain,intersection_count,100.0,0.0,1.0,20260801,1.0.0,not_used,community labels are structural network results; they are not official factions and do not replace original-setting faction metadata
JP8,cross_department,music,少女觉,少女觉 ～ 3rd eye,少女さとり　～ 3rd eye,0.0,0,0.001988071570576541,0.0,0,0.0,C-54764b6101b81675,CC-54764b6101b81675,louvain,intersection_count,100.0,0.0,1.0,20260801,1.0.0,not_used,community labels are structural network results; they are not official factions and do not replace original-setting faction metadata
JP8,cross_department,music,尸体旅行,尸体旅行 ～ Be of good cheer!,死体旅行　～ Be of good cheer!,0.0,0,0.001988071570576541,0.0,0,0.0,C-dee3d0839261eae1,CC-dee3d0839261eae1,louvain,intersection_count,100.0,0.0,1.0,20260801,1.0.0,not_used,community labels are structural network results; they are not official factions and do not replace original-setting faction metadata
JP8,cross_department,music,山脚的神社,山脚的神社,麓の神社,0.0,0,0.001988071570576541,0.0,0,0.0,C-17a200891178c675,CC-17a200891178c675,louvain,intersection_count,100.0,0.0,1.0,20260801,1.0.0,not_used,community labels are structural network results; they are not official factions and do not replace original-setting faction metadata
JP8,cross_department,character,岩笠,岩笠,岩笠,0.0,0,0.001988071570576541,0.0,0,0.0,C-88e4933339e2383a,CC-88e4933339e2383a,louvain,intersection_count,100.0,0.0,1.0,20260801,1.0.0,not_used,community labels are structural network results; they are not official factions and do not replace original-setting faction metadata
JP8,cross_department,music,巨大的影子与渺小的结局,巨大的影子与渺小的结局,巨大な影と小さな結末,0.0,0,0.001988071570576541,0.0,0,0.0,C-d7c0af02a1869d36,CC-d7c0af02a1869d36,louvain,intersection_count,100.0,0.0,1.0,20260801,1.0.0,not_used,community labels are structural network results; they are not official factions and do not replace original-setting faction metadata
JP8,cross_department,music,已经只能听见歌声了,已经只能听见歌声了,もう歌しか聞こえない,0.0,0,0.001988071570576541,0.0,0,0.0,C-3bf075ae3878c70d,CC-3bf075ae3878c70d,louvain,intersection_count,100.0,0.0,1.0,20260801,1.0.0,not_used,community labels are structural network results; they are not official factions and do not replace original-setting faction metadata
JP8,cross_department,music,布加勒斯特的人偶师,布加勒斯特的人偶师,ブクレシュティの人形師,0.0,0,0.001988071570576541,0.0,0,0.0,C-066fd8384f79522f,CC-066fd8384f79522f,louvain,intersection_count,100.0,0.0,1.0,20260801,1.0.0,not_used,community labels are structural network results; they are not official factions and do not replace original-setting faction metadata
JP8,cross_department,character,帕秋莉诺蕾姬,帕秋莉·诺蕾姬,パチュリー・ノーレッジ,0.0,0,0.001988071570576541,0.0,0,0.0,C-df020c05adf8c537,CC-df020c05adf8c537,louvain,intersection_count,100.0,0.0,1.0,20260801,1.0.0,not_used,community labels are structural network results; they are not official factions and do not replace original-setting faction metadata
JP8,cross_department,music,平安时代的外星人,平安时代的外星人,平安のエイリアン,0.0,0,0.001988071570576541,0.0,0,0.0,C-6bb57398a035364e,CC-6bb57398a035364e,louvain,intersection_count,100.0,0.0,1.0,20260801,1.0.0,not_used,community labels are structural network results; they are not official factions and do not replace original-setting faction metadata
JP8,cross_department,music,幻想乡lotuslandstory,幻想乡 ～ Lotus Land Story,幻想郷　～ Lotus Land Story,0.0,0,0.001988071570576541,0.0,0,0.0,C-45c023a49d41638a,CC-45c023a49d41638a,louvain,intersection_count,100.0,0.0,1.0,20260801,1.0.0,not_used,community labels are structural network results; they are not official factions and do not replace original-setting faction metadata
JP8,cross_department,music,幻想帝都,幻想帝都,幻想帝都,0.0,0,0.001988071570576541,0.0,0,0.0,C-999c095f6a297c05,CC-999c095f6a297c05,louvain,intersection_count,100.0,0.0,1.0,20260801,1.0.0,not_used,community labels are structural network results; they are not official factions and do not replace original-setting faction metadata
JP8,cross_department,music,幻想机械phantomfactory幻想科学dollsphantom,幻想机械　～ Phantom Factory（幻想科学　～ Doll's Phantom),幻想機械 〜 Phantom Factory(幻想科学 〜 Doll's Phantom),0.0,0,0.001988071570576541,0.0,0,0.0,C-49720ab1736813c7,CC-49720ab1736813c7,louvain,intersection_count,100.0,0.0,1.0,20260801,1.0.0,not_used,community labels are structural network results; they are not official factions and do not replace original-setting faction metadata
JP8,cross_department,music,幻想的居民,幻想的居民,幻想の住人,0.0,0,0.001988071570576541,0.0,0,0.0,C-5497dc22783e21fd,CC-5497dc22783e21fd,louvain,intersection_count,100.0,0.0,1.0,20260801,1.0.0,not_used,community labels are structural network results; they are not official factions and do not replace original-setting faction metadata
JP8,cross_department,music,幻想的永远祭,幻想的永远祭,幻想の永遠祭,0.0,0,0.001988071570576541,0.0,0,0.0,C-e2f15488de25db6e,CC-e2f15488de25db6e,louvain,intersection_count,100.0,0.0,1.0,20260801,1.0.0,not_used,community labels are structural network results; they are not official factions and do not replace original-setting faction metadata
JP8,cross_department,character,幻月,幻月,幻月,0.0,0,0.001988071570576541,0.0,0,0.0,C-9d0832f2007bda54,CC-9d0832f2007bda54,louvain,intersection_count,100.0,0.0,1.0,20260801,1.0.0,not_used,community labels are structural network results; they are not official factions and do not replace original-setting faction metadata
JP8,cross_department,music,幻梦界,幻梦界,幻夢界,0.0,0,0.001988071570576541,0.0,0,0.0,C-84db790a039e2167,CC-84db790a039e2167,louvain,intersection_count,100.0,0.0,1.0,20260801,1.0.0,not_used,community labels are structural network results; they are not official factions and do not replace original-setting faction metadata
JP8,cross_department,music,幻视之夜ghostlyeyes,幻视之夜 ～ Ghostly Eyes,幻視の夜　～ Ghostly Eyes,0.0,0,0.001988071570576541,0.0,0,0.0,C-d86b5ce8b2bed78d,CC-d86b5ce8b2bed78d,louvain,intersection_count,100.0,0.0,1.0,20260801,1.0.0,not_used,community labels are structural network results; they are not official factions and do not replace original-setting faction metadata
JP8,cross_department,music,幼小的有顶天,幼小的有顶天,幼心地の有頂天,0.0,0,0.001988071570576541,0.0,0,0.0,C-e5121079a26875c4,CC-e5121079a26875c4,louvain,intersection_count,100.0,0.0,1.0,20260801,1.0.0,not_used,community labels are structural network results; they are not official factions and do not replace original-setting faction metadata
JP8,cross_department,music,幽境,幽境,幽境,0.0,0,0.001988071570576541,0.0,0,0.0,C-92b41203c59dd211,CC-92b41203c59dd211,louvain,intersection_count,100.0,0.0,1.0,20260801,1.0.0,not_used,community labels are structural network results; they are not official factions and do not replace original-setting faction metadata
JP8,cross_department,character,幽幻魔眼,幽幻魔眼,ユウゲンマガン,0.0,0,0.001988071570576541,0.0,0,0.0,C-a24850c83f88ef91,CC-a24850c83f88ef91,louvain,intersection_count,100.0,0.0,1.0,20260801,1.0.0,not_used,community labels are structural network results; they are not official factions and do not replace original-setting faction metadata
JP8,cross_department,music,幽梦inanimatedream,幽梦 ～ Inanimate Dream,幽夢　～ Inanimate Dream,0.0,0,0.001988071570576541,0.0,0,0.0,C-0b4666897c7f0180,CC-0b4666897c7f0180,louvain,intersection_count,100.0,0.0,1.0,20260801,1.0.0,not_used,community labels are structural network results; they are not official factions and do not replace original-setting faction metadata
JP8,cross_department,music,幽灵乐团,幽灵乐团 ～ Phantom Ensemble,幽霊楽団　～ Phantom Ensemble,0.0,0,0.001988071570576541,0.0,0,0.0,C-89e0392137557222,CC-89e0392137557222,louvain,intersection_count,100.0,0.0,1.0,20260801,1.0.0,not_used,community labels are structural network results; they are not official factions and do not replace original-setting faction metadata
JP8,cross_department,music,幽灵客船的穿越时空之旅,幽灵客船的穿越时空之旅,幽霊客船の時空を越えた旅,0.0,0,0.001988071570576541,0.0,0,0.0,C-924c1be77c177739,CC-924c1be77c177739,louvain,intersection_count,100.0,0.0,1.0,20260801,1.0.0,not_used,community labels are structural network results; they are not official factions and do not replace original-setting faction metadata
JP8,cross_department,character,幽灵（包括怨灵、旧作的一种杂鱼）,幽灵（包括怨灵、旧作的一种杂鱼）,幽霊（怨霊、化け化け含む）,0.0,0,0.001988071570576541,0.0,0,0.0,C-845a75971e5dfe6d,CC-845a75971e5dfe6d,louvain,intersection_count,100.0,0.0,1.0,20260801,1.0.0,not_used,community labels are structural network results; they are not official factions and do not replace original-setting faction metadata
JP8,cross_department,music,幽雅地绽放吧墨染的樱花,幽雅地绽放吧，墨染的樱花 ～ Border of Life,幽雅に咲かせ、墨染の桜　～ Border of Life,0.0,0,0.001988071570576541,0.0,0,0.0,C-5e5dfd92140f7541,CC-5e5dfd92140f7541,louvain,intersection_count,100.0,0.0,1.0,20260801,1.0.0,not_used,community labels are structural network results; they are not official factions and do not replace original-setting faction metadata
JP8,cross_department,music,广有射怪鸟事,广有射怪鸟事 ～ Till When?,広有射怪鳥事　～ Till When?,0.0,0,0.001988071570576541,0.0,0,0.0,C-934bfa794d864f47,CC-934bfa794d864f47,louvain,intersection_count,100.0,0.0,1.0,20260801,1.0.0,not_used,community labels are structural network results; they are not official factions and do not replace original-setting faction metadata
JP8,cross_department,music,广重36号neosuperexpress,广重36号 ～ Neo Super-Express,ヒロシゲ36号　～ Neo Super-Express,0.0,0,0.001988071570576541,0.0,0,0.0,C-c4afb37bfa74bb6b,CC-c4afb37bfa74bb6b,louvain,intersection_count,100.0,0.0,1.0,20260801,1.0.0,not_used,community labels are structural network results; they are not official factions and do not replace original-setting faction metadata
JP8,cross_department,music,废狱摇篮曲,废狱摇篮曲,廃獄ララバイ,0.0,0,0.001988071570576541,0.0,0,0.0,C-0e12bc3bb44c5108,CC-0e12bc3bb44c5108,louvain,intersection_count,100.0,0.0,1.0,20260801,1.0.0,not_used,community labels are structural network results; they are not official factions and do not replace original-setting faction metadata
JP8,cross_department,music,彼岸归航,彼岸归航 ～ Riverside View,彼岸帰航　～ Riverside View,0.0,0,0.001988071570576541,0.0,0,0.0,C-4a86a1597ecb74e0,CC-4a86a1597ecb74e0,louvain,intersection_count,100.0,0.0,1.0,20260801,1.0.0,not_used,community labels are structural network results; they are not official factions and do not replace original-setting faction metadata
JP8,cross_department,music,御伽之国的鬼岛,御伽之国的鬼岛 ～ Missing Power,御伽の国の鬼が島　～ Missing Power,0.0,0,0.001988071570576541,0.0,0,0.0,C-2436a2c8dca3c80b,CC-2436a2c8dca3c80b,louvain,intersection_count,100.0,0.0,1.0,20260801,1.0.0,not_used,community labels are structural network results; they are not official factions and do not replace original-setting faction metadata
JP8,cross_department,music,御柱的墓场graveofbeing,御柱的墓场 ～ Grave of Being,御柱の墓場　～ Grave of Being,0.0,0,0.001988071570576541,0.0,0,0.0,C-bd95682ae828b039,CC-bd95682ae828b039,louvain,intersection_count,100.0,0.0,1.0,20260801,1.0.0,not_used,community labels are structural network results; they are not official factions and do not replace original-setting faction metadata
JP8,cross_department,music,怪绮谈mysticsquare,怪绮谈 ～ Mystic Square,怪綺談　～ Mystic Square,0.0,0,0.001988071570576541,0.0,0,0.0,C-83c832bf85e1f851,CC-83c832bf85e1f851,louvain,intersection_count,100.0,0.0,1.0,20260801,1.0.0,not_used,community labels are structural network results; they are not official factions and do not replace original-setting faction metadata
JP8,cross_department,music,恋色masterspark,恋色Master spark（恋色Magic）,恋色マスタースパーク（恋色マジック）,0.0,0,0.001988071570576541,0.0,0,0.0,C-3a53a6eb240954ed,CC-3a53a6eb240954ed,louvain,intersection_count,100.0,0.0,1.0,20260801,1.0.0,not_used,community labels are structural network results; they are not official factions and do not replace original-setting faction metadata
JP8,cross_department,music,悠久的蒸汽机关,悠久的蒸汽机关,悠久の蒸気機関,0.0,0,0.001988071570576541,0.0,0,0.0,C-90752ef19bf2c018,CC-90752ef19bf2c018,louvain,intersection_count,100.0,0.0,1.0,20260801,1.0.0,not_used,community labels are structural network results; they are not official factions and do not replace original-setting faction metadata
JP8,cross_department,music,感情的摩天楼,感情的摩天楼 ～ Cosmic Mind,感情の摩天楼　～ Cosmic Mind,0.0,0,0.001988071570576541,0.0,0,0.0,C-5ba861fbf0f95f32,CC-5ba861fbf0f95f32,louvain,intersection_count,100.0,0.0,1.0,20260801,1.0.0,not_used,community labels are structural network results; they are not official factions and do not replace original-setting faction metadata
JP8,cross_department,music,我们的非想天则,我们的非想天则,ぼくらの非想天則,0.0,0,0.001988071570576541,0.0,0,0.0,C-7edd8d7ee7199df4,CC-7edd8d7ee7199df4,louvain,intersection_count,100.0,0.0,1.0,20260801,1.0.0,not_used,community labels are structural network results; they are not official factions and do not replace original-setting faction metadata
JP8,cross_department,music,战车娘所做的梦,战车娘所做的梦,戦車むすめのみるゆめ,0.0,0,0.001988071570576541,0.0,0,0.0,C-dd1ff1ff7372f0f6,CC-dd1ff1ff7372f0f6,louvain,intersection_count,100.0,0.0,1.0,20260801,1.0.0,not_used,community labels are structural network results; they are not official factions and do not replace original-setting faction metadata
JP8,cross_department,music,战迅,战迅,戦迅,0.0,0,0.001988071570576541,0.0,0,0.0,C-c7981d48b7eafdb5,CC-c7981d48b7eafdb5,louvain,intersection_count,100.0,0.0,1.0,20260801,1.0.0,not_used,community labels are structural network results; they are not official factions and do not replace original-setting faction metadata
JP8,cross_department,music,放纵不羁,放纵不羁,放縦不羈,0.0,0,0.001988071570576541,0.0,0,0.0,C-c66d26f8c74fc96c,CC-c66d26f8c74fc96c,louvain,intersection_count,100.0,0.0,1.0,20260801,1.0.0,not_used,community labels are structural network results; they are not official factions and do not replace original-setting faction metadata
JP8,cross_department,music,散发着香气的树叶花,散发着香气的树叶花,香る樹葉花,0.0,0,0.001988071570576541,0.0,0,0.0,C-85436118124558f2,CC-85436118124558f2,louvain,intersection_count,100.0,0.0,1.0,20260801,1.0.0,not_used,community labels are structural network results; they are not official factions and do not replace original-setting faction metadata
JP8,cross_department,character,斯塔萨菲雅,斯塔萨菲雅,スターサファイア,0.0,0,0.001988071570576541,0.0,0,0.0,C-108665066b9e710c,CC-108665066b9e710c,louvain,intersection_count,100.0,0.0,1.0,20260801,1.0.0,not_used,community labels are structural network results; they are not official factions and do not replace original-setting faction metadata
JP8,cross_department,music,斯普特尼克幻夜,斯普特尼克幻夜,スプートニク幻夜,0.0,0,0.001988071570576541,0.0,0,0.0,C-3462c07bdf720f6f,CC-3462c07bdf720f6f,louvain,intersection_count,100.0,0.0,1.0,20260801,1.0.0,not_used,community labels are structural network results; they are not official factions and do not replace original-setting faction metadata
JP8,cross_department,music,新幻想newfantasy,新幻想 ～ New Fantasy,新幻想　～ New Fantasy,0.0,0,0.001988071570576541,0.0,0,0.0,C-b1ff2b4b5e4f2a3f,CC-b1ff2b4b5e4f2a3f,louvain,intersection_count,100.0,0.0,1.0,20260801,1.0.0,not_used,community labels are structural network results; they are not official factions and do not replace original-setting faction metadata
JP8,cross_department,music,无何有之乡deepmountain,无何有之乡 ～ Deep Mountain,無何有の郷　～ Deep Mountain,0.0,0,0.001988071570576541,0.0,0,0.0,C-0f2e10b64886c426,CC-0f2e10b64886c426,louvain,intersection_count,100.0,0.0,1.0,20260801,1.0.0,not_used,community labels are structural network results; they are not official factions and do not replace original-setting faction metadata
JP8,cross_department,character,无名的读书妖怪（朱鹭子）,无名的读书妖怪（朱鹭子）,名無しの本読み妖怪,0.0,0,0.001988071570576541,0.0,0,0.0,C-0c02559aa699afdf,CC-0c02559aa699afdf,louvain,intersection_count,100.0,0.0,1.0,20260801,1.0.0,not_used,community labels are structural network results; they are not official factions and do not replace original-setting faction metadata
JP8,cross_department,music,无间之钟infinitenightmare,无间之钟 ～ Infinite Nightmare,無間の鐘　～ Infinite Nightmare,0.0,0,0.001988071570576541,0.0,0,0.0,C-a8a71e4466ad02eb,CC-a8a71e4466ad02eb,louvain,intersection_count,100.0,0.0,1.0,20260801,1.0.0,not_used,community labels are structural network results; they are not official factions and do not replace original-setting faction metadata
JP8,cross_department,music,日常坐卧,日常坐卧,日常坐臥,0.0,0,0.001988071570576541,0.0,0,0.0,C-43b745ae85b65460,CC-43b745ae85b65460,louvain,intersection_count,100.0,0.0,1.0,20260801,1.0.0,not_used,community labels are structural network results; they are not official factions and do not replace original-setting faction metadata
JP8,cross_department,music,时之风,时之风,時の風,0.0,0,0.001988071570576541,0.0,0,0.0,C-133bdf9cc0caaba1,CC-133bdf9cc0caaba1,louvain,intersection_count,100.0,0.0,1.0,20260801,1.0.0,not_used,community labels are structural network results; they are not official factions and do not replace original-setting faction metadata
JP8,cross_department,music,时刻旺盛的好奇心,时刻旺盛的好奇心,年中夢中の好奇心,0.0,0,0.001988071570576541,0.0,0,0.0,C-388763f8c91fba91,CC-388763f8c91fba91,louvain,intersection_count,100.0,0.0,1.0,20260801,1.0.0,not_used,community labels are structural network results; they are not official factions and do not replace original-setting faction metadata
JP8,cross_department,music,明日之盛昨日之俗,明日之盛，昨日之俗,明日ハレの日、ケの昨日,0.0,0,0.001988071570576541,0.0,0,0.0,C-db8048824dba2e86,CC-db8048824dba2e86,louvain,intersection_count,100.0,0.0,1.0,20260801,1.0.0,not_used,community labels are structural network results; they are not official factions and do not replace original-setting faction metadata
JP8,cross_department,music,明治十七年的上海爱丽丝,明治十七年的上海爱丽丝,明治十七年の上海アリス,0.0,0,0.001988071570576541,0.0,0,0.0,C-e78b70c0f72d8858,CC-e78b70c0f72d8858,louvain,intersection_count,100.0,0.0,1.0,20260801,1.0.0,not_used,community labels are structural network results; they are not official factions and do not replace original-setting faction metadata
JP8,cross_department,character,明罗,明罗,明羅,0.0,0,0.001988071570576541,0.0,0,0.0,C-67bc6e02c9f9e75e,CC-67bc6e02c9f9e75e,louvain,intersection_count,100.0,0.0,1.0,20260801,1.0.0,not_used,community labels are structural network results; they are not official factions and do not replace original-setting faction metadata
JP8,cross_department,music,昏暗的风穴,昏暗的风穴,暗闇の風穴,0.0,0,0.001988071570576541,0.0,0,0.0,C-91f2cdea250a948b,CC-91f2cdea250a948b,louvain,intersection_count,100.0,0.0,1.0,20260801,1.0.0,not_used,community labels are structural network results; they are not official factions and do not replace original-setting faction metadata
JP8,cross_department,music,星之器,星之器 ～ Casket of Star,星の器　～ Casket of Star,0.0,0,0.001988071570576541,0.0,0,0.0,C-84083657488571d5,CC-84083657488571d5,louvain,intersection_count,100.0,0.0,1.0,20260801,1.0.0,not_used,community labels are structural network results; they are not official factions and do not replace original-setting faction metadata
JP8,cross_department,music,星幽天使,星幽天使,星幽天使,0.0,0,0.001988071570576541,0.0,0,0.0,C-23c74c16d5f81460,CC-23c74c16d5f81460,louvain,intersection_count,100.0,0.0,1.0,20260801,1.0.0,not_used,community labels are structural network results; they are not official factions and do not replace original-setting faction metadata
JP8,cross_department,character,星熊勇仪,星熊勇仪,星熊 勇儀,0.0,0,0.001988071570576541,0.0,0,0.0,C-f433b4929d8ee087,CC-f433b4929d8ee087,louvain,intersection_count,100.0,0.0,1.0,20260801,1.0.0,not_used,community labels are structural network results; they are not official factions and do not replace original-setting faction metadata
JP8,cross_department,music,映花之塚,映花之塚,花の映る塚,0.0,0,0.001988071570576541,0.0,0,0.0,C-7f588a858b6699d9,CC-7f588a858b6699d9,louvain,intersection_count,100.0,0.0,1.0,20260801,1.0.0,not_used,community labels are structural network results; they are not official factions and do not replace original-setting faction metadata
JP8,cross_department,music,春之冰精,春之冰精,春の氷精,0.0,0,0.001988071570576541,0.0,0,0.0,C-b82b827e17f3d260,CC-b82b827e17f3d260,louvain,intersection_count,100.0,0.0,1.0,20260801,1.0.0,not_used,community labels are structural network results; they are not official factions and do not replace original-setting faction metadata
JP8,cross_department,music,春之冰精静,春之冰精 - 静 -,春の氷精　- 静 -,0.0,0,0.001988071570576541,0.0,0,0.0,C-b0e4488a668869eb,CC-b0e4488a668869eb,louvain,intersection_count,100.0,0.0,1.0,20260801,1.0.0,not_used,community labels are structural network results; they are not official factions and do not replace original-setting faction metadata
JP8,cross_department,music,春之港湾,春之港湾,春の湊に,0.0,0,0.001988071570576541,0.0,0,0.0,C-fd2decc52300f3b7,CC-fd2decc52300f3b7,louvain,intersection_count,100.0,0.0,1.0,20260801,1.0.0,not_used,community labels are structural network results; they are not official factions and do not replace original-setting faction metadata
JP8,cross_department,music,春色小径,春色小径 ～ Colorful Path,春色小径　～ Colorful Path,0.0,0,0.001988071570576541,0.0,0,0.0,C-0aff758e417ef332,CC-0aff758e417ef332,louvain,intersection_count,100.0,0.0,1.0,20260801,1.0.0,not_used,community labels are structural network results; they are not official factions and do not replace original-setting faction metadata
JP8,cross_department,music,春风之梦,春风之梦,春風の夢,0.0,0,0.001988071570576541,0.0,0,0.0,C-999f46a86ba3b9dc,CC-999f46a86ba3b9dc,louvain,intersection_count,100.0,0.0,1.0,20260801,1.0.0,not_used,community labels are structural network results; they are not official factions and do not replace original-setting faction metadata
JP8,cross_department,music,暮色苍然,暮色苍然,暮色蒼然,0.0,0,0.001988071570576541,0.0,0,0.0,C-d2694851d15e9951,CC-d2694851d15e9951,louvain,intersection_count,100.0,0.0,1.0,20260801,1.0.0,not_used,community labels are structural network results; they are not official factions and do not replace original-setting faction metadata
JP8,cross_department,music,最澄澈的空与海,最澄澈的空与海,最も澄みわたる空と海,0.0,0,0.001988071570576541,0.0,0,0.0,C-28ed1b1e04f8a38d,CC-28ed1b1e04f8a38d,louvain,intersection_count,100.0,0.0,1.0,20260801,1.0.0,not_used,community labels are structural network results; they are not official factions and do not replace original-setting faction metadata
JP8,cross_department,character,月之兔（玉兔）,月之兔（玉兔）,月の兎（玉兎）,0.0,0,0.001988071570576541,0.0,0,0.0,C-8475e4ec1aafade9,CC-8475e4ec1aafade9,louvain,intersection_count,100.0,0.0,1.0,20260801,1.0.0,not_used,community labels are structural network results; they are not official factions and do not replace original-setting faction metadata
JP8,cross_department,music,月之妖鸟化猫之幻,月之妖鸟、化猫之幻,月の妖鳥、化猫の幻,0.0,0,0.001988071570576541,0.0,0,0.0,C-eec0aab208ba0553,CC-eec0aab208ba0553,louvain,intersection_count,100.0,0.0,1.0,20260801,1.0.0,not_used,community labels are structural network results; they are not official factions and do not replace original-setting faction metadata
JP8,cross_department,character,月之都的门卫,月之都的门卫,月の都の門番,0.0,0,0.001988071570576541,0.0,0,0.0,C-ab6df1cab2600c7f,CC-ab6df1cab2600c7f,louvain,intersection_count,100.0,0.0,1.0,20260801,1.0.0,not_used,community labels are structural network results; they are not official factions and do not replace original-setting faction metadata
JP8,cross_department,music,月时计,月时计 ～ Luna Dial,月時計　～ ルナ・ダイアル,0.0,0,0.001988071570576541,0.0,0,0.0,C-85a3c1d97864e3a3,CC-85a3c1d97864e3a3,louvain,intersection_count,100.0,0.0,1.0,20260801,1.0.0,not_used,community labels are structural network results; they are not official factions and do not replace original-setting faction metadata
JP8,cross_department,music,月见草,月见草,月見草,0.0,0,0.001988071570576541,0.0,0,0.0,C-d2e4070f7ca5ddc3,CC-d2e4070f7ca5ddc3,louvain,intersection_count,100.0,0.0,1.0,20260801,1.0.0,not_used,community labels are structural network results; they are not official factions and do not replace original-setting faction metadata
JP8,cross_department,music,月轮,月轮,月輪,0.0,0,0.001988071570576541,0.0,0,0.0,C-f75d27559d59852d,CC-f75d27559d59852d,louvain,intersection_count,100.0,0.0,1.0,20260801,1.0.0,not_used,community labels are structural network results; they are not official factions and do not replace original-setting faction metadata
JP8,cross_department,music,有顶天变,有顶天变 ～ Wonderful Heaven,有頂天変　～ Wonderful Heaven,0.0,0,0.001988071570576541,0.0,0,0.0,C-5c71518ad1acdcc8,CC-5c71518ad1acdcc8,louvain,intersection_count,100.0,0.0,1.0,20260801,1.0.0,not_used,community labels are structural network results; they are not official factions and do not replace original-setting faction metadata
JP8,cross_department,character,朝仓理香子,朝仓理香子,朝倉 理香子,0.0,0,0.001988071570576541,0.0,0,0.0,C-bac9e2774453826c,CC-bac9e2774453826c,louvain,intersection_count,100.0,0.0,1.0,20260801,1.0.0,not_used,community labels are structural network results; they are not official factions and do not replace original-setting faction metadata
JP8,cross_department,character,木花咲耶姬,木花咲耶姬,木花咲耶姫,0.0,0,0.001988071570576541,0.0,0,0.0,C-51ad87cf91e28d4d,CC-51ad87cf91e28d4d,louvain,intersection_count,100.0,0.0,1.0,20260801,1.0.0,not_used,community labels are structural network results; they are not official factions and do not replace original-setting faction metadata
JP8,cross_department,music,未知物xunfoundadventure,未知物Ｘ　～ Unfound Adventure,アンノウンX 〜 Unfound Adventure,0.0,0,0.001988071570576541,0.0,0,0.0,C-2f53671257d366dd,CC-2f53671257d366dd,louvain,intersection_count,100.0,0.0,1.0,20260801,1.0.0,not_used,community labels are structural network results; they are not official factions and do not replace original-setting faction metadata
JP8,cross_department,character,村纱水蜜,村纱水蜜,村紗 水蜜,0.0,0,0.001988071570576541,0.0,0,0.0,C-3180795378c05758,CC-3180795378c05758,louvain,intersection_count,100.0,0.0,1.0,20260801,1.0.0,not_used,community labels are structural network results; they are not official factions and do not replace original-setting faction metadata
JP8,cross_department,music,来吧直到倒地死去的那一刻,来吧，直到倒地死去的那一刻,いざ、倒れ逝くその時まで,0.0,0,0.001988071570576541,0.0,0,0.0,C-93c5f6c62679e871,CC-93c5f6c62679e871,louvain,intersection_count,100.0,0.0,1.0,20260801,1.0.0,not_used,community labels are structural network results; they are not official factions and do not replace original-setting faction metadata
JP8,cross_department,character,核热造神非想天则,核热造神非想天则,核熱造神ヒソウテンソク,0.0,0,0.001988071570576541,0.0,0,0.0,C-81c2805c432e45bf,CC-81c2805c432e45bf,louvain,intersection_count,100.0,0.0,1.0,20260801,1.0.0,not_used,community labels are structural network results; they are not official factions and do not replace original-setting faction metadata
JP8,cross_department,character,桑尼米尔克,桑尼米尔克,サニーミルク,0.0,0,0.001988071570576541,0.0,0,0.0,C-6631256bc2fc9c67,CC-6631256bc2fc9c67,louvain,intersection_count,100.0,0.0,1.0,20260801,1.0.0,not_used,community labels are structural network results; they are not official factions and do not replace original-setting faction metadata
JP8,cross_department,music,桑尼米尔克的红雾异变,桑尼米尔克的红雾异变,サニーミルクの紅霧異変,0.0,0,0.001988071570576541,0.0,0,0.0,C-31e8e5d78c9ce44f,CC-31e8e5d78c9ce44f,louvain,intersection_count,100.0,0.0,1.0,20260801,1.0.0,not_used,community labels are structural network results; they are not official factions and do not replace original-setting faction metadata
JP8,cross_department,character,梅蒂欣梅兰可莉,梅蒂欣·梅兰可莉,メディスン・メランコリー,0.0,0,0.001988071570576541,0.0,0,0.0,C-8bcca10ee558bbfa,CC-8bcca10ee558bbfa,louvain,intersection_count,100.0,0.0,1.0,20260801,1.0.0,not_used,community labels are structural network results; they are not official factions and do not replace original-setting faction metadata
JP8,cross_department,character,梅露兰普莉兹姆利巴,梅露兰·普莉兹姆利巴,メルラン・プリズムリバー,0.0,0,0.001988071570576541,0.0,0,0.0,C-67af9ba24535cc83,CC-67af9ba24535cc83,louvain,intersection_count,100.0,0.0,1.0,20260801,1.0.0,not_used,community labels are structural network results; they are not official factions and do not replace original-setting faction metadata
JP8,cross_department,music,梦境与现实的境界,梦境与现实的境界,夢と現の境界,0.0,0,0.001988071570576541,0.0,0,0.0,C-eade0d0c33b1ac6a,CC-eade0d0c33b1ac6a,louvain,intersection_count,100.0,0.0,1.0,20260801,1.0.0,not_used,community labels are structural network results; they are not official factions and do not replace original-setting faction metadata
JP8,cross_department,character,梦子,梦子,夢子,0.0,0,0.001988071570576541,0.0,0,0.0,C-386596e66583d1ef,CC-386596e66583d1ef,louvain,intersection_count,100.0,0.0,1.0,20260801,1.0.0,not_used,community labels are structural network results; they are not official factions and do not replace original-setting faction metadata
JP8,cross_department,music,梦幻回廊,梦幻回廊,夢幻回廊,0.0,0,0.001988071570576541,0.0,0,0.0,C-29165180f8626663,CC-29165180f8626663,louvain,intersection_count,100.0,0.0,1.0,20260801,1.0.0,not_used,community labels are structural network results; they are not official factions and do not replace original-setting faction metadata
JP8,cross_department,music,梦幻游戏dreamwar,梦幻游戏 ～ Dream War,夢幻遊戯　～ Dream War,0.0,0,0.001988071570576541,0.0,0,0.0,C-1e176a169f5c05a6,CC-1e176a169f5c05a6,louvain,intersection_count,100.0,0.0,1.0,20260801,1.0.0,not_used,community labels are structural network results; they are not official factions and do not replace original-setting faction metadata
JP8,cross_department,music,梦想时空,梦想时空,夢想時空,0.0,0,0.001988071570576541,0.0,0,0.0,C-75159e9c29450af0,CC-75159e9c29450af0,louvain,intersection_count,100.0,0.0,1.0,20260801,1.0.0,not_used,community labels are structural network results; they are not official factions and do not replace original-setting faction metadata
JP8,cross_department,music,梦想超越时空,梦想超越时空,夢は時空を越えて,0.0,0,0.001988071570576541,0.0,0,0.0,C-e99345d4c58788c9,CC-e99345d4c58788c9,louvain,intersection_count,100.0,0.0,1.0,20260801,1.0.0,not_used,community labels are structural network results; they are not official factions and do not replace original-setting faction metadata
JP8,cross_department,character,梦月,梦月,夢月,0.0,0,0.001988071570576541,0.0,0,0.0,C-0d60c716c459c822,CC-0d60c716c459c822,louvain,intersection_count,100.0,0.0,1.0,20260801,1.0.0,not_used,community labels are structural network results; they are not official factions and do not replace original-setting faction metadata
JP8,cross_department,music,梦机械innocentpower,梦机械 ～ Innocent Power,夢機械　～ Innocent Power,0.0,0,0.001988071570576541,0.0,0,0.0,C-ef646aa4f11b5f6d,CC-ef646aa4f11b5f6d,louvain,intersection_count,100.0,0.0,1.0,20260801,1.0.0,not_used,community labels are structural network results; they are not official factions and do not replace original-setting faction metadata
JP8,cross_department,music,梦消失lostdream,梦消失 ～ Lost Dream,夢消失　～ Lost Dream,0.0,0,0.001988071570576541,0.0,0,0.0,C-4d47a31a10a94060,CC-4d47a31a10a94060,louvain,intersection_count,100.0,0.0,1.0,20260801,1.0.0,not_used,community labels are structural network results; they are not official factions and do not replace original-setting faction metadata
JP8,cross_department,character,森近霖之助,森近霖之助,森近 霖之助,0.0,0,0.001988071570576541,0.0,0,0.0,C-d80a7eecd1e7d473,CC-d80a7eecd1e7d473,louvain,intersection_count,100.0,0.0,1.0,20260801,1.0.0,not_used,community labels are structural network results; they are not official factions and do not replace original-setting faction metadata
JP8,cross_department,music,森闲,森闲,森閑,0.0,0,0.001988071570576541,0.0,0,0.0,C-36b7d449c8301f6b,CC-36b7d449c8301f6b,louvain,intersection_count,100.0,0.0,1.0,20260801,1.0.0,not_used,community labels are structural network results; they are not official factions and do not replace original-setting faction metadata
JP8,cross_department,music,樱花之恋塚,樱花之恋塚,桜花之恋塚,0.0,0,0.001988071570576541,0.0,0,0.0,C-d14556912857f87e,CC-d14556912857f87e,louvain,intersection_count,100.0,0.0,1.0,20260801,1.0.0,not_used,community labels are structural network results; they are not official factions and do not replace original-setting faction metadata
JP8,cross_department,music,樱花樱花japanizedream,樱花樱花 ～ Japanize Dream...,さくらさくら　～ Japanize Dream...,0.0,0,0.001988071570576541,0.0,0,0.0,C-83380a20ec966bf5,CC-83380a20ec966bf5,louvain,intersection_count,100.0,0.0,1.0,20260801,1.0.0,not_used,community labels are structural network results; they are not official factions and do not replace original-setting faction metadata
JP8,cross_department,character,橙,橙,橙,0.0,0,0.001988071570576541,0.0,0,0.0,C-237bf6c0fc7af2a6,CC-237bf6c0fc7af2a6,louvain,intersection_count,100.0,0.0,1.0,20260801,1.0.0,not_used,community labels are structural network results; they are not official factions and do not replace original-setting faction metadata
JP8,cross_department,music,欢迎来到月面旅行团,欢迎来到月面旅行团,月面ツアーへようこそ,0.0,0,0.001988071570576541,0.0,0,0.0,C-1fc59b292f7e580d,CC-1fc59b292f7e580d,louvain,intersection_count,100.0,0.0,1.0,20260801,1.0.0,not_used,community labels are structural network results; they are not official factions and do not replace original-setting faction metadata
JP8,cross_department,music,此岸之塚,此岸之塚,此岸の塚,0.0,0,0.001988071570576541,0.0,0,0.0,C-780194de40b49767,CC-780194de40b49767,louvain,intersection_count,100.0,0.0,1.0,20260801,1.0.0,not_used,community labels are structural network results; they are not official factions and do not replace original-setting faction metadata
JP8,cross_department,music,比红色更虚无的永远,比红色更虚无的永远,紅より儚い永遠,0.0,0,0.001988071570576541,0.0,0,0.0,C-fdfa0f4d2bf76b69,CC-fdfa0f4d2bf76b69,louvain,intersection_count,100.0,0.0,1.0,20260801,1.0.0,not_used,community labels are structural network results; they are not official factions and do not replace original-setting faction metadata
JP8,cross_department,music,比赤色更红的梦,比赤色更红的梦,赤より紅い夢,0.0,0,0.001988071570576541,0.0,0,0.0,C-d48016b23e9ef7dd,CC-d48016b23e9ef7dd,louvain,intersection_count,100.0,0.0,1.0,20260801,1.0.0,not_used,community labels are structural network results; they are not official factions and do not replace original-setting faction metadata
JP8,cross_department,character,比那名居天子,比那名居天子,比那名居 天子,0.0,0,0.001988071570576541,0.0,0,0.0,C-4131e79abbbcd87d,CC-4131e79abbbcd87d,louvain,intersection_count,100.0,0.0,1.0,20260801,1.0.0,not_used,community labels are structural network results; they are not official factions and do not replace original-setting faction metadata
JP8,cross_department,character,毘沙门天,毘沙门天,毘沙門天,0.0,0,0.001988071570576541,0.0,0,0.0,C-6209ce30a00ca274,CC-6209ce30a00ca274,louvain,intersection_count,100.0,0.0,1.0,20260801,1.0.0,not_used,community labels are structural network results; they are not official factions and do not replace original-setting faction metadata
JP8,cross_department,character,毛玉,毛玉,毛玉,0.0,0,0.001988071570576541,0.0,0,0.0,C-8ab1cbcd5aa821d7,CC-8ab1cbcd5aa821d7,louvain,intersection_count,100.0,0.0,1.0,20260801,1.0.0,not_used,community labels are structural network results; they are not official factions and do not replace original-setting faction metadata
JP8,cross_department,character,水桥帕露西,水桥帕露西,水橋 パルスィ,0.0,0,0.001988071570576541,0.0,0,0.0,C-161de086a09594ee,CC-161de086a09594ee,louvain,intersection_count,100.0,0.0,1.0,20260801,1.0.0,not_used,community labels are structural network results; they are not official factions and do not replace original-setting faction metadata
JP8,cross_department,character,水江浦岛子（瑞江浦岛子）,水江浦岛子（瑞江浦岛子）,水江浦島子,0.0,0,0.001988071570576541,0.0,0,0.0,C-a77a7d66d715d76a,CC-a77a7d66d715d76a,louvain,intersection_count,100.0,0.0,1.0,20260801,1.0.0,not_used,community labels are structural network results; they are not official factions and do not replace original-setting faction metadata
JP8,cross_department,music,永夜抄easternnight,永夜抄 ～ Eastern Night.,永夜抄　～ Eastern Night.,0.0,0,0.001988071570576541,0.0,0,0.0,C-020d39f7d3a97179,CC-020d39f7d3a97179,louvain,intersection_count,100.0,0.0,1.0,20260801,1.0.0,not_used,community labels are structural network results; they are not official factions and do not replace original-setting faction metadata
JP8,cross_department,music,永夜的报应imperishablenight,永夜的报应 ～ Imperishable Night,永夜の報い　～ Imperishable Night,0.0,0,0.001988071570576541,0.0,0,0.0,C-05e4dd26eee8b40e,CC-05e4dd26eee8b40e,louvain,intersection_count,100.0,0.0,1.0,20260801,1.0.0,not_used,community labels are structural network results; they are not official factions and do not replace original-setting faction metadata
JP8,cross_department,character,永江衣玖,永江衣玖,永江 衣玖,0.0,0,0.001988071570576541,0.0,0,0.0,C-ade032ddb5ded962,CC-ade032ddb5ded962,louvain,intersection_count,100.0,0.0,1.0,20260801,1.0.0,not_used,community labels are structural network results; they are not official factions and do not replace original-setting faction metadata
JP8,cross_department,music,永远之巫女,永远之巫女,永遠の巫女,0.0,0,0.001988071570576541,0.0,0,0.0,C-5f50e88a351c64bc,CC-5f50e88a351c64bc,louvain,intersection_count,100.0,0.0,1.0,20260801,1.0.0,not_used,community labels are structural network results; they are not official factions and do not replace original-setting faction metadata
JP8,cross_department,character,永远亭的妖怪兔,永远亭的妖怪兔,永遠亭の妖怪兎,0.0,0,0.001988071570576541,0.0,0,0.0,C-8223199fd8e0bf84,CC-8223199fd8e0bf84,louvain,intersection_count,100.0,0.0,1.0,20260801,1.0.0,not_used,community labels are structural network results; they are not official factions and do not replace original-setting faction metadata
JP8,cross_department,music,永远的乐园,永远的乐园,久遠の楽園,0.0,0,0.001988071570576541,0.0,0,0.0,C-ac795499c3812464,CC-ac795499c3812464,louvain,intersection_count,100.0,0.0,1.0,20260801,1.0.0,not_used,community labels are structural network results; they are not official factions and do not replace original-setting faction metadata
JP8,cross_department,music,永远的满月,永远的满月,永遠の満月,0.0,0,0.001988071570576541,0.0,0,0.0,C-5a04cef85808bd8b,CC-5a04cef85808bd8b,louvain,intersection_count,100.0,0.0,1.0,20260801,1.0.0,not_used,community labels are structural network results; they are not official factions and do not replace original-setting faction metadata
JP8,cross_department,music,沉睡的恐怖sleepingterror,沉睡的恐怖 ～ Sleeping Terror,眠れる恐怖　～ Sleeping Terror,0.0,0,0.001988071570576541,0.0,0,0.0,C-90f225b30aa5f524,CC-90f225b30aa5f524,louvain,intersection_count,100.0,0.0,1.0,20260801,1.0.0,not_used,community labels are structural network results; they are not official factions and do not replace original-setting faction metadata
JP8,cross_department,character,河城荷取,河城荷取,河城 にとり,0.0,0,0.001988071570576541,0.0,0,0.0,C-8b0e2ea80e04eb34,CC-8b0e2ea80e04eb34,louvain,intersection_count,100.0,0.0,1.0,20260801,1.0.0,not_used,community labels are structural network results; they are not official factions and do not replace original-setting faction metadata
JP8,cross_department,character,河童,河童,河童,0.0,0,0.001988071570576541,0.0,0,0.0,C-de09358119138fe3,CC-de09358119138fe3,louvain,intersection_count,100.0,0.0,1.0,20260801,1.0.0,not_used,community labels are structural network results; they are not official factions and do not replace original-setting faction metadata
JP8,cross_department,music,法界之火,法界之火,法界の火,0.0,0,0.001988071570576541,0.0,0,0.0,C-ecc439840861e49c,CC-ecc439840861e49c,louvain,intersection_count,100.0,0.0,1.0,20260801,1.0.0,not_used,community labels are structural network results; they are not official factions and do not replace original-setting faction metadata
JP8,cross_department,character,洩矢诹访子,洩矢诹访子,洩矢 諏訪子,0.0,0,0.001988071570576541,0.0,0,0.0,C-88f6a6e42ab8124f,CC-88f6a6e42ab8124f,louvain,intersection_count,100.0,0.0,1.0,20260801,1.0.0,not_used,community labels are structural network results; they are not official factions and do not replace original-setting faction metadata
JP8,cross_department,music,活泼的纯情小姑娘,活泼的纯情小姑娘,おてんば恋娘,0.0,0,0.001988071570576541,0.0,0,0.0,C-f986099bd6180ad1,CC-f986099bd6180ad1,louvain,intersection_count,100.0,0.0,1.0,20260801,1.0.0,not_used,community labels are structural network results; they are not official factions and do not replace original-setting faction metadata
JP8,cross_department,music,漫游旧地狱街道,漫游旧地狱街道,旧地獄街道を行く,0.0,0,0.001988071570576541,0.0,0,0.0,C-c486709fb6c3e233,CC-c486709fb6c3e233,louvain,intersection_count,100.0,0.0,1.0,20260801,1.0.0,not_used,community labels are structural network results; they are not official factions and do not replace original-setting faction metadata
JP8,cross_department,character,火焰猫燐,火焰猫燐,火焔猫 燐,0.0,0,0.001988071570576541,0.0,0,0.0,C-bd4e2d1c6e5fb4b2,CC-bd4e2d1c6e5fb4b2,louvain,intersection_count,100.0,0.0,1.0,20260801,1.0.0,not_used,community labels are structural network results; they are not official factions and do not replace original-setting faction metadata
JP8,cross_department,music,灰姑娘的笼子,灰姑娘的笼子 ～ Kagome-Kagome,シンデレラケージ　～ Kagome-Kagome,0.0,0,0.001988071570576541,0.0,0,0.0,C-c80391d79c5685cd,CC-c80391d79c5685cd,louvain,intersection_count,100.0,0.0,1.0,20260801,1.0.0,not_used,community labels are structural network results; they are not official factions and do not replace original-setting faction metadata
JP8,cross_department,character,灵乌路空,灵乌路空,霊烏路 空,0.0,0,0.001988071570576541,0.0,0,0.0,C-1306f415c171eb17,CC-1306f415c171eb17,louvain,intersection_count,100.0,0.0,1.0,20260801,1.0.0,not_used,community labels are structural network results; they are not official factions and do not replace original-setting faction metadata
JP8,cross_department,music,灵人的休息日,灵人的休息日,霊人の休日,0.0,0,0.001988071570576541,0.0,0,0.0,C-9ab0562e2fcd12b4,CC-9ab0562e2fcd12b4,louvain,intersection_count,100.0,0.0,1.0,20260801,1.0.0,not_used,community labels are structural network results; they are not official factions and do not replace original-setting faction metadata
JP8,cross_department,music,灵天spiritualheaven,灵天 ～ Spiritual Heaven,霊天　～ Spiritual Heaven,0.0,0,0.001988071570576541,0.0,0,0.0,C-6130945239c78613,CC-6130945239c78613,louvain,intersection_count,100.0,0.0,1.0,20260801,1.0.0,not_used,community labels are structural network results; they are not official factions and do not replace original-setting faction metadata
JP8,cross_department,music,灵战perditioncrisis,灵战 ～ Perdition crisis,霊戦　～ Perdition crisis,0.0,0,0.001988071570576541,0.0,0,0.0,C-7e84da261faa99c8,CC-7e84da261faa99c8,louvain,intersection_count,100.0,0.0,1.0,20260801,1.0.0,not_used,community labels are structural network results; they are not official factions and do not replace original-setting faction metadata
JP8,cross_department,music,灵知的太阳信仰,灵知的太阳信仰 ～ Nuclear Fusion,霊知の太陽信仰　～ Nuclear Fusion,0.0,0,0.001988071570576541,0.0,0,0.0,C-6ed8e514fd3cd4b3,CC-6ed8e514fd3cd4b3,louvain,intersection_count,100.0,0.0,1.0,20260801,1.0.0,not_used,community labels are structural network results; they are not official factions and do not replace original-setting faction metadata
JP8,cross_department,music,灵魂安息之所,灵魂安息之所,魂の休らむ所,0.0,0,0.001988071570576541,0.0,0,0.0,C-0b5fc7cd12fdb2ea,CC-0b5fc7cd12fdb2ea,louvain,intersection_count,100.0,0.0,1.0,20260801,1.0.0,not_used,community labels are structural network results; they are not official factions and do not replace original-setting faction metadata
JP8,cross_department,character,爱丽丝玛格特洛依德,爱丽丝·玛格特洛依德,アリス・マーガトロイド,0.0,0,0.001988071570576541,0.0,0,0.0,C-c55ce7a78f1a12c0,CC-c55ce7a78f1a12c0,louvain,intersection_count,100.0,0.0,1.0,20260801,1.0.0,not_used,community labels are structural network results; they are not official factions and do not replace original-setting faction metadata
JP8,cross_department,character,爱丽丝的人偶（上海、蓬莱、大江户等）,爱丽丝的人偶（上海、蓬莱、大江户等）,アリスの人形（上海、蓬莱、大江戸他）,0.0,0,0.001988071570576541,0.0,0,0.0,C-b09dabbed6ece162,CC-b09dabbed6ece162,louvain,intersection_count,100.0,0.0,1.0,20260801,1.0.0,not_used,community labels are structural network results; they are not official factions and do not replace original-setting faction metadata
JP8,cross_department,character,爱莲,爱莲,エレン,0.0,0,0.001988071570576541,0.0,0,0.0,C-7c3fb7d96870d3bd,CC-7c3fb7d96870d3bd,louvain,intersection_count,100.0,0.0,1.0,20260801,1.0.0,not_used,community labels are structural network results; they are not official factions and do not replace original-setting faction metadata
JP8,cross_department,music,特佩斯的年幼末裔,特佩斯的年幼末裔,ツェペシュの幼き末裔,0.0,0,0.001988071570576541,0.0,0,0.0,C-cee85968ac9e9840,CC-cee85968ac9e9840,louvain,intersection_count,100.0,0.0,1.0,20260801,1.0.0,not_used,community labels are structural network results; they are not official factions and do not replace original-setting faction metadata
JP8,cross_department,character,犬走椛,犬走椛,犬走 椛,0.0,0,0.001988071570576541,0.0,0,0.0,C-55b426ebf1ae0229,CC-55b426ebf1ae0229,louvain,intersection_count,100.0,0.0,1.0,20260801,1.0.0,not_used,community labels are structural network results; they are not official factions and do not replace original-setting faction metadata
JP8,cross_department,music,狂气之瞳,狂气之瞳 ～ Invisible Full Moon,狂気の瞳　～ Invisible Full Moon,0.0,0,0.001988071570576541,0.0,0,0.0,C-b76b7b00ba639f7e,CC-b76b7b00ba639f7e,louvain,intersection_count,100.0,0.0,1.0,20260801,1.0.0,not_used,community labels are structural network results; they are not official factions and do not replace original-setting faction metadata
JP8,cross_department,music,献给已逝公主的七重奏,献给已逝公主的七重奏,亡き王女の為のセプテット,0.0,0,0.001988071570576541,0.0,0,0.0,C-579d0f17b9c6245e,CC-579d0f17b9c6245e,louvain,intersection_count,100.0,0.0,1.0,20260801,1.0.0,not_used,community labels are structural network results; they are not official factions and do not replace original-setting faction metadata
JP8,cross_department,character,玄爷,玄爷,玄爺,0.0,0,0.001988071570576541,0.0,0,0.0,C-1eb3211610fca75e,CC-1eb3211610fca75e,louvain,intersection_count,100.0,0.0,1.0,20260801,1.0.0,not_used,community labels are structural network results; they are not official factions and do not replace original-setting faction metadata
JP8,cross_department,character,玛艾露贝莉赫恩,玛艾露贝莉·赫恩,マエリベリー・ハーン,0.0,0,0.001988071570576541,0.0,0,0.0,C-d16b6ceecb9bce83,CC-d16b6ceecb9bce83,louvain,intersection_count,100.0,0.0,1.0,20260801,1.0.0,not_used,community labels are structural network results; they are not official factions and do not replace original-setting faction metadata
JP8,cross_department,music,现代妖怪殖民地,现代妖怪殖民地,妖怪モダンコロニー,0.0,0,0.001988071570576541,0.0,0,0.0,C-b391be5b6de0f23b,CC-b391be5b6de0f23b,louvain,intersection_count,100.0,0.0,1.0,20260801,1.0.0,not_used,community labels are structural network results; they are not official factions and do not replace original-setting faction metadata
JP8,cross_department,music,珍奇的上海古牌,珍奇的上海古牌,キュアリアス上海古牌,0.0,0,0.001988071570576541,0.0,0,0.0,C-38be11f1c3bdd516,CC-38be11f1c3bdd516,louvain,intersection_count,100.0,0.0,1.0,20260801,1.0.0,not_used,community labels are structural network results; they are not official factions and do not replace original-setting faction metadata
JP8,cross_department,character,琪斯美,琪斯美,キスメ,0.0,0,0.001988071570576541,0.0,0,0.0,C-c6da4f90421d032f,CC-c6da4f90421d032f,louvain,intersection_count,100.0,0.0,1.0,20260801,1.0.0,not_used,community labels are structural network results; they are not official factions and do not replace original-setting faction metadata
JP8,cross_department,character,琪露诺,琪露诺,チルノ,0.0,0,0.001988071570576541,0.0,0,0.0,C-5cc9a4ce419bad03,CC-5cc9a4ce419bad03,louvain,intersection_count,100.0,0.0,1.0,20260801,1.0.0,not_used,community labels are structural network results; they are not official factions and do not replace original-setting faction metadata
JP8,cross_department,music,甲论乙驳,甲论乙驳,甲論乙駁,0.0,0,0.001988071570576541,0.0,0,0.0,C-0f20df2aa5a36dbf,CC-0f20df2aa5a36dbf,louvain,intersection_count,100.0,0.0,1.0,20260801,1.0.0,not_used,community labels are structural network results; they are not official factions and do not replace original-setting faction metadata
JP8,cross_department,character,留琴,留琴,るーこと,0.0,0,0.001988071570576541,0.0,0,0.0,C-62648be399cb10d3,CC-62648be399cb10d3,louvain,intersection_count,100.0,0.0,1.0,20260801,1.0.0,not_used,community labels are structural network results; they are not official factions and do not replace original-setting faction metadata
JP8,cross_department,music,眷爱众生之神,眷爱众生之神 ～ Romantic Fall,人恋し神様　～ Romantic Fall,0.0,0,0.001988071570576541,0.0,0,0.0,C-8b52156b464eb448,CC-8b52156b464eb448,louvain,intersection_count,100.0,0.0,1.0,20260801,1.0.0,not_used,community labels are structural network results; they are not official factions and do not replace original-setting faction metadata
JP8,cross_department,character,矜羯罗,矜羯罗,コンガラ,0.0,0,0.001988071570576541,0.0,0,0.0,C-325ad2bb2cb25f15,CC-325ad2bb2cb25f15,louvain,intersection_count,100.0,0.0,1.0,20260801,1.0.0,not_used,community labels are structural network results; they are not official factions and do not replace original-setting faction metadata
JP8,cross_department,music,破邪的小太刀,破邪的小太刀,破邪の小太刀,0.0,0,0.001988071570576541,0.0,0,0.0,C-65429d5cad8f557c,CC-65429d5cad8f557c,louvain,intersection_count,100.0,0.0,1.0,20260801,1.0.0,not_used,community labels are structural network results; they are not official factions and do not replace original-setting faction metadata
JP8,cross_department,music,碎月,碎月,砕月,0.0,0,0.001988071570576541,0.0,0,0.0,C-945bb96f75e2c66b,CC-945bb96f75e2c66b,louvain,intersection_count,100.0,0.0,1.0,20260801,1.0.0,not_used,community labels are structural network results; they are not official factions and do not replace original-setting faction metadata
JP8,cross_department,music,神圣庄严的古战场,神圣庄严的古战场 ～ Suwa Foughten Field,神さびた古戦場　～ Suwa Foughten Field,0.0,0,0.001988071570576541,0.0,0,0.0,C-715d6968409f5def,CC-715d6968409f5def,louvain,intersection_count,100.0,0.0,1.0,20260801,1.0.0,not_used,community labels are structural network results; they are not official factions and do not replace original-setting faction metadata
JP8,cross_department,music,神域的捉迷藏生活,神域的捉迷藏生活,神域のかくれんぼ暮らし,0.0,0,0.001988071570576541,0.0,0,0.0,C-e4b65b26830006a5,CC-e4b65b26830006a5,louvain,intersection_count,100.0,0.0,1.0,20260801,1.0.0,not_used,community labels are structural network results; they are not official factions and do not replace original-setting faction metadata
JP8,cross_department,music,神明降下恩惠之雨sylphiddream,神明降下恩惠之雨 ～ Sylphid Dream,神は恵みの雨を降らす　～ Sylphid Dream,0.0,0,0.001988071570576541,0.0,0,0.0,C-24b098b837dd4915,CC-24b098b837dd4915,louvain,intersection_count,100.0,0.0,1.0,20260801,1.0.0,not_used,community labels are structural network results; they are not official factions and do not replace original-setting faction metadata
JP8,cross_department,character,神玉,神玉,シンギョク,0.0,0,0.001988071570576541,0.0,0,0.0,C-d67afbbdb4545018,CC-d67afbbdb4545018,louvain,intersection_count,100.0,0.0,1.0,20260801,1.0.0,not_used,community labels are structural network results; they are not official factions and do not replace original-setting faction metadata
JP8,cross_department,music,神社,神社,神社,0.0,0,0.001988071570576541,0.0,0,0.0,C-f4591f8617224a98,CC-f4591f8617224a98,louvain,intersection_count,100.0,0.0,1.0,20260801,1.0.0,not_used,community labels are structural network results; they are not official factions and do not replace original-setting faction metadata
JP8,cross_department,music,神秘的人偶,神秘的人偶,エニグマティクドール,0.0,0,0.001988071570576541,0.0,0,0.0,C-94b6db746f1bfad6,CC-94b6db746f1bfad6,louvain,intersection_count,100.0,0.0,1.0,20260801,1.0.0,not_used,community labels are structural network results; they are not official factions and do not replace original-setting faction metadata
JP8,cross_department,music,神篱如紫色火焰般燃烧,神篱，如紫色火焰般燃烧,ひもろぎ、むらさきにもえ,0.0,0,0.001988071570576541,0.0,0,0.0,C-0a387cd368b05cd9,CC-0a387cd368b05cd9,louvain,intersection_count,100.0,0.0,1.0,20260801,1.0.0,not_used,community labels are structural network results; they are not official factions and do not replace original-setting faction metadata
JP8,cross_department,character,神绮,神绮,神綺,0.0,0,0.001988071570576541,0.0,0,0.0,C-8ca323d7a670562d,CC-8ca323d7a670562d,louvain,intersection_count,100.0,0.0,1.0,20260801,1.0.0,not_used,community labels are structural network results; they are not official factions and do not replace original-setting faction metadata
JP8,cross_department,music,神话幻想infinitebeing,神话幻想 ～ Infinite Being,神話幻想　～ Infinite Being,0.0,0,0.001988071570576541,0.0,0,0.0,C-35e853713b3d2589,CC-35e853713b3d2589,louvain,intersection_count,100.0,0.0,1.0,20260801,1.0.0,not_used,community labels are structural network results; they are not official factions and do not replace original-setting faction metadata
JP8,cross_department,music,祸机,祸机,禍機,0.0,0,0.001988071570576541,0.0,0,0.0,C-df28bfbc75514162,CC-df28bfbc75514162,louvain,intersection_count,100.0,0.0,1.0,20260801,1.0.0,not_used,community labels are structural network results; they are not official factions and do not replace original-setting faction metadata
JP8,cross_department,music,禁忌的魔法forbiddenmagic,禁忌的魔法 ～ Forbidden Magic,禁断の魔法　～ Forbidden Magic,0.0,0,0.001988071570576541,0.0,0,0.0,C-33a5b29acfbca4c3,CC-33a5b29acfbca4c3,louvain,intersection_count,100.0,0.0,1.0,20260801,1.0.0,not_used,community labels are structural network results; they are not official factions and do not replace original-setting faction metadata
JP8,cross_department,character,秋穰子,秋穰子,秋 穣子,0.0,0,0.001988071570576541,0.0,0,0.0,C-4b0eaf30dc3e06f6,CC-4b0eaf30dc3e06f6,louvain,intersection_count,100.0,0.0,1.0,20260801,1.0.0,not_used,community labels are structural network results; they are not official factions and do not replace original-setting faction metadata
JP8,cross_department,music,秋霜玉clockworks,秋霜玉 ～ Clockworks,秋霜玉　～ Clockworks,0.0,0,0.001988071570576541,0.0,0,0.0,C-1f825b1c1d222364,CC-1f825b1c1d222364,louvain,intersection_count,100.0,0.0,1.0,20260801,1.0.0,not_used,community labels are structural network results; they are not official factions and do not replace original-setting faction metadata
JP8,cross_department,character,秋静叶,秋静叶,秋 静葉,0.0,0,0.001988071570576541,0.0,0,0.0,C-e610112a7e5a9974,CC-e610112a7e5a9974,louvain,intersection_count,100.0,0.0,1.0,20260801,1.0.0,not_used,community labels are structural network results; they are not official factions and do not replace original-setting faction metadata
JP8,cross_department,music,科学世纪的少年少女,科学世纪的少年少女,科学世紀の少年少女,0.0,0,0.001988071570576541,0.0,0,0.0,C-72fa753fddb14d20,CC-72fa753fddb14d20,louvain,intersection_count,100.0,0.0,1.0,20260801,1.0.0,not_used,community labels are structural network results; they are not official factions and do not replace original-setting faction metadata
JP8,cross_department,music,稀客,稀客,珍客,0.0,0,0.001988071570576541,0.0,0,0.0,C-90ea5c56f79c04d0,CC-90ea5c56f79c04d0,louvain,intersection_count,100.0,0.0,1.0,20260801,1.0.0,not_used,community labels are structural network results; they are not official factions and do not replace original-setting faction metadata
JP8,cross_department,music,稀翁玉fairydance,稀翁玉 ～ Fairy Dance,稀翁玉　～ Fairy Dance,0.0,0,0.001988071570576541,0.0,0,0.0,C-78ec950505c64071,CC-78ec950505c64071,louvain,intersection_count,100.0,0.0,1.0,20260801,1.0.0,not_used,community labels are structural network results; they are not official factions and do not replace original-setting faction metadata
JP8,cross_department,character,稗田阿求,稗田阿求,稗田 阿求,0.0,0,0.001988071570576541,0.0,0,0.0,C-56d54074b9fe571e,CC-56d54074b9fe571e,louvain,intersection_count,100.0,0.0,1.0,20260801,1.0.0,not_used,community labels are structural network results; they are not official factions and do not replace original-setting faction metadata
JP8,cross_department,music,空中的归路skydream,空中的归路 ～ Sky Dream,空の帰り道　～ Sky Dream,0.0,0,0.001988071570576541,0.0,0,0.0,C-985d14edcfb254ab,CC-985d14edcfb254ab,louvain,intersection_count,100.0,0.0,1.0,20260801,1.0.0,not_used,community labels are structural network results; they are not official factions and do not replace original-setting faction metadata
JP8,cross_department,music,空中飘浮的物体x,空中飘浮的物体Ｘ,空に浮かぶ物体X,0.0,0,0.001988071570576541,0.0,0,0.0,C-da334ac5ca8db9a1,CC-da334ac5ca8db9a1,louvain,intersection_count,100.0,0.0,1.0,20260801,1.0.0,not_used,community labels are structural network results; they are not official factions and do not replace original-setting faction metadata
JP8,cross_department,music,空中飞翔的巫女不可思议的每天,空中飞翔的巫女不可思议的每天,空飛ぶ巫女の不思議な毎日,0.0,0,0.001988071570576541,0.0,0,0.0,C-9cdf85a69b21d6bd,CC-9cdf85a69b21d6bd,louvain,intersection_count,100.0,0.0,1.0,20260801,1.0.0,not_used,community labels are structural network results; they are not official factions and do not replace original-setting faction metadata
JP8,cross_department,music,童祭innocenttreasures,童祭 ～ Innocent Treasures,童祭　～ Innocent Treasures,0.0,0,0.001988071570576541,0.0,0,0.0,C-d7f711e96dc56376,CC-d7f711e96dc56376,louvain,intersection_count,100.0,0.0,1.0,20260801,1.0.0,not_used,community labels are structural network results; they are not official factions and do not replace original-setting faction metadata
JP8,cross_department,music,竹取飞翔,竹取飞翔 ～ Lunatic Princess,竹取飛翔　～ Lunatic Princess,0.0,0,0.001988071570576541,0.0,0,0.0,C-bd8b9073adae1fdd,CC-bd8b9073adae1fdd,louvain,intersection_count,100.0,0.0,1.0,20260801,1.0.0,not_used,community labels are structural network results; they are not official factions and do not replace original-setting faction metadata
JP8,cross_department,music,第六十年的东方审判,第六十年的东方审判 ～ Fate of Sixty Years,六十年目の東方裁判　～ Fate of Sixty Years,0.0,0,0.001988071570576541,0.0,0,0.0,C-a88db0479cac87d3,CC-a88db0479cac87d3,louvain,intersection_count,100.0,0.0,1.0,20260801,1.0.0,not_used,community labels are structural network results; they are not official factions and do not replace original-setting faction metadata
JP8,cross_department,character,米斯蒂娅萝蕾拉,米斯蒂娅·萝蕾拉,ミスティア・ローレライ,0.0,0,0.001988071570576541,0.0,0,0.0,C-0d769493bedb4f23,CC-0d769493bedb4f23,louvain,intersection_count,100.0,0.0,1.0,20260801,1.0.0,not_used,community labels are structural network results; they are not official factions and do not replace original-setting faction metadata
JP8,cross_department,music,红响曲scarletphoneme,红响曲 ～ Scarlet Phoneme,紅響曲　～ Scarlet Phoneme,0.0,0,0.001988071570576541,0.0,0,0.0,C-7dbeef2df84f9208,CC-7dbeef2df84f9208,louvain,intersection_count,100.0,0.0,1.0,20260801,1.0.0,not_used,community labels are structural network results; they are not official factions and do not replace original-setting faction metadata
JP8,cross_department,music,红夜,红夜,紅夜,0.0,0,0.001988071570576541,0.0,0,0.0,C-46b460c80373a3c3,CC-46b460c80373a3c3,louvain,intersection_count,100.0,0.0,1.0,20260801,1.0.0,not_used,community labels are structural network results; they are not official factions and do not replace original-setting faction metadata
JP8,cross_department,music,红楼easterndream,红楼 ～ Eastern Dream...,紅楼　～ Eastern Dream...,0.0,0,0.001988071570576541,0.0,0,0.0,C-93a3fe1ff1b486da,CC-93a3fe1ff1b486da,louvain,intersection_count,100.0,0.0,1.0,20260801,1.0.0,not_used,community labels are structural network results; they are not official factions and do not replace original-setting faction metadata
JP8,cross_department,character,红美铃,红美铃,紅 美鈴,0.0,0,0.001988071570576541,0.0,0,0.0,C-4e8ac4591af15e8f,CC-4e8ac4591af15e8f,louvain,intersection_count,100.0,0.0,1.0,20260801,1.0.0,not_used,community labels are structural network results; they are not official factions and do not replace original-setting faction metadata
JP8,cross_department,music,绯想天,绯想天,緋想天,0.0,0,0.001988071570576541,0.0,0,0.0,C-d3ae9a8fb530e3f3,CC-d3ae9a8fb530e3f3,louvain,intersection_count,100.0,0.0,1.0,20260801,1.0.0,not_used,community labels are structural network results; they are not official factions and do not replace original-setting faction metadata
JP8,cross_department,music,绯红的少女crimsondead,绯红的少女 ～ Crimson Dead!!,真紅の少女　～ Crimson Dead!!,0.0,0,0.001988071570576541,0.0,0,0.0,C-aa3bec0a19f817a8,CC-aa3bec0a19f817a8,louvain,intersection_count,100.0,0.0,1.0,20260801,1.0.0,not_used,community labels are structural network results; they are not official factions and do not replace original-setting faction metadata
JP8,cross_department,character,绵月丰姬,绵月丰姬,綿月 豊姫,0.0,0,0.001988071570576541,0.0,0,0.0,C-fd2e0eb0f673d731,CC-fd2e0eb0f673d731,louvain,intersection_count,100.0,0.0,1.0,20260801,1.0.0,not_used,community labels are structural network results; they are not official factions and do not replace original-setting faction metadata
JP8,cross_department,character,绵月依姬,绵月依姬,綿月 依姫,0.0,0,0.001988071570576541,0.0,0,0.0,C-a98da0fdca90a6cc,CC-a98da0fdca90a6cc,louvain,intersection_count,100.0,0.0,1.0,20260801,1.0.0,not_used,community labels are structural network results; they are not official factions and do not replace original-setting faction metadata
JP8,cross_department,music,绵月的符卡lunaticblue,绵月的符卡 ～ Lunatic Blue,綿月のスペルカード　～ Lunatic Blue,0.0,0,0.001988071570576541,0.0,0,0.0,C-9b850a0713fe25dc,CC-9b850a0713fe25dc,louvain,intersection_count,100.0,0.0,1.0,20260801,1.0.0,not_used,community labels are structural network results; they are not official factions and do not replace original-setting faction metadata
JP8,cross_department,music,绿眼的嫉妒,绿眼的嫉妒,緑眼のジェラシー,0.0,0,0.001988071570576541,0.0,0,0.0,C-19effb689592823a,CC-19effb689592823a,louvain,intersection_count,100.0,0.0,1.0,20260801,1.0.0,not_used,community labels are structural network results; they are not official factions and do not replace original-setting faction metadata
JP8,cross_department,music,背叛的少女judaskiss,背叛的少女 ～ Judas Kiss,裏切りの少女　～ Judas Kiss,0.0,0,0.001988071570576541,0.0,0,0.0,C-1b7c8e34c8741812,CC-1b7c8e34c8741812,louvain,intersection_count,100.0,0.0,1.0,20260801,1.0.0,not_used,community labels are structural network results; they are not official factions and do not replace original-setting faction metadata
JP8,cross_department,music,胜利的示范,胜利的示范,勝利デモ,0.0,0,0.001988071570576541,0.0,0,0.0,C-0f138f0417c73ecc,CC-0f138f0417c73ecc,louvain,intersection_count,100.0,0.0,1.0,20260801,1.0.0,not_used,community labels are structural network results; they are not official factions and do not replace original-setting faction metadata
JP8,cross_department,character,胡桃,胡桃,くるみ,0.0,0,0.001988071570576541,0.0,0,0.0,C-7c8b7294067d8e99,CC-7c8b7294067d8e99,louvain,intersection_count,100.0,0.0,1.0,20260801,1.0.0,not_used,community labels are structural network results; they are not official factions and do not replace original-setting faction metadata
JP8,cross_department,music,能源黎明futuredream,能源黎明 ～ Future Dream...,エネルギー黎明 ～ Future Dream...,0.0,0,0.001988071570576541,0.0,0,0.0,C-926a68d0a24e4dbe,CC-926a68d0a24e4dbe,louvain,intersection_count,100.0,0.0,1.0,20260801,1.0.0,not_used,community labels are structural network results; they are not official factions and do not replace original-setting faction metadata
JP8,cross_department,character,舞,舞,マイ,0.0,0,0.001988071570576541,0.0,0,0.0,C-ac721595394b62ff,CC-ac721595394b62ff,louvain,intersection_count,100.0,0.0,1.0,20260801,1.0.0,not_used,community labels are structural network results; they are not official factions and do not replace original-setting faction metadata
JP8,cross_department,character,艾丽,艾丽,エリー,0.0,0,0.001988071570576541,0.0,0,0.0,C-19c6ed97f88a92ba,CC-19c6ed97f88a92ba,louvain,intersection_count,100.0,0.0,1.0,20260801,1.0.0,not_used,community labels are structural network results; they are not official factions and do not replace original-setting faction metadata
JP8,cross_department,character,芙兰朵露斯卡蕾特,芙兰朵露·斯卡蕾特,フランドール・スカーレット,0.0,0,0.001988071570576541,0.0,0,0.0,C-38fe99f8c4913e6f,CC-38fe99f8c4913e6f,louvain,intersection_count,100.0,0.0,1.0,20260801,1.0.0,not_used,community labels are structural network results; they are not official factions and do not replace original-setting faction metadata
JP8,cross_department,music,芥川龙之介的河童,芥川龙之介的河童 ～ Candid Friend,芥川龍之介の河童　～ Candid Friend,0.0,0,0.001988071570576541,0.0,0,0.0,C-bb8ee15daf22d3c1,CC-bb8ee15daf22d3c1,louvain,intersection_count,100.0,0.0,1.0,20260801,1.0.0,not_used,community labels are structural network results; they are not official factions and do not replace original-setting faction metadata
JP8,cross_department,music,花如幻想一般,花如幻想一般,花は幻想のままに,0.0,0,0.001988071570576541,0.0,0,0.0,C-44c7a2a49fec1d06,CC-44c7a2a49fec1d06,louvain,intersection_count,100.0,0.0,1.0,20260801,1.0.0,not_used,community labels are structural network results; they are not official factions and do not replace original-setting faction metadata
JP8,cross_department,music,花映塚higanretour,花映塚　～ Higan Retour,花映塚 〜 Higan Retour,0.0,0,0.001988071570576541,0.0,0,0.0,C-6570cc357f7e3bc7,CC-6570cc357f7e3bc7,louvain,intersection_count,100.0,0.0,1.0,20260801,1.0.0,not_used,community labels are structural network results; they are not official factions and do not replace original-setting faction metadata
JP8,cross_department,character,茨木华扇,茨木华扇,茨木 華扇,0.0,0,0.001988071570576541,0.0,0,0.0,C-45d7615dbfd51b7b,CC-45d7615dbfd51b7b,louvain,intersection_count,100.0,0.0,1.0,20260801,1.0.0,not_used,community labels are structural network results; they are not official factions and do not replace original-setting faction metadata
JP8,cross_department,character,莉格露奈特巴格,莉格露·奈特巴格,リグル・ナイトバグ,0.0,0,0.001988071570576541,0.0,0,0.0,C-d6e6ad9a6d5bcc47,CC-d6e6ad9a6d5bcc47,louvain,intersection_count,100.0,0.0,1.0,20260801,1.0.0,not_used,community labels are structural network results; they are not official factions and do not replace original-setting faction metadata
JP8,cross_department,character,莉莉卡普莉兹姆利巴,莉莉卡·普莉兹姆利巴,リリカ・プリズムリバー,0.0,0,0.001988071570576541,0.0,0,0.0,C-e5fc181181122cfb,CC-e5fc181181122cfb,louvain,intersection_count,100.0,0.0,1.0,20260801,1.0.0,not_used,community labels are structural network results; they are not official factions and do not replace original-setting faction metadata
JP8,cross_department,character,莉莉霍瓦特（莉莉白）,莉莉霍瓦特（莉莉白）,リリーホワイト,0.0,0,0.001988071570576541,0.0,0,0.0,C-a8e584c7fa800c27,CC-a8e584c7fa800c27,louvain,intersection_count,100.0,0.0,1.0,20260801,1.0.0,not_used,community labels are structural network results; they are not official factions and do not replace original-setting faction metadata
JP8,cross_department,character,菊理,菊理,キクリ,0.0,0,0.001988071570576541,0.0,0,0.0,C-d8b711cbdb17cfe1,CC-d8b711cbdb17cfe1,louvain,intersection_count,100.0,0.0,1.0,20260801,1.0.0,not_used,community labels are structural network results; they are not official factions and do not replace original-setting faction metadata
JP8,cross_department,music,萃梦想,萃梦想,萃夢想,0.0,0,0.001988071570576541,0.0,0,0.0,C-a8bdd15c288290d7,CC-a8bdd15c288290d7,louvain,intersection_count,100.0,0.0,1.0,20260801,1.0.0,not_used,community labels are structural network results; they are not official factions and do not replace original-setting faction metadata
JP8,cross_department,character,萨丽爱尔,萨丽爱尔,サリエル,0.0,0,0.001988071570576541,0.0,0,0.0,C-d4cb63a82daa6064,CC-d4cb63a82daa6064,louvain,intersection_count,100.0,0.0,1.0,20260801,1.0.0,not_used,community labels are structural network results; they are not official factions and do not replace original-setting faction metadata
JP8,cross_department,character,萨拉,萨拉,サラ,0.0,0,0.001988071570576541,0.0,0,0.0,C-d2300bc949f85ffd,CC-d2300bc949f85ffd,louvain,intersection_count,100.0,0.0,1.0,20260801,1.0.0,not_used,community labels are structural network results; they are not official factions and do not replace original-setting faction metadata
JP8,cross_department,music,蓬莱传说,蓬莱传说,蓬莱伝説,0.0,0,0.001988071570576541,0.0,0,0.0,C-2b5b92463a5c5e1b,CC-2b5b92463a5c5e1b,louvain,intersection_count,100.0,0.0,1.0,20260801,1.0.0,not_used,community labels are structural network results; they are not official factions and do not replace original-setting faction metadata
JP8,cross_department,character,蓬莱山辉夜,蓬莱山辉夜,蓬莱山 輝夜,0.0,0,0.001988071570576541,0.0,0,0.0,C-09b89aa19e4deb26,CC-09b89aa19e4deb26,louvain,intersection_count,100.0,0.0,1.0,20260801,1.0.0,not_used,community labels are structural network results; they are not official factions and do not replace original-setting faction metadata
JP8,cross_department,music,蓬莱幻想fareast,蓬莱幻想 ～ far East,蓬莱幻想　～ far East,0.0,0,0.001988071570576541,0.0,0,0.0,C-9bd7ccd9e8987880,CC-9bd7ccd9e8987880,louvain,intersection_count,100.0,0.0,1.0,20260801,1.0.0,not_used,community labels are structural network results; they are not official factions and do not replace original-setting faction metadata
JP8,cross_department,character,蕾拉普莉兹姆利巴,蕾拉·普莉兹姆利巴,レイラ･プリズムリバー,0.0,0,0.001988071570576541,0.0,0,0.0,C-129dba0353e0c554,CC-129dba0353e0c554,louvain,intersection_count,100.0,0.0,1.0,20260801,1.0.0,not_used,community labels are structural network results; they are not official factions and do not replace original-setting faction metadata
JP8,cross_department,character,蕾米莉亚斯卡蕾特,蕾米莉亚·斯卡蕾特,レミリア・スカーレット,0.0,0,0.001988071570576541,0.0,0,0.0,C-b16726facdb50809,CC-b16726facdb50809,louvain,intersection_count,100.0,0.0,1.0,20260801,1.0.0,not_used,community labels are structural network results; they are not official factions and do not replace original-setting faction metadata
JP8,cross_department,character,蕾蒂霍瓦特洛克,蕾蒂·霍瓦特洛克,レティ・ホワイトロック,0.0,0,0.001988071570576541,0.0,0,0.0,C-4b1676fedeb2b4d8,CC-4b1676fedeb2b4d8,louvain,intersection_count,100.0,0.0,1.0,20260801,1.0.0,not_used,community labels are structural network results; they are not official factions and do not replace original-setting faction metadata
JP8,cross_department,character,藤原妹红,藤原妹红,藤原 妹紅,0.0,0,0.001988071570576541,0.0,0,0.0,C-052d11bf429f1e5d,CC-052d11bf429f1e5d,louvain,intersection_count,100.0,0.0,1.0,20260801,1.0.0,not_used,community labels are structural network results; they are not official factions and do not replace original-setting faction metadata
JP8,cross_department,music,虎纹的毘沙门天,虎纹的毘沙门天,虎柄の毘沙門天,0.0,0,0.001988071570576541,0.0,0,0.0,C-6ed87b8d3fcee9d4,CC-6ed87b8d3fcee9d4,louvain,intersection_count,100.0,0.0,1.0,20260801,1.0.0,not_used,community labels are structural network results; they are not official factions and do not replace original-setting faction metadata
JP8,cross_department,music,蠢蠢的秋月,蠢蠢的秋月 ～ Mooned Insect,蠢々秋月　～ Mooned Insect,0.0,0,0.001988071570576541,0.0,0,0.0,C-d7f48cdbf4466161,CC-d7f48cdbf4466161,louvain,intersection_count,100.0,0.0,1.0,20260801,1.0.0,not_used,community labels are structural network results; they are not official factions and do not replace original-setting faction metadata
JP8,cross_department,music,被封印的众神,被封印的众神,封印されし神々,0.0,0,0.001988071570576541,0.0,0,0.0,C-c21ef1031081671b,CC-c21ef1031081671b,louvain,intersection_count,100.0,0.0,1.0,20260801,1.0.0,not_used,community labels are structural network results; they are not official factions and do not replace original-setting faction metadata
JP8,cross_department,music,被封印的妖怪,被封印的妖怪 ～ Lost Place,封じられた妖怪　～ Lost Place,0.0,0,0.001988071570576541,0.0,0,0.0,C-060d90594110ad20,CC-060d90594110ad20,louvain,intersection_count,100.0,0.0,1.0,20260801,1.0.0,not_used,community labels are structural network results; they are not official factions and do not replace original-setting faction metadata
JP8,cross_department,music,装饰战decorationbattle,装饰战 ～ Decoration Battle,装飾戦　～ Decoration Battle,0.0,0,0.001988071570576541,0.0,0,0.0,C-f945f70de78ed9fd,CC-f945f70de78ed9fd,louvain,intersection_count,100.0,0.0,1.0,20260801,1.0.0,not_used,community labels are structural network results; they are not official factions and do not replace original-setting faction metadata
JP8,cross_department,character,西行寺幽幽子,西行寺幽幽子,西行寺 幽々子,0.0,0,0.001988071570576541,0.0,0,0.0,C-0ed8106ece6d9d82,CC-0ed8106ece6d9d82,louvain,intersection_count,100.0,0.0,1.0,20260801,1.0.0,not_used,community labels are structural network results; they are not official factions and do not replace original-setting faction metadata
JP8,cross_department,music,请注意万年备用伞,请注意万年备用伞,万年置き傘にご注意を,0.0,0,0.001988071570576541,0.0,0,0.0,C-370d56a5bd7b1c8e,CC-370d56a5bd7b1c8e,louvain,intersection_count,100.0,0.0,1.0,20260801,1.0.0,not_used,community labels are structural network results; they are not official factions and do not replace original-setting faction metadata
JP8,cross_department,music,赌上性命去恶作剧,赌上性命去恶作剧,いたずらに命をかけて,0.0,0,0.001988071570576541,0.0,0,0.0,C-a76707c3857fab7f,CC-a76707c3857fab7f,louvain,intersection_count,100.0,0.0,1.0,20260801,1.0.0,not_used,community labels are structural network results; they are not official factions and do not replace original-setting faction metadata
JP8,cross_department,music,走在夜晚的莲台野,走在夜晚的莲台野,夜のデンデラ野を逝く,0.0,0,0.001988071570576541,0.0,0,0.0,C-1037c0fa73f44cf4,CC-1037c0fa73f44cf4,louvain,intersection_count,100.0,0.0,1.0,20260801,1.0.0,not_used,community labels are structural network results; they are not official factions and do not replace original-setting faction metadata
JP8,cross_department,music,轮椅上的未来宇宙,轮椅上的未来宇宙,車椅子の未来宇宙,0.0,0,0.001988071570576541,0.0,0,0.0,C-39740ee1526ca9c9,CC-39740ee1526ca9c9,louvain,intersection_count,100.0,0.0,1.0,20260801,1.0.0,not_used,community labels are structural network results; they are not official factions and do not replace original-setting faction metadata
JP8,cross_department,music,过去的花fairyofflower,过去的花 ～ Fairy of Flower,過去の花　～ Fairy of Flower,0.0,0,0.001988071570576541,0.0,0,0.0,C-281a11172293a3f4,CC-281a11172293a3f4,louvain,intersection_count,100.0,0.0,1.0,20260801,1.0.0,not_used,community labels are structural network results; they are not official factions and do not replace original-setting faction metadata
JP8,cross_department,music,远野之森,远野之森,遠野の森,0.0,0,0.001988071570576541,0.0,0,0.0,C-3bf9842e4a2d7176,CC-3bf9842e4a2d7176,louvain,intersection_count,100.0,0.0,1.0,20260801,1.0.0,not_used,community labels are structural network results; they are not official factions and do not replace original-setting faction metadata
JP8,cross_department,music,远野幻想物语,远野幻想物语,遠野幻想物語,0.0,0,0.001988071570576541,0.0,0,0.0,C-426833b40a6b602c,CC-426833b40a6b602c,louvain,intersection_count,100.0,0.0,1.0,20260801,1.0.0,not_used,community labels are structural network results; they are not official factions and do not replace original-setting faction metadata
JP8,cross_department,music,遍参,遍参,遍参,0.0,0,0.001988071570576541,0.0,0,0.0,C-01273a712653a003,CC-01273a712653a003,louvain,intersection_count,100.0,0.0,1.0,20260801,1.0.0,not_used,community labels are structural network results; they are not official factions and do not replace original-setting faction metadata
JP8,cross_department,character,酒虫,酒虫,酒虫,0.0,0,0.001988071570576541,0.0,0,0.0,C-caf6c12abe859f33,CC-caf6c12abe859f33,louvain,intersection_count,100.0,0.0,1.0,20260801,1.0.0,not_used,community labels are structural network results; they are not official factions and do not replace original-setting faction metadata
JP8,cross_department,music,酒鬼的雷姆利亚,酒鬼的雷姆利亚,呑んべぇのレムリア,0.0,0,0.001988071570576541,0.0,0,0.0,C-9fcf8c27dfce875a,CC-9fcf8c27dfce875a,louvain,intersection_count,100.0,0.0,1.0,20260801,1.0.0,not_used,community labels are structural network results; they are not official factions and do not replace original-setting faction metadata
JP8,cross_department,character,里香,里香,里香,0.0,0,0.001988071570576541,0.0,0,0.0,C-cedf8721c03d0300,CC-cedf8721c03d0300,louvain,intersection_count,100.0,0.0,1.0,20260801,1.0.0,not_used,community labels are structural network results; they are not official factions and do not replace original-setting faction metadata
JP8,cross_department,character,野槌,野槌,ツチノコ,0.0,0,0.001988071570576541,0.0,0,0.0,C-8bd3b6783b4f854f,CC-8bd3b6783b4f854f,louvain,intersection_count,100.0,0.0,1.0,20260801,1.0.0,not_used,community labels are structural network results; they are not official factions and do not replace original-setting faction metadata
JP8,cross_department,character,铃仙二号,铃仙二号,レイセン,0.0,0,0.001988071570576541,0.0,0,0.0,C-93fd1135f485b1d8,CC-93fd1135f485b1d8,louvain,intersection_count,100.0,0.0,1.0,20260801,1.0.0,not_used,community labels are structural network results; they are not official factions and do not replace original-setting faction metadata
JP8,cross_department,character,铃仙优昙华院因幡,铃仙·优昙华院·因幡,鈴仙・優曇華院・イナバ,0.0,0,0.001988071570576541,0.0,0,0.0,C-26dedb14b07ec66f,CC-26dedb14b07ec66f,louvain,intersection_count,100.0,0.0,1.0,20260801,1.0.0,not_used,community labels are structural network results; they are not official factions and do not replace original-setting faction metadata
JP8,cross_department,character,键山雏,键山雏,鍵山 雛,0.0,0,0.001988071570576541,0.0,0,0.0,C-3d27cbe5cb86cf2b,CC-3d27cbe5cb86cf2b,louvain,intersection_count,100.0,0.0,1.0,20260801,1.0.0,not_used,community labels are structural network results; they are not official factions and do not replace original-setting faction metadata
JP8,cross_department,music,阻绝人迹之桥,阻绝人迹之桥,渡る者の途絶えた橋,0.0,0,0.001988071570576541,0.0,0,0.0,C-aa11a5881a808618,CC-aa11a5881a808618,louvain,intersection_count,100.0,0.0,1.0,20260801,1.0.0,not_used,community labels are structural network results; they are not official factions and do not replace original-setting faction metadata
JP8,cross_department,music,阿礼的孩子,阿礼的孩子,阿礼の子供,0.0,0,0.001988071570576541,0.0,0,0.0,C-0a0962b7a7ffd1d4,CC-0a0962b7a7ffd1d4,louvain,intersection_count,100.0,0.0,1.0,20260801,1.0.0,not_used,community labels are structural network results; they are not official factions and do not replace original-setting faction metadata
JP8,cross_department,character,雪,雪,ユキ,0.0,0,0.001988071570576541,0.0,0,0.0,C-cc755f2d7aac71ea,CC-cc755f2d7aac71ea,louvain,intersection_count,100.0,0.0,1.0,20260801,1.0.0,not_used,community labels are structural network results; they are not official factions and do not replace original-setting faction metadata
JP8,cross_department,music,雪月樱花之国,雪月樱花之国,雪月桜花の国,0.0,0,0.001988071570576541,0.0,0,0.0,C-fccc9a202a265454,CC-fccc9a202a265454,louvain,intersection_count,100.0,0.0,1.0,20260801,1.0.0,not_used,community labels are structural network results; they are not official factions and do not replace original-setting faction metadata
JP8,cross_department,character,雾雨魔理沙,雾雨魔理沙,霧雨 魔理沙,0.0,0,0.001988071570576541,0.0,0,0.0,C-dcb583f8a350a85b,CC-dcb583f8a350a85b,louvain,intersection_count,100.0,0.0,1.0,20260801,1.0.0,not_used,community labels are structural network results; they are not official factions and do not replace original-setting faction metadata
JP8,cross_department,character,露娜切露德,露娜切露德,ルナチャイルド,0.0,0,0.001988071570576541,0.0,0,0.0,C-2edf0dc7ef9c9456,CC-2edf0dc7ef9c9456,louvain,intersection_count,100.0,0.0,1.0,20260801,1.0.0,not_used,community labels are structural network results; they are not official factions and do not replace original-setting faction metadata
JP8,cross_department,character,露娜萨普莉兹姆利巴,露娜萨·普莉兹姆利巴,ルナサ・プリズムリバー,0.0,0,0.001988071570576541,0.0,0,0.0,C-cbfd3eb31e1995c0,CC-cbfd3eb31e1995c0,louvain,intersection_count,100.0,0.0,1.0,20260801,1.0.0,not_used,community labels are structural network results; they are not official factions and do not replace original-setting faction metadata
JP8,cross_department,character,露易兹,露易兹,ルイズ,0.0,0,0.001988071570576541,0.0,0,0.0,C-1b44e23fdc2f5b63,CC-1b44e23fdc2f5b63,louvain,intersection_count,100.0,0.0,1.0,20260801,1.0.0,not_used,community labels are structural network results; they are not official factions and do not replace original-setting faction metadata
JP8,cross_department,character,露米娅,露米娅,ルーミア,0.0,0,0.001988071570576541,0.0,0,0.0,C-a5af90b2273818c8,CC-a5af90b2273818c8,louvain,intersection_count,100.0,0.0,1.0,20260801,1.0.0,not_used,community labels are structural network results; they are not official factions and do not replace original-setting faction metadata
JP8,cross_department,music,青木原的传说,青木原的传说,青木ヶ原の伝説,0.0,0,0.001988071570576541,0.0,0,0.0,C-3986af63c82cf791,CC-3986af63c82cf791,louvain,intersection_count,100.0,0.0,1.0,20260801,1.0.0,not_used,community labels are structural network results; they are not official factions and do not replace original-setting faction metadata
JP8,cross_department,music,青空之影,青空之影,青空の影,0.0,0,0.001988071570576541,0.0,0,0.0,C-5046771aa82c6008,CC-5046771aa82c6008,louvain,intersection_count,100.0,0.0,1.0,20260801,1.0.0,not_used,community labels are structural network results; they are not official factions and do not replace original-setting faction metadata
JP8,cross_department,music,非统一魔法世界论,非统一魔法世界论,非統一魔法世界論,0.0,0,0.001988071570576541,0.0,0,0.0,C-21d3a92a208c5ef6,CC-21d3a92a208c5ef6,louvain,intersection_count,100.0,0.0,1.0,20260801,1.0.0,not_used,community labels are structural network results; they are not official factions and do not replace original-setting faction metadata
JP8,cross_department,music,风之神社,风之神社,風の神社,0.0,0,0.001988071570576541,0.0,0,0.0,C-edddb550522a9351,CC-edddb550522a9351,louvain,intersection_count,100.0,0.0,1.0,20260801,1.0.0,not_used,community labels are structural network results; they are not official factions and do not replace original-setting faction metadata
JP8,cross_department,music,风光明媚,风光明媚,風光明媚,0.0,0,0.001988071570576541,0.0,0,0.0,C-8f50b507e08cef18,CC-8f50b507e08cef18,louvain,intersection_count,100.0,0.0,1.0,20260801,1.0.0,not_used,community labels are structural network results; they are not official factions and do not replace original-setting faction metadata
JP8,cross_department,music,风的循环,风的循环 ～ Wind Tour,風の循環　～ Wind Tour,0.0,0,0.001988071570576541,0.0,0,0.0,C-f7637603b053133b,CC-f7637603b053133b,louvain,intersection_count,100.0,0.0,1.0,20260801,1.0.0,not_used,community labels are structural network results; they are not official factions and do not replace original-setting faction metadata
JP8,cross_department,music,风神少女,风神少女,風神少女,0.0,0,0.001988071570576541,0.0,0,0.0,C-bfd172783dc52b6f,CC-bfd172783dc52b6f,louvain,intersection_count,100.0,0.0,1.0,20260801,1.0.0,not_used,community labels are structural network results; they are not official factions and do not replace original-setting faction metadata
JP8,cross_department,character,风见幽香,风见幽香,風見 幽香,0.0,0,0.001988071570576541,0.0,0,0.0,C-907ad346b6fc4b5b,CC-907ad346b6fc4b5b,louvain,intersection_count,100.0,0.0,1.0,20260801,1.0.0,not_used,community labels are structural network results; they are not official factions and do not replace original-setting faction metadata
JP8,cross_department,music,飘上月球不死之烟,飘上月球，不死之烟,月まで届け、不死の煙,0.0,0,0.001988071570576541,0.0,0,0.0,C-42f507fff92cd825,CC-42f507fff92cd825,louvain,intersection_count,100.0,0.0,1.0,20260801,1.0.0,not_used,community labels are structural network results; they are not official factions and do not replace original-setting faction metadata
JP8,cross_department,character,飞碟（红、蓝、绿、其他）,飞碟（红、蓝、绿、其他）,UFO（赤・青・緑、その他）,0.0,0,0.001988071570576541,0.0,0,0.0,C-271d5078a15db596,CC-271d5078a15db596,louvain,intersection_count,100.0,0.0,1.0,20260801,1.0.0,not_used,community labels are structural network results; they are not official factions and do not replace original-setting faction metadata
JP8,cross_department,music,飞翔在夜晚的鸠山,飞翔在夜晚的鸠山,夜の鳩山を飛ぶ,0.0,0,0.001988071570576541,0.0,0,0.0,C-2b0b19d238bc8cb3,CC-2b0b19d238bc8cb3,louvain,intersection_count,100.0,0.0,1.0,20260801,1.0.0,not_used,community labels are structural network results; they are not official factions and do not replace original-setting faction metadata
JP8,cross_department,music,飞舞的水飞沫,飞舞的水飞沫,踊る水飛沫,0.0,0,0.001988071570576541,0.0,0,0.0,C-33496131e88e7441,CC-33496131e88e7441,louvain,intersection_count,100.0,0.0,1.0,20260801,1.0.0,not_used,community labels are structural network results; they are not official factions and do not replace original-setting faction metadata
JP8,cross_department,music,魂之花anotherdream,魂之花 ～ Another Dream...,魂の花　～ Another Dream...,0.0,0,0.001988071570576541,0.0,0,0.0,C-95824590d90d29c7,CC-95824590d90d29c7,louvain,intersection_count,100.0,0.0,1.0,20260801,1.0.0,not_used,community labels are structural network results; they are not official factions and do not replace original-setting faction metadata
JP8,cross_department,character,魂魄妖忌,魂魄妖忌,魂魄 妖忌,0.0,0,0.001988071570576541,0.0,0,0.0,C-66d9ccf5edf08813,CC-66d9ccf5edf08813,louvain,intersection_count,100.0,0.0,1.0,20260801,1.0.0,not_used,community labels are structural network results; they are not official factions and do not replace original-setting faction metadata
JP8,cross_department,character,魂魄妖梦,魂魄妖梦,魂魄 妖夢,0.0,0,0.001988071570576541,0.0,0,0.0,C-dedfcefd3a86cf42,CC-dedfcefd3a86cf42,louvain,intersection_count,100.0,0.0,1.0,20260801,1.0.0,not_used,community labels are structural network results; they are not official factions and do not replace original-setting faction metadata
JP8,cross_department,character,魅魔,魅魔,魅魔,0.0,0,0.001988071570576541,0.0,0,0.0,C-4223360759550d5c,CC-4223360759550d5c,louvain,intersection_count,100.0,0.0,1.0,20260801,1.0.0,not_used,community labels are structural network results; they are not official factions and do not replace original-setting faction metadata
JP8,cross_department,music,魔女们的舞会,魔女们的舞会,魔女達の舞踏会,0.0,0,0.001988071570576541,0.0,0,0.0,C-40fdb78e88c561d6,CC-40fdb78e88c561d6,louvain,intersection_count,100.0,0.0,1.0,20260801,1.0.0,not_used,community labels are structural network results; they are not official factions and do not replace original-setting faction metadata
JP8,cross_department,music,魔所,魔所,魔所,0.0,0,0.001988071570576541,0.0,0,0.0,C-9d13b3b535f135b3,CC-9d13b3b535f135b3,louvain,intersection_count,100.0,0.0,1.0,20260801,1.0.0,not_used,community labels are structural network results; they are not official factions and do not replace original-setting faction metadata
JP8,cross_department,music,魔术师梅莉,魔术师梅莉,魔術師メリー,0.0,0,0.001988071570576541,0.0,0,0.0,C-fa14ecf348782361,CC-fa14ecf348782361,louvain,intersection_count,100.0,0.0,1.0,20260801,1.0.0,not_used,community labels are structural network results; they are not official factions and do not replace original-setting faction metadata
JP8,cross_department,music,魔法使的忧郁,魔法使的忧郁,魔法使いの憂鬱,0.0,0,0.001988071570576541,0.0,0,0.0,C-885c461eade3dcfd,CC-885c461eade3dcfd,louvain,intersection_count,100.0,0.0,1.0,20260801,1.0.0,not_used,community labels are structural network results; they are not official factions and do not replace original-setting faction metadata
JP8,cross_department,music,魔法决战fightitout,魔法决战！ ～ Fight it out!,魔法決戦！　～ Fight it out!,0.0,0,0.001988071570576541,0.0,0,0.0,C-d69565fa1e1d40f2,CC-d69565fa1e1d40f2,louvain,intersection_count,100.0,0.0,1.0,20260801,1.0.0,not_used,community labels are structural network results; they are not official factions and do not replace original-setting faction metadata
JP8,cross_department,music,魔法少女们的百年祭,魔法少女们的百年祭,魔法少女達の百年祭,0.0,0,0.001988071570576541,0.0,0,0.0,C-a7054d5373745b58,CC-a7054d5373745b58,louvain,intersection_count,100.0,0.0,1.0,20260801,1.0.0,not_used,community labels are structural network results; they are not official factions and do not replace original-setting faction metadata
JP8,cross_department,music,魔法少女十字军,魔法少女十字军,魔法少女十字軍,0.0,0,0.001988071570576541,0.0,0,0.0,C-30f15cc940709b68,CC-30f15cc940709b68,louvain,intersection_count,100.0,0.0,1.0,20260801,1.0.0,not_used,community labels are structural network results; they are not official factions and do not replace original-setting faction metadata
JP8,cross_department,music,魔法钟爱,魔法钟爱,魔法鐘愛,0.0,0,0.001988071570576541,0.0,0,0.0,C-53d99262423a71b8,CC-53d99262423a71b8,louvain,intersection_count,100.0,0.0,1.0,20260801,1.0.0,not_used,community labels are structural network results; they are not official factions and do not replace original-setting faction metadata
JP8,cross_department,music,魔法阵magicsquare,魔法阵 ～ Magic Square,魔法陣　～ Magic Square,0.0,0,0.001988071570576541,0.0,0,0.0,C-b92123eacfd8b393,CC-b92123eacfd8b393,louvain,intersection_count,100.0,0.0,1.0,20260801,1.0.0,not_used,community labels are structural network results; they are not official factions and do not replace original-setting faction metadata
JP8,cross_department,music,魔界地方都市秘境,魔界地方都市秘境,魔界地方都市エソテリア,0.0,0,0.001988071570576541,0.0,0,0.0,C-0b5c99e75b219f6d,CC-0b5c99e75b219f6d,louvain,intersection_count,100.0,0.0,1.0,20260801,1.0.0,not_used,community labels are structural network results; they are not official factions and do not replace original-setting faction metadata
JP8,cross_department,music,魔镜,魔镜,魔鏡,0.0,0,0.001988071570576541,0.0,0,0.0,C-a7fd7c002e64857d,CC-a7fd7c002e64857d,louvain,intersection_count,100.0,0.0,1.0,20260801,1.0.0,not_used,community labels are structural network results; they are not official factions and do not replace original-setting faction metadata
JP8,cross_department,music,鸢尾花,鸢尾花,アイリス,0.0,0,0.001988071570576541,0.0,0,0.0,C-177c64e75ad5d914,CC-177c64e75ad5d914,louvain,intersection_count,100.0,0.0,1.0,20260801,1.0.0,not_used,community labels are structural network results; they are not official factions and do not replace original-setting faction metadata
JP8,cross_department,music,黑暗的力量,黑暗的力量,やみのちから,0.0,0,0.001988071570576541,0.0,0,0.0,C-4a8d31ca984d8d0b,CC-4a8d31ca984d8d0b,louvain,intersection_count,100.0,0.0,1.0,20260801,1.0.0,not_used,community labels are structural network results; they are not official factions and do not replace original-setting faction metadata
JP8,cross_department,music,黑海中的绯红,黑海中的绯红 ～ Legendary Fish,黒い海に紅く　～ Legendary Fish,0.0,0,0.001988071570576541,0.0,0,0.0,C-169c71e01f560117,CC-169c71e01f560117,louvain,intersection_count,100.0,0.0,1.0,20260801,1.0.0,not_used,community labels are structural network results; they are not official factions and do not replace original-setting faction metadata
JP8,cross_department,character,黑谷山女,黑谷山女,黒谷 ヤマメ,0.0,0,0.001988071570576541,0.0,0,0.0,C-622b291f4199d343,CC-622b291f4199d343,louvain,intersection_count,100.0,0.0,1.0,20260801,1.0.0,not_used,community labels are structural network results; they are not official factions and do not replace original-setting faction metadata
