round_label,scope,node_type,canonical_name,name_cn,name_jp,community_id,community_rank,community_size,connected_component_id,connected_component_size,weighted_degree,unweighted_degree,pagerank,betweenness,k_core,bridge_score,algorithm,weight_metric,threshold,min_intersection_count,resolution,random_seed,software_version,official_faction_source,official_faction_note
JP18,music,music,demystifyfeast,Demystify Feast,Demystify Feast,C-09d56fc0cf375e94,1,68,CC-16bb239f1af5a46f,161,1044.0,8,0.0010950050176081795,0.0,8,0.31226053639846746,louvain,intersection_count,100.0,0.0,1.0,20260801,1.0.0,not_used,community labels are structural network results; they are not official factions and do not replace original-setting faction metadata
JP18,music,music,thegrimoireofalice,the Grimoire of Alice,the Grimoire of Alice,C-09d56fc0cf375e94,1,68,CC-16bb239f1af5a46f,161,354.0,3,0.0007536912618599014,0.0,3,0.288135593220339,louvain,intersection_count,100.0,0.0,1.0,20260801,1.0.0,not_used,community labels are structural network results; they are not official factions and do not replace original-setting faction metadata
JP18,music,music,あの賑やかな市場は今どこにimmemorialmarketeers,熙攘市场今何在 ～ Immemorial Marketeers,あの賑やかな市場は今どこに　〜 Immemorial Marketeers,C-09d56fc0cf375e94,1,68,CC-16bb239f1af5a46f,161,4972.0,19,0.0037184420369003523,0.0,10,0.21259050683829445,louvain,intersection_count,100.0,0.0,1.0,20260801,1.0.0,not_used,community labels are structural network results; they are not official factions and do not replace original-setting faction metadata
JP18,music,music,いざ倒れ逝くその時まで,来吧，直到倒地死去的那一刻,いざ、倒れ逝くその時まで,C-09d56fc0cf375e94,1,68,CC-16bb239f1af5a46f,161,107.0,1,0.0005714261414973308,0.0,1,0.0,louvain,intersection_count,100.0,0.0,1.0,20260801,1.0.0,not_used,community labels are structural network results; they are not official factions and do not replace original-setting faction metadata
JP18,music,music,アンロケイテッドヘル,Unlocated Hell,アンロケイテッドヘル,C-09d56fc0cf375e94,1,68,CC-16bb239f1af5a46f,161,782.0,5,0.0010033631684714564,0.0,5,0.0,louvain,intersection_count,100.0,0.0,1.0,20260801,1.0.0,not_used,community labels are structural network results; they are not official factions and do not replace original-setting faction metadata
JP18,music,music,エレクトリックヘリテージ,Electric Heritage,エレクトリックヘリテージ,C-09d56fc0cf375e94,1,68,CC-16bb239f1af5a46f,161,172.0,1,0.0006148664682384716,0.0,1,0.0,louvain,intersection_count,100.0,0.0,1.0,20260801,1.0.0,not_used,community labels are structural network results; they are not official factions and do not replace original-setting faction metadata
JP18,music,music,クレイジーバックダンサーズ,Crazy Back Dancers,クレイジーバックダンサーズ,C-09d56fc0cf375e94,1,68,CC-16bb239f1af5a46f,161,2413.0,14,0.0016758128342312414,0.0,12,0.6208039784500622,louvain,intersection_count,100.0,0.0,1.0,20260801,1.0.0,not_used,community labels are structural network results; they are not official factions and do not replace original-setting faction metadata
JP18,music,music,セラフィックチキン,Seraphic Chicken,セラフィックチキン,C-09d56fc0cf375e94,1,68,CC-16bb239f1af5a46f,161,132.0,1,0.0005881339594746926,0.0,1,0.0,louvain,intersection_count,100.0,0.0,1.0,20260801,1.0.0,not_used,community labels are structural network results; they are not official factions and do not replace original-setting faction metadata
JP18,music,music,セラミックスの杖刀人,陶瓷的杖刀人,セラミックスの杖刀人,C-09d56fc0cf375e94,1,68,CC-16bb239f1af5a46f,161,311.0,2,0.0006837590559050753,0.0,2,0.3279742765273312,louvain,intersection_count,100.0,0.0,1.0,20260801,1.0.0,not_used,community labels are structural network results; they are not official factions and do not replace original-setting faction metadata
JP18,music,music,デザイアドライブ,Desire Drive,デザイアドライブ,C-09d56fc0cf375e94,1,68,CC-16bb239f1af5a46f,161,5823.0,20,0.0038692738368456903,0.0,11,0.531512965825176,louvain,intersection_count,100.0,0.0,1.0,20260801,1.0.0,not_used,community labels are structural network results; they are not official factions and do not replace original-setting faction metadata
JP18,music,music,パンデモニックプラネット,Pandemonic Planet,パンデモニックプラネット,C-09d56fc0cf375e94,1,68,CC-16bb239f1af5a46f,161,3790.0,16,0.00246690195766045,0.0,12,0.5163588390501319,louvain,intersection_count,100.0,0.0,1.0,20260801,1.0.0,not_used,community labels are structural network results; they are not official factions and do not replace original-setting faction metadata
JP18,music,music,ヒロシゲ36号neosuperexpress,广重36号 ～ Neo Super-Express,ヒロシゲ36号　～ Neo Super-Express,C-09d56fc0cf375e94,1,68,CC-16bb239f1af5a46f,161,1149.0,10,0.0012407592450403514,0.0,9,0.48389904264577893,louvain,intersection_count,100.0,0.0,1.0,20260801,1.0.0,not_used,community labels are structural network results; they are not official factions and do not replace original-setting faction metadata
JP18,music,music,ビーストメトロポリス,Beast Metropolis,ビーストメトロポリス,C-09d56fc0cf375e94,1,68,CC-16bb239f1af5a46f,161,171.0,1,0.000614198155519377,0.0,1,0.0,louvain,intersection_count,100.0,0.0,1.0,20260801,1.0.0,not_used,community labels are structural network results; they are not official factions and do not replace original-setting faction metadata
JP18,music,music,ピュアヒューリーズ心の在処,Pure Furies ～ 心之所在,ピュアヒューリーズ　～ 心の在処,C-09d56fc0cf375e94,1,68,CC-16bb239f1af5a46f,161,22982.0,71,0.01567574091531294,0.0007776484520729668,12,0.38421373248629365,louvain,intersection_count,100.0,0.0,1.0,20260801,1.0.0,not_used,community labels are structural network results; they are not official factions and do not replace original-setting faction metadata
JP18,music,music,メイガスナイト,Magus Night,メイガスナイト,C-09d56fc0cf375e94,1,68,CC-16bb239f1af5a46f,161,3188.0,13,0.0020147225810506933,0.0,11,0.7481179422835633,louvain,intersection_count,100.0,0.0,1.0,20260801,1.0.0,not_used,community labels are structural network results; they are not official factions and do not replace original-setting faction metadata
JP18,music,music,ラストオカルティズム現し世の秘術師,Last Occultism ～ 现世的秘术师,ラストオカルティズム　～ 現し世の秘術師,C-09d56fc0cf375e94,1,68,CC-16bb239f1af5a46f,161,910.0,6,0.001015027737594461,0.0,6,0.23076923076923078,louvain,intersection_count,100.0,0.0,1.0,20260801,1.0.0,not_used,community labels are structural network results; they are not official factions and do not replace original-setting faction metadata
JP18,music,music,リバースイデオロギー,Reverse Ideology,リバースイデオロギー,C-09d56fc0cf375e94,1,68,CC-16bb239f1af5a46f,161,2458.0,13,0.0016759646788237059,0.0,12,0.6720911310008136,louvain,intersection_count,100.0,0.0,1.0,20260801,1.0.0,not_used,community labels are structural network results; they are not official factions and do not replace original-setting faction metadata
JP18,music,music,リーインカーネイション,Reincarnation,リーインカーネイション,C-09d56fc0cf375e94,1,68,CC-16bb239f1af5a46f,161,351.0,3,0.0006798166566251727,0.0,3,0.6324786324786325,louvain,intersection_count,100.0,0.0,1.0,20260801,1.0.0,not_used,community labels are structural network results; they are not official factions and do not replace original-setting faction metadata
JP18,music,music,不思議なお祓い棒,不可思议的驱魔棒,不思議なお祓い棒,C-09d56fc0cf375e94,1,68,CC-16bb239f1af5a46f,161,399.0,3,0.0007454787832389488,0.0,3,0.0,louvain,intersection_count,100.0,0.0,1.0,20260801,1.0.0,not_used,community labels are structural network results; they are not official factions and do not replace original-setting faction metadata
JP18,music,music,不思議の国のアリス,不可思议之国的爱丽丝,不思議の国のアリス,C-09d56fc0cf375e94,1,68,CC-16bb239f1af5a46f,161,1229.0,10,0.001396741969532095,0.0,8,0.5777054515866559,louvain,intersection_count,100.0,0.0,1.0,20260801,1.0.0,not_used,community labels are structural network results; they are not official factions and do not replace original-setting faction metadata
JP18,music,music,二色蓮花蝶,二色莲花蝶,二色蓮花蝶,C-09d56fc0cf375e94,1,68,CC-16bb239f1af5a46f,161,2060.0,12,0.0014663374128958927,0.0,11,0.7014563106796117,louvain,intersection_count,100.0,0.0,1.0,20260801,1.0.0,not_used,community labels are structural network results; they are not official factions and do not replace original-setting faction metadata
JP18,music,music,亡失のエモーション,亡失的情感,亡失のエモーション,C-09d56fc0cf375e94,1,68,CC-16bb239f1af5a46f,161,1840.0,11,0.0013752172581335087,0.0,11,0.6858695652173913,louvain,intersection_count,100.0,0.0,1.0,20260801,1.0.0,not_used,community labels are structural network results; they are not official factions and do not replace original-setting faction metadata
JP18,music,music,今宵は飄逸なエゴイストliveveregoisticflowers,今宵是飘逸的自我主义者(Live ver) ～ Egoistic Flowers.,今宵は飄逸なエゴイスト(Live ver)　～ Egoistic Flowers.,C-09d56fc0cf375e94,1,68,CC-16bb239f1af5a46f,161,8535.0,27,0.005469138482346553,0.0,11,0.3507908611599297,louvain,intersection_count,100.0,0.0,1.0,20260801,1.0.0,not_used,community labels are structural network results; they are not official factions and do not replace original-setting faction metadata
JP18,music,music,他愛も無い二人の博物誌,二人不值一提的博物志,他愛も無い二人の博物誌,C-09d56fc0cf375e94,1,68,CC-16bb239f1af5a46f,161,126.0,1,0.0005841240831601258,0.0,1,0.0,louvain,intersection_count,100.0,0.0,1.0,20260801,1.0.0,not_used,community labels are structural network results; they are not official factions and do not replace original-setting faction metadata
JP18,music,music,偶像に世界を委ねてidoratrizeworld,寄世界于偶像 ～ Idoratrize World,偶像に世界を委ねて　〜Idoratrize World,C-09d56fc0cf375e94,1,68,CC-16bb239f1af5a46f,161,37673.0,105,0.029620405960526865,0.011720636146929813,12,0.47670745626841504,louvain,intersection_count,100.0,0.0,1.0,20260801,1.0.0,not_used,community labels are structural network results; they are not official factions and do not replace original-setting faction metadata
JP18,music,music,兎は舞い降りた,兔已着陆,兎は舞い降りた,C-09d56fc0cf375e94,1,68,CC-16bb239f1af5a46f,161,239.0,2,0.0006505239937961724,0.0,2,0.0,louvain,intersection_count,100.0,0.0,1.0,20260801,1.0.0,not_used,community labels are structural network results; they are not official factions and do not replace original-setting faction metadata
JP18,music,music,凍り付いた永遠の都,冻结的永远之都,凍り付いた永遠の都,C-09d56fc0cf375e94,1,68,CC-16bb239f1af5a46f,161,249.0,2,0.0006568529684969568,0.0,2,0.0,louvain,intersection_count,100.0,0.0,1.0,20260801,1.0.0,not_used,community labels are structural network results; they are not official factions and do not replace original-setting faction metadata
JP18,music,music,古きユアンシェン,古老的元神,古きユアンシェン,C-09d56fc0cf375e94,1,68,CC-16bb239f1af5a46f,161,1735.0,10,0.0013956726574551215,0.0,10,0.45936599423631125,louvain,intersection_count,100.0,0.0,1.0,20260801,1.0.0,not_used,community labels are structural network results; they are not official factions and do not replace original-setting faction metadata
JP18,music,music,夢消失lostdream,梦消失 ～ Lost Dream,夢消失　～ Lost Dream,C-09d56fc0cf375e94,1,68,CC-16bb239f1af5a46f,161,396.0,3,0.0007837217487414385,0.0,3,0.0,louvain,intersection_count,100.0,0.0,1.0,20260801,1.0.0,not_used,community labels are structural network results; they are not official factions and do not replace original-setting faction metadata
JP18,music,music,大神神話伝,大神神话传,大神神話伝,C-09d56fc0cf375e94,1,68,CC-16bb239f1af5a46f,161,242.0,2,0.0006581929218789776,0.0,2,0.0,louvain,intersection_count,100.0,0.0,1.0,20260801,1.0.0,not_used,community labels are structural network results; they are not official factions and do not replace original-setting faction metadata
JP18,music,music,天空のグリニッジ,天空的格林尼治,天空のグリニッジ,C-09d56fc0cf375e94,1,68,CC-16bb239f1af5a46f,161,2116.0,12,0.0017034609324770701,0.0,10,0.6474480151228733,louvain,intersection_count,100.0,0.0,1.0,20260801,1.0.0,not_used,community labels are structural network results; they are not official factions and do not replace original-setting faction metadata
JP18,music,music,天空の花の都,天空的花都,天空の花の都,C-09d56fc0cf375e94,1,68,CC-16bb239f1af5a46f,161,1079.0,8,0.0010029757769335788,0.0,8,0.7460611677479148,louvain,intersection_count,100.0,0.0,1.0,20260801,1.0.0,not_used,community labels are structural network results; they are not official factions and do not replace original-setting faction metadata
JP18,music,music,始原のビートpristinebeat,原初的节拍 ～ Pristine Beat,始原のビート　～ Pristine Beat,C-09d56fc0cf375e94,1,68,CC-16bb239f1af5a46f,161,1778.0,11,0.0014261716648879626,0.0,11,0.3953880764904387,louvain,intersection_count,100.0,0.0,1.0,20260801,1.0.0,not_used,community labels are structural network results; they are not official factions and do not replace original-setting faction metadata
JP18,music,music,少女秘封倶楽部,少女秘封俱乐部,少女秘封倶楽部,C-09d56fc0cf375e94,1,68,CC-16bb239f1af5a46f,161,329.0,3,0.0007469882449978513,0.0,3,0.0,louvain,intersection_count,100.0,0.0,1.0,20260801,1.0.0,not_used,community labels are structural network results; they are not official factions and do not replace original-setting faction metadata
JP18,music,music,希望の星は青霄に昇る,希望之星直升青霄,希望の星は青霄に昇る,C-09d56fc0cf375e94,1,68,CC-16bb239f1af5a46f,161,114.0,1,0.0005761043305309921,0.0,1,0.0,louvain,intersection_count,100.0,0.0,1.0,20260801,1.0.0,not_used,community labels are structural network results; they are not official factions and do not replace original-setting faction metadata
JP18,music,music,幻想のホワイトトラベラー,幻想的White Traveler,幻想のホワイトトラベラー,C-09d56fc0cf375e94,1,68,CC-16bb239f1af5a46f,161,350.0,2,0.000722581790674697,0.0,2,0.0,louvain,intersection_count,100.0,0.0,1.0,20260801,1.0.0,not_used,community labels are structural network results; they are not official factions and do not replace original-setting faction metadata
JP18,music,music,幻想の地下大線路網,幻想地下大轨道网,幻想の地下大線路網,C-09d56fc0cf375e94,1,68,CC-16bb239f1af5a46f,161,165.0,1,0.0006101882792048102,0.0,1,0.0,louvain,intersection_count,100.0,0.0,1.0,20260801,1.0.0,not_used,community labels are structural network results; they are not official factions and do not replace original-setting faction metadata
JP18,music,music,幻想浄瑠璃,幻想净琉璃,幻想浄瑠璃,C-09d56fc0cf375e94,1,68,CC-16bb239f1af5a46f,161,426.0,3,0.0007585410231886223,0.0,3,0.0,louvain,intersection_count,100.0,0.0,1.0,20260801,1.0.0,not_used,community labels are structural network results; they are not official factions and do not replace original-setting faction metadata
JP18,music,music,幼心地の有頂天,幼小的有顶天,幼心地の有頂天,C-09d56fc0cf375e94,1,68,CC-16bb239f1af5a46f,161,112.0,1,0.0005740704066153859,0.0,1,0.0,louvain,intersection_count,100.0,0.0,1.0,20260801,1.0.0,not_used,community labels are structural network results; they are not official factions and do not replace original-setting faction metadata
JP18,music,music,幽夢inanimatedream,幽梦 ～ Inanimate Dream,幽夢　～ Inanimate Dream,C-09d56fc0cf375e94,1,68,CC-16bb239f1af5a46f,161,110.0,1,0.0005734310796546142,0.0,1,0.0,louvain,intersection_count,100.0,0.0,1.0,20260801,1.0.0,not_used,community labels are structural network results; they are not official factions and do not replace original-setting faction metadata
JP18,music,music,幽霊客船の時空を越えた旅,幽灵客船的穿越时空之旅,幽霊客船の時空を越えた旅,C-09d56fc0cf375e94,1,68,CC-16bb239f1af5a46f,161,545.0,5,0.0007744966073806124,0.0,5,0.5724770642201835,louvain,intersection_count,100.0,0.0,1.0,20260801,1.0.0,not_used,community labels are structural network results; they are not official factions and do not replace original-setting faction metadata
JP18,music,music,強欲な獣のメメント,贪欲之兽的记忆,強欲な獣のメメント,C-09d56fc0cf375e94,1,68,CC-16bb239f1af5a46f,161,735.0,5,0.0009838891785350801,0.0,5,0.0,louvain,intersection_count,100.0,0.0,1.0,20260801,1.0.0,not_used,community labels are structural network results; they are not official factions and do not replace original-setting faction metadata
JP18,music,music,待ちわびた逢魔が時,渴盼已久的逢魔之刻,待ちわびた逢魔が時,C-09d56fc0cf375e94,1,68,CC-16bb239f1af5a46f,161,448.0,3,0.0007856162160372639,0.0,3,0.0,louvain,intersection_count,100.0,0.0,1.0,20260801,1.0.0,not_used,community labels are structural network results; they are not official factions and do not replace original-setting faction metadata
JP18,music,music,感情の摩天楼cosmicmind,感情的摩天楼 ～ Cosmic Mind,感情の摩天楼　～ Cosmic Mind,C-09d56fc0cf375e94,1,68,CC-16bb239f1af5a46f,161,7585.0,22,0.0044223969895970045,0.0,12,0.5062623599208965,louvain,intersection_count,100.0,0.0,1.0,20260801,1.0.0,not_used,community labels are structural network results; they are not official factions and do not replace original-setting faction metadata
JP18,music,music,憑坐は夢と現の間にnecrofantasia,凭坐处于梦与现实之间 ～ Necro-Fantasia,憑坐は夢と現の間に　～ Necro-Fantasia,C-09d56fc0cf375e94,1,68,CC-16bb239f1af5a46f,161,111.0,1,0.0005740993923737087,0.0,1,0.0,louvain,intersection_count,100.0,0.0,1.0,20260801,1.0.0,not_used,community labels are structural network results; they are not official factions and do not replace original-setting faction metadata
JP18,music,music,故郷の星が映る海,故乡之星倒映之海,故郷の星が映る海,C-09d56fc0cf375e94,1,68,CC-16bb239f1af5a46f,161,1994.0,11,0.0015614524583473259,0.0,11,0.3856569709127382,louvain,intersection_count,100.0,0.0,1.0,20260801,1.0.0,not_used,community labels are structural network results; they are not official factions and do not replace original-setting faction metadata
JP18,music,music,星条旗のピエロ,星条旗的小丑,星条旗のピエロ,C-09d56fc0cf375e94,1,68,CC-16bb239f1af5a46f,161,4036.0,15,0.0025324845416269605,0.0,12,0.6560951437066402,louvain,intersection_count,100.0,0.0,1.0,20260801,1.0.0,not_used,community labels are structural network results; they are not official factions and do not replace original-setting faction metadata
JP18,music,music,星降る天魔の山,天魔之山漫天星,星降る天魔の山,C-09d56fc0cf375e94,1,68,CC-16bb239f1af5a46f,161,643.0,4,0.0009153653012598518,0.0,4,0.0,louvain,intersection_count,100.0,0.0,1.0,20260801,1.0.0,not_used,community labels are structural network results; they are not official factions and do not replace original-setting faction metadata
JP18,music,music,春の湊に,春之岸边,春の湊に,C-09d56fc0cf375e94,1,68,CC-16bb239f1af5a46f,161,2420.0,12,0.0016787191079080236,0.0,11,0.6809917355371901,louvain,intersection_count,100.0,0.0,1.0,20260801,1.0.0,not_used,community labels are structural network results; they are not official factions and do not replace original-setting faction metadata
JP18,music,music,有機体全てのメメントmemoryoffossilenergy,全有机体的记忆 ～ Memory of Fossil Energy.,有機体全てのメメント　～ Memory of Fossil Energy.,C-09d56fc0cf375e94,1,68,CC-16bb239f1af5a46f,161,1981.0,10,0.0018072707005701882,0.0,8,0.12973245835436648,louvain,intersection_count,100.0,0.0,1.0,20260801,1.0.0,not_used,community labels are structural network results; they are not official factions and do not replace original-setting faction metadata
JP18,music,music,有頂天変wonderfulheaven,有顶天变 ～ Wonderful Heaven,有頂天変　～ Wonderful Heaven,C-09d56fc0cf375e94,1,68,CC-16bb239f1af5a46f,161,3046.0,13,0.002372607663680091,0.0002693814899337728,11,0.6602101116217991,louvain,intersection_count,100.0,0.0,1.0,20260801,1.0.0,not_used,community labels are structural network results; they are not official factions and do not replace original-setting faction metadata
JP18,music,music,東の国の眠らない夜,东之国的不眠夜,東の国の眠らない夜,C-09d56fc0cf375e94,1,68,CC-16bb239f1af5a46f,161,1307.0,10,0.0011907536446111617,0.0,9,0.5646518745218057,louvain,intersection_count,100.0,0.0,1.0,20260801,1.0.0,not_used,community labels are structural network results; they are not official factions and do not replace original-setting faction metadata
JP18,music,music,東方緋想天,东方绯想天,東方緋想天,C-09d56fc0cf375e94,1,68,CC-16bb239f1af5a46f,161,582.0,5,0.0007948466092448301,0.0,5,0.6013745704467354,louvain,intersection_count,100.0,0.0,1.0,20260801,1.0.0,not_used,community labels are structural network results; they are not official factions and do not replace original-setting faction metadata
JP18,music,music,死霊の夜桜,死灵的夜樱,死霊の夜桜,C-09d56fc0cf375e94,1,68,CC-16bb239f1af5a46f,161,496.0,4,0.0007818389102937694,0.0,4,0.21774193548387097,louvain,intersection_count,100.0,0.0,1.0,20260801,1.0.0,not_used,community labels are structural network results; they are not official factions and do not replace original-setting faction metadata
JP18,music,music,永遠の春夢,永远的春梦,永遠の春夢,C-09d56fc0cf375e94,1,68,CC-16bb239f1af5a46f,161,1490.0,10,0.0013022237397482185,0.0,10,0.35570469798657717,louvain,intersection_count,100.0,0.0,1.0,20260801,1.0.0,not_used,community labels are structural network results; they are not official factions and do not replace original-setting faction metadata
JP18,music,music,無間の鐘infinitenightmare,无间之钟 ～ Infinite Nightmare,無間の鐘　～ Infinite Nightmare,C-09d56fc0cf375e94,1,68,CC-16bb239f1af5a46f,161,134.0,1,0.0005894705849128816,0.0,1,0.0,louvain,intersection_count,100.0,0.0,1.0,20260801,1.0.0,not_used,community labels are structural network results; they are not official factions and do not replace original-setting faction metadata
JP18,music,music,神さびた古戦場suwafoughtenfield,神圣庄严的古战场 ～ Suwa Foughten Field,神さびた古戦場　～ Suwa Foughten Field,C-09d56fc0cf375e94,1,68,CC-16bb239f1af5a46f,161,2719.0,13,0.0017972281374035257,0.0,12,0.5961750643618977,louvain,intersection_count,100.0,0.0,1.0,20260801,1.0.0,not_used,community labels are structural network results; they are not official factions and do not replace original-setting faction metadata
JP18,music,music,秘匿されたフォーシーズンズ,被秘匿的四个季节,秘匿されたフォーシーズンズ,C-09d56fc0cf375e94,1,68,CC-16bb239f1af5a46f,161,2056.0,10,0.0016444895948717177,0.0,10,0.19503891050583658,louvain,intersection_count,100.0,0.0,1.0,20260801,1.0.0,not_used,community labels are structural network results; they are not official factions and do not replace original-setting faction metadata
JP18,music,music,秘神マターラhiddenstarinallseasons,秘神摩多罗 ～ Hidden Star in All Seasons.,秘神マターラ　～ Hidden Star in All Seasons.,C-09d56fc0cf375e94,1,68,CC-16bb239f1af5a46f,161,4010.0,14,0.002741744792037916,0.0,10,0.32643391521197007,louvain,intersection_count,100.0,0.0,1.0,20260801,1.0.0,not_used,community labels are structural network results; they are not official factions and do not replace original-setting faction metadata
JP18,music,music,聖徳伝説trueadministrator,圣德传说 ～ True Administrator,聖徳伝説　～ True Administrator,C-09d56fc0cf375e94,1,68,CC-16bb239f1af5a46f,161,2936.0,12,0.0022225639591503276,0.0002693814899337728,10,0.5061307901907357,louvain,intersection_count,100.0,0.0,1.0,20260801,1.0.0,not_used,community labels are structural network results; they are not official factions and do not replace original-setting faction metadata
JP18,music,music,聖徳太子のペガサスdarkpegasus,圣德太子的天马 ～ Dark Pegasus,聖徳太子のペガサス　〜Dark Pegasus,C-09d56fc0cf375e94,1,68,CC-16bb239f1af5a46f,161,269.0,2,0.0006706619134915466,0.0,2,0.0,louvain,intersection_count,100.0,0.0,1.0,20260801,1.0.0,not_used,community labels are structural network results; they are not official factions and do not replace original-setting faction metadata
JP18,music,music,蓬莱伝説,蓬莱传说,蓬莱伝説,C-09d56fc0cf375e94,1,68,CC-16bb239f1af5a46f,161,134.0,1,0.0005894705849128816,0.0,1,0.0,louvain,intersection_count,100.0,0.0,1.0,20260801,1.0.0,not_used,community labels are structural network results; they are not official factions and do not replace original-setting faction metadata
JP18,music,music,見た事も無い悪夢の世界,前所未见的噩梦世界,見た事も無い悪夢の世界,C-09d56fc0cf375e94,1,68,CC-16bb239f1af5a46f,161,101.0,1,0.0005584739148062152,0.0,1,0.0,louvain,intersection_count,100.0,0.0,1.0,20260801,1.0.0,not_used,community labels are structural network results; they are not official factions and do not replace original-setting faction metadata
JP18,music,music,輝く針の小人族littleprincess,辉光之针的小人族 ～ Little Princess,輝く針の小人族　～ Little Princess,C-09d56fc0cf375e94,1,68,CC-16bb239f1af5a46f,161,6295.0,20,0.004017052406160004,0.0,12,0.387450357426529,louvain,intersection_count,100.0,0.0,1.0,20260801,1.0.0,not_used,community labels are structural network results; they are not official factions and do not replace original-setting faction metadata
JP18,music,music,逆転するホイールオブフォーチュン,逆转的命运之轮,逆転するホイールオブフォーチュン,C-09d56fc0cf375e94,1,68,CC-16bb239f1af5a46f,161,494.0,4,0.0007553810833863739,0.0,4,0.5182186234817814,louvain,intersection_count,100.0,0.0,1.0,20260801,1.0.0,not_used,community labels are structural network results; they are not official factions and do not replace original-setting faction metadata
JP18,music,music,遥か38万キロのボヤージュ,遥遥38万公里的航程,遥か38万キロのボヤージュ,C-09d56fc0cf375e94,1,68,CC-16bb239f1af5a46f,161,523.0,3,0.0008156471767244807,0.0,3,0.0,louvain,intersection_count,100.0,0.0,1.0,20260801,1.0.0,not_used,community labels are structural network results; they are not official factions and do not replace original-setting faction metadata
JP18,music,music,霊知の太陽信仰nuclearfusion,灵知的太阳信仰 ～ Nuclear Fusion,霊知の太陽信仰　～ Nuclear Fusion,C-09d56fc0cf375e94,1,68,CC-16bb239f1af5a46f,161,4400.0,14,0.002655001505099373,0.0,12,0.7340909090909091,louvain,intersection_count,100.0,0.0,1.0,20260801,1.0.0,not_used,community labels are structural network results; they are not official factions and do not replace original-setting faction metadata
JP18,music,music,龍王殺しのプリンセス,灭杀龙王的公主,龍王殺しのプリンセス,C-09d56fc0cf375e94,1,68,CC-16bb239f1af5a46f,161,1980.0,11,0.0016270919682759915,0.0,10,0.3792929292929293,louvain,intersection_count,100.0,0.0,1.0,20260801,1.0.0,not_used,community labels are structural network results; they are not official factions and do not replace original-setting faction metadata
JP18,music,music,badapple,Bad Apple!!,Bad Apple!!,C-04e551a31ffd6cf4,2,44,CC-16bb239f1af5a46f,161,3770.0,10,0.0020249318401910823,0.0,10,0.27320954907161804,louvain,intersection_count,100.0,0.0,1.0,20260801,1.0.0,not_used,community labels are structural network results; they are not official factions and do not replace original-setting faction metadata
JP18,music,music,unオーエンは彼女なのか,U.N.OWEN就是她吗？,U.N.オーエンは彼女なのか？,C-04e551a31ffd6cf4,2,44,CC-16bb239f1af5a46f,161,87802.0,123,0.04472637633119839,0.014312797653839703,12,0.516149973804697,louvain,intersection_count,100.0,0.0,1.0,20260801,1.0.0,not_used,community labels are structural network results; they are not official factions and do not replace original-setting faction metadata
JP18,music,music,おてんば恋娘,活泼的纯情小姑娘,おてんば恋娘,C-04e551a31ffd6cf4,2,44,CC-16bb239f1af5a46f,161,17410.0,22,0.007715192038772889,0.0,12,0.23354394026421596,louvain,intersection_count,100.0,0.0,1.0,20260801,1.0.0,not_used,community labels are structural network results; they are not official factions and do not replace original-setting faction metadata
JP18,music,music,ほおずきみたいに紅い魂,如鬼灯般的红色之魂,ほおずきみたいに紅い魂,C-04e551a31ffd6cf4,2,44,CC-16bb239f1af5a46f,161,3142.0,11,0.0017944287121244387,0.0,11,0.13080840229153406,louvain,intersection_count,100.0,0.0,1.0,20260801,1.0.0,not_used,community labels are structural network results; they are not official factions and do not replace original-setting faction metadata
JP18,music,music,もう歌しか聞こえない,已经只能听见歌声了,もう歌しか聞こえない,C-04e551a31ffd6cf4,2,44,CC-16bb239f1af5a46f,161,2629.0,13,0.0016243664505454995,0.0,12,0.4130848231266641,louvain,intersection_count,100.0,0.0,1.0,20260801,1.0.0,not_used,community labels are structural network results; they are not official factions and do not replace original-setting faction metadata
JP18,music,music,アンノウンx,未知物X,アンノウンX,C-04e551a31ffd6cf4,2,44,CC-16bb239f1af5a46f,161,665.0,5,0.0008033646180511968,0.0,5,0.36390977443609024,louvain,intersection_count,100.0,0.0,1.0,20260801,1.0.0,not_used,community labels are structural network results; they are not official factions and do not replace original-setting faction metadata
JP18,music,music,オリエンタルダークフライト,Oriental Dark Flight,オリエンタルダークフライト,C-04e551a31ffd6cf4,2,44,CC-16bb239f1af5a46f,161,288.0,2,0.0006171315353131199,0.0,2,0.0,louvain,intersection_count,100.0,0.0,1.0,20260801,1.0.0,not_used,community labels are structural network results; they are not official factions and do not replace original-setting faction metadata
JP18,music,music,キャプテンムラサ,Captain Murasa,キャプテン・ムラサ,C-04e551a31ffd6cf4,2,44,CC-16bb239f1af5a46f,161,115.0,1,0.0005497105723376775,0.0,1,0.0,louvain,intersection_count,100.0,0.0,1.0,20260801,1.0.0,not_used,community labels are structural network results; they are not official factions and do not replace original-setting faction metadata
JP18,music,music,クリスタライズシルバー,Crystallize Silver,クリスタライズシルバー,C-04e551a31ffd6cf4,2,44,CC-16bb239f1af5a46f,161,224.0,2,0.0005934291463470115,0.0,2,0.0,louvain,intersection_count,100.0,0.0,1.0,20260801,1.0.0,not_used,community labels are structural network results; they are not official factions and do not replace original-setting faction metadata
JP18,music,music,ツェペシュの幼き末裔,特佩斯的年幼末裔,ツェペシュの幼き末裔,C-04e551a31ffd6cf4,2,44,CC-16bb239f1af5a46f,161,2472.0,10,0.0015026904775471842,0.0,10,0.1262135922330097,louvain,intersection_count,100.0,0.0,1.0,20260801,1.0.0,not_used,community labels are structural network results; they are not official factions and do not replace original-setting faction metadata
JP18,music,music,ティアオイエツォンwitheredleaf,凋叶棕（withered leaf）,ティアオイエツォン(withered leaf),C-04e551a31ffd6cf4,2,44,CC-16bb239f1af5a46f,161,122.0,1,0.0005527415048810182,0.0,1,0.0,louvain,intersection_count,100.0,0.0,1.0,20260801,1.0.0,not_used,community labels are structural network results; they are not official factions and do not replace original-setting faction metadata
JP18,music,music,フラワリングナイト,Flowering Night,フラワリングナイト,C-04e551a31ffd6cf4,2,44,CC-16bb239f1af5a46f,161,10433.0,12,0.004732660205863127,0.0,11,0.3052813188919774,louvain,intersection_count,100.0,0.0,1.0,20260801,1.0.0,not_used,community labels are structural network results; they are not official factions and do not replace original-setting faction metadata
JP18,music,music,ブクレシュティの人形師,布加勒斯特的人偶师,ブクレシュティの人形師,C-04e551a31ffd6cf4,2,44,CC-16bb239f1af5a46f,161,1456.0,10,0.0011032185727285725,0.0,10,0.3159340659340659,louvain,intersection_count,100.0,0.0,1.0,20260801,1.0.0,not_used,community labels are structural network results; they are not official factions and do not replace original-setting faction metadata
JP18,music,music,メイドと血の懐中時計,女仆与血之怀表,メイドと血の懐中時計,C-04e551a31ffd6cf4,2,44,CC-16bb239f1af5a46f,161,6947.0,14,0.003353599987575926,0.0,11,0.18353246005469986,louvain,intersection_count,100.0,0.0,1.0,20260801,1.0.0,not_used,community labels are structural network results; they are not official factions and do not replace original-setting faction metadata
JP18,music,music,ラクトガール少女密室,Locked Girl ～ 少女密室,ラクトガール　～ 少女密室,C-04e551a31ffd6cf4,2,44,CC-16bb239f1af5a46f,161,5630.0,14,0.002832986797418691,0.0,12,0.3163410301953819,louvain,intersection_count,100.0,0.0,1.0,20260801,1.0.0,not_used,community labels are structural network results; they are not official factions and do not replace original-setting faction metadata
JP18,music,music,ルーネイトエルフ,Lunate Elf,ルーネイトエルフ,C-04e551a31ffd6cf4,2,44,CC-16bb239f1af5a46f,161,2530.0,13,0.0015381176885439372,0.0,11,0.17984189723320157,louvain,intersection_count,100.0,0.0,1.0,20260801,1.0.0,not_used,community labels are structural network results; they are not official factions and do not replace original-setting faction metadata
JP18,music,music,ヴワル魔法図書館,伏瓦鲁魔法图书馆,ヴワル魔法図書館,C-04e551a31ffd6cf4,2,44,CC-16bb239f1af5a46f,161,2393.0,11,0.0014699398106126952,0.0,11,0.12787296280819055,louvain,intersection_count,100.0,0.0,1.0,20260801,1.0.0,not_used,community labels are structural network results; they are not official factions and do not replace original-setting faction metadata
JP18,music,music,万年置き傘にご注意を,请注意万年备用伞,万年置き傘にご注意を,C-04e551a31ffd6cf4,2,44,CC-16bb239f1af5a46f,161,1173.0,9,0.0010226472223907228,0.0,9,0.4475703324808184,louvain,intersection_count,100.0,0.0,1.0,20260801,1.0.0,not_used,community labels are structural network results; they are not official factions and do not replace original-setting faction metadata
JP18,music,music,上海紅茶館chinesetea,上海红茶馆 ～ Chinese Tea,上海紅茶館　～ Chinese Tea,C-04e551a31ffd6cf4,2,44,CC-16bb239f1af5a46f,161,35686.0,73,0.016892495943877695,0.0,12,0.4801322647536849,louvain,intersection_count,100.0,0.0,1.0,20260801,1.0.0,not_used,community labels are structural network results; they are not official factions and do not replace original-setting faction metadata
JP18,music,music,亡き王女の為のセプテット,献给已逝公主的七重奏,亡き王女の為のセプテット,C-04e551a31ffd6cf4,2,44,CC-16bb239f1af5a46f,161,71872.0,108,0.03466827137834043,0.0010538068348352621,12,0.5117709260908282,louvain,intersection_count,100.0,0.0,1.0,20260801,1.0.0,not_used,community labels are structural network results; they are not official factions and do not replace original-setting faction metadata
JP18,music,music,人形裁判,人偶裁判,人形裁判,C-04e551a31ffd6cf4,2,44,CC-16bb239f1af5a46f,161,6293.0,13,0.0033218303323139667,0.0,10,0.4028285396472271,louvain,intersection_count,100.0,0.0,1.0,20260801,1.0.0,not_used,community labels are structural network results; they are not official factions and do not replace original-setting faction metadata
JP18,music,music,大吉キトゥン,大吉猫咪,大吉キトゥン,C-04e551a31ffd6cf4,2,44,CC-16bb239f1af5a46f,161,111.0,1,0.0005479786108843399,0.0,1,0.0,louvain,intersection_count,100.0,0.0,1.0,20260801,1.0.0,not_used,community labels are structural network results; they are not official factions and do not replace original-setting faction metadata
JP18,music,music,妖々夢snoworcherrypetal,妖妖梦 ～ Snow or Cherry Petal,妖々夢　～ Snow or Cherry Petal,C-04e551a31ffd6cf4,2,44,CC-16bb239f1af5a46f,161,1884.0,10,0.0012698561640666658,0.0,10,0.13535031847133758,louvain,intersection_count,100.0,0.0,1.0,20260801,1.0.0,not_used,community labels are structural network results; they are not official factions and do not replace original-setting faction metadata
JP18,music,music,妖々跋扈whodoneit,妖妖跋扈 ～ Who done it!,妖々跋扈　～ Who done it!,C-04e551a31ffd6cf4,2,44,CC-16bb239f1af5a46f,161,114.0,1,0.0005492775819743431,0.0,1,0.0,louvain,intersection_count,100.0,0.0,1.0,20260801,1.0.0,not_used,community labels are structural network results; they are not official factions and do not replace original-setting faction metadata
JP18,music,music,妖魔夜行,妖魔夜行,妖魔夜行,C-04e551a31ffd6cf4,2,44,CC-16bb239f1af5a46f,161,8033.0,15,0.003821564766044626,0.0,12,0.21673098468816132,louvain,intersection_count,100.0,0.0,1.0,20260801,1.0.0,not_used,community labels are structural network results; they are not official factions and do not replace original-setting faction metadata
JP18,music,music,少女綺想曲,少女绮想曲,少女綺想曲,C-04e551a31ffd6cf4,2,44,CC-16bb239f1af5a46f,161,10364.0,13,0.004901397251178048,0.0002693814899337728,11,0.4352566576611347,louvain,intersection_count,100.0,0.0,1.0,20260801,1.0.0,not_used,community labels are structural network results; they are not official factions and do not replace original-setting faction metadata
JP18,music,music,幽霊楽団phantomensemble,幽灵乐团 ～ Phantom Ensemble,幽霊楽団　～ Phantom Ensemble,C-04e551a31ffd6cf4,2,44,CC-16bb239f1af5a46f,161,20520.0,37,0.009653392601119729,0.0,12,0.474317738791423,louvain,intersection_count,100.0,0.0,1.0,20260801,1.0.0,not_used,community labels are structural network results; they are not official factions and do not replace original-setting faction metadata
JP18,music,music,広有射怪鳥事tillwhen,广有射怪鸟事 ～ Till When?,広有射怪鳥事　～ Till When?,C-04e551a31ffd6cf4,2,44,CC-16bb239f1af5a46f,161,6093.0,11,0.003000804499175869,0.0,10,0.3479402593139668,louvain,intersection_count,100.0,0.0,1.0,20260801,1.0.0,not_used,community labels are structural network results; they are not official factions and do not replace original-setting faction metadata
JP18,music,music,恋色マスタースパーク恋色マジック,恋色Master spark（恋色Magic）,恋色マスタースパーク（恋色マジック）,C-04e551a31ffd6cf4,2,44,CC-16bb239f1af5a46f,161,40455.0,55,0.018435189604276488,0.0008030618001799265,12,0.3889506859473489,louvain,intersection_count,100.0,0.0,1.0,20260801,1.0.0,not_used,community labels are structural network results; they are not official factions and do not replace original-setting faction metadata
JP18,music,music,明治十七年の上海アリス,明治十七年的上海爱丽丝,明治十七年の上海アリス,C-04e551a31ffd6cf4,2,44,CC-16bb239f1af5a46f,161,7806.0,15,0.0037212984789606377,0.0,11,0.22393031001793492,louvain,intersection_count,100.0,0.0,1.0,20260801,1.0.0,not_used,community labels are structural network results; they are not official factions and do not replace original-setting faction metadata
JP18,music,music,星の器casketofstar,星之器 ～ Casket of Star,星の器　～ Casket of Star,C-04e551a31ffd6cf4,2,44,CC-16bb239f1af5a46f,161,302.0,2,0.0006218695910915038,0.0,2,0.0,louvain,intersection_count,100.0,0.0,1.0,20260801,1.0.0,not_used,community labels are structural network results; they are not official factions and do not replace original-setting faction metadata
JP18,music,music,春色小径colorfulpath,春色小径 ～ Colorful Path,春色小径　～ Colorful Path,C-04e551a31ffd6cf4,2,44,CC-16bb239f1af5a46f,161,460.0,4,0.0007164562555972416,0.0,4,0.2217391304347826,louvain,intersection_count,100.0,0.0,1.0,20260801,1.0.0,not_used,community labels are structural network results; they are not official factions and do not replace original-setting faction metadata
JP18,music,music,月時計ルナダイアル,月时计 ～ Luna Dial,月時計　～ ルナ・ダイアル,C-04e551a31ffd6cf4,2,44,CC-16bb239f1af5a46f,161,23149.0,32,0.010187827200321976,0.0,12,0.23305542356041298,louvain,intersection_count,100.0,0.0,1.0,20260801,1.0.0,not_used,community labels are structural network results; they are not official factions and do not replace original-setting faction metadata
JP18,music,music,東方妖々夢ancienttemple,东方妖妖梦 ～ Ancient Temple,東方妖々夢　～ Ancient Temple,C-04e551a31ffd6cf4,2,44,CC-16bb239f1af5a46f,161,3566.0,10,0.0019566276146595722,0.0,10,0.2557487380818845,louvain,intersection_count,100.0,0.0,1.0,20260801,1.0.0,not_used,community labels are structural network results; they are not official factions and do not replace original-setting faction metadata
JP18,music,music,永夜の報いimperishablenight,永夜的报应 ～ Imperishable Night,永夜の報い　～ Imperishable Night,C-04e551a31ffd6cf4,2,44,CC-16bb239f1af5a46f,161,378.0,3,0.0006891246756875307,0.0,3,0.32275132275132273,louvain,intersection_count,100.0,0.0,1.0,20260801,1.0.0,not_used,community labels are structural network results; they are not official factions and do not replace original-setting faction metadata
JP18,music,music,永夜抄easternnight,永夜抄 ～ Eastern Night.,永夜抄　～ Eastern Night.,C-04e551a31ffd6cf4,2,44,CC-16bb239f1af5a46f,161,238.0,2,0.0006005091784172938,0.0,2,0.0,louvain,intersection_count,100.0,0.0,1.0,20260801,1.0.0,not_used,community labels are structural network results; they are not official factions and do not replace original-setting faction metadata
JP18,music,music,無何有の郷deepmountain,无何有之乡 ～ Deep Mountain,無何有の郷　～ Deep Mountain,C-04e551a31ffd6cf4,2,44,CC-16bb239f1af5a46f,161,231.0,2,0.0005965068619268534,0.0,2,0.0,louvain,intersection_count,100.0,0.0,1.0,20260801,1.0.0,not_used,community labels are structural network results; they are not official factions and do not replace original-setting faction metadata
JP18,music,music,狂気の瞳invisiblefullmoon,狂气之瞳 ～ Invisible Full Moon,狂気の瞳　～ Invisible Full Moon,C-04e551a31ffd6cf4,2,44,CC-16bb239f1af5a46f,161,8537.0,11,0.003970577991029799,0.0,11,0.4028347194564835,louvain,intersection_count,100.0,0.0,1.0,20260801,1.0.0,not_used,community labels are structural network results; they are not official factions and do not replace original-setting faction metadata
JP18,music,music,紅より儚い永遠,比红色更虚无的永远,紅より儚い永遠,C-04e551a31ffd6cf4,2,44,CC-16bb239f1af5a46f,161,417.0,2,0.0006760608765205643,0.0,2,0.0,louvain,intersection_count,100.0,0.0,1.0,20260801,1.0.0,not_used,community labels are structural network results; they are not official factions and do not replace original-setting faction metadata
JP18,music,music,紅楼easterndream,红楼 ～ Eastern Dream...,紅楼　～ Eastern Dream...,C-04e551a31ffd6cf4,2,44,CC-16bb239f1af5a46f,161,7317.0,13,0.003560842490865517,0.0,11,0.3501435014350143,louvain,intersection_count,100.0,0.0,1.0,20260801,1.0.0,not_used,community labels are structural network results; they are not official factions and do not replace original-setting faction metadata
JP18,music,music,萃夢想,萃梦想,萃夢想,C-04e551a31ffd6cf4,2,44,CC-16bb239f1af5a46f,161,693.0,5,0.0007939875539087599,0.0,5,0.3621933621933622,louvain,intersection_count,100.0,0.0,1.0,20260801,1.0.0,not_used,community labels are structural network results; they are not official factions and do not replace original-setting faction metadata
JP18,music,music,赤より紅い夢,比赤色更红的梦,赤より紅い夢,C-04e551a31ffd6cf4,2,44,CC-16bb239f1af5a46f,161,4313.0,13,0.00229458191147531,0.0,11,0.16508230929747275,louvain,intersection_count,100.0,0.0,1.0,20260801,1.0.0,not_used,community labels are structural network results; they are not official factions and do not replace original-setting faction metadata
JP18,music,music,魔女達の舞踏会,魔女们的舞会,魔女達の舞踏会,C-04e551a31ffd6cf4,2,44,CC-16bb239f1af5a46f,161,416.0,3,0.0006702326748384148,0.0,3,0.0,louvain,intersection_count,100.0,0.0,1.0,20260801,1.0.0,not_used,community labels are structural network results; they are not official factions and do not replace original-setting faction metadata
JP18,music,music,魔法少女達の百年祭,魔法少女们的百年祭,魔法少女達の百年祭,C-04e551a31ffd6cf4,2,44,CC-16bb239f1af5a46f,161,7382.0,14,0.003577023385477031,0.0,12,0.3157680845299377,louvain,intersection_count,100.0,0.0,1.0,20260801,1.0.0,not_used,community labels are structural network results; they are not official factions and do not replace original-setting faction metadata
JP18,music,music,ネイティブフェイス,Native Faith,ネイティブフェイス,C-55b1264940a310b7,3,30,CC-16bb239f1af5a46f,161,17336.0,25,0.008267588561087709,0.0,12,0.5992731887401939,louvain,intersection_count,100.0,0.0,1.0,20260801,1.0.0,not_used,community labels are structural network results; they are not official factions and do not replace original-setting faction metadata
JP18,music,music,ハルトマンの妖怪少女,哈德曼的妖怪少女,ハルトマンの妖怪少女,C-55b1264940a310b7,3,30,CC-16bb239f1af5a46f,161,53376.0,94,0.025851470424069725,0.0008826902909150669,12,0.7735124400479616,louvain,intersection_count,100.0,0.0,1.0,20260801,1.0.0,not_used,community labels are structural network results; they are not official factions and do not replace original-setting faction metadata
JP18,music,music,ハートフェルトファンシー,Heartfelt Fancy,ハートフェルトファンシー,C-55b1264940a310b7,3,30,CC-16bb239f1af5a46f,161,105.0,1,0.0005484890959951789,0.0,1,0.0,louvain,intersection_count,100.0,0.0,1.0,20260801,1.0.0,not_used,community labels are structural network results; they are not official factions and do not replace original-setting faction metadata
JP18,music,music,フォールオブフォール秋めく滝,Fall of Fall ～ 秋意渐浓之瀑,フォールオブフォール　～ 秋めく滝,C-55b1264940a310b7,3,30,CC-16bb239f1af5a46f,161,5027.0,14,0.0027631991159323523,0.0,12,0.6120946886811219,louvain,intersection_count,100.0,0.0,1.0,20260801,1.0.0,not_used,community labels are structural network results; they are not official factions and do not replace original-setting faction metadata
JP18,music,music,ラストリモート,Last Remote,ラストリモート,C-55b1264940a310b7,3,30,CC-16bb239f1af5a46f,161,7603.0,17,0.004112531364656102,0.0,12,0.5864790214389057,louvain,intersection_count,100.0,0.0,1.0,20260801,1.0.0,not_used,community labels are structural network results; they are not official factions and do not replace original-setting faction metadata
JP18,music,music,レトロスペクティブ京都,回忆京都,レトロスペクティブ京都,C-55b1264940a310b7,3,30,CC-16bb239f1af5a46f,161,204.0,2,0.0005890426932595348,0.0,2,0.5049019607843137,louvain,intersection_count,100.0,0.0,1.0,20260801,1.0.0,not_used,community labels are structural network results; they are not official factions and do not replace original-setting faction metadata
JP18,music,music,信仰は儚き人間の為に,信仰是为了虚幻之人,信仰は儚き人間の為に,C-55b1264940a310b7,3,30,CC-16bb239f1af5a46f,161,7263.0,16,0.00376084735263749,0.0,12,0.5947955390334573,louvain,intersection_count,100.0,0.0,1.0,20260801,1.0.0,not_used,community labels are structural network results; they are not official factions and do not replace original-setting faction metadata
JP18,music,music,厄神様の通り道darkroad,厄神降临之路 ～ Dark Road,厄神様の通り道　～ Dark Road,C-55b1264940a310b7,3,30,CC-16bb239f1af5a46f,161,2789.0,12,0.0017617568180439492,0.0,12,0.5360344209394048,louvain,intersection_count,100.0,0.0,1.0,20260801,1.0.0,not_used,community labels are structural network results; they are not official factions and do not replace original-setting faction metadata
JP18,music,music,地の色は黄色,地之色乃黄色,地の色は黄色,C-55b1264940a310b7,3,30,CC-16bb239f1af5a46f,161,444.0,4,0.0006910508463750892,0.0,4,0.5022522522522522,louvain,intersection_count,100.0,0.0,1.0,20260801,1.0.0,not_used,community labels are structural network results; they are not official factions and do not replace original-setting faction metadata
JP18,music,music,天衣無縫,天衣无缝,天衣無縫,C-55b1264940a310b7,3,30,CC-16bb239f1af5a46f,161,1277.0,10,0.0010898168783549822,0.0,10,0.6726703210649961,louvain,intersection_count,100.0,0.0,1.0,20260801,1.0.0,not_used,community labels are structural network results; they are not official factions and do not replace original-setting faction metadata
JP18,music,music,妖怪の山mysteriousmountain,妖怪之山 ～ Mysterious Mountain,妖怪の山　～ Mysterious Mountain,C-55b1264940a310b7,3,30,CC-16bb239f1af5a46f,161,2645.0,12,0.0017273839058350724,0.0,12,0.5425330812854442,louvain,intersection_count,100.0,0.0,1.0,20260801,1.0.0,not_used,community labels are structural network results; they are not official factions and do not replace original-setting faction metadata
JP18,music,music,少女が見た日本の原風景,少女曾见的日本原风景,少女が見た日本の原風景,C-55b1264940a310b7,3,30,CC-16bb239f1af5a46f,161,2243.0,12,0.0015583870679360954,0.0,12,0.5711101203744985,louvain,intersection_count,100.0,0.0,1.0,20260801,1.0.0,not_used,community labels are structural network results; they are not official factions and do not replace original-setting faction metadata
JP18,music,music,少女さとり3rdeye,少女觉 ～ 3rd eye,少女さとり　～ 3rd eye,C-55b1264940a310b7,3,30,CC-16bb239f1af5a46f,161,9510.0,19,0.005175615359594746,0.0002693814899337728,12,0.6461619348054679,louvain,intersection_count,100.0,0.0,1.0,20260801,1.0.0,not_used,community labels are structural network results; they are not official factions and do not replace original-setting faction metadata
JP18,music,music,平安のエイリアン,平安时代的外星人,平安のエイリアン,C-55b1264940a310b7,3,30,CC-16bb239f1af5a46f,161,3490.0,15,0.002159511747109356,0.0,12,0.698567335243553,louvain,intersection_count,100.0,0.0,1.0,20260801,1.0.0,not_used,community labels are structural network results; they are not official factions and do not replace original-setting faction metadata
JP18,music,music,廃獄ララバイ,废狱摇篮曲,廃獄ララバイ,C-55b1264940a310b7,3,30,CC-16bb239f1af5a46f,161,2312.0,13,0.0016363836261559872,0.0,12,0.5566608996539792,louvain,intersection_count,100.0,0.0,1.0,20260801,1.0.0,not_used,community labels are structural network results; they are not official factions and do not replace original-setting faction metadata
JP18,music,music,御伽の国の鬼が島missingpower,御伽之国的鬼岛 ～ Missing Power,御伽の国の鬼が島　～ Missing Power,C-55b1264940a310b7,3,30,CC-16bb239f1af5a46f,161,121.0,1,0.0005560981556441834,0.0,1,0.0,louvain,intersection_count,100.0,0.0,1.0,20260801,1.0.0,not_used,community labels are structural network results; they are not official factions and do not replace original-setting faction metadata
JP18,music,music,旧地獄街道を行く,漫游旧地狱街道,旧地獄街道を行く,C-55b1264940a310b7,3,30,CC-16bb239f1af5a46f,161,1185.0,8,0.0009957648081563696,0.0,8,0.5831223628691983,louvain,intersection_count,100.0,0.0,1.0,20260801,1.0.0,not_used,community labels are structural network results; they are not official factions and do not replace original-setting faction metadata
JP18,music,music,明日ハレの日ケの昨日,明日之盛，昨日之俗,明日ハレの日、ケの昨日,C-55b1264940a310b7,3,30,CC-16bb239f1af5a46f,161,3656.0,15,0.002175998090362766,0.0,12,0.44338074398249455,louvain,intersection_count,100.0,0.0,1.0,20260801,1.0.0,not_used,community labels are structural network results; they are not official factions and do not replace original-setting faction metadata
JP18,music,music,東方妖怪小町,东方妖怪小町,東方妖怪小町,C-55b1264940a310b7,3,30,CC-16bb239f1af5a46f,161,992.0,7,0.0009441993665791934,0.0,7,0.7328629032258065,louvain,intersection_count,100.0,0.0,1.0,20260801,1.0.0,not_used,community labels are structural network results; they are not official factions and do not replace original-setting faction metadata
JP18,music,music,東方萃夢想,东方萃梦想,東方萃夢想,C-55b1264940a310b7,3,30,CC-16bb239f1af5a46f,161,209.0,2,0.0005935749206545523,0.0,2,0.5167464114832536,louvain,intersection_count,100.0,0.0,1.0,20260801,1.0.0,not_used,community labels are structural network results; they are not official factions and do not replace original-setting faction metadata
JP18,music,music,死体旅行beofgoodcheer,尸体旅行 ～ Be of good cheer!,死体旅行　～ Be of good cheer!,C-55b1264940a310b7,3,30,CC-16bb239f1af5a46f,161,443.0,4,0.0006950195056672802,0.0,4,0.7042889390519187,louvain,intersection_count,100.0,0.0,1.0,20260801,1.0.0,not_used,community labels are structural network results; they are not official factions and do not replace original-setting faction metadata
JP18,music,music,砕月,碎月,砕月,C-55b1264940a310b7,3,30,CC-16bb239f1af5a46f,161,21440.0,49,0.011711529663875649,0.0008623596124294991,12,0.6895988805970149,louvain,intersection_count,100.0,0.0,1.0,20260801,1.0.0,not_used,community labels are structural network results; they are not official factions and do not replace original-setting faction metadata
JP18,music,music,神々が恋した幻想郷,众神眷恋的幻想乡,神々が恋した幻想郷,C-55b1264940a310b7,3,30,CC-16bb239f1af5a46f,161,38614.0,68,0.018100470275943838,0.00016095120467741144,12,0.7264463666027866,louvain,intersection_count,100.0,0.0,1.0,20260801,1.0.0,not_used,community labels are structural network results; they are not official factions and do not replace original-setting faction metadata
JP18,music,music,稲田姫様に叱られるから,会受稻田姬的斥责啦,稲田姫様に叱られるから,C-55b1264940a310b7,3,30,CC-16bb239f1af5a46f,161,2900.0,14,0.0018014284470101157,0.0,12,0.48931034482758623,louvain,intersection_count,100.0,0.0,1.0,20260801,1.0.0,not_used,community labels are structural network results; they are not official factions and do not replace original-setting faction metadata
JP18,music,music,童祭innocenttreasures,童祭 ～ Innocent Treasures,童祭　～ Innocent Treasures,C-55b1264940a310b7,3,30,CC-16bb239f1af5a46f,161,1480.0,10,0.0011933793965907115,0.0,10,0.7432432432432432,louvain,intersection_count,100.0,0.0,1.0,20260801,1.0.0,not_used,community labels are structural network results; they are not official factions and do not replace original-setting faction metadata
JP18,music,music,緑眼のジェラシー,绿眼的嫉妒,緑眼のジェラシー,C-55b1264940a310b7,3,30,CC-16bb239f1af5a46f,161,1685.0,10,0.0012682268503294977,0.0,10,0.6937685459940652,louvain,intersection_count,100.0,0.0,1.0,20260801,1.0.0,not_used,community labels are structural network results; they are not official factions and do not replace original-setting faction metadata
JP18,music,music,芥川龍之介の河童candidfriend,芥川龙之介的河童 ～ Candid Friend,芥川龍之介の河童　～ Candid Friend,C-55b1264940a310b7,3,30,CC-16bb239f1af5a46f,161,4678.0,14,0.002489206280956354,0.0,12,0.5448909790508765,louvain,intersection_count,100.0,0.0,1.0,20260801,1.0.0,not_used,community labels are structural network results; they are not official factions and do not replace original-setting faction metadata
JP18,music,music,運命のダークサイド,命运的阴暗面,運命のダークサイド,C-55b1264940a310b7,3,30,CC-16bb239f1af5a46f,161,3678.0,14,0.002098505087844903,0.0,12,0.5834692767808591,louvain,intersection_count,100.0,0.0,1.0,20260801,1.0.0,not_used,community labels are structural network results; they are not official factions and do not replace original-setting faction metadata
JP18,music,music,遠野幻想物語,远野幻想物语,遠野幻想物語,C-55b1264940a310b7,3,30,CC-16bb239f1af5a46f,161,2851.0,13,0.0017677351744856905,0.0,12,0.6467905997895476,louvain,intersection_count,100.0,0.0,1.0,20260801,1.0.0,not_used,community labels are structural network results; they are not official factions and do not replace original-setting faction metadata
JP18,music,music,風神少女,风神少女,風神少女,C-55b1264940a310b7,3,30,CC-16bb239f1af5a46f,161,4062.0,12,0.002300923045000407,0.0,12,0.6514032496307238,louvain,intersection_count,100.0,0.0,1.0,20260801,1.0.0,not_used,community labels are structural network results; they are not official factions and do not replace original-setting faction metadata
JP18,music,music,さくらさくらjapanizedream,樱花樱花 ～ Japanize Dream...,さくらさくら　～ Japanize Dream...,C-2c804affeb983a2b,4,19,CC-16bb239f1af5a46f,161,2583.0,11,0.001557241367700155,0.0,11,0.6910569105691057,louvain,intersection_count,100.0,0.0,1.0,20260801,1.0.0,not_used,community labels are structural network results; they are not official factions and do not replace original-setting faction metadata
JP18,music,music,アルティメットトゥルース,Ultimate Truth,アルティメットトゥルース,C-2c804affeb983a2b,4,19,CC-16bb239f1af5a46f,161,256.0,2,0.0006364252710110103,0.0,2,0.45703125,louvain,intersection_count,100.0,0.0,1.0,20260801,1.0.0,not_used,community labels are structural network results; they are not official factions and do not replace original-setting faction metadata
JP18,music,music,エクステンドアッシュ蓬莱人,Extend Ash ～ 蓬莱人,エクステンドアッシュ　～ 蓬莱人,C-2c804affeb983a2b,4,19,CC-16bb239f1af5a46f,161,1456.0,10,0.0011689766653338147,0.0,10,0.6346153846153846,louvain,intersection_count,100.0,0.0,1.0,20260801,1.0.0,not_used,community labels are structural network results; they are not official factions and do not replace original-setting faction metadata
JP18,music,music,シンデレラケージkagomekagome,灰姑娘的笼子 ～ Kagome-Kagome,シンデレラケージ　～ Kagome-Kagome,C-2c804affeb983a2b,4,19,CC-16bb239f1af5a46f,161,1867.0,12,0.001357818797234299,0.0,12,0.6063202999464381,louvain,intersection_count,100.0,0.0,1.0,20260801,1.0.0,not_used,community labels are structural network results; they are not official factions and do not replace original-setting faction metadata
JP18,music,music,ネクロファンタジア,Necro-Fantasia,ネクロファンタジア,C-2c804affeb983a2b,4,19,CC-16bb239f1af5a46f,161,31261.0,56,0.014748935418173369,3.388446414261293e-06,12,0.8000703752279198,louvain,intersection_count,100.0,0.0,1.0,20260801,1.0.0,not_used,community labels are structural network results; they are not official factions and do not replace original-setting faction metadata
JP18,music,music,プレインエイジア,Plain Asia,プレインエイジア,C-2c804affeb983a2b,4,19,CC-16bb239f1af5a46f,161,1889.0,10,0.0012911367773605078,0.0,10,0.5780836421386977,louvain,intersection_count,100.0,0.0,1.0,20260801,1.0.0,not_used,community labels are structural network results; they are not official factions and do not replace original-setting faction metadata
JP18,music,music,ボーダーオブライフ,Border of Life,ボーダーオブライフ,C-2c804affeb983a2b,4,19,CC-16bb239f1af5a46f,161,6055.0,11,0.002984164559267197,0.0,11,0.6870355078447564,louvain,intersection_count,100.0,0.0,1.0,20260801,1.0.0,not_used,community labels are structural network results; they are not official factions and do not replace original-setting faction metadata
JP18,music,music,ヴォヤージュ1969,Voyage1969,ヴォヤージュ1969,C-2c804affeb983a2b,4,19,CC-16bb239f1af5a46f,161,1581.0,11,0.0014505119291946377,0.0,10,0.46426312460468055,louvain,intersection_count,100.0,0.0,1.0,20260801,1.0.0,not_used,community labels are structural network results; they are not official factions and do not replace original-setting faction metadata
JP18,music,music,ヴォヤージュ1970,Voyage1970,ヴォヤージュ1970,C-2c804affeb983a2b,4,19,CC-16bb239f1af5a46f,161,213.0,2,0.0006258497885692929,0.0,2,0.0,louvain,intersection_count,100.0,0.0,1.0,20260801,1.0.0,not_used,community labels are structural network results; they are not official factions and do not replace original-setting faction metadata
JP18,music,music,今昔幻想郷flowerland,今昔幻想乡 ～ Flower Land,今昔幻想郷　～ Flower Land,C-2c804affeb983a2b,4,19,CC-16bb239f1af5a46f,161,785.0,7,0.0008410457407189831,0.0,7,0.5898089171974522,louvain,intersection_count,100.0,0.0,1.0,20260801,1.0.0,not_used,community labels are structural network results; they are not official factions and do not replace original-setting faction metadata
JP18,music,music,六十年目の東方裁判fateofsixtyyears,第六十年的东方审判 ～ Fate of Sixty Years,六十年目の東方裁判　～ Fate of Sixty Years,C-2c804affeb983a2b,4,19,CC-16bb239f1af5a46f,161,5170.0,13,0.0032715703155192905,0.0002693814899337728,12,0.6649903288201161,louvain,intersection_count,100.0,0.0,1.0,20260801,1.0.0,not_used,community labels are structural network results; they are not official factions and do not replace original-setting faction metadata
JP18,music,music,千年幻想郷historyofthemoon,千年幻想乡 ～ History of the Moon,千年幻想郷　～ History of the Moon,C-2c804affeb983a2b,4,19,CC-16bb239f1af5a46f,161,8029.0,16,0.004246891719931439,0.0,12,0.5757877693361564,louvain,intersection_count,100.0,0.0,1.0,20260801,1.0.0,not_used,community labels are structural network results; they are not official factions and do not replace original-setting faction metadata
JP18,music,music,夜が降りてくる,夜幕降临,夜が降りてくる,C-2c804affeb983a2b,4,19,CC-16bb239f1af5a46f,161,1478.0,10,0.0011948914587448314,0.0,10,0.7056833558863329,louvain,intersection_count,100.0,0.0,1.0,20260801,1.0.0,not_used,community labels are structural network results; they are not official factions and do not replace original-setting faction metadata
JP18,music,music,少女幻葬necrofantasy,少女幻葬 ～ Necro-Fantasy,少女幻葬　～ Necro-Fantasy,C-2c804affeb983a2b,4,19,CC-16bb239f1af5a46f,161,1780.0,11,0.001311060990770131,0.0,11,0.7157303370786516,louvain,intersection_count,100.0,0.0,1.0,20260801,1.0.0,not_used,community labels are structural network results; they are not official factions and do not replace original-setting faction metadata
JP18,music,music,幽雅に咲かせ墨染の桜borderoflife,幽雅地绽放吧，墨染的樱花 ～ Border of Life,幽雅に咲かせ、墨染の桜　～ Border of Life,C-2c804affeb983a2b,4,19,CC-16bb239f1af5a46f,161,25959.0,46,0.012812738927610704,0.0002693814899337728,12,0.7467930197619322,louvain,intersection_count,100.0,0.0,1.0,20260801,1.0.0,not_used,community labels are structural network results; they are not official factions and do not replace original-setting faction metadata
JP18,music,music,彼岸帰航riversideview,彼岸归航 ～ Riverside View,彼岸帰航　～ Riverside View,C-2c804affeb983a2b,4,19,CC-16bb239f1af5a46f,161,121.0,1,0.0005650000474693099,0.0,1,0.0,louvain,intersection_count,100.0,0.0,1.0,20260801,1.0.0,not_used,community labels are structural network results; they are not official factions and do not replace original-setting faction metadata
JP18,music,music,懐かしき東方の血oldworld,令人怀念的东方之血 ～ Old World,懐かしき東方の血　～ Old World,C-2c804affeb983a2b,4,19,CC-16bb239f1af5a46f,161,1720.0,11,0.0012465438005976103,0.0,11,0.7122093023255814,louvain,intersection_count,100.0,0.0,1.0,20260801,1.0.0,not_used,community labels are structural network results; they are not official factions and do not replace original-setting faction metadata
JP18,music,music,月まで届け不死の煙,飘上月球，不死之烟,月まで届け、不死の煙,C-2c804affeb983a2b,4,19,CC-16bb239f1af5a46f,161,49038.0,91,0.023530424943591526,0.0010656663972851768,12,0.8413883111056731,louvain,intersection_count,100.0,0.0,1.0,20260801,1.0.0,not_used,community labels are structural network results; they are not official factions and do not replace original-setting faction metadata
JP18,music,music,竹取飛翔lunaticprincess,竹取飞翔 ～ Lunatic Princess,竹取飛翔　～ Lunatic Princess,C-2c804affeb983a2b,4,19,CC-16bb239f1af5a46f,161,9337.0,15,0.004481589534344662,0.0,12,0.6362857448859377,louvain,intersection_count,100.0,0.0,1.0,20260801,1.0.0,not_used,community labels are structural network results; they are not official factions and do not replace original-setting faction metadata
JP18,music,music,100回目のブラックマーケット,第100次黑市,100回目のブラックマーケット,C-3cfedfc9a7ee148c,5,1,CC-3cfedfc9a7ee148c,1,0.0,0,0.0004999166805542221,0.0,0,0.0,louvain,intersection_count,100.0,0.0,1.0,20260801,1.0.0,not_used,community labels are structural network results; they are not official factions and do not replace original-setting faction metadata
JP18,music,music,53ミニッツの青い海,53分钟的蓝色大海,53ミニッツの青い海,C-0094353fb6287d6f,6,1,CC-0094353fb6287d6f,1,0.0,0,0.0004999166805542221,0.0,0,0.0,louvain,intersection_count,100.0,0.0,1.0,20260801,1.0.0,not_used,community labels are structural network results; they are not official factions and do not replace original-setting faction metadata
JP18,music,music,53分钟的蓝色大海,53分钟的蓝色大海,53ミニッツの青い海,C-9c30c608fbe71b4c,7,1,CC-9c30c608fbe71b4c,1,0.0,0,0.0004999166805542221,0.0,0,0.0,louvain,intersection_count,100.0,0.0,1.0,20260801,1.0.0,not_used,community labels are structural network results; they are not official factions and do not replace original-setting faction metadata
JP18,music,music,alicemaestra,Alice Maestra,アリスマエステラ,C-d101708eaac6bea5,8,1,CC-d101708eaac6bea5,1,0.0,0,0.0004999166805542221,0.0,0,0.0,louvain,intersection_count,100.0,0.0,1.0,20260801,1.0.0,not_used,community labels are structural network results; they are not official factions and do not replace original-setting faction metadata
JP18,music,music,anordealfromgod,AN ORDEAL FROM GOD,AN ORDEAL FROM GOD,C-0ace74b13b787388,9,1,CC-0ace74b13b787388,1,0.0,0,0.0004999166805542221,0.0,0,0.0,louvain,intersection_count,100.0,0.0,1.0,20260801,1.0.0,not_used,community labels are structural network results; they are not official factions and do not replace original-setting faction metadata
JP18,music,music,antiqueterror,Antique Terror,アンティークテラー,C-c2b26b84f7796dd2,10,1,CC-c2b26b84f7796dd2,1,0.0,0,0.0004999166805542221,0.0,0,0.0,louvain,intersection_count,100.0,0.0,1.0,20260801,1.0.0,not_used,community labels are structural network results; they are not official factions and do not replace original-setting faction metadata
JP18,music,music,arcadiandream,Arcadian Dream,Arcadian Dream,C-9ed10db21058e98b,11,1,CC-9ed10db21058e98b,1,0.0,0,0.0004999166805542221,0.0,0,0.0,louvain,intersection_count,100.0,0.0,1.0,20260801,1.0.0,not_used,community labels are structural network results; they are not official factions and do not replace original-setting faction metadata
JP18,music,music,asacredlot,A Sacred Lot,A Sacred Lot,C-504492f4197efb9c,12,1,CC-504492f4197efb9c,1,0.0,0,0.0004999166805542221,0.0,0,0.0,louvain,intersection_count,100.0,0.0,1.0,20260801,1.0.0,not_used,community labels are structural network results; they are not official factions and do not replace original-setting faction metadata
JP18,music,music,banditrytechnology,Banditry Technology,バンデットリィテクノロジー,C-4bf1790d79b7753f,13,1,CC-4bf1790d79b7753f,1,0.0,0,0.0004999166805542221,0.0,0,0.0,louvain,intersection_count,100.0,0.0,1.0,20260801,1.0.0,not_used,community labels are structural network results; they are not official factions and do not replace original-setting faction metadata
JP18,music,music,baroldadam,Bar·Old Adam,バー・オールドアダム,C-497b4ad8b9e7b6a8,14,1,CC-497b4ad8b9e7b6a8,1,0.0,0,0.0004999166805542221,0.0,0,0.0,louvain,intersection_count,100.0,0.0,1.0,20260801,1.0.0,not_used,community labels are structural network results; they are not official factions and do not replace original-setting faction metadata
JP18,music,music,beastmetropolis,Beast Metropolis,ビーストメトロポリス,C-b3806c4d3f71c4f8,15,1,CC-b3806c4d3f71c4f8,1,0.0,0,0.0004999166805542221,0.0,0,0.0,louvain,intersection_count,100.0,0.0,1.0,20260801,1.0.0,not_used,community labels are structural network results; they are not official factions and do not replace original-setting faction metadata
JP18,music,music,borderland,Border Land,Border Land,C-29941824cc0c8ed1,16,1,CC-29941824cc0c8ed1,1,0.0,0,0.0004999166805542221,0.0,0,0.0,louvain,intersection_count,100.0,0.0,1.0,20260801,1.0.0,not_used,community labels are structural network results; they are not official factions and do not replace original-setting faction metadata
JP18,music,music,borderoflife,Border of Life,ボーダーオブライフ,C-fe43cad4346e0848,17,1,CC-fe43cad4346e0848,1,0.0,0,0.0004999166805542221,0.0,0,0.0,louvain,intersection_count,100.0,0.0,1.0,20260801,1.0.0,not_used,community labels are structural network results; they are not official factions and do not replace original-setting faction metadata
JP18,music,music,breakthesabbath,Break the Sabbath,Break the Sabbath,C-968d23d9cfbc488c,18,1,CC-968d23d9cfbc488c,1,0.0,0,0.0004999166805542221,0.0,0,0.0,louvain,intersection_count,100.0,0.0,1.0,20260801,1.0.0,not_used,community labels are structural network results; they are not official factions and do not replace original-setting faction metadata
JP18,music,music,captainmurasa,Captain Murasa,キャプテン・ムラサ,C-21de56a5c90c74b9,19,1,CC-21de56a5c90c74b9,1,0.0,0,0.0004999166805542221,0.0,0,0.0,louvain,intersection_count,100.0,0.0,1.0,20260801,1.0.0,not_used,community labels are structural network results; they are not official factions and do not replace original-setting faction metadata
JP18,music,music,castleexplorerinthesky,Castle Explorer -in the Sky-,Castle Explorer -in the Sky-,C-bc7c3ce66c2f81e9,20,1,CC-bc7c3ce66c2f81e9,1,0.0,0,0.0004999166805542221,0.0,0,0.0,louvain,intersection_count,100.0,0.0,1.0,20260801,1.0.0,not_used,community labels are structural network results; they are not official factions and do not replace original-setting faction metadata
JP18,music,music,circusreverie机械马戏团,Circus Reverie（机械马戏团）,サーカスレヴァリエ（機械サーカス）,C-2ea87c4633178abd,21,1,CC-2ea87c4633178abd,1,0.0,0,0.0004999166805542221,0.0,0,0.0,louvain,intersection_count,100.0,0.0,1.0,20260801,1.0.0,not_used,community labels are structural network results; they are not official factions and do not replace original-setting faction metadata
JP18,music,music,civilizationofmagic,Civilization of Magic,Civilization of Magic,C-9717c041d45dc577,22,1,CC-9717c041d45dc577,1,0.0,0,0.0004999166805542221,0.0,0,0.0,louvain,intersection_count,100.0,0.0,1.0,20260801,1.0.0,not_used,community labels are structural network results; they are not official factions and do not replace original-setting faction metadata
JP18,music,music,completedarkness,Complete Darkness,Complete Darkness,C-91ad7da4658662c5,23,1,CC-91ad7da4658662c5,1,0.0,0,0.0004999166805542221,0.0,0,0.0,louvain,intersection_count,100.0,0.0,1.0,20260801,1.0.0,not_used,community labels are structural network results; they are not official factions and do not replace original-setting faction metadata
JP18,music,music,crazybackdancers,Crazy Back Dancers,クレイジーバックダンサーズ,C-0f131328e06c6ed9,24,1,CC-0f131328e06c6ed9,1,0.0,0,0.0004999166805542221,0.0,0,0.0,louvain,intersection_count,100.0,0.0,1.0,20260801,1.0.0,not_used,community labels are structural network results; they are not official factions and do not replace original-setting faction metadata
JP18,music,music,crescentdream,Crescent Dream,Crescent Dream,C-986a2bf6d33d01da,25,1,CC-986a2bf6d33d01da,1,0.0,0,0.0004999166805542221,0.0,0,0.0,louvain,intersection_count,100.0,0.0,1.0,20260801,1.0.0,not_used,community labels are structural network results; they are not official factions and do not replace original-setting faction metadata
JP18,music,music,crystallizesilver,Crystallize Silver,クリスタライズシルバー,C-e9461d9d8453004d,26,1,CC-e9461d9d8453004d,1,0.0,0,0.0004999166805542221,0.0,0,0.0,louvain,intersection_count,100.0,0.0,1.0,20260801,1.0.0,not_used,community labels are structural network results; they are not official factions and do not replace original-setting faction metadata
JP18,music,music,days,Days,Days,C-cf52bf24be9191d8,27,1,CC-cf52bf24be9191d8,1,0.0,0,0.0004999166805542221,0.0,0,0.0,louvain,intersection_count,100.0,0.0,1.0,20260801,1.0.0,not_used,community labels are structural network results; they are not official factions and do not replace original-setting faction metadata
JP18,music,music,desiredream,Desire Dream,デザイアドリーム,C-c091ca8f31883e2e,28,1,CC-c091ca8f31883e2e,1,0.0,0,0.0004999166805542221,0.0,0,0.0,louvain,intersection_count,100.0,0.0,1.0,20260801,1.0.0,not_used,community labels are structural network results; they are not official factions and do not replace original-setting faction metadata
JP18,music,music,desiredrive,Desire Drive,デザイアドライブ,C-80a6c093746a8f38,29,1,CC-80a6c093746a8f38,1,0.0,0,0.0004999166805542221,0.0,0,0.0,louvain,intersection_count,100.0,0.0,1.0,20260801,1.0.0,not_used,community labels are structural network results; they are not official factions and do not replace original-setting faction metadata
JP18,music,music,dimdream,Dim. Dream,Dim. Dream,C-11e46ae94b8263ad,30,1,CC-11e46ae94b8263ad,1,0.0,0,0.0004999166805542221,0.0,0,0.0,louvain,intersection_count,100.0,0.0,1.0,20260801,1.0.0,not_used,community labels are structural network results; they are not official factions and do not replace original-setting faction metadata
JP18,music,music,disastrousgemini,Disastrous Gemini,ディザストラスジェミニ,C-980cb84bc54a6279,31,1,CC-980cb84bc54a6279,1,0.0,0,0.0004999166805542221,0.0,0,0.0,louvain,intersection_count,100.0,0.0,1.0,20260801,1.0.0,not_used,community labels are structural network results; they are not official factions and do not replace original-setting faction metadata
JP18,music,music,dreamexpress,Dream Express,Dream Express,C-8cb7f3cbe6ca6857,32,1,CC-8cb7f3cbe6ca6857,1,0.0,0,0.0004999166805542221,0.0,0,0.0,louvain,intersection_count,100.0,0.0,1.0,20260801,1.0.0,not_used,community labels are structural network results; they are not official factions and do not replace original-setting faction metadata
JP18,music,music,dreamland,Dream Land,Dream Land,C-e5293191d71af6d5,33,1,CC-e5293191d71af6d5,1,0.0,0,0.0004999166805542221,0.0,0,0.0,louvain,intersection_count,100.0,0.0,1.0,20260801,1.0.0,not_used,community labels are structural network results; they are not official factions and do not replace original-setting faction metadata
JP18,music,music,dreamypilot,Dreamy pilot,Dreamy pilot,C-dff246eaab1cb367,34,1,CC-dff246eaab1cb367,1,0.0,0,0.0004999166805542221,0.0,0,0.0,louvain,intersection_count,100.0,0.0,1.0,20260801,1.0.0,not_used,community labels are structural network results; they are not official factions and do not replace original-setting faction metadata
JP18,music,music,drlatency的令人不眠之瞳,Dr. Latency的令人不眠之瞳,Dr.レイテンシーの眠れなくなる瞳,C-8eabdabe7bb69bc0,35,1,CC-8eabdabe7bb69bc0,1,0.0,0,0.0004999166805542221,0.0,0,0.0,louvain,intersection_count,100.0,0.0,1.0,20260801,1.0.0,not_used,community labels are structural network results; they are not official factions and do not replace original-setting faction metadata
JP18,music,music,drレイテンシーの眠れなくなる瞳,Dr. Latency的令人不眠之瞳,Dr.レイテンシーの眠れなくなる瞳,C-5fbac1a71ef2f23d,36,1,CC-5fbac1a71ef2f23d,1,0.0,0,0.0004999166805542221,0.0,0,0.0,louvain,intersection_count,100.0,0.0,1.0,20260801,1.0.0,not_used,community labels are structural network results; they are not official factions and do not replace original-setting faction metadata
JP18,music,music,electricheritage,Electric Heritage,エレクトリックヘリテージ,C-bfb833dc2dea5fa8,37,1,CC-bfb833dc2dea5fa8,1,0.0,0,0.0004999166805542221,0.0,0,0.0,louvain,intersection_count,100.0,0.0,1.0,20260801,1.0.0,not_used,community labels are structural network results; they are not official factions and do not replace original-setting faction metadata
JP18,music,music,endless,Endless,Endless,C-8f1bcd9ae89cb933,38,1,CC-8f1bcd9ae89cb933,1,0.0,0,0.0004999166805542221,0.0,0,0.0,louvain,intersection_count,100.0,0.0,1.0,20260801,1.0.0,not_used,community labels are structural network results; they are not official factions and do not replace original-setting faction metadata
JP18,music,music,endofdaylight,End of Daylight,End of Daylight,C-ba38e9a9302c873f,39,1,CC-ba38e9a9302c873f,1,0.0,0,0.0004999166805542221,0.0,0,0.0,louvain,intersection_count,100.0,0.0,1.0,20260801,1.0.0,not_used,community labels are structural network results; they are not official factions and do not replace original-setting faction metadata
JP18,music,music,eternaldream幽玄的枫树,Eternal Dream ～ 幽玄的枫树,幽玄の槭樹　～ Eternal Dream,C-29f000f5affe4ba0,40,1,CC-29f000f5affe4ba0,1,0.0,0,0.0004999166805542221,0.0,0,0.0,louvain,intersection_count,100.0,0.0,1.0,20260801,1.0.0,not_used,community labels are structural network results; they are not official factions and do not replace original-setting faction metadata
JP18,music,music,extendash蓬莱人,Extend Ash ～ 蓬莱人,エクステンドアッシュ　～ 蓬莱人,C-83dc2371f0dbe7d7,41,1,CC-83dc2371f0dbe7d7,1,0.0,0,0.0004999166805542221,0.0,0,0.0,louvain,intersection_count,100.0,0.0,1.0,20260801,1.0.0,not_used,community labels are structural network results; they are not official factions and do not replace original-setting faction metadata
JP18,music,music,extralove,Extra Love,エキストララブ,C-6ae120a145e5aad4,42,1,CC-6ae120a145e5aad4,1,0.0,0,0.0004999166805542221,0.0,0,0.0,louvain,intersection_count,100.0,0.0,1.0,20260801,1.0.0,not_used,community labels are structural network results; they are not official factions and do not replace original-setting faction metadata
JP18,music,music,falloffall,Fall of Fall ～ 秋意渐浓之瀑,フォールオブフォール　～ 秋めく滝,C-f7e63db0bdedf9da,43,1,CC-f7e63db0bdedf9da,1,0.0,0,0.0004999166805542221,0.0,0,0.0,louvain,intersection_count,100.0,0.0,1.0,20260801,1.0.0,not_used,community labels are structural network results; they are not official factions and do not replace original-setting faction metadata
JP18,music,music,falsestrawberry,False Strawberry,フォルスストロベリー,C-c35b42e5d5079855,44,1,CC-c35b42e5d5079855,1,0.0,0,0.0004999166805542221,0.0,0,0.0,louvain,intersection_count,100.0,0.0,1.0,20260801,1.0.0,not_used,community labels are structural network results; they are not official factions and do not replace original-setting faction metadata
JP18,music,music,floweringnight,Flowering Night,フラワリングナイト,C-7045a3065a61204e,45,1,CC-7045a3065a61204e,1,0.0,0,0.0004999166805542221,0.0,0,0.0,louvain,intersection_count,100.0,0.0,1.0,20260801,1.0.0,not_used,community labels are structural network results; they are not official factions and do not replace original-setting faction metadata
JP18,music,music,frontalattack,Frontal Attack,Frontal Attack,C-1ac6684978b8fc46,46,1,CC-1ac6684978b8fc46,1,0.0,0,0.0004999166805542221,0.0,0,0.0,louvain,intersection_count,100.0,0.0,1.0,20260801,1.0.0,not_used,community labels are structural network results; they are not official factions and do not replace original-setting faction metadata
JP18,music,music,gameover,Game Over,ゲームオーバー,C-3d166503b84b0dcc,47,1,CC-3d166503b84b0dcc,1,0.0,0,0.0004999166805542221,0.0,0,0.0,louvain,intersection_count,100.0,0.0,1.0,20260801,1.0.0,not_used,community labels are structural network results; they are not official factions and do not replace original-setting faction metadata
JP18,music,music,gfree,G Free,G Free,C-033f0d2849d1b7cd,48,1,CC-033f0d2849d1b7cd,1,0.0,0,0.0004999166805542221,0.0,0,0.0,louvain,intersection_count,100.0,0.0,1.0,20260801,1.0.0,not_used,community labels are structural network results; they are not official factions and do not replace original-setting faction metadata
JP18,music,music,ghostlead,Ghost Lead,ゴーストリード,C-39cbb3e74e92cd16,49,1,CC-39cbb3e74e92cd16,1,0.0,0,0.0004999166805542221,0.0,0,0.0,louvain,intersection_count,100.0,0.0,1.0,20260801,1.0.0,not_used,community labels are structural network results; they are not official factions and do not replace original-setting faction metadata
JP18,music,music,heartfeltfancy,Heartfelt Fancy,ハートフェルトファンシー,C-d04ebba38373eb8a,50,1,CC-d04ebba38373eb8a,1,0.0,0,0.0004999166805542221,0.0,0,0.0,louvain,intersection_count,100.0,0.0,1.0,20260801,1.0.0,not_used,community labels are structural network results; they are not official factions and do not replace original-setting faction metadata
JP18,music,music,herselves,Herselves,ハーセルヴズ,C-72473300df7854fb,51,1,CC-72473300df7854fb,1,0.0,0,0.0004999166805542221,0.0,0,0.0,louvain,intersection_count,100.0,0.0,1.0,20260801,1.0.0,not_used,community labels are structural network results; they are not official factions and do not replace original-setting faction metadata
JP18,music,music,highlyresponsivetoprayers,Highly Responsive to Prayers,Highly Responsive to Prayers,C-21bc6f72d1f7b7a9,52,1,CC-21bc6f72d1f7b7a9,1,0.0,0,0.0004999166805542221,0.0,0,0.0,louvain,intersection_count,100.0,0.0,1.0,20260801,1.0.0,not_used,community labels are structural network results; they are not official factions and do not replace original-setting faction metadata
JP18,music,music,incompleteplot,Incomplete Plot,Incomplete Plot,C-590cd312640e9b05,53,1,CC-590cd312640e9b05,1,0.0,0,0.0004999166805542221,0.0,0,0.0,louvain,intersection_count,100.0,0.0,1.0,20260801,1.0.0,not_used,community labels are structural network results; they are not official factions and do not replace original-setting faction metadata
JP18,music,music,intermezzo,间奏曲,Intermezzo,C-3d10f3e2729bece3,54,1,CC-3d10f3e2729bece3,1,0.0,0,0.0004999166805542221,0.0,0,0.0,louvain,intersection_count,100.0,0.0,1.0,20260801,1.0.0,not_used,community labels are structural network results; they are not official factions and do not replace original-setting faction metadata
JP18,music,music,intobackdoor,Into Backdoor,イントゥ・バックドア,C-759d967b88301a50,55,1,CC-759d967b88301a50,1,0.0,0,0.0004999166805542221,0.0,0,0.0,louvain,intersection_count,100.0,0.0,1.0,20260801,1.0.0,not_used,community labels are structural network results; they are not official factions and do not replace original-setting faction metadata
JP18,music,music,inventivecity,Inventive City,Inventive City,C-c41c7ecef44fd40d,56,1,CC-c41c7ecef44fd40d,1,0.0,0,0.0004999166805542221,0.0,0,0.0,louvain,intersection_count,100.0,0.0,1.0,20260801,1.0.0,not_used,community labels are structural network results; they are not official factions and do not replace original-setting faction metadata
JP18,music,music,japanesesaga,Japanese Saga,ジャパニーズサーガ,C-cc2969f09be4b876,57,1,CC-cc2969f09be4b876,1,0.0,0,0.0004999166805542221,0.0,0,0.0,louvain,intersection_count,100.0,0.0,1.0,20260801,1.0.0,not_used,community labels are structural network results; they are not official factions and do not replace original-setting faction metadata
JP18,music,music,jellystone,Jelly Stone,ジェリーストーン,C-d48228d3e4869c6e,58,1,CC-d48228d3e4869c6e,1,0.0,0,0.0004999166805542221,0.0,0,0.0,louvain,intersection_count,100.0,0.0,1.0,20260801,1.0.0,not_used,community labels are structural network results; they are not official factions and do not replace original-setting faction metadata
JP18,music,music,lastoccultism,Last Occultism ～ 现世的秘术师,ラストオカルティズム　～ 現し世の秘術師,C-6619b14e1e19e2c0,59,1,CC-6619b14e1e19e2c0,1,0.0,0,0.0004999166805542221,0.0,0,0.0,louvain,intersection_count,100.0,0.0,1.0,20260801,1.0.0,not_used,community labels are structural network results; they are not official factions and do not replace original-setting faction metadata
JP18,music,music,lastremote,Last Remote,ラストリモート,C-e2c798b3698fa5db,60,1,CC-e2c798b3698fa5db,1,0.0,0,0.0004999166805542221,0.0,0,0.0,louvain,intersection_count,100.0,0.0,1.0,20260801,1.0.0,not_used,community labels are structural network results; they are not official factions and do not replace original-setting faction metadata
JP18,music,music,lockedgirl,Locked Girl ～ 少女密室,ラクトガール　～ 少女密室,C-065066ccfc7a87e6,61,1,CC-065066ccfc7a87e6,1,0.0,0,0.0004999166805542221,0.0,0,0.0,louvain,intersection_count,100.0,0.0,1.0,20260801,1.0.0,not_used,community labels are structural network results; they are not official factions and do not replace original-setting faction metadata
JP18,music,music,looserain,Loose Rain,ルーズレイン,C-aec98f2f18d29e68,62,1,CC-aec98f2f18d29e68,1,0.0,0,0.0004999166805542221,0.0,0,0.0,louvain,intersection_count,100.0,0.0,1.0,20260801,1.0.0,not_used,community labels are structural network results; they are not official factions and do not replace original-setting faction metadata
JP18,music,music,lostriver,Lost River,ロストリバー,C-b1de535b8a89ebb8,63,1,CC-b1de535b8a89ebb8,1,0.0,0,0.0004999166805542221,0.0,0,0.0,louvain,intersection_count,100.0,0.0,1.0,20260801,1.0.0,not_used,community labels are structural network results; they are not official factions and do not replace original-setting faction metadata
JP18,music,music,lotuslove,Lotus Love,Lotus Love,C-a550779f05cc7089,64,1,CC-a550779f05cc7089,1,0.0,0,0.0004999166805542221,0.0,0,0.0,louvain,intersection_count,100.0,0.0,1.0,20260801,1.0.0,not_used,community labels are structural network results; they are not official factions and do not replace original-setting faction metadata
JP18,music,music,lotusroad,Lotus Road,Lotus Road,C-51bbc26d91bdbf42,65,1,CC-51bbc26d91bdbf42,1,0.0,0,0.0004999166805542221,0.0,0,0.0,louvain,intersection_count,100.0,0.0,1.0,20260801,1.0.0,not_used,community labels are structural network results; they are not official factions and do not replace original-setting faction metadata
JP18,music,music,luciddreamer,Lucid Dreamer,ルーシッドドリーマー,C-0f69792f9decd18e,66,1,CC-0f69792f9decd18e,1,0.0,0,0.0004999166805542221,0.0,0,0.0,louvain,intersection_count,100.0,0.0,1.0,20260801,1.0.0,not_used,community labels are structural network results; they are not official factions and do not replace original-setting faction metadata
JP18,music,music,lunarrainbow,Lunar Rainbow,ルナレインボー,C-b012e6d9b23567a6,67,1,CC-b012e6d9b23567a6,1,0.0,0,0.0004999166805542221,0.0,0,0.0,louvain,intersection_count,100.0,0.0,1.0,20260801,1.0.0,not_used,community labels are structural network results; they are not official factions and do not replace original-setting faction metadata
JP18,music,music,lunateelf,Lunate Elf,ルーネイトエルフ,C-ab4213455d1cb717,68,1,CC-ab4213455d1cb717,1,0.0,0,0.0004999166805542221,0.0,0,0.0,louvain,intersection_count,100.0,0.0,1.0,20260801,1.0.0,not_used,community labels are structural network results; they are not official factions and do not replace original-setting faction metadata
JP18,music,music,lunaticdreamer,Lunatic Dreamer,ルナティックドリーマー,C-7f800150aa4a1f04,69,1,CC-7f800150aa4a1f04,1,0.0,0,0.0004999166805542221,0.0,0,0.0,louvain,intersection_count,100.0,0.0,1.0,20260801,1.0.0,not_used,community labels are structural network results; they are not official factions and do not replace original-setting faction metadata
JP18,music,music,magicalandhopeless,Magical and Hopeless,Magical and Hopeless,C-c264ccd458f1d359,70,1,CC-c264ccd458f1d359,1,0.0,0,0.0004999166805542221,0.0,0,0.0,louvain,intersection_count,100.0,0.0,1.0,20260801,1.0.0,not_used,community labels are structural network results; they are not official factions and do not replace original-setting faction metadata
JP18,music,music,magicalstorm,Magical Storm,マジカルストーム,C-4250feb4731d06cc,71,1,CC-4250feb4731d06cc,1,0.0,0,0.0004999166805542221,0.0,0,0.0,louvain,intersection_count,100.0,0.0,1.0,20260801,1.0.0,not_used,community labels are structural network results; they are not official factions and do not replace original-setting faction metadata
JP18,music,music,magicoflife,Magic of Life,Magic of Life,C-81ad94d59b4fda45,72,1,CC-81ad94d59b4fda45,1,0.0,0,0.0004999166805542221,0.0,0,0.0,louvain,intersection_count,100.0,0.0,1.0,20260801,1.0.0,not_used,community labels are structural network results; they are not official factions and do not replace original-setting faction metadata
JP18,music,music,magicshopofraspberry,Magic Shop of Raspberry,Magic Shop of Raspberry,C-4ad7dc8f34e42acd,73,1,CC-4ad7dc8f34e42acd,1,0.0,0,0.0004999166805542221,0.0,0,0.0,louvain,intersection_count,100.0,0.0,1.0,20260801,1.0.0,not_used,community labels are structural network results; they are not official factions and do not replace original-setting faction metadata
JP18,music,music,magusnight,Magus Night,メイガスナイト,C-25378e9b13a75d16,74,1,CC-25378e9b13a75d16,1,0.0,0,0.0004999166805542221,0.0,0,0.0,louvain,intersection_count,100.0,0.0,1.0,20260801,1.0.0,not_used,community labels are structural network results; they are not official factions and do not replace original-setting faction metadata
JP18,music,music,maniacalprincess,Maniacal Princess,Maniacal Princess,C-e1fecd11a0dec9c2,75,1,CC-e1fecd11a0dec9c2,1,0.0,0,0.0004999166805542221,0.0,0,0.0,louvain,intersection_count,100.0,0.0,1.0,20260801,1.0.0,not_used,community labels are structural network results; they are not official factions and do not replace original-setting faction metadata
JP18,music,music,mapledream,Maple Dream...,Maple Dream...,C-aa676945cff63dfb,76,1,CC-aa676945cff63dfb,1,0.0,0,0.0004999166805542221,0.0,0,0.0,louvain,intersection_count,100.0,0.0,1.0,20260801,1.0.0,not_used,community labels are structural network results; they are not official factions and do not replace original-setting faction metadata
JP18,music,music,maplewise,Maple Wise,メイプルワイズ,C-cb89ebe7db1782ca,77,1,CC-cb89ebe7db1782ca,1,0.0,0,0.0004999166805542221,0.0,0,0.0,louvain,intersection_count,100.0,0.0,1.0,20260801,1.0.0,not_used,community labels are structural network results; they are not official factions and do not replace original-setting faction metadata
JP18,music,music,midnightspellcard,Midnight Spell Card,ミッドナイトスペルカード,C-1f44f567d59fe2a4,78,1,CC-1f44f567d59fe2a4,1,0.0,0,0.0004999166805542221,0.0,0,0.0,louvain,intersection_count,100.0,0.0,1.0,20260801,1.0.0,not_used,community labels are structural network results; they are not official factions and do not replace original-setting faction metadata
JP18,music,music,mistlake,Mist Lake,ミストレイク,C-521fc431031acf66,79,1,CC-521fc431031acf66,1,0.0,0,0.0004999166805542221,0.0,0,0.0,louvain,intersection_count,100.0,0.0,1.0,20260801,1.0.0,not_used,community labels are structural network results; they are not official factions and do not replace original-setting faction metadata
JP18,music,music,mushroomwaltz,Mushroom·Waltz,マッシュルーム・ワルツ,C-5f9baedb8eb442d9,80,1,CC-5f9baedb8eb442d9,1,0.0,0,0.0004999166805542221,0.0,0,0.0,louvain,intersection_count,100.0,0.0,1.0,20260801,1.0.0,not_used,community labels are structural network results; they are not official factions and do not replace original-setting faction metadata
JP18,music,music,mymaidsweetmaid,My Maid Sweet Maid,"My Maid, Sweet Maid",C-5d9039fa94299ec2,81,1,CC-5d9039fa94299ec2,1,0.0,0,0.0004999166805542221,0.0,0,0.0,louvain,intersection_count,100.0,0.0,1.0,20260801,1.0.0,not_used,community labels are structural network results; they are not official factions and do not replace original-setting faction metadata
JP18,music,music,mysticdream,Mystic Dream,Mystic Dream,C-f110d462f8a465d2,82,1,CC-f110d462f8a465d2,1,0.0,0,0.0004999166805542221,0.0,0,0.0,louvain,intersection_count,100.0,0.0,1.0,20260801,1.0.0,not_used,community labels are structural network results; they are not official factions and do not replace original-setting faction metadata
JP18,music,music,nativefaith,Native Faith,ネイティブフェイス,C-26bbdfc691095d7a,83,1,CC-26bbdfc691095d7a,1,0.0,0,0.0004999166805542221,0.0,0,0.0,louvain,intersection_count,100.0,0.0,1.0,20260801,1.0.0,not_used,community labels are structural network results; they are not official factions and do not replace original-setting faction metadata
JP18,music,music,necrofantasia,Necro-Fantasia,ネクロファンタジア,C-aac8b958333d7fdf,84,1,CC-aac8b958333d7fdf,1,0.0,0,0.0004999166805542221,0.0,0,0.0,louvain,intersection_count,100.0,0.0,1.0,20260801,1.0.0,not_used,community labels are structural network results; they are not official factions and do not replace original-setting faction metadata
JP18,music,music,newshound,Newshound,ニュースハウンド,C-91efa70d3e01610e,85,1,CC-91efa70d3e01610e,1,0.0,0,0.0004999166805542221,0.0,0,0.0,louvain,intersection_count,100.0,0.0,1.0,20260801,1.0.0,not_used,community labels are structural network results; they are not official factions and do not replace original-setting faction metadata
JP18,music,music,nightmarediary,Nightmare Diary,ナイトメアダイアリー,C-2bca511d7d22e8f2,86,1,CC-2bca511d7d22e8f2,1,0.0,0,0.0004999166805542221,0.0,0,0.0,louvain,intersection_count,100.0,0.0,1.0,20260801,1.0.0,not_used,community labels are structural network results; they are not official factions and do not replace original-setting faction metadata
JP18,music,music,orientaldarkflight,Oriental Dark Flight,オリエンタルダークフライト,C-67699cb5378ce04c,87,1,CC-67699cb5378ce04c,1,0.0,0,0.0004999166805542221,0.0,0,0.0,louvain,intersection_count,100.0,0.0,1.0,20260801,1.0.0,not_used,community labels are structural network results; they are not official factions and do not replace original-setting faction metadata
JP18,music,music,orientalmagician,Oriental Magician,Oriental Magician,C-3c3adb6e3f6a3275,88,1,CC-3c3adb6e3f6a3275,1,0.0,0,0.0004999166805542221,0.0,0,0.0,louvain,intersection_count,100.0,0.0,1.0,20260801,1.0.0,not_used,community labels are structural network results; they are not official factions and do not replace original-setting faction metadata
JP18,music,music,outsidercocktail,Outsider Cocktail,アウトサイダーカクテル,C-a450251b1a6f3946,89,1,CC-a450251b1a6f3946,1,0.0,0,0.0004999166805542221,0.0,0,0.0,louvain,intersection_count,100.0,0.0,1.0,20260801,1.0.0,not_used,community labels are structural network results; they are not official factions and do not replace original-setting faction metadata
JP18,music,music,pandemonicplanet,Pandemonic Planet,パンデモニックプラネット,C-de19d7f1c40a2fa3,90,1,CC-de19d7f1c40a2fa3,1,0.0,0,0.0004999166805542221,0.0,0,0.0,louvain,intersection_count,100.0,0.0,1.0,20260801,1.0.0,not_used,community labels are structural network results; they are not official factions and do not replace original-setting faction metadata
JP18,music,music,peaceful,Peaceful,Peaceful,C-ff3bd6babc11996e,91,1,CC-ff3bd6babc11996e,1,0.0,0,0.0004999166805542221,0.0,0,0.0,louvain,intersection_count,100.0,0.0,1.0,20260801,1.0.0,not_used,community labels are structural network results; they are not official factions and do not replace original-setting faction metadata
JP18,music,music,peacefulromancer,Peaceful Romancer,Peaceful Romancer,C-85424538bfb0aaa5,92,1,CC-85424538bfb0aaa5,1,0.0,0,0.0004999166805542221,0.0,0,0.0,louvain,intersection_count,100.0,0.0,1.0,20260801,1.0.0,not_used,community labels are structural network results; they are not official factions and do not replace original-setting faction metadata
JP18,music,music,phantasmagoria,Phantasmagoria,Phantasmagoria,C-cb37337cb4742600,93,1,CC-cb37337cb4742600,1,0.0,0,0.0004999166805542221,0.0,0,0.0,louvain,intersection_count,100.0,0.0,1.0,20260801,1.0.0,not_used,community labels are structural network results; they are not official factions and do not replace original-setting faction metadata
JP18,music,music,plainasia,Plain Asia,プレインエイジア,C-e00cf45f03e4c1ba,94,1,CC-e00cf45f03e4c1ba,1,0.0,0,0.0004999166805542221,0.0,0,0.0,louvain,intersection_count,100.0,0.0,1.0,20260801,1.0.0,not_used,community labels are structural network results; they are not official factions and do not replace original-setting faction metadata
JP18,music,music,plasticmind,Plastic Mind,プラスチックマインド,C-8088503894228ba9,95,1,CC-8088503894228ba9,1,0.0,0,0.0004999166805542221,0.0,0,0.0,louvain,intersection_count,100.0,0.0,1.0,20260801,1.0.0,not_used,community labels are structural network results; they are not official factions and do not replace original-setting faction metadata
JP18,music,music,plasticspace,Plastic Space,Plastic Space,C-ddd7e0cda9a94a03,96,1,CC-ddd7e0cda9a94a03,1,0.0,0,0.0004999166805542221,0.0,0,0.0,louvain,intersection_count,100.0,0.0,1.0,20260801,1.0.0,not_used,community labels are structural network results; they are not official factions and do not replace original-setting faction metadata
JP18,music,music,playersscore,Player's Score,プレイヤーズスコア,C-9f1dd3f5f5283357,97,1,CC-9f1dd3f5f5283357,1,0.0,0,0.0004999166805542221,0.0,0,0.0,louvain,intersection_count,100.0,0.0,1.0,20260801,1.0.0,not_used,community labels are structural network results; they are not official factions and do not replace original-setting faction metadata
JP18,music,music,primroseshiver,Primrose Shiver,プリムローズシヴァ,C-0b4d59258a901c48,98,1,CC-0b4d59258a901c48,1,0.0,0,0.0004999166805542221,0.0,0,0.0,louvain,intersection_count,100.0,0.0,1.0,20260801,1.0.0,not_used,community labels are structural network results; they are not official factions and do not replace original-setting faction metadata
JP18,music,music,purefuries,Pure Furies ～ 心之所在,ピュアヒューリーズ　～ 心の在処,C-4ade3fd5a3799f20,99,1,CC-4ade3fd5a3799f20,1,0.0,0,0.0004999166805542221,0.0,0,0.0,louvain,intersection_count,100.0,0.0,1.0,20260801,1.0.0,not_used,community labels are structural network results; they are not official factions and do not replace original-setting faction metadata
JP18,music,music,reincarnation,Reincarnation,リーインカーネイション,C-f5cd44c1c56a5be1,100,1,CC-f5cd44c1c56a5be1,1,0.0,0,0.0004999166805542221,0.0,0,0.0,louvain,intersection_count,100.0,0.0,1.0,20260801,1.0.0,not_used,community labels are structural network results; they are not official factions and do not replace original-setting faction metadata
JP18,music,music,reverseideology,Reverse Ideology,リバースイデオロギー,C-2b89d0daa2f53237,101,1,CC-2b89d0daa2f53237,1,0.0,0,0.0004999166805542221,0.0,0,0.0,louvain,intersection_count,100.0,0.0,1.0,20260801,1.0.0,not_used,community labels are structural network results; they are not official factions and do not replace original-setting faction metadata
JP18,music,music,rigidparadise,Rigid Paradise,リジッドパラダイス,C-d81fa020443ae0b5,102,1,CC-d81fa020443ae0b5,1,0.0,0,0.0004999166805542221,0.0,0,0.0,louvain,intersection_count,100.0,0.0,1.0,20260801,1.0.0,not_used,community labels are structural network results; they are not official factions and do not replace original-setting faction metadata
JP18,music,music,romanticchildren,Romantic Children,Romantic Children,C-149a847566b39b18,103,1,CC-149a847566b39b18,1,0.0,0,0.0004999166805542221,0.0,0,0.0,louvain,intersection_count,100.0,0.0,1.0,20260801,1.0.0,not_used,community labels are structural network results; they are not official factions and do not replace original-setting faction metadata
JP18,music,music,sacredbattle,Sacred Battle,Sacred Battle,C-6260e53c40331ec4,104,1,CC-6260e53c40331ec4,1,0.0,0,0.0004999166805542221,0.0,0,0.0,louvain,intersection_count,100.0,0.0,1.0,20260801,1.0.0,not_used,community labels are structural network results; they are not official factions and do not replace original-setting faction metadata
JP18,music,music,sailoroftime,Sailor of Time,Sailor of Time,C-f643e7872ac0c331,105,1,CC-f643e7872ac0c331,1,0.0,0,0.0004999166805542221,0.0,0,0.0,louvain,intersection_count,100.0,0.0,1.0,20260801,1.0.0,not_used,community labels are structural network results; they are not official factions and do not replace original-setting faction metadata
JP18,music,music,selection,Selection,Selection,C-e8de4619caacc732,106,1,CC-e8de4619caacc732,1,0.0,0,0.0004999166805542221,0.0,0,0.0,louvain,intersection_count,100.0,0.0,1.0,20260801,1.0.0,not_used,community labels are structural network results; they are not official factions and do not replace original-setting faction metadata
JP18,music,music,seleneslight,Selene's light,Selene's light,C-a0f2683509198e6b,107,1,CC-a0f2683509198e6b,1,0.0,0,0.0004999166805542221,0.0,0,0.0,louvain,intersection_count,100.0,0.0,1.0,20260801,1.0.0,not_used,community labels are structural network results; they are not official factions and do not replace original-setting faction metadata
JP18,music,music,seraphicchicken,Seraphic Chicken,セラフィックチキン,C-853be984b89de4c3,108,1,CC-853be984b89de4c3,1,0.0,0,0.0004999166805542221,0.0,0,0.0,louvain,intersection_count,100.0,0.0,1.0,20260801,1.0.0,not_used,community labels are structural network results; they are not official factions and do not replace original-setting faction metadata
JP18,music,music,shesinatemper,She's in a temper!!,She's in a temper!!,C-c9d7017ea6198785,109,1,CC-c9d7017ea6198785,1,0.0,0,0.0004999166805542221,0.0,0,0.0,louvain,intersection_count,100.0,0.0,1.0,20260801,1.0.0,not_used,community labels are structural network results; they are not official factions and do not replace original-setting faction metadata
JP18,music,music,silkroadalice,Silk Road Alice,シルクロードアリス,C-e900b3fefad4a22a,110,1,CC-e900b3fefad4a22a,1,0.0,0,0.0004999166805542221,0.0,0,0.0,louvain,intersection_count,100.0,0.0,1.0,20260801,1.0.0,not_used,community labels are structural network results; they are not official factions and do not replace original-setting faction metadata
JP18,music,music,skyruin,Sky Ruin,スカイルーイン,C-75762b3a993e4db1,111,1,CC-75762b3a993e4db1,1,0.0,0,0.0004999166805542221,0.0,0,0.0,louvain,intersection_count,100.0,0.0,1.0,20260801,1.0.0,not_used,community labels are structural network results; they are not official factions and do not replace original-setting faction metadata
JP18,music,music,sleepsheepparade,Sleep Sheep·Parade,スリープシープ・パレード,C-4135b03983c37877,112,1,CC-4135b03983c37877,1,0.0,0,0.0004999166805542221,0.0,0,0.0,louvain,intersection_count,100.0,0.0,1.0,20260801,1.0.0,not_used,community labels are structural network results; they are not official factions and do not replace original-setting faction metadata
JP18,music,music,smokingdragon,Smoking Dragon,スモーキングドラゴン,C-044b131f4910b61e,113,1,CC-044b131f4910b61e,1,0.0,0,0.0004999166805542221,0.0,0,0.0,louvain,intersection_count,100.0,0.0,1.0,20260801,1.0.0,not_used,community labels are structural network results; they are not official factions and do not replace original-setting faction metadata
JP18,music,music,starbowdream,Starbow Dream,スターボウドリーム,C-e1fb240afac9622b,114,1,CC-e1fb240afac9622b,1,0.0,0,0.0004999166805542221,0.0,0,0.0,louvain,intersection_count,100.0,0.0,1.0,20260801,1.0.0,not_used,community labels are structural network results; they are not official factions and do not replace original-setting faction metadata
JP18,music,music,starvoyage2008,Star Voyage2008,スターヴォヤージュ2008,C-72be0be368adcb57,115,1,CC-72be0be368adcb57,1,0.0,0,0.0004999166805542221,0.0,0,0.0,louvain,intersection_count,100.0,0.0,1.0,20260801,1.0.0,not_used,community labels are structural network results; they are not official factions and do not replace original-setting faction metadata
JP18,music,music,strawberrycrisis,Strawberry Crisis!!,Strawberry Crisis!!,C-5f4b1accb81f3623,116,1,CC-5f4b1accb81f3623,1,0.0,0,0.0004999166805542221,0.0,0,0.0,louvain,intersection_count,100.0,0.0,1.0,20260801,1.0.0,not_used,community labels are structural network results; they are not official factions and do not replace original-setting faction metadata
JP18,music,music,sunnyrutileflection,Sunny Rutile Flection,サニールチルフレクション,C-59ae8061f0ae9cda,117,1,CC-59ae8061f0ae9cda,1,0.0,0,0.0004999166805542221,0.0,0,0.0,louvain,intersection_count,100.0,0.0,1.0,20260801,1.0.0,not_used,community labels are structural network results; they are not official factions and do not replace original-setting faction metadata
JP18,music,music,tabularasa空白少女,Tabula rasa ～ 空白少女,Tabula rasa　～ 空白少女,C-a445fde9413d372f,118,1,CC-a445fde9413d372f,1,0.0,0,0.0004999166805542221,0.0,0,0.0,louvain,intersection_count,100.0,0.0,1.0,20260801,1.0.0,not_used,community labels are structural network results; they are not official factions and do not replace original-setting faction metadata
JP18,music,music,thelastjudgement,the Last Judgement,the Last Judgement,C-2bb06baea6f10b55,119,1,CC-2bb06baea6f10b55,1,0.0,0,0.0004999166805542221,0.0,0,0.0,louvain,intersection_count,100.0,0.0,1.0,20260801,1.0.0,not_used,community labels are structural network results; they are not official factions and do not replace original-setting faction metadata
JP18,music,music,thelegendofkage,The Legend of KAGE,the Legend of KAGE,C-883b49fb8f6f4c6d,120,1,CC-883b49fb8f6f4c6d,1,0.0,0,0.0004999166805542221,0.0,0,0.0,louvain,intersection_count,100.0,0.0,1.0,20260801,1.0.0,not_used,community labels are structural network results; they are not official factions and do not replace original-setting faction metadata
JP18,music,music,themeofeasternstory,Theme of Eastern Story,テーマ・オブ・イースタンストーリー,C-7081e5faa85e72bf,121,1,CC-7081e5faa85e72bf,1,0.0,0,0.0004999166805542221,0.0,0,0.0,louvain,intersection_count,100.0,0.0,1.0,20260801,1.0.0,not_used,community labels are structural network results; they are not official factions and do not replace original-setting faction metadata
JP18,music,music,thepositiveandnegative,The Positive and Negative,The Positive and Negative,C-d881ce4a042cb6f9,122,1,CC-d881ce4a042cb6f9,1,0.0,0,0.0004999166805542221,0.0,0,0.0,louvain,intersection_count,100.0,0.0,1.0,20260801,1.0.0,not_used,community labels are structural network results; they are not official factions and do not replace original-setting faction metadata
JP18,music,music,titledmaid,Titled Maid,タイトルドメイド,C-a0d24caff5635065,123,1,CC-a0d24caff5635065,1,0.0,0,0.0004999166805542221,0.0,0,0.0,louvain,intersection_count,100.0,0.0,1.0,20260801,1.0.0,not_used,community labels are structural network results; they are not official factions and do not replace original-setting faction metadata
JP18,music,music,tortoisedragon,Tortoise Dragon ～ 幸运与不幸,トータスドラゴン　〜幸運と不運,C-bbd167b40288228f,124,1,CC-bbd167b40288228f,1,0.0,0,0.0004999166805542221,0.0,0,0.0,louvain,intersection_count,100.0,0.0,1.0,20260801,1.0.0,not_used,community labels are structural network results; they are not official factions and do not replace original-setting faction metadata
JP18,music,music,ultimatetruth,Ultimate Truth,アルティメットトゥルース,C-93923f00e46083bc,125,1,CC-93923f00e46083bc,1,0.0,0,0.0004999166805542221,0.0,0,0.0,louvain,intersection_count,100.0,0.0,1.0,20260801,1.0.0,not_used,community labels are structural network results; they are not official factions and do not replace original-setting faction metadata
JP18,music,music,unlocatedhell,Unlocated Hell,アンロケイテッドヘル,C-a00429cdce526cdc,126,1,CC-a00429cdce526cdc,1,0.0,0,0.0004999166805542221,0.0,0,0.0,louvain,intersection_count,100.0,0.0,1.0,20260801,1.0.0,not_used,community labels are structural network results; they are not official factions and do not replace original-setting faction metadata
JP18,music,music,unowen就是她吗,U.N.OWEN就是她吗？,U.N.オーエンは彼女なのか？,C-3bf74391f2b50bb7,127,1,CC-3bf74391f2b50bb7,1,0.0,0,0.0004999166805542221,0.0,0,0.0,louvain,intersection_count,100.0,0.0,1.0,20260801,1.0.0,not_used,community labels are structural network results; they are not official factions and do not replace original-setting faction metadata
JP18,music,music,voyage1969,Voyage1969,ヴォヤージュ1969,C-efcc7331b429742b,128,1,CC-efcc7331b429742b,1,0.0,0,0.0004999166805542221,0.0,0,0.0,louvain,intersection_count,100.0,0.0,1.0,20260801,1.0.0,not_used,community labels are structural network results; they are not official factions and do not replace original-setting faction metadata
JP18,music,music,voyage1970,Voyage1970,ヴォヤージュ1970,C-0ff751ad9662ab6b,129,1,CC-0ff751ad9662ab6b,1,0.0,0,0.0004999166805542221,0.0,0,0.0,louvain,intersection_count,100.0,0.0,1.0,20260801,1.0.0,not_used,community labels are structural network results; they are not official factions and do not replace original-setting faction metadata
JP18,music,music,witchingdream,Witching Dream,Witching Dream,C-97b1f4dcb54e2bcb,130,1,CC-97b1f4dcb54e2bcb,1,0.0,0,0.0004999166805542221,0.0,0,0.0,louvain,intersection_count,100.0,0.0,1.0,20260801,1.0.0,not_used,community labels are structural network results; they are not official factions and do not replace original-setting faction metadata
JP18,music,music,witchoflovepotion,Witch of Love Potion,Witch of Love Potion,C-dcbb095640246d85,131,1,CC-dcbb095640246d85,1,0.0,0,0.0004999166805542221,0.0,0,0.0,louvain,intersection_count,100.0,0.0,1.0,20260801,1.0.0,not_used,community labels are structural network results; they are not official factions and do not replace original-setting faction metadata
JP18,music,music,あなたの町の怪事件,你所在之城的怪事,あなたの町の怪事件,C-6f8f6b7db92fe42f,132,1,CC-6f8f6b7db92fe42f,1,0.0,0,0.0004999166805542221,0.0,0,0.0,louvain,intersection_count,100.0,0.0,1.0,20260801,1.0.0,not_used,community labels are structural network results; they are not official factions and do not replace original-setting faction metadata
JP18,music,music,あゆのかぜ,东风,あゆのかぜ,C-1a81ade270f32a5e,133,1,CC-1a81ade270f32a5e,1,0.0,0,0.0004999166805542221,0.0,0,0.0,louvain,intersection_count,100.0,0.0,1.0,20260801,1.0.0,not_used,community labels are structural network results; they are not official factions and do not replace original-setting faction metadata
JP18,music,music,いたずらに命をかけて,赌上性命去恶作剧,いたずらに命をかけて,C-3405048b7d41fd71,134,1,CC-3405048b7d41fd71,1,0.0,0,0.0004999166805542221,0.0,0,0.0,louvain,intersection_count,100.0,0.0,1.0,20260801,1.0.0,not_used,community labels are structural network results; they are not official factions and do not replace original-setting faction metadata
JP18,music,music,お宇佐さまの素い幡,宇佐大人的白旗,お宇佐さまの素い幡,C-a5a6f3ae539de4dc,135,1,CC-a5a6f3ae539de4dc,1,0.0,0,0.0004999166805542221,0.0,0,0.0,louvain,intersection_count,100.0,0.0,1.0,20260801,1.0.0,not_used,community labels are structural network results; they are not official factions and do not replace original-setting faction metadata
JP18,music,music,かわいい悪魔innocence,可爱的恶魔 ～ Innocence,かわいい悪魔　～ Innocence,C-1d0a44d942ece664,136,1,CC-1d0a44d942ece664,1,0.0,0,0.0004999166805542221,0.0,0,0.0,louvain,intersection_count,100.0,0.0,1.0,20260801,1.0.0,not_used,community labels are structural network results; they are not official factions and do not replace original-setting faction metadata
JP18,music,music,ひもろぎむらさきにもえ,神篱，如紫色火焰般燃烧,ひもろぎ、むらさきにもえ,C-86da7a1afa88c6c0,137,1,CC-86da7a1afa88c6c0,1,0.0,0,0.0004999166805542221,0.0,0,0.0,louvain,intersection_count,100.0,0.0,1.0,20260801,1.0.0,not_used,community labels are structural network results; they are not official factions and do not replace original-setting faction metadata
JP18,music,music,ぼくらの非想天則,我们的非想天则,ぼくらの非想天則,C-dde82d6ce3a21240,138,1,CC-dde82d6ce3a21240,1,0.0,0,0.0004999166805542221,0.0,0,0.0,louvain,intersection_count,100.0,0.0,1.0,20260801,1.0.0,not_used,community labels are structural network results; they are not official factions and do not replace original-setting faction metadata
JP18,music,music,もうドアには入れない,门再也进不去了,もうドアには入れない,C-60139d277ab276b4,139,1,CC-60139d277ab276b4,1,0.0,0,0.0004999166805542221,0.0,0,0.0,louvain,intersection_count,100.0,0.0,1.0,20260801,1.0.0,not_used,community labels are structural network results; they are not official factions and do not replace original-setting faction metadata
JP18,music,music,やみのちから,黑暗的力量,やみのちから,C-cad7b0404b30ff82,140,1,CC-cad7b0404b30ff82,1,0.0,0,0.0004999166805542221,0.0,0,0.0,louvain,intersection_count,100.0,0.0,1.0,20260801,1.0.0,not_used,community labels are structural network results; they are not official factions and do not replace original-setting faction metadata
JP18,music,music,アイリス,鸢尾花,アイリス,C-eca5309acdd356da,141,1,CC-eca5309acdd356da,1,0.0,0,0.0004999166805542221,0.0,0,0.0,louvain,intersection_count,100.0,0.0,1.0,20260801,1.0.0,not_used,community labels are structural network results; they are not official factions and do not replace original-setting faction metadata
JP18,music,music,アウトサイダーカクテル,Outsider Cocktail,アウトサイダーカクテル,C-62322663a95fc777,142,1,CC-62322663a95fc777,1,0.0,0,0.0004999166805542221,0.0,0,0.0,louvain,intersection_count,100.0,0.0,1.0,20260801,1.0.0,not_used,community labels are structural network results; they are not official factions and do not replace original-setting faction metadata
JP18,music,music,アガルタの風,阿加尔塔之风,アガルタの風,C-4b01992df0a6f77f,143,1,CC-4b01992df0a6f77f,1,0.0,0,0.0004999166805542221,0.0,0,0.0,louvain,intersection_count,100.0,0.0,1.0,20260801,1.0.0,not_used,community labels are structural network results; they are not official factions and do not replace original-setting faction metadata
JP18,music,music,アリスマエステラ,Alice Maestra,アリスマエステラ,C-06c2a31328ab3e0a,144,1,CC-06c2a31328ab3e0a,1,0.0,0,0.0004999166805542221,0.0,0,0.0,louvain,intersection_count,100.0,0.0,1.0,20260801,1.0.0,not_used,community labels are structural network results; they are not official factions and do not replace original-setting faction metadata
JP18,music,music,アンティークテラー,Antique Terror,アンティークテラー,C-20b80040147e7774,145,1,CC-20b80040147e7774,1,0.0,0,0.0004999166805542221,0.0,0,0.0,louvain,intersection_count,100.0,0.0,1.0,20260801,1.0.0,not_used,community labels are structural network results; they are not official factions and do not replace original-setting faction metadata
JP18,music,music,イザナギオブジェクト,伊奘诺物质,イザナギオブジェクト,C-8a3ca722d1b15903,146,1,CC-8a3ca722d1b15903,1,0.0,0,0.0004999166805542221,0.0,0,0.0,louvain,intersection_count,100.0,0.0,1.0,20260801,1.0.0,not_used,community labels are structural network results; they are not official factions and do not replace original-setting faction metadata
JP18,music,music,イントゥバックドア,Into Backdoor,イントゥ・バックドア,C-0896891b781dd5fb,147,1,CC-0896891b781dd5fb,1,0.0,0,0.0004999166805542221,0.0,0,0.0,louvain,intersection_count,100.0,0.0,1.0,20260801,1.0.0,not_used,community labels are structural network results; they are not official factions and do not replace original-setting faction metadata
JP18,music,music,エキストララブ,Extra Love,エキストララブ,C-9b5d696cdbfec8ca,148,1,CC-9b5d696cdbfec8ca,1,0.0,0,0.0004999166805542221,0.0,0,0.0,louvain,intersection_count,100.0,0.0,1.0,20260801,1.0.0,not_used,community labels are structural network results; they are not official factions and do not replace original-setting faction metadata
JP18,music,music,エニグマティクドール,神秘的人偶,エニグマティクドール,C-7434e345c351f784,149,1,CC-7434e345c351f784,1,0.0,0,0.0004999166805542221,0.0,0,0.0,louvain,intersection_count,100.0,0.0,1.0,20260801,1.0.0,not_used,community labels are structural network results; they are not official factions and do not replace original-setting faction metadata
JP18,music,music,エネルギー黎明futuredream,能源黎明 ～ Future Dream...,エネルギー黎明 ～ Future Dream...,C-d7f5ecbe0924c8fc,150,1,CC-d7f5ecbe0924c8fc,1,0.0,0,0.0004999166805542221,0.0,0,0.0,louvain,intersection_count,100.0,0.0,1.0,20260801,1.0.0,not_used,community labels are structural network results; they are not official factions and do not replace original-setting faction metadata
JP18,music,music,オカルトアラカルト,灵异任你选,オカルトアラカルト,C-d820c05da3f48078,151,1,CC-d820c05da3f48078,1,0.0,0,0.0004999166805542221,0.0,0,0.0,louvain,intersection_count,100.0,0.0,1.0,20260801,1.0.0,not_used,community labels are structural network results; they are not official factions and do not replace original-setting faction metadata
JP18,music,music,オルフェの詩pseudoclassic,俄耳甫斯的诗 ～ Pseudoclassic,オルフェの詩　～ Pseudoclassic,C-f692333303a0d8b7,152,1,CC-f692333303a0d8b7,1,0.0,0,0.0004999166805542221,0.0,0,0.0,louvain,intersection_count,100.0,0.0,1.0,20260801,1.0.0,not_used,community labels are structural network results; they are not official factions and do not replace original-setting faction metadata
JP18,music,music,オルレアンの聖騎士,奥尔良的圣骑士,オルレアンの聖騎士,C-2e7c8a8829c94ca7,153,1,CC-2e7c8a8829c94ca7,1,0.0,0,0.0004999166805542221,0.0,0,0.0,louvain,intersection_count,100.0,0.0,1.0,20260801,1.0.0,not_used,community labels are structural network results; they are not official factions and do not replace original-setting faction metadata
JP18,music,music,カナベラルの夢幻少女,卡纳维拉尔角的梦幻少女,カナベラルの夢幻少女,C-65ac848cc7202b6e,154,1,CC-65ac848cc7202b6e,1,0.0,0,0.0004999166805542221,0.0,0,0.0,louvain,intersection_count,100.0,0.0,1.0,20260801,1.0.0,not_used,community labels are structural network results; they are not official factions and do not replace original-setting faction metadata
JP18,music,music,キュアリアス上海古牌,珍奇的上海古牌,キュアリアス上海古牌,C-a9397018e9787474,155,1,CC-a9397018e9787474,1,0.0,0,0.0004999166805542221,0.0,0,0.0,louvain,intersection_count,100.0,0.0,1.0,20260801,1.0.0,not_used,community labels are structural network results; they are not official factions and do not replace original-setting faction metadata
JP18,music,music,ゲームオーバー,Game Over,ゲームオーバー,C-9c04bf5ff12d0d6b,156,1,CC-9c04bf5ff12d0d6b,1,0.0,0,0.0004999166805542221,0.0,0,0.0,louvain,intersection_count,100.0,0.0,1.0,20260801,1.0.0,not_used,community labels are structural network results; they are not official factions and do not replace original-setting faction metadata
JP18,music,music,コレクターの憂鬱な午後,收藏家的忧郁午后,コレクターの憂鬱な午後,C-1cbfe37a4abae666,157,1,CC-1cbfe37a4abae666,1,0.0,0,0.0004999166805542221,0.0,0,0.0,louvain,intersection_count,100.0,0.0,1.0,20260801,1.0.0,not_used,community labels are structural network results; they are not official factions and do not replace original-setting faction metadata
JP18,music,music,ゴーストリード,Ghost Lead,ゴーストリード,C-20ba973b38076b2d,158,1,CC-20ba973b38076b2d,1,0.0,0,0.0004999166805542221,0.0,0,0.0,louvain,intersection_count,100.0,0.0,1.0,20260801,1.0.0,not_used,community labels are structural network results; they are not official factions and do not replace original-setting faction metadata
JP18,music,music,サニーミルクの紅霧異変,桑尼米尔克的红雾异变,サニーミルクの紅霧異変,C-0ad76140fd523c99,159,1,CC-0ad76140fd523c99,1,0.0,0,0.0004999166805542221,0.0,0,0.0,louvain,intersection_count,100.0,0.0,1.0,20260801,1.0.0,not_used,community labels are structural network results; they are not official factions and do not replace original-setting faction metadata
JP18,music,music,サニールチルフレクション,Sunny Rutile Flection,サニールチルフレクション,C-070417593b64a22a,160,1,CC-070417593b64a22a,1,0.0,0,0.0004999166805542221,0.0,0,0.0,louvain,intersection_count,100.0,0.0,1.0,20260801,1.0.0,not_used,community labels are structural network results; they are not official factions and do not replace original-setting faction metadata
JP18,music,music,サーカスレヴァリエ機械サーカス,Circus Reverie（机械马戏团）,サーカスレヴァリエ（機械サーカス）,C-c3d22188b00e7d12,161,1,CC-c3d22188b00e7d12,1,0.0,0,0.0004999166805542221,0.0,0,0.0,louvain,intersection_count,100.0,0.0,1.0,20260801,1.0.0,not_used,community labels are structural network results; they are not official factions and do not replace original-setting faction metadata
JP18,music,music,シュレディンガーの化猫,薛定谔的怪猫,シュレディンガーの化猫,C-0b367613f762f53b,162,1,CC-0b367613f762f53b,1,0.0,0,0.0004999166805542221,0.0,0,0.0,louvain,intersection_count,100.0,0.0,1.0,20260801,1.0.0,not_used,community labels are structural network results; they are not official factions and do not replace original-setting faction metadata
JP18,music,music,シルクロードアリス,Silk Road Alice,シルクロードアリス,C-687dd65c2f647e50,163,1,CC-687dd65c2f647e50,1,0.0,0,0.0004999166805542221,0.0,0,0.0,louvain,intersection_count,100.0,0.0,1.0,20260801,1.0.0,not_used,community labels are structural network results; they are not official factions and do not replace original-setting faction metadata
JP18,music,music,ジェリーストーン,Jelly Stone,ジェリーストーン,C-0b3b93ecabfe0d56,164,1,CC-0b3b93ecabfe0d56,1,0.0,0,0.0004999166805542221,0.0,0,0.0,louvain,intersection_count,100.0,0.0,1.0,20260801,1.0.0,not_used,community labels are structural network results; they are not official factions and do not replace original-setting faction metadata
JP18,music,music,ジャパニーズサーガ,Japanese Saga,ジャパニーズサーガ,C-1809fad6ee0fccaa,165,1,CC-1809fad6ee0fccaa,1,0.0,0,0.0004999166805542221,0.0,0,0.0,louvain,intersection_count,100.0,0.0,1.0,20260801,1.0.0,not_used,community labels are structural network results; they are not official factions and do not replace original-setting faction metadata
JP18,music,music,スカイルーイン,Sky Ruin,スカイルーイン,C-643c3941698af9fd,166,1,CC-643c3941698af9fd,1,0.0,0,0.0004999166805542221,0.0,0,0.0,louvain,intersection_count,100.0,0.0,1.0,20260801,1.0.0,not_used,community labels are structural network results; they are not official factions and do not replace original-setting faction metadata
JP18,music,music,スターボウドリーム,Starbow Dream,スターボウドリーム,C-a53aabea0e540249,167,1,CC-a53aabea0e540249,1,0.0,0,0.0004999166805542221,0.0,0,0.0,louvain,intersection_count,100.0,0.0,1.0,20260801,1.0.0,not_used,community labels are structural network results; they are not official factions and do not replace original-setting faction metadata
JP18,music,music,スターヴォヤージュ2008,Star Voyage2008,スターヴォヤージュ2008,C-3c9cb81c9671ba55,168,1,CC-3c9cb81c9671ba55,1,0.0,0,0.0004999166805542221,0.0,0,0.0,louvain,intersection_count,100.0,0.0,1.0,20260801,1.0.0,not_used,community labels are structural network results; they are not official factions and do not replace original-setting faction metadata
JP18,music,music,スプートニク幻夜,斯普特尼克幻夜,スプートニク幻夜,C-6b85e2a6460d98e4,169,1,CC-6b85e2a6460d98e4,1,0.0,0,0.0004999166805542221,0.0,0,0.0,louvain,intersection_count,100.0,0.0,1.0,20260801,1.0.0,not_used,community labels are structural network results; they are not official factions and do not replace original-setting faction metadata
JP18,music,music,スモーキングドラゴン,Smoking Dragon,スモーキングドラゴン,C-585f3f2064dc1402,170,1,CC-585f3f2064dc1402,1,0.0,0,0.0004999166805542221,0.0,0,0.0,louvain,intersection_count,100.0,0.0,1.0,20260801,1.0.0,not_used,community labels are structural network results; they are not official factions and do not replace original-setting faction metadata
JP18,music,music,スリープシープパレード,Sleep Sheep·Parade,スリープシープ・パレード,C-93d10be73db506bd,171,1,CC-93d10be73db506bd,1,0.0,0,0.0004999166805542221,0.0,0,0.0,louvain,intersection_count,100.0,0.0,1.0,20260801,1.0.0,not_used,community labels are structural network results; they are not official factions and do not replace original-setting faction metadata
JP18,music,music,タイトルドメイド,Titled Maid,タイトルドメイド,C-53a65e70715db452,172,1,CC-53a65e70715db452,1,0.0,0,0.0004999166805542221,0.0,0,0.0,louvain,intersection_count,100.0,0.0,1.0,20260801,1.0.0,not_used,community labels are structural network results; they are not official factions and do not replace original-setting faction metadata
JP18,music,music,テーマオブイースタンストーリー,Theme of Eastern Story,テーマ・オブ・イースタンストーリー,C-a38ac78c8eb0eaa1,173,1,CC-a38ac78c8eb0eaa1,1,0.0,0,0.0004999166805542221,0.0,0,0.0,louvain,intersection_count,100.0,0.0,1.0,20260801,1.0.0,not_used,community labels are structural network results; they are not official factions and do not replace original-setting faction metadata
JP18,music,music,ディザストラスジェミニ,Disastrous Gemini,ディザストラスジェミニ,C-ea3ee72a499398d6,174,1,CC-ea3ee72a499398d6,1,0.0,0,0.0004999166805542221,0.0,0,0.0,louvain,intersection_count,100.0,0.0,1.0,20260801,1.0.0,not_used,community labels are structural network results; they are not official factions and do not replace original-setting faction metadata
JP18,music,music,デザイアドリーム,Desire Dream,デザイアドリーム,C-73da10d0fd8a1162,175,1,CC-73da10d0fd8a1162,1,0.0,0,0.0004999166805542221,0.0,0,0.0,louvain,intersection_count,100.0,0.0,1.0,20260801,1.0.0,not_used,community labels are structural network results; they are not official factions and do not replace original-setting faction metadata
JP18,music,music,トロヤ群の密林,特洛伊群的密林,トロヤ群の密林,C-e0a153ee7f0a527f,176,1,CC-e0a153ee7f0a527f,1,0.0,0,0.0004999166805542221,0.0,0,0.0,louvain,intersection_count,100.0,0.0,1.0,20260801,1.0.0,not_used,community labels are structural network results; they are not official factions and do not replace original-setting faction metadata
JP18,music,music,トータスドラゴン幸運と不運,Tortoise Dragon ～ 幸运与不幸,トータスドラゴン　〜幸運と不運,C-5fd43c1ef3e0111d,177,1,CC-5fd43c1ef3e0111d,1,0.0,0,0.0004999166805542221,0.0,0,0.0,louvain,intersection_count,100.0,0.0,1.0,20260801,1.0.0,not_used,community labels are structural network results; they are not official factions and do not replace original-setting faction metadata
JP18,music,music,ナイトメアダイアリー,Nightmare Diary,ナイトメアダイアリー,C-f2f508e5c52794c9,178,1,CC-f2f508e5c52794c9,1,0.0,0,0.0004999166805542221,0.0,0,0.0,louvain,intersection_count,100.0,0.0,1.0,20260801,1.0.0,not_used,community labels are structural network results; they are not official factions and do not replace original-setting faction metadata
JP18,music,music,ニュースハウンド,Newshound,ニュースハウンド,C-249a078cdc525549,179,1,CC-249a078cdc525549,1,0.0,0,0.0004999166805542221,0.0,0,0.0,louvain,intersection_count,100.0,0.0,1.0,20260801,1.0.0,not_used,community labels are structural network results; they are not official factions and do not replace original-setting faction metadata
JP18,music,music,ネメシスの要塞,复仇女神的要塞,ネメシスの要塞,C-3f100917b61f6853,180,1,CC-3f100917b61f6853,1,0.0,0,0.0004999166805542221,0.0,0,0.0,louvain,intersection_count,100.0,0.0,1.0,20260801,1.0.0,not_used,community labels are structural network results; they are not official factions and do not replace original-setting faction metadata
JP18,music,music,ハーセルヴズ,Herselves,ハーセルヴズ,C-0103468dfca39305,181,1,CC-0103468dfca39305,1,0.0,0,0.0004999166805542221,0.0,0,0.0,louvain,intersection_count,100.0,0.0,1.0,20260801,1.0.0,not_used,community labels are structural network results; they are not official factions and do not replace original-setting faction metadata
JP18,music,music,バンデットリィテクノロジー,Banditry Technology,バンデットリィテクノロジー,C-6d7449f87ff5ab26,182,1,CC-6d7449f87ff5ab26,1,0.0,0,0.0004999166805542221,0.0,0,0.0,louvain,intersection_count,100.0,0.0,1.0,20260801,1.0.0,not_used,community labels are structural network results; they are not official factions and do not replace original-setting faction metadata
JP18,music,music,バーオールドアダム,Bar·Old Adam,バー・オールドアダム,C-3464ca1d4b010b50,183,1,CC-3464ca1d4b010b50,1,0.0,0,0.0004999166805542221,0.0,0,0.0,louvain,intersection_count,100.0,0.0,1.0,20260801,1.0.0,not_used,community labels are structural network results; they are not official factions and do not replace original-setting faction metadata
JP18,music,music,フェアリー冒険譚,妖精冒险谭,フェアリー冒険譚,C-99131f7592fa1de7,184,1,CC-99131f7592fa1de7,1,0.0,0,0.0004999166805542221,0.0,0,0.0,louvain,intersection_count,100.0,0.0,1.0,20260801,1.0.0,not_used,community labels are structural network results; they are not official factions and do not replace original-setting faction metadata
JP18,music,music,フォルスストロベリー,False Strawberry,フォルスストロベリー,C-23df828ef2f191aa,185,1,CC-23df828ef2f191aa,1,0.0,0,0.0004999166805542221,0.0,0,0.0,louvain,intersection_count,100.0,0.0,1.0,20260801,1.0.0,not_used,community labels are structural network results; they are not official factions and do not replace original-setting faction metadata
JP18,music,music,プラスチックマインド,Plastic Mind,プラスチックマインド,C-ace80148212f2e5e,186,1,CC-ace80148212f2e5e,1,0.0,0,0.0004999166805542221,0.0,0,0.0,louvain,intersection_count,100.0,0.0,1.0,20260801,1.0.0,not_used,community labels are structural network results; they are not official factions and do not replace original-setting faction metadata
JP18,music,music,プリムローズシヴァ,Primrose Shiver,プリムローズシヴァ,C-6afdbe9b303117e1,187,1,CC-6afdbe9b303117e1,1,0.0,0,0.0004999166805542221,0.0,0,0.0,louvain,intersection_count,100.0,0.0,1.0,20260801,1.0.0,not_used,community labels are structural network results; they are not official factions and do not replace original-setting faction metadata
JP18,music,music,プレイヤーズスコア,Player's Score,プレイヤーズスコア,C-0ece8d022e7ba07a,188,1,CC-0ece8d022e7ba07a,1,0.0,0,0.0004999166805542221,0.0,0,0.0,louvain,intersection_count,100.0,0.0,1.0,20260801,1.0.0,not_used,community labels are structural network results; they are not official factions and do not replace original-setting faction metadata
JP18,music,music,ボールのある日常,有珠子的日常,ボールのある日常,C-58533663a9f7159a,189,1,CC-58533663a9f7159a,1,0.0,0,0.0004999166805542221,0.0,0,0.0,louvain,intersection_count,100.0,0.0,1.0,20260801,1.0.0,not_used,community labels are structural network results; they are not official factions and do not replace original-setting faction metadata
JP18,music,music,ポイズンボディforsakendoll,剧毒身体 ～ Forsaken Doll,ポイズンボディ　～ Forsaken Doll,C-fb99086fbdd57fa5,190,1,CC-fb99086fbdd57fa5,1,0.0,0,0.0004999166805542221,0.0,0,0.0,louvain,intersection_count,100.0,0.0,1.0,20260801,1.0.0,not_used,community labels are structural network results; they are not official factions and do not replace original-setting faction metadata
JP18,music,music,マジカルストーム,Magical Storm,マジカルストーム,C-2236e7e490a2603d,191,1,CC-2236e7e490a2603d,1,0.0,0,0.0004999166805542221,0.0,0,0.0,louvain,intersection_count,100.0,0.0,1.0,20260801,1.0.0,not_used,community labels are structural network results; they are not official factions and do not replace original-setting faction metadata
JP18,music,music,マッシュルームワルツ,Mushroom·Waltz,マッシュルーム・ワルツ,C-53ce6d3926bc2321,192,1,CC-53ce6d3926bc2321,1,0.0,0,0.0004999166805542221,0.0,0,0.0,louvain,intersection_count,100.0,0.0,1.0,20260801,1.0.0,not_used,community labels are structural network results; they are not official factions and do not replace original-setting faction metadata
JP18,music,music,ミストレイク,Mist Lake,ミストレイク,C-443ad128f93f83ed,193,1,CC-443ad128f93f83ed,1,0.0,0,0.0004999166805542221,0.0,0,0.0,louvain,intersection_count,100.0,0.0,1.0,20260801,1.0.0,not_used,community labels are structural network results; they are not official factions and do not replace original-setting faction metadata
JP18,music,music,ミッドナイトスペルカード,Midnight Spell Card,ミッドナイトスペルカード,C-6e152fc0d30d0acd,194,1,CC-6e152fc0d30d0acd,1,0.0,0,0.0004999166805542221,0.0,0,0.0,louvain,intersection_count,100.0,0.0,1.0,20260801,1.0.0,not_used,community labels are structural network results; they are not official factions and do not replace original-setting faction metadata
JP18,music,music,メイド幻想icemilkmagic,女仆幻想 ～ Icemilk Magic,メイド幻想　～ Icemilk Magic,C-3d922b5867e99749,195,1,CC-3d922b5867e99749,1,0.0,0,0.0004999166805542221,0.0,0,0.0,louvain,intersection_count,100.0,0.0,1.0,20260801,1.0.0,not_used,community labels are structural network results; they are not official factions and do not replace original-setting faction metadata
JP18,music,music,メイプルワイズ,Maple Wise,メイプルワイズ,C-0015dae65945bfc4,196,1,CC-0015dae65945bfc4,1,0.0,0,0.0004999166805542221,0.0,0,0.0,louvain,intersection_count,100.0,0.0,1.0,20260801,1.0.0,not_used,community labels are structural network results; they are not official factions and do not replace original-setting faction metadata
JP18,music,music,リジッドパラダイス,Rigid Paradise,リジッドパラダイス,C-9646e2b429db8b99,197,1,CC-9646e2b429db8b99,1,0.0,0,0.0004999166805542221,0.0,0,0.0,louvain,intersection_count,100.0,0.0,1.0,20260801,1.0.0,not_used,community labels are structural network results; they are not official factions and do not replace original-setting faction metadata
JP18,music,music,ルナティックドリーマー,Lunatic Dreamer,ルナティックドリーマー,C-0757d83ea625d357,198,1,CC-0757d83ea625d357,1,0.0,0,0.0004999166805542221,0.0,0,0.0,louvain,intersection_count,100.0,0.0,1.0,20260801,1.0.0,not_used,community labels are structural network results; they are not official factions and do not replace original-setting faction metadata
JP18,music,music,ルナレインボー,Lunar Rainbow,ルナレインボー,C-587d390c8976b3f0,199,1,CC-587d390c8976b3f0,1,0.0,0,0.0004999166805542221,0.0,0,0.0,louvain,intersection_count,100.0,0.0,1.0,20260801,1.0.0,not_used,community labels are structural network results; they are not official factions and do not replace original-setting faction metadata
JP18,music,music,ルーシッドドリーマー,Lucid Dreamer,ルーシッドドリーマー,C-835fd1690200c23e,200,1,CC-835fd1690200c23e,1,0.0,0,0.0004999166805542221,0.0,0,0.0,louvain,intersection_count,100.0,0.0,1.0,20260801,1.0.0,not_used,community labels are structural network results; they are not official factions and do not replace original-setting faction metadata
JP18,music,music,ルーズレイン,Loose Rain,ルーズレイン,C-f4b9149dfdd9e5af,201,1,CC-f4b9149dfdd9e5af,1,0.0,0,0.0004999166805542221,0.0,0,0.0,louvain,intersection_count,100.0,0.0,1.0,20260801,1.0.0,not_used,community labels are structural network results; they are not official factions and do not replace original-setting faction metadata
JP18,music,music,ロストリバー,Lost River,ロストリバー,C-5a2b9fbc9034e545,202,1,CC-5a2b9fbc9034e545,1,0.0,0,0.0004999166805542221,0.0,0,0.0,louvain,intersection_count,100.0,0.0,1.0,20260801,1.0.0,not_used,community labels are structural network results; they are not official factions and do not replace original-setting faction metadata
JP18,music,music,ロマンチック逃飛行,浪漫逃飞行,ロマンチック逃飛行,C-57d79cf8d0637c30,203,1,CC-57d79cf8d0637c30,1,0.0,0,0.0004999166805542221,0.0,0,0.0,louvain,intersection_count,100.0,0.0,1.0,20260801,1.0.0,not_used,community labels are structural network results; they are not official factions and do not replace original-setting faction metadata
JP18,music,music,ワクワクする見慣れた幻想郷,令人心跳的司空见惯幻想乡,ワクワクする見慣れた幻想郷,C-d71c67127d7ed9c6,204,1,CC-d71c67127d7ed9c6,1,0.0,0,0.0004999166805542221,0.0,0,0.0,louvain,intersection_count,100.0,0.0,1.0,20260801,1.0.0,not_used,community labels are structural network results; they are not official factions and do not replace original-setting faction metadata
JP18,music,music,一対の神獣,一对的神兽,一対の神獣,C-fe91e3d50a53cc1a,205,1,CC-fe91e3d50a53cc1a,1,0.0,0,0.0004999166805542221,0.0,0,0.0,louvain,intersection_count,100.0,0.0,1.0,20260801,1.0.0,not_used,community labels are structural network results; they are not official factions and do not replace original-setting faction metadata
JP18,music,music,七ツ石の狼雲を取りに駆ける,七石之狼、登天吞云,七ツ石の狼、雲を取りに駆ける,C-4fef8d464f2ecca2,206,1,CC-4fef8d464f2ecca2,1,0.0,0,0.0004999166805542221,0.0,0,0.0,louvain,intersection_count,100.0,0.0,1.0,20260801,1.0.0,not_used,community labels are structural network results; they are not official factions and do not replace original-setting faction metadata
JP18,music,music,七玉搜集大摊牌,七玉搜集大摊牌,七玉蒐集ショウダウン,C-2723ee460ac4d7d1,207,1,CC-2723ee460ac4d7d1,1,0.0,0,0.0004999166805542221,0.0,0,0.0,louvain,intersection_count,100.0,0.0,1.0,20260801,1.0.0,not_used,community labels are structural network results; they are not official factions and do not replace original-setting faction metadata
JP18,music,music,七玉蒐集ショウダウン,七玉搜集大摊牌,七玉蒐集ショウダウン,C-1b6bff53890a1c7f,208,1,CC-1b6bff53890a1c7f,1,0.0,0,0.0004999166805542221,0.0,0,0.0,louvain,intersection_count,100.0,0.0,1.0,20260801,1.0.0,not_used,community labels are structural network results; they are not official factions and do not replace original-setting faction metadata
JP18,music,music,七石之狼登天吞云,七石之狼、登天吞云,七ツ石の狼、雲を取りに駆ける,C-1d66472f94ec1d96,209,1,CC-1d66472f94ec1d96,1,0.0,0,0.0004999166805542221,0.0,0,0.0,louvain,intersection_count,100.0,0.0,1.0,20260801,1.0.0,not_used,community labels are structural network results; they are not official factions and do not replace original-setting faction metadata
JP18,music,music,上海红茶馆,上海红茶馆 ～ Chinese Tea,上海紅茶館　～ Chinese Tea,C-70b016fa08b58d91,210,1,CC-70b016fa08b58d91,1,0.0,0,0.0004999166805542221,0.0,0,0.0,louvain,intersection_count,100.0,0.0,1.0,20260801,1.0.0,not_used,community labels are structural network results; they are not official factions and do not replace original-setting faction metadata
JP18,music,music,不可不禁止的游戏,不可不禁止的游戏,禁じざるをえない遊戯,C-4b4510c94fdb2910,211,1,CC-4b4510c94fdb2910,1,0.0,0,0.0004999166805542221,0.0,0,0.0,louvain,intersection_count,100.0,0.0,1.0,20260801,1.0.0,not_used,community labels are structural network results; they are not official factions and do not replace original-setting faction metadata
JP18,music,music,不可思议之国的爱丽丝,不可思议之国的爱丽丝,不思議の国のアリス,C-5b1e0fdb0607d3bd,212,1,CC-5b1e0fdb0607d3bd,1,0.0,0,0.0004999166805542221,0.0,0,0.0,louvain,intersection_count,100.0,0.0,1.0,20260801,1.0.0,not_used,community labels are structural network results; they are not official factions and do not replace original-setting faction metadata
JP18,music,music,不可思议的驱魔棒,不可思议的驱魔棒,不思議なお祓い棒,C-266d18d9c3d6cc96,213,1,CC-266d18d9c3d6cc96,1,0.0,0,0.0004999166805542221,0.0,0,0.0,louvain,intersection_count,100.0,0.0,1.0,20260801,1.0.0,not_used,community labels are structural network results; they are not official factions and do not replace original-setting faction metadata
JP18,music,music,不可能弾幕には反則を,以犯规对不可能的弹幕,不可能弾幕には反則を,C-96e5662fd5458b29,214,1,CC-96e5662fd5458b29,1,0.0,0,0.0004999166805542221,0.0,0,0.0,louvain,intersection_count,100.0,0.0,1.0,20260801,1.0.0,not_used,community labels are structural network results; they are not official factions and do not replace original-setting faction metadata
JP18,music,music,不思議な不思議な道具達,非常非常神奇的道具们,不思議な不思議な道具達,C-271115e4c1dde2ad,215,1,CC-271115e4c1dde2ad,1,0.0,0,0.0004999166805542221,0.0,0,0.0,louvain,intersection_count,100.0,0.0,1.0,20260801,1.0.0,not_used,community labels are structural network results; they are not official factions and do not replace original-setting faction metadata
JP18,music,music,不朽の曼珠沙華,不朽的曼珠沙华,不朽の曼珠沙華,C-f46b14bd9b5f90c2,216,1,CC-f46b14bd9b5f90c2,1,0.0,0,0.0004999166805542221,0.0,0,0.0,louvain,intersection_count,100.0,0.0,1.0,20260801,1.0.0,not_used,community labels are structural network results; they are not official factions and do not replace original-setting faction metadata
JP18,music,music,不朽的曼珠沙华,不朽的曼珠沙华,不朽の曼珠沙華,C-9e46a400a7e450b0,217,1,CC-9e46a400a7e450b0,1,0.0,0,0.0004999166805542221,0.0,0,0.0,louvain,intersection_count,100.0,0.0,1.0,20260801,1.0.0,not_used,community labels are structural network results; they are not official factions and do not replace original-setting faction metadata
JP18,music,music,不滅のレッドソウル,不灭的赤魂,不滅のレッドソウル,C-b2fe9868e51c975a,218,1,CC-b2fe9868e51c975a,1,0.0,0,0.0004999166805542221,0.0,0,0.0,louvain,intersection_count,100.0,0.0,1.0,20260801,1.0.0,not_used,community labels are structural network results; they are not official factions and do not replace original-setting faction metadata
JP18,music,music,不灭的赤魂,不灭的赤魂,不滅のレッドソウル,C-fd31eddacc32fb6f,219,1,CC-fd31eddacc32fb6f,1,0.0,0,0.0004999166805542221,0.0,0,0.0,louvain,intersection_count,100.0,0.0,1.0,20260801,1.0.0,not_used,community labels are structural network results; they are not official factions and do not replace original-setting faction metadata
JP18,music,music,不自然な自然,不自然的自然,不自然な自然,C-540142470b5d0114,220,1,CC-540142470b5d0114,1,0.0,0,0.0004999166805542221,0.0,0,0.0,louvain,intersection_count,100.0,0.0,1.0,20260801,1.0.0,not_used,community labels are structural network results; they are not official factions and do not replace original-setting faction metadata
JP18,music,music,不自然的自然,不自然的自然,不自然な自然,C-7ca332ff1abfe604,221,1,CC-7ca332ff1abfe604,1,0.0,0,0.0004999166805542221,0.0,0,0.0,louvain,intersection_count,100.0,0.0,1.0,20260801,1.0.0,not_used,community labels are structural network results; they are not official factions and do not replace original-setting faction metadata
JP18,music,music,丑三つ時の里,丑时三刻的村庄,丑三つ時の里,C-33c3c4d975306f7b,222,1,CC-33c3c4d975306f7b,1,0.0,0,0.0004999166805542221,0.0,0,0.0,louvain,intersection_count,100.0,0.0,1.0,20260801,1.0.0,not_used,community labels are structural network results; they are not official factions and do not replace original-setting faction metadata
JP18,music,music,丑时三刻的村庄,丑时三刻的村庄,丑三つ時の里,C-fe8ed769056edd9c,223,1,CC-fe8ed769056edd9c,1,0.0,0,0.0004999166805542221,0.0,0,0.0,louvain,intersection_count,100.0,0.0,1.0,20260801,1.0.0,not_used,community labels are structural network results; they are not official factions and do not replace original-setting faction metadata
JP18,music,music,世界の果てworldsend,世界的尽头 ～ World's End,世界の果て　～ World's End,C-18339b4931db1ca1,224,1,CC-18339b4931db1ca1,1,0.0,0,0.0004999166805542221,0.0,0,0.0,louvain,intersection_count,100.0,0.0,1.0,20260801,1.0.0,not_used,community labels are structural network results; they are not official factions and do not replace original-setting faction metadata
JP18,music,music,世界的尽头worldsend,世界的尽头 ～ World's End,世界の果て　～ World's End,C-9451f002920ca7da,225,1,CC-9451f002920ca7da,1,0.0,0,0.0004999166805542221,0.0,0,0.0,louvain,intersection_count,100.0,0.0,1.0,20260801,1.0.0,not_used,community labels are structural network results; they are not official factions and do not replace original-setting faction metadata
JP18,music,music,业火地幔,业火地幔,業火マントル,C-b928f032b6e38a90,226,1,CC-b928f032b6e38a90,1,0.0,0,0.0004999166805542221,0.0,0,0.0,louvain,intersection_count,100.0,0.0,1.0,20260801,1.0.0,not_used,community labels are structural network results; they are not official factions and do not replace original-setting faction metadata
JP18,music,music,东之国的不眠夜,东之国的不眠夜,東の国の眠らない夜,C-dd25c12ff255ef74,227,1,CC-dd25c12ff255ef74,1,0.0,0,0.0004999166805542221,0.0,0,0.0,louvain,intersection_count,100.0,0.0,1.0,20260801,1.0.0,not_used,community labels are structural network results; they are not official factions and do not replace original-setting faction metadata
JP18,music,music,东方刚欲异闻,东方刚欲异闻,東方剛欲異聞,C-1cd100a88166cbc1,228,1,CC-1cd100a88166cbc1,1,0.0,0,0.0004999166805542221,0.0,0,0.0,louvain,intersection_count,100.0,0.0,1.0,20260801,1.0.0,not_used,community labels are structural network results; they are not official factions and do not replace original-setting faction metadata
JP18,music,music,东方妖妖梦,东方妖妖梦 ～ Ancient Temple,東方妖々夢　～ Ancient Temple,C-c70a5a6100bbd3ba,229,1,CC-c70a5a6100bbd3ba,1,0.0,0,0.0004999166805542221,0.0,0,0.0,louvain,intersection_count,100.0,0.0,1.0,20260801,1.0.0,not_used,community labels are structural network results; they are not official factions and do not replace original-setting faction metadata
JP18,music,music,东方妖怪小町,东方妖怪小町,東方妖怪小町,C-ef38f357e40477e3,230,1,CC-ef38f357e40477e3,1,0.0,0,0.0004999166805542221,0.0,0,0.0,louvain,intersection_count,100.0,0.0,1.0,20260801,1.0.0,not_used,community labels are structural network results; they are not official factions and do not replace original-setting faction metadata
JP18,music,music,东方妖恋谈,东方妖恋谈,東方妖恋談,C-5c3b73423ea1d945,231,1,CC-5c3b73423ea1d945,1,0.0,0,0.0004999166805542221,0.0,0,0.0,louvain,intersection_count,100.0,0.0,1.0,20260801,1.0.0,not_used,community labels are structural network results; they are not official factions and do not replace original-setting faction metadata
JP18,music,music,东方封魔录净土曼荼罗,东方封魔录 ～ 净土曼荼罗,東方封魔録　～ 浄土曼荼羅,C-d1016fd8d8f26415,232,1,CC-d1016fd8d8f26415,1,0.0,0,0.0004999166805542221,0.0,0,0.0,louvain,intersection_count,100.0,0.0,1.0,20260801,1.0.0,not_used,community labels are structural network results; they are not official factions and do not replace original-setting faction metadata
JP18,music,music,东方封魔录幽幻乱舞,东方封魔录 ～ 幽幻乱舞,東方封魔録　～ 幽幻乱舞,C-d86f236f685f953a,233,1,CC-d86f236f685f953a,1,0.0,0,0.0004999166805542221,0.0,0,0.0,louvain,intersection_count,100.0,0.0,1.0,20260801,1.0.0,not_used,community labels are structural network results; they are not official factions and do not replace original-setting faction metadata
JP18,music,music,东方怪奇谈,东方怪奇谈,東方怪奇談,C-c931958126aa5b6b,234,1,CC-c931958126aa5b6b,1,0.0,0,0.0004999166805542221,0.0,0,0.0,louvain,intersection_count,100.0,0.0,1.0,20260801,1.0.0,not_used,community labels are structural network results; they are not official factions and do not replace original-setting faction metadata
JP18,music,music,东方的蓝色天空,东方的蓝色天空,東方の青い空,C-079b98d61673b500,235,1,CC-079b98d61673b500,1,0.0,0,0.0004999166805542221,0.0,0,0.0,louvain,intersection_count,100.0,0.0,1.0,20260801,1.0.0,not_used,community labels are structural network results; they are not official factions and do not replace original-setting faction metadata
JP18,music,music,东方绯想天,东方绯想天,東方緋想天,C-bab7dea3983c96cb,236,1,CC-bab7dea3983c96cb,1,0.0,0,0.0004999166805542221,0.0,0,0.0,louvain,intersection_count,100.0,0.0,1.0,20260801,1.0.0,not_used,community labels are structural network results; they are not official factions and do not replace original-setting faction metadata
JP18,music,music,东方萃梦想,东方萃梦想,東方萃夢想,C-754b983dec22e7b9,237,1,CC-754b983dec22e7b9,1,0.0,0,0.0004999166805542221,0.0,0,0.0,louvain,intersection_count,100.0,0.0,1.0,20260801,1.0.0,not_used,community labels are structural network results; they are not official factions and do not replace original-setting faction metadata
JP18,music,music,东风,东风,あゆのかぜ,C-6120f2ce15c23931,238,1,CC-6120f2ce15c23931,1,0.0,0,0.0004999166805542221,0.0,0,0.0,louvain,intersection_count,100.0,0.0,1.0,20260801,1.0.0,not_used,community labels are structural network results; they are not official factions and do not replace original-setting faction metadata
JP18,music,music,两个世界,两个世界,二つの世界,C-12eb7e37b62da59b,239,1,CC-12eb7e37b62da59b,1,0.0,0,0.0004999166805542221,0.0,0,0.0,louvain,intersection_count,100.0,0.0,1.0,20260801,1.0.0,not_used,community labels are structural network results; they are not official factions and do not replace original-setting faction metadata
JP18,music,music,久远之梦,久远之梦,久遠の夢,C-202c881def5b99b1,240,1,CC-202c881def5b99b1,1,0.0,0,0.0004999166805542221,0.0,0,0.0,louvain,intersection_count,100.0,0.0,1.0,20260801,1.0.0,not_used,community labels are structural network results; they are not official factions and do not replace original-setting faction metadata
JP18,music,music,久遠の夢,久远之梦,久遠の夢,C-948ab3b3e697b763,241,1,CC-948ab3b3e697b763,1,0.0,0,0.0004999166805542221,0.0,0,0.0,louvain,intersection_count,100.0,0.0,1.0,20260801,1.0.0,not_used,community labels are structural network results; they are not official factions and do not replace original-setting faction metadata
JP18,music,music,久遠の楽園,永远的乐园,久遠の楽園,C-91451a0288deb02e,242,1,CC-91451a0288deb02e,1,0.0,0,0.0004999166805542221,0.0,0,0.0,louvain,intersection_count,100.0,0.0,1.0,20260801,1.0.0,not_used,community labels are structural network results; they are not official factions and do not replace original-setting faction metadata
JP18,music,music,乙女戦士heartofvalkyrie,少女战士 ～ Heart of Valkyrie,乙女戦士　～ Heart of Valkyrie,C-845c8558dd8999b1,243,1,CC-845c8558dd8999b1,1,0.0,0,0.0004999166805542221,0.0,0,0.0,louvain,intersection_count,100.0,0.0,1.0,20260801,1.0.0,not_used,community labels are structural network results; they are not official factions and do not replace original-setting faction metadata
JP18,music,music,九月のパンプキン,九月的南瓜,九月のパンプキン,C-baf88ed80c59eb83,244,1,CC-baf88ed80c59eb83,1,0.0,0,0.0004999166805542221,0.0,0,0.0,louvain,intersection_count,100.0,0.0,1.0,20260801,1.0.0,not_used,community labels are structural network results; they are not official factions and do not replace original-setting faction metadata
JP18,music,music,九月的南瓜,九月的南瓜,九月のパンプキン,C-dcfc51fe1da39675,245,1,CC-dcfc51fe1da39675,1,0.0,0,0.0004999166805542221,0.0,0,0.0,louvain,intersection_count,100.0,0.0,1.0,20260801,1.0.0,not_used,community labels are structural network results; they are not official factions and do not replace original-setting faction metadata
JP18,music,music,二つの世界,两个世界,二つの世界,C-4cdcadcec1f692ef,246,1,CC-4cdcadcec1f692ef,1,0.0,0,0.0004999166805542221,0.0,0,0.0,louvain,intersection_count,100.0,0.0,1.0,20260801,1.0.0,not_used,community labels are structural network results; they are not official factions and do not replace original-setting faction metadata
JP18,music,music,二人不值一提的博物志,二人不值一提的博物志,他愛も無い二人の博物誌,C-5427fa136909774c,247,1,CC-5427fa136909774c,1,0.0,0,0.0004999166805542221,0.0,0,0.0,louvain,intersection_count,100.0,0.0,1.0,20260801,1.0.0,not_used,community labels are structural network results; they are not official factions and do not replace original-setting faction metadata
JP18,music,music,二日酔いの同床異夢,宿醉者的同床异梦,二日酔いの同床異夢,C-b842479eabd0571f,248,1,CC-b842479eabd0571f,1,0.0,0,0.0004999166805542221,0.0,0,0.0,louvain,intersection_count,100.0,0.0,1.0,20260801,1.0.0,not_used,community labels are structural network results; they are not official factions and do not replace original-setting faction metadata
JP18,music,music,二色莲花蝶,二色莲花蝶,二色蓮花蝶,C-1b7760c447ef3c18,249,1,CC-1b7760c447ef3c18,1,0.0,0,0.0004999166805542221,0.0,0,0.0,louvain,intersection_count,100.0,0.0,1.0,20260801,1.0.0,not_used,community labels are structural network results; they are not official factions and do not replace original-setting faction metadata
JP18,music,music,云外苍天,云外苍天,雲外蒼天,C-6fe0a61c755938d5,250,1,CC-6fe0a61c755938d5,1,0.0,0,0.0004999166805542221,0.0,0,0.0,louvain,intersection_count,100.0,0.0,1.0,20260801,1.0.0,not_used,community labels are structural network results; they are not official factions and do not replace original-setting faction metadata
JP18,music,music,亡失的情感,亡失的情感,亡失のエモーション,C-cb09344256db8554,251,1,CC-cb09344256db8554,1,0.0,0,0.0004999166805542221,0.0,0,0.0,louvain,intersection_count,100.0,0.0,1.0,20260801,1.0.0,not_used,community labels are structural network results; they are not official factions and do not replace original-setting faction metadata
JP18,music,music,人偶之森,人偶之森,人形の森,C-49a0203987585cbf,252,1,CC-49a0203987585cbf,1,0.0,0,0.0004999166805542221,0.0,0,0.0,louvain,intersection_count,100.0,0.0,1.0,20260801,1.0.0,not_used,community labels are structural network results; they are not official factions and do not replace original-setting faction metadata
JP18,music,music,人偶存在的风景,人偶存在的风景,人形のある風景,C-4d6b79e53f75e529,253,1,CC-4d6b79e53f75e529,1,0.0,0,0.0004999166805542221,0.0,0,0.0,louvain,intersection_count,100.0,0.0,1.0,20260801,1.0.0,not_used,community labels are structural network results; they are not official factions and do not replace original-setting faction metadata
JP18,music,music,人偶裁判,人偶裁判,人形裁判,C-c5e2dc5b621b169e,254,1,CC-c5e2dc5b621b169e,1,0.0,0,0.0004999166805542221,0.0,0,0.0,louvain,intersection_count,100.0,0.0,1.0,20260801,1.0.0,not_used,community labels are structural network results; they are not official factions and do not replace original-setting faction metadata
JP18,music,music,人形のある風景,人偶存在的风景,人形のある風景,C-04983e9905b7b6a9,255,1,CC-04983e9905b7b6a9,1,0.0,0,0.0004999166805542221,0.0,0,0.0,louvain,intersection_count,100.0,0.0,1.0,20260801,1.0.0,not_used,community labels are structural network results; they are not official factions and do not replace original-setting faction metadata
JP18,music,music,人形の森,人偶之森,人形の森,C-52f25cbd69c15939,256,1,CC-52f25cbd69c15939,1,0.0,0,0.0004999166805542221,0.0,0,0.0,louvain,intersection_count,100.0,0.0,1.0,20260801,1.0.0,not_used,community labels are structural network results; they are not official factions and do not replace original-setting faction metadata
JP18,music,music,人恋し神様romanticfall,眷爱众生之神 ～ Romantic Fall,人恋し神様　～ Romantic Fall,C-21ccd7e2ca267b69,257,1,CC-21ccd7e2ca267b69,1,0.0,0,0.0004999166805542221,0.0,0,0.0,louvain,intersection_count,100.0,0.0,1.0,20260801,1.0.0,not_used,community labels are structural network results; they are not official factions and do not replace original-setting faction metadata
JP18,music,music,人気のある場所,有人气的场所,人気のある場所,C-e0dade0727b80a05,258,1,CC-e0dade0727b80a05,1,0.0,0,0.0004999166805542221,0.0,0,0.0,louvain,intersection_count,100.0,0.0,1.0,20260801,1.0.0,not_used,community labels are structural network results; they are not official factions and do not replace original-setting faction metadata
JP18,music,music,人気のない場所,无人气的场所,人気のない場所,C-90dcef7073eb89dd,259,1,CC-90dcef7073eb89dd,1,0.0,0,0.0004999166805542221,0.0,0,0.0,louvain,intersection_count,100.0,0.0,1.0,20260801,1.0.0,not_used,community labels are structural network results; they are not official factions and do not replace original-setting faction metadata
JP18,music,music,今宵是飘逸的自我主义者,今宵是飘逸的自我主义者(Live ver) ～ Egoistic Flowers.,今宵は飄逸なエゴイスト(Live ver)　～ Egoistic Flowers.,C-71065ad77920b5ba,260,1,CC-71065ad77920b5ba,1,0.0,0,0.0004999166805542221,0.0,0,0.0,louvain,intersection_count,100.0,0.0,1.0,20260801,1.0.0,not_used,community labels are structural network results; they are not official factions and do not replace original-setting faction metadata
JP18,music,music,今昔幻想乡,今昔幻想乡 ～ Flower Land,今昔幻想郷　～ Flower Land,C-6c526c07e5bc4db2,261,1,CC-6c526c07e5bc4db2,1,0.0,0,0.0004999166805542221,0.0,0,0.0,louvain,intersection_count,100.0,0.0,1.0,20260801,1.0.0,not_used,community labels are structural network results; they are not official factions and do not replace original-setting faction metadata
JP18,music,music,从地下的归还,从地下的归还,地下からの帰還,C-5a8186634ba4a3d0,262,1,CC-5a8186634ba4a3d0,1,0.0,0,0.0004999166805542221,0.0,0,0.0,louvain,intersection_count,100.0,0.0,1.0,20260801,1.0.0,not_used,community labels are structural network results; they are not official factions and do not replace original-setting faction metadata
JP18,music,music,从神社所见之月,从神社所见之月,神社から見える月,C-47e35686513110c3,263,1,CC-47e35686513110c3,1,0.0,0,0.0004999166805542221,0.0,0,0.0,louvain,intersection_count,100.0,0.0,1.0,20260801,1.0.0,not_used,community labels are structural network results; they are not official factions and do not replace original-setting faction metadata
JP18,music,music,令人心跳的司空见惯幻想乡,令人心跳的司空见惯幻想乡,ワクワクする見慣れた幻想郷,C-c55b88951f3d1acb,264,1,CC-c55b88951f3d1acb,1,0.0,0,0.0004999166805542221,0.0,0,0.0,louvain,intersection_count,100.0,0.0,1.0,20260801,1.0.0,not_used,community labels are structural network results; they are not official factions and do not replace original-setting faction metadata
JP18,music,music,令人怀念的东方之血,令人怀念的东方之血 ～ Old World,懐かしき東方の血　～ Old World,C-ac9ac486dcd74716,265,1,CC-ac9ac486dcd74716,1,0.0,0,0.0004999166805542221,0.0,0,0.0,louvain,intersection_count,100.0,0.0,1.0,20260801,1.0.0,not_used,community labels are structural network results; they are not official factions and do not replace original-setting faction metadata
JP18,music,music,以死相赌,以死相赌,死を賭して,C-0c71056f7a490c1c,266,1,CC-0c71056f7a490c1c,1,0.0,0,0.0004999166805542221,0.0,0,0.0,louvain,intersection_count,100.0,0.0,1.0,20260801,1.0.0,not_used,community labels are structural network results; they are not official factions and do not replace original-setting faction metadata
JP18,music,music,以犯规对不可能的弹幕,以犯规对不可能的弹幕,不可能弾幕には反則を,C-1330f086c7f1f6b9,267,1,CC-1330f086c7f1f6b9,1,0.0,0,0.0004999166805542221,0.0,0,0.0,louvain,intersection_count,100.0,0.0,1.0,20260801,1.0.0,not_used,community labels are structural network results; they are not official factions and do not replace original-setting faction metadata
JP18,music,music,以魚駆蠅,以鱼驱蝇,以魚駆蠅,C-8d4fcc570dcb856d,268,1,CC-8d4fcc570dcb856d,1,0.0,0,0.0004999166805542221,0.0,0,0.0,louvain,intersection_count,100.0,0.0,1.0,20260801,1.0.0,not_used,community labels are structural network results; they are not official factions and do not replace original-setting faction metadata
JP18,music,music,以鱼驱蝇,以鱼驱蝇,以魚駆蠅,C-0e2fe4856e169cbb,269,1,CC-0e2fe4856e169cbb,1,0.0,0,0.0004999166805542221,0.0,0,0.0,louvain,intersection_count,100.0,0.0,1.0,20260801,1.0.0,not_used,community labels are structural network results; they are not official factions and do not replace original-setting faction metadata
JP18,music,music,仰空,仰空,仰空,C-65ff2e636713a319,270,1,CC-65ff2e636713a319,1,0.0,0,0.0004999166805542221,0.0,0,0.0,louvain,intersection_count,100.0,0.0,1.0,20260801,1.0.0,not_used,community labels are structural network results; they are not official factions and do not replace original-setting faction metadata
JP18,music,music,价值不明,价值不明,価値がわからない,C-c9ac56ba0e25fe02,271,1,CC-c9ac56ba0e25fe02,1,0.0,0,0.0004999166805542221,0.0,0,0.0,louvain,intersection_count,100.0,0.0,1.0,20260801,1.0.0,not_used,community labels are structural network results; they are not official factions and do not replace original-setting faction metadata
JP18,music,music,伊奘诺物质,伊奘诺物质,イザナギオブジェクト,C-8436e1aa37957da4,272,1,CC-8436e1aa37957da4,1,0.0,0,0.0004999166805542221,0.0,0,0.0,louvain,intersection_count,100.0,0.0,1.0,20260801,1.0.0,not_used,community labels are structural network results; they are not official factions and do not replace original-setting faction metadata
JP18,music,music,伏瓦鲁魔法图书馆,伏瓦鲁魔法图书馆,ヴワル魔法図書館,C-7dc954e465c6e571,273,1,CC-7dc954e465c6e571,1,0.0,0,0.0004999166805542221,0.0,0,0.0,louvain,intersection_count,100.0,0.0,1.0,20260801,1.0.0,not_used,community labels are structural network results; they are not official factions and do not replace original-setting faction metadata
JP18,music,music,众神眷恋的幻想乡,众神眷恋的幻想乡,神々が恋した幻想郷,C-5078f87d8f768b7e,274,1,CC-5078f87d8f768b7e,1,0.0,0,0.0004999166805542221,0.0,0,0.0,louvain,intersection_count,100.0,0.0,1.0,20260801,1.0.0,not_used,community labels are structural network results; they are not official factions and do not replace original-setting faction metadata
JP18,music,music,会受稻田姬的斥责啦,会受稻田姬的斥责啦,稲田姫様に叱られるから,C-e099a9a64f8ffece,275,1,CC-e099a9a64f8ffece,1,0.0,0,0.0004999166805542221,0.0,0,0.0,louvain,intersection_count,100.0,0.0,1.0,20260801,1.0.0,not_used,community labels are structural network results; they are not official factions and do not replace original-setting faction metadata
JP18,music,music,伝説の巨神,传说的巨神,伝説の巨神,C-8f83cd775c9ae199,276,1,CC-8f83cd775c9ae199,1,0.0,0,0.0004999166805542221,0.0,0,0.0,louvain,intersection_count,100.0,0.0,1.0,20260801,1.0.0,not_used,community labels are structural network results; they are not official factions and do not replace original-setting faction metadata
JP18,music,music,传说中的仙境,传说中的仙境,昔話わんだーらんど,C-34e1d07d69677bbb,277,1,CC-34e1d07d69677bbb,1,0.0,0,0.0004999166805542221,0.0,0,0.0,louvain,intersection_count,100.0,0.0,1.0,20260801,1.0.0,not_used,community labels are structural network results; they are not official factions and do not replace original-setting faction metadata
JP18,music,music,传说的巨神,传说的巨神,伝説の巨神,C-09916caa7f43150d,278,1,CC-09916caa7f43150d,1,0.0,0,0.0004999166805542221,0.0,0,0.0,louvain,intersection_count,100.0,0.0,1.0,20260801,1.0.0,not_used,community labels are structural network results; they are not official factions and do not replace original-setting faction metadata
JP18,music,music,佐渡の二ッ岩,佐渡的二岩,佐渡の二ッ岩,C-b58b5acb299172a0,279,1,CC-b58b5acb299172a0,1,0.0,0,0.0004999166805542221,0.0,0,0.0,louvain,intersection_count,100.0,0.0,1.0,20260801,1.0.0,not_used,community labels are structural network results; they are not official factions and do not replace original-setting faction metadata
JP18,music,music,佐渡的二岩,佐渡的二岩,佐渡の二ッ岩,C-532b1d91b25c7200,280,1,CC-532b1d91b25c7200,1,0.0,0,0.0004999166805542221,0.0,0,0.0,louvain,intersection_count,100.0,0.0,1.0,20260801,1.0.0,not_used,community labels are structural network results; they are not official factions and do not replace original-setting faction metadata
JP18,music,music,你所在之城的怪事,你所在之城的怪事,あなたの町の怪事件,C-66d5cfcf3dabb37a,281,1,CC-66d5cfcf3dabb37a,1,0.0,0,0.0004999166805542221,0.0,0,0.0,louvain,intersection_count,100.0,0.0,1.0,20260801,1.0.0,not_used,community labels are structural network results; they are not official factions and do not replace original-setting faction metadata
JP18,music,music,你见到了那个影子吗,你见到了那个影子吗,君はあの影を見たか,C-9eca1dfab6bce026,282,1,CC-9eca1dfab6bce026,1,0.0,0,0.0004999166805542221,0.0,0,0.0,louvain,intersection_count,100.0,0.0,1.0,20260801,1.0.0,not_used,community labels are structural network results; they are not official factions and do not replace original-setting faction metadata
JP18,music,music,使われなかった場所,没用上的场所,使われなかった場所,C-488d2934f45288a8,283,1,CC-488d2934f45288a8,1,0.0,0,0.0004999166805542221,0.0,0,0.0,louvain,intersection_count,100.0,0.0,1.0,20260801,1.0.0,not_used,community labels are structural network results; they are not official factions and do not replace original-setting faction metadata
JP18,music,music,価値がわからない,价值不明,価値がわからない,C-8fbb53fa5a909a6b,284,1,CC-8fbb53fa5a909a6b,1,0.0,0,0.0004999166805542221,0.0,0,0.0,louvain,intersection_count,100.0,0.0,1.0,20260801,1.0.0,not_used,community labels are structural network results; they are not official factions and do not replace original-setting faction metadata
JP18,music,music,俄耳甫斯的诗pseudoclassic,俄耳甫斯的诗 ～ Pseudoclassic,オルフェの詩　～ Pseudoclassic,C-370db8c5590d72df,285,1,CC-370db8c5590d72df,1,0.0,0,0.0004999166805542221,0.0,0,0.0,louvain,intersection_count,100.0,0.0,1.0,20260801,1.0.0,not_used,community labels are structural network results; they are not official factions and do not replace original-setting faction metadata
JP18,music,music,信仰是为了虚幻之人,信仰是为了虚幻之人,信仰は儚き人間の為に,C-42b443ae5f3c003b,286,1,CC-42b443ae5f3c003b,1,0.0,0,0.0004999166805542221,0.0,0,0.0,louvain,intersection_count,100.0,0.0,1.0,20260801,1.0.0,not_used,community labels are structural network results; they are not official factions and do not replace original-setting faction metadata
JP18,music,music,光輝く天球儀,光辉的天球仪,光輝く天球儀,C-d8e7b9a0d5ab4020,287,1,CC-d8e7b9a0d5ab4020,1,0.0,0,0.0004999166805542221,0.0,0,0.0,louvain,intersection_count,100.0,0.0,1.0,20260801,1.0.0,not_used,community labels are structural network results; they are not official factions and do not replace original-setting faction metadata
JP18,music,music,光辉的天球仪,光辉的天球仪,光輝く天球儀,C-b71199619a222a3f,288,1,CC-b71199619a222a3f,1,0.0,0,0.0004999166805542221,0.0,0,0.0,louvain,intersection_count,100.0,0.0,1.0,20260801,1.0.0,not_used,community labels are structural network results; they are not official factions and do not replace original-setting faction metadata
JP18,music,music,克服万千之试炼,克服万千之试炼,千の試練を超えて,C-f27d86212b730b07,289,1,CC-f27d86212b730b07,1,0.0,0,0.0004999166805542221,0.0,0,0.0,louvain,intersection_count,100.0,0.0,1.0,20260801,1.0.0,not_used,community labels are structural network results; they are not official factions and do not replace original-setting faction metadata
JP18,music,music,兔已着陆,兔已着陆,兎は舞い降りた,C-2cdb0d2c4dfd0735,290,1,CC-2cdb0d2c4dfd0735,1,0.0,0,0.0004999166805542221,0.0,0,0.0,louvain,intersection_count,100.0,0.0,1.0,20260801,1.0.0,not_used,community labels are structural network results; they are not official factions and do not replace original-setting faction metadata
JP18,music,music,全有机体的记忆,全有机体的记忆 ～ Memory of Fossil Energy.,有機体全てのメメント　～ Memory of Fossil Energy.,C-99906ffa759c5a60,291,1,CC-99906ffa759c5a60,1,0.0,0,0.0004999166805542221,0.0,0,0.0,louvain,intersection_count,100.0,0.0,1.0,20260801,1.0.0,not_used,community labels are structural network results; they are not official factions and do not replace original-setting faction metadata
JP18,music,music,公正なる奪い合い,公正的争夺,公正なる奪い合い,C-fb246c62c0522faa,292,1,CC-fb246c62c0522faa,1,0.0,0,0.0004999166805542221,0.0,0,0.0,louvain,intersection_count,100.0,0.0,1.0,20260801,1.0.0,not_used,community labels are structural network results; they are not official factions and do not replace original-setting faction metadata
JP18,music,music,公正的争夺,公正的争夺,公正なる奪い合い,C-85b640e41fbdcf27,293,1,CC-85b640e41fbdcf27,1,0.0,0,0.0004999166805542221,0.0,0,0.0,louvain,intersection_count,100.0,0.0,1.0,20260801,1.0.0,not_used,community labels are structural network results; they are not official factions and do not replace original-setting faction metadata
JP18,music,music,内心,内心,裏心,C-3ca2e3c030eed401,294,1,CC-3ca2e3c030eed401,1,0.0,0,0.0004999166805542221,0.0,0,0.0,louvain,intersection_count,100.0,0.0,1.0,20260801,1.0.0,not_used,community labels are structural network results; they are not official factions and do not replace original-setting faction metadata
JP18,music,music,冷吟閑酔,冷吟闲醉,冷吟閑酔,C-0a3e21cf876b7da8,295,1,CC-0a3e21cf876b7da8,1,0.0,0,0.0004999166805542221,0.0,0,0.0,louvain,intersection_count,100.0,0.0,1.0,20260801,1.0.0,not_used,community labels are structural network results; they are not official factions and do not replace original-setting faction metadata
JP18,music,music,冷吟闲醉,冷吟闲醉,冷吟閑酔,C-1a24afa39b38af15,296,1,CC-1a24afa39b38af15,1,0.0,0,0.0004999166805542221,0.0,0,0.0,louvain,intersection_count,100.0,0.0,1.0,20260801,1.0.0,not_used,community labels are structural network results; they are not official factions and do not replace original-setting faction metadata
JP18,music,music,冻结的永远之都,冻结的永远之都,凍り付いた永遠の都,C-08673d1e59ef1043,297,1,CC-08673d1e59ef1043,1,0.0,0,0.0004999166805542221,0.0,0,0.0,louvain,intersection_count,100.0,0.0,1.0,20260801,1.0.0,not_used,community labels are structural network results; they are not official factions and do not replace original-setting faction metadata
JP18,music,music,凋叶棕,凋叶棕（withered leaf）,ティアオイエツォン(withered leaf),C-fb7a02e0f11bbba3,298,1,CC-fb7a02e0f11bbba3,1,0.0,0,0.0004999166805542221,0.0,0,0.0,louvain,intersection_count,100.0,0.0,1.0,20260801,1.0.0,not_used,community labels are structural network results; they are not official factions and do not replace original-setting faction metadata
JP18,music,music,凭依华标题曲,凭依华（标题曲）,憑依華（OP曲）,C-cbc70adb1df88f59,299,1,CC-cbc70adb1df88f59,1,0.0,0,0.0004999166805542221,0.0,0,0.0,louvain,intersection_count,100.0,0.0,1.0,20260801,1.0.0,not_used,community labels are structural network results; they are not official factions and do not replace original-setting faction metadata
JP18,music,music,凭坐处于梦与现实之间,凭坐处于梦与现实之间 ～ Necro-Fantasia,憑坐は夢と現の間に　～ Necro-Fantasia,C-55f556a16f06f6a0,300,1,CC-55f556a16f06f6a0,1,0.0,0,0.0004999166805542221,0.0,0,0.0,louvain,intersection_count,100.0,0.0,1.0,20260801,1.0.0,not_used,community labels are structural network results; they are not official factions and do not replace original-setting faction metadata
JP18,music,music,凭投依合,凭投依合,憑依投合,C-d5cc6d3fe313c9aa,301,1,CC-d5cc6d3fe313c9aa,1,0.0,0,0.0004999166805542221,0.0,0,0.0,louvain,intersection_count,100.0,0.0,1.0,20260801,1.0.0,not_used,community labels are structural network results; they are not official factions and do not replace original-setting faction metadata
JP18,music,music,出演者选择,出演者选择,演者選択,C-119b70bb278cea97,302,1,CC-119b70bb278cea97,1,0.0,0,0.0004999166805542221,0.0,0,0.0,louvain,intersection_count,100.0,0.0,1.0,20260801,1.0.0,not_used,community labels are structural network results; they are not official factions and do not replace original-setting faction metadata
JP18,music,music,判読眼のビブロフィリア,识文解意的爱书人,判読眼のビブロフィリア,C-e468b86cad93208b,303,1,CC-e468b86cad93208b,1,0.0,0,0.0004999166805542221,0.0,0,0.0,louvain,intersection_count,100.0,0.0,1.0,20260801,1.0.0,not_used,community labels are structural network results; they are not official factions and do not replace original-setting faction metadata
JP18,music,music,前所未见的噩梦世界,前所未见的噩梦世界,見た事も無い悪夢の世界,C-291f89504bd1bf57,304,1,CC-291f89504bd1bf57,1,0.0,0,0.0004999166805542221,0.0,0,0.0,louvain,intersection_count,100.0,0.0,1.0,20260801,1.0.0,not_used,community labels are structural network results; they are not official factions and do not replace original-setting faction metadata
JP18,music,music,剧毒身体,剧毒身体 ～ Forsaken Doll,ポイズンボディ　～ Forsaken Doll,C-102e9956a6bc0066,305,1,CC-102e9956a6bc0066,1,0.0,0,0.0004999166805542221,0.0,0,0.0,louvain,intersection_count,100.0,0.0,1.0,20260801,1.0.0,not_used,community labels are structural network results; they are not official factions and do not replace original-setting faction metadata
JP18,music,music,勝利デモ,胜利的示范,勝利デモ,C-defba945a3c875c8,306,1,CC-defba945a3c875c8,1,0.0,0,0.0004999166805542221,0.0,0,0.0,louvain,intersection_count,100.0,0.0,1.0,20260801,1.0.0,not_used,community labels are structural network results; they are not official factions and do not replace original-setting faction metadata
JP18,music,music,千の試練を超えて,克服万千之试炼,千の試練を超えて,C-8518ca55ea92dc21,307,1,CC-8518ca55ea92dc21,1,0.0,0,0.0004999166805542221,0.0,0,0.0,louvain,intersection_count,100.0,0.0,1.0,20260801,1.0.0,not_used,community labels are structural network results; they are not official factions and do not replace original-setting faction metadata
JP18,music,music,千年幻想乡,千年幻想乡 ～ History of the Moon,千年幻想郷　～ History of the Moon,C-acbd21ad6c9b34b1,308,1,CC-acbd21ad6c9b34b1,1,0.0,0,0.0004999166805542221,0.0,0,0.0,louvain,intersection_count,100.0,0.0,1.0,20260801,1.0.0,not_used,community labels are structural network results; they are not official factions and do not replace original-setting faction metadata
JP18,music,music,午夜的妖精舞会,午夜的妖精舞会,真夜中のフェアリーダンス,C-08b530fb011f3a7c,309,1,CC-08b530fb011f3a7c,1,0.0,0,0.0004999166805542221,0.0,0,0.0,louvain,intersection_count,100.0,0.0,1.0,20260801,1.0.0,not_used,community labels are structural network results; they are not official factions and do not replace original-setting faction metadata
JP18,music,music,华之幻想红梦之宙,华之幻想 红梦之宙,華の幻想　紅夢の宙,C-3d05ccaa8162e38f,310,1,CC-3d05ccaa8162e38f,1,0.0,0,0.0004999166805542221,0.0,0,0.0,louvain,intersection_count,100.0,0.0,1.0,20260801,1.0.0,not_used,community labels are structural network results; they are not official factions and do not replace original-setting faction metadata
JP18,music,music,华狭间的战场,华狭间的战场,華狭間のバトルフィールド,C-753436767e990c7f,311,1,CC-753436767e990c7f,1,0.0,0,0.0004999166805542221,0.0,0,0.0,louvain,intersection_count,100.0,0.0,1.0,20260801,1.0.0,not_used,community labels are structural network results; they are not official factions and do not replace original-setting faction metadata
JP18,music,music,华胥之梦,华胥之梦,華胥の夢,C-24a2ee4685328505,312,1,CC-24a2ee4685328505,1,0.0,0,0.0004999166805542221,0.0,0,0.0,louvain,intersection_count,100.0,0.0,1.0,20260801,1.0.0,not_used,community labels are structural network results; they are not official factions and do not replace original-setting faction metadata
JP18,music,music,博丽easternwind,博丽 ～ Eastern Wind,博麗　～ Eastern Wind,C-59819910860d9650,313,1,CC-59819910860d9650,1,0.0,0,0.0004999166805542221,0.0,0,0.0,louvain,intersection_count,100.0,0.0,1.0,20260801,1.0.0,not_used,community labels are structural network results; they are not official factions and do not replace original-setting faction metadata
JP18,music,music,博丽神社境内,博丽神社境内,博麗神社境内,C-92780b9a39601184,314,1,CC-92780b9a39601184,1,0.0,0,0.0004999166805542221,0.0,0,0.0,louvain,intersection_count,100.0,0.0,1.0,20260801,1.0.0,not_used,community labels are structural network results; they are not official factions and do not replace original-setting faction metadata
JP18,music,music,博麗easternwind,博丽 ～ Eastern Wind,博麗　～ Eastern Wind,C-2ab6a215c6c0c4a4,315,1,CC-2ab6a215c6c0c4a4,1,0.0,0,0.0004999166805542221,0.0,0,0.0,louvain,intersection_count,100.0,0.0,1.0,20260801,1.0.0,not_used,community labels are structural network results; they are not official factions and do not replace original-setting faction metadata
JP18,music,music,博麗神社境内,博丽神社境内,博麗神社境内,C-8f8c28101b9b24e7,316,1,CC-8f8c28101b9b24e7,1,0.0,0,0.0004999166805542221,0.0,0,0.0,louvain,intersection_count,100.0,0.0,1.0,20260801,1.0.0,not_used,community labels are structural network results; they are not official factions and do not replace original-setting faction metadata
JP18,music,music,卡纳维拉尔角的梦幻少女,卡纳维拉尔角的梦幻少女,カナベラルの夢幻少女,C-a83539140cc21bf8,317,1,CC-a83539140cc21bf8,1,0.0,0,0.0004999166805542221,0.0,0,0.0,louvain,intersection_count,100.0,0.0,1.0,20260801,1.0.0,not_used,community labels are structural network results; they are not official factions and do not replace original-setting faction metadata
JP18,music,music,卫星露天咖啡座,卫星露天咖啡座,衛星カフェテラス,C-652bc95d08de4035,318,1,CC-652bc95d08de4035,1,0.0,0,0.0004999166805542221,0.0,0,0.0,louvain,intersection_count,100.0,0.0,1.0,20260801,1.0.0,not_used,community labels are structural network results; they are not official factions and do not replace original-setting faction metadata
JP18,music,music,卫星鸟船,卫星鸟船,衛星トリフネ,C-dcc1e2ec7e3f1b9f,319,1,CC-dcc1e2ec7e3f1b9f,1,0.0,0,0.0004999166805542221,0.0,0,0.0,louvain,intersection_count,100.0,0.0,1.0,20260801,1.0.0,not_used,community labels are structural network results; they are not official factions and do not replace original-setting faction metadata
JP18,music,music,厄神降临之路,厄神降临之路 ～ Dark Road,厄神様の通り道　～ Dark Road,C-0dde896ddbfda2b8,320,1,CC-0dde896ddbfda2b8,1,0.0,0,0.0004999166805542221,0.0,0,0.0,louvain,intersection_count,100.0,0.0,1.0,20260801,1.0.0,not_used,community labels are structural network results; they are not official factions and do not replace original-setting faction metadata
JP18,music,music,原初的节拍,原初的节拍 ～ Pristine Beat,始原のビート　～ Pristine Beat,C-e49a7bffcafd2539,321,1,CC-e49a7bffcafd2539,1,0.0,0,0.0004999166805542221,0.0,0,0.0,louvain,intersection_count,100.0,0.0,1.0,20260801,1.0.0,not_used,community labels are structural network results; they are not official factions and do not replace original-setting faction metadata
JP18,music,music,反則の狼煙を上げろ,燃起犯规的狼烟,反則の狼煙を上げろ,C-b3e86666ff27c914,322,1,CC-b3e86666ff27c914,1,0.0,0,0.0004999166805542221,0.0,0,0.0,louvain,intersection_count,100.0,0.0,1.0,20260801,1.0.0,not_used,community labels are structural network results; they are not official factions and do not replace original-setting faction metadata
JP18,music,music,古の冥界寺,古老的冥界寺,古の冥界寺,C-1d2fd8d0a3e109d2,323,1,CC-1d2fd8d0a3e109d2,1,0.0,0,0.0004999166805542221,0.0,0,0.0,louvain,intersection_count,100.0,0.0,1.0,20260801,1.0.0,not_used,community labels are structural network results; they are not official factions and do not replace original-setting faction metadata
JP18,music,music,古老的元神,古老的元神,古きユアンシェン,C-38f7416313dd156f,324,1,CC-38f7416313dd156f,1,0.0,0,0.0004999166805542221,0.0,0,0.0,louvain,intersection_count,100.0,0.0,1.0,20260801,1.0.0,not_used,community labels are structural network results; they are not official factions and do not replace original-setting faction metadata
JP18,music,music,古老的冥界寺,古老的冥界寺,古の冥界寺,C-35305cd6f9231926,325,1,CC-35305cd6f9231926,1,0.0,0,0.0004999166805542221,0.0,0,0.0,louvain,intersection_count,100.0,0.0,1.0,20260801,1.0.0,not_used,community labels are structural network results; they are not official factions and do not replace original-setting faction metadata
JP18,music,music,另一侧的月,另一侧的月,向こう側の月,C-c8c906a4d8acfca9,326,1,CC-c8c906a4d8acfca9,1,0.0,0,0.0004999166805542221,0.0,0,0.0,louvain,intersection_count,100.0,0.0,1.0,20260801,1.0.0,not_used,community labels are structural network results; they are not official factions and do not replace original-setting faction metadata
JP18,music,music,只有地藏知晓的哀叹,只有地藏知晓的哀叹,地蔵だけが知る哀嘆,C-587da55d524036ec,327,1,CC-587da55d524036ec,1,0.0,0,0.0004999166805542221,0.0,0,0.0,louvain,intersection_count,100.0,0.0,1.0,20260801,1.0.0,not_used,community labels are structural network results; they are not official factions and do not replace original-setting faction metadata
JP18,music,music,可悲的人偶dollofmisery,可悲的人偶 ～ Doll of Misery,悲しき人形　～ Doll of Misery,C-879bc6c6aa890c1c,328,1,CC-879bc6c6aa890c1c,1,0.0,0,0.0004999166805542221,0.0,0,0.0,louvain,intersection_count,100.0,0.0,1.0,20260801,1.0.0,not_used,community labels are structural network results; they are not official factions and do not replace original-setting faction metadata
JP18,music,music,可愛い大戦争のリフレーン,可爱的大战争叠奏曲,可愛い大戦争のリフレーン,C-a1874c3c36c8c038,329,1,CC-a1874c3c36c8c038,1,0.0,0,0.0004999166805542221,0.0,0,0.0,louvain,intersection_count,100.0,0.0,1.0,20260801,1.0.0,not_used,community labels are structural network results; they are not official factions and do not replace original-setting faction metadata
JP18,music,music,可爱的大战争叠奏曲,可爱的大战争叠奏曲,可愛い大戦争のリフレーン,C-df502ce0ee4f2928,330,1,CC-df502ce0ee4f2928,1,0.0,0,0.0004999166805542221,0.0,0,0.0,louvain,intersection_count,100.0,0.0,1.0,20260801,1.0.0,not_used,community labels are structural network results; they are not official factions and do not replace original-setting faction metadata
JP18,music,music,可爱的恶魔innocence,可爱的恶魔 ～ Innocence,かわいい悪魔　～ Innocence,C-3560ed8226cc44cf,331,1,CC-3560ed8226cc44cf,1,0.0,0,0.0004999166805542221,0.0,0,0.0,louvain,intersection_count,100.0,0.0,1.0,20260801,1.0.0,not_used,community labels are structural network results; they are not official factions and do not replace original-setting faction metadata
JP18,music,music,可能性を信じて,相信可能性,可能性を信じて,C-18e686887fe32672,332,1,CC-18e686887fe32672,1,0.0,0,0.0004999166805542221,0.0,0,0.0,louvain,intersection_count,100.0,0.0,1.0,20260801,1.0.0,not_used,community labels are structural network results; they are not official factions and do not replace original-setting faction metadata
JP18,music,music,各々の結末,各自的结局,各々の結末,C-8dbb42e2398faed3,333,1,CC-8dbb42e2398faed3,1,0.0,0,0.0004999166805542221,0.0,0,0.0,louvain,intersection_count,100.0,0.0,1.0,20260801,1.0.0,not_used,community labels are structural network results; they are not official factions and do not replace original-setting faction metadata
JP18,music,music,各自的结局,各自的结局,各々の結末,C-2ab07db1430a7d67,334,1,CC-2ab07db1430a7d67,1,0.0,0,0.0004999166805542221,0.0,0,0.0,louvain,intersection_count,100.0,0.0,1.0,20260801,1.0.0,not_used,community labels are structural network results; they are not official factions and do not replace original-setting faction metadata
JP18,music,music,合縁奇縁,合缘奇缘,合縁奇縁,C-ed1b4f3b85ba3829,335,1,CC-ed1b4f3b85ba3829,1,0.0,0,0.0004999166805542221,0.0,0,0.0,louvain,intersection_count,100.0,0.0,1.0,20260801,1.0.0,not_used,community labels are structural network results; they are not official factions and do not replace original-setting faction metadata
JP18,music,music,合缘奇缘,合缘奇缘,合縁奇縁,C-afcf87c49d860531,336,1,CC-afcf87c49d860531,1,0.0,0,0.0004999166805542221,0.0,0,0.0,louvain,intersection_count,100.0,0.0,1.0,20260801,1.0.0,not_used,community labels are structural network results; they are not official factions and do not replace original-setting faction metadata
JP18,music,music,后院的妖怪参拜道,后院的妖怪参拜道,妖怪裏参道,C-ce81e54d7e56ce69,337,1,CC-ce81e54d7e56ce69,1,0.0,0,0.0004999166805542221,0.0,0,0.0,louvain,intersection_count,100.0,0.0,1.0,20260801,1.0.0,not_used,community labels are structural network results; they are not official factions and do not replace original-setting faction metadata
JP18,music,music,向こう側の月,另一侧的月,向こう側の月,C-e45859dd1b42bc4d,338,1,CC-e45859dd1b42bc4d,1,0.0,0,0.0004999166805542221,0.0,0,0.0,louvain,intersection_count,100.0,0.0,1.0,20260801,1.0.0,not_used,community labels are structural network results; they are not official factions and do not replace original-setting faction metadata
JP18,music,music,君はあの影を見たか,你见到了那个影子吗,君はあの影を見たか,C-0aae31070b58235e,339,1,CC-0aae31070b58235e,1,0.0,0,0.0004999166805542221,0.0,0,0.0,louvain,intersection_count,100.0,0.0,1.0,20260801,1.0.0,not_used,community labels are structural network results; they are not official factions and do not replace original-setting faction metadata
JP18,music,music,呑んべぇのレムリア,酒鬼的雷姆利亚,呑んべぇのレムリア,C-974664013d6847c3,340,1,CC-974664013d6847c3,1,0.0,0,0.0004999166805542221,0.0,0,0.0,louvain,intersection_count,100.0,0.0,1.0,20260801,1.0.0,not_used,community labels are structural network results; they are not official factions and do not replace original-setting faction metadata
JP18,music,music,命运的阴暗面,命运的阴暗面,運命のダークサイド,C-8fe3015a551dce53,341,1,CC-8fe3015a551dce53,1,0.0,0,0.0004999166805542221,0.0,0,0.0,louvain,intersection_count,100.0,0.0,1.0,20260801,1.0.0,not_used,community labels are structural network results; they are not official factions and do not replace original-setting faction metadata
JP18,music,music,哈德曼的妖怪少女,哈德曼的妖怪少女,ハルトマンの妖怪少女,C-e72516d8c192f6e6,342,1,CC-e72516d8c192f6e6,1,0.0,0,0.0004999166805542221,0.0,0,0.0,louvain,intersection_count,100.0,0.0,1.0,20260801,1.0.0,not_used,community labels are structural network results; they are not official factions and do not replace original-setting faction metadata
JP18,music,music,嘲りの遊戯,嘲讽的游戏,嘲りの遊戯,C-002e3eed9261afe7,343,1,CC-002e3eed9261afe7,1,0.0,0,0.0004999166805542221,0.0,0,0.0,louvain,intersection_count,100.0,0.0,1.0,20260801,1.0.0,not_used,community labels are structural network results; they are not official factions and do not replace original-setting faction metadata
JP18,music,music,嘲讽的游戏,嘲讽的游戏,嘲りの遊戯,C-90aad16d2aa12dbb,344,1,CC-90aad16d2aa12dbb,1,0.0,0,0.0004999166805542221,0.0,0,0.0,louvain,intersection_count,100.0,0.0,1.0,20260801,1.0.0,not_used,community labels are structural network results; they are not official factions and do not replace original-setting faction metadata
JP18,music,music,噩梦日记,噩梦日记,悪夢日記,C-baa8f56b0dab59c8,345,1,CC-baa8f56b0dab59c8,1,0.0,0,0.0004999166805542221,0.0,0,0.0,louvain,intersection_count,100.0,0.0,1.0,20260801,1.0.0,not_used,community labels are structural network results; they are not official factions and do not replace original-setting faction metadata
JP18,music,music,回忆京都,回忆京都,レトロスペクティブ京都,C-be63168b02b45c51,346,1,CC-be63168b02b45c51,1,0.0,0,0.0004999166805542221,0.0,0,0.0,louvain,intersection_count,100.0,0.0,1.0,20260801,1.0.0,not_used,community labels are structural network results; they are not official factions and do not replace original-setting faction metadata
JP18,music,music,因夜失眠,因夜失眠,夜だから眠れない,C-a26cde7c1b5454ff,347,1,CC-a26cde7c1b5454ff,1,0.0,0,0.0004999166805542221,0.0,0,0.0,louvain,intersection_count,100.0,0.0,1.0,20260801,1.0.0,not_used,community labels are structural network results; they are not official factions and do not replace original-setting faction metadata
JP18,music,music,圣德传说,圣德传说 ～ True Administrator,聖徳伝説　～ True Administrator,C-b487f3931e386503,348,1,CC-b487f3931e386503,1,0.0,0,0.0004999166805542221,0.0,0,0.0,louvain,intersection_count,100.0,0.0,1.0,20260801,1.0.0,not_used,community labels are structural network results; they are not official factions and do not replace original-setting faction metadata
JP18,music,music,圣德太子的天马,圣德太子的天马 ～ Dark Pegasus,聖徳太子のペガサス　〜Dark Pegasus,C-0eb22dd3aa86778f,349,1,CC-0eb22dd3aa86778f,1,0.0,0,0.0004999166805542221,0.0,0,0.0,louvain,intersection_count,100.0,0.0,1.0,20260801,1.0.0,not_used,community labels are structural network results; they are not official factions and do not replace original-setting faction metadata
JP18,music,music,圣辇船飞向天空,圣辇船飞向天空,聖輦船空を往く,C-e4ff1be30347744b,350,1,CC-e4ff1be30347744b,1,0.0,0,0.0004999166805542221,0.0,0,0.0,louvain,intersection_count,100.0,0.0,1.0,20260801,1.0.0,not_used,community labels are structural network results; they are not official factions and do not replace original-setting faction metadata
JP18,music,music,在深绿的狸森里,在深绿的狸森里,深緑の狸森にて,C-2fa879b31ba24938,351,1,CC-2fa879b31ba24938,1,0.0,0,0.0004999166805542221,0.0,0,0.0,louvain,intersection_count,100.0,0.0,1.0,20260801,1.0.0,not_used,community labels are structural network results; they are not official factions and do not replace original-setting faction metadata
JP18,music,music,在美妙的墓地里住下吧,在美妙的墓地里住下吧,素敵な墓場で暮しましょ,C-4ba74044e6fb8f32,352,1,CC-4ba74044e6fb8f32,1,0.0,0,0.0004999166805542221,0.0,0,0.0,louvain,intersection_count,100.0,0.0,1.0,20260801,1.0.0,not_used,community labels are structural network results; they are not official factions and do not replace original-setting faction metadata
JP18,music,music,地下からの帰還,从地下的归还,地下からの帰還,C-aaacfb28cfb7bde9,353,1,CC-aaacfb28cfb7bde9,1,0.0,0,0.0004999166805542221,0.0,0,0.0,louvain,intersection_count,100.0,0.0,1.0,20260801,1.0.0,not_used,community labels are structural network results; they are not official factions and do not replace original-setting faction metadata
JP18,music,music,地之色乃黄色,地之色乃黄色,地の色は黄色,C-abcbed4bad0f91ba,354,1,CC-abcbed4bad0f91ba,1,0.0,0,0.0004999166805542221,0.0,0,0.0,louvain,intersection_count,100.0,0.0,1.0,20260801,1.0.0,not_used,community labels are structural network results; they are not official factions and do not replace original-setting faction metadata
JP18,music,music,地底に咲く薔薇,地底绽放的蔷薇,地底に咲く薔薇,C-b1c52a2b1e7b7b99,355,1,CC-b1c52a2b1e7b7b99,1,0.0,0,0.0004999166805542221,0.0,0,0.0,louvain,intersection_count,100.0,0.0,1.0,20260801,1.0.0,not_used,community labels are structural network results; they are not official factions and do not replace original-setting faction metadata
JP18,music,music,地底绽放的蔷薇,地底绽放的蔷薇,地底に咲く薔薇,C-ac6d8fd68645299b,356,1,CC-ac6d8fd68645299b,1,0.0,0,0.0004999166805542221,0.0,0,0.0,louvain,intersection_count,100.0,0.0,1.0,20260801,1.0.0,not_used,community labels are structural network results; they are not official factions and do not replace original-setting faction metadata
JP18,music,music,地灵们的归家,地灵们的归家,地霊達の帰宅,C-abd0a2fb9d1ce7cf,357,1,CC-abd0a2fb9d1ce7cf,1,0.0,0,0.0004999166805542221,0.0,0,0.0,louvain,intersection_count,100.0,0.0,1.0,20260801,1.0.0,not_used,community labels are structural network results; they are not official factions and do not replace original-setting faction metadata
JP18,music,music,地灵们的起床,地灵们的起床,地霊達の起床,C-19a751c81a2d8ee4,358,1,CC-19a751c81a2d8ee4,1,0.0,0,0.0004999166805542221,0.0,0,0.0,louvain,intersection_count,100.0,0.0,1.0,20260801,1.0.0,not_used,community labels are structural network results; they are not official factions and do not replace original-setting faction metadata
JP18,music,music,地蔵だけが知る哀嘆,只有地藏知晓的哀叹,地蔵だけが知る哀嘆,C-96d5a2373396c782,359,1,CC-96d5a2373396c782,1,0.0,0,0.0004999166805542221,0.0,0,0.0,louvain,intersection_count,100.0,0.0,1.0,20260801,1.0.0,not_used,community labels are structural network results; they are not official factions and do not replace original-setting faction metadata
JP18,music,music,地霊達の帰宅,地灵们的归家,地霊達の帰宅,C-a868dc2a767b550d,360,1,CC-a868dc2a767b550d,1,0.0,0,0.0004999166805542221,0.0,0,0.0,louvain,intersection_count,100.0,0.0,1.0,20260801,1.0.0,not_used,community labels are structural network results; they are not official factions and do not replace original-setting faction metadata
JP18,music,music,地霊達の起床,地灵们的起床,地霊達の起床,C-2c72beea59f102fd,361,1,CC-2c72beea59f102fd,1,0.0,0,0.0004999166805542221,0.0,0,0.0,louvain,intersection_count,100.0,0.0,1.0,20260801,1.0.0,not_used,community labels are structural network results; they are not official factions and do not replace original-setting faction metadata
JP18,music,music,塵界不変のペシミズム,尘世不变的悲观主义,塵界不変のペシミズム,C-da2395dd926d8cc2,362,1,CC-da2395dd926d8cc2,1,0.0,0,0.0004999166805542221,0.0,0,0.0,louvain,intersection_count,100.0,0.0,1.0,20260801,1.0.0,not_used,community labels are structural network results; they are not official factions and do not replace original-setting faction metadata
JP18,music,music,壮言大語,豪言壮语,壮言大語,C-cdbc0282672a7169,363,1,CC-cdbc0282672a7169,1,0.0,0,0.0004999166805542221,0.0,0,0.0,louvain,intersection_count,100.0,0.0,1.0,20260801,1.0.0,not_used,community labels are structural network results; they are not official factions and do not replace original-setting faction metadata
JP18,music,music,复仇女神的要塞,复仇女神的要塞,ネメシスの要塞,C-76d6b1b1891ddf3b,364,1,CC-76d6b1b1891ddf3b,1,0.0,0,0.0004999166805542221,0.0,0,0.0,louvain,intersection_count,100.0,0.0,1.0,20260801,1.0.0,not_used,community labels are structural network results; they are not official factions and do not replace original-setting faction metadata
JP18,music,music,夏明,夏明,夏明き,C-0708c6fa49b934b5,365,1,CC-0708c6fa49b934b5,1,0.0,0,0.0004999166805542221,0.0,0,0.0,louvain,intersection_count,100.0,0.0,1.0,20260801,1.0.0,not_used,community labels are structural network results; they are not official factions and do not replace original-setting faction metadata
JP18,music,music,夏明き,夏明,夏明き,C-97104927745c3287,366,1,CC-97104927745c3287,1,0.0,0,0.0004999166805542221,0.0,0,0.0,louvain,intersection_count,100.0,0.0,1.0,20260801,1.0.0,not_used,community labels are structural network results; they are not official factions and do not replace original-setting faction metadata
JP18,music,music,夕阳下落,夕阳下落,陽落ちて,C-6a6290dcd0ceb940,367,1,CC-6a6290dcd0ceb940,1,0.0,0,0.0004999166805542221,0.0,0,0.0,louvain,intersection_count,100.0,0.0,1.0,20260801,1.0.0,not_used,community labels are structural network results; they are not official factions and do not replace original-setting faction metadata
JP18,music,music,外界フォークロア,外界民俗,外界フォークロア,C-54a93c14e488193f,368,1,CC-54a93c14e488193f,1,0.0,0,0.0004999166805542221,0.0,0,0.0,louvain,intersection_count,100.0,0.0,1.0,20260801,1.0.0,not_used,community labels are structural network results; they are not official factions and do not replace original-setting faction metadata
JP18,music,music,外界民俗,外界民俗,外界フォークロア,C-860a58865fd3f4a6,369,1,CC-860a58865fd3f4a6,1,0.0,0,0.0004999166805542221,0.0,0,0.0,louvain,intersection_count,100.0,0.0,1.0,20260801,1.0.0,not_used,community labels are structural network results; they are not official factions and do not replace original-setting faction metadata
JP18,music,music,夜だから眠れない,因夜失眠,夜だから眠れない,C-a1a97e38f1d31948,370,1,CC-a1a97e38f1d31948,1,0.0,0,0.0004999166805542221,0.0,0,0.0,louvain,intersection_count,100.0,0.0,1.0,20260801,1.0.0,not_used,community labels are structural network results; they are not official factions and do not replace original-setting faction metadata
JP18,music,music,夜のデンデラ野を逝く,走在夜晚的莲台野,夜のデンデラ野を逝く,C-4c9394ea8552ae84,371,1,CC-4c9394ea8552ae84,1,0.0,0,0.0004999166805542221,0.0,0,0.0,louvain,intersection_count,100.0,0.0,1.0,20260801,1.0.0,not_used,community labels are structural network results; they are not official factions and do not replace original-setting faction metadata
JP18,music,music,夜の鳩山を飛ぶ,飞翔在夜晚的鸠山,夜の鳩山を飛ぶ,C-a36d25877943bb52,372,1,CC-a36d25877943bb52,1,0.0,0,0.0004999166805542221,0.0,0,0.0,louvain,intersection_count,100.0,0.0,1.0,20260801,1.0.0,not_used,community labels are structural network results; they are not official factions and do not replace original-setting faction metadata
JP18,music,music,夜幕降临,夜幕降临,夜が降りてくる,C-c90c979a53855795,373,1,CC-c90c979a53855795,1,0.0,0,0.0004999166805542221,0.0,0,0.0,louvain,intersection_count,100.0,0.0,1.0,20260801,1.0.0,not_used,community labels are structural network results; they are not official factions and do not replace original-setting faction metadata
JP18,music,music,夜空のユーフォーロマンス,夜空中的UFO恋曲,夜空のユーフォーロマンス,C-324c82c20bd116d0,374,1,CC-324c82c20bd116d0,1,0.0,0,0.0004999166805542221,0.0,0,0.0,louvain,intersection_count,100.0,0.0,1.0,20260801,1.0.0,not_used,community labels are structural network results; they are not official factions and do not replace original-setting faction metadata
JP18,music,music,夜空中的ufo恋曲,夜空中的UFO恋曲,夜空のユーフォーロマンス,C-a8ffd78174d7badb,375,1,CC-a8ffd78174d7badb,1,0.0,0,0.0004999166805542221,0.0,0,0.0,louvain,intersection_count,100.0,0.0,1.0,20260801,1.0.0,not_used,community labels are structural network results; they are not official factions and do not replace original-setting faction metadata
JP18,music,music,夜雀の歌声nightbird,夜雀的歌声 ～ Night Bird,夜雀の歌声　～ Night Bird,C-99b5a38aa4ad3609,376,1,CC-99b5a38aa4ad3609,1,0.0,0,0.0004999166805542221,0.0,0,0.0,louvain,intersection_count,100.0,0.0,1.0,20260801,1.0.0,not_used,community labels are structural network results; they are not official factions and do not replace original-setting faction metadata
JP18,music,music,夜雀的歌声,夜雀的歌声 ～ Night Bird,夜雀の歌声　～ Night Bird,C-cee48a76c42eb87d,377,1,CC-cee48a76c42eb87d,1,0.0,0,0.0004999166805542221,0.0,0,0.0,louvain,intersection_count,100.0,0.0,1.0,20260801,1.0.0,not_used,community labels are structural network results; they are not official factions and do not replace original-setting faction metadata
JP18,music,music,夢と現の境界,梦境与现实的境界,夢と現の境界,C-25d58af90742565a,378,1,CC-25d58af90742565a,1,0.0,0,0.0004999166805542221,0.0,0,0.0,louvain,intersection_count,100.0,0.0,1.0,20260801,1.0.0,not_used,community labels are structural network results; they are not official factions and do not replace original-setting faction metadata
JP18,music,music,夢は時空を越えて,梦想超越时空,夢は時空を越えて,C-9ba2d1e6dc271b31,379,1,CC-9ba2d1e6dc271b31,1,0.0,0,0.0004999166805542221,0.0,0,0.0,louvain,intersection_count,100.0,0.0,1.0,20260801,1.0.0,not_used,community labels are structural network results; they are not official factions and do not replace original-setting faction metadata
JP18,music,music,夢幻回廊,梦幻回廊,夢幻回廊,C-f32c68b73a792b06,380,1,CC-f32c68b73a792b06,1,0.0,0,0.0004999166805542221,0.0,0,0.0,louvain,intersection_count,100.0,0.0,1.0,20260801,1.0.0,not_used,community labels are structural network results; they are not official factions and do not replace original-setting faction metadata
JP18,music,music,夢幻遊戯dreamwar,梦幻游戏 ～ Dream War,夢幻遊戯　～ Dream War,C-19a33c7df7e453f4,381,1,CC-19a33c7df7e453f4,1,0.0,0,0.0004999166805542221,0.0,0,0.0,louvain,intersection_count,100.0,0.0,1.0,20260801,1.0.0,not_used,community labels are structural network results; they are not official factions and do not replace original-setting faction metadata
JP18,music,music,夢想時空,梦想时空,夢想時空,C-d131073cddb3e19f,382,1,CC-d131073cddb3e19f,1,0.0,0,0.0004999166805542221,0.0,0,0.0,louvain,intersection_count,100.0,0.0,1.0,20260801,1.0.0,not_used,community labels are structural network results; they are not official factions and do not replace original-setting faction metadata
JP18,music,music,夢機械innocentpower,梦机械 ～ Innocent Power,夢機械　～ Innocent Power,C-b3830050fcf2729a,383,1,CC-b3830050fcf2729a,1,0.0,0,0.0004999166805542221,0.0,0,0.0,louvain,intersection_count,100.0,0.0,1.0,20260801,1.0.0,not_used,community labels are structural network results; they are not official factions and do not replace original-setting faction metadata
JP18,music,music,夢殿大祀廟,梦殿大祀庙,夢殿大祀廟,C-e546b12f23e1727f,384,1,CC-e546b12f23e1727f,1,0.0,0,0.0004999166805542221,0.0,0,0.0,louvain,intersection_count,100.0,0.0,1.0,20260801,1.0.0,not_used,community labels are structural network results; they are not official factions and do not replace original-setting faction metadata
JP18,music,music,大吉猫咪,大吉猫咪,大吉キトゥン,C-a1952b56b8f6c347,385,1,CC-a1952b56b8f6c347,1,0.0,0,0.0004999166805542221,0.0,0,0.0,louvain,intersection_count,100.0,0.0,1.0,20260801,1.0.0,not_used,community labels are structural network results; they are not official factions and do not replace original-setting faction metadata
JP18,music,music,大地の底剛欲の海,大地之底，刚欲之海,大地の底、剛欲の海,C-d6f5fc98f95b60a6,386,1,CC-d6f5fc98f95b60a6,1,0.0,0,0.0004999166805542221,0.0,0,0.0,louvain,intersection_count,100.0,0.0,1.0,20260801,1.0.0,not_used,community labels are structural network results; they are not official factions and do not replace original-setting faction metadata
JP18,music,music,大地之底刚欲之海,大地之底，刚欲之海,大地の底、剛欲の海,C-8f7eb939f483af29,387,1,CC-8f7eb939f483af29,1,0.0,0,0.0004999166805542221,0.0,0,0.0,louvain,intersection_count,100.0,0.0,1.0,20260801,1.0.0,not_used,community labels are structural network results; they are not official factions and do not replace original-setting faction metadata
JP18,music,music,大江山的花之酒宴,大江山的花之酒宴,華のさかづき大江山,C-f72b9b9bbaf9e00e,388,1,CC-f72b9b9bbaf9e00e,1,0.0,0,0.0004999166805542221,0.0,0,0.0,louvain,intersection_count,100.0,0.0,1.0,20260801,1.0.0,not_used,community labels are structural network results; they are not official factions and do not replace original-setting faction metadata
JP18,music,music,大神神话传,大神神话传,大神神話伝,C-c32f2102d8f26f00,389,1,CC-c32f2102d8f26f00,1,0.0,0,0.0004999166805542221,0.0,0,0.0,louvain,intersection_count,100.0,0.0,1.0,20260801,1.0.0,not_used,community labels are structural network results; they are not official factions and do not replace original-setting faction metadata
JP18,music,music,大空魔术magicalastronomy,大空魔术 ～ Magical Astronomy,大空魔術　～ Magical Astronomy,C-4c6b8c349609df8f,390,1,CC-4c6b8c349609df8f,1,0.0,0,0.0004999166805542221,0.0,0,0.0,louvain,intersection_count,100.0,0.0,1.0,20260801,1.0.0,not_used,community labels are structural network results; they are not official factions and do not replace original-setting faction metadata
JP18,music,music,大空魔術magicalastronomy,大空魔术 ～ Magical Astronomy,大空魔術　～ Magical Astronomy,C-a8570c4d6ec55bf3,391,1,CC-a8570c4d6ec55bf3,1,0.0,0,0.0004999166805542221,0.0,0,0.0,louvain,intersection_count,100.0,0.0,1.0,20260801,1.0.0,not_used,community labels are structural network results; they are not official factions and do not replace original-setting faction metadata
JP18,music,music,天使伝説,天使传说,天使伝説,C-e2a0b35696ac6051,392,1,CC-e2a0b35696ac6051,1,0.0,0,0.0004999166805542221,0.0,0,0.0,louvain,intersection_count,100.0,0.0,1.0,20260801,1.0.0,not_used,community labels are structural network results; they are not official factions and do not replace original-setting faction metadata
JP18,music,music,天使传说,天使传说,天使伝説,C-cc6a572e11e179b1,393,1,CC-cc6a572e11e179b1,1,0.0,0,0.0004999166805542221,0.0,0,0.0,louvain,intersection_count,100.0,0.0,1.0,20260801,1.0.0,not_used,community labels are structural network results; they are not official factions and do not replace original-setting faction metadata
JP18,music,music,天狗が見ているblackeyes,天狗正凝视着 ～ Black Eyes,天狗が見ている　～ Black Eyes,C-f42dc3042d2cd806,394,1,CC-f42dc3042d2cd806,1,0.0,0,0.0004999166805542221,0.0,0,0.0,louvain,intersection_count,100.0,0.0,1.0,20260801,1.0.0,not_used,community labels are structural network results; they are not official factions and do not replace original-setting faction metadata
JP18,music,music,天狗の手帖mysteriousnote,天狗的笔记 ～ Mysterious Note,天狗の手帖　～ Mysterious Note,C-98e0f5385122d3a7,395,1,CC-98e0f5385122d3a7,1,0.0,0,0.0004999166805542221,0.0,0,0.0,louvain,intersection_count,100.0,0.0,1.0,20260801,1.0.0,not_used,community labels are structural network results; they are not official factions and do not replace original-setting faction metadata
JP18,music,music,天狗正凝视着,天狗正凝视着 ～ Black Eyes,天狗が見ている　～ Black Eyes,C-8108e594aca67ca7,396,1,CC-8108e594aca67ca7,1,0.0,0,0.0004999166805542221,0.0,0,0.0,louvain,intersection_count,100.0,0.0,1.0,20260801,1.0.0,not_used,community labels are structural network results; they are not official factions and do not replace original-setting faction metadata
JP18,music,music,天狗的笔记mysteriousnote,天狗的笔记 ～ Mysterious Note,天狗の手帖　～ Mysterious Note,C-1743ff53facfef9c,397,1,CC-1743ff53facfef9c,1,0.0,0,0.0004999166805542221,0.0,0,0.0,louvain,intersection_count,100.0,0.0,1.0,20260801,1.0.0,not_used,community labels are structural network results; they are not official factions and do not replace original-setting faction metadata
JP18,music,music,天理人欲,天理人欲,天理人欲,C-04c2f6edeeca28c7,398,1,CC-04c2f6edeeca28c7,1,0.0,0,0.0004999166805542221,0.0,0,0.0,louvain,intersection_count,100.0,0.0,1.0,20260801,1.0.0,not_used,community labels are structural network results; they are not official factions and do not replace original-setting faction metadata
JP18,music,music,天空アーミー,天空军团,天空アーミー,C-45506e3557381a5a,399,1,CC-45506e3557381a5a,1,0.0,0,0.0004999166805542221,0.0,0,0.0,louvain,intersection_count,100.0,0.0,1.0,20260801,1.0.0,not_used,community labels are structural network results; they are not official factions and do not replace original-setting faction metadata
JP18,music,music,天空军团,天空军团,天空アーミー,C-2c2ba80d7c2b3032,400,1,CC-2c2ba80d7c2b3032,1,0.0,0,0.0004999166805542221,0.0,0,0.0,louvain,intersection_count,100.0,0.0,1.0,20260801,1.0.0,not_used,community labels are structural network results; they are not official factions and do not replace original-setting faction metadata
JP18,music,music,天空的格林尼治,天空的格林尼治,天空のグリニッジ,C-f1b958b568a5dbb5,401,1,CC-f1b958b568a5dbb5,1,0.0,0,0.0004999166805542221,0.0,0,0.0,louvain,intersection_count,100.0,0.0,1.0,20260801,1.0.0,not_used,community labels are structural network results; they are not official factions and do not replace original-setting faction metadata
JP18,music,music,天空的花都,天空的花都,天空の花の都,C-8835a737719bd1cc,402,1,CC-8835a737719bd1cc,1,0.0,0,0.0004999166805542221,0.0,0,0.0,louvain,intersection_count,100.0,0.0,1.0,20260801,1.0.0,not_used,community labels are structural network results; they are not official factions and do not replace original-setting faction metadata
JP18,music,music,天衣无缝,天衣无缝,天衣無縫,C-db422e85d7a61607,403,1,CC-db422e85d7a61607,1,0.0,0,0.0004999166805542221,0.0,0,0.0,louvain,intersection_count,100.0,0.0,1.0,20260801,1.0.0,not_used,community labels are structural network results; they are not official factions and do not replace original-setting faction metadata
JP18,music,music,天魔之山漫天星,天魔之山漫天星,星降る天魔の山,C-23637406587a50ce,404,1,CC-23637406587a50ce,1,0.0,0,0.0004999166805542221,0.0,0,0.0,louvain,intersection_count,100.0,0.0,1.0,20260801,1.0.0,not_used,community labels are structural network results; they are not official factions and do not replace original-setting faction metadata
JP18,music,music,天鳥船神社,天鸟船神社,天鳥船神社,C-015b5d915a0c8801,405,1,CC-015b5d915a0c8801,1,0.0,0,0.0004999166805542221,0.0,0,0.0,louvain,intersection_count,100.0,0.0,1.0,20260801,1.0.0,not_used,community labels are structural network results; they are not official factions and do not replace original-setting faction metadata
JP18,music,music,天鳥船神社の結界,天鸟船神社的结界,天鳥船神社の結界,C-a82073d70531bf32,406,1,CC-a82073d70531bf32,1,0.0,0,0.0004999166805542221,0.0,0,0.0,louvain,intersection_count,100.0,0.0,1.0,20260801,1.0.0,not_used,community labels are structural network results; they are not official factions and do not replace original-setting faction metadata
JP18,music,music,天鵞絨少女戦velvetbattle,天鹅绒少女战 ～ Velvet Battle,天鵞絨少女戦　～ Velvet Battle,C-61318a31eaf87313,407,1,CC-61318a31eaf87313,1,0.0,0,0.0004999166805542221,0.0,0,0.0,louvain,intersection_count,100.0,0.0,1.0,20260801,1.0.0,not_used,community labels are structural network results; they are not official factions and do not replace original-setting faction metadata
JP18,music,music,天鸟船神社,天鸟船神社,天鳥船神社,C-d6b21ccf1e22d500,408,1,CC-d6b21ccf1e22d500,1,0.0,0,0.0004999166805542221,0.0,0,0.0,louvain,intersection_count,100.0,0.0,1.0,20260801,1.0.0,not_used,community labels are structural network results; they are not official factions and do not replace original-setting faction metadata
JP18,music,music,天鸟船神社的结界,天鸟船神社的结界,天鳥船神社の結界,C-92f4cbc2355f8ef4,409,1,CC-92f4cbc2355f8ef4,1,0.0,0,0.0004999166805542221,0.0,0,0.0,louvain,intersection_count,100.0,0.0,1.0,20260801,1.0.0,not_used,community labels are structural network results; they are not official factions and do not replace original-setting faction metadata
JP18,music,music,天鹅绒少女战velvetbattle,天鹅绒少女战 ～ Velvet Battle,天鵞絨少女戦　～ Velvet Battle,C-df3040d23ac6711b,410,1,CC-df3040d23ac6711b,1,0.0,0,0.0004999166805542221,0.0,0,0.0,louvain,intersection_count,100.0,0.0,1.0,20260801,1.0.0,not_used,community labels are structural network results; they are not official factions and do not replace original-setting faction metadata
JP18,music,music,奥尔良的圣骑士,奥尔良的圣骑士,オルレアンの聖騎士,C-ec263a250c289a15,411,1,CC-ec263a250c289a15,1,0.0,0,0.0004999166805542221,0.0,0,0.0,louvain,intersection_count,100.0,0.0,1.0,20260801,1.0.0,not_used,community labels are structural network results; they are not official factions and do not replace original-setting faction metadata
JP18,music,music,女仆与血之怀表,女仆与血之怀表,メイドと血の懐中時計,C-bc2fa53472cd5bbd,412,1,CC-bc2fa53472cd5bbd,1,0.0,0,0.0004999166805542221,0.0,0,0.0,louvain,intersection_count,100.0,0.0,1.0,20260801,1.0.0,not_used,community labels are structural network results; they are not official factions and do not replace original-setting faction metadata
JP18,music,music,女仆幻想icemilkmagic,女仆幻想 ～ Icemilk Magic,メイド幻想　～ Icemilk Magic,C-d408eb22cb224c3d,413,1,CC-d408eb22cb224c3d,1,0.0,0,0.0004999166805542221,0.0,0,0.0,louvain,intersection_count,100.0,0.0,1.0,20260801,1.0.0,not_used,community labels are structural network results; they are not official factions and do not replace original-setting faction metadata
JP18,music,music,如鬼灯般的红色之魂,如鬼灯般的红色之魂,ほおずきみたいに紅い魂,C-ed5adcbf7fd48d1f,414,1,CC-ed5adcbf7fd48d1f,1,0.0,0,0.0004999166805542221,0.0,0,0.0,louvain,intersection_count,100.0,0.0,1.0,20260801,1.0.0,not_used,community labels are structural network results; they are not official factions and do not replace original-setting faction metadata
JP18,music,music,妖々跋扈,妖妖跋扈,妖々跋扈,C-b5ec949eb95ea407,415,1,CC-b5ec949eb95ea407,1,0.0,0,0.0004999166805542221,0.0,0,0.0,louvain,intersection_count,100.0,0.0,1.0,20260801,1.0.0,not_used,community labels are structural network results; they are not official factions and do not replace original-setting faction metadata
JP18,music,music,妖妖梦snoworcherrypetal,妖妖梦 ～ Snow or Cherry Petal,妖々夢　～ Snow or Cherry Petal,C-15b37d81bec4432a,416,1,CC-15b37d81bec4432a,1,0.0,0,0.0004999166805542221,0.0,0,0.0,louvain,intersection_count,100.0,0.0,1.0,20260801,1.0.0,not_used,community labels are structural network results; they are not official factions and do not replace original-setting faction metadata
JP18,music,music,妖妖跋扈,妖妖跋扈 ～ Who done it!,妖々跋扈　～ Who done it!,C-f2dea1894533b268,417,1,CC-f2dea1894533b268,1,0.0,0,0.0004999166805542221,0.0,0,0.0,louvain,intersection_count,100.0,0.0,1.0,20260801,1.0.0,not_used,community labels are structural network results; they are not official factions and do not replace original-setting faction metadata
JP18,music,music,妖异们的骤雨,妖异们的骤雨,妖異達の通り雨,C-0f5d16112f8196a8,418,1,CC-0f5d16112f8196a8,1,0.0,0,0.0004999166805542221,0.0,0,0.0,louvain,intersection_count,100.0,0.0,1.0,20260801,1.0.0,not_used,community labels are structural network results; they are not official factions and do not replace original-setting faction metadata
JP18,music,music,妖怪フックオン,妖怪上钩,妖怪フックオン,C-7cf680cfeb63e46b,419,1,CC-7cf680cfeb63e46b,1,0.0,0,0.0004999166805542221,0.0,0,0.0,louvain,intersection_count,100.0,0.0,1.0,20260801,1.0.0,not_used,community labels are structural network results; they are not official factions and do not replace original-setting faction metadata
JP18,music,music,妖怪モダンコロニー,现代妖怪殖民地,妖怪モダンコロニー,C-da92688f7b7f2c19,420,1,CC-da92688f7b7f2c19,1,0.0,0,0.0004999166805542221,0.0,0,0.0,louvain,intersection_count,100.0,0.0,1.0,20260801,1.0.0,not_used,community labels are structural network results; they are not official factions and do not replace original-setting faction metadata
JP18,music,music,妖怪上钩,妖怪上钩,妖怪フックオン,C-00c2e32f7a943f80,421,1,CC-00c2e32f7a943f80,1,0.0,0,0.0004999166805542221,0.0,0,0.0,louvain,intersection_count,100.0,0.0,1.0,20260801,1.0.0,not_used,community labels are structural network results; they are not official factions and do not replace original-setting faction metadata
JP18,music,music,妖怪之山,妖怪之山 ～ Mysterious Mountain,妖怪の山　～ Mysterious Mountain,C-3fa0e65cebeac32f,422,1,CC-3fa0e65cebeac32f,1,0.0,0,0.0004999166805542221,0.0,0,0.0,louvain,intersection_count,100.0,0.0,1.0,20260801,1.0.0,not_used,community labels are structural network results; they are not official factions and do not replace original-setting faction metadata
JP18,music,music,妖怪宇宙旅行,妖怪宇宙旅行,妖怪宇宙旅行,C-dc70f7f2f81d1bc6,423,1,CC-dc70f7f2f81d1bc6,1,0.0,0,0.0004999166805542221,0.0,0,0.0,louvain,intersection_count,100.0,0.0,1.0,20260801,1.0.0,not_used,community labels are structural network results; they are not official factions and do not replace original-setting faction metadata
JP18,music,music,妖怪寺,妖怪寺,妖怪寺,C-38859a7920bd00b4,424,1,CC-38859a7920bd00b4,1,0.0,0,0.0004999166805542221,0.0,0,0.0,louvain,intersection_count,100.0,0.0,1.0,20260801,1.0.0,not_used,community labels are structural network results; they are not official factions and do not replace original-setting faction metadata
JP18,music,music,妖怪寺へようこそ,欢迎来到妖怪寺,妖怪寺へようこそ,C-ea9cfdc33ed99382,425,1,CC-ea9cfdc33ed99382,1,0.0,0,0.0004999166805542221,0.0,0,0.0,louvain,intersection_count,100.0,0.0,1.0,20260801,1.0.0,not_used,community labels are structural network results; they are not official factions and do not replace original-setting faction metadata
JP18,music,music,妖怪裏参道,后院的妖怪参拜道,妖怪裏参道,C-a7348b3c58b33eec,426,1,CC-a7348b3c58b33eec,1,0.0,0,0.0004999166805542221,0.0,0,0.0,louvain,intersection_count,100.0,0.0,1.0,20260801,1.0.0,not_used,community labels are structural network results; they are not official factions and do not replace original-setting faction metadata
JP18,music,music,妖異達の通り雨,妖异们的骤雨,妖異達の通り雨,C-1e44b016cc1a243d,427,1,CC-1e44b016cc1a243d,1,0.0,0,0.0004999166805542221,0.0,0,0.0,louvain,intersection_count,100.0,0.0,1.0,20260801,1.0.0,not_used,community labels are structural network results; they are not official factions and do not replace original-setting faction metadata
JP18,music,music,妖精冒险谭,妖精冒险谭,フェアリー冒険譚,C-b27801117541592f,428,1,CC-b27801117541592f,1,0.0,0,0.0004999166805542221,0.0,0,0.0,louvain,intersection_count,100.0,0.0,1.0,20260801,1.0.0,not_used,community labels are structural network results; they are not official factions and do not replace original-setting faction metadata
JP18,music,music,妖精大战争,妖精大战争 ～ Fairy Wars,妖精大戦争　～ Fairy Wars,C-ddbba35b01560d8d,429,1,CC-ddbba35b01560d8d,1,0.0,0,0.0004999166805542221,0.0,0,0.0,louvain,intersection_count,100.0,0.0,1.0,20260801,1.0.0,not_used,community labels are structural network results; they are not official factions and do not replace original-setting faction metadata
JP18,music,music,妖精大戦争fairywars,妖精大战争 ～ Fairy Wars,妖精大戦争　～ Fairy Wars,C-fa426cf6cc9a42f6,430,1,CC-fa426cf6cc9a42f6,1,0.0,0,0.0004999166805542221,0.0,0,0.0,louvain,intersection_count,100.0,0.0,1.0,20260801,1.0.0,not_used,community labels are structural network results; they are not official factions and do not replace original-setting faction metadata
JP18,music,music,妖精灿烂的样子,妖精灿烂的样子,妖精燦々として,C-52925c77a275b599,431,1,CC-52925c77a275b599,1,0.0,0,0.0004999166805542221,0.0,0,0.0,louvain,intersection_count,100.0,0.0,1.0,20260801,1.0.0,not_used,community labels are structural network results; they are not official factions and do not replace original-setting faction metadata
JP18,music,music,妖精燦々として,妖精灿烂的样子,妖精燦々として,C-46f2ba4c92ae80dc,432,1,CC-46f2ba4c92ae80dc,1,0.0,0,0.0004999166805542221,0.0,0,0.0,louvain,intersection_count,100.0,0.0,1.0,20260801,1.0.0,not_used,community labels are structural network results; they are not official factions and do not replace original-setting faction metadata
JP18,music,music,孤独なウェアウルフ,孤独的狼人,孤独なウェアウルフ,C-2f87e57cff6039ec,433,1,CC-2f87e57cff6039ec,1,0.0,0,0.0004999166805542221,0.0,0,0.0,louvain,intersection_count,100.0,0.0,1.0,20260801,1.0.0,not_used,community labels are structural network results; they are not official factions and do not replace original-setting faction metadata
JP18,music,music,孤独的狼人,孤独的狼人,孤独なウェアウルフ,C-f6da7ef9ca5ecb04,434,1,CC-f6da7ef9ca5ecb04,1,0.0,0,0.0004999166805542221,0.0,0,0.0,louvain,intersection_count,100.0,0.0,1.0,20260801,1.0.0,not_used,community labels are structural network results; they are not official factions and do not replace original-setting faction metadata
JP18,music,music,宇佐大人的白旗,宇佐大人的白旗,お宇佐さまの素い幡,C-627a95d9a113aa30,435,1,CC-627a95d9a113aa30,1,0.0,0,0.0004999166805542221,0.0,0,0.0,louvain,intersection_count,100.0,0.0,1.0,20260801,1.0.0,not_used,community labels are structural network results; they are not official factions and do not replace original-setting faction metadata
JP18,music,music,宇宙に浮かぶ幻想郷,漂浮于宇宙之中的幻想乡,宇宙に浮かぶ幻想郷,C-090af575b916bd63,436,1,CC-090af575b916bd63,1,0.0,0,0.0004999166805542221,0.0,0,0.0,louvain,intersection_count,100.0,0.0,1.0,20260801,1.0.0,not_used,community labels are structural network results; they are not official factions and do not replace original-setting faction metadata
JP18,music,music,宇宙を飛ぶ不思議な巫女,飞翔于宇宙的不可思议巫女,宇宙を飛ぶ不思議な巫女,C-d0f951726dc238ed,437,1,CC-d0f951726dc238ed,1,0.0,0,0.0004999166805542221,0.0,0,0.0,louvain,intersection_count,100.0,0.0,1.0,20260801,1.0.0,not_used,community labels are structural network results; they are not official factions and do not replace original-setting faction metadata
JP18,music,music,宇宙巫女帰還する,宇宙巫女归还,宇宙巫女帰還する,C-652cb5e4c30c653a,438,1,CC-652cb5e4c30c653a,1,0.0,0,0.0004999166805542221,0.0,0,0.0,louvain,intersection_count,100.0,0.0,1.0,20260801,1.0.0,not_used,community labels are structural network results; they are not official factions and do not replace original-setting faction metadata
JP18,music,music,宇宙巫女归还,宇宙巫女归还,宇宙巫女帰還する,C-715116786af9dd03,439,1,CC-715116786af9dd03,1,0.0,0,0.0004999166805542221,0.0,0,0.0,louvain,intersection_count,100.0,0.0,1.0,20260801,1.0.0,not_used,community labels are structural network results; they are not official factions and do not replace original-setting faction metadata
JP18,music,music,宇宙巫女现身,宇宙巫女现身,宇宙巫女現る,C-cf761124f3c0196e,440,1,CC-cf761124f3c0196e,1,0.0,0,0.0004999166805542221,0.0,0,0.0,louvain,intersection_count,100.0,0.0,1.0,20260801,1.0.0,not_used,community labels are structural network results; they are not official factions and do not replace original-setting faction metadata
JP18,music,music,宇宙巫女現る,宇宙巫女现身,宇宙巫女現る,C-a7890119dc7111fd,441,1,CC-a7890119dc7111fd,1,0.0,0,0.0004999166805542221,0.0,0,0.0,louvain,intersection_count,100.0,0.0,1.0,20260801,1.0.0,not_used,community labels are structural network results; they are not official factions and do not replace original-setting faction metadata
JP18,music,music,守旧老爹与前卫少女,守旧老爹与前卫少女,時代親父とハイカラ少女,C-9e8bff9c409a2511,442,1,CC-9e8bff9c409a2511,1,0.0,0,0.0004999166805542221,0.0,0,0.0,louvain,intersection_count,100.0,0.0,1.0,20260801,1.0.0,not_used,community labels are structural network results; they are not official factions and do not replace original-setting faction metadata
JP18,music,music,官板黄昏新聞,官板黄昏新闻,官板黄昏新聞,C-0981c72e9c15f205,443,1,CC-0981c72e9c15f205,1,0.0,0,0.0004999166805542221,0.0,0,0.0,louvain,intersection_count,100.0,0.0,1.0,20260801,1.0.0,not_used,community labels are structural network results; they are not official factions and do not replace original-setting faction metadata
JP18,music,music,官板黄昏新闻,官板黄昏新闻,官板黄昏新聞,C-198daff2db89d5aa,444,1,CC-198daff2db89d5aa,1,0.0,0,0.0004999166805542221,0.0,0,0.0,louvain,intersection_count,100.0,0.0,1.0,20260801,1.0.0,not_used,community labels are structural network results; they are not official factions and do not replace original-setting faction metadata
JP18,music,music,宵暗的魔术师,宵暗的魔术师,宵闇の魔術師,C-79bebd12694f9e78,445,1,CC-79bebd12694f9e78,1,0.0,0,0.0004999166805542221,0.0,0,0.0,louvain,intersection_count,100.0,0.0,1.0,20260801,1.0.0,not_used,community labels are structural network results; they are not official factions and do not replace original-setting faction metadata
JP18,music,music,宵闇の魔術師,宵暗的魔术师,宵闇の魔術師,C-713888e847a646ee,446,1,CC-713888e847a646ee,1,0.0,0,0.0004999166805542221,0.0,0,0.0,louvain,intersection_count,100.0,0.0,1.0,20260801,1.0.0,not_used,community labels are structural network results; they are not official factions and do not replace original-setting faction metadata
JP18,music,music,宿醉者的同床异梦,宿醉者的同床异梦,二日酔いの同床異夢,C-1ab68ac580047f1c,447,1,CC-1ab68ac580047f1c,1,0.0,0,0.0004999166805542221,0.0,0,0.0,louvain,intersection_count,100.0,0.0,1.0,20260801,1.0.0,not_used,community labels are structural network results; they are not official factions and do not replace original-setting faction metadata
JP18,music,music,寄世界于偶像,寄世界于偶像 ～ Idoratrize World,偶像に世界を委ねて　〜Idoratrize World,C-120e8707d18515f1,448,1,CC-120e8707d18515f1,1,0.0,0,0.0004999166805542221,0.0,0,0.0,louvain,intersection_count,100.0,0.0,1.0,20260801,1.0.0,not_used,community labels are structural network results; they are not official factions and do not replace original-setting faction metadata
JP18,music,music,对跖点之钟,对跖点之钟,対蹠地の鐘,C-cbdd8605c564c206,449,1,CC-cbdd8605c564c206,1,0.0,0,0.0004999166805542221,0.0,0,0.0,louvain,intersection_count,100.0,0.0,1.0,20260801,1.0.0,not_used,community labels are structural network results; they are not official factions and do not replace original-setting faction metadata
JP18,music,music,対蹠地の鐘,对跖点之钟,対蹠地の鐘,C-9a5ae698000a499d,450,1,CC-9a5ae698000a499d,1,0.0,0,0.0004999166805542221,0.0,0,0.0,louvain,intersection_count,100.0,0.0,1.0,20260801,1.0.0,not_used,community labels are structural network results; they are not official factions and do not replace original-setting faction metadata
JP18,music,music,封じられた妖怪lostplace,被封印的妖怪 ～ Lost Place,封じられた妖怪　～ Lost Place,C-9a2e0ebe216c0d58,451,1,CC-9a2e0ebe216c0d58,1,0.0,0,0.0004999166805542221,0.0,0,0.0,louvain,intersection_count,100.0,0.0,1.0,20260801,1.0.0,not_used,community labels are structural network results; they are not official factions and do not replace original-setting faction metadata
JP18,music,music,封印されし神々,被封印的众神,封印されし神々,C-1f6ffc046134e24d,452,1,CC-1f6ffc046134e24d,1,0.0,0,0.0004999166805542221,0.0,0,0.0,louvain,intersection_count,100.0,0.0,1.0,20260801,1.0.0,not_used,community labels are structural network results; they are not official factions and do not replace original-setting faction metadata
JP18,music,music,封闭的云中通路,封闭的云中通路,閉ざせし雲の通い路,C-32a888820da93ad4,453,1,CC-32a888820da93ad4,1,0.0,0,0.0004999166805542221,0.0,0,0.0,louvain,intersection_count,100.0,0.0,1.0,20260801,1.0.0,not_used,community labels are structural network results; they are not official factions and do not replace original-setting faction metadata
JP18,music,music,封魔終演,封魔终演,封魔終演,C-6466fec7c841ba9a,454,1,CC-6466fec7c841ba9a,1,0.0,0,0.0004999166805542221,0.0,0,0.0,louvain,intersection_count,100.0,0.0,1.0,20260801,1.0.0,not_used,community labels are structural network results; they are not official factions and do not replace original-setting faction metadata
JP18,music,music,封魔终演,封魔终演,封魔終演,C-df17530367b0c82e,455,1,CC-df17530367b0c82e,1,0.0,0,0.0004999166805542221,0.0,0,0.0,louvain,intersection_count,100.0,0.0,1.0,20260801,1.0.0,not_used,community labels are structural network results; they are not official factions and do not replace original-setting faction metadata
JP18,music,music,小さな小さな賢将,小小的贤将,小さな小さな賢将,C-f48ce4291c27a8a1,456,1,CC-f48ce4291c27a8a1,1,0.0,0,0.0004999166805542221,0.0,0,0.0,louvain,intersection_count,100.0,0.0,1.0,20260801,1.0.0,not_used,community labels are structural network results; they are not official factions and do not replace original-setting faction metadata
JP18,music,music,小さな欲望の星空,小小欲望的星空,小さな欲望の星空,C-1a5d0ef3fa34de97,457,1,CC-1a5d0ef3fa34de97,1,0.0,0,0.0004999166805542221,0.0,0,0.0,louvain,intersection_count,100.0,0.0,1.0,20260801,1.0.0,not_used,community labels are structural network results; they are not official factions and do not replace original-setting faction metadata
JP18,music,music,小小欲望的星空,小小欲望的星空,小さな欲望の星空,C-3e5bca0d7890e08d,458,1,CC-3e5bca0d7890e08d,1,0.0,0,0.0004999166805542221,0.0,0,0.0,louvain,intersection_count,100.0,0.0,1.0,20260801,1.0.0,not_used,community labels are structural network results; they are not official factions and do not replace original-setting faction metadata
JP18,music,music,小小的贤将,小小的贤将,小さな小さな賢将,C-2c73df074f3309d6,459,1,CC-2c73df074f3309d6,1,0.0,0,0.0004999166805542221,0.0,0,0.0,louvain,intersection_count,100.0,0.0,1.0,20260801,1.0.0,not_used,community labels are structural network results; they are not official factions and do not replace original-setting faction metadata
JP18,music,music,小槌の魔力,小槌的魔力,小槌の魔力,C-6f8822b94569fa4c,460,1,CC-6f8822b94569fa4c,1,0.0,0,0.0004999166805542221,0.0,0,0.0,louvain,intersection_count,100.0,0.0,1.0,20260801,1.0.0,not_used,community labels are structural network results; they are not official factions and do not replace original-setting faction metadata
JP18,music,music,小槌的魔力,小槌的魔力,小槌の魔力,C-a31cffbc2e0ee0df,461,1,CC-a31cffbc2e0ee0df,1,0.0,0,0.0004999166805542221,0.0,0,0.0,louvain,intersection_count,100.0,0.0,1.0,20260801,1.0.0,not_used,community labels are structural network results; they are not official factions and do not replace original-setting faction metadata
JP18,music,music,少女幻葬,少女幻葬 ～ Necro-Fantasy,少女幻葬　～ Necro-Fantasy,C-cfb8668bac63b480,462,1,CC-cfb8668bac63b480,1,0.0,0,0.0004999166805542221,0.0,0,0.0,louvain,intersection_count,100.0,0.0,1.0,20260801,1.0.0,not_used,community labels are structural network results; they are not official factions and do not replace original-setting faction metadata
JP18,music,music,少女战士heartofvalkyrie,少女战士 ～ Heart of Valkyrie,乙女戦士　～ Heart of Valkyrie,C-cff45b799396d750,463,1,CC-cff45b799396d750,1,0.0,0,0.0004999166805542221,0.0,0,0.0,louvain,intersection_count,100.0,0.0,1.0,20260801,1.0.0,not_used,community labels are structural network results; they are not official factions and do not replace original-setting faction metadata
JP18,music,music,少女曾见的日本原风景,少女曾见的日本原风景,少女が見た日本の原風景,C-03ddec0be4696ddd,464,1,CC-03ddec0be4696ddd,1,0.0,0,0.0004999166805542221,0.0,0,0.0,louvain,intersection_count,100.0,0.0,1.0,20260801,1.0.0,not_used,community labels are structural network results; they are not official factions and do not replace original-setting faction metadata
JP18,music,music,少女神性pandorasbox,少女神性 ～ Pandora's Box,少女神性　～ Pandora's Box,C-01ef9903cbc94e5d,465,1,CC-01ef9903cbc94e5d,1,0.0,0,0.0004999166805542221,0.0,0,0.0,louvain,intersection_count,100.0,0.0,1.0,20260801,1.0.0,not_used,community labels are structural network results; they are not official factions and do not replace original-setting faction metadata
JP18,music,music,少女秘封俱乐部,少女秘封俱乐部,少女秘封倶楽部,C-1c445b2f41217260,466,1,CC-1c445b2f41217260,1,0.0,0,0.0004999166805542221,0.0,0,0.0,louvain,intersection_count,100.0,0.0,1.0,20260801,1.0.0,not_used,community labels are structural network results; they are not official factions and do not replace original-setting faction metadata
JP18,music,music,少女绮想曲,少女绮想曲,少女綺想曲,C-54d9882af31058a3,467,1,CC-54d9882af31058a3,1,0.0,0,0.0004999166805542221,0.0,0,0.0,louvain,intersection_count,100.0,0.0,1.0,20260801,1.0.0,not_used,community labels are structural network results; they are not official factions and do not replace original-setting faction metadata
JP18,music,music,少女觉,少女觉 ～ 3rd eye,少女さとり　～ 3rd eye,C-f620a44403b2ae47,468,1,CC-f620a44403b2ae47,1,0.0,0,0.0004999166805542221,0.0,0,0.0,louvain,intersection_count,100.0,0.0,1.0,20260801,1.0.0,not_used,community labels are structural network results; they are not official factions and do not replace original-setting faction metadata
JP18,music,music,尘世不变的悲观主义,尘世不变的悲观主义,塵界不変のペシミズム,C-007c939ff8c11346,469,1,CC-007c939ff8c11346,1,0.0,0,0.0004999166805542221,0.0,0,0.0,louvain,intersection_count,100.0,0.0,1.0,20260801,1.0.0,not_used,community labels are structural network results; they are not official factions and do not replace original-setting faction metadata
JP18,music,music,尸体旅行,尸体旅行 ～ Be of good cheer!,死体旅行　～ Be of good cheer!,C-afad50c1d4cb8f0c,470,1,CC-afad50c1d4cb8f0c,1,0.0,0,0.0004999166805542221,0.0,0,0.0,louvain,intersection_count,100.0,0.0,1.0,20260801,1.0.0,not_used,community labels are structural network results; they are not official factions and do not replace original-setting faction metadata
JP18,music,music,山奥のエンカウンター,深山的遭遇,山奥のエンカウンター,C-6a496940bfdc19e3,471,1,CC-6a496940bfdc19e3,1,0.0,0,0.0004999166805542221,0.0,0,0.0,louvain,intersection_count,100.0,0.0,1.0,20260801,1.0.0,not_used,community labels are structural network results; they are not official factions and do not replace original-setting faction metadata
JP18,music,music,山脚的神社,山脚的神社,麓の神社,C-482ea5b17b42c5cb,472,1,CC-482ea5b17b42c5cb,1,0.0,0,0.0004999166805542221,0.0,0,0.0,louvain,intersection_count,100.0,0.0,1.0,20260801,1.0.0,not_used,community labels are structural network results; they are not official factions and do not replace original-setting faction metadata
JP18,music,music,嵐の後の日曜日,风暴过后的星期日,嵐の後の日曜日,C-9da99de658f75866,473,1,CC-9da99de658f75866,1,0.0,0,0.0004999166805542221,0.0,0,0.0,louvain,intersection_count,100.0,0.0,1.0,20260801,1.0.0,not_used,community labels are structural network results; they are not official factions and do not replace original-setting faction metadata
JP18,music,music,巨大な影と小さな結末,巨大的影子与渺小的结局,巨大な影と小さな結末,C-8d9a0e0b6801d6c7,474,1,CC-8d9a0e0b6801d6c7,1,0.0,0,0.0004999166805542221,0.0,0,0.0,louvain,intersection_count,100.0,0.0,1.0,20260801,1.0.0,not_used,community labels are structural network results; they are not official factions and do not replace original-setting faction metadata
JP18,music,music,巨大的影子与渺小的结局,巨大的影子与渺小的结局,巨大な影と小さな結末,C-127bb879087cba27,475,1,CC-127bb879087cba27,1,0.0,0,0.0004999166805542221,0.0,0,0.0,louvain,intersection_count,100.0,0.0,1.0,20260801,1.0.0,not_used,community labels are structural network results; they are not official factions and do not replace original-setting faction metadata
JP18,music,music,已经只能听见歌声了,已经只能听见歌声了,もう歌しか聞こえない,C-063b3be5cd49347c,476,1,CC-063b3be5cd49347c,1,0.0,0,0.0004999166805542221,0.0,0,0.0,louvain,intersection_count,100.0,0.0,1.0,20260801,1.0.0,not_used,community labels are structural network results; they are not official factions and do not replace original-setting faction metadata
JP18,music,music,布加勒斯特的人偶师,布加勒斯特的人偶师,ブクレシュティの人形師,C-b23c27f2e7029c6c,477,1,CC-b23c27f2e7029c6c,1,0.0,0,0.0004999166805542221,0.0,0,0.0,louvain,intersection_count,100.0,0.0,1.0,20260801,1.0.0,not_used,community labels are structural network results; they are not official factions and do not replace original-setting faction metadata
JP18,music,music,希望之星直升青霄,希望之星直升青霄,希望の星は青霄に昇る,C-9c0890c643c1c139,478,1,CC-9c0890c643c1c139,1,0.0,0,0.0004999166805542221,0.0,0,0.0,louvain,intersection_count,100.0,0.0,1.0,20260801,1.0.0,not_used,community labels are structural network results; they are not official factions and do not replace original-setting faction metadata
JP18,music,music,平安时代的外星人,平安时代的外星人,平安のエイリアン,C-6d559c602ccd4523,479,1,CC-6d559c602ccd4523,1,0.0,0,0.0004999166805542221,0.0,0,0.0,louvain,intersection_count,100.0,0.0,1.0,20260801,1.0.0,not_used,community labels are structural network results; they are not official factions and do not replace original-setting faction metadata
JP18,music,music,年中夢中の好奇心,时刻旺盛的好奇心,年中夢中の好奇心,C-589522480ed4fba5,480,1,CC-589522480ed4fba5,1,0.0,0,0.0004999166805542221,0.0,0,0.0,louvain,intersection_count,100.0,0.0,1.0,20260801,1.0.0,not_used,community labels are structural network results; they are not official factions and do not replace original-setting faction metadata
JP18,music,music,幻夢界,幻梦界,幻夢界,C-b68119b6731436ac,481,1,CC-b68119b6731436ac,1,0.0,0,0.0004999166805542221,0.0,0,0.0,louvain,intersection_count,100.0,0.0,1.0,20260801,1.0.0,not_used,community labels are structural network results; they are not official factions and do not replace original-setting faction metadata
JP18,music,music,幻想の住人,幻想的居民,幻想の住人,C-dc210604fdb2fe79,482,1,CC-dc210604fdb2fe79,1,0.0,0,0.0004999166805542221,0.0,0,0.0,louvain,intersection_count,100.0,0.0,1.0,20260801,1.0.0,not_used,community labels are structural network results; they are not official factions and do not replace original-setting faction metadata
JP18,music,music,幻想の永遠祭,幻想的永远祭,幻想の永遠祭,C-89fd8eefb5946784,483,1,CC-89fd8eefb5946784,1,0.0,0,0.0004999166805542221,0.0,0,0.0,louvain,intersection_count,100.0,0.0,1.0,20260801,1.0.0,not_used,community labels are structural network results; they are not official factions and do not replace original-setting faction metadata
JP18,music,music,幻想乡lotuslandstory,幻想乡 ～ Lotus Land Story,幻想郷　～ Lotus Land Story,C-c0ef797951734c31,484,1,CC-c0ef797951734c31,1,0.0,0,0.0004999166805542221,0.0,0,0.0,louvain,intersection_count,100.0,0.0,1.0,20260801,1.0.0,not_used,community labels are structural network results; they are not official factions and do not replace original-setting faction metadata
JP18,music,music,幻想乡不可思议发现,幻想乡不可思议发现,幻想郷ふしぎ発見,C-9b1d30ce1d92f1ba,485,1,CC-9b1d30ce1d92f1ba,1,0.0,0,0.0004999166805542221,0.0,0,0.0,louvain,intersection_count,100.0,0.0,1.0,20260801,1.0.0,not_used,community labels are structural network results; they are not official factions and do not replace original-setting faction metadata
JP18,music,music,幻想乡的二岩,幻想乡的二岩,幻想郷の二ッ岩,C-4a214833461fd171,486,1,CC-4a214833461fd171,1,0.0,0,0.0004999166805542221,0.0,0,0.0,louvain,intersection_count,100.0,0.0,1.0,20260801,1.0.0,not_used,community labels are structural network results; they are not official factions and do not replace original-setting faction metadata
JP18,music,music,幻想净琉璃,幻想净琉璃,幻想浄瑠璃,C-84971a3358400c20,487,1,CC-84971a3358400c20,1,0.0,0,0.0004999166805542221,0.0,0,0.0,louvain,intersection_count,100.0,0.0,1.0,20260801,1.0.0,not_used,community labels are structural network results; they are not official factions and do not replace original-setting faction metadata
JP18,music,music,幻想地下大轨道网,幻想地下大轨道网,幻想の地下大線路網,C-e896386b83ebb0cd,488,1,CC-e896386b83ebb0cd,1,0.0,0,0.0004999166805542221,0.0,0,0.0,louvain,intersection_count,100.0,0.0,1.0,20260801,1.0.0,not_used,community labels are structural network results; they are not official factions and do not replace original-setting faction metadata
JP18,music,music,幻想帝都,幻想帝都,幻想帝都,C-3290af699aaf409d,489,1,CC-3290af699aaf409d,1,0.0,0,0.0004999166805542221,0.0,0,0.0,louvain,intersection_count,100.0,0.0,1.0,20260801,1.0.0,not_used,community labels are structural network results; they are not official factions and do not replace original-setting faction metadata
JP18,music,music,幻想的whitetraveler,幻想的White Traveler,幻想のホワイトトラベラー,C-c95f9b44dbc90509,490,1,CC-c95f9b44dbc90509,1,0.0,0,0.0004999166805542221,0.0,0,0.0,louvain,intersection_count,100.0,0.0,1.0,20260801,1.0.0,not_used,community labels are structural network results; they are not official factions and do not replace original-setting faction metadata
JP18,music,music,幻想的居民,幻想的居民,幻想の住人,C-304ce38cdb2e9bf3,491,1,CC-304ce38cdb2e9bf3,1,0.0,0,0.0004999166805542221,0.0,0,0.0,louvain,intersection_count,100.0,0.0,1.0,20260801,1.0.0,not_used,community labels are structural network results; they are not official factions and do not replace original-setting faction metadata
JP18,music,music,幻想的永远祭,幻想的永远祭,幻想の永遠祭,C-864d96d04848a738,492,1,CC-864d96d04848a738,1,0.0,0,0.0004999166805542221,0.0,0,0.0,louvain,intersection_count,100.0,0.0,1.0,20260801,1.0.0,not_used,community labels are structural network results; they are not official factions and do not replace original-setting faction metadata
JP18,music,music,幻想科学幻想机械,幻想科学（幻想机械）,幻想科学（幻想機械）,C-0d5523dacea73130,493,1,CC-0d5523dacea73130,1,0.0,0,0.0004999166805542221,0.0,0,0.0,louvain,intersection_count,100.0,0.0,1.0,20260801,1.0.0,not_used,community labels are structural network results; they are not official factions and do not replace original-setting faction metadata
JP18,music,music,幻想科学幻想機械,幻想科学（幻想机械）,幻想科学（幻想機械）,C-d60c8b470eb31237,494,1,CC-d60c8b470eb31237,1,0.0,0,0.0004999166805542221,0.0,0,0.0,louvain,intersection_count,100.0,0.0,1.0,20260801,1.0.0,not_used,community labels are structural network results; they are not official factions and do not replace original-setting faction metadata
JP18,music,music,幻想郷lotuslandstory,幻想乡 ～ Lotus Land Story,幻想郷　～ Lotus Land Story,C-3d661dcc14746432,495,1,CC-3d661dcc14746432,1,0.0,0,0.0004999166805542221,0.0,0,0.0,louvain,intersection_count,100.0,0.0,1.0,20260801,1.0.0,not_used,community labels are structural network results; they are not official factions and do not replace original-setting faction metadata
JP18,music,music,幻想郷の二ッ岩,幻想乡的二岩,幻想郷の二ッ岩,C-0e01e397660ebea0,496,1,CC-0e01e397660ebea0,1,0.0,0,0.0004999166805542221,0.0,0,0.0,louvain,intersection_count,100.0,0.0,1.0,20260801,1.0.0,not_used,community labels are structural network results; they are not official factions and do not replace original-setting faction metadata
JP18,music,music,幻想郷ふしぎ発見,幻想乡不可思议发现,幻想郷ふしぎ発見,C-09444fef8ead7e19,497,1,CC-09444fef8ead7e19,1,0.0,0,0.0004999166805542221,0.0,0,0.0,louvain,intersection_count,100.0,0.0,1.0,20260801,1.0.0,not_used,community labels are structural network results; they are not official factions and do not replace original-setting faction metadata
JP18,music,music,幻梦界,幻梦界,幻夢界,C-17c82a5d9ef31ec3,498,1,CC-17c82a5d9ef31ec3,1,0.0,0,0.0004999166805542221,0.0,0,0.0,louvain,intersection_count,100.0,0.0,1.0,20260801,1.0.0,not_used,community labels are structural network results; they are not official factions and do not replace original-setting faction metadata
JP18,music,music,幻視の夜ghostlyeyes,幻视之夜 ～ Ghostly Eyes,幻視の夜　～ Ghostly Eyes,C-47d9123eb6c0f573,499,1,CC-47d9123eb6c0f573,1,0.0,0,0.0004999166805542221,0.0,0,0.0,louvain,intersection_count,100.0,0.0,1.0,20260801,1.0.0,not_used,community labels are structural network results; they are not official factions and do not replace original-setting faction metadata
JP18,music,music,幻视之夜ghostlyeyes,幻视之夜 ～ Ghostly Eyes,幻視の夜　～ Ghostly Eyes,C-287f294ee9f9177b,500,1,CC-287f294ee9f9177b,1,0.0,0,0.0004999166805542221,0.0,0,0.0,louvain,intersection_count,100.0,0.0,1.0,20260801,1.0.0,not_used,community labels are structural network results; they are not official factions and do not replace original-setting faction metadata
JP18,music,music,幼小的有顶天,幼小的有顶天,幼心地の有頂天,C-ac3998884b3a26be,501,1,CC-ac3998884b3a26be,1,0.0,0,0.0004999166805542221,0.0,0,0.0,louvain,intersection_count,100.0,0.0,1.0,20260801,1.0.0,not_used,community labels are structural network results; they are not official factions and do not replace original-setting faction metadata
JP18,music,music,幽境,幽境,幽境,C-c9ee0a89cb9d7c1c,502,1,CC-c9ee0a89cb9d7c1c,1,0.0,0,0.0004999166805542221,0.0,0,0.0,louvain,intersection_count,100.0,0.0,1.0,20260801,1.0.0,not_used,community labels are structural network results; they are not official factions and do not replace original-setting faction metadata
JP18,music,music,幽梦inanimatedream,幽梦 ～ Inanimate Dream,幽夢　～ Inanimate Dream,C-3f21b95d4c588c13,503,1,CC-3f21b95d4c588c13,1,0.0,0,0.0004999166805542221,0.0,0,0.0,louvain,intersection_count,100.0,0.0,1.0,20260801,1.0.0,not_used,community labels are structural network results; they are not official factions and do not replace original-setting faction metadata
JP18,music,music,幽灵乐团,幽灵乐团 ～ Phantom Ensemble,幽霊楽団　～ Phantom Ensemble,C-d8277a73b08fdece,504,1,CC-d8277a73b08fdece,1,0.0,0,0.0004999166805542221,0.0,0,0.0,louvain,intersection_count,100.0,0.0,1.0,20260801,1.0.0,not_used,community labels are structural network results; they are not official factions and do not replace original-setting faction metadata
JP18,music,music,幽灵客船的穿越时空之旅,幽灵客船的穿越时空之旅,幽霊客船の時空を越えた旅,C-2f6d8816c89f4a3f,505,1,CC-2f6d8816c89f4a3f,1,0.0,0,0.0004999166805542221,0.0,0,0.0,louvain,intersection_count,100.0,0.0,1.0,20260801,1.0.0,not_used,community labels are structural network results; they are not official factions and do not replace original-setting faction metadata
JP18,music,music,幽玄の槭樹eternaldream,Eternal Dream ～ 幽玄的枫树,幽玄の槭樹　～ Eternal Dream,C-a39bc9719a4e1560,506,1,CC-a39bc9719a4e1560,1,0.0,0,0.0004999166805542221,0.0,0,0.0,louvain,intersection_count,100.0,0.0,1.0,20260801,1.0.0,not_used,community labels are structural network results; they are not official factions and do not replace original-setting faction metadata
JP18,music,music,幽雅地绽放吧墨染的樱花,幽雅地绽放吧，墨染的樱花 ～ Border of Life,幽雅に咲かせ、墨染の桜　～ Border of Life,C-6ff31c72dfef76c6,507,1,CC-6ff31c72dfef76c6,1,0.0,0,0.0004999166805542221,0.0,0,0.0,louvain,intersection_count,100.0,0.0,1.0,20260801,1.0.0,not_used,community labels are structural network results; they are not official factions and do not replace original-setting faction metadata
JP18,music,music,广有射怪鸟事,广有射怪鸟事 ～ Till When?,広有射怪鳥事　～ Till When?,C-9e4c4e993413b862,508,1,CC-9e4c4e993413b862,1,0.0,0,0.0004999166805542221,0.0,0,0.0,louvain,intersection_count,100.0,0.0,1.0,20260801,1.0.0,not_used,community labels are structural network results; they are not official factions and do not replace original-setting faction metadata
JP18,music,music,广重36号neosuperexpress,广重36号 ～ Neo Super-Express,ヒロシゲ36号　～ Neo Super-Express,C-6f4f1bf12e4d17e2,509,1,CC-6f4f1bf12e4d17e2,1,0.0,0,0.0004999166805542221,0.0,0,0.0,louvain,intersection_count,100.0,0.0,1.0,20260801,1.0.0,not_used,community labels are structural network results; they are not official factions and do not replace original-setting faction metadata
JP18,music,music,废狱摇篮曲,废狱摇篮曲,廃獄ララバイ,C-104fff9f1d07ef17,510,1,CC-104fff9f1d07ef17,1,0.0,0,0.0004999166805542221,0.0,0,0.0,louvain,intersection_count,100.0,0.0,1.0,20260801,1.0.0,not_used,community labels are structural network results; they are not official factions and do not replace original-setting faction metadata
JP18,music,music,廃れゆく産業遺構,日渐荒废的工业遗址,廃れゆく産業遺構,C-b511efb212b4e879,511,1,CC-b511efb212b4e879,1,0.0,0,0.0004999166805542221,0.0,0,0.0,louvain,intersection_count,100.0,0.0,1.0,20260801,1.0.0,not_used,community labels are structural network results; they are not official factions and do not replace original-setting faction metadata
JP18,music,music,开演间近,开演间近,開演間近,C-966c4f75ccee16ed,512,1,CC-966c4f75ccee16ed,1,0.0,0,0.0004999166805542221,0.0,0,0.0,louvain,intersection_count,100.0,0.0,1.0,20260801,1.0.0,not_used,community labels are structural network results; they are not official factions and do not replace original-setting faction metadata
JP18,music,music,异心同体,异心同体,異心同体,C-3d3857fa964eb9a7,513,1,CC-3d3857fa964eb9a7,1,0.0,0,0.0004999166805542221,0.0,0,0.0,louvain,intersection_count,100.0,0.0,1.0,20260801,1.0.0,not_used,community labels are structural network results; they are not official factions and do not replace original-setting faction metadata
JP18,music,music,弾幕を持てバレットフィリア達よ,拿起弹幕吧，弹幕狂们,弾幕を持て、バレットフィリア達よ,C-44547408e6e16b37,514,1,CC-44547408e6e16b37,1,0.0,0,0.0004999166805542221,0.0,0,0.0,louvain,intersection_count,100.0,0.0,1.0,20260801,1.0.0,not_used,community labels are structural network results; they are not official factions and do not replace original-setting faction metadata
JP18,music,music,彼岸归航,彼岸归航 ～ Riverside View,彼岸帰航　～ Riverside View,C-01cd765bd7c4b8f2,515,1,CC-01cd765bd7c4b8f2,1,0.0,0,0.0004999166805542221,0.0,0,0.0,louvain,intersection_count,100.0,0.0,1.0,20260801,1.0.0,not_used,community labels are structural network results; they are not official factions and do not replace original-setting faction metadata
JP18,music,music,往来于运河的人与妖,往来于运河的人与妖,運河を行き交う人妖,C-111df474410f4a5d,516,1,CC-111df474410f4a5d,1,0.0,0,0.0004999166805542221,0.0,0,0.0,louvain,intersection_count,100.0,0.0,1.0,20260801,1.0.0,not_used,community labels are structural network results; they are not official factions and do not replace original-setting faction metadata
JP18,music,music,徜徉于樱色之海,徜徉于樱色之海,桜色の海を泳いで,C-46ef34d22baf5cdc,517,1,CC-46ef34d22baf5cdc,1,0.0,0,0.0004999166805542221,0.0,0,0.0,louvain,intersection_count,100.0,0.0,1.0,20260801,1.0.0,not_used,community labels are structural network results; they are not official factions and do not replace original-setting faction metadata
JP18,music,music,御伽之国的鬼岛,御伽之国的鬼岛 ～ Missing Power,御伽の国の鬼が島　～ Missing Power,C-565b43fdc4da0feb,518,1,CC-565b43fdc4da0feb,1,0.0,0,0.0004999166805542221,0.0,0,0.0,louvain,intersection_count,100.0,0.0,1.0,20260801,1.0.0,not_used,community labels are structural network results; they are not official factions and do not replace original-setting faction metadata
JP18,music,music,御柱の墓場graveofbeing,御柱的墓场 ～ Grave of Being,御柱の墓場　～ Grave of Being,C-b06ea7338b4f48b4,519,1,CC-b06ea7338b4f48b4,1,0.0,0,0.0004999166805542221,0.0,0,0.0,louvain,intersection_count,100.0,0.0,1.0,20260801,1.0.0,not_used,community labels are structural network results; they are not official factions and do not replace original-setting faction metadata
JP18,music,music,御柱的墓场graveofbeing,御柱的墓场 ～ Grave of Being,御柱の墓場　～ Grave of Being,C-f55fe2763d252a21,520,1,CC-f55fe2763d252a21,1,0.0,0,0.0004999166805542221,0.0,0,0.0,louvain,intersection_count,100.0,0.0,1.0,20260801,1.0.0,not_used,community labels are structural network results; they are not official factions and do not replace original-setting faction metadata
JP18,music,music,心揺さぶる都市伝説,震撼心灵的都市传说,心揺さぶる都市伝説,C-d982d2e9e0922f19,521,1,CC-d982d2e9e0922f19,1,0.0,0,0.0004999166805542221,0.0,0,0.0,louvain,intersection_count,100.0,0.0,1.0,20260801,1.0.0,not_used,community labels are structural network results; they are not official factions and do not replace original-setting faction metadata
JP18,music,music,心綺楼囃子,心绮楼囃子,心綺楼囃子,C-5d676a9d73662291,522,1,CC-5d676a9d73662291,1,0.0,0,0.0004999166805542221,0.0,0,0.0,louvain,intersection_count,100.0,0.0,1.0,20260801,1.0.0,not_used,community labels are structural network results; they are not official factions and do not replace original-setting faction metadata
JP18,music,music,心绮楼囃子,心绮楼囃子,心綺楼囃子,C-6d1e7680ae0e4e52,523,1,CC-6d1e7680ae0e4e52,1,0.0,0,0.0004999166805542221,0.0,0,0.0,louvain,intersection_count,100.0,0.0,1.0,20260801,1.0.0,not_used,community labels are structural network results; they are not official factions and do not replace original-setting faction metadata
JP18,music,music,忘れがたきよすがの緑,忘不了，那曾依藉的绿意,忘れがたき、よすがの緑,C-f88f39882f3fddbb,524,1,CC-f88f39882f3fddbb,1,0.0,0,0.0004999166805542221,0.0,0,0.0,louvain,intersection_count,100.0,0.0,1.0,20260801,1.0.0,not_used,community labels are structural network results; they are not official factions and do not replace original-setting faction metadata
JP18,music,music,忘不了那曾依藉的绿意,忘不了，那曾依藉的绿意,忘れがたき、よすがの緑,C-8e51185aa96ab18f,525,1,CC-8e51185aa96ab18f,1,0.0,0,0.0004999166805542221,0.0,0,0.0,louvain,intersection_count,100.0,0.0,1.0,20260801,1.0.0,not_used,community labels are structural network results; they are not official factions and do not replace original-setting faction metadata
JP18,music,music,怪綺談mysticsquare,怪绮谈 ～ Mystic Square,怪綺談　～ Mystic Square,C-dfe7726dea16bb9d,526,1,CC-dfe7726dea16bb9d,1,0.0,0,0.0004999166805542221,0.0,0,0.0,louvain,intersection_count,100.0,0.0,1.0,20260801,1.0.0,not_used,community labels are structural network results; they are not official factions and do not replace original-setting faction metadata
JP18,music,music,怪绮谈mysticsquare,怪绮谈 ～ Mystic Square,怪綺談　～ Mystic Square,C-707f8b1c36ed880f,527,1,CC-707f8b1c36ed880f,1,0.0,0,0.0004999166805542221,0.0,0,0.0,louvain,intersection_count,100.0,0.0,1.0,20260801,1.0.0,not_used,community labels are structural network results; they are not official factions and do not replace original-setting faction metadata
JP18,music,music,恋色masterspark,恋色Master spark（恋色Magic）,恋色マスタースパーク（恋色マジック）,C-2df3ee2f95471df2,528,1,CC-2df3ee2f95471df2,1,0.0,0,0.0004999166805542221,0.0,0,0.0,louvain,intersection_count,100.0,0.0,1.0,20260801,1.0.0,not_used,community labels are structural network results; they are not official factions and do not replace original-setting faction metadata
JP18,music,music,恒常不变的参庙祀,恒常不变的参庙祀,恒常不変の参廟祀,C-ccc349496c5ed2ea,529,1,CC-ccc349496c5ed2ea,1,0.0,0,0.0004999166805542221,0.0,0,0.0,louvain,intersection_count,100.0,0.0,1.0,20260801,1.0.0,not_used,community labels are structural network results; they are not official factions and do not replace original-setting faction metadata
JP18,music,music,恒常不変の参廟祀,恒常不变的参庙祀,恒常不変の参廟祀,C-5995014b63a3158d,530,1,CC-5995014b63a3158d,1,0.0,0,0.0004999166805542221,0.0,0,0.0,louvain,intersection_count,100.0,0.0,1.0,20260801,1.0.0,not_used,community labels are structural network results; they are not official factions and do not replace original-setting faction metadata
JP18,music,music,悠久の蒸気機関,悠久的蒸汽机关,悠久の蒸気機関,C-7f5950c6c54438f2,531,1,CC-7f5950c6c54438f2,1,0.0,0,0.0004999166805542221,0.0,0,0.0,louvain,intersection_count,100.0,0.0,1.0,20260801,1.0.0,not_used,community labels are structural network results; they are not official factions and do not replace original-setting faction metadata
JP18,music,music,悠久的蒸汽机关,悠久的蒸汽机关,悠久の蒸気機関,C-7fd5316845d8de1e,532,1,CC-7fd5316845d8de1e,1,0.0,0,0.0004999166805542221,0.0,0,0.0,louvain,intersection_count,100.0,0.0,1.0,20260801,1.0.0,not_used,community labels are structural network results; they are not official factions and do not replace original-setting faction metadata
JP18,music,music,悪夢日記,噩梦日记,悪夢日記,C-42ff525ad817c837,533,1,CC-42ff525ad817c837,1,0.0,0,0.0004999166805542221,0.0,0,0.0,louvain,intersection_count,100.0,0.0,1.0,20260801,1.0.0,not_used,community labels are structural network results; they are not official factions and do not replace original-setting faction metadata
JP18,music,music,悲しき人形dollofmisery,可悲的人偶 ～ Doll of Misery,悲しき人形　～ Doll of Misery,C-ce2d7cbaa35177f3,534,1,CC-ce2d7cbaa35177f3,1,0.0,0,0.0004999166805542221,0.0,0,0.0,louvain,intersection_count,100.0,0.0,1.0,20260801,1.0.0,not_used,community labels are structural network results; they are not official factions and do not replace original-setting faction metadata
JP18,music,music,意气洋洋,意气洋洋,意気揚々,C-2a2a4082f074dddd,535,1,CC-2a2a4082f074dddd,1,0.0,0,0.0004999166805542221,0.0,0,0.0,louvain,intersection_count,100.0,0.0,1.0,20260801,1.0.0,not_used,community labels are structural network results; they are not official factions and do not replace original-setting faction metadata
JP18,music,music,意気揚々,意气洋洋,意気揚々,C-4925b8f1c701c1b4,536,1,CC-4925b8f1c701c1b4,1,0.0,0,0.0004999166805542221,0.0,0,0.0,louvain,intersection_count,100.0,0.0,1.0,20260801,1.0.0,not_used,community labels are structural network results; they are not official factions and do not replace original-setting faction metadata
JP18,music,music,感情的摩天楼,感情的摩天楼 ～ Cosmic Mind,感情の摩天楼　～ Cosmic Mind,C-10ed8338b08a9204,537,1,CC-10ed8338b08a9204,1,0.0,0,0.0004999166805542221,0.0,0,0.0,louvain,intersection_count,100.0,0.0,1.0,20260801,1.0.0,not_used,community labels are structural network results; they are not official factions and do not replace original-setting faction metadata
JP18,music,music,憑依投合,凭投依合,憑依投合,C-a690685ac2ae45a3,538,1,CC-a690685ac2ae45a3,1,0.0,0,0.0004999166805542221,0.0,0,0.0,louvain,intersection_count,100.0,0.0,1.0,20260801,1.0.0,not_used,community labels are structural network results; they are not official factions and do not replace original-setting faction metadata
JP18,music,music,憑依華op曲,凭依华（标题曲）,憑依華（OP曲）,C-f3c7995d6d56a186,539,1,CC-f3c7995d6d56a186,1,0.0,0,0.0004999166805542221,0.0,0,0.0,louvain,intersection_count,100.0,0.0,1.0,20260801,1.0.0,not_used,community labels are structural network results; they are not official factions and do not replace original-setting faction metadata
JP18,music,music,成对的神兽,成对的神兽,一対の神獣,C-6ed77fe45945ae61,540,1,CC-6ed77fe45945ae61,1,0.0,0,0.0004999166805542221,0.0,0,0.0,louvain,intersection_count,100.0,0.0,1.0,20260801,1.0.0,not_used,community labels are structural network results; they are not official factions and do not replace original-setting faction metadata
JP18,music,music,我们的非想天则,我们的非想天则,ぼくらの非想天則,C-10022efa99c63104,541,1,CC-10022efa99c63104,1,0.0,0,0.0004999166805542221,0.0,0,0.0,louvain,intersection_count,100.0,0.0,1.0,20260801,1.0.0,not_used,community labels are structural network results; they are not official factions and do not replace original-setting faction metadata
JP18,music,music,战车娘所做的梦,战车娘所做的梦,戦車むすめのみるゆめ,C-7748e707694bb947,542,1,CC-7748e707694bb947,1,0.0,0,0.0004999166805542221,0.0,0,0.0,louvain,intersection_count,100.0,0.0,1.0,20260801,1.0.0,not_used,community labels are structural network results; they are not official factions and do not replace original-setting faction metadata
JP18,music,music,战迅,战迅,戦迅,C-80673bd1130601a7,543,1,CC-80673bd1130601a7,1,0.0,0,0.0004999166805542221,0.0,0,0.0,louvain,intersection_count,100.0,0.0,1.0,20260801,1.0.0,not_used,community labels are structural network results; they are not official factions and do not replace original-setting faction metadata
JP18,music,music,戦車むすめのみるゆめ,战车娘所做的梦,戦車むすめのみるゆめ,C-3e6eb283b6b835d2,544,1,CC-3e6eb283b6b835d2,1,0.0,0,0.0004999166805542221,0.0,0,0.0,louvain,intersection_count,100.0,0.0,1.0,20260801,1.0.0,not_used,community labels are structural network results; they are not official factions and do not replace original-setting faction metadata
JP18,music,music,戦迅,战迅,戦迅,C-c8515788634a85ca,545,1,CC-c8515788634a85ca,1,0.0,0,0.0004999166805542221,0.0,0,0.0,louvain,intersection_count,100.0,0.0,1.0,20260801,1.0.0,not_used,community labels are structural network results; they are not official factions and do not replace original-setting faction metadata
JP18,music,music,拿起弹幕吧弹幕狂们,拿起弹幕吧，弹幕狂们,弾幕を持て、バレットフィリア達よ,C-05a0b7183c74562d,546,1,CC-05a0b7183c74562d,1,0.0,0,0.0004999166805542221,0.0,0,0.0,louvain,intersection_count,100.0,0.0,1.0,20260801,1.0.0,not_used,community labels are structural network results; they are not official factions and do not replace original-setting faction metadata
JP18,music,music,收藏家的忧郁午后,收藏家的忧郁午后,コレクターの憂鬱な午後,C-f1d7f024a26ca473,547,1,CC-f1d7f024a26ca473,1,0.0,0,0.0004999166805542221,0.0,0,0.0,louvain,intersection_count,100.0,0.0,1.0,20260801,1.0.0,not_used,community labels are structural network results; they are not official factions and do not replace original-setting faction metadata
JP18,music,music,收集日本各地的不可思议,收集日本各地的不可思议,日本中の不思議を集めて,C-c7ed107777171a4f,548,1,CC-c7ed107777171a4f,1,0.0,0,0.0004999166805542221,0.0,0,0.0,louvain,intersection_count,100.0,0.0,1.0,20260801,1.0.0,not_used,community labels are structural network results; they are not official factions and do not replace original-setting faction metadata
JP18,music,music,放縦不羈,放纵不羁,放縦不羈,C-d13c39c3fb801d20,549,1,CC-d13c39c3fb801d20,1,0.0,0,0.0004999166805542221,0.0,0,0.0,louvain,intersection_count,100.0,0.0,1.0,20260801,1.0.0,not_used,community labels are structural network results; they are not official factions and do not replace original-setting faction metadata
JP18,music,music,放纵不羁,放纵不羁,放縦不羈,C-91ed60792ac9c945,550,1,CC-91ed60792ac9c945,1,0.0,0,0.0004999166805542221,0.0,0,0.0,louvain,intersection_count,100.0,0.0,1.0,20260801,1.0.0,not_used,community labels are structural network results; they are not official factions and do not replace original-setting faction metadata
JP18,music,music,故乡之星倒映之海,故乡之星倒映之海,故郷の星が映る海,C-dc1af960b31e6b13,551,1,CC-dc1af960b31e6b13,1,0.0,0,0.0004999166805542221,0.0,0,0.0,louvain,intersection_count,100.0,0.0,1.0,20260801,1.0.0,not_used,community labels are structural network results; they are not official factions and do not replace original-setting faction metadata
JP18,music,music,散发着香气的树叶花,散发着香气的树叶花,香る樹葉花,C-54bc98cd4c4465fa,552,1,CC-54bc98cd4c4465fa,1,0.0,0,0.0004999166805542221,0.0,0,0.0,louvain,intersection_count,100.0,0.0,1.0,20260801,1.0.0,not_used,community labels are structural network results; they are not official factions and do not replace original-setting faction metadata
JP18,music,music,斯普特尼克幻夜,斯普特尼克幻夜,スプートニク幻夜,C-4ba2224057bc8cc9,553,1,CC-4ba2224057bc8cc9,1,0.0,0,0.0004999166805542221,0.0,0,0.0,louvain,intersection_count,100.0,0.0,1.0,20260801,1.0.0,not_used,community labels are structural network results; they are not official factions and do not replace original-setting faction metadata
JP18,music,music,新幻想newfantasy,新幻想 ～ New Fantasy,新幻想　～ New Fantasy,C-4d99eab418d0946e,554,1,CC-4d99eab418d0946e,1,0.0,0,0.0004999166805542221,0.0,0,0.0,louvain,intersection_count,100.0,0.0,1.0,20260801,1.0.0,not_used,community labels are structural network results; they are not official factions and do not replace original-setting faction metadata
JP18,music,music,无人气的场所,无人气的场所,人気のない場所,C-357b742348a00a36,555,1,CC-357b742348a00a36,1,0.0,0,0.0004999166805542221,0.0,0,0.0,louvain,intersection_count,100.0,0.0,1.0,20260801,1.0.0,not_used,community labels are structural network results; they are not official factions and do not replace original-setting faction metadata
JP18,music,music,无何有之乡deepmountain,无何有之乡 ～ Deep Mountain,無何有の郷　～ Deep Mountain,C-bca7dfc7f14b8ca5,556,1,CC-bca7dfc7f14b8ca5,1,0.0,0,0.0004999166805542221,0.0,0,0.0,louvain,intersection_count,100.0,0.0,1.0,20260801,1.0.0,not_used,community labels are structural network results; they are not official factions and do not replace original-setting faction metadata
JP18,music,music,无色之风吹拂妖怪之山,无色之风吹拂妖怪之山,色無き風は妖怪の山に,C-8a57c31ad3be6c9c,557,1,CC-8a57c31ad3be6c9c,1,0.0,0,0.0004999166805542221,0.0,0,0.0,louvain,intersection_count,100.0,0.0,1.0,20260801,1.0.0,not_used,community labels are structural network results; they are not official factions and do not replace original-setting faction metadata
JP18,music,music,无间之钟infinitenightmare,无间之钟 ～ Infinite Nightmare,無間の鐘　～ Infinite Nightmare,C-42455d6a2d6946e2,558,1,CC-42455d6a2d6946e2,1,0.0,0,0.0004999166805542221,0.0,0,0.0,louvain,intersection_count,100.0,0.0,1.0,20260801,1.0.0,not_used,community labels are structural network results; they are not official factions and do not replace original-setting faction metadata
JP18,music,music,日常坐卧,日常坐卧,日常坐臥,C-d30ba76e1dbdd7e2,559,1,CC-d30ba76e1dbdd7e2,1,0.0,0,0.0004999166805542221,0.0,0,0.0,louvain,intersection_count,100.0,0.0,1.0,20260801,1.0.0,not_used,community labels are structural network results; they are not official factions and do not replace original-setting faction metadata
JP18,music,music,日常坐臥,日常坐卧,日常坐臥,C-2080ad14aae13e9d,560,1,CC-2080ad14aae13e9d,1,0.0,0,0.0004999166805542221,0.0,0,0.0,louvain,intersection_count,100.0,0.0,1.0,20260801,1.0.0,not_used,community labels are structural network results; they are not official factions and do not replace original-setting faction metadata
JP18,music,music,日本中の不思議を集めて,收集日本各地的不可思议,日本中の不思議を集めて,C-2594e9fbd00c811c,561,1,CC-2594e9fbd00c811c,1,0.0,0,0.0004999166805542221,0.0,0,0.0,louvain,intersection_count,100.0,0.0,1.0,20260801,1.0.0,not_used,community labels are structural network results; they are not official factions and do not replace original-setting faction metadata
JP18,music,music,日渐荒废的工业遗址,日渐荒废的工业遗址,廃れゆく産業遺構,C-1c0db52bbe06ecd1,562,1,CC-1c0db52bbe06ecd1,1,0.0,0,0.0004999166805542221,0.0,0,0.0,louvain,intersection_count,100.0,0.0,1.0,20260801,1.0.0,not_used,community labels are structural network results; they are not official factions and do not replace original-setting faction metadata
JP18,music,music,旧世界の冒険酒場,旧世界的冒险酒馆,旧世界の冒険酒場,C-a5f736d2cd5c69ef,563,1,CC-a5f736d2cd5c69ef,1,0.0,0,0.0004999166805542221,0.0,0,0.0,louvain,intersection_count,100.0,0.0,1.0,20260801,1.0.0,not_used,community labels are structural network results; they are not official factions and do not replace original-setting faction metadata
JP18,music,music,旧世界的冒险酒馆,旧世界的冒险酒馆,旧世界の冒険酒場,C-f504befcad76c442,564,1,CC-f504befcad76c442,1,0.0,0,0.0004999166805542221,0.0,0,0.0,louvain,intersection_count,100.0,0.0,1.0,20260801,1.0.0,not_used,community labels are structural network results; they are not official factions and do not replace original-setting faction metadata
JP18,music,music,时之风,时之风,時の風,C-f7e143f1f16d863c,565,1,CC-f7e143f1f16d863c,1,0.0,0,0.0004999166805542221,0.0,0,0.0,louvain,intersection_count,100.0,0.0,1.0,20260801,1.0.0,not_used,community labels are structural network results; they are not official factions and do not replace original-setting faction metadata
JP18,music,music,时代风潮的造访,时代风潮的造访,時代の風の訪れ,C-2e281c0e6b2b47d7,566,1,CC-2e281c0e6b2b47d7,1,0.0,0,0.0004999166805542221,0.0,0,0.0,louvain,intersection_count,100.0,0.0,1.0,20260801,1.0.0,not_used,community labels are structural network results; they are not official factions and do not replace original-setting faction metadata
JP18,music,music,时刻旺盛的好奇心,时刻旺盛的好奇心,年中夢中の好奇心,C-8192f7f32b729c57,567,1,CC-8192f7f32b729c57,1,0.0,0,0.0004999166805542221,0.0,0,0.0,louvain,intersection_count,100.0,0.0,1.0,20260801,1.0.0,not_used,community labels are structural network results; they are not official factions and do not replace original-setting faction metadata
JP18,music,music,明かされる深秘,被揭晓的深秘,明かされる深秘,C-75aad5470749fd01,568,1,CC-75aad5470749fd01,1,0.0,0,0.0004999166805542221,0.0,0,0.0,louvain,intersection_count,100.0,0.0,1.0,20260801,1.0.0,not_used,community labels are structural network results; they are not official factions and do not replace original-setting faction metadata
JP18,music,music,明日之盛昨日之俗,明日之盛，昨日之俗,明日ハレの日、ケの昨日,C-ffd41cf44bc34f99,569,1,CC-ffd41cf44bc34f99,1,0.0,0,0.0004999166805542221,0.0,0,0.0,louvain,intersection_count,100.0,0.0,1.0,20260801,1.0.0,not_used,community labels are structural network results; they are not official factions and do not replace original-setting faction metadata
JP18,music,music,明治十七年的上海爱丽丝,明治十七年的上海爱丽丝,明治十七年の上海アリス,C-babb4d2fd5b63225,570,1,CC-babb4d2fd5b63225,1,0.0,0,0.0004999166805542221,0.0,0,0.0,louvain,intersection_count,100.0,0.0,1.0,20260801,1.0.0,not_used,community labels are structural network results; they are not official factions and do not replace original-setting faction metadata
JP18,music,music,昏暗的风穴,昏暗的风穴,暗闇の風穴,C-f85a7e3bc9f4131d,571,1,CC-f85a7e3bc9f4131d,1,0.0,0,0.0004999166805542221,0.0,0,0.0,louvain,intersection_count,100.0,0.0,1.0,20260801,1.0.0,not_used,community labels are structural network results; they are not official factions and do not replace original-setting faction metadata
JP18,music,music,昔話わんだーらんど,传说中的仙境,昔話わんだーらんど,C-92fc2b0a0d33d4d3,572,1,CC-92fc2b0a0d33d4d3,1,0.0,0,0.0004999166805542221,0.0,0,0.0,louvain,intersection_count,100.0,0.0,1.0,20260801,1.0.0,not_used,community labels are structural network results; they are not official factions and do not replace original-setting faction metadata
JP18,music,music,星之器,星之器 ～ Casket of Star,星の器　～ Casket of Star,C-88987ca3bb3daff8,573,1,CC-88987ca3bb3daff8,1,0.0,0,0.0004999166805542221,0.0,0,0.0,louvain,intersection_count,100.0,0.0,1.0,20260801,1.0.0,not_used,community labels are structural network results; they are not official factions and do not replace original-setting faction metadata
JP18,music,music,星幽剑士星幽天使,星幽剑士（星幽天使）,星幽剣士（星幽天使）,C-d104a7f7185eef5b,574,1,CC-d104a7f7185eef5b,1,0.0,0,0.0004999166805542221,0.0,0,0.0,louvain,intersection_count,100.0,0.0,1.0,20260801,1.0.0,not_used,community labels are structural network results; they are not official factions and do not replace original-setting faction metadata
JP18,music,music,星幽剣士星幽天使,星幽剑士（星幽天使）,星幽剣士（星幽天使）,C-08e95483eb18535a,575,1,CC-08e95483eb18535a,1,0.0,0,0.0004999166805542221,0.0,0,0.0,louvain,intersection_count,100.0,0.0,1.0,20260801,1.0.0,not_used,community labels are structural network results; they are not official factions and do not replace original-setting faction metadata
JP18,music,music,星条旗的小丑,星条旗的小丑,星条旗のピエロ,C-13415e4166f25874,576,1,CC-13415e4166f25874,1,0.0,0,0.0004999166805542221,0.0,0,0.0,louvain,intersection_count,100.0,0.0,1.0,20260801,1.0.0,not_used,community labels are structural network results; they are not official factions and do not replace original-setting faction metadata
JP18,music,music,映花之塚,映花之塚,花の映る塚,C-1747e8f79aa3c77a,577,1,CC-1747e8f79aa3c77a,1,0.0,0,0.0004999166805542221,0.0,0,0.0,louvain,intersection_count,100.0,0.0,1.0,20260801,1.0.0,not_used,community labels are structural network results; they are not official factions and do not replace original-setting faction metadata
JP18,music,music,春の氷精,春之冰精,春の氷精,C-23531b53f51a6209,578,1,CC-23531b53f51a6209,1,0.0,0,0.0004999166805542221,0.0,0,0.0,louvain,intersection_count,100.0,0.0,1.0,20260801,1.0.0,not_used,community labels are structural network results; they are not official factions and do not replace original-setting faction metadata
JP18,music,music,春の氷精静,春之冰精 - 静 -,春の氷精　- 静 -,C-666f67432f131c52,579,1,CC-666f67432f131c52,1,0.0,0,0.0004999166805542221,0.0,0,0.0,louvain,intersection_count,100.0,0.0,1.0,20260801,1.0.0,not_used,community labels are structural network results; they are not official factions and do not replace original-setting faction metadata
JP18,music,music,春之冰精,春之冰精,春の氷精,C-ee8a0bec174517b9,580,1,CC-ee8a0bec174517b9,1,0.0,0,0.0004999166805542221,0.0,0,0.0,louvain,intersection_count,100.0,0.0,1.0,20260801,1.0.0,not_used,community labels are structural network results; they are not official factions and do not replace original-setting faction metadata
JP18,music,music,春之冰精静,春之冰精 - 静 -,春の氷精　- 静 -,C-0b5dc0e7e963da28,581,1,CC-0b5dc0e7e963da28,1,0.0,0,0.0004999166805542221,0.0,0,0.0,louvain,intersection_count,100.0,0.0,1.0,20260801,1.0.0,not_used,community labels are structural network results; they are not official factions and do not replace original-setting faction metadata
JP18,music,music,春之港湾,春之港湾,春の湊に,C-d97e88b13e2a0a87,582,1,CC-d97e88b13e2a0a87,1,0.0,0,0.0004999166805542221,0.0,0,0.0,louvain,intersection_count,100.0,0.0,1.0,20260801,1.0.0,not_used,community labels are structural network results; they are not official factions and do not replace original-setting faction metadata
JP18,music,music,春色小径,春色小径 ～ Colorful Path,春色小径　～ Colorful Path,C-dc10c4dff794a23f,583,1,CC-dc10c4dff794a23f,1,0.0,0,0.0004999166805542221,0.0,0,0.0,louvain,intersection_count,100.0,0.0,1.0,20260801,1.0.0,not_used,community labels are structural network results; they are not official factions and do not replace original-setting faction metadata
JP18,music,music,春風の夢,春风之梦,春風の夢,C-78dc942e00e631a6,584,1,CC-78dc942e00e631a6,1,0.0,0,0.0004999166805542221,0.0,0,0.0,louvain,intersection_count,100.0,0.0,1.0,20260801,1.0.0,not_used,community labels are structural network results; they are not official factions and do not replace original-setting faction metadata
JP18,music,music,春风之梦,春风之梦,春風の夢,C-8ac383cc9d83e7f3,585,1,CC-8ac383cc9d83e7f3,1,0.0,0,0.0004999166805542221,0.0,0,0.0,louvain,intersection_count,100.0,0.0,1.0,20260801,1.0.0,not_used,community labels are structural network results; they are not official factions and do not replace original-setting faction metadata
JP18,music,music,显现的传承形态,显现的传承形态,顕現した伝承の形,C-633c1791882b38ab,586,1,CC-633c1791882b38ab,1,0.0,0,0.0004999166805542221,0.0,0,0.0,louvain,intersection_count,100.0,0.0,1.0,20260801,1.0.0,not_used,community labels are structural network results; they are not official factions and do not replace original-setting faction metadata
JP18,music,music,時の風,时之风,時の風,C-bbb7c2f0d5fd79e5,587,1,CC-bbb7c2f0d5fd79e5,1,0.0,0,0.0004999166805542221,0.0,0,0.0,louvain,intersection_count,100.0,0.0,1.0,20260801,1.0.0,not_used,community labels are structural network results; they are not official factions and do not replace original-setting faction metadata
JP18,music,music,時代の風の訪れ,时代风潮的造访,時代の風の訪れ,C-afa608dcc7eebf6a,588,1,CC-afa608dcc7eebf6a,1,0.0,0,0.0004999166805542221,0.0,0,0.0,louvain,intersection_count,100.0,0.0,1.0,20260801,1.0.0,not_used,community labels are structural network results; they are not official factions and do not replace original-setting faction metadata
JP18,music,music,時代親父とハイカラ少女,守旧老爹与前卫少女,時代親父とハイカラ少女,C-4a4c56671fea5a90,589,1,CC-4a4c56671fea5a90,1,0.0,0,0.0004999166805542221,0.0,0,0.0,louvain,intersection_count,100.0,0.0,1.0,20260801,1.0.0,not_used,community labels are structural network results; they are not official factions and do not replace original-setting faction metadata
JP18,music,music,晓云,晓云,暁雲,C-2fa5ce4665bf28b6,590,1,CC-2fa5ce4665bf28b6,1,0.0,0,0.0004999166805542221,0.0,0,0.0,louvain,intersection_count,100.0,0.0,1.0,20260801,1.0.0,not_used,community labels are structural network results; they are not official factions and do not replace original-setting faction metadata
JP18,music,music,智略纵横,智略纵横,知略縦横,C-6eec246219f8e06e,591,1,CC-6eec246219f8e06e,1,0.0,0,0.0004999166805542221,0.0,0,0.0,louvain,intersection_count,100.0,0.0,1.0,20260801,1.0.0,not_used,community labels are structural network results; they are not official factions and do not replace original-setting faction metadata
JP18,music,music,暁雲,晓云,暁雲,C-691da554ec6b2965,592,1,CC-691da554ec6b2965,1,0.0,0,0.0004999166805542221,0.0,0,0.0,louvain,intersection_count,100.0,0.0,1.0,20260801,1.0.0,not_used,community labels are structural network results; they are not official factions and do not replace original-setting faction metadata
JP18,music,music,暗闇の風穴,昏暗的风穴,暗闇の風穴,C-8f08aff368e9a609,593,1,CC-8f08aff368e9a609,1,0.0,0,0.0004999166805542221,0.0,0,0.0,louvain,intersection_count,100.0,0.0,1.0,20260801,1.0.0,not_used,community labels are structural network results; they are not official factions and do not replace original-setting faction metadata
JP18,music,music,暮色苍然,暮色苍然,暮色蒼然,C-4b2f0b78ae689344,594,1,CC-4b2f0b78ae689344,1,0.0,0,0.0004999166805542221,0.0,0,0.0,louvain,intersection_count,100.0,0.0,1.0,20260801,1.0.0,not_used,community labels are structural network results; they are not official factions and do not replace original-setting faction metadata
JP18,music,music,暮色蒼然,暮色苍然,暮色蒼然,C-808be066ad14a608,595,1,CC-808be066ad14a608,1,0.0,0,0.0004999166805542221,0.0,0,0.0,louvain,intersection_count,100.0,0.0,1.0,20260801,1.0.0,not_used,community labels are structural network results; they are not official factions and do not replace original-setting faction metadata
JP18,music,music,最も澄みわたる空と海,最澄澈的空与海,最も澄みわたる空と海,C-60fde20188405ecc,596,1,CC-60fde20188405ecc,1,0.0,0,0.0004999166805542221,0.0,0,0.0,louvain,intersection_count,100.0,0.0,1.0,20260801,1.0.0,not_used,community labels are structural network results; they are not official factions and do not replace original-setting faction metadata
JP18,music,music,最澄澈的空与海,最澄澈的空与海,最も澄みわたる空と海,C-64deace72228f382,597,1,CC-64deace72228f382,1,0.0,0,0.0004999166805542221,0.0,0,0.0,louvain,intersection_count,100.0,0.0,1.0,20260801,1.0.0,not_used,community labels are structural network results; they are not official factions and do not replace original-setting faction metadata
JP18,music,music,月の妖鳥化猫の幻,月之妖鸟、化猫之幻,月の妖鳥、化猫の幻,C-9e2debb90416499d,598,1,CC-9e2debb90416499d,1,0.0,0,0.0004999166805542221,0.0,0,0.0,louvain,intersection_count,100.0,0.0,1.0,20260801,1.0.0,not_used,community labels are structural network results; they are not official factions and do not replace original-setting faction metadata
JP18,music,music,月之妖鸟化猫之幻,月之妖鸟、化猫之幻,月の妖鳥、化猫の幻,C-75b8c5fd02f5c251,599,1,CC-75b8c5fd02f5c251,1,0.0,0,0.0004999166805542221,0.0,0,0.0,louvain,intersection_count,100.0,0.0,1.0,20260801,1.0.0,not_used,community labels are structural network results; they are not official factions and do not replace original-setting faction metadata
JP18,music,music,月时计,月时计 ～ Luna Dial,月時計　～ ルナ・ダイアル,C-2443e552d59fcc9d,600,1,CC-2443e552d59fcc9d,1,0.0,0,0.0004999166805542221,0.0,0,0.0,louvain,intersection_count,100.0,0.0,1.0,20260801,1.0.0,not_used,community labels are structural network results; they are not official factions and do not replace original-setting faction metadata
JP18,music,music,月見草,月见草,月見草,C-7ecf7c0728ccaa89,601,1,CC-7ecf7c0728ccaa89,1,0.0,0,0.0004999166805542221,0.0,0,0.0,louvain,intersection_count,100.0,0.0,1.0,20260801,1.0.0,not_used,community labels are structural network results; they are not official factions and do not replace original-setting faction metadata
JP18,music,music,月见草,月见草,月見草,C-843e70ed7b985a44,602,1,CC-843e70ed7b985a44,1,0.0,0,0.0004999166805542221,0.0,0,0.0,louvain,intersection_count,100.0,0.0,1.0,20260801,1.0.0,not_used,community labels are structural network results; they are not official factions and do not replace original-setting faction metadata
JP18,music,music,月輪,月轮,月輪,C-05431e486a1cc245,603,1,CC-05431e486a1cc245,1,0.0,0,0.0004999166805542221,0.0,0,0.0,louvain,intersection_count,100.0,0.0,1.0,20260801,1.0.0,not_used,community labels are structural network results; they are not official factions and do not replace original-setting faction metadata
JP18,music,music,月轮,月轮,月輪,C-52c597b59dcbe385,604,1,CC-52c597b59dcbe385,1,0.0,0,0.0004999166805542221,0.0,0,0.0,louvain,intersection_count,100.0,0.0,1.0,20260801,1.0.0,not_used,community labels are structural network results; they are not official factions and do not replace original-setting faction metadata
JP18,music,music,月面ツアーへようこそ,欢迎来到月面旅行团,月面ツアーへようこそ,C-f5d9b9094fd2db9c,605,1,CC-f5d9b9094fd2db9c,1,0.0,0,0.0004999166805542221,0.0,0,0.0,louvain,intersection_count,100.0,0.0,1.0,20260801,1.0.0,not_used,community labels are structural network results; they are not official factions and do not replace original-setting faction metadata
JP18,music,music,有人气的场所,有人气的场所,人気のある場所,C-9f1850fbe9851285,606,1,CC-9f1850fbe9851285,1,0.0,0,0.0004999166805542221,0.0,0,0.0,louvain,intersection_count,100.0,0.0,1.0,20260801,1.0.0,not_used,community labels are structural network results; they are not official factions and do not replace original-setting faction metadata
JP18,music,music,有珠子的日常,有珠子的日常,ボールのある日常,C-c9aeed25c876828c,607,1,CC-c9aeed25c876828c,1,0.0,0,0.0004999166805542221,0.0,0,0.0,louvain,intersection_count,100.0,0.0,1.0,20260801,1.0.0,not_used,community labels are structural network results; they are not official factions and do not replace original-setting faction metadata
JP18,music,music,有顶天变,有顶天变 ～ Wonderful Heaven,有頂天変　～ Wonderful Heaven,C-cf152ab3e7259c85,608,1,CC-cf152ab3e7259c85,1,0.0,0,0.0004999166805542221,0.0,0,0.0,louvain,intersection_count,100.0,0.0,1.0,20260801,1.0.0,not_used,community labels are structural network results; they are not official factions and do not replace original-setting faction metadata
JP18,music,music,未知の花魅知の旅,未知之花 魅知之旅,未知の花 魅知の旅,C-4f995f2dd2224127,609,1,CC-4f995f2dd2224127,1,0.0,0,0.0004999166805542221,0.0,0,0.0,louvain,intersection_count,100.0,0.0,1.0,20260801,1.0.0,not_used,community labels are structural network results; they are not official factions and do not replace original-setting faction metadata
JP18,music,music,未知之花魅知之旅,未知之花 魅知之旅,未知の花 魅知の旅,C-3199f1cca3732513,610,1,CC-3199f1cca3732513,1,0.0,0,0.0004999166805542221,0.0,0,0.0,louvain,intersection_count,100.0,0.0,1.0,20260801,1.0.0,not_used,community labels are structural network results; they are not official factions and do not replace original-setting faction metadata
JP18,music,music,未知物x,未知物X,アンノウンX,C-8c6f8b71c28c8d42,611,1,CC-8c6f8b71c28c8d42,1,0.0,0,0.0004999166805542221,0.0,0,0.0,louvain,intersection_count,100.0,0.0,1.0,20260801,1.0.0,not_used,community labels are structural network results; they are not official factions and do not replace original-setting faction metadata
JP18,music,music,本日の一面記事,本日的头版头条,本日の一面記事,C-8000f5dc426be602,612,1,CC-8000f5dc426be602,1,0.0,0,0.0004999166805542221,0.0,0,0.0,louvain,intersection_count,100.0,0.0,1.0,20260801,1.0.0,not_used,community labels are structural network results; they are not official factions and do not replace original-setting faction metadata
JP18,music,music,本日的头版头条,本日的头版头条,本日の一面記事,C-30b02080a6fd83e5,613,1,CC-30b02080a6fd83e5,1,0.0,0,0.0004999166805542221,0.0,0,0.0,louvain,intersection_count,100.0,0.0,1.0,20260801,1.0.0,not_used,community labels are structural network results; they are not official factions and do not replace original-setting faction metadata
JP18,music,music,来吧直到倒地死去的那一刻,来吧，直到倒地死去的那一刻,いざ、倒れ逝くその時まで,C-8ed981d737de2ae4,614,1,CC-8ed981d737de2ae4,1,0.0,0,0.0004999166805542221,0.0,0,0.0,louvain,intersection_count,100.0,0.0,1.0,20260801,1.0.0,not_used,community labels are structural network results; they are not official factions and do not replace original-setting faction metadata
JP18,music,music,東方の青い空,东方的蓝色天空,東方の青い空,C-f2896eb5fb71c1c8,615,1,CC-f2896eb5fb71c1c8,1,0.0,0,0.0004999166805542221,0.0,0,0.0,louvain,intersection_count,100.0,0.0,1.0,20260801,1.0.0,not_used,community labels are structural network results; they are not official factions and do not replace original-setting faction metadata
JP18,music,music,東方剛欲異聞,东方刚欲异闻,東方剛欲異聞,C-fd956a3a32efce4c,616,1,CC-fd956a3a32efce4c,1,0.0,0,0.0004999166805542221,0.0,0,0.0,louvain,intersection_count,100.0,0.0,1.0,20260801,1.0.0,not_used,community labels are structural network results; they are not official factions and do not replace original-setting faction metadata
JP18,music,music,東方妖恋談,东方妖恋谈,東方妖恋談,C-6058275428729fbb,617,1,CC-6058275428729fbb,1,0.0,0,0.0004999166805542221,0.0,0,0.0,louvain,intersection_count,100.0,0.0,1.0,20260801,1.0.0,not_used,community labels are structural network results; they are not official factions and do not replace original-setting faction metadata
JP18,music,music,東方封魔録幽幻乱舞,东方封魔录 ～ 幽幻乱舞,東方封魔録　～ 幽幻乱舞,C-b8e0312a2d8cd8ad,618,1,CC-b8e0312a2d8cd8ad,1,0.0,0,0.0004999166805542221,0.0,0,0.0,louvain,intersection_count,100.0,0.0,1.0,20260801,1.0.0,not_used,community labels are structural network results; they are not official factions and do not replace original-setting faction metadata
JP18,music,music,東方封魔録浄土曼荼羅,东方封魔录 ～ 净土曼荼罗,東方封魔録　～ 浄土曼荼羅,C-11fecd39794ac9ac,619,1,CC-11fecd39794ac9ac,1,0.0,0,0.0004999166805542221,0.0,0,0.0,louvain,intersection_count,100.0,0.0,1.0,20260801,1.0.0,not_used,community labels are structural network results; they are not official factions and do not replace original-setting faction metadata
JP18,music,music,東方怪奇談,东方怪奇谈,東方怪奇談,C-8b1a413dc14dd9ed,620,1,CC-8b1a413dc14dd9ed,1,0.0,0,0.0004999166805542221,0.0,0,0.0,louvain,intersection_count,100.0,0.0,1.0,20260801,1.0.0,not_used,community labels are structural network results; they are not official factions and do not replace original-setting faction metadata
JP18,music,music,架起虹桥的幻想乡,架起虹桥的幻想乡,虹の架かる幻想郷,C-72763b8413c186ff,621,1,CC-72763b8413c186ff,1,0.0,0,0.0004999166805542221,0.0,0,0.0,louvain,intersection_count,100.0,0.0,1.0,20260801,1.0.0,not_used,community labels are structural network results; they are not official factions and do not replace original-setting faction metadata
JP18,music,music,柳の下のデュラハン,柳树下的杜拉罕,柳の下のデュラハン,C-e521ede182e816d7,622,1,CC-e521ede182e816d7,1,0.0,0,0.0004999166805542221,0.0,0,0.0,louvain,intersection_count,100.0,0.0,1.0,20260801,1.0.0,not_used,community labels are structural network results; they are not official factions and do not replace original-setting faction metadata
JP18,music,music,柳树下的杜拉罕,柳树下的杜拉罕,柳の下のデュラハン,C-338f66300aea4e57,623,1,CC-338f66300aea4e57,1,0.0,0,0.0004999166805542221,0.0,0,0.0,louvain,intersection_count,100.0,0.0,1.0,20260801,1.0.0,not_used,community labels are structural network results; they are not official factions and do not replace original-setting faction metadata
JP18,music,music,桑尼米尔克的红雾异变,桑尼米尔克的红雾异变,サニーミルクの紅霧異変,C-24ab478ba48cc437,624,1,CC-24ab478ba48cc437,1,0.0,0,0.0004999166805542221,0.0,0,0.0,louvain,intersection_count,100.0,0.0,1.0,20260801,1.0.0,not_used,community labels are structural network results; they are not official factions and do not replace original-setting faction metadata
JP18,music,music,桜舞い散る天空,樱花舞落的天空,桜舞い散る天空,C-738e248c7ea65df0,625,1,CC-738e248c7ea65df0,1,0.0,0,0.0004999166805542221,0.0,0,0.0,louvain,intersection_count,100.0,0.0,1.0,20260801,1.0.0,not_used,community labels are structural network results; they are not official factions and do not replace original-setting faction metadata
JP18,music,music,桜色の海を泳いで,徜徉于樱色之海,桜色の海を泳いで,C-0bbec40fc611a979,626,1,CC-0bbec40fc611a979,1,0.0,0,0.0004999166805542221,0.0,0,0.0,louvain,intersection_count,100.0,0.0,1.0,20260801,1.0.0,not_used,community labels are structural network results; they are not official factions and do not replace original-setting faction metadata
JP18,music,music,桜花之恋塚,樱花之恋塚,桜花之恋塚,C-18ff876ee2df7085,627,1,CC-18ff876ee2df7085,1,0.0,0,0.0004999166805542221,0.0,0,0.0,louvain,intersection_count,100.0,0.0,1.0,20260801,1.0.0,not_used,community labels are structural network results; they are not official factions and do not replace original-setting faction metadata
JP18,music,music,梦境与现实的境界,梦境与现实的境界,夢と現の境界,C-5f449115998636d5,628,1,CC-5f449115998636d5,1,0.0,0,0.0004999166805542221,0.0,0,0.0,louvain,intersection_count,100.0,0.0,1.0,20260801,1.0.0,not_used,community labels are structural network results; they are not official factions and do not replace original-setting faction metadata
JP18,music,music,梦幻回廊,梦幻回廊,夢幻回廊,C-842d27fd6b898ea6,629,1,CC-842d27fd6b898ea6,1,0.0,0,0.0004999166805542221,0.0,0,0.0,louvain,intersection_count,100.0,0.0,1.0,20260801,1.0.0,not_used,community labels are structural network results; they are not official factions and do not replace original-setting faction metadata
JP18,music,music,梦幻游戏dreamwar,梦幻游戏 ～ Dream War,夢幻遊戯　～ Dream War,C-6dfe0bb25354a0d6,630,1,CC-6dfe0bb25354a0d6,1,0.0,0,0.0004999166805542221,0.0,0,0.0,louvain,intersection_count,100.0,0.0,1.0,20260801,1.0.0,not_used,community labels are structural network results; they are not official factions and do not replace original-setting faction metadata
JP18,music,music,梦想时空,梦想时空,夢想時空,C-1ab82d9eada98b38,631,1,CC-1ab82d9eada98b38,1,0.0,0,0.0004999166805542221,0.0,0,0.0,louvain,intersection_count,100.0,0.0,1.0,20260801,1.0.0,not_used,community labels are structural network results; they are not official factions and do not replace original-setting faction metadata
JP18,music,music,梦想超越时空,梦想超越时空,夢は時空を越えて,C-0dcff06efab71b66,632,1,CC-0dcff06efab71b66,1,0.0,0,0.0004999166805542221,0.0,0,0.0,louvain,intersection_count,100.0,0.0,1.0,20260801,1.0.0,not_used,community labels are structural network results; they are not official factions and do not replace original-setting faction metadata
JP18,music,music,梦机械innocentpower,梦机械 ～ Innocent Power,夢機械　～ Innocent Power,C-1c09d3b2b3f8f45e,633,1,CC-1c09d3b2b3f8f45e,1,0.0,0,0.0004999166805542221,0.0,0,0.0,louvain,intersection_count,100.0,0.0,1.0,20260801,1.0.0,not_used,community labels are structural network results; they are not official factions and do not replace original-setting faction metadata
JP18,music,music,梦殿大祀庙,梦殿大祀庙,夢殿大祀廟,C-5dee3800d8cd405a,634,1,CC-5dee3800d8cd405a,1,0.0,0,0.0004999166805542221,0.0,0,0.0,louvain,intersection_count,100.0,0.0,1.0,20260801,1.0.0,not_used,community labels are structural network results; they are not official factions and do not replace original-setting faction metadata
JP18,music,music,梦消失lostdream,梦消失 ～ Lost Dream,夢消失　～ Lost Dream,C-2e43de1d1984e482,635,1,CC-2e43de1d1984e482,1,0.0,0,0.0004999166805542221,0.0,0,0.0,louvain,intersection_count,100.0,0.0,1.0,20260801,1.0.0,not_used,community labels are structural network results; they are not official factions and do not replace original-setting faction metadata
JP18,music,music,森閑,森闲,森閑,C-1378ed1f1e3f6ded,636,1,CC-1378ed1f1e3f6ded,1,0.0,0,0.0004999166805542221,0.0,0,0.0,louvain,intersection_count,100.0,0.0,1.0,20260801,1.0.0,not_used,community labels are structural network results; they are not official factions and do not replace original-setting faction metadata
JP18,music,music,森闲,森闲,森閑,C-b8c69ba929ad6684,637,1,CC-b8c69ba929ad6684,1,0.0,0,0.0004999166805542221,0.0,0,0.0,louvain,intersection_count,100.0,0.0,1.0,20260801,1.0.0,not_used,community labels are structural network results; they are not official factions and do not replace original-setting faction metadata
JP18,music,music,業火マントル,业火地幔,業火マントル,C-2a4d2758c6bac809,638,1,CC-2a4d2758c6bac809,1,0.0,0,0.0004999166805542221,0.0,0,0.0,louvain,intersection_count,100.0,0.0,1.0,20260801,1.0.0,not_used,community labels are structural network results; they are not official factions and do not replace original-setting faction metadata
JP18,music,music,樱花之恋塚,樱花之恋塚,桜花之恋塚,C-1abe9877bed7e4a0,639,1,CC-1abe9877bed7e4a0,1,0.0,0,0.0004999166805542221,0.0,0,0.0,louvain,intersection_count,100.0,0.0,1.0,20260801,1.0.0,not_used,community labels are structural network results; they are not official factions and do not replace original-setting faction metadata
JP18,music,music,樱花樱花japanizedream,樱花樱花 ～ Japanize Dream...,さくらさくら　～ Japanize Dream...,C-60a9177d4c072968,640,1,CC-60a9177d4c072968,1,0.0,0,0.0004999166805542221,0.0,0,0.0,louvain,intersection_count,100.0,0.0,1.0,20260801,1.0.0,not_used,community labels are structural network results; they are not official factions and do not replace original-setting faction metadata
JP18,music,music,樱花舞落的天空,樱花舞落的天空,桜舞い散る天空,C-65e2b74d232ec596,641,1,CC-65e2b74d232ec596,1,0.0,0,0.0004999166805542221,0.0,0,0.0,louvain,intersection_count,100.0,0.0,1.0,20260801,1.0.0,not_used,community labels are structural network results; they are not official factions and do not replace original-setting faction metadata
JP18,music,music,欢迎来到妖怪寺,欢迎来到妖怪寺,妖怪寺へようこそ,C-ef04f6cce2dd0bcc,642,1,CC-ef04f6cce2dd0bcc,1,0.0,0,0.0004999166805542221,0.0,0,0.0,louvain,intersection_count,100.0,0.0,1.0,20260801,1.0.0,not_used,community labels are structural network results; they are not official factions and do not replace original-setting faction metadata
JP18,music,music,欢迎来到月面旅行团,欢迎来到月面旅行团,月面ツアーへようこそ,C-e94d873c810e5f0c,643,1,CC-e94d873c810e5f0c,1,0.0,0,0.0004999166805542221,0.0,0,0.0,louvain,intersection_count,100.0,0.0,1.0,20260801,1.0.0,not_used,community labels are structural network results; they are not official factions and do not replace original-setting faction metadata
JP18,music,music,欲望深重的灵魂,欲望深重的灵魂,欲深き霊魂,C-7d549af9e6e95f2f,644,1,CC-7d549af9e6e95f2f,1,0.0,0,0.0004999166805542221,0.0,0,0.0,louvain,intersection_count,100.0,0.0,1.0,20260801,1.0.0,not_used,community labels are structural network results; they are not official factions and do not replace original-setting faction metadata
JP18,music,music,欲深き霊魂,欲望深重的灵魂,欲深き霊魂,C-1bb44513d1b1107e,645,1,CC-1bb44513d1b1107e,1,0.0,0,0.0004999166805542221,0.0,0,0.0,louvain,intersection_count,100.0,0.0,1.0,20260801,1.0.0,not_used,community labels are structural network results; they are not official factions and do not replace original-setting faction metadata
JP18,music,music,此岸の塚,此岸之塚,此岸の塚,C-205f66f71b2ae414,646,1,CC-205f66f71b2ae414,1,0.0,0,0.0004999166805542221,0.0,0,0.0,louvain,intersection_count,100.0,0.0,1.0,20260801,1.0.0,not_used,community labels are structural network results; they are not official factions and do not replace original-setting faction metadata
JP18,music,music,此岸之塚,此岸之塚,此岸の塚,C-11b1c804100c64a6,647,1,CC-11b1c804100c64a6,1,0.0,0,0.0004999166805542221,0.0,0,0.0,louvain,intersection_count,100.0,0.0,1.0,20260801,1.0.0,not_used,community labels are structural network results; they are not official factions and do not replace original-setting faction metadata
JP18,music,music,死を賭して,以死相赌,死を賭して,C-e1c3b6f9fca1ca25,648,1,CC-e1c3b6f9fca1ca25,1,0.0,0,0.0004999166805542221,0.0,0,0.0,louvain,intersection_count,100.0,0.0,1.0,20260801,1.0.0,not_used,community labels are structural network results; they are not official factions and do not replace original-setting faction metadata
JP18,music,music,死灵的夜樱,死灵的夜樱,死霊の夜桜,C-f3ccfe62c6c3ce04,649,1,CC-f3ccfe62c6c3ce04,1,0.0,0,0.0004999166805542221,0.0,0,0.0,louvain,intersection_count,100.0,0.0,1.0,20260801,1.0.0,not_used,community labels are structural network results; they are not official factions and do not replace original-setting faction metadata
JP18,music,music,比普朗克更短的须臾,比普朗克更短的须臾,須臾はプランクを超えて,C-e6a5acc1e5594234,650,1,CC-e6a5acc1e5594234,1,0.0,0,0.0004999166805542221,0.0,0,0.0,louvain,intersection_count,100.0,0.0,1.0,20260801,1.0.0,not_used,community labels are structural network results; they are not official factions and do not replace original-setting faction metadata
JP18,music,music,比红色更虚无的永远,比红色更虚无的永远,紅より儚い永遠,C-2ab4a7645b3f7d74,651,1,CC-2ab4a7645b3f7d74,1,0.0,0,0.0004999166805542221,0.0,0,0.0,louvain,intersection_count,100.0,0.0,1.0,20260801,1.0.0,not_used,community labels are structural network results; they are not official factions and do not replace original-setting faction metadata
JP18,music,music,比赤色更红的梦,比赤色更红的梦,赤より紅い夢,C-3bb8afacf5be89b8,652,1,CC-3bb8afacf5be89b8,1,0.0,0,0.0004999166805542221,0.0,0,0.0,louvain,intersection_count,100.0,0.0,1.0,20260801,1.0.0,not_used,community labels are structural network results; they are not official factions and do not replace original-setting faction metadata
JP18,music,music,水没した沈愁地獄,被水淹没的沉愁地狱,水没した沈愁地獄,C-fcf8ad9ff044ccc9,653,1,CC-fcf8ad9ff044ccc9,1,0.0,0,0.0004999166805542221,0.0,0,0.0,louvain,intersection_count,100.0,0.0,1.0,20260801,1.0.0,not_used,community labels are structural network results; they are not official factions and do not replace original-setting faction metadata
JP18,music,music,永夜的报应imperishablenight,永夜的报应 ～ Imperishable Night,永夜の報い　～ Imperishable Night,C-c24e3cfcf9670591,654,1,CC-c24e3cfcf9670591,1,0.0,0,0.0004999166805542221,0.0,0,0.0,louvain,intersection_count,100.0,0.0,1.0,20260801,1.0.0,not_used,community labels are structural network results; they are not official factions and do not replace original-setting faction metadata
JP18,music,music,永远之巫女,永远之巫女,永遠の巫女,C-b123cf4cbf0bc334,655,1,CC-b123cf4cbf0bc334,1,0.0,0,0.0004999166805542221,0.0,0,0.0,louvain,intersection_count,100.0,0.0,1.0,20260801,1.0.0,not_used,community labels are structural network results; they are not official factions and do not replace original-setting faction metadata
JP18,music,music,永远延续的回廊,永远延续的回廊,永遠に続く回廊,C-f6eefc729e565cf0,656,1,CC-f6eefc729e565cf0,1,0.0,0,0.0004999166805542221,0.0,0,0.0,louvain,intersection_count,100.0,0.0,1.0,20260801,1.0.0,not_used,community labels are structural network results; they are not official factions and do not replace original-setting faction metadata
JP18,music,music,永远的三日天下,永远的三日天下,永遠の三日天下,C-2f5947ba89384cf3,657,1,CC-2f5947ba89384cf3,1,0.0,0,0.0004999166805542221,0.0,0,0.0,louvain,intersection_count,100.0,0.0,1.0,20260801,1.0.0,not_used,community labels are structural network results; they are not official factions and do not replace original-setting faction metadata
JP18,music,music,永远的乐园,永远的乐园,久遠の楽園,C-006924bfb93a62c0,658,1,CC-006924bfb93a62c0,1,0.0,0,0.0004999166805542221,0.0,0,0.0,louvain,intersection_count,100.0,0.0,1.0,20260801,1.0.0,not_used,community labels are structural network results; they are not official factions and do not replace original-setting faction metadata
JP18,music,music,永远的春梦,永远的春梦,永遠の春夢,C-26167efbfc9542b6,659,1,CC-26167efbfc9542b6,1,0.0,0,0.0004999166805542221,0.0,0,0.0,louvain,intersection_count,100.0,0.0,1.0,20260801,1.0.0,not_used,community labels are structural network results; they are not official factions and do not replace original-setting faction metadata
JP18,music,music,永远的满月,永远的满月,永遠の満月,C-c57ea33b8d844551,660,1,CC-c57ea33b8d844551,1,0.0,0,0.0004999166805542221,0.0,0,0.0,louvain,intersection_count,100.0,0.0,1.0,20260801,1.0.0,not_used,community labels are structural network results; they are not official factions and do not replace original-setting faction metadata
JP18,music,music,永遠に続く回廊,永远延续的回廊,永遠に続く回廊,C-3fc6071bb39e4a41,661,1,CC-3fc6071bb39e4a41,1,0.0,0,0.0004999166805542221,0.0,0,0.0,louvain,intersection_count,100.0,0.0,1.0,20260801,1.0.0,not_used,community labels are structural network results; they are not official factions and do not replace original-setting faction metadata
JP18,music,music,永遠の三日天下,永远的三日天下,永遠の三日天下,C-eef3a45255cc379b,662,1,CC-eef3a45255cc379b,1,0.0,0,0.0004999166805542221,0.0,0,0.0,louvain,intersection_count,100.0,0.0,1.0,20260801,1.0.0,not_used,community labels are structural network results; they are not official factions and do not replace original-setting faction metadata
JP18,music,music,永遠の巫女,永远之巫女,永遠の巫女,C-1d517abfc5cd8738,663,1,CC-1d517abfc5cd8738,1,0.0,0,0.0004999166805542221,0.0,0,0.0,louvain,intersection_count,100.0,0.0,1.0,20260801,1.0.0,not_used,community labels are structural network results; they are not official factions and do not replace original-setting faction metadata
JP18,music,music,永遠の満月,永远的满月,永遠の満月,C-5a157c488df2ff75,664,1,CC-5a157c488df2ff75,1,0.0,0,0.0004999166805542221,0.0,0,0.0,louvain,intersection_count,100.0,0.0,1.0,20260801,1.0.0,not_used,community labels are structural network results; they are not official factions and do not replace original-setting faction metadata
JP18,music,music,沉向空中的辉针城,沉向空中的辉针城,空中に沈む輝針城,C-9c50bfd5fe4006c5,665,1,CC-9c50bfd5fe4006c5,1,0.0,0,0.0004999166805542221,0.0,0,0.0,louvain,intersection_count,100.0,0.0,1.0,20260801,1.0.0,not_used,community labels are structural network results; they are not official factions and do not replace original-setting faction metadata
JP18,music,music,沉睡的恐怖sleepingterror,沉睡的恐怖 ～ Sleeping Terror,眠れる恐怖　～ Sleeping Terror,C-0684ee2e7e3a325d,666,1,CC-0684ee2e7e3a325d,1,0.0,0,0.0004999166805542221,0.0,0,0.0,louvain,intersection_count,100.0,0.0,1.0,20260801,1.0.0,not_used,community labels are structural network results; they are not official factions and do not replace original-setting faction metadata
JP18,music,music,沉默的兽灵,沉默的兽灵,物言わぬ獣の霊,C-20980dff6d0e881a,667,1,CC-20980dff6d0e881a,1,0.0,0,0.0004999166805542221,0.0,0,0.0,louvain,intersection_count,100.0,0.0,1.0,20260801,1.0.0,not_used,community labels are structural network results; they are not official factions and do not replace original-setting faction metadata
JP18,music,music,没用上的场所,没用上的场所,使われなかった場所,C-f815b13446e57121,668,1,CC-f815b13446e57121,1,0.0,0,0.0004999166805542221,0.0,0,0.0,louvain,intersection_count,100.0,0.0,1.0,20260801,1.0.0,not_used,community labels are structural network results; they are not official factions and do not replace original-setting faction metadata
JP18,music,music,沢の河童の技術力,泽之河童的技术力,沢の河童の技術力,C-6f43b1062031d4c1,669,1,CC-6f43b1062031d4c1,1,0.0,0,0.0004999166805542221,0.0,0,0.0,louvain,intersection_count,100.0,0.0,1.0,20260801,1.0.0,not_used,community labels are structural network results; they are not official factions and do not replace original-setting faction metadata
JP18,music,music,法力の下の平等,法力之下的平等,法力の下の平等,C-a68242837dd3a9c1,670,1,CC-a68242837dd3a9c1,1,0.0,0,0.0004999166805542221,0.0,0,0.0,louvain,intersection_count,100.0,0.0,1.0,20260801,1.0.0,not_used,community labels are structural network results; they are not official factions and do not replace original-setting faction metadata
JP18,music,music,法力之下的平等,法力之下的平等,法力の下の平等,C-e035f1c45d56390d,671,1,CC-e035f1c45d56390d,1,0.0,0,0.0004999166805542221,0.0,0,0.0,louvain,intersection_count,100.0,0.0,1.0,20260801,1.0.0,not_used,community labels are structural network results; they are not official factions and do not replace original-setting faction metadata
JP18,music,music,法界の火,法界之火,法界の火,C-968fa89823a09835,672,1,CC-968fa89823a09835,1,0.0,0,0.0004999166805542221,0.0,0,0.0,louvain,intersection_count,100.0,0.0,1.0,20260801,1.0.0,not_used,community labels are structural network results; they are not official factions and do not replace original-setting faction metadata
JP18,music,music,法界之火,法界之火,法界の火,C-4e4e109301b1a2c3,673,1,CC-4e4e109301b1a2c3,1,0.0,0,0.0004999166805542221,0.0,0,0.0,louvain,intersection_count,100.0,0.0,1.0,20260801,1.0.0,not_used,community labels are structural network results; they are not official factions and do not replace original-setting faction metadata
JP18,music,music,泽之河童的技术力,泽之河童的技术力,沢の河童の技術力,C-6f9bbfee4ab09293,674,1,CC-6f9bbfee4ab09293,1,0.0,0,0.0004999166805542221,0.0,0,0.0,louvain,intersection_count,100.0,0.0,1.0,20260801,1.0.0,not_used,community labels are structural network results; they are not official factions and do not replace original-setting faction metadata
JP18,music,music,活泼的纯情小姑娘,活泼的纯情小姑娘,おてんば恋娘,C-4887ea1def59e430,675,1,CC-4887ea1def59e430,1,0.0,0,0.0004999166805542221,0.0,0,0.0,louvain,intersection_count,100.0,0.0,1.0,20260801,1.0.0,not_used,community labels are structural network results; they are not official factions and do not replace original-setting faction metadata
JP18,music,music,浪漫逃飞行,浪漫逃飞行,ロマンチック逃飛行,C-b1ce53fc0c47c8f9,676,1,CC-b1ce53fc0c47c8f9,1,0.0,0,0.0004999166805542221,0.0,0,0.0,louvain,intersection_count,100.0,0.0,1.0,20260801,1.0.0,not_used,community labels are structural network results; they are not official factions and do not replace original-setting faction metadata
JP18,music,music,深山的遭遇,深山的遭遇,山奥のエンカウンター,C-7f3c28c6a2cbb878,677,1,CC-7f3c28c6a2cbb878,1,0.0,0,0.0004999166805542221,0.0,0,0.0,louvain,intersection_count,100.0,0.0,1.0,20260801,1.0.0,not_used,community labels are structural network results; they are not official factions and do not replace original-setting faction metadata
JP18,music,music,深緑に隠された断崖,深绿掩映的断崖,深緑に隠された断崖,C-122fdd37e5d19028,678,1,CC-122fdd37e5d19028,1,0.0,0,0.0004999166805542221,0.0,0,0.0,louvain,intersection_count,100.0,0.0,1.0,20260801,1.0.0,not_used,community labels are structural network results; they are not official factions and do not replace original-setting faction metadata
JP18,music,music,深緑の狸森にて,在深绿的狸森里,深緑の狸森にて,C-e23bf4b4abe9c012,679,1,CC-e23bf4b4abe9c012,1,0.0,0,0.0004999166805542221,0.0,0,0.0,louvain,intersection_count,100.0,0.0,1.0,20260801,1.0.0,not_used,community labels are structural network results; they are not official factions and do not replace original-setting faction metadata
JP18,music,music,深绿掩映的断崖,深绿掩映的断崖,深緑に隠された断崖,C-d7298c61214e2744,680,1,CC-d7298c61214e2744,1,0.0,0,0.0004999166805542221,0.0,0,0.0,louvain,intersection_count,100.0,0.0,1.0,20260801,1.0.0,not_used,community labels are structural network results; they are not official factions and do not replace original-setting faction metadata
JP18,music,music,渡る者の途絶えた橋,阻绝人迹之桥,渡る者の途絶えた橋,C-3c2d2fd0617a7cb3,681,1,CC-3c2d2fd0617a7cb3,1,0.0,0,0.0004999166805542221,0.0,0,0.0,louvain,intersection_count,100.0,0.0,1.0,20260801,1.0.0,not_used,community labels are structural network results; they are not official factions and do not replace original-setting faction metadata
JP18,music,music,渴盼已久的逢魔之刻,渴盼已久的逢魔之刻,待ちわびた逢魔が時,C-1a4e59e3e3b7a374,682,1,CC-1a4e59e3e3b7a374,1,0.0,0,0.0004999166805542221,0.0,0,0.0,louvain,intersection_count,100.0,0.0,1.0,20260801,1.0.0,not_used,community labels are structural network results; they are not official factions and do not replace original-setting faction metadata
JP18,music,music,湖は浄めの月光を映して,湖上倒映着洁净的月光,湖は浄めの月光を映して,C-65ab4898bcb20e55,683,1,CC-65ab4898bcb20e55,1,0.0,0,0.0004999166805542221,0.0,0,0.0,louvain,intersection_count,100.0,0.0,1.0,20260801,1.0.0,not_used,community labels are structural network results; they are not official factions and do not replace original-setting faction metadata
JP18,music,music,湖上倒映着洁净的月光,湖上倒映着洁净的月光,湖は浄めの月光を映して,C-037c0a0973f80d16,684,1,CC-037c0a0973f80d16,1,0.0,0,0.0004999166805542221,0.0,0,0.0,louvain,intersection_count,100.0,0.0,1.0,20260801,1.0.0,not_used,community labels are structural network results; they are not official factions and do not replace original-setting faction metadata
JP18,music,music,満月の竹林,满月的竹林,満月の竹林,C-d06bc1b888e12ea9,685,1,CC-d06bc1b888e12ea9,1,0.0,0,0.0004999166805542221,0.0,0,0.0,louvain,intersection_count,100.0,0.0,1.0,20260801,1.0.0,not_used,community labels are structural network results; they are not official factions and do not replace original-setting faction metadata
JP18,music,music,满月的竹林,满月的竹林,満月の竹林,C-4469a7f91ab92e5e,686,1,CC-4469a7f91ab92e5e,1,0.0,0,0.0004999166805542221,0.0,0,0.0,louvain,intersection_count,100.0,0.0,1.0,20260801,1.0.0,not_used,community labels are structural network results; they are not official factions and do not replace original-setting faction metadata
JP18,music,music,漂浮于宇宙之中的幻想乡,漂浮于宇宙之中的幻想乡,宇宙に浮かぶ幻想郷,C-0b5372ac31ba2458,687,1,CC-0b5372ac31ba2458,1,0.0,0,0.0004999166805542221,0.0,0,0.0,louvain,intersection_count,100.0,0.0,1.0,20260801,1.0.0,not_used,community labels are structural network results; they are not official factions and do not replace original-setting faction metadata
JP18,music,music,演者選択,出演者选择,演者選択,C-989d05b8ee1b37b3,688,1,CC-989d05b8ee1b37b3,1,0.0,0,0.0004999166805542221,0.0,0,0.0,louvain,intersection_count,100.0,0.0,1.0,20260801,1.0.0,not_used,community labels are structural network results; they are not official factions and do not replace original-setting faction metadata
JP18,music,music,漫游旧地狱街道,漫游旧地狱街道,旧地獄街道を行く,C-4a39fd56e57c51fa,689,1,CC-4a39fd56e57c51fa,1,0.0,0,0.0004999166805542221,0.0,0,0.0,louvain,intersection_count,100.0,0.0,1.0,20260801,1.0.0,not_used,community labels are structural network results; they are not official factions and do not replace original-setting faction metadata
JP18,music,music,灭杀龙王的公主,灭杀龙王的公主,龍王殺しのプリンセス,C-7a3d7063115b11d0,690,1,CC-7a3d7063115b11d0,1,0.0,0,0.0004999166805542221,0.0,0,0.0,louvain,intersection_count,100.0,0.0,1.0,20260801,1.0.0,not_used,community labels are structural network results; they are not official factions and do not replace original-setting faction metadata
JP18,music,music,灰姑娘的笼子,灰姑娘的笼子 ～ Kagome-Kagome,シンデレラケージ　～ Kagome-Kagome,C-8c6175fb6bf785c2,691,1,CC-8c6175fb6bf785c2,1,0.0,0,0.0004999166805542221,0.0,0,0.0,louvain,intersection_count,100.0,0.0,1.0,20260801,1.0.0,not_used,community labels are structural network results; they are not official factions and do not replace original-setting faction metadata
JP18,music,music,灵人的休息日,灵人的休息日,霊人の休日,C-faed7a18a2b72e23,692,1,CC-faed7a18a2b72e23,1,0.0,0,0.0004999166805542221,0.0,0,0.0,louvain,intersection_count,100.0,0.0,1.0,20260801,1.0.0,not_used,community labels are structural network results; they are not official factions and do not replace original-setting faction metadata
JP18,music,music,灵天spiritualheaven,灵天 ～ Spiritual Heaven,霊天　～ Spiritual Heaven,C-bea29a60f47fcb10,693,1,CC-bea29a60f47fcb10,1,0.0,0,0.0004999166805542221,0.0,0,0.0,louvain,intersection_count,100.0,0.0,1.0,20260801,1.0.0,not_used,community labels are structural network results; they are not official factions and do not replace original-setting faction metadata
JP18,music,music,灵异任你选,灵异任你选,オカルトアラカルト,C-c6f329c40c3669d3,694,1,CC-c6f329c40c3669d3,1,0.0,0,0.0004999166805542221,0.0,0,0.0,louvain,intersection_count,100.0,0.0,1.0,20260801,1.0.0,not_used,community labels are structural network results; they are not official factions and do not replace original-setting faction metadata
JP18,music,music,灵战perditioncrisis,灵战 ～ Perdition crisis,霊戦　～ Perdition crisis,C-55431aa4f9d4a262,695,1,CC-55431aa4f9d4a262,1,0.0,0,0.0004999166805542221,0.0,0,0.0,louvain,intersection_count,100.0,0.0,1.0,20260801,1.0.0,not_used,community labels are structural network results; they are not official factions and do not replace original-setting faction metadata
JP18,music,music,灵知的太阳信仰,灵知的太阳信仰 ～ Nuclear Fusion,霊知の太陽信仰　～ Nuclear Fusion,C-588f3a38b967898d,696,1,CC-588f3a38b967898d,1,0.0,0,0.0004999166805542221,0.0,0,0.0,louvain,intersection_count,100.0,0.0,1.0,20260801,1.0.0,not_used,community labels are structural network results; they are not official factions and do not replace original-setting faction metadata
JP18,music,music,熙攘市场今何在,熙攘市场今何在 ～ Immemorial Marketeers,あの賑やかな市場は今どこに　〜 Immemorial Marketeers,C-919e96db395b3185,697,1,CC-919e96db395b3185,1,0.0,0,0.0004999166805542221,0.0,0,0.0,louvain,intersection_count,100.0,0.0,1.0,20260801,1.0.0,not_used,community labels are structural network results; they are not official factions and do not replace original-setting faction metadata
JP18,music,music,燃起犯规的狼烟,燃起犯规的狼烟,反則の狼煙を上げろ,C-e6eb1063d6633fec,698,1,CC-e6eb1063d6633fec,1,0.0,0,0.0004999166805542221,0.0,0,0.0,louvain,intersection_count,100.0,0.0,1.0,20260801,1.0.0,not_used,community labels are structural network results; they are not official factions and do not replace original-setting faction metadata
JP18,music,music,燕石博物志所带来的黑暗,燕石博物志所带来的黑暗,燕石博物誌が連れてきた闇,C-1476adf945d35fdd,699,1,CC-1476adf945d35fdd,1,0.0,0,0.0004999166805542221,0.0,0,0.0,louvain,intersection_count,100.0,0.0,1.0,20260801,1.0.0,not_used,community labels are structural network results; they are not official factions and do not replace original-setting faction metadata
JP18,music,music,燕石博物誌が連れてきた闇,燕石博物志所带来的黑暗,燕石博物誌が連れてきた闇,C-532d4e3236cd0df2,700,1,CC-532d4e3236cd0df2,1,0.0,0,0.0004999166805542221,0.0,0,0.0,louvain,intersection_count,100.0,0.0,1.0,20260801,1.0.0,not_used,community labels are structural network results; they are not official factions and do not replace original-setting faction metadata
JP18,music,music,牛に引かれて善光寺参り,被牛引到善光寺,牛に引かれて善光寺参り,C-893ce33cd2f85383,701,1,CC-893ce33cd2f85383,1,0.0,0,0.0004999166805542221,0.0,0,0.0,louvain,intersection_count,100.0,0.0,1.0,20260801,1.0.0,not_used,community labels are structural network results; they are not official factions and do not replace original-setting faction metadata
JP18,music,music,物言わぬ獣の霊,沉默的兽灵,物言わぬ獣の霊,C-0a7339a7911df244,702,1,CC-0a7339a7911df244,1,0.0,0,0.0004999166805542221,0.0,0,0.0,louvain,intersection_count,100.0,0.0,1.0,20260801,1.0.0,not_used,community labels are structural network results; they are not official factions and do not replace original-setting faction metadata
JP18,music,music,特佩斯的年幼末裔,特佩斯的年幼末裔,ツェペシュの幼き末裔,C-67b2deefbe362ab1,703,1,CC-67b2deefbe362ab1,1,0.0,0,0.0004999166805542221,0.0,0,0.0,louvain,intersection_count,100.0,0.0,1.0,20260801,1.0.0,not_used,community labels are structural network results; they are not official factions and do not replace original-setting faction metadata
JP18,music,music,特洛伊群的密林,特洛伊群的密林,トロヤ群の密林,C-628e860519494278,704,1,CC-628e860519494278,1,0.0,0,0.0004999166805542221,0.0,0,0.0,louvain,intersection_count,100.0,0.0,1.0,20260801,1.0.0,not_used,community labels are structural network results; they are not official factions and do not replace original-setting faction metadata
JP18,music,music,狂气之瞳,狂气之瞳 ～ Invisible Full Moon,狂気の瞳　～ Invisible Full Moon,C-14350d297938a805,705,1,CC-14350d297938a805,1,0.0,0,0.0004999166805542221,0.0,0,0.0,louvain,intersection_count,100.0,0.0,1.0,20260801,1.0.0,not_used,community labels are structural network results; they are not official factions and do not replace original-setting faction metadata
JP18,music,music,献给已逝公主的七重奏,献给已逝公主的七重奏,亡き王女の為のセプテット,C-06f0f0f43ff51487,706,1,CC-06f0f0f43ff51487,1,0.0,0,0.0004999166805542221,0.0,0,0.0,louvain,intersection_count,100.0,0.0,1.0,20260801,1.0.0,not_used,community labels are structural network results; they are not official factions and do not replace original-setting faction metadata
JP18,music,music,现代妖怪殖民地,现代妖怪殖民地,妖怪モダンコロニー,C-f9c225cfe36914ca,707,1,CC-f9c225cfe36914ca,1,0.0,0,0.0004999166805542221,0.0,0,0.0,louvain,intersection_count,100.0,0.0,1.0,20260801,1.0.0,not_used,community labels are structural network results; they are not official factions and do not replace original-setting faction metadata
JP18,music,music,珍奇的上海古牌,珍奇的上海古牌,キュアリアス上海古牌,C-95155c97099fcdd3,708,1,CC-95155c97099fcdd3,1,0.0,0,0.0004999166805542221,0.0,0,0.0,louvain,intersection_count,100.0,0.0,1.0,20260801,1.0.0,not_used,community labels are structural network results; they are not official factions and do not replace original-setting faction metadata
JP18,music,music,珍客,稀客,珍客,C-943d6ff5e84e4e24,709,1,CC-943d6ff5e84e4e24,1,0.0,0,0.0004999166805542221,0.0,0,0.0,louvain,intersection_count,100.0,0.0,1.0,20260801,1.0.0,not_used,community labels are structural network results; they are not official factions and do not replace original-setting faction metadata
JP18,music,music,甲論乙駁,甲论乙驳,甲論乙駁,C-6b1d09da576259ca,710,1,CC-6b1d09da576259ca,1,0.0,0,0.0004999166805542221,0.0,0,0.0,louvain,intersection_count,100.0,0.0,1.0,20260801,1.0.0,not_used,community labels are structural network results; they are not official factions and do not replace original-setting faction metadata
JP18,music,music,甲论乙驳,甲论乙驳,甲論乙駁,C-51d6e1da8081c830,711,1,CC-51d6e1da8081c830,1,0.0,0,0.0004999166805542221,0.0,0,0.0,louvain,intersection_count,100.0,0.0,1.0,20260801,1.0.0,not_used,community labels are structural network results; they are not official factions and do not replace original-setting faction metadata
JP18,music,music,畜生们的休息,畜生们的休息,畜生達の休息,C-d091632e857bd801,712,1,CC-d091632e857bd801,1,0.0,0,0.0004999166805542221,0.0,0,0.0,louvain,intersection_count,100.0,0.0,1.0,20260801,1.0.0,not_used,community labels are structural network results; they are not official factions and do not replace original-setting faction metadata
JP18,music,music,畜生達の休息,畜生们的休息,畜生達の休息,C-320d82e37f9c98d3,713,1,CC-320d82e37f9c98d3,1,0.0,0,0.0004999166805542221,0.0,0,0.0,louvain,intersection_count,100.0,0.0,1.0,20260801,1.0.0,not_used,community labels are structural network results; they are not official factions and do not replace original-setting faction metadata
JP18,music,music,異心同体,异心同体,異心同体,C-778023754dda4fc0,714,1,CC-778023754dda4fc0,1,0.0,0,0.0004999166805542221,0.0,0,0.0,louvain,intersection_count,100.0,0.0,1.0,20260801,1.0.0,not_used,community labels are structural network results; they are not official factions and do not replace original-setting faction metadata
JP18,music,music,白い旅人,白色旅人,白い旅人,C-27fc65658468c420,715,1,CC-27fc65658468c420,1,0.0,0,0.0004999166805542221,0.0,0,0.0,louvain,intersection_count,100.0,0.0,1.0,20260801,1.0.0,not_used,community labels are structural network results; they are not official factions and do not replace original-setting faction metadata
JP18,music,music,白色旅人,白色旅人,白い旅人,C-9ab1b7da50725504,716,1,CC-9ab1b7da50725504,1,0.0,0,0.0004999166805542221,0.0,0,0.0,louvain,intersection_count,100.0,0.0,1.0,20260801,1.0.0,not_used,community labels are structural network results; they are not official factions and do not replace original-setting faction metadata
JP18,music,music,盛夏的妖精梦,盛夏的妖精梦,真夏の妖精の夢,C-22525dafbf732ce7,717,1,CC-22525dafbf732ce7,1,0.0,0,0.0004999166805542221,0.0,0,0.0,louvain,intersection_count,100.0,0.0,1.0,20260801,1.0.0,not_used,community labels are structural network results; they are not official factions and do not replace original-setting faction metadata
JP18,music,music,相信可能性,相信可能性,可能性を信じて,C-864f730f5f477dbc,718,1,CC-864f730f5f477dbc,1,0.0,0,0.0004999166805542221,0.0,0,0.0,louvain,intersection_count,100.0,0.0,1.0,20260801,1.0.0,not_used,community labels are structural network results; they are not official factions and do not replace original-setting faction metadata
JP18,music,music,真夏の妖精の夢,盛夏的妖精梦,真夏の妖精の夢,C-745ad11734d809ed,719,1,CC-745ad11734d809ed,1,0.0,0,0.0004999166805542221,0.0,0,0.0,louvain,intersection_count,100.0,0.0,1.0,20260801,1.0.0,not_used,community labels are structural network results; they are not official factions and do not replace original-setting faction metadata
JP18,music,music,真夜中のフェアリーダンス,午夜的妖精舞会,真夜中のフェアリーダンス,C-c4228fc9315787c8,720,1,CC-c4228fc9315787c8,1,0.0,0,0.0004999166805542221,0.0,0,0.0,louvain,intersection_count,100.0,0.0,1.0,20260801,1.0.0,not_used,community labels are structural network results; they are not official factions and do not replace original-setting faction metadata
JP18,music,music,真実を知る者,知晓真相之人,真実を知る者,C-0a78940996578b6e,721,1,CC-0a78940996578b6e,1,0.0,0,0.0004999166805542221,0.0,0,0.0,louvain,intersection_count,100.0,0.0,1.0,20260801,1.0.0,not_used,community labels are structural network results; they are not official factions and do not replace original-setting faction metadata
JP18,music,music,真紅の少女crimsondead,绯红的少女 ～ Crimson Dead!!,真紅の少女　～ Crimson Dead!!,C-9efdb331d1d651ce,722,1,CC-9efdb331d1d651ce,1,0.0,0,0.0004999166805542221,0.0,0,0.0,louvain,intersection_count,100.0,0.0,1.0,20260801,1.0.0,not_used,community labels are structural network results; they are not official factions and do not replace original-setting faction metadata
JP18,music,music,眠れる恐怖sleepingterror,沉睡的恐怖 ～ Sleeping Terror,眠れる恐怖　～ Sleeping Terror,C-82f863ab0adb53c0,723,1,CC-82f863ab0adb53c0,1,0.0,0,0.0004999166805542221,0.0,0,0.0,louvain,intersection_count,100.0,0.0,1.0,20260801,1.0.0,not_used,community labels are structural network results; they are not official factions and do not replace original-setting faction metadata
JP18,music,music,眷爱众生之神,眷爱众生之神 ～ Romantic Fall,人恋し神様　～ Romantic Fall,C-1bac6ba730c2ed5e,724,1,CC-1bac6ba730c2ed5e,1,0.0,0,0.0004999166805542221,0.0,0,0.0,louvain,intersection_count,100.0,0.0,1.0,20260801,1.0.0,not_used,community labels are structural network results; they are not official factions and do not replace original-setting faction metadata
JP18,music,music,知晓真相之人,知晓真相之人,真実を知る者,C-b8d6e55f674355c1,725,1,CC-b8d6e55f674355c1,1,0.0,0,0.0004999166805542221,0.0,0,0.0,louvain,intersection_count,100.0,0.0,1.0,20260801,1.0.0,not_used,community labels are structural network results; they are not official factions and do not replace original-setting faction metadata
JP18,music,music,知略縦横,智略纵横,知略縦横,C-7c89cd20d69e0e3f,726,1,CC-7c89cd20d69e0e3f,1,0.0,0,0.0004999166805542221,0.0,0,0.0,louvain,intersection_count,100.0,0.0,1.0,20260801,1.0.0,not_used,community labels are structural network results; they are not official factions and do not replace original-setting faction metadata
JP18,music,music,石の赤子と水中の牛,石之婴儿与水中牛,石の赤子と水中の牛,C-bccac041c840dbdf,727,1,CC-bccac041c840dbdf,1,0.0,0,0.0004999166805542221,0.0,0,0.0,louvain,intersection_count,100.0,0.0,1.0,20260801,1.0.0,not_used,community labels are structural network results; they are not official factions and do not replace original-setting faction metadata
JP18,music,music,石之婴儿与水中牛,石之婴儿与水中牛,石の赤子と水中の牛,C-556552d732459bd4,728,1,CC-556552d732459bd4,1,0.0,0,0.0004999166805542221,0.0,0,0.0,louvain,intersection_count,100.0,0.0,1.0,20260801,1.0.0,not_used,community labels are structural network results; they are not official factions and do not replace original-setting faction metadata
JP18,music,music,破邪の小太刀,破邪的小太刀,破邪の小太刀,C-73bf48cb1e0c7c9b,729,1,CC-73bf48cb1e0c7c9b,1,0.0,0,0.0004999166805542221,0.0,0,0.0,louvain,intersection_count,100.0,0.0,1.0,20260801,1.0.0,not_used,community labels are structural network results; they are not official factions and do not replace original-setting faction metadata
JP18,music,music,破邪的小太刀,破邪的小太刀,破邪の小太刀,C-e16ec7ed5e6d6bb0,730,1,CC-e16ec7ed5e6d6bb0,1,0.0,0,0.0004999166805542221,0.0,0,0.0,louvain,intersection_count,100.0,0.0,1.0,20260801,1.0.0,not_used,community labels are structural network results; they are not official factions and do not replace original-setting faction metadata
JP18,music,music,碎月,碎月,砕月,C-565c51878ff370fd,731,1,CC-565c51878ff370fd,1,0.0,0,0.0004999166805542221,0.0,0,0.0,louvain,intersection_count,100.0,0.0,1.0,20260801,1.0.0,not_used,community labels are structural network results; they are not official factions and do not replace original-setting faction metadata
JP18,music,music,神は恵みの雨を降らすsylphiddream,神明降下恩惠之雨 ～ Sylphid Dream,神は恵みの雨を降らす　～ Sylphid Dream,C-5d25ceeedc08464c,732,1,CC-5d25ceeedc08464c,1,0.0,0,0.0004999166805542221,0.0,0,0.0,louvain,intersection_count,100.0,0.0,1.0,20260801,1.0.0,not_used,community labels are structural network results; they are not official factions and do not replace original-setting faction metadata
JP18,music,music,神代矿石,神代矿石,神代鉱石,C-cace4684c94916ac,733,1,CC-cace4684c94916ac,1,0.0,0,0.0004999166805542221,0.0,0,0.0,louvain,intersection_count,100.0,0.0,1.0,20260801,1.0.0,not_used,community labels are structural network results; they are not official factions and do not replace original-setting faction metadata
JP18,music,music,神代鉱石,神代矿石,神代鉱石,C-6b76c3a92d62ed1b,734,1,CC-6b76c3a92d62ed1b,1,0.0,0,0.0004999166805542221,0.0,0,0.0,louvain,intersection_count,100.0,0.0,1.0,20260801,1.0.0,not_used,community labels are structural network results; they are not official factions and do not replace original-setting faction metadata
JP18,music,music,神圣庄严的古战场,神圣庄严的古战场 ～ Suwa Foughten Field,神さびた古戦場　～ Suwa Foughten Field,C-13a099f79042d689,735,1,CC-13a099f79042d689,1,0.0,0,0.0004999166805542221,0.0,0,0.0,louvain,intersection_count,100.0,0.0,1.0,20260801,1.0.0,not_used,community labels are structural network results; they are not official factions and do not replace original-setting faction metadata
JP18,music,music,神域のかくれんぼ暮らし,神域的捉迷藏生活,神域のかくれんぼ暮らし,C-f9708772a9ffd2ea,736,1,CC-f9708772a9ffd2ea,1,0.0,0,0.0004999166805542221,0.0,0,0.0,louvain,intersection_count,100.0,0.0,1.0,20260801,1.0.0,not_used,community labels are structural network results; they are not official factions and do not replace original-setting faction metadata
JP18,music,music,神域的捉迷藏生活,神域的捉迷藏生活,神域のかくれんぼ暮らし,C-1972f0ad27010a41,737,1,CC-1972f0ad27010a41,1,0.0,0,0.0004999166805542221,0.0,0,0.0,louvain,intersection_count,100.0,0.0,1.0,20260801,1.0.0,not_used,community labels are structural network results; they are not official factions and do not replace original-setting faction metadata
JP18,music,music,神明降下恩惠之雨sylphiddream,神明降下恩惠之雨 ～ Sylphid Dream,神は恵みの雨を降らす　～ Sylphid Dream,C-9eae37756543d20b,738,1,CC-9eae37756543d20b,1,0.0,0,0.0004999166805542221,0.0,0,0.0,louvain,intersection_count,100.0,0.0,1.0,20260801,1.0.0,not_used,community labels are structural network results; they are not official factions and do not replace original-setting faction metadata
JP18,music,music,神社,神社,神社,C-dd781965fd79afc7,739,1,CC-dd781965fd79afc7,1,0.0,0,0.0004999166805542221,0.0,0,0.0,louvain,intersection_count,100.0,0.0,1.0,20260801,1.0.0,not_used,community labels are structural network results; they are not official factions and do not replace original-setting faction metadata
JP18,music,music,神社から見える月,从神社所见之月,神社から見える月,C-c64d33b01eba29ce,740,1,CC-c64d33b01eba29ce,1,0.0,0,0.0004999166805542221,0.0,0,0.0,louvain,intersection_count,100.0,0.0,1.0,20260801,1.0.0,not_used,community labels are structural network results; they are not official factions and do not replace original-setting faction metadata
JP18,music,music,神社の新しい風,神社的新风,神社の新しい風,C-0f6430feba8aaa02,741,1,CC-0f6430feba8aaa02,1,0.0,0,0.0004999166805542221,0.0,0,0.0,louvain,intersection_count,100.0,0.0,1.0,20260801,1.0.0,not_used,community labels are structural network results; they are not official factions and do not replace original-setting faction metadata
JP18,music,music,神社的新风,神社的新风,神社の新しい風,C-680cbf80d14ef564,742,1,CC-680cbf80d14ef564,1,0.0,0,0.0004999166805542221,0.0,0,0.0,louvain,intersection_count,100.0,0.0,1.0,20260801,1.0.0,not_used,community labels are structural network results; they are not official factions and do not replace original-setting faction metadata
JP18,music,music,神秘的人偶,神秘的人偶,エニグマティクドール,C-e3dec0f2a5b21a66,743,1,CC-e3dec0f2a5b21a66,1,0.0,0,0.0004999166805542221,0.0,0,0.0,louvain,intersection_count,100.0,0.0,1.0,20260801,1.0.0,not_used,community labels are structural network results; they are not official factions and do not replace original-setting faction metadata
JP18,music,music,神篱如紫色火焰般燃烧,神篱，如紫色火焰般燃烧,ひもろぎ、むらさきにもえ,C-df691842a9546fd7,744,1,CC-df691842a9546fd7,1,0.0,0,0.0004999166805542221,0.0,0,0.0,louvain,intersection_count,100.0,0.0,1.0,20260801,1.0.0,not_used,community labels are structural network results; they are not official factions and do not replace original-setting faction metadata
JP18,music,music,神話幻想infinitebeing,神话幻想 ～ Infinite Being,神話幻想　～ Infinite Being,C-70c8a79628c0eb16,745,1,CC-70c8a79628c0eb16,1,0.0,0,0.0004999166805542221,0.0,0,0.0,louvain,intersection_count,100.0,0.0,1.0,20260801,1.0.0,not_used,community labels are structural network results; they are not official factions and do not replace original-setting faction metadata
JP18,music,music,神话幻想infinitebeing,神话幻想 ～ Infinite Being,神話幻想　～ Infinite Being,C-ba9e4e9662581119,746,1,CC-ba9e4e9662581119,1,0.0,0,0.0004999166805542221,0.0,0,0.0,louvain,intersection_count,100.0,0.0,1.0,20260801,1.0.0,not_used,community labels are structural network results; they are not official factions and do not replace original-setting faction metadata
JP18,music,music,祸机,祸机,禍機,C-5b848cf1928ef4d2,747,1,CC-5b848cf1928ef4d2,1,0.0,0,0.0004999166805542221,0.0,0,0.0,louvain,intersection_count,100.0,0.0,1.0,20260801,1.0.0,not_used,community labels are structural network results; they are not official factions and do not replace original-setting faction metadata
JP18,music,music,禁じざるをえない遊戯,不可不禁止的游戏,禁じざるをえない遊戯,C-324230a955537af7,748,1,CC-324230a955537af7,1,0.0,0,0.0004999166805542221,0.0,0,0.0,louvain,intersection_count,100.0,0.0,1.0,20260801,1.0.0,not_used,community labels are structural network results; they are not official factions and do not replace original-setting faction metadata
JP18,music,music,禁忌の膜壁,禁忌的膜壁,禁忌の膜壁,C-892a6a526b97c679,749,1,CC-892a6a526b97c679,1,0.0,0,0.0004999166805542221,0.0,0,0.0,louvain,intersection_count,100.0,0.0,1.0,20260801,1.0.0,not_used,community labels are structural network results; they are not official factions and do not replace original-setting faction metadata
JP18,music,music,禁忌的膜壁,禁忌的膜壁,禁忌の膜壁,C-b92fca96d45ba854,750,1,CC-b92fca96d45ba854,1,0.0,0,0.0004999166805542221,0.0,0,0.0,louvain,intersection_count,100.0,0.0,1.0,20260801,1.0.0,not_used,community labels are structural network results; they are not official factions and do not replace original-setting faction metadata
JP18,music,music,禁忌的魔法forbiddenmagic,禁忌的魔法 ～ Forbidden Magic,禁断の魔法　～ Forbidden Magic,C-34a541ecde3918bf,751,1,CC-34a541ecde3918bf,1,0.0,0,0.0004999166805542221,0.0,0,0.0,louvain,intersection_count,100.0,0.0,1.0,20260801,1.0.0,not_used,community labels are structural network results; they are not official factions and do not replace original-setting faction metadata
JP18,music,music,禁断の扉の向こうはこの世かあの世か,禁断之门对面，是此世还是彼世,禁断の扉の向こうは、この世かあの世か,C-470611b742ae19e9,752,1,CC-470611b742ae19e9,1,0.0,0,0.0004999166805542221,0.0,0,0.0,louvain,intersection_count,100.0,0.0,1.0,20260801,1.0.0,not_used,community labels are structural network results; they are not official factions and do not replace original-setting faction metadata
JP18,music,music,禁断の魔法forbiddenmagic,禁忌的魔法 ～ Forbidden Magic,禁断の魔法　～ Forbidden Magic,C-21d7c68ac8b858a5,753,1,CC-21d7c68ac8b858a5,1,0.0,0,0.0004999166805542221,0.0,0,0.0,louvain,intersection_count,100.0,0.0,1.0,20260801,1.0.0,not_used,community labels are structural network results; they are not official factions and do not replace original-setting faction metadata
JP18,music,music,禁断之门对面是此世还是彼世,禁断之门对面，是此世还是彼世,禁断の扉の向こうは、この世かあの世か,C-6b122d2a64bc7d36,754,1,CC-6b122d2a64bc7d36,1,0.0,0,0.0004999166805542221,0.0,0,0.0,louvain,intersection_count,100.0,0.0,1.0,20260801,1.0.0,not_used,community labels are structural network results; they are not official factions and do not replace original-setting faction metadata
JP18,music,music,禍機,祸机,禍機,C-1d0939f960aef543,755,1,CC-1d0939f960aef543,1,0.0,0,0.0004999166805542221,0.0,0,0.0,louvain,intersection_count,100.0,0.0,1.0,20260801,1.0.0,not_used,community labels are structural network results; they are not official factions and do not replace original-setting faction metadata
JP18,music,music,秋霜玉clockworks,秋霜玉 ～ Clockworks,秋霜玉　～ Clockworks,C-95affdb6d5d8331b,756,1,CC-95affdb6d5d8331b,1,0.0,0,0.0004999166805542221,0.0,0,0.0,louvain,intersection_count,100.0,0.0,1.0,20260801,1.0.0,not_used,community labels are structural network results; they are not official factions and do not replace original-setting faction metadata
JP18,music,music,科学世紀の少年少女,科学世纪的少年少女,科学世紀の少年少女,C-9426b4887d9b2004,757,1,CC-9426b4887d9b2004,1,0.0,0,0.0004999166805542221,0.0,0,0.0,louvain,intersection_count,100.0,0.0,1.0,20260801,1.0.0,not_used,community labels are structural network results; they are not official factions and do not replace original-setting faction metadata
JP18,music,music,科学世纪的少年少女,科学世纪的少年少女,科学世紀の少年少女,C-776509f097b23a24,758,1,CC-776509f097b23a24,1,0.0,0,0.0004999166805542221,0.0,0,0.0,louvain,intersection_count,100.0,0.0,1.0,20260801,1.0.0,not_used,community labels are structural network results; they are not official factions and do not replace original-setting faction metadata
JP18,music,music,秘境のマーメイド,秘境的人鱼,秘境のマーメイド,C-75ee52b0bacb2d61,759,1,CC-75ee52b0bacb2d61,1,0.0,0,0.0004999166805542221,0.0,0,0.0,louvain,intersection_count,100.0,0.0,1.0,20260801,1.0.0,not_used,community labels are structural network results; they are not official factions and do not replace original-setting faction metadata
JP18,music,music,秘境的人鱼,秘境的人鱼,秘境のマーメイド,C-4f6f4d7e1b3898a3,760,1,CC-4f6f4d7e1b3898a3,1,0.0,0,0.0004999166805542221,0.0,0,0.0,louvain,intersection_count,100.0,0.0,1.0,20260801,1.0.0,not_used,community labels are structural network results; they are not official factions and do not replace original-setting faction metadata
JP18,music,music,秘神摩多罗,秘神摩多罗 ～ Hidden Star in All Seasons.,秘神マターラ　～ Hidden Star in All Seasons.,C-2894024434092c9e,761,1,CC-2894024434092c9e,1,0.0,0,0.0004999166805542221,0.0,0,0.0,louvain,intersection_count,100.0,0.0,1.0,20260801,1.0.0,not_used,community labels are structural network results; they are not official factions and do not replace original-setting faction metadata
JP18,music,music,稀客,稀客,珍客,C-42ef748ed2694c90,762,1,CC-42ef748ed2694c90,1,0.0,0,0.0004999166805542221,0.0,0,0.0,louvain,intersection_count,100.0,0.0,1.0,20260801,1.0.0,not_used,community labels are structural network results; they are not official factions and do not replace original-setting faction metadata
JP18,music,music,稀翁玉fairydance,稀翁玉 ～ Fairy Dance,稀翁玉　～ Fairy Dance,C-5cd859bf809b236e,763,1,CC-5cd859bf809b236e,1,0.0,0,0.0004999166805542221,0.0,0,0.0,louvain,intersection_count,100.0,0.0,1.0,20260801,1.0.0,not_used,community labels are structural network results; they are not official factions and do not replace original-setting faction metadata
JP18,music,music,空に浮かぶ物体x,空中飘浮的物体Ｘ,空に浮かぶ物体X,C-8b64da68a466c294,764,1,CC-8b64da68a466c294,1,0.0,0,0.0004999166805542221,0.0,0,0.0,louvain,intersection_count,100.0,0.0,1.0,20260801,1.0.0,not_used,community labels are structural network results; they are not official factions and do not replace original-setting faction metadata
JP18,music,music,空の帰り道skydream,空中的归路 ～ Sky Dream,空の帰り道　～ Sky Dream,C-378d69925bc4b026,765,1,CC-378d69925bc4b026,1,0.0,0,0.0004999166805542221,0.0,0,0.0,louvain,intersection_count,100.0,0.0,1.0,20260801,1.0.0,not_used,community labels are structural network results; they are not official factions and do not replace original-setting faction metadata
JP18,music,music,空中に沈む輝針城,沉向空中的辉针城,空中に沈む輝針城,C-ef60d88a451dabe6,766,1,CC-ef60d88a451dabe6,1,0.0,0,0.0004999166805542221,0.0,0,0.0,louvain,intersection_count,100.0,0.0,1.0,20260801,1.0.0,not_used,community labels are structural network results; they are not official factions and do not replace original-setting faction metadata
JP18,music,music,空中的归路skydream,空中的归路 ～ Sky Dream,空の帰り道　～ Sky Dream,C-b9d747e7d89343c2,767,1,CC-b9d747e7d89343c2,1,0.0,0,0.0004999166805542221,0.0,0,0.0,louvain,intersection_count,100.0,0.0,1.0,20260801,1.0.0,not_used,community labels are structural network results; they are not official factions and do not replace original-setting faction metadata
JP18,music,music,空中飘浮的物体x,空中飘浮的物体Ｘ,空に浮かぶ物体X,C-5b1b7e8c75db8baf,768,1,CC-5b1b7e8c75db8baf,1,0.0,0,0.0004999166805542221,0.0,0,0.0,louvain,intersection_count,100.0,0.0,1.0,20260801,1.0.0,not_used,community labels are structural network results; they are not official factions and do not replace original-setting faction metadata
JP18,music,music,空中飞翔的巫女不可思议的每天,空中飞翔的巫女不可思议的每天,空飛ぶ巫女の不思議な毎日,C-36cdd73a62ecf574,769,1,CC-36cdd73a62ecf574,1,0.0,0,0.0004999166805542221,0.0,0,0.0,louvain,intersection_count,100.0,0.0,1.0,20260801,1.0.0,not_used,community labels are structural network results; they are not official factions and do not replace original-setting faction metadata
JP18,music,music,空飛ぶ巫女の不思議な毎日,空中飞翔的巫女不可思议的每天,空飛ぶ巫女の不思議な毎日,C-6b85a02709332671,770,1,CC-6b85a02709332671,1,0.0,0,0.0004999166805542221,0.0,0,0.0,louvain,intersection_count,100.0,0.0,1.0,20260801,1.0.0,not_used,community labels are structural network results; they are not official factions and do not replace original-setting faction metadata
JP18,music,music,竹取飞翔,竹取飞翔 ～ Lunatic Princess,竹取飛翔　～ Lunatic Princess,C-dda5ae297702f4e3,771,1,CC-dda5ae297702f4e3,1,0.0,0,0.0004999166805542221,0.0,0,0.0,louvain,intersection_count,100.0,0.0,1.0,20260801,1.0.0,not_used,community labels are structural network results; they are not official factions and do not replace original-setting faction metadata
JP18,music,music,竹林インフレイム,竹林大火,竹林インフレイム,C-646f9ab55ab5169f,772,1,CC-646f9ab55ab5169f,1,0.0,0,0.0004999166805542221,0.0,0,0.0,louvain,intersection_count,100.0,0.0,1.0,20260801,1.0.0,not_used,community labels are structural network results; they are not official factions and do not replace original-setting faction metadata
JP18,music,music,竹林大火,竹林大火,竹林インフレイム,C-95cd58daf4c85693,773,1,CC-95cd58daf4c85693,1,0.0,0,0.0004999166805542221,0.0,0,0.0,louvain,intersection_count,100.0,0.0,1.0,20260801,1.0.0,not_used,community labels are structural network results; they are not official factions and do not replace original-setting faction metadata
JP18,music,music,第100次黑市,第100次黑市,100回目のブラックマーケット,C-636fcc87f410275a,774,1,CC-636fcc87f410275a,1,0.0,0,0.0004999166805542221,0.0,0,0.0,louvain,intersection_count,100.0,0.0,1.0,20260801,1.0.0,not_used,community labels are structural network results; they are not official factions and do not replace original-setting faction metadata
JP18,music,music,第六十年的东方审判,第六十年的东方审判 ～ Fate of Sixty Years,六十年目の東方裁判　～ Fate of Sixty Years,C-5178789050ab6410,775,1,CC-5178789050ab6410,1,0.0,0,0.0004999166805542221,0.0,0,0.0,louvain,intersection_count,100.0,0.0,1.0,20260801,1.0.0,not_used,community labels are structural network results; they are not official factions and do not replace original-setting faction metadata
JP18,music,music,紅夜,红夜,紅夜,C-b08818692eba453f,776,1,CC-b08818692eba453f,1,0.0,0,0.0004999166805542221,0.0,0,0.0,louvain,intersection_count,100.0,0.0,1.0,20260801,1.0.0,not_used,community labels are structural network results; they are not official factions and do not replace original-setting faction metadata
JP18,music,music,紅響曲scarletphoneme,红响曲 ～ Scarlet Phoneme,紅響曲　～ Scarlet Phoneme,C-7c5e65dd73869e86,777,1,CC-7c5e65dd73869e86,1,0.0,0,0.0004999166805542221,0.0,0,0.0,louvain,intersection_count,100.0,0.0,1.0,20260801,1.0.0,not_used,community labels are structural network results; they are not official factions and do not replace original-setting faction metadata
JP18,music,music,素敵な墓場で暮しましょ,在美妙的墓地里住下吧,素敵な墓場で暮しましょ,C-a75a32bc7247b3dc,778,1,CC-a75a32bc7247b3dc,1,0.0,0,0.0004999166805542221,0.0,0,0.0,louvain,intersection_count,100.0,0.0,1.0,20260801,1.0.0,not_used,community labels are structural network results; they are not official factions and do not replace original-setting faction metadata
JP18,music,music,綿月のスペルカードlunaticblue,绵月的符卡 ～ Lunatic Blue,綿月のスペルカード　～ Lunatic Blue,C-1a9705d27393fa76,779,1,CC-1a9705d27393fa76,1,0.0,0,0.0004999166805542221,0.0,0,0.0,louvain,intersection_count,100.0,0.0,1.0,20260801,1.0.0,not_used,community labels are structural network results; they are not official factions and do not replace original-setting faction metadata
JP18,music,music,緋想天,绯想天,緋想天,C-eb0923529a40f4db,780,1,CC-eb0923529a40f4db,1,0.0,0,0.0004999166805542221,0.0,0,0.0,louvain,intersection_count,100.0,0.0,1.0,20260801,1.0.0,not_used,community labels are structural network results; they are not official factions and do not replace original-setting faction metadata
JP18,music,music,緑のサナトリウム,绿意盎然的疗养院,緑のサナトリウム,C-280a1b04ab717aee,781,1,CC-280a1b04ab717aee,1,0.0,0,0.0004999166805542221,0.0,0,0.0,louvain,intersection_count,100.0,0.0,1.0,20260801,1.0.0,not_used,community labels are structural network results; they are not official factions and do not replace original-setting faction metadata
JP18,music,music,红响曲scarletphoneme,红响曲 ～ Scarlet Phoneme,紅響曲　～ Scarlet Phoneme,C-b4925d1a909a3bdc,782,1,CC-b4925d1a909a3bdc,1,0.0,0,0.0004999166805542221,0.0,0,0.0,louvain,intersection_count,100.0,0.0,1.0,20260801,1.0.0,not_used,community labels are structural network results; they are not official factions and do not replace original-setting faction metadata
JP18,music,music,红夜,红夜,紅夜,C-8fa22c765d259c00,783,1,CC-8fa22c765d259c00,1,0.0,0,0.0004999166805542221,0.0,0,0.0,louvain,intersection_count,100.0,0.0,1.0,20260801,1.0.0,not_used,community labels are structural network results; they are not official factions and do not replace original-setting faction metadata
JP18,music,music,红楼easterndream,红楼 ～ Eastern Dream...,紅楼　～ Eastern Dream...,C-1062c552e1240200,784,1,CC-1062c552e1240200,1,0.0,0,0.0004999166805542221,0.0,0,0.0,louvain,intersection_count,100.0,0.0,1.0,20260801,1.0.0,not_used,community labels are structural network results; they are not official factions and do not replace original-setting faction metadata
JP18,music,music,绯想天,绯想天,緋想天,C-d02ddbb6cf48d2bc,785,1,CC-d02ddbb6cf48d2bc,1,0.0,0,0.0004999166805542221,0.0,0,0.0,louvain,intersection_count,100.0,0.0,1.0,20260801,1.0.0,not_used,community labels are structural network results; they are not official factions and do not replace original-setting faction metadata
JP18,music,music,绯红的少女crimsondead,绯红的少女 ～ Crimson Dead!!,真紅の少女　～ Crimson Dead!!,C-0f339a883986cc6f,786,1,CC-0f339a883986cc6f,1,0.0,0,0.0004999166805542221,0.0,0,0.0,louvain,intersection_count,100.0,0.0,1.0,20260801,1.0.0,not_used,community labels are structural network results; they are not official factions and do not replace original-setting faction metadata
JP18,music,music,绵月的符卡lunaticblue,绵月的符卡 ～ Lunatic Blue,綿月のスペルカード　～ Lunatic Blue,C-69e30882e7e05ee3,787,1,CC-69e30882e7e05ee3,1,0.0,0,0.0004999166805542221,0.0,0,0.0,louvain,intersection_count,100.0,0.0,1.0,20260801,1.0.0,not_used,community labels are structural network results; they are not official factions and do not replace original-setting faction metadata
JP18,music,music,绿意盎然的疗养院,绿意盎然的疗养院,緑のサナトリウム,C-aed4f1eb1a2315d8,788,1,CC-aed4f1eb1a2315d8,1,0.0,0,0.0004999166805542221,0.0,0,0.0,louvain,intersection_count,100.0,0.0,1.0,20260801,1.0.0,not_used,community labels are structural network results; they are not official factions and do not replace original-setting faction metadata
JP18,music,music,绿眼的嫉妒,绿眼的嫉妒,緑眼のジェラシー,C-ad417e462536eae8,789,1,CC-ad417e462536eae8,1,0.0,0,0.0004999166805542221,0.0,0,0.0,louvain,intersection_count,100.0,0.0,1.0,20260801,1.0.0,not_used,community labels are structural network results; they are not official factions and do not replace original-setting faction metadata
JP18,music,music,聖輦船空を往く,圣辇船飞向天空,聖輦船空を往く,C-9699c33968deea0e,790,1,CC-9699c33968deea0e,1,0.0,0,0.0004999166805542221,0.0,0,0.0,louvain,intersection_count,100.0,0.0,1.0,20260801,1.0.0,not_used,community labels are structural network results; they are not official factions and do not replace original-setting faction metadata
JP18,music,music,背叛的少女judaskiss,背叛的少女 ～ Judas Kiss,裏切りの少女　～ Judas Kiss,C-de9e779dc0a82d58,791,1,CC-de9e779dc0a82d58,1,0.0,0,0.0004999166805542221,0.0,0,0.0,louvain,intersection_count,100.0,0.0,1.0,20260801,1.0.0,not_used,community labels are structural network results; they are not official factions and do not replace original-setting faction metadata
JP18,music,music,胜利的示范,胜利的示范,勝利デモ,C-72e9dc844dcfff29,792,1,CC-72e9dc844dcfff29,1,0.0,0,0.0004999166805542221,0.0,0,0.0,louvain,intersection_count,100.0,0.0,1.0,20260801,1.0.0,not_used,community labels are structural network results; they are not official factions and do not replace original-setting faction metadata
JP18,music,music,能源黎明futuredream,能源黎明 ～ Future Dream...,エネルギー黎明 ～ Future Dream...,C-66cf51d614ba1ad9,793,1,CC-66cf51d614ba1ad9,1,0.0,0,0.0004999166805542221,0.0,0,0.0,louvain,intersection_count,100.0,0.0,1.0,20260801,1.0.0,not_used,community labels are structural network results; they are not official factions and do not replace original-setting faction metadata
JP18,music,music,色無き風は妖怪の山に,无色之风吹拂妖怪之山,色無き風は妖怪の山に,C-c78ed7dce6e0eec2,794,1,CC-c78ed7dce6e0eec2,1,0.0,0,0.0004999166805542221,0.0,0,0.0,louvain,intersection_count,100.0,0.0,1.0,20260801,1.0.0,not_used,community labels are structural network results; they are not official factions and do not replace original-setting faction metadata
JP18,music,music,芥川龙之介的河童,芥川龙之介的河童 ～ Candid Friend,芥川龍之介の河童　～ Candid Friend,C-231a1787360edd15,795,1,CC-231a1787360edd15,1,0.0,0,0.0004999166805542221,0.0,0,0.0,louvain,intersection_count,100.0,0.0,1.0,20260801,1.0.0,not_used,community labels are structural network results; they are not official factions and do not replace original-setting faction metadata
JP18,music,music,花の映る塚,映花之塚,花の映る塚,C-15f45b44d66975c6,796,1,CC-15f45b44d66975c6,1,0.0,0,0.0004999166805542221,0.0,0,0.0,louvain,intersection_count,100.0,0.0,1.0,20260801,1.0.0,not_used,community labels are structural network results; they are not official factions and do not replace original-setting faction metadata
JP18,music,music,花は幻想のままに,花如幻想一般,花は幻想のままに,C-656c07cd9297c430,797,1,CC-656c07cd9297c430,1,0.0,0,0.0004999166805542221,0.0,0,0.0,louvain,intersection_count,100.0,0.0,1.0,20260801,1.0.0,not_used,community labels are structural network results; they are not official factions and do not replace original-setting faction metadata
JP18,music,music,花如幻想一般,花如幻想一般,花は幻想のままに,C-649b9d28f200d9af,798,1,CC-649b9d28f200d9af,1,0.0,0,0.0004999166805542221,0.0,0,0.0,louvain,intersection_count,100.0,0.0,1.0,20260801,1.0.0,not_used,community labels are structural network results; they are not official factions and do not replace original-setting faction metadata
JP18,music,music,花映塚,花映塚,花映塚,C-5a77801cd4ea3f53,799,1,CC-5a77801cd4ea3f53,1,0.0,0,0.0004999166805542221,0.0,0,0.0,louvain,intersection_count,100.0,0.0,1.0,20260801,1.0.0,not_used,community labels are structural network results; they are not official factions and do not replace original-setting faction metadata
JP18,music,music,華のさかづき大江山,大江山的花之酒宴,華のさかづき大江山,C-d7aa87f1bb7dc8ff,800,1,CC-d7aa87f1bb7dc8ff,1,0.0,0,0.0004999166805542221,0.0,0,0.0,louvain,intersection_count,100.0,0.0,1.0,20260801,1.0.0,not_used,community labels are structural network results; they are not official factions and do not replace original-setting faction metadata
JP18,music,music,華の幻想紅夢の宙,华之幻想 红梦之宙,華の幻想　紅夢の宙,C-327de1dc946b33be,801,1,CC-327de1dc946b33be,1,0.0,0,0.0004999166805542221,0.0,0,0.0,louvain,intersection_count,100.0,0.0,1.0,20260801,1.0.0,not_used,community labels are structural network results; they are not official factions and do not replace original-setting faction metadata
JP18,music,music,華狭間のバトルフィールド,华狭间的战场,華狭間のバトルフィールド,C-c1640146464e792c,802,1,CC-c1640146464e792c,1,0.0,0,0.0004999166805542221,0.0,0,0.0,louvain,intersection_count,100.0,0.0,1.0,20260801,1.0.0,not_used,community labels are structural network results; they are not official factions and do not replace original-setting faction metadata
JP18,music,music,華胥の夢,华胥之梦,華胥の夢,C-adcccf97711a5d02,803,1,CC-adcccf97711a5d02,1,0.0,0,0.0004999166805542221,0.0,0,0.0,louvain,intersection_count,100.0,0.0,1.0,20260801,1.0.0,not_used,community labels are structural network results; they are not official factions and do not replace original-setting faction metadata
JP18,music,music,萃梦想,萃梦想,萃夢想,C-96ab900f41ac1efc,804,1,CC-96ab900f41ac1efc,1,0.0,0,0.0004999166805542221,0.0,0,0.0,louvain,intersection_count,100.0,0.0,1.0,20260801,1.0.0,not_used,community labels are structural network results; they are not official factions and do not replace original-setting faction metadata
JP18,music,music,落日に生える逆さ城,落日映照下的逆城,落日に生える逆さ城,C-3719165f5912c901,805,1,CC-3719165f5912c901,1,0.0,0,0.0004999166805542221,0.0,0,0.0,louvain,intersection_count,100.0,0.0,1.0,20260801,1.0.0,not_used,community labels are structural network results; they are not official factions and do not replace original-setting faction metadata
JP18,music,music,落日映照下的逆城,落日映照下的逆城,落日に生える逆さ城,C-b4fa092fb8429c3b,806,1,CC-b4fa092fb8429c3b,1,0.0,0,0.0004999166805542221,0.0,0,0.0,louvain,intersection_count,100.0,0.0,1.0,20260801,1.0.0,not_used,community labels are structural network results; they are not official factions and do not replace original-setting faction metadata
JP18,music,music,蓬莱传说,蓬莱传说,蓬莱伝説,C-c4d19c8edb414cd1,807,1,CC-c4d19c8edb414cd1,1,0.0,0,0.0004999166805542221,0.0,0,0.0,louvain,intersection_count,100.0,0.0,1.0,20260801,1.0.0,not_used,community labels are structural network results; they are not official factions and do not replace original-setting faction metadata
JP18,music,music,蓬莱幻想fareast,蓬莱幻想 ～ far East,蓬莱幻想　～ far East,C-db0efdadc05b9a85,808,1,CC-db0efdadc05b9a85,1,0.0,0,0.0004999166805542221,0.0,0,0.0,louvain,intersection_count,100.0,0.0,1.0,20260801,1.0.0,not_used,community labels are structural network results; they are not official factions and do not replace original-setting faction metadata
JP18,music,music,薛定谔的怪猫,薛定谔的怪猫,シュレディンガーの化猫,C-d53daa89eec5849c,809,1,CC-d53daa89eec5849c,1,0.0,0,0.0004999166805542221,0.0,0,0.0,louvain,intersection_count,100.0,0.0,1.0,20260801,1.0.0,not_used,community labels are structural network results; they are not official factions and do not replace original-setting faction metadata
JP18,music,music,虎柄の毘沙門天,虎纹的毘沙门天,虎柄の毘沙門天,C-19597bf705fb17eb,810,1,CC-19597bf705fb17eb,1,0.0,0,0.0004999166805542221,0.0,0,0.0,louvain,intersection_count,100.0,0.0,1.0,20260801,1.0.0,not_used,community labels are structural network results; they are not official factions and do not replace original-setting faction metadata
JP18,music,music,虎纹的毘沙门天,虎纹的毘沙门天,虎柄の毘沙門天,C-18a6abe1698a3388,811,1,CC-18a6abe1698a3388,1,0.0,0,0.0004999166805542221,0.0,0,0.0,louvain,intersection_count,100.0,0.0,1.0,20260801,1.0.0,not_used,community labels are structural network results; they are not official factions and do not replace original-setting faction metadata
JP18,music,music,虹の架かる幻想郷,架起虹桥的幻想乡,虹の架かる幻想郷,C-a4a72db6cebd7644,812,1,CC-a4a72db6cebd7644,1,0.0,0,0.0004999166805542221,0.0,0,0.0,louvain,intersection_count,100.0,0.0,1.0,20260801,1.0.0,not_used,community labels are structural network results; they are not official factions and do not replace original-setting faction metadata
JP18,music,music,虹色の世界,虹色的世界,虹色の世界,C-f3fdc13f94fd99ce,813,1,CC-f3fdc13f94fd99ce,1,0.0,0,0.0004999166805542221,0.0,0,0.0,louvain,intersection_count,100.0,0.0,1.0,20260801,1.0.0,not_used,community labels are structural network results; they are not official factions and do not replace original-setting faction metadata
JP18,music,music,虹色的世界,虹色的世界,虹色の世界,C-d8dc053e4de20ba6,814,1,CC-d8dc053e4de20ba6,1,0.0,0,0.0004999166805542221,0.0,0,0.0,louvain,intersection_count,100.0,0.0,1.0,20260801,1.0.0,not_used,community labels are structural network results; they are not official factions and do not replace original-setting faction metadata
JP18,music,music,蠢々秋月moonedinsect,蠢蠢的秋月 ～ Mooned Insect,蠢々秋月　～ Mooned Insect,C-32afbaf223c55081,815,1,CC-32afbaf223c55081,1,0.0,0,0.0004999166805542221,0.0,0,0.0,louvain,intersection_count,100.0,0.0,1.0,20260801,1.0.0,not_used,community labels are structural network results; they are not official factions and do not replace original-setting faction metadata
JP18,music,music,蠢蠢的秋月,蠢蠢的秋月 ～ Mooned Insect,蠢々秋月　～ Mooned Insect,C-0cd6f5d97fae5b8b,816,1,CC-0cd6f5d97fae5b8b,1,0.0,0,0.0004999166805542221,0.0,0,0.0,louvain,intersection_count,100.0,0.0,1.0,20260801,1.0.0,not_used,community labels are structural network results; they are not official factions and do not replace original-setting faction metadata
JP18,music,music,行云流水,行云流水,行雲流水,C-3d56abddb0bcbaa4,817,1,CC-3d56abddb0bcbaa4,1,0.0,0,0.0004999166805542221,0.0,0,0.0,louvain,intersection_count,100.0,0.0,1.0,20260801,1.0.0,not_used,community labels are structural network results; they are not official factions and do not replace original-setting faction metadata
JP18,music,music,行雲流水,行云流水,行雲流水,C-48248424e8b013ed,818,1,CC-48248424e8b013ed,1,0.0,0,0.0004999166805542221,0.0,0,0.0,louvain,intersection_count,100.0,0.0,1.0,20260801,1.0.0,not_used,community labels are structural network results; they are not official factions and do not replace original-setting faction metadata
JP18,music,music,衛星カフェテラス,卫星露天咖啡座,衛星カフェテラス,C-38d563ac6c8b9bfa,819,1,CC-38d563ac6c8b9bfa,1,0.0,0,0.0004999166805542221,0.0,0,0.0,louvain,intersection_count,100.0,0.0,1.0,20260801,1.0.0,not_used,community labels are structural network results; they are not official factions and do not replace original-setting faction metadata
JP18,music,music,衛星トリフネ,卫星鸟船,衛星トリフネ,C-7104fa4590656b7c,820,1,CC-7104fa4590656b7c,1,0.0,0,0.0004999166805542221,0.0,0,0.0,louvain,intersection_count,100.0,0.0,1.0,20260801,1.0.0,not_used,community labels are structural network results; they are not official factions and do not replace original-setting faction metadata
JP18,music,music,被封印的众神,被封印的众神,封印されし神々,C-f2e348fc1a5a7e71,821,1,CC-f2e348fc1a5a7e71,1,0.0,0,0.0004999166805542221,0.0,0,0.0,louvain,intersection_count,100.0,0.0,1.0,20260801,1.0.0,not_used,community labels are structural network results; they are not official factions and do not replace original-setting faction metadata
JP18,music,music,被封印的妖怪,被封印的妖怪 ～ Lost Place,封じられた妖怪　～ Lost Place,C-87e332ad28bb5313,822,1,CC-87e332ad28bb5313,1,0.0,0,0.0004999166805542221,0.0,0,0.0,louvain,intersection_count,100.0,0.0,1.0,20260801,1.0.0,not_used,community labels are structural network results; they are not official factions and do not replace original-setting faction metadata
JP18,music,music,被揭晓的深秘,被揭晓的深秘,明かされる深秘,C-85af941c33bdea28,823,1,CC-85af941c33bdea28,1,0.0,0,0.0004999166805542221,0.0,0,0.0,louvain,intersection_count,100.0,0.0,1.0,20260801,1.0.0,not_used,community labels are structural network results; they are not official factions and do not replace original-setting faction metadata
JP18,music,music,被水淹没的沉愁地狱,被水淹没的沉愁地狱,水没した沈愁地獄,C-a1df3f1c327359be,824,1,CC-a1df3f1c327359be,1,0.0,0,0.0004999166805542221,0.0,0,0.0,louvain,intersection_count,100.0,0.0,1.0,20260801,1.0.0,not_used,community labels are structural network results; they are not official factions and do not replace original-setting faction metadata
JP18,music,music,被牛引到善光寺,被牛引到善光寺,牛に引かれて善光寺参り,C-e2cf69a56aa3f089,825,1,CC-e2cf69a56aa3f089,1,0.0,0,0.0004999166805542221,0.0,0,0.0,louvain,intersection_count,100.0,0.0,1.0,20260801,1.0.0,not_used,community labels are structural network results; they are not official factions and do not replace original-setting faction metadata
JP18,music,music,被秘匿的四个季节,被秘匿的四个季节,秘匿されたフォーシーズンズ,C-1aab54224a006b7a,826,1,CC-1aab54224a006b7a,1,0.0,0,0.0004999166805542221,0.0,0,0.0,louvain,intersection_count,100.0,0.0,1.0,20260801,1.0.0,not_used,community labels are structural network results; they are not official factions and do not replace original-setting faction metadata
JP18,music,music,装飾戦decorationbattle,装饰战 ～ Decoration Battle,装飾戦　～ Decoration Battle,C-3b73e015bc5e153b,827,1,CC-3b73e015bc5e153b,1,0.0,0,0.0004999166805542221,0.0,0,0.0,louvain,intersection_count,100.0,0.0,1.0,20260801,1.0.0,not_used,community labels are structural network results; they are not official factions and do not replace original-setting faction metadata
JP18,music,music,装饰战decorationbattle,装饰战 ～ Decoration Battle,装飾戦　～ Decoration Battle,C-92ab6f8e0449d6db,828,1,CC-92ab6f8e0449d6db,1,0.0,0,0.0004999166805542221,0.0,0,0.0,louvain,intersection_count,100.0,0.0,1.0,20260801,1.0.0,not_used,community labels are structural network results; they are not official factions and do not replace original-setting faction metadata
JP18,music,music,裏切りの少女judaskiss,背叛的少女 ～ Judas Kiss,裏切りの少女　～ Judas Kiss,C-c8be88b137343af4,829,1,CC-c8be88b137343af4,1,0.0,0,0.0004999166805542221,0.0,0,0.0,louvain,intersection_count,100.0,0.0,1.0,20260801,1.0.0,not_used,community labels are structural network results; they are not official factions and do not replace original-setting faction metadata
JP18,music,music,裏心,内心,裏心,C-f8b04f9cb73404cb,830,1,CC-f8b04f9cb73404cb,1,0.0,0,0.0004999166805542221,0.0,0,0.0,louvain,intersection_count,100.0,0.0,1.0,20260801,1.0.0,not_used,community labels are structural network results; they are not official factions and do not replace original-setting faction metadata
JP18,music,music,识文解意的爱书人,识文解意的爱书人,判読眼のビブロフィリア,C-5a995f3723685996,831,1,CC-5a995f3723685996,1,0.0,0,0.0004999166805542221,0.0,0,0.0,louvain,intersection_count,100.0,0.0,1.0,20260801,1.0.0,not_used,community labels are structural network results; they are not official factions and do not replace original-setting faction metadata
JP18,music,music,请注意万年备用伞,请注意万年备用伞,万年置き傘にご注意を,C-136789ca3a4a7474,832,1,CC-136789ca3a4a7474,1,0.0,0,0.0004999166805542221,0.0,0,0.0,louvain,intersection_count,100.0,0.0,1.0,20260801,1.0.0,not_used,community labels are structural network results; they are not official factions and do not replace original-setting faction metadata
JP18,music,music,豪言壮语,豪言壮语,壮言大語,C-c73912effca0f965,833,1,CC-c73912effca0f965,1,0.0,0,0.0004999166805542221,0.0,0,0.0,louvain,intersection_count,100.0,0.0,1.0,20260801,1.0.0,not_used,community labels are structural network results; they are not official factions and do not replace original-setting faction metadata
JP18,music,music,贪欲之兽的记忆,贪欲之兽的记忆,強欲な獣のメメント,C-df1ea4b0bce339be,834,1,CC-df1ea4b0bce339be,1,0.0,0,0.0004999166805542221,0.0,0,0.0,louvain,intersection_count,100.0,0.0,1.0,20260801,1.0.0,not_used,community labels are structural network results; they are not official factions and do not replace original-setting faction metadata
JP18,music,music,赌上性命去恶作剧,赌上性命去恶作剧,いたずらに命をかけて,C-00f85783e752beb5,835,1,CC-00f85783e752beb5,1,0.0,0,0.0004999166805542221,0.0,0,0.0,louvain,intersection_count,100.0,0.0,1.0,20260801,1.0.0,not_used,community labels are structural network results; they are not official factions and do not replace original-setting faction metadata
JP18,music,music,走在夜晚的莲台野,走在夜晚的莲台野,夜のデンデラ野を逝く,C-fb44dd21ef21e2d1,836,1,CC-fb44dd21ef21e2d1,1,0.0,0,0.0004999166805542221,0.0,0,0.0,louvain,intersection_count,100.0,0.0,1.0,20260801,1.0.0,not_used,community labels are structural network results; they are not official factions and do not replace original-setting faction metadata
JP18,music,music,踊る水飛沫,飞舞的水飞沫,踊る水飛沫,C-f1db2aefe8aa27b1,837,1,CC-f1db2aefe8aa27b1,1,0.0,0,0.0004999166805542221,0.0,0,0.0,louvain,intersection_count,100.0,0.0,1.0,20260801,1.0.0,not_used,community labels are structural network results; they are not official factions and do not replace original-setting faction metadata
JP18,music,music,車椅子の未来宇宙,轮椅上的未来宇宙,車椅子の未来宇宙,C-2fa8feab17ab00bb,838,1,CC-2fa8feab17ab00bb,1,0.0,0,0.0004999166805542221,0.0,0,0.0,louvain,intersection_count,100.0,0.0,1.0,20260801,1.0.0,not_used,community labels are structural network results; they are not official factions and do not replace original-setting faction metadata
JP18,music,music,輝かしき弱肉強食の掟,闪耀的弱肉强食法则,輝かしき弱肉強食の掟,C-72a95cb0d98bd31b,839,1,CC-72a95cb0d98bd31b,1,0.0,0,0.0004999166805542221,0.0,0,0.0,louvain,intersection_count,100.0,0.0,1.0,20260801,1.0.0,not_used,community labels are structural network results; they are not official factions and do not replace original-setting faction metadata
JP18,music,music,轮椅上的未来宇宙,轮椅上的未来宇宙,車椅子の未来宇宙,C-340a479f1be0ef75,840,1,CC-340a479f1be0ef75,1,0.0,0,0.0004999166805542221,0.0,0,0.0,louvain,intersection_count,100.0,0.0,1.0,20260801,1.0.0,not_used,community labels are structural network results; they are not official factions and do not replace original-setting faction metadata
JP18,music,music,辉光之针的小人族,辉光之针的小人族 ～ Little Princess,輝く針の小人族　～ Little Princess,C-48bd4ab3827b2e94,841,1,CC-48bd4ab3827b2e94,1,0.0,0,0.0004999166805542221,0.0,0,0.0,louvain,intersection_count,100.0,0.0,1.0,20260801,1.0.0,not_used,community labels are structural network results; they are not official factions and do not replace original-setting faction metadata
JP18,music,music,过去的花fairyofflower,过去的花 ～ Fairy of Flower,過去の花　～ Fairy of Flower,C-88159cbe02ed8e99,842,1,CC-88159cbe02ed8e99,1,0.0,0,0.0004999166805542221,0.0,0,0.0,louvain,intersection_count,100.0,0.0,1.0,20260801,1.0.0,not_used,community labels are structural network results; they are not official factions and do not replace original-setting faction metadata
JP18,music,music,远野之森,远野之森,遠野の森,C-41842eb7c1ce543f,843,1,CC-41842eb7c1ce543f,1,0.0,0,0.0004999166805542221,0.0,0,0.0,louvain,intersection_count,100.0,0.0,1.0,20260801,1.0.0,not_used,community labels are structural network results; they are not official factions and do not replace original-setting faction metadata
JP18,music,music,远野幻想物语,远野幻想物语,遠野幻想物語,C-843514567d1e0575,844,1,CC-843514567d1e0575,1,0.0,0,0.0004999166805542221,0.0,0,0.0,louvain,intersection_count,100.0,0.0,1.0,20260801,1.0.0,not_used,community labels are structural network results; they are not official factions and do not replace original-setting faction metadata
JP18,music,music,连带责人,连带责人,連帯責人,C-dc7cec532d6b27b2,845,1,CC-dc7cec532d6b27b2,1,0.0,0,0.0004999166805542221,0.0,0,0.0,louvain,intersection_count,100.0,0.0,1.0,20260801,1.0.0,not_used,community labels are structural network results; they are not official factions and do not replace original-setting faction metadata
JP18,music,music,逆转的命运之轮,逆转的命运之轮,逆転するホイールオブフォーチュン,C-53320cd1fafe94c2,846,1,CC-53320cd1fafe94c2,1,0.0,0,0.0004999166805542221,0.0,0,0.0,louvain,intersection_count,100.0,0.0,1.0,20260801,1.0.0,not_used,community labels are structural network results; they are not official factions and do not replace original-setting faction metadata
JP18,music,music,連帯責人,连带责人,連帯責人,C-e40a89996e82812a,847,1,CC-e40a89996e82812a,1,0.0,0,0.0004999166805542221,0.0,0,0.0,louvain,intersection_count,100.0,0.0,1.0,20260801,1.0.0,not_used,community labels are structural network results; they are not official factions and do not replace original-setting faction metadata
JP18,music,music,運河を行き交う人妖,往来于运河的人与妖,運河を行き交う人妖,C-9722d8e1eae73e29,848,1,CC-9722d8e1eae73e29,1,0.0,0,0.0004999166805542221,0.0,0,0.0,louvain,intersection_count,100.0,0.0,1.0,20260801,1.0.0,not_used,community labels are structural network results; they are not official factions and do not replace original-setting faction metadata
JP18,music,music,遍参,遍参,遍参,C-b5e37a655ad56be5,849,1,CC-b5e37a655ad56be5,1,0.0,0,0.0004999166805542221,0.0,0,0.0,louvain,intersection_count,100.0,0.0,1.0,20260801,1.0.0,not_used,community labels are structural network results; they are not official factions and do not replace original-setting faction metadata
JP18,music,music,過去の花fairyofflower,过去的花 ～ Fairy of Flower,過去の花　～ Fairy of Flower,C-dd20b39ae02e9b54,850,1,CC-dd20b39ae02e9b54,1,0.0,0,0.0004999166805542221,0.0,0,0.0,louvain,intersection_count,100.0,0.0,1.0,20260801,1.0.0,not_used,community labels are structural network results; they are not official factions and do not replace original-setting faction metadata
JP18,music,music,遠野の森,远野之森,遠野の森,C-96ca984680e0c46f,851,1,CC-96ca984680e0c46f,1,0.0,0,0.0004999166805542221,0.0,0,0.0,louvain,intersection_count,100.0,0.0,1.0,20260801,1.0.0,not_used,community labels are structural network results; they are not official factions and do not replace original-setting faction metadata
JP18,music,music,遥遥38万公里的航程,遥遥38万公里的航程,遥か38万キロのボヤージュ,C-40be4b2bce8e6122,852,1,CC-40be4b2bce8e6122,1,0.0,0,0.0004999166805542221,0.0,0,0.0,louvain,intersection_count,100.0,0.0,1.0,20260801,1.0.0,not_used,community labels are structural network results; they are not official factions and do not replace original-setting faction metadata
JP18,music,music,酒鬼的雷姆利亚,酒鬼的雷姆利亚,呑んべぇのレムリア,C-942edf77216231d3,853,1,CC-942edf77216231d3,1,0.0,0,0.0004999166805542221,0.0,0,0.0,louvain,intersection_count,100.0,0.0,1.0,20260801,1.0.0,not_used,community labels are structural network results; they are not official factions and do not replace original-setting faction metadata
JP18,music,music,針小棒大の天守閣,针小棒大的天守阁,針小棒大の天守閣,C-e492653d19f54b27,854,1,CC-e492653d19f54b27,1,0.0,0,0.0004999166805542221,0.0,0,0.0,louvain,intersection_count,100.0,0.0,1.0,20260801,1.0.0,not_used,community labels are structural network results; they are not official factions and do not replace original-setting faction metadata
JP18,music,music,针小棒大的天守阁,针小棒大的天守阁,針小棒大の天守閣,C-ffc4c2d12aa13059,855,1,CC-ffc4c2d12aa13059,1,0.0,0,0.0004999166805542221,0.0,0,0.0,louvain,intersection_count,100.0,0.0,1.0,20260801,1.0.0,not_used,community labels are structural network results; they are not official factions and do not replace original-setting faction metadata
JP18,music,music,門前の妖怪小娘,门前的妖怪小姑娘,門前の妖怪小娘,C-66da124750d568cb,856,1,CC-66da124750d568cb,1,0.0,0,0.0004999166805542221,0.0,0,0.0,louvain,intersection_count,100.0,0.0,1.0,20260801,1.0.0,not_used,community labels are structural network results; they are not official factions and do not replace original-setting faction metadata
JP18,music,music,閉ざせし雲の通い路,封闭的云中通路,閉ざせし雲の通い路,C-fec68ea3d7478372,857,1,CC-fec68ea3d7478372,1,0.0,0,0.0004999166805542221,0.0,0,0.0,louvain,intersection_count,100.0,0.0,1.0,20260801,1.0.0,not_used,community labels are structural network results; they are not official factions and do not replace original-setting faction metadata
JP18,music,music,開演間近,开演间近,開演間近,C-e2d259440daba475,858,1,CC-e2d259440daba475,1,0.0,0,0.0004999166805542221,0.0,0,0.0,louvain,intersection_count,100.0,0.0,1.0,20260801,1.0.0,not_used,community labels are structural network results; they are not official factions and do not replace original-setting faction metadata
JP18,music,music,闇市場は場所を選ばない,黑市无处不在,闇市場は場所を選ばない,C-dc39fd993121314e,859,1,CC-dc39fd993121314e,1,0.0,0,0.0004999166805542221,0.0,0,0.0,louvain,intersection_count,100.0,0.0,1.0,20260801,1.0.0,not_used,community labels are structural network results; they are not official factions and do not replace original-setting faction metadata
JP18,music,music,门再也进不去了,门再也进不去了,もうドアには入れない,C-796ea28b342123de,860,1,CC-796ea28b342123de,1,0.0,0,0.0004999166805542221,0.0,0,0.0,louvain,intersection_count,100.0,0.0,1.0,20260801,1.0.0,not_used,community labels are structural network results; they are not official factions and do not replace original-setting faction metadata
JP18,music,music,门前的妖怪小姑娘,门前的妖怪小姑娘,門前の妖怪小娘,C-1949ba51bdefd5a9,861,1,CC-1949ba51bdefd5a9,1,0.0,0,0.0004999166805542221,0.0,0,0.0,louvain,intersection_count,100.0,0.0,1.0,20260801,1.0.0,not_used,community labels are structural network results; they are not official factions and do not replace original-setting faction metadata
JP18,music,music,闪耀的弱肉强食法则,闪耀的弱肉强食法则,輝かしき弱肉強食の掟,C-a70cebee24a62385,862,1,CC-a70cebee24a62385,1,0.0,0,0.0004999166805542221,0.0,0,0.0,louvain,intersection_count,100.0,0.0,1.0,20260801,1.0.0,not_used,community labels are structural network results; they are not official factions and do not replace original-setting faction metadata
JP18,music,music,间奏曲,间奏曲,Intermezzo,C-2a86367c2ee543c1,863,1,CC-2a86367c2ee543c1,1,0.0,0,0.0004999166805542221,0.0,0,0.0,louvain,intersection_count,100.0,0.0,1.0,20260801,1.0.0,not_used,community labels are structural network results; they are not official factions and do not replace original-setting faction metadata
JP18,music,music,阻绝人迹之桥,阻绝人迹之桥,渡る者の途絶えた橋,C-f2b373bef98d6bb9,864,1,CC-f2b373bef98d6bb9,1,0.0,0,0.0004999166805542221,0.0,0,0.0,louvain,intersection_count,100.0,0.0,1.0,20260801,1.0.0,not_used,community labels are structural network results; they are not official factions and do not replace original-setting faction metadata
JP18,music,music,阿加尔塔之风,阿加尔塔之风,アガルタの風,C-cb5bf18b5b69f33c,865,1,CC-cb5bf18b5b69f33c,1,0.0,0,0.0004999166805542221,0.0,0,0.0,louvain,intersection_count,100.0,0.0,1.0,20260801,1.0.0,not_used,community labels are structural network results; they are not official factions and do not replace original-setting faction metadata
JP18,music,music,阿礼の子供,阿礼的孩子,阿礼の子供,C-b48ea218bac53d67,866,1,CC-b48ea218bac53d67,1,0.0,0,0.0004999166805542221,0.0,0,0.0,louvain,intersection_count,100.0,0.0,1.0,20260801,1.0.0,not_used,community labels are structural network results; they are not official factions and do not replace original-setting faction metadata
JP18,music,music,阿礼的孩子,阿礼的孩子,阿礼の子供,C-f86ad14c164a574a,867,1,CC-f86ad14c164a574a,1,0.0,0,0.0004999166805542221,0.0,0,0.0,louvain,intersection_count,100.0,0.0,1.0,20260801,1.0.0,not_used,community labels are structural network results; they are not official factions and do not replace original-setting faction metadata
JP18,music,music,陶瓷的杖刀人,陶瓷的杖刀人,セラミックスの杖刀人,C-0671201ae1c65546,868,1,CC-0671201ae1c65546,1,0.0,0,0.0004999166805542221,0.0,0,0.0,louvain,intersection_count,100.0,0.0,1.0,20260801,1.0.0,not_used,community labels are structural network results; they are not official factions and do not replace original-setting faction metadata
JP18,music,music,陽落ちて,夕阳下落,陽落ちて,C-f87ad3eba09899d5,869,1,CC-f87ad3eba09899d5,1,0.0,0,0.0004999166805542221,0.0,0,0.0,louvain,intersection_count,100.0,0.0,1.0,20260801,1.0.0,not_used,community labels are structural network results; they are not official factions and do not replace original-setting faction metadata
JP18,music,music,雪月桜花の国,雪月樱花之国,雪月桜花の国,C-4226f41e93997b32,870,1,CC-4226f41e93997b32,1,0.0,0,0.0004999166805542221,0.0,0,0.0,louvain,intersection_count,100.0,0.0,1.0,20260801,1.0.0,not_used,community labels are structural network results; they are not official factions and do not replace original-setting faction metadata
JP18,music,music,雪月樱花之国,雪月樱花之国,雪月桜花の国,C-9c5640493fd51581,871,1,CC-9c5640493fd51581,1,0.0,0,0.0004999166805542221,0.0,0,0.0,louvain,intersection_count,100.0,0.0,1.0,20260801,1.0.0,not_used,community labels are structural network results; they are not official factions and do not replace original-setting faction metadata
JP18,music,music,雲外蒼天,云外苍天,雲外蒼天,C-18e5f81fceb4a9b9,872,1,CC-18e5f81fceb4a9b9,1,0.0,0,0.0004999166805542221,0.0,0,0.0,louvain,intersection_count,100.0,0.0,1.0,20260801,1.0.0,not_used,community labels are structural network results; they are not official factions and do not replace original-setting faction metadata
JP18,music,music,震撼心灵的都市传说,震撼心灵的都市传说,心揺さぶる都市伝説,C-16733403b0225e70,873,1,CC-16733403b0225e70,1,0.0,0,0.0004999166805542221,0.0,0,0.0,louvain,intersection_count,100.0,0.0,1.0,20260801,1.0.0,not_used,community labels are structural network results; they are not official factions and do not replace original-setting faction metadata
JP18,music,music,霊人の休日,灵人的休息日,霊人の休日,C-9f7af0e038629315,874,1,CC-9f7af0e038629315,1,0.0,0,0.0004999166805542221,0.0,0,0.0,louvain,intersection_count,100.0,0.0,1.0,20260801,1.0.0,not_used,community labels are structural network results; they are not official factions and do not replace original-setting faction metadata
JP18,music,music,霊天spiritualheaven,灵天 ～ Spiritual Heaven,霊天　～ Spiritual Heaven,C-fec2d89a60b09640,875,1,CC-fec2d89a60b09640,1,0.0,0,0.0004999166805542221,0.0,0,0.0,louvain,intersection_count,100.0,0.0,1.0,20260801,1.0.0,not_used,community labels are structural network results; they are not official factions and do not replace original-setting faction metadata
JP18,music,music,霊戦perditioncrisis,灵战 ～ Perdition crisis,霊戦　～ Perdition crisis,C-b6c165b451e7f395,876,1,CC-b6c165b451e7f395,1,0.0,0,0.0004999166805542221,0.0,0,0.0,louvain,intersection_count,100.0,0.0,1.0,20260801,1.0.0,not_used,community labels are structural network results; they are not official factions and do not replace original-setting faction metadata
JP18,music,music,青木ヶ原の伝説,青木原的传说,青木ヶ原の伝説,C-0fbf3459c65c8273,877,1,CC-0fbf3459c65c8273,1,0.0,0,0.0004999166805542221,0.0,0,0.0,louvain,intersection_count,100.0,0.0,1.0,20260801,1.0.0,not_used,community labels are structural network results; they are not official factions and do not replace original-setting faction metadata
JP18,music,music,青木原的传说,青木原的传说,青木ヶ原の伝説,C-6fcc1b75b3b8e926,878,1,CC-6fcc1b75b3b8e926,1,0.0,0,0.0004999166805542221,0.0,0,0.0,louvain,intersection_count,100.0,0.0,1.0,20260801,1.0.0,not_used,community labels are structural network results; they are not official factions and do not replace original-setting faction metadata
JP18,music,music,青空の影,青空之影,青空の影,C-b774b62c9dd73735,879,1,CC-b774b62c9dd73735,1,0.0,0,0.0004999166805542221,0.0,0,0.0,louvain,intersection_count,100.0,0.0,1.0,20260801,1.0.0,not_used,community labels are structural network results; they are not official factions and do not replace original-setting faction metadata
JP18,music,music,青空之影,青空之影,青空の影,C-6e76ee558b63d1cc,880,1,CC-6e76ee558b63d1cc,1,0.0,0,0.0004999166805542221,0.0,0,0.0,louvain,intersection_count,100.0,0.0,1.0,20260801,1.0.0,not_used,community labels are structural network results; they are not official factions and do not replace original-setting faction metadata
JP18,music,music,非常非常神奇的道具们,非常非常神奇的道具们,不思議な不思議な道具達,C-c0e0fde5da169ad0,881,1,CC-c0e0fde5da169ad0,1,0.0,0,0.0004999166805542221,0.0,0,0.0,louvain,intersection_count,100.0,0.0,1.0,20260801,1.0.0,not_used,community labels are structural network results; they are not official factions and do not replace original-setting faction metadata
JP18,music,music,非統一魔法世界論,非统一魔法世界论,非統一魔法世界論,C-09902a8502c37f39,882,1,CC-09902a8502c37f39,1,0.0,0,0.0004999166805542221,0.0,0,0.0,louvain,intersection_count,100.0,0.0,1.0,20260801,1.0.0,not_used,community labels are structural network results; they are not official factions and do not replace original-setting faction metadata
JP18,music,music,非统一魔法世界论,非统一魔法世界论,非統一魔法世界論,C-36e744001bc1fdfb,883,1,CC-36e744001bc1fdfb,1,0.0,0,0.0004999166805542221,0.0,0,0.0,louvain,intersection_count,100.0,0.0,1.0,20260801,1.0.0,not_used,community labels are structural network results; they are not official factions and do not replace original-setting faction metadata
JP18,music,music,須臾はプランクを超えて,比普朗克更短的须臾,須臾はプランクを超えて,C-9572d75ffecbc070,884,1,CC-9572d75ffecbc070,1,0.0,0,0.0004999166805542221,0.0,0,0.0,louvain,intersection_count,100.0,0.0,1.0,20260801,1.0.0,not_used,community labels are structural network results; they are not official factions and do not replace original-setting faction metadata
JP18,music,music,顕現した伝承の形,显现的传承形态,顕現した伝承の形,C-a3e502bd8fc0770c,885,1,CC-a3e502bd8fc0770c,1,0.0,0,0.0004999166805542221,0.0,0,0.0,louvain,intersection_count,100.0,0.0,1.0,20260801,1.0.0,not_used,community labels are structural network results; they are not official factions and do not replace original-setting faction metadata
JP18,music,music,風の循環windtour,风的循环 ～ Wind Tour,風の循環　～ Wind Tour,C-fb92262d86d7c6eb,886,1,CC-fb92262d86d7c6eb,1,0.0,0,0.0004999166805542221,0.0,0,0.0,louvain,intersection_count,100.0,0.0,1.0,20260801,1.0.0,not_used,community labels are structural network results; they are not official factions and do not replace original-setting faction metadata
JP18,music,music,風の神社,风之神社,風の神社,C-468251d91bea25e6,887,1,CC-468251d91bea25e6,1,0.0,0,0.0004999166805542221,0.0,0,0.0,louvain,intersection_count,100.0,0.0,1.0,20260801,1.0.0,not_used,community labels are structural network results; they are not official factions and do not replace original-setting faction metadata
JP18,music,music,風光明媚,风光明媚,風光明媚,C-1b05aa45907bbcbc,888,1,CC-1b05aa45907bbcbc,1,0.0,0,0.0004999166805542221,0.0,0,0.0,louvain,intersection_count,100.0,0.0,1.0,20260801,1.0.0,not_used,community labels are structural network results; they are not official factions and do not replace original-setting faction metadata
JP18,music,music,风之神社,风之神社,風の神社,C-bb212c27e3647009,889,1,CC-bb212c27e3647009,1,0.0,0,0.0004999166805542221,0.0,0,0.0,louvain,intersection_count,100.0,0.0,1.0,20260801,1.0.0,not_used,community labels are structural network results; they are not official factions and do not replace original-setting faction metadata
JP18,music,music,风光明媚,风光明媚,風光明媚,C-6aa6917235e7cb30,890,1,CC-6aa6917235e7cb30,1,0.0,0,0.0004999166805542221,0.0,0,0.0,louvain,intersection_count,100.0,0.0,1.0,20260801,1.0.0,not_used,community labels are structural network results; they are not official factions and do not replace original-setting faction metadata
JP18,music,music,风暴过后的星期日,风暴过后的星期日,嵐の後の日曜日,C-80588805ae7033a2,891,1,CC-80588805ae7033a2,1,0.0,0,0.0004999166805542221,0.0,0,0.0,louvain,intersection_count,100.0,0.0,1.0,20260801,1.0.0,not_used,community labels are structural network results; they are not official factions and do not replace original-setting faction metadata
JP18,music,music,风的循环,风的循环 ～ Wind Tour,風の循環　～ Wind Tour,C-a79f25804d79698d,892,1,CC-a79f25804d79698d,1,0.0,0,0.0004999166805542221,0.0,0,0.0,louvain,intersection_count,100.0,0.0,1.0,20260801,1.0.0,not_used,community labels are structural network results; they are not official factions and do not replace original-setting faction metadata
JP18,music,music,风神少女,风神少女,風神少女,C-862119731a0e9696,893,1,CC-862119731a0e9696,1,0.0,0,0.0004999166805542221,0.0,0,0.0,louvain,intersection_count,100.0,0.0,1.0,20260801,1.0.0,not_used,community labels are structural network results; they are not official factions and do not replace original-setting faction metadata
JP18,music,music,飘上月球不死之烟,飘上月球，不死之烟,月まで届け、不死の煙,C-8ede04df6f707fb6,894,1,CC-8ede04df6f707fb6,1,0.0,0,0.0004999166805542221,0.0,0,0.0,louvain,intersection_count,100.0,0.0,1.0,20260801,1.0.0,not_used,community labels are structural network results; they are not official factions and do not replace original-setting faction metadata
JP18,music,music,飞翔于宇宙的不可思议巫女,飞翔于宇宙的不可思议巫女,宇宙を飛ぶ不思議な巫女,C-728bbe812e908e1e,895,1,CC-728bbe812e908e1e,1,0.0,0,0.0004999166805542221,0.0,0,0.0,louvain,intersection_count,100.0,0.0,1.0,20260801,1.0.0,not_used,community labels are structural network results; they are not official factions and do not replace original-setting faction metadata
JP18,music,music,飞翔在夜晚的鸠山,飞翔在夜晚的鸠山,夜の鳩山を飛ぶ,C-cbaba049af8c7b12,896,1,CC-cbaba049af8c7b12,1,0.0,0,0.0004999166805542221,0.0,0,0.0,louvain,intersection_count,100.0,0.0,1.0,20260801,1.0.0,not_used,community labels are structural network results; they are not official factions and do not replace original-setting faction metadata
JP18,music,music,飞舞的水飞沫,飞舞的水飞沫,踊る水飛沫,C-9b1273c07e8e2ad5,897,1,CC-9b1273c07e8e2ad5,1,0.0,0,0.0004999166805542221,0.0,0,0.0,louvain,intersection_count,100.0,0.0,1.0,20260801,1.0.0,not_used,community labels are structural network results; they are not official factions and do not replace original-setting faction metadata
JP18,music,music,香る樹葉花,散发着香气的树叶花,香る樹葉花,C-44bd58989534d10c,898,1,CC-44bd58989534d10c,1,0.0,0,0.0004999166805542221,0.0,0,0.0,louvain,intersection_count,100.0,0.0,1.0,20260801,1.0.0,not_used,community labels are structural network results; they are not official factions and do not replace original-setting faction metadata
JP18,music,music,駒草咲くパーペチュアルスノー,驹草盛开的万年积雪,駒草咲くパーペチュアルスノー,C-74d63ab6886bfa20,899,1,CC-74d63ab6886bfa20,1,0.0,0,0.0004999166805542221,0.0,0,0.0,louvain,intersection_count,100.0,0.0,1.0,20260801,1.0.0,not_used,community labels are structural network results; they are not official factions and do not replace original-setting faction metadata
JP18,music,music,驹草盛开的万年积雪,驹草盛开的万年积雪,駒草咲くパーペチュアルスノー,C-d120fd979fdb5480,900,1,CC-d120fd979fdb5480,1,0.0,0,0.0004999166805542221,0.0,0,0.0,louvain,intersection_count,100.0,0.0,1.0,20260801,1.0.0,not_used,community labels are structural network results; they are not official factions and do not replace original-setting faction metadata
JP18,music,music,魂の花anotherdream,魂之花 ～ Another Dream...,魂の花　～ Another Dream...,C-67eadadf36573845,901,1,CC-67eadadf36573845,1,0.0,0,0.0004999166805542221,0.0,0,0.0,louvain,intersection_count,100.0,0.0,1.0,20260801,1.0.0,not_used,community labels are structural network results; they are not official factions and do not replace original-setting faction metadata
JP18,music,music,魂之花anotherdream,魂之花 ～ Another Dream...,魂の花　～ Another Dream...,C-45af557fd9256ef6,902,1,CC-45af557fd9256ef6,1,0.0,0,0.0004999166805542221,0.0,0,0.0,louvain,intersection_count,100.0,0.0,1.0,20260801,1.0.0,not_used,community labels are structural network results; they are not official factions and do not replace original-setting faction metadata
JP18,music,music,魔力の雷雲,魔力的雷云,魔力の雷雲,C-4da7c3ffaa25cda0,903,1,CC-4da7c3ffaa25cda0,1,0.0,0,0.0004999166805542221,0.0,0,0.0,louvain,intersection_count,100.0,0.0,1.0,20260801,1.0.0,not_used,community labels are structural network results; they are not official factions and do not replace original-setting faction metadata
JP18,music,music,魔力的雷云,魔力的雷云,魔力の雷雲,C-04ea24932a5b7f5c,904,1,CC-04ea24932a5b7f5c,1,0.0,0,0.0004999166805542221,0.0,0,0.0,louvain,intersection_count,100.0,0.0,1.0,20260801,1.0.0,not_used,community labels are structural network results; they are not official factions and do not replace original-setting faction metadata
JP18,music,music,魔女们的舞会,魔女们的舞会,魔女達の舞踏会,C-7a893d6e3573ad22,905,1,CC-7a893d6e3573ad22,1,0.0,0,0.0004999166805542221,0.0,0,0.0,louvain,intersection_count,100.0,0.0,1.0,20260801,1.0.0,not_used,community labels are structural network results; they are not official factions and do not replace original-setting faction metadata
JP18,music,music,魔所,魔所,魔所,C-469dca1e6daf3332,906,1,CC-469dca1e6daf3332,1,0.0,0,0.0004999166805542221,0.0,0,0.0,louvain,intersection_count,100.0,0.0,1.0,20260801,1.0.0,not_used,community labels are structural network results; they are not official factions and do not replace original-setting faction metadata
JP18,music,music,魔术师梅莉,魔术师梅莉,魔術師メリー,C-423ff20fb4dc396b,907,1,CC-423ff20fb4dc396b,1,0.0,0,0.0004999166805542221,0.0,0,0.0,louvain,intersection_count,100.0,0.0,1.0,20260801,1.0.0,not_used,community labels are structural network results; they are not official factions and do not replace original-setting faction metadata
JP18,music,music,魔法の笠地蔵,魔法的笠地藏,魔法の笠地蔵,C-99873f0295b4679a,908,1,CC-99873f0295b4679a,1,0.0,0,0.0004999166805542221,0.0,0,0.0,louvain,intersection_count,100.0,0.0,1.0,20260801,1.0.0,not_used,community labels are structural network results; they are not official factions and do not replace original-setting faction metadata
JP18,music,music,魔法使いの憂鬱,魔法使的忧郁,魔法使いの憂鬱,C-41b234ee0e32f54a,909,1,CC-41b234ee0e32f54a,1,0.0,0,0.0004999166805542221,0.0,0,0.0,louvain,intersection_count,100.0,0.0,1.0,20260801,1.0.0,not_used,community labels are structural network results; they are not official factions and do not replace original-setting faction metadata
JP18,music,music,魔法使的忧郁,魔法使的忧郁,魔法使いの憂鬱,C-1eae8db41218f2e2,910,1,CC-1eae8db41218f2e2,1,0.0,0,0.0004999166805542221,0.0,0,0.0,louvain,intersection_count,100.0,0.0,1.0,20260801,1.0.0,not_used,community labels are structural network results; they are not official factions and do not replace original-setting faction metadata
JP18,music,music,魔法决战fightitout,魔法决战！ ～ Fight it out!,魔法決戦！　～ Fight it out!,C-e1a4dffa3e65061a,911,1,CC-e1a4dffa3e65061a,1,0.0,0,0.0004999166805542221,0.0,0,0.0,louvain,intersection_count,100.0,0.0,1.0,20260801,1.0.0,not_used,community labels are structural network results; they are not official factions and do not replace original-setting faction metadata
JP18,music,music,魔法少女们的百年祭,魔法少女们的百年祭,魔法少女達の百年祭,C-99b658d22b980620,912,1,CC-99b658d22b980620,1,0.0,0,0.0004999166805542221,0.0,0,0.0,louvain,intersection_count,100.0,0.0,1.0,20260801,1.0.0,not_used,community labels are structural network results; they are not official factions and do not replace original-setting faction metadata
JP18,music,music,魔法少女十字军,魔法少女十字军,魔法少女十字軍,C-39008895b3387f39,913,1,CC-39008895b3387f39,1,0.0,0,0.0004999166805542221,0.0,0,0.0,louvain,intersection_count,100.0,0.0,1.0,20260801,1.0.0,not_used,community labels are structural network results; they are not official factions and do not replace original-setting faction metadata
JP18,music,music,魔法少女十字軍,魔法少女十字军,魔法少女十字軍,C-a6af4a5e6949e2de,914,1,CC-a6af4a5e6949e2de,1,0.0,0,0.0004999166805542221,0.0,0,0.0,louvain,intersection_count,100.0,0.0,1.0,20260801,1.0.0,not_used,community labels are structural network results; they are not official factions and do not replace original-setting faction metadata
JP18,music,music,魔法決戦fightitout,魔法决战！ ～ Fight it out!,魔法決戦！　～ Fight it out!,C-160b1e348dbc26df,915,1,CC-160b1e348dbc26df,1,0.0,0,0.0004999166805542221,0.0,0,0.0,louvain,intersection_count,100.0,0.0,1.0,20260801,1.0.0,not_used,community labels are structural network results; they are not official factions and do not replace original-setting faction metadata
JP18,music,music,魔法的笠地藏,魔法的笠地藏,魔法の笠地蔵,C-1bfec3e06b1b725f,916,1,CC-1bfec3e06b1b725f,1,0.0,0,0.0004999166805542221,0.0,0,0.0,louvain,intersection_count,100.0,0.0,1.0,20260801,1.0.0,not_used,community labels are structural network results; they are not official factions and do not replace original-setting faction metadata
JP18,music,music,魔法鐘愛,魔法钟爱,魔法鐘愛,C-25ea8f8e037d47a4,917,1,CC-25ea8f8e037d47a4,1,0.0,0,0.0004999166805542221,0.0,0,0.0,louvain,intersection_count,100.0,0.0,1.0,20260801,1.0.0,not_used,community labels are structural network results; they are not official factions and do not replace original-setting faction metadata
JP18,music,music,魔法钟爱,魔法钟爱,魔法鐘愛,C-57081071cdaa758d,918,1,CC-57081071cdaa758d,1,0.0,0,0.0004999166805542221,0.0,0,0.0,louvain,intersection_count,100.0,0.0,1.0,20260801,1.0.0,not_used,community labels are structural network results; they are not official factions and do not replace original-setting faction metadata
JP18,music,music,魔法阵magicsquare,魔法阵 ～ Magic Square,魔法陣　～ Magic Square,C-7c8de7346cad18fa,919,1,CC-7c8de7346cad18fa,1,0.0,0,0.0004999166805542221,0.0,0,0.0,louvain,intersection_count,100.0,0.0,1.0,20260801,1.0.0,not_used,community labels are structural network results; they are not official factions and do not replace original-setting faction metadata
JP18,music,music,魔法陣magicsquare,魔法阵 ～ Magic Square,魔法陣　～ Magic Square,C-48ae18859b303403,920,1,CC-48ae18859b303403,1,0.0,0,0.0004999166805542221,0.0,0,0.0,louvain,intersection_count,100.0,0.0,1.0,20260801,1.0.0,not_used,community labels are structural network results; they are not official factions and do not replace original-setting faction metadata
JP18,music,music,魔界地方都市エソテリア,魔界地方都市秘境,魔界地方都市エソテリア,C-481f7bf4da5ec127,921,1,CC-481f7bf4da5ec127,1,0.0,0,0.0004999166805542221,0.0,0,0.0,louvain,intersection_count,100.0,0.0,1.0,20260801,1.0.0,not_used,community labels are structural network results; they are not official factions and do not replace original-setting faction metadata
JP18,music,music,魔界地方都市秘境,魔界地方都市秘境,魔界地方都市エソテリア,C-d496c779a75a9fe5,922,1,CC-d496c779a75a9fe5,1,0.0,0,0.0004999166805542221,0.0,0,0.0,louvain,intersection_count,100.0,0.0,1.0,20260801,1.0.0,not_used,community labels are structural network results; they are not official factions and do not replace original-setting faction metadata
JP18,music,music,魔術師メリー,魔术师梅莉,魔術師メリー,C-1a1c925242a911ab,923,1,CC-1a1c925242a911ab,1,0.0,0,0.0004999166805542221,0.0,0,0.0,louvain,intersection_count,100.0,0.0,1.0,20260801,1.0.0,not_used,community labels are structural network results; they are not official factions and do not replace original-setting faction metadata
JP18,music,music,魔鏡,魔镜,魔鏡,C-9501ee11381fbb9f,924,1,CC-9501ee11381fbb9f,1,0.0,0,0.0004999166805542221,0.0,0,0.0,louvain,intersection_count,100.0,0.0,1.0,20260801,1.0.0,not_used,community labels are structural network results; they are not official factions and do not replace original-setting faction metadata
JP18,music,music,魔镜,魔镜,魔鏡,C-4bb3fa83d615830f,925,1,CC-4bb3fa83d615830f,1,0.0,0,0.0004999166805542221,0.0,0,0.0,louvain,intersection_count,100.0,0.0,1.0,20260801,1.0.0,not_used,community labels are structural network results; they are not official factions and do not replace original-setting faction metadata
JP18,music,music,鸢尾花,鸢尾花,アイリス,C-06d4e38ef0cfda69,926,1,CC-06d4e38ef0cfda69,1,0.0,0,0.0004999166805542221,0.0,0,0.0,louvain,intersection_count,100.0,0.0,1.0,20260801,1.0.0,not_used,community labels are structural network results; they are not official factions and do not replace original-setting faction metadata
JP18,music,music,麓の神社,山脚的神社,麓の神社,C-6ba62492a03183e3,927,1,CC-6ba62492a03183e3,1,0.0,0,0.0004999166805542221,0.0,0,0.0,louvain,intersection_count,100.0,0.0,1.0,20260801,1.0.0,not_used,community labels are structural network results; they are not official factions and do not replace original-setting faction metadata
JP18,music,music,黑市无处不在,黑市无处不在,闇市場は場所を選ばない,C-8681dfb3b8c3a133,928,1,CC-8681dfb3b8c3a133,1,0.0,0,0.0004999166805542221,0.0,0,0.0,louvain,intersection_count,100.0,0.0,1.0,20260801,1.0.0,not_used,community labels are structural network results; they are not official factions and do not replace original-setting faction metadata
JP18,music,music,黑暗的力量,黑暗的力量,やみのちから,C-6febfff68f703bd6,929,1,CC-6febfff68f703bd6,1,0.0,0,0.0004999166805542221,0.0,0,0.0,louvain,intersection_count,100.0,0.0,1.0,20260801,1.0.0,not_used,community labels are structural network results; they are not official factions and do not replace original-setting faction metadata
JP18,music,music,黑海中的绯红,黑海中的绯红 ～ Legendary Fish,黒い海に紅く　～ Legendary Fish,C-2b40ca0f2a8c4427,930,1,CC-2b40ca0f2a8c4427,1,0.0,0,0.0004999166805542221,0.0,0,0.0,louvain,intersection_count,100.0,0.0,1.0,20260801,1.0.0,not_used,community labels are structural network results; they are not official factions and do not replace original-setting faction metadata
JP18,music,music,黒い海に紅くlegendaryfish,黑海中的绯红 ～ Legendary Fish,黒い海に紅く　～ Legendary Fish,C-7ac8967b715f6694,931,1,CC-7ac8967b715f6694,1,0.0,0,0.0004999166805542221,0.0,0,0.0,louvain,intersection_count,100.0,0.0,1.0,20260801,1.0.0,not_used,community labels are structural network results; they are not official factions and do not replace original-setting faction metadata
