round_label,scope,node_type,canonical_name,name_cn,name_jp,community_id,community_rank,community_size,connected_component_id,connected_component_size,weighted_degree,unweighted_degree,pagerank,betweenness,k_core,bridge_score,algorithm,weight_metric,threshold,min_intersection_count,resolution,random_seed,software_version,official_faction_source,official_faction_note
CN7,music,music,53分钟的蓝色大海,53分钟的蓝色大海,53ミニッツの青い海,C-93e16a2a2a377fd8,1,1,CC-93e16a2a2a377fd8,1,0.0,0,0.0018315018315018315,0.0,0,0.0,louvain,intersection_count,100.0,0.0,1.0,20260801,1.0.0,not_used,community labels are structural network results; they are not official factions and do not replace original-setting faction metadata
CN7,music,music,alicemaestra,Alice Maestra,アリスマエステラ,C-fb9c8a14eed4479e,2,1,CC-fb9c8a14eed4479e,1,0.0,0,0.0018315018315018315,0.0,0,0.0,louvain,intersection_count,100.0,0.0,1.0,20260801,1.0.0,not_used,community labels are structural network results; they are not official factions and do not replace original-setting faction metadata
CN7,music,music,anordealfromgod,AN ORDEAL FROM GOD,AN ORDEAL FROM GOD,C-60ece50ea4917667,3,1,CC-60ece50ea4917667,1,0.0,0,0.0018315018315018315,0.0,0,0.0,louvain,intersection_count,100.0,0.0,1.0,20260801,1.0.0,not_used,community labels are structural network results; they are not official factions and do not replace original-setting faction metadata
CN7,music,music,antiqueterror,Antique Terror,アンティークテラー,C-313408106500110f,4,1,CC-313408106500110f,1,0.0,0,0.0018315018315018315,0.0,0,0.0,louvain,intersection_count,100.0,0.0,1.0,20260801,1.0.0,not_used,community labels are structural network results; they are not official factions and do not replace original-setting faction metadata
CN7,music,music,arcadiandream,Arcadian Dream,Arcadian Dream,C-bb5671399956a3b8,5,1,CC-bb5671399956a3b8,1,0.0,0,0.0018315018315018315,0.0,0,0.0,louvain,intersection_count,100.0,0.0,1.0,20260801,1.0.0,not_used,community labels are structural network results; they are not official factions and do not replace original-setting faction metadata
CN7,music,music,asacredlot,A Sacred Lot,A Sacred Lot,C-9bd88f707417e230,6,1,CC-9bd88f707417e230,1,0.0,0,0.0018315018315018315,0.0,0,0.0,louvain,intersection_count,100.0,0.0,1.0,20260801,1.0.0,not_used,community labels are structural network results; they are not official factions and do not replace original-setting faction metadata
CN7,music,music,badapple,Bad Apple!!,Bad Apple!!,C-d43174027260777b,7,1,CC-d43174027260777b,1,0.0,0,0.0018315018315018315,0.0,0,0.0,louvain,intersection_count,100.0,0.0,1.0,20260801,1.0.0,not_used,community labels are structural network results; they are not official factions and do not replace original-setting faction metadata
CN7,music,music,baroldadam,Bar·Old Adam,バー・オールドアダム,C-3442236faa9741bb,8,1,CC-3442236faa9741bb,1,0.0,0,0.0018315018315018315,0.0,0,0.0,louvain,intersection_count,100.0,0.0,1.0,20260801,1.0.0,not_used,community labels are structural network results; they are not official factions and do not replace original-setting faction metadata
CN7,music,music,borderland,Border Land,Border Land,C-09afeeee85efbd0f,9,1,CC-09afeeee85efbd0f,1,0.0,0,0.0018315018315018315,0.0,0,0.0,louvain,intersection_count,100.0,0.0,1.0,20260801,1.0.0,not_used,community labels are structural network results; they are not official factions and do not replace original-setting faction metadata
CN7,music,music,borderoflife,Border of Life,ボーダーオブライフ,C-254754965c518b02,10,1,CC-254754965c518b02,1,0.0,0,0.0018315018315018315,0.0,0,0.0,louvain,intersection_count,100.0,0.0,1.0,20260801,1.0.0,not_used,community labels are structural network results; they are not official factions and do not replace original-setting faction metadata
CN7,music,music,breakthesabbath,Break the Sabbath,Break the Sabbath,C-635ff2ec913c4a2e,11,1,CC-635ff2ec913c4a2e,1,0.0,0,0.0018315018315018315,0.0,0,0.0,louvain,intersection_count,100.0,0.0,1.0,20260801,1.0.0,not_used,community labels are structural network results; they are not official factions and do not replace original-setting faction metadata
CN7,music,music,captainmurasa,Captain Murasa,キャプテン・ムラサ,C-6f3279225946297e,12,1,CC-6f3279225946297e,1,0.0,0,0.0018315018315018315,0.0,0,0.0,louvain,intersection_count,100.0,0.0,1.0,20260801,1.0.0,not_used,community labels are structural network results; they are not official factions and do not replace original-setting faction metadata
CN7,music,music,castleexplorerinthesky,Castle Explorer -in the Sky-,Castle Explorer -in the Sky-,C-253db8dfa67f3faa,13,1,CC-253db8dfa67f3faa,1,0.0,0,0.0018315018315018315,0.0,0,0.0,louvain,intersection_count,100.0,0.0,1.0,20260801,1.0.0,not_used,community labels are structural network results; they are not official factions and do not replace original-setting faction metadata
CN7,music,music,completedarkness,Complete Darkness,Complete Darkness,C-d34caf5af506ea2c,14,1,CC-d34caf5af506ea2c,1,0.0,0,0.0018315018315018315,0.0,0,0.0,louvain,intersection_count,100.0,0.0,1.0,20260801,1.0.0,not_used,community labels are structural network results; they are not official factions and do not replace original-setting faction metadata
CN7,music,music,crazybackdancers,Crazy Back Dancers,クレイジーバックダンサーズ,C-815b6b7dafffce9d,15,1,CC-815b6b7dafffce9d,1,0.0,0,0.0018315018315018315,0.0,0,0.0,louvain,intersection_count,100.0,0.0,1.0,20260801,1.0.0,not_used,community labels are structural network results; they are not official factions and do not replace original-setting faction metadata
CN7,music,music,crescentdream,Crescent Dream,Crescent Dream,C-c655ce48bfcc742c,16,1,CC-c655ce48bfcc742c,1,0.0,0,0.0018315018315018315,0.0,0,0.0,louvain,intersection_count,100.0,0.0,1.0,20260801,1.0.0,not_used,community labels are structural network results; they are not official factions and do not replace original-setting faction metadata
CN7,music,music,crystallizesilver,Crystallize Silver,クリスタライズシルバー,C-847bda897324696f,17,1,CC-847bda897324696f,1,0.0,0,0.0018315018315018315,0.0,0,0.0,louvain,intersection_count,100.0,0.0,1.0,20260801,1.0.0,not_used,community labels are structural network results; they are not official factions and do not replace original-setting faction metadata
CN7,music,music,days,Days,Days,C-42dbec7b802cb069,18,1,CC-42dbec7b802cb069,1,0.0,0,0.0018315018315018315,0.0,0,0.0,louvain,intersection_count,100.0,0.0,1.0,20260801,1.0.0,not_used,community labels are structural network results; they are not official factions and do not replace original-setting faction metadata
CN7,music,music,demystifyfeast,Demystify Feast,Demystify Feast,C-b92a4dd1adb6fdc4,19,1,CC-b92a4dd1adb6fdc4,1,0.0,0,0.0018315018315018315,0.0,0,0.0,louvain,intersection_count,100.0,0.0,1.0,20260801,1.0.0,not_used,community labels are structural network results; they are not official factions and do not replace original-setting faction metadata
CN7,music,music,desiredream,Desire Dream,デザイアドリーム,C-62764f037e5a50cb,20,1,CC-62764f037e5a50cb,1,0.0,0,0.0018315018315018315,0.0,0,0.0,louvain,intersection_count,100.0,0.0,1.0,20260801,1.0.0,not_used,community labels are structural network results; they are not official factions and do not replace original-setting faction metadata
CN7,music,music,desiredrive,Desire Drive,デザイアドライブ,C-6c7f9fb6b03ccd6f,21,1,CC-6c7f9fb6b03ccd6f,1,0.0,0,0.0018315018315018315,0.0,0,0.0,louvain,intersection_count,100.0,0.0,1.0,20260801,1.0.0,not_used,community labels are structural network results; they are not official factions and do not replace original-setting faction metadata
CN7,music,music,dimdream,Dim. Dream,Dim. Dream,C-7c33efb9d5f9cfd1,22,1,CC-7c33efb9d5f9cfd1,1,0.0,0,0.0018315018315018315,0.0,0,0.0,louvain,intersection_count,100.0,0.0,1.0,20260801,1.0.0,not_used,community labels are structural network results; they are not official factions and do not replace original-setting faction metadata
CN7,music,music,disastrousgemini,Disastrous Gemini,ディザストラスジェミニ,C-971af6639a32ab3c,23,1,CC-971af6639a32ab3c,1,0.0,0,0.0018315018315018315,0.0,0,0.0,louvain,intersection_count,100.0,0.0,1.0,20260801,1.0.0,not_used,community labels are structural network results; they are not official factions and do not replace original-setting faction metadata
CN7,music,music,dreamexpress,Dream Express,Dream Express,C-5c5350381e3417c6,24,1,CC-5c5350381e3417c6,1,0.0,0,0.0018315018315018315,0.0,0,0.0,louvain,intersection_count,100.0,0.0,1.0,20260801,1.0.0,not_used,community labels are structural network results; they are not official factions and do not replace original-setting faction metadata
CN7,music,music,dreamland,Dream Land,Dream Land,C-12f1bad4797ecf5b,25,1,CC-12f1bad4797ecf5b,1,0.0,0,0.0018315018315018315,0.0,0,0.0,louvain,intersection_count,100.0,0.0,1.0,20260801,1.0.0,not_used,community labels are structural network results; they are not official factions and do not replace original-setting faction metadata
CN7,music,music,dreamypilot,Dreamy pilot,Dreamy pilot,C-80ed38851aa45345,26,1,CC-80ed38851aa45345,1,0.0,0,0.0018315018315018315,0.0,0,0.0,louvain,intersection_count,100.0,0.0,1.0,20260801,1.0.0,not_used,community labels are structural network results; they are not official factions and do not replace original-setting faction metadata
CN7,music,music,drlatency的令人不眠之瞳,Dr. Latency的令人不眠之瞳,Dr.レイテンシーの眠れなくなる瞳,C-1e158758f4370d63,27,1,CC-1e158758f4370d63,1,0.0,0,0.0018315018315018315,0.0,0,0.0,louvain,intersection_count,100.0,0.0,1.0,20260801,1.0.0,not_used,community labels are structural network results; they are not official factions and do not replace original-setting faction metadata
CN7,music,music,endless,Endless,Endless,C-82b3632f6a158720,28,1,CC-82b3632f6a158720,1,0.0,0,0.0018315018315018315,0.0,0,0.0,louvain,intersection_count,100.0,0.0,1.0,20260801,1.0.0,not_used,community labels are structural network results; they are not official factions and do not replace original-setting faction metadata
CN7,music,music,endofdaylight,End of Daylight,End of Daylight,C-23eb14348c639615,29,1,CC-23eb14348c639615,1,0.0,0,0.0018315018315018315,0.0,0,0.0,louvain,intersection_count,100.0,0.0,1.0,20260801,1.0.0,not_used,community labels are structural network results; they are not official factions and do not replace original-setting faction metadata
CN7,music,music,eternaldream幽玄的枫树,Eternal Dream ～ 幽玄的枫树,幽玄の槭樹　～ Eternal Dream,C-33e72afb9031fb26,30,1,CC-33e72afb9031fb26,1,0.0,0,0.0018315018315018315,0.0,0,0.0,louvain,intersection_count,100.0,0.0,1.0,20260801,1.0.0,not_used,community labels are structural network results; they are not official factions and do not replace original-setting faction metadata
CN7,music,music,extendash蓬莱人,Extend Ash ～ 蓬莱人,エクステンドアッシュ　～ 蓬莱人,C-e1cd505332d651cd,31,1,CC-e1cd505332d651cd,1,0.0,0,0.0018315018315018315,0.0,0,0.0,louvain,intersection_count,100.0,0.0,1.0,20260801,1.0.0,not_used,community labels are structural network results; they are not official factions and do not replace original-setting faction metadata
CN7,music,music,extralove,Extra Love,エキストララブ,C-667507673f9dc692,32,1,CC-667507673f9dc692,1,0.0,0,0.0018315018315018315,0.0,0,0.0,louvain,intersection_count,100.0,0.0,1.0,20260801,1.0.0,not_used,community labels are structural network results; they are not official factions and do not replace original-setting faction metadata
CN7,music,music,falloffall,Fall of Fall ～ 秋意渐浓之瀑,フォールオブフォール　～ 秋めく滝,C-ff339eaf346d257a,33,1,CC-ff339eaf346d257a,1,0.0,0,0.0018315018315018315,0.0,0,0.0,louvain,intersection_count,100.0,0.0,1.0,20260801,1.0.0,not_used,community labels are structural network results; they are not official factions and do not replace original-setting faction metadata
CN7,music,music,falsestrawberry,False Strawberry,フォルスストロベリー,C-7f22121e9529c292,34,1,CC-7f22121e9529c292,1,0.0,0,0.0018315018315018315,0.0,0,0.0,louvain,intersection_count,100.0,0.0,1.0,20260801,1.0.0,not_used,community labels are structural network results; they are not official factions and do not replace original-setting faction metadata
CN7,music,music,floweringnight,Flowering Night,フラワリングナイト,C-fefa7834330edda7,35,1,CC-fefa7834330edda7,1,0.0,0,0.0018315018315018315,0.0,0,0.0,louvain,intersection_count,100.0,0.0,1.0,20260801,1.0.0,not_used,community labels are structural network results; they are not official factions and do not replace original-setting faction metadata
CN7,music,music,gameover,Game Over,ゲームオーバー,C-8f068db4d9712356,36,1,CC-8f068db4d9712356,1,0.0,0,0.0018315018315018315,0.0,0,0.0,louvain,intersection_count,100.0,0.0,1.0,20260801,1.0.0,not_used,community labels are structural network results; they are not official factions and do not replace original-setting faction metadata
CN7,music,music,gfree,G Free,G Free,C-a0d518923e363f56,37,1,CC-a0d518923e363f56,1,0.0,0,0.0018315018315018315,0.0,0,0.0,louvain,intersection_count,100.0,0.0,1.0,20260801,1.0.0,not_used,community labels are structural network results; they are not official factions and do not replace original-setting faction metadata
CN7,music,music,ghostlead,Ghost Lead,ゴーストリード,C-885337a19d921ac8,38,1,CC-885337a19d921ac8,1,0.0,0,0.0018315018315018315,0.0,0,0.0,louvain,intersection_count,100.0,0.0,1.0,20260801,1.0.0,not_used,community labels are structural network results; they are not official factions and do not replace original-setting faction metadata
CN7,music,music,heartfeltfancy,Heartfelt Fancy,ハートフェルトファンシー,C-93dde0aaa8e486f8,39,1,CC-93dde0aaa8e486f8,1,0.0,0,0.0018315018315018315,0.0,0,0.0,louvain,intersection_count,100.0,0.0,1.0,20260801,1.0.0,not_used,community labels are structural network results; they are not official factions and do not replace original-setting faction metadata
CN7,music,music,herselves,Herselves,ハーセルヴズ,C-18ec68672aa6afde,40,1,CC-18ec68672aa6afde,1,0.0,0,0.0018315018315018315,0.0,0,0.0,louvain,intersection_count,100.0,0.0,1.0,20260801,1.0.0,not_used,community labels are structural network results; they are not official factions and do not replace original-setting faction metadata
CN7,music,music,highlyresponsivetoprayers,Highly Responsive to Prayers,Highly Responsive to Prayers,C-7345e875d8aebdde,41,1,CC-7345e875d8aebdde,1,0.0,0,0.0018315018315018315,0.0,0,0.0,louvain,intersection_count,100.0,0.0,1.0,20260801,1.0.0,not_used,community labels are structural network results; they are not official factions and do not replace original-setting faction metadata
CN7,music,music,incompleteplot,Incomplete Plot,Incomplete Plot,C-d748c5660a00534f,42,1,CC-d748c5660a00534f,1,0.0,0,0.0018315018315018315,0.0,0,0.0,louvain,intersection_count,100.0,0.0,1.0,20260801,1.0.0,not_used,community labels are structural network results; they are not official factions and do not replace original-setting faction metadata
CN7,music,music,intobackdoor,Into Backdoor,イントゥ・バックドア,C-8498ef37cbc141b8,43,1,CC-8498ef37cbc141b8,1,0.0,0,0.0018315018315018315,0.0,0,0.0,louvain,intersection_count,100.0,0.0,1.0,20260801,1.0.0,not_used,community labels are structural network results; they are not official factions and do not replace original-setting faction metadata
CN7,music,music,inventivecity,Inventive City,Inventive City,C-37c9188d7136f91b,44,1,CC-37c9188d7136f91b,1,0.0,0,0.0018315018315018315,0.0,0,0.0,louvain,intersection_count,100.0,0.0,1.0,20260801,1.0.0,not_used,community labels are structural network results; they are not official factions and do not replace original-setting faction metadata
CN7,music,music,japanesesaga,Japanese Saga,ジャパニーズサーガ,C-9804ec9058437a9c,45,1,CC-9804ec9058437a9c,1,0.0,0,0.0018315018315018315,0.0,0,0.0,louvain,intersection_count,100.0,0.0,1.0,20260801,1.0.0,not_used,community labels are structural network results; they are not official factions and do not replace original-setting faction metadata
CN7,music,music,lastoccultism,Last Occultism ～ 现世的秘术师,ラストオカルティズム　～ 現し世の秘術師,C-88cba30c0a0e4f1a,46,1,CC-88cba30c0a0e4f1a,1,0.0,0,0.0018315018315018315,0.0,0,0.0,louvain,intersection_count,100.0,0.0,1.0,20260801,1.0.0,not_used,community labels are structural network results; they are not official factions and do not replace original-setting faction metadata
CN7,music,music,lastremote,Last Remote,ラストリモート,C-7dd9585274c8c53d,47,1,CC-7dd9585274c8c53d,1,0.0,0,0.0018315018315018315,0.0,0,0.0,louvain,intersection_count,100.0,0.0,1.0,20260801,1.0.0,not_used,community labels are structural network results; they are not official factions and do not replace original-setting faction metadata
CN7,music,music,lastword发动,Lastword发动,,C-49caaac755e0f50d,48,1,CC-49caaac755e0f50d,1,0.0,0,0.0018315018315018315,0.0,0,0.0,louvain,intersection_count,100.0,0.0,1.0,20260801,1.0.0,not_used,community labels are structural network results; they are not official factions and do not replace original-setting faction metadata
CN7,music,music,lockedgirl,Locked Girl ～ 少女密室,ラクトガール　～ 少女密室,C-e02dbef9ae910075,49,1,CC-e02dbef9ae910075,1,0.0,0,0.0018315018315018315,0.0,0,0.0,louvain,intersection_count,100.0,0.0,1.0,20260801,1.0.0,not_used,community labels are structural network results; they are not official factions and do not replace original-setting faction metadata
CN7,music,music,looserain,Loose Rain,ルーズレイン,C-20538c82866eb079,50,1,CC-20538c82866eb079,1,0.0,0,0.0018315018315018315,0.0,0,0.0,louvain,intersection_count,100.0,0.0,1.0,20260801,1.0.0,not_used,community labels are structural network results; they are not official factions and do not replace original-setting faction metadata
CN7,music,music,lotuslove,Lotus Love,Lotus Love,C-0f2c8d0ea0f18e65,51,1,CC-0f2c8d0ea0f18e65,1,0.0,0,0.0018315018315018315,0.0,0,0.0,louvain,intersection_count,100.0,0.0,1.0,20260801,1.0.0,not_used,community labels are structural network results; they are not official factions and do not replace original-setting faction metadata
CN7,music,music,lotusroad,Lotus Road,Lotus Road,C-ca3c41d1e3f827cf,52,1,CC-ca3c41d1e3f827cf,1,0.0,0,0.0018315018315018315,0.0,0,0.0,louvain,intersection_count,100.0,0.0,1.0,20260801,1.0.0,not_used,community labels are structural network results; they are not official factions and do not replace original-setting faction metadata
CN7,music,music,luciddreamer,Lucid Dreamer,ルーシッドドリーマー,C-e6a85894120cf7b5,53,1,CC-e6a85894120cf7b5,1,0.0,0,0.0018315018315018315,0.0,0,0.0,louvain,intersection_count,100.0,0.0,1.0,20260801,1.0.0,not_used,community labels are structural network results; they are not official factions and do not replace original-setting faction metadata
CN7,music,music,lunateelf,Lunate Elf,ルーネイトエルフ,C-96c9ee751d81be59,54,1,CC-96c9ee751d81be59,1,0.0,0,0.0018315018315018315,0.0,0,0.0,louvain,intersection_count,100.0,0.0,1.0,20260801,1.0.0,not_used,community labels are structural network results; they are not official factions and do not replace original-setting faction metadata
CN7,music,music,lunaticdreamer,Lunatic Dreamer,ルナティックドリーマー,C-9448db90d8a1a8c8,55,1,CC-9448db90d8a1a8c8,1,0.0,0,0.0018315018315018315,0.0,0,0.0,louvain,intersection_count,100.0,0.0,1.0,20260801,1.0.0,not_used,community labels are structural network results; they are not official factions and do not replace original-setting faction metadata
CN7,music,music,magicalandhopeless,Magical and Hopeless,Magical and Hopeless,C-84b3310c49cf209d,56,1,CC-84b3310c49cf209d,1,0.0,0,0.0018315018315018315,0.0,0,0.0,louvain,intersection_count,100.0,0.0,1.0,20260801,1.0.0,not_used,community labels are structural network results; they are not official factions and do not replace original-setting faction metadata
CN7,music,music,magicalstorm,Magical Storm,マジカルストーム,C-9212572b330bb8cc,57,1,CC-9212572b330bb8cc,1,0.0,0,0.0018315018315018315,0.0,0,0.0,louvain,intersection_count,100.0,0.0,1.0,20260801,1.0.0,not_used,community labels are structural network results; they are not official factions and do not replace original-setting faction metadata
CN7,music,music,magicoflife,Magic of Life,Magic of Life,C-0d9afcd0b5fc1d67,58,1,CC-0d9afcd0b5fc1d67,1,0.0,0,0.0018315018315018315,0.0,0,0.0,louvain,intersection_count,100.0,0.0,1.0,20260801,1.0.0,not_used,community labels are structural network results; they are not official factions and do not replace original-setting faction metadata
CN7,music,music,magicshopofraspberry,Magic Shop of Raspberry,Magic Shop of Raspberry,C-76c6e88c6ee430ce,59,1,CC-76c6e88c6ee430ce,1,0.0,0,0.0018315018315018315,0.0,0,0.0,louvain,intersection_count,100.0,0.0,1.0,20260801,1.0.0,not_used,community labels are structural network results; they are not official factions and do not replace original-setting faction metadata
CN7,music,music,magusnight,Magus Night,メイガスナイト,C-d112760d9f38cb60,60,1,CC-d112760d9f38cb60,1,0.0,0,0.0018315018315018315,0.0,0,0.0,louvain,intersection_count,100.0,0.0,1.0,20260801,1.0.0,not_used,community labels are structural network results; they are not official factions and do not replace original-setting faction metadata
CN7,music,music,maniacalprincess,Maniacal Princess,Maniacal Princess,C-6ed00f269002a63a,61,1,CC-6ed00f269002a63a,1,0.0,0,0.0018315018315018315,0.0,0,0.0,louvain,intersection_count,100.0,0.0,1.0,20260801,1.0.0,not_used,community labels are structural network results; they are not official factions and do not replace original-setting faction metadata
CN7,music,music,mapledream,Maple Dream...,Maple Dream...,C-87474e9889bd583c,62,1,CC-87474e9889bd583c,1,0.0,0,0.0018315018315018315,0.0,0,0.0,louvain,intersection_count,100.0,0.0,1.0,20260801,1.0.0,not_used,community labels are structural network results; they are not official factions and do not replace original-setting faction metadata
CN7,music,music,maplewise,Maple Wise,メイプルワイズ,C-879e0201d40db914,63,1,CC-879e0201d40db914,1,0.0,0,0.0018315018315018315,0.0,0,0.0,louvain,intersection_count,100.0,0.0,1.0,20260801,1.0.0,not_used,community labels are structural network results; they are not official factions and do not replace original-setting faction metadata
CN7,music,music,midnightspellcard,Midnight Spell Card,ミッドナイトスペルカード,C-1c906ead7fbe7482,64,1,CC-1c906ead7fbe7482,1,0.0,0,0.0018315018315018315,0.0,0,0.0,louvain,intersection_count,100.0,0.0,1.0,20260801,1.0.0,not_used,community labels are structural network results; they are not official factions and do not replace original-setting faction metadata
CN7,music,music,mistlake,Mist Lake,ミストレイク,C-dd5e903b93a283cc,65,1,CC-dd5e903b93a283cc,1,0.0,0,0.0018315018315018315,0.0,0,0.0,louvain,intersection_count,100.0,0.0,1.0,20260801,1.0.0,not_used,community labels are structural network results; they are not official factions and do not replace original-setting faction metadata
CN7,music,music,mushroomwaltz,Mushroom·Waltz,マッシュルーム・ワルツ,C-e1fe7c61857e4455,66,1,CC-e1fe7c61857e4455,1,0.0,0,0.0018315018315018315,0.0,0,0.0,louvain,intersection_count,100.0,0.0,1.0,20260801,1.0.0,not_used,community labels are structural network results; they are not official factions and do not replace original-setting faction metadata
CN7,music,music,mymaidsweetmaid,My Maid Sweet Maid,"My Maid, Sweet Maid",C-b3919e52e5943085,67,1,CC-b3919e52e5943085,1,0.0,0,0.0018315018315018315,0.0,0,0.0,louvain,intersection_count,100.0,0.0,1.0,20260801,1.0.0,not_used,community labels are structural network results; they are not official factions and do not replace original-setting faction metadata
CN7,music,music,mysteriousshrine,Mysterious Shrine,Mysterious Shrine,C-e59ca64ae5c77182,68,1,CC-e59ca64ae5c77182,1,0.0,0,0.0018315018315018315,0.0,0,0.0,louvain,intersection_count,100.0,0.0,1.0,20260801,1.0.0,not_used,community labels are structural network results; they are not official factions and do not replace original-setting faction metadata
CN7,music,music,mysticdream,Mystic Dream,Mystic Dream,C-97baae57c2a45567,69,1,CC-97baae57c2a45567,1,0.0,0,0.0018315018315018315,0.0,0,0.0,louvain,intersection_count,100.0,0.0,1.0,20260801,1.0.0,not_used,community labels are structural network results; they are not official factions and do not replace original-setting faction metadata
CN7,music,music,nativefaith,Native Faith,ネイティブフェイス,C-ad70e6a057c632f4,70,1,CC-ad70e6a057c632f4,1,0.0,0,0.0018315018315018315,0.0,0,0.0,louvain,intersection_count,100.0,0.0,1.0,20260801,1.0.0,not_used,community labels are structural network results; they are not official factions and do not replace original-setting faction metadata
CN7,music,music,necrofantasia,Necro-Fantasia,ネクロファンタジア,C-4f43945999ac8b98,71,1,CC-4f43945999ac8b98,1,0.0,0,0.0018315018315018315,0.0,0,0.0,louvain,intersection_count,100.0,0.0,1.0,20260801,1.0.0,not_used,community labels are structural network results; they are not official factions and do not replace original-setting faction metadata
CN7,music,music,newshound,Newshound,ニュースハウンド,C-0fe9c0fb00e07ac8,72,1,CC-0fe9c0fb00e07ac8,1,0.0,0,0.0018315018315018315,0.0,0,0.0,louvain,intersection_count,100.0,0.0,1.0,20260801,1.0.0,not_used,community labels are structural network results; they are not official factions and do not replace original-setting faction metadata
CN7,music,music,nightmarediary,Nightmare Diary,ナイトメアダイアリー,C-679dea7665bdf243,73,1,CC-679dea7665bdf243,1,0.0,0,0.0018315018315018315,0.0,0,0.0,louvain,intersection_count,100.0,0.0,1.0,20260801,1.0.0,not_used,community labels are structural network results; they are not official factions and do not replace original-setting faction metadata
CN7,music,music,occultattract,Occult Attract,,C-483060a46904e00e,74,1,CC-483060a46904e00e,1,0.0,0,0.0018315018315018315,0.0,0,0.0,louvain,intersection_count,100.0,0.0,1.0,20260801,1.0.0,not_used,community labels are structural network results; they are not official factions and do not replace original-setting faction metadata
CN7,music,music,orientaldarkflight,Oriental Dark Flight,オリエンタルダークフライト,C-de3b9a7d7d2c3adc,75,1,CC-de3b9a7d7d2c3adc,1,0.0,0,0.0018315018315018315,0.0,0,0.0,louvain,intersection_count,100.0,0.0,1.0,20260801,1.0.0,not_used,community labels are structural network results; they are not official factions and do not replace original-setting faction metadata
CN7,music,music,orientalmagician,Oriental Magician,Oriental Magician,C-72bb5a1cefed6417,76,1,CC-72bb5a1cefed6417,1,0.0,0,0.0018315018315018315,0.0,0,0.0,louvain,intersection_count,100.0,0.0,1.0,20260801,1.0.0,not_used,community labels are structural network results; they are not official factions and do not replace original-setting faction metadata
CN7,music,music,outsidercocktail,Outsider Cocktail,アウトサイダーカクテル,C-1e22af28f88b1fea,77,1,CC-1e22af28f88b1fea,1,0.0,0,0.0018315018315018315,0.0,0,0.0,louvain,intersection_count,100.0,0.0,1.0,20260801,1.0.0,not_used,community labels are structural network results; they are not official factions and do not replace original-setting faction metadata
CN7,music,music,pandemonicplanet,Pandemonic Planet,パンデモニックプラネット,C-3418c65f14451f8e,78,1,CC-3418c65f14451f8e,1,0.0,0,0.0018315018315018315,0.0,0,0.0,louvain,intersection_count,100.0,0.0,1.0,20260801,1.0.0,not_used,community labels are structural network results; they are not official factions and do not replace original-setting faction metadata
CN7,music,music,peaceful,Peaceful,Peaceful,C-6ec493ab83e8d565,79,1,CC-6ec493ab83e8d565,1,0.0,0,0.0018315018315018315,0.0,0,0.0,louvain,intersection_count,100.0,0.0,1.0,20260801,1.0.0,not_used,community labels are structural network results; they are not official factions and do not replace original-setting faction metadata
CN7,music,music,peacefulromancer,Peaceful Romancer,Peaceful Romancer,C-7da936f1bcba9f03,80,1,CC-7da936f1bcba9f03,1,0.0,0,0.0018315018315018315,0.0,0,0.0,louvain,intersection_count,100.0,0.0,1.0,20260801,1.0.0,not_used,community labels are structural network results; they are not official factions and do not replace original-setting faction metadata
CN7,music,music,phantasmagoria,Phantasmagoria,Phantasmagoria,C-96f860862721cc9c,81,1,CC-96f860862721cc9c,1,0.0,0,0.0018315018315018315,0.0,0,0.0,louvain,intersection_count,100.0,0.0,1.0,20260801,1.0.0,not_used,community labels are structural network results; they are not official factions and do not replace original-setting faction metadata
CN7,music,music,plainasia,Plain Asia,プレインエイジア,C-2fe9787bbec1ddb9,82,1,CC-2fe9787bbec1ddb9,1,0.0,0,0.0018315018315018315,0.0,0,0.0,louvain,intersection_count,100.0,0.0,1.0,20260801,1.0.0,not_used,community labels are structural network results; they are not official factions and do not replace original-setting faction metadata
CN7,music,music,plasticmind,Plastic Mind,プラスチックマインド,C-dd56bbac41adb270,83,1,CC-dd56bbac41adb270,1,0.0,0,0.0018315018315018315,0.0,0,0.0,louvain,intersection_count,100.0,0.0,1.0,20260801,1.0.0,not_used,community labels are structural network results; they are not official factions and do not replace original-setting faction metadata
CN7,music,music,plasticspace,Plastic Space,,C-9e2cb98bb76314fc,84,1,CC-9e2cb98bb76314fc,1,0.0,0,0.0018315018315018315,0.0,0,0.0,louvain,intersection_count,100.0,0.0,1.0,20260801,1.0.0,not_used,community labels are structural network results; they are not official factions and do not replace original-setting faction metadata
CN7,music,music,playersscore,Player's Score,プレイヤーズスコア,C-db5e52c4db1700f8,85,1,CC-db5e52c4db1700f8,1,0.0,0,0.0018315018315018315,0.0,0,0.0,louvain,intersection_count,100.0,0.0,1.0,20260801,1.0.0,not_used,community labels are structural network results; they are not official factions and do not replace original-setting faction metadata
CN7,music,music,primroseshiver,Primrose Shiver,プリムローズシヴァ,C-f1b787b11dbbea6c,86,1,CC-f1b787b11dbbea6c,1,0.0,0,0.0018315018315018315,0.0,0,0.0,louvain,intersection_count,100.0,0.0,1.0,20260801,1.0.0,not_used,community labels are structural network results; they are not official factions and do not replace original-setting faction metadata
CN7,music,music,purefuries,Pure Furies ～ 心之所在,ピュアヒューリーズ　～ 心の在処,C-e232b6796aa427f1,87,1,CC-e232b6796aa427f1,1,0.0,0,0.0018315018315018315,0.0,0,0.0,louvain,intersection_count,100.0,0.0,1.0,20260801,1.0.0,not_used,community labels are structural network results; they are not official factions and do not replace original-setting faction metadata
CN7,music,music,reincarnation,Reincarnation,リーインカーネイション,C-299fc2afc1a4a6bb,88,1,CC-299fc2afc1a4a6bb,1,0.0,0,0.0018315018315018315,0.0,0,0.0,louvain,intersection_count,100.0,0.0,1.0,20260801,1.0.0,not_used,community labels are structural network results; they are not official factions and do not replace original-setting faction metadata
CN7,music,music,reverseideology,Reverse Ideology,リバースイデオロギー,C-b807e81790d694e2,89,1,CC-b807e81790d694e2,1,0.0,0,0.0018315018315018315,0.0,0,0.0,louvain,intersection_count,100.0,0.0,1.0,20260801,1.0.0,not_used,community labels are structural network results; they are not official factions and do not replace original-setting faction metadata
CN7,music,music,rigidparadise,Rigid Paradise,リジッドパラダイス,C-82043670361985e4,90,1,CC-82043670361985e4,1,0.0,0,0.0018315018315018315,0.0,0,0.0,louvain,intersection_count,100.0,0.0,1.0,20260801,1.0.0,not_used,community labels are structural network results; they are not official factions and do not replace original-setting faction metadata
CN7,music,music,romanticchildren,Romantic Children,Romantic Children,C-98ffe1aa4691b712,91,1,CC-98ffe1aa4691b712,1,0.0,0,0.0018315018315018315,0.0,0,0.0,louvain,intersection_count,100.0,0.0,1.0,20260801,1.0.0,not_used,community labels are structural network results; they are not official factions and do not replace original-setting faction metadata
CN7,music,music,sacredbattle,Sacred Battle,Sacred Battle,C-28e34f7e09d146f8,92,1,CC-28e34f7e09d146f8,1,0.0,0,0.0018315018315018315,0.0,0,0.0,louvain,intersection_count,100.0,0.0,1.0,20260801,1.0.0,not_used,community labels are structural network results; they are not official factions and do not replace original-setting faction metadata
CN7,music,music,sailoroftime,Sailor of Time,Sailor of Time,C-887c0b5c18729262,93,1,CC-887c0b5c18729262,1,0.0,0,0.0018315018315018315,0.0,0,0.0,louvain,intersection_count,100.0,0.0,1.0,20260801,1.0.0,not_used,community labels are structural network results; they are not official factions and do not replace original-setting faction metadata
CN7,music,music,selection,Selection,Selection,C-f14235c831cccd77,94,1,CC-f14235c831cccd77,1,0.0,0,0.0018315018315018315,0.0,0,0.0,louvain,intersection_count,100.0,0.0,1.0,20260801,1.0.0,not_used,community labels are structural network results; they are not official factions and do not replace original-setting faction metadata
CN7,music,music,seleneslight,Selene's light,Selene's light,C-1b80dd0ec89d95f0,95,1,CC-1b80dd0ec89d95f0,1,0.0,0,0.0018315018315018315,0.0,0,0.0,louvain,intersection_count,100.0,0.0,1.0,20260801,1.0.0,not_used,community labels are structural network results; they are not official factions and do not replace original-setting faction metadata
CN7,music,music,shesinatemper,She's in a temper!!,She's in a temper!!,C-bdf817c4e9ee4a25,96,1,CC-bdf817c4e9ee4a25,1,0.0,0,0.0018315018315018315,0.0,0,0.0,louvain,intersection_count,100.0,0.0,1.0,20260801,1.0.0,not_used,community labels are structural network results; they are not official factions and do not replace original-setting faction metadata
CN7,music,music,silkroadalice,Silk Road Alice,シルクロードアリス,C-9d4d9b5d45e4f922,97,1,CC-9d4d9b5d45e4f922,1,0.0,0,0.0018315018315018315,0.0,0,0.0,louvain,intersection_count,100.0,0.0,1.0,20260801,1.0.0,not_used,community labels are structural network results; they are not official factions and do not replace original-setting faction metadata
CN7,music,music,skyruin,Sky Ruin,スカイルーイン,C-0ff60bc1c0a56dbc,98,1,CC-0ff60bc1c0a56dbc,1,0.0,0,0.0018315018315018315,0.0,0,0.0,louvain,intersection_count,100.0,0.0,1.0,20260801,1.0.0,not_used,community labels are structural network results; they are not official factions and do not replace original-setting faction metadata
CN7,music,music,sleepsheepparade,Sleep Sheep·Parade,スリープシープ・パレード,C-11826003f1608ab1,99,1,CC-11826003f1608ab1,1,0.0,0,0.0018315018315018315,0.0,0,0.0,louvain,intersection_count,100.0,0.0,1.0,20260801,1.0.0,not_used,community labels are structural network results; they are not official factions and do not replace original-setting faction metadata
CN7,music,music,starbowdream,Starbow Dream,スターボウドリーム,C-8d362268ca981883,100,1,CC-8d362268ca981883,1,0.0,0,0.0018315018315018315,0.0,0,0.0,louvain,intersection_count,100.0,0.0,1.0,20260801,1.0.0,not_used,community labels are structural network results; they are not official factions and do not replace original-setting faction metadata
CN7,music,music,starvoyage2008,Star Voyage2008,スターヴォヤージュ2008,C-1b09b68cb57ee98d,101,1,CC-1b09b68cb57ee98d,1,0.0,0,0.0018315018315018315,0.0,0,0.0,louvain,intersection_count,100.0,0.0,1.0,20260801,1.0.0,not_used,community labels are structural network results; they are not official factions and do not replace original-setting faction metadata
CN7,music,music,strawberrycrisis,Strawberry Crisis!!,Strawberry Crisis!!,C-f73295139931bc80,102,1,CC-f73295139931bc80,1,0.0,0,0.0018315018315018315,0.0,0,0.0,louvain,intersection_count,100.0,0.0,1.0,20260801,1.0.0,not_used,community labels are structural network results; they are not official factions and do not replace original-setting faction metadata
CN7,music,music,sunnyrutileflection,Sunny Rutile Flection,サニールチルフレクション,C-21f27d8830f64ace,103,1,CC-21f27d8830f64ace,1,0.0,0,0.0018315018315018315,0.0,0,0.0,louvain,intersection_count,100.0,0.0,1.0,20260801,1.0.0,not_used,community labels are structural network results; they are not official factions and do not replace original-setting faction metadata
CN7,music,music,tabularasa空白少女,Tabula rasa ～ 空白少女,Tabula rasa　～ 空白少女,C-b78a4bae59ce4f32,104,1,CC-b78a4bae59ce4f32,1,0.0,0,0.0018315018315018315,0.0,0,0.0,louvain,intersection_count,100.0,0.0,1.0,20260801,1.0.0,not_used,community labels are structural network results; they are not official factions and do not replace original-setting faction metadata
CN7,music,music,thegrimoireofalice,the Grimoire of Alice,the Grimoire of Alice,C-ebf3f0925843c1c2,105,1,CC-ebf3f0925843c1c2,1,0.0,0,0.0018315018315018315,0.0,0,0.0,louvain,intersection_count,100.0,0.0,1.0,20260801,1.0.0,not_used,community labels are structural network results; they are not official factions and do not replace original-setting faction metadata
CN7,music,music,thelastjudgement,the Last Judgement,the Last Judgement,C-4d8a349196e1f623,106,1,CC-4d8a349196e1f623,1,0.0,0,0.0018315018315018315,0.0,0,0.0,louvain,intersection_count,100.0,0.0,1.0,20260801,1.0.0,not_used,community labels are structural network results; they are not official factions and do not replace original-setting faction metadata
CN7,music,music,thelegendofkage,The Legend of KAGE,the Legend of KAGE,C-33484fb98fe9e1d1,107,1,CC-33484fb98fe9e1d1,1,0.0,0,0.0018315018315018315,0.0,0,0.0,louvain,intersection_count,100.0,0.0,1.0,20260801,1.0.0,not_used,community labels are structural network results; they are not official factions and do not replace original-setting faction metadata
CN7,music,music,themeofeasternstory,Theme of Eastern Story,テーマ・オブ・イースタンストーリー,C-71ccb4b8d97d219a,108,1,CC-71ccb4b8d97d219a,1,0.0,0,0.0018315018315018315,0.0,0,0.0,louvain,intersection_count,100.0,0.0,1.0,20260801,1.0.0,not_used,community labels are structural network results; they are not official factions and do not replace original-setting faction metadata
CN7,music,music,thepositiveandnegative,The Positive and Negative,The Positive and Negative,C-4b1e07bcc6ee6ae1,109,1,CC-4b1e07bcc6ee6ae1,1,0.0,0,0.0018315018315018315,0.0,0,0.0,louvain,intersection_count,100.0,0.0,1.0,20260801,1.0.0,not_used,community labels are structural network results; they are not official factions and do not replace original-setting faction metadata
CN7,music,music,titledmaid,Titled Maid,タイトルドメイド,C-0dd6fd09d75f1bce,110,1,CC-0dd6fd09d75f1bce,1,0.0,0,0.0018315018315018315,0.0,0,0.0,louvain,intersection_count,100.0,0.0,1.0,20260801,1.0.0,not_used,community labels are structural network results; they are not official factions and do not replace original-setting faction metadata
CN7,music,music,ultimatetruth,Ultimate Truth,アルティメットトゥルース,C-6fff77b3eeff3e48,111,1,CC-6fff77b3eeff3e48,1,0.0,0,0.0018315018315018315,0.0,0,0.0,louvain,intersection_count,100.0,0.0,1.0,20260801,1.0.0,not_used,community labels are structural network results; they are not official factions and do not replace original-setting faction metadata
CN7,music,music,unowen就是她吗,U.N.OWEN就是她吗？,U.N.オーエンは彼女なのか？,C-098f0d2cf2efbbce,112,1,CC-098f0d2cf2efbbce,1,0.0,0,0.0018315018315018315,0.0,0,0.0,louvain,intersection_count,100.0,0.0,1.0,20260801,1.0.0,not_used,community labels are structural network results; they are not official factions and do not replace original-setting faction metadata
CN7,music,music,voyage1969,Voyage1969,ヴォヤージュ1969,C-f8e01a4068f2a462,113,1,CC-f8e01a4068f2a462,1,0.0,0,0.0018315018315018315,0.0,0,0.0,louvain,intersection_count,100.0,0.0,1.0,20260801,1.0.0,not_used,community labels are structural network results; they are not official factions and do not replace original-setting faction metadata
CN7,music,music,voyage1970,Voyage1970,ヴォヤージュ1970,C-2a1d690ff3644914,114,1,CC-2a1d690ff3644914,1,0.0,0,0.0018315018315018315,0.0,0,0.0,louvain,intersection_count,100.0,0.0,1.0,20260801,1.0.0,not_used,community labels are structural network results; they are not official factions and do not replace original-setting faction metadata
CN7,music,music,witchingdream,Witching Dream,Witching Dream,C-4b62c88f2782d932,115,1,CC-4b62c88f2782d932,1,0.0,0,0.0018315018315018315,0.0,0,0.0,louvain,intersection_count,100.0,0.0,1.0,20260801,1.0.0,not_used,community labels are structural network results; they are not official factions and do not replace original-setting faction metadata
CN7,music,music,witchoflovepotion,Witch of Love Potion,Witch of Love Potion,C-36102a32e8cfc584,116,1,CC-36102a32e8cfc584,1,0.0,0,0.0018315018315018315,0.0,0,0.0,louvain,intersection_count,100.0,0.0,1.0,20260801,1.0.0,not_used,community labels are structural network results; they are not official factions and do not replace original-setting faction metadata
CN7,music,music,七玉搜集大摊牌,七玉搜集大摊牌,七玉蒐集ショウダウン,C-e1cb53cecd12990b,117,1,CC-e1cb53cecd12990b,1,0.0,0,0.0018315018315018315,0.0,0,0.0,louvain,intersection_count,100.0,0.0,1.0,20260801,1.0.0,not_used,community labels are structural network results; they are not official factions and do not replace original-setting faction metadata
CN7,music,music,上海红茶馆,上海红茶馆 ～ Chinese Tea,上海紅茶館　～ Chinese Tea,C-ec88bfa73cd91076,118,1,CC-ec88bfa73cd91076,1,0.0,0,0.0018315018315018315,0.0,0,0.0,louvain,intersection_count,100.0,0.0,1.0,20260801,1.0.0,not_used,community labels are structural network results; they are not official factions and do not replace original-setting faction metadata
CN7,music,music,不可不禁止的游戏,不可不禁止的游戏,禁じざるをえない遊戯,C-c306079f838d2ae5,119,1,CC-c306079f838d2ae5,1,0.0,0,0.0018315018315018315,0.0,0,0.0,louvain,intersection_count,100.0,0.0,1.0,20260801,1.0.0,not_used,community labels are structural network results; they are not official factions and do not replace original-setting faction metadata
CN7,music,music,不可思议之国的爱丽丝,不可思议之国的爱丽丝,不思議の国のアリス,C-c286f827b4368529,120,1,CC-c286f827b4368529,1,0.0,0,0.0018315018315018315,0.0,0,0.0,louvain,intersection_count,100.0,0.0,1.0,20260801,1.0.0,not_used,community labels are structural network results; they are not official factions and do not replace original-setting faction metadata
CN7,music,music,不可思议的驱魔棒,不可思议的驱魔棒,不思議なお祓い棒,C-cfbc457e48dc7c99,121,1,CC-cfbc457e48dc7c99,1,0.0,0,0.0018315018315018315,0.0,0,0.0,louvain,intersection_count,100.0,0.0,1.0,20260801,1.0.0,not_used,community labels are structural network results; they are not official factions and do not replace original-setting faction metadata
CN7,music,music,不灭的赤魂,不灭的赤魂,不滅のレッドソウル,C-356a2d529ba4003d,122,1,CC-356a2d529ba4003d,1,0.0,0,0.0018315018315018315,0.0,0,0.0,louvain,intersection_count,100.0,0.0,1.0,20260801,1.0.0,not_used,community labels are structural network results; they are not official factions and do not replace original-setting faction metadata
CN7,music,music,不自然的自然,不自然的自然,不自然な自然,C-cda3899d9676afd7,123,1,CC-cda3899d9676afd7,1,0.0,0,0.0018315018315018315,0.0,0,0.0,louvain,intersection_count,100.0,0.0,1.0,20260801,1.0.0,not_used,community labels are structural network results; they are not official factions and do not replace original-setting faction metadata
CN7,music,music,丑时三刻的村庄,丑时三刻的村庄,丑三つ時の里,C-0cabf9726f1d932b,124,1,CC-0cabf9726f1d932b,1,0.0,0,0.0018315018315018315,0.0,0,0.0,louvain,intersection_count,100.0,0.0,1.0,20260801,1.0.0,not_used,community labels are structural network results; they are not official factions and do not replace original-setting faction metadata
CN7,music,music,世界的尽头worldsend,世界的尽头 ～ World's End,世界の果て　～ World's End,C-c7912c4745a546d8,125,1,CC-c7912c4745a546d8,1,0.0,0,0.0018315018315018315,0.0,0,0.0,louvain,intersection_count,100.0,0.0,1.0,20260801,1.0.0,not_used,community labels are structural network results; they are not official factions and do not replace original-setting faction metadata
CN7,music,music,业火地幔,业火地幔,業火マントル,C-3916dad8bda165e7,126,1,CC-3916dad8bda165e7,1,0.0,0,0.0018315018315018315,0.0,0,0.0,louvain,intersection_count,100.0,0.0,1.0,20260801,1.0.0,not_used,community labels are structural network results; they are not official factions and do not replace original-setting faction metadata
CN7,music,music,东之国的不眠夜,东之国的不眠夜,東の国の眠らない夜,C-a08bc19e9dcd5e41,127,1,CC-a08bc19e9dcd5e41,1,0.0,0,0.0018315018315018315,0.0,0,0.0,louvain,intersection_count,100.0,0.0,1.0,20260801,1.0.0,not_used,community labels are structural network results; they are not official factions and do not replace original-setting faction metadata
CN7,music,music,东方妖妖梦,东方妖妖梦 ～ Ancient Temple,東方妖々夢　～ Ancient Temple,C-55b8347d5217dba3,128,1,CC-55b8347d5217dba3,1,0.0,0,0.0018315018315018315,0.0,0,0.0,louvain,intersection_count,100.0,0.0,1.0,20260801,1.0.0,not_used,community labels are structural network results; they are not official factions and do not replace original-setting faction metadata
CN7,music,music,东方妖怪小町,东方妖怪小町,東方妖怪小町,C-c1893eef62129869,129,1,CC-c1893eef62129869,1,0.0,0,0.0018315018315018315,0.0,0,0.0,louvain,intersection_count,100.0,0.0,1.0,20260801,1.0.0,not_used,community labels are structural network results; they are not official factions and do not replace original-setting faction metadata
CN7,music,music,东方妖恋谈,东方妖恋谈,東方妖恋談,C-44db8e7ec9e3b543,130,1,CC-44db8e7ec9e3b543,1,0.0,0,0.0018315018315018315,0.0,0,0.0,louvain,intersection_count,100.0,0.0,1.0,20260801,1.0.0,not_used,community labels are structural network results; they are not official factions and do not replace original-setting faction metadata
CN7,music,music,东方封魔录净土曼荼罗,东方封魔录 ～ 净土曼荼罗,東方封魔録　～ 浄土曼荼羅,C-82d9c1e0bd88df39,131,1,CC-82d9c1e0bd88df39,1,0.0,0,0.0018315018315018315,0.0,0,0.0,louvain,intersection_count,100.0,0.0,1.0,20260801,1.0.0,not_used,community labels are structural network results; they are not official factions and do not replace original-setting faction metadata
CN7,music,music,东方封魔录幽幻乱舞,东方封魔录 ～ 幽幻乱舞,東方封魔録　～ 幽幻乱舞,C-2aac8da92ad9e259,132,1,CC-2aac8da92ad9e259,1,0.0,0,0.0018315018315018315,0.0,0,0.0,louvain,intersection_count,100.0,0.0,1.0,20260801,1.0.0,not_used,community labels are structural network results; they are not official factions and do not replace original-setting faction metadata
CN7,music,music,东方怪奇谈,东方怪奇谈,東方怪奇談,C-54c9817c131970e7,133,1,CC-54c9817c131970e7,1,0.0,0,0.0018315018315018315,0.0,0,0.0,louvain,intersection_count,100.0,0.0,1.0,20260801,1.0.0,not_used,community labels are structural network results; they are not official factions and do not replace original-setting faction metadata
CN7,music,music,东方的蓝色天空,东方的蓝色天空,東方の青い空,C-8f81a74971ca607c,134,1,CC-8f81a74971ca607c,1,0.0,0,0.0018315018315018315,0.0,0,0.0,louvain,intersection_count,100.0,0.0,1.0,20260801,1.0.0,not_used,community labels are structural network results; they are not official factions and do not replace original-setting faction metadata
CN7,music,music,东方绯想天,东方绯想天,東方緋想天,C-f1c3ed91a2ab39f0,135,1,CC-f1c3ed91a2ab39f0,1,0.0,0,0.0018315018315018315,0.0,0,0.0,louvain,intersection_count,100.0,0.0,1.0,20260801,1.0.0,not_used,community labels are structural network results; they are not official factions and do not replace original-setting faction metadata
CN7,music,music,东方萃梦想,东方萃梦想,東方萃夢想,C-68721130ca12e733,136,1,CC-68721130ca12e733,1,0.0,0,0.0018315018315018315,0.0,0,0.0,louvain,intersection_count,100.0,0.0,1.0,20260801,1.0.0,not_used,community labels are structural network results; they are not official factions and do not replace original-setting faction metadata
CN7,music,music,东风,东风,あゆのかぜ,C-bb6ea9b26f2c678c,137,1,CC-bb6ea9b26f2c678c,1,0.0,0,0.0018315018315018315,0.0,0,0.0,louvain,intersection_count,100.0,0.0,1.0,20260801,1.0.0,not_used,community labels are structural network results; they are not official factions and do not replace original-setting faction metadata
CN7,music,music,两个世界,两个世界,二つの世界,C-88465161436f11d2,138,1,CC-88465161436f11d2,1,0.0,0,0.0018315018315018315,0.0,0,0.0,louvain,intersection_count,100.0,0.0,1.0,20260801,1.0.0,not_used,community labels are structural network results; they are not official factions and do not replace original-setting faction metadata
CN7,music,music,久远之梦,久远之梦,久遠の夢,C-b8ffbb19abcd6354,139,1,CC-b8ffbb19abcd6354,1,0.0,0,0.0018315018315018315,0.0,0,0.0,louvain,intersection_count,100.0,0.0,1.0,20260801,1.0.0,not_used,community labels are structural network results; they are not official factions and do not replace original-setting faction metadata
CN7,music,music,九月的南瓜,九月的南瓜,九月のパンプキン,C-1b3a9922ae11f729,140,1,CC-1b3a9922ae11f729,1,0.0,0,0.0018315018315018315,0.0,0,0.0,louvain,intersection_count,100.0,0.0,1.0,20260801,1.0.0,not_used,community labels are structural network results; they are not official factions and do not replace original-setting faction metadata
CN7,music,music,争奇斗艳的凭依华,争奇斗艳的凭依华,,C-e47821b96a1a90a5,141,1,CC-e47821b96a1a90a5,1,0.0,0,0.0018315018315018315,0.0,0,0.0,louvain,intersection_count,100.0,0.0,1.0,20260801,1.0.0,not_used,community labels are structural network results; they are not official factions and do not replace original-setting faction metadata
CN7,music,music,二人不值一提的博物志,二人不值一提的博物志,他愛も無い二人の博物誌,C-69eb035b1fbb47cc,142,1,CC-69eb035b1fbb47cc,1,0.0,0,0.0018315018315018315,0.0,0,0.0,louvain,intersection_count,100.0,0.0,1.0,20260801,1.0.0,not_used,community labels are structural network results; they are not official factions and do not replace original-setting faction metadata
CN7,music,music,二色莲花蝶,二色莲花蝶,二色蓮花蝶,C-e557cba0effd8f0d,143,1,CC-e557cba0effd8f0d,1,0.0,0,0.0018315018315018315,0.0,0,0.0,louvain,intersection_count,100.0,0.0,1.0,20260801,1.0.0,not_used,community labels are structural network results; they are not official factions and do not replace original-setting faction metadata
CN7,music,music,云外苍天,云外苍天,雲外蒼天,C-6a7def8c4f539f12,144,1,CC-6a7def8c4f539f12,1,0.0,0,0.0018315018315018315,0.0,0,0.0,louvain,intersection_count,100.0,0.0,1.0,20260801,1.0.0,not_used,community labels are structural network results; they are not official factions and do not replace original-setting faction metadata
CN7,music,music,亡失的情感,亡失的情感,亡失のエモーション,C-66f1066ef8656fbb,145,1,CC-66f1066ef8656fbb,1,0.0,0,0.0018315018315018315,0.0,0,0.0,louvain,intersection_count,100.0,0.0,1.0,20260801,1.0.0,not_used,community labels are structural network results; they are not official factions and do not replace original-setting faction metadata
CN7,music,music,人偶之森,人偶之森,人形の森,C-ff74013dbe5d2888,146,1,CC-ff74013dbe5d2888,1,0.0,0,0.0018315018315018315,0.0,0,0.0,louvain,intersection_count,100.0,0.0,1.0,20260801,1.0.0,not_used,community labels are structural network results; they are not official factions and do not replace original-setting faction metadata
CN7,music,music,人偶存在的风景,人偶存在的风景,人形のある風景,C-209507a32ea1229a,147,1,CC-209507a32ea1229a,1,0.0,0,0.0018315018315018315,0.0,0,0.0,louvain,intersection_count,100.0,0.0,1.0,20260801,1.0.0,not_used,community labels are structural network results; they are not official factions and do not replace original-setting faction metadata
CN7,music,music,人偶裁判,人偶裁判,人形裁判,C-a4f2949956d11bbc,148,1,CC-a4f2949956d11bbc,1,0.0,0,0.0018315018315018315,0.0,0,0.0,louvain,intersection_count,100.0,0.0,1.0,20260801,1.0.0,not_used,community labels are structural network results; they are not official factions and do not replace original-setting faction metadata
CN7,music,music,亿万劫之钟,亿万劫之钟,,C-ed6d2b6afdde5f9a,149,1,CC-ed6d2b6afdde5f9a,1,0.0,0,0.0018315018315018315,0.0,0,0.0,louvain,intersection_count,100.0,0.0,1.0,20260801,1.0.0,not_used,community labels are structural network results; they are not official factions and do not replace original-setting faction metadata
CN7,music,music,今宵是飘逸的自我主义者,今宵是飘逸的自我主义者(Live ver) ～ Egoistic Flowers.,今宵は飄逸なエゴイスト(Live ver)　～ Egoistic Flowers.,C-cb47d35d48d60745,150,1,CC-cb47d35d48d60745,1,0.0,0,0.0018315018315018315,0.0,0,0.0,louvain,intersection_count,100.0,0.0,1.0,20260801,1.0.0,not_used,community labels are structural network results; they are not official factions and do not replace original-setting faction metadata
CN7,music,music,今昔幻想乡,今昔幻想乡 ～ Flower Land,今昔幻想郷　～ Flower Land,C-6117c55c9700ccbf,151,1,CC-6117c55c9700ccbf,1,0.0,0,0.0018315018315018315,0.0,0,0.0,louvain,intersection_count,100.0,0.0,1.0,20260801,1.0.0,not_used,community labels are structural network results; they are not official factions and do not replace original-setting faction metadata
CN7,music,music,从神社所见之月,从神社所见之月,神社から見える月,C-afe18f886afa0469,152,1,CC-afe18f886afa0469,1,0.0,0,0.0018315018315018315,0.0,0,0.0,louvain,intersection_count,100.0,0.0,1.0,20260801,1.0.0,not_used,community labels are structural network results; they are not official factions and do not replace original-setting faction metadata
CN7,music,music,令人怀念的东方之血,令人怀念的东方之血 ～ Old World,懐かしき東方の血　～ Old World,C-3c7366bccdee3bd3,153,1,CC-3c7366bccdee3bd3,1,0.0,0,0.0018315018315018315,0.0,0,0.0,louvain,intersection_count,100.0,0.0,1.0,20260801,1.0.0,not_used,community labels are structural network results; they are not official factions and do not replace original-setting faction metadata
CN7,music,music,以死相赌,以死相赌,死を賭して,C-0917d6d1c426f36e,154,1,CC-0917d6d1c426f36e,1,0.0,0,0.0018315018315018315,0.0,0,0.0,louvain,intersection_count,100.0,0.0,1.0,20260801,1.0.0,not_used,community labels are structural network results; they are not official factions and do not replace original-setting faction metadata
CN7,music,music,以犯规对不可能的弹幕,以犯规对不可能的弹幕,不可能弾幕には反則を,C-084193d0d7983f54,155,1,CC-084193d0d7983f54,1,0.0,0,0.0018315018315018315,0.0,0,0.0,louvain,intersection_count,100.0,0.0,1.0,20260801,1.0.0,not_used,community labels are structural network results; they are not official factions and do not replace original-setting faction metadata
CN7,music,music,以鱼驱蝇,以鱼驱蝇,以魚駆蠅,C-c14509fdf03b5f35,156,1,CC-c14509fdf03b5f35,1,0.0,0,0.0018315018315018315,0.0,0,0.0,louvain,intersection_count,100.0,0.0,1.0,20260801,1.0.0,not_used,community labels are structural network results; they are not official factions and do not replace original-setting faction metadata
CN7,music,music,仰空,仰空,仰空,C-405ce344ce11e8f4,157,1,CC-405ce344ce11e8f4,1,0.0,0,0.0018315018315018315,0.0,0,0.0,louvain,intersection_count,100.0,0.0,1.0,20260801,1.0.0,not_used,community labels are structural network results; they are not official factions and do not replace original-setting faction metadata
CN7,music,music,价值不明,价值不明,価値がわからない,C-6044d32cd1055379,158,1,CC-6044d32cd1055379,1,0.0,0,0.0018315018315018315,0.0,0,0.0,louvain,intersection_count,100.0,0.0,1.0,20260801,1.0.0,not_used,community labels are structural network results; they are not official factions and do not replace original-setting faction metadata
CN7,music,music,伊奘诺物质,伊奘诺物质,イザナギオブジェクト,C-214d5336282b3a61,159,1,CC-214d5336282b3a61,1,0.0,0,0.0018315018315018315,0.0,0,0.0,louvain,intersection_count,100.0,0.0,1.0,20260801,1.0.0,not_used,community labels are structural network results; they are not official factions and do not replace original-setting faction metadata
CN7,music,music,伏瓦鲁魔法图书馆,伏瓦鲁魔法图书馆,ヴワル魔法図書館,C-753ab1dbc71c4330,160,1,CC-753ab1dbc71c4330,1,0.0,0,0.0018315018315018315,0.0,0,0.0,louvain,intersection_count,100.0,0.0,1.0,20260801,1.0.0,not_used,community labels are structural network results; they are not official factions and do not replace original-setting faction metadata
CN7,music,music,众神眷恋的幻想乡,众神眷恋的幻想乡,神々が恋した幻想郷,C-8f7f78630938fd2e,161,1,CC-8f7f78630938fd2e,1,0.0,0,0.0018315018315018315,0.0,0,0.0,louvain,intersection_count,100.0,0.0,1.0,20260801,1.0.0,not_used,community labels are structural network results; they are not official factions and do not replace original-setting faction metadata
CN7,music,music,会受稻田姬的斥责啦,会受稻田姬的斥责啦,稲田姫様に叱られるから,C-e847ac0980ce15c7,162,1,CC-e847ac0980ce15c7,1,0.0,0,0.0018315018315018315,0.0,0,0.0,louvain,intersection_count,100.0,0.0,1.0,20260801,1.0.0,not_used,community labels are structural network results; they are not official factions and do not replace original-setting faction metadata
CN7,music,music,传说中的仙境,传说中的仙境,昔話わんだーらんど,C-0427592912e28e84,163,1,CC-0427592912e28e84,1,0.0,0,0.0018315018315018315,0.0,0,0.0,louvain,intersection_count,100.0,0.0,1.0,20260801,1.0.0,not_used,community labels are structural network results; they are not official factions and do not replace original-setting faction metadata
CN7,music,music,传说的巨神,传说的巨神,伝説の巨神,C-d070059025ca0dd7,164,1,CC-d070059025ca0dd7,1,0.0,0,0.0018315018315018315,0.0,0,0.0,louvain,intersection_count,100.0,0.0,1.0,20260801,1.0.0,not_used,community labels are structural network results; they are not official factions and do not replace original-setting faction metadata
CN7,music,music,佐渡的二岩,佐渡的二岩,佐渡の二ッ岩,C-0862f908f74982c2,165,1,CC-0862f908f74982c2,1,0.0,0,0.0018315018315018315,0.0,0,0.0,louvain,intersection_count,100.0,0.0,1.0,20260801,1.0.0,not_used,community labels are structural network results; they are not official factions and do not replace original-setting faction metadata
CN7,music,music,你所在之城的怪事,你所在之城的怪事,あなたの町の怪事件,C-d5f353f817134764,166,1,CC-d5f353f817134764,1,0.0,0,0.0018315018315018315,0.0,0,0.0,louvain,intersection_count,100.0,0.0,1.0,20260801,1.0.0,not_used,community labels are structural network results; they are not official factions and do not replace original-setting faction metadata
CN7,music,music,你见到了那个影子吗,你见到了那个影子吗,君はあの影を見たか,C-44af1f36b7a9d5e4,167,1,CC-44af1f36b7a9d5e4,1,0.0,0,0.0018315018315018315,0.0,0,0.0,louvain,intersection_count,100.0,0.0,1.0,20260801,1.0.0,not_used,community labels are structural network results; they are not official factions and do not replace original-setting faction metadata
CN7,music,music,俄耳甫斯的诗pseudoclassic,俄耳甫斯的诗 ～ Pseudoclassic,オルフェの詩　～ Pseudoclassic,C-ed5dc2c40ad9d79f,168,1,CC-ed5dc2c40ad9d79f,1,0.0,0,0.0018315018315018315,0.0,0,0.0,louvain,intersection_count,100.0,0.0,1.0,20260801,1.0.0,not_used,community labels are structural network results; they are not official factions and do not replace original-setting faction metadata
CN7,music,music,信仰是为了虚幻之人,信仰是为了虚幻之人,信仰は儚き人間の為に,C-7f2917d6c75ca470,169,1,CC-7f2917d6c75ca470,1,0.0,0,0.0018315018315018315,0.0,0,0.0,louvain,intersection_count,100.0,0.0,1.0,20260801,1.0.0,not_used,community labels are structural network results; they are not official factions and do not replace original-setting faction metadata
CN7,music,music,光辉的天球仪,光辉的天球仪,光輝く天球儀,C-1ccd485588fc44d9,170,1,CC-1ccd485588fc44d9,1,0.0,0,0.0018315018315018315,0.0,0,0.0,louvain,intersection_count,100.0,0.0,1.0,20260801,1.0.0,not_used,community labels are structural network results; they are not official factions and do not replace original-setting faction metadata
CN7,music,music,克服万千之试炼,克服万千之试炼,千の試練を超えて,C-e53770d601e0bc9c,171,1,CC-e53770d601e0bc9c,1,0.0,0,0.0018315018315018315,0.0,0,0.0,louvain,intersection_count,100.0,0.0,1.0,20260801,1.0.0,not_used,community labels are structural network results; they are not official factions and do not replace original-setting faction metadata
CN7,music,music,兔已着陆,兔已着陆,兎は舞い降りた,C-bfe56d61bcf81eec,172,1,CC-bfe56d61bcf81eec,1,0.0,0,0.0018315018315018315,0.0,0,0.0,louvain,intersection_count,100.0,0.0,1.0,20260801,1.0.0,not_used,community labels are structural network results; they are not official factions and do not replace original-setting faction metadata
CN7,music,music,公正的争夺,公正的争夺,公正なる奪い合い,C-730f45b0a36e7471,173,1,CC-730f45b0a36e7471,1,0.0,0,0.0018315018315018315,0.0,0,0.0,louvain,intersection_count,100.0,0.0,1.0,20260801,1.0.0,not_used,community labels are structural network results; they are not official factions and do not replace original-setting faction metadata
CN7,music,music,内心,内心,裏心,C-2fe057d7805de911,174,1,CC-2fe057d7805de911,1,0.0,0,0.0018315018315018315,0.0,0,0.0,louvain,intersection_count,100.0,0.0,1.0,20260801,1.0.0,not_used,community labels are structural network results; they are not official factions and do not replace original-setting faction metadata
CN7,music,music,冷吟闲醉,冷吟闲醉,冷吟閑酔,C-a0dcc6748d46a39e,175,1,CC-a0dcc6748d46a39e,1,0.0,0,0.0018315018315018315,0.0,0,0.0,louvain,intersection_count,100.0,0.0,1.0,20260801,1.0.0,not_used,community labels are structural network results; they are not official factions and do not replace original-setting faction metadata
CN7,music,music,冻结的永远之都,冻结的永远之都,凍り付いた永遠の都,C-08c7a3b57e641d4f,176,1,CC-08c7a3b57e641d4f,1,0.0,0,0.0018315018315018315,0.0,0,0.0,louvain,intersection_count,100.0,0.0,1.0,20260801,1.0.0,not_used,community labels are structural network results; they are not official factions and do not replace original-setting faction metadata
CN7,music,music,凋叶棕,凋叶棕（withered leaf）,ティアオイエツォン(withered leaf),C-9059767cc3703bb7,177,1,CC-9059767cc3703bb7,1,0.0,0,0.0018315018315018315,0.0,0,0.0,louvain,intersection_count,100.0,0.0,1.0,20260801,1.0.0,not_used,community labels are structural network results; they are not official factions and do not replace original-setting faction metadata
CN7,music,music,凭依华,凭依华,,C-69abf0f8ad5084ac,178,1,CC-69abf0f8ad5084ac,1,0.0,0,0.0018315018315018315,0.0,0,0.0,louvain,intersection_count,100.0,0.0,1.0,20260801,1.0.0,not_used,community labels are structural network results; they are not official factions and do not replace original-setting faction metadata
CN7,music,music,凭坐处于梦与现实之间,凭坐处于梦与现实之间 ～ Necro-Fantasia,憑坐は夢と現の間に　～ Necro-Fantasia,C-10092f9c61ecfb39,179,1,CC-10092f9c61ecfb39,1,0.0,0,0.0018315018315018315,0.0,0,0.0,louvain,intersection_count,100.0,0.0,1.0,20260801,1.0.0,not_used,community labels are structural network results; they are not official factions and do not replace original-setting faction metadata
CN7,music,music,凭投依合,凭投依合,憑依投合,C-120d1a996432ea79,180,1,CC-120d1a996432ea79,1,0.0,0,0.0018315018315018315,0.0,0,0.0,louvain,intersection_count,100.0,0.0,1.0,20260801,1.0.0,not_used,community labels are structural network results; they are not official factions and do not replace original-setting faction metadata
CN7,music,music,出演者选择,出演者选择,,C-739e386343023540,181,1,CC-739e386343023540,1,0.0,0,0.0018315018315018315,0.0,0,0.0,louvain,intersection_count,100.0,0.0,1.0,20260801,1.0.0,not_used,community labels are structural network results; they are not official factions and do not replace original-setting faction metadata
CN7,music,music,前所未见的噩梦世界,前所未见的噩梦世界,見た事も無い悪夢の世界,C-6ca920f8626946de,182,1,CC-6ca920f8626946de,1,0.0,0,0.0018315018315018315,0.0,0,0.0,louvain,intersection_count,100.0,0.0,1.0,20260801,1.0.0,not_used,community labels are structural network results; they are not official factions and do not replace original-setting faction metadata
CN7,music,music,剧毒身体,剧毒身体 ～ Forsaken Doll,ポイズンボディ　～ Forsaken Doll,C-a163fa9a9a338838,183,1,CC-a163fa9a9a338838,1,0.0,0,0.0018315018315018315,0.0,0,0.0,louvain,intersection_count,100.0,0.0,1.0,20260801,1.0.0,not_used,community labels are structural network results; they are not official factions and do not replace original-setting faction metadata
CN7,music,music,千年幻想乡,千年幻想乡 ～ History of the Moon,千年幻想郷　～ History of the Moon,C-338d0ca5bf10e514,184,1,CC-338d0ca5bf10e514,1,0.0,0,0.0018315018315018315,0.0,0,0.0,louvain,intersection_count,100.0,0.0,1.0,20260801,1.0.0,not_used,community labels are structural network results; they are not official factions and do not replace original-setting faction metadata
CN7,music,music,午夜的妖精舞会,午夜的妖精舞会,真夜中のフェアリーダンス,C-e01a1c14de77892a,185,1,CC-e01a1c14de77892a,1,0.0,0,0.0018315018315018315,0.0,0,0.0,louvain,intersection_count,100.0,0.0,1.0,20260801,1.0.0,not_used,community labels are structural network results; they are not official factions and do not replace original-setting faction metadata
CN7,music,music,华之幻想红梦之宙,华之幻想 红梦之宙,華の幻想　紅夢の宙,C-de1a9b4dd32e63d6,186,1,CC-de1a9b4dd32e63d6,1,0.0,0,0.0018315018315018315,0.0,0,0.0,louvain,intersection_count,100.0,0.0,1.0,20260801,1.0.0,not_used,community labels are structural network results; they are not official factions and do not replace original-setting faction metadata
CN7,music,music,华狭间的战场,华狭间的战场,華狭間のバトルフィールド,C-e76f6c7c54a2c9cb,187,1,CC-e76f6c7c54a2c9cb,1,0.0,0,0.0018315018315018315,0.0,0,0.0,louvain,intersection_count,100.0,0.0,1.0,20260801,1.0.0,not_used,community labels are structural network results; they are not official factions and do not replace original-setting faction metadata
CN7,music,music,华胥之梦,华胥之梦,華胥の夢,C-e0115d3dad4abe71,188,1,CC-e0115d3dad4abe71,1,0.0,0,0.0018315018315018315,0.0,0,0.0,louvain,intersection_count,100.0,0.0,1.0,20260801,1.0.0,not_used,community labels are structural network results; they are not official factions and do not replace original-setting faction metadata
CN7,music,music,博丽easternwind,博丽 ～ Eastern Wind,博麗　～ Eastern Wind,C-2c6632b214c9ee3f,189,1,CC-2c6632b214c9ee3f,1,0.0,0,0.0018315018315018315,0.0,0,0.0,louvain,intersection_count,100.0,0.0,1.0,20260801,1.0.0,not_used,community labels are structural network results; they are not official factions and do not replace original-setting faction metadata
CN7,music,music,博丽神社境内,博丽神社境内,博麗神社境内,C-6c00fbc10247668f,190,1,CC-6c00fbc10247668f,1,0.0,0,0.0018315018315018315,0.0,0,0.0,louvain,intersection_count,100.0,0.0,1.0,20260801,1.0.0,not_used,community labels are structural network results; they are not official factions and do not replace original-setting faction metadata
CN7,music,music,卡纳维拉尔角的梦幻少女,卡纳维拉尔角的梦幻少女,カナベラルの夢幻少女,C-308b4572735a3724,191,1,CC-308b4572735a3724,1,0.0,0,0.0018315018315018315,0.0,0,0.0,louvain,intersection_count,100.0,0.0,1.0,20260801,1.0.0,not_used,community labels are structural network results; they are not official factions and do not replace original-setting faction metadata
CN7,music,music,卫星露天咖啡座,卫星露天咖啡座,衛星カフェテラス,C-154cf57046c4fdc8,192,1,CC-154cf57046c4fdc8,1,0.0,0,0.0018315018315018315,0.0,0,0.0,louvain,intersection_count,100.0,0.0,1.0,20260801,1.0.0,not_used,community labels are structural network results; they are not official factions and do not replace original-setting faction metadata
CN7,music,music,卫星鸟船,卫星鸟船,衛星トリフネ,C-8a5ee6fc77baca6c,193,1,CC-8a5ee6fc77baca6c,1,0.0,0,0.0018315018315018315,0.0,0,0.0,louvain,intersection_count,100.0,0.0,1.0,20260801,1.0.0,not_used,community labels are structural network results; they are not official factions and do not replace original-setting faction metadata
CN7,music,music,厄神降临之路,厄神降临之路 ～ Dark Road,厄神様の通り道　～ Dark Road,C-2e94e0b7cf7a6afa,194,1,CC-2e94e0b7cf7a6afa,1,0.0,0,0.0018315018315018315,0.0,0,0.0,louvain,intersection_count,100.0,0.0,1.0,20260801,1.0.0,not_used,community labels are structural network results; they are not official factions and do not replace original-setting faction metadata
CN7,music,music,原初的节拍,原初的节拍 ～ Pristine Beat,始原のビート　～ Pristine Beat,C-720bc8010664c88f,195,1,CC-720bc8010664c88f,1,0.0,0,0.0018315018315018315,0.0,0,0.0,louvain,intersection_count,100.0,0.0,1.0,20260801,1.0.0,not_used,community labels are structural network results; they are not official factions and do not replace original-setting faction metadata
CN7,music,music,古老的元神,古老的元神,古きユアンシェン,C-4935adb2ca078df6,196,1,CC-4935adb2ca078df6,1,0.0,0,0.0018315018315018315,0.0,0,0.0,louvain,intersection_count,100.0,0.0,1.0,20260801,1.0.0,not_used,community labels are structural network results; they are not official factions and do not replace original-setting faction metadata
CN7,music,music,古老的冥界寺,古老的冥界寺,古の冥界寺,C-1734f4af3ff7124f,197,1,CC-1734f4af3ff7124f,1,0.0,0,0.0018315018315018315,0.0,0,0.0,louvain,intersection_count,100.0,0.0,1.0,20260801,1.0.0,not_used,community labels are structural network results; they are not official factions and do not replace original-setting faction metadata
CN7,music,music,另一侧的月,另一侧的月,向こう側の月,C-9266c3c126d57979,198,1,CC-9266c3c126d57979,1,0.0,0,0.0018315018315018315,0.0,0,0.0,louvain,intersection_count,100.0,0.0,1.0,20260801,1.0.0,not_used,community labels are structural network results; they are not official factions and do not replace original-setting faction metadata
CN7,music,music,可悲的人偶dollofmisery,可悲的人偶 ～ Doll of Misery,悲しき人形　～ Doll of Misery,C-5b850adc7d63b47a,199,1,CC-5b850adc7d63b47a,1,0.0,0,0.0018315018315018315,0.0,0,0.0,louvain,intersection_count,100.0,0.0,1.0,20260801,1.0.0,not_used,community labels are structural network results; they are not official factions and do not replace original-setting faction metadata
CN7,music,music,可爱的大战争叠奏曲,可爱的大战争叠奏曲,可愛い大戦争のリフレーン,C-2c8a1a600d284b23,200,1,CC-2c8a1a600d284b23,1,0.0,0,0.0018315018315018315,0.0,0,0.0,louvain,intersection_count,100.0,0.0,1.0,20260801,1.0.0,not_used,community labels are structural network results; they are not official factions and do not replace original-setting faction metadata
CN7,music,music,可爱的恶魔innocence,可爱的恶魔 ～ Innocence,かわいい悪魔　～ Innocence,C-5a72f009a7a46140,201,1,CC-5a72f009a7a46140,1,0.0,0,0.0018315018315018315,0.0,0,0.0,louvain,intersection_count,100.0,0.0,1.0,20260801,1.0.0,not_used,community labels are structural network results; they are not official factions and do not replace original-setting faction metadata
CN7,music,music,各自的结局,各自的结局,各々の結末,C-90d00eae74b5c0b9,202,1,CC-90d00eae74b5c0b9,1,0.0,0,0.0018315018315018315,0.0,0,0.0,louvain,intersection_count,100.0,0.0,1.0,20260801,1.0.0,not_used,community labels are structural network results; they are not official factions and do not replace original-setting faction metadata
CN7,music,music,合缘奇缘,合缘奇缘,合縁奇縁,C-d7f022427d4a0342,203,1,CC-d7f022427d4a0342,1,0.0,0,0.0018315018315018315,0.0,0,0.0,louvain,intersection_count,100.0,0.0,1.0,20260801,1.0.0,not_used,community labels are structural network results; they are not official factions and do not replace original-setting faction metadata
CN7,music,music,同归于尽,同归于尽,,C-a7d388b68b277b12,204,1,CC-a7d388b68b277b12,1,0.0,0,0.0018315018315018315,0.0,0,0.0,louvain,intersection_count,100.0,0.0,1.0,20260801,1.0.0,not_used,community labels are structural network results; they are not official factions and do not replace original-setting faction metadata
CN7,music,music,后院的妖怪参拜道,后院的妖怪参拜道,妖怪裏参道,C-34e3af06431db320,205,1,CC-34e3af06431db320,1,0.0,0,0.0018315018315018315,0.0,0,0.0,louvain,intersection_count,100.0,0.0,1.0,20260801,1.0.0,not_used,community labels are structural network results; they are not official factions and do not replace original-setting faction metadata
CN7,music,music,含苞待放的凭依华,含苞待放的凭依华,,C-ce3bae2799b70cd3,206,1,CC-ce3bae2799b70cd3,1,0.0,0,0.0018315018315018315,0.0,0,0.0,louvain,intersection_count,100.0,0.0,1.0,20260801,1.0.0,not_used,community labels are structural network results; they are not official factions and do not replace original-setting faction metadata
CN7,music,music,命运的阴暗面,命运的阴暗面,運命のダークサイド,C-5d2759e2e6608437,207,1,CC-5d2759e2e6608437,1,0.0,0,0.0018315018315018315,0.0,0,0.0,louvain,intersection_count,100.0,0.0,1.0,20260801,1.0.0,not_used,community labels are structural network results; they are not official factions and do not replace original-setting faction metadata
CN7,music,music,哈德曼的妖怪少女,哈德曼的妖怪少女,ハルトマンの妖怪少女,C-60992152d164030a,208,1,CC-60992152d164030a,1,0.0,0,0.0018315018315018315,0.0,0,0.0,louvain,intersection_count,100.0,0.0,1.0,20260801,1.0.0,not_used,community labels are structural network results; they are not official factions and do not replace original-setting faction metadata
CN7,music,music,嘲讽的游戏,嘲讽的游戏,嘲りの遊戯,C-7fbae21b468f89e9,209,1,CC-7fbae21b468f89e9,1,0.0,0,0.0018315018315018315,0.0,0,0.0,louvain,intersection_count,100.0,0.0,1.0,20260801,1.0.0,not_used,community labels are structural network results; they are not official factions and do not replace original-setting faction metadata
CN7,music,music,噩梦日记,噩梦日记,悪夢日記,C-f076459d501451e8,210,1,CC-f076459d501451e8,1,0.0,0,0.0018315018315018315,0.0,0,0.0,louvain,intersection_count,100.0,0.0,1.0,20260801,1.0.0,not_used,community labels are structural network results; they are not official factions and do not replace original-setting faction metadata
CN7,music,music,回忆京都,回忆京都,レトロスペクティブ京都,C-8314e0f51275af02,211,1,CC-8314e0f51275af02,1,0.0,0,0.0018315018315018315,0.0,0,0.0,louvain,intersection_count,100.0,0.0,1.0,20260801,1.0.0,not_used,community labels are structural network results; they are not official factions and do not replace original-setting faction metadata
CN7,music,music,圣德传说,圣德传说 ～ True Administrator,聖徳伝説　～ True Administrator,C-0b7c3c87ec40625c,212,1,CC-0b7c3c87ec40625c,1,0.0,0,0.0018315018315018315,0.0,0,0.0,louvain,intersection_count,100.0,0.0,1.0,20260801,1.0.0,not_used,community labels are structural network results; they are not official factions and do not replace original-setting faction metadata
CN7,music,music,圣辇船飞向天空,圣辇船飞向天空,聖輦船空を往く,C-8423646b120ff9fa,213,1,CC-8423646b120ff9fa,1,0.0,0,0.0018315018315018315,0.0,0,0.0,louvain,intersection_count,100.0,0.0,1.0,20260801,1.0.0,not_used,community labels are structural network results; they are not official factions and do not replace original-setting faction metadata
CN7,music,music,在深绿的狸森里,在深绿的狸森里,深緑の狸森にて,C-eedd7a9047f83502,214,1,CC-eedd7a9047f83502,1,0.0,0,0.0018315018315018315,0.0,0,0.0,louvain,intersection_count,100.0,0.0,1.0,20260801,1.0.0,not_used,community labels are structural network results; they are not official factions and do not replace original-setting faction metadata
CN7,music,music,在美妙的墓地里住下吧,在美妙的墓地里住下吧,素敵な墓場で暮しましょ,C-d9b1ab8fa0a2059b,215,1,CC-d9b1ab8fa0a2059b,1,0.0,0,0.0018315018315018315,0.0,0,0.0,louvain,intersection_count,100.0,0.0,1.0,20260801,1.0.0,not_used,community labels are structural network results; they are not official factions and do not replace original-setting faction metadata
CN7,music,music,地之色乃黄色地之色乃黄色primrose,地之色乃黄色（地之色乃黄色　～ Primrose）,,C-70333eb0cd9574ff,216,1,CC-70333eb0cd9574ff,1,0.0,0,0.0018315018315018315,0.0,0,0.0,louvain,intersection_count,100.0,0.0,1.0,20260801,1.0.0,not_used,community labels are structural network results; they are not official factions and do not replace original-setting faction metadata
CN7,music,music,地底绽放的蔷薇,地底绽放的蔷薇,地底に咲く薔薇,C-9c1d4abd26845889,217,1,CC-9c1d4abd26845889,1,0.0,0,0.0018315018315018315,0.0,0,0.0,louvain,intersection_count,100.0,0.0,1.0,20260801,1.0.0,not_used,community labels are structural network results; they are not official factions and do not replace original-setting faction metadata
CN7,music,music,地灵们的归家,地灵们的归家,地霊達の帰宅,C-cf10a62b7a51d568,218,1,CC-cf10a62b7a51d568,1,0.0,0,0.0018315018315018315,0.0,0,0.0,louvain,intersection_count,100.0,0.0,1.0,20260801,1.0.0,not_used,community labels are structural network results; they are not official factions and do not replace original-setting faction metadata
CN7,music,music,地灵们的起床,地灵们的起床,地霊達の起床,C-46f9bbfbbd10f102,219,1,CC-46f9bbfbbd10f102,1,0.0,0,0.0018315018315018315,0.0,0,0.0,louvain,intersection_count,100.0,0.0,1.0,20260801,1.0.0,not_used,community labels are structural network results; they are not official factions and do not replace original-setting faction metadata
CN7,music,music,复仇女神的要塞,复仇女神的要塞,ネメシスの要塞,C-6a7b53e7c4a1978c,220,1,CC-6a7b53e7c4a1978c,1,0.0,0,0.0018315018315018315,0.0,0,0.0,louvain,intersection_count,100.0,0.0,1.0,20260801,1.0.0,not_used,community labels are structural network results; they are not official factions and do not replace original-setting faction metadata
CN7,music,music,夏明,夏明,夏明き,C-712c1afd1f671168,221,1,CC-712c1afd1f671168,1,0.0,0,0.0018315018315018315,0.0,0,0.0,louvain,intersection_count,100.0,0.0,1.0,20260801,1.0.0,not_used,community labels are structural network results; they are not official factions and do not replace original-setting faction metadata
CN7,music,music,夕阳下落,夕阳下落,陽落ちて,C-bd511e1dc4a2eb7c,222,1,CC-bd511e1dc4a2eb7c,1,0.0,0,0.0018315018315018315,0.0,0,0.0,louvain,intersection_count,100.0,0.0,1.0,20260801,1.0.0,not_used,community labels are structural network results; they are not official factions and do not replace original-setting faction metadata
CN7,music,music,外界民俗,外界民俗,外界フォークロア,C-0380402b928dccdd,223,1,CC-0380402b928dccdd,1,0.0,0,0.0018315018315018315,0.0,0,0.0,louvain,intersection_count,100.0,0.0,1.0,20260801,1.0.0,not_used,community labels are structural network results; they are not official factions and do not replace original-setting faction metadata
CN7,music,music,夜幕降临,夜幕降临,夜が降りてくる,C-7e89656d560f39e6,224,1,CC-7e89656d560f39e6,1,0.0,0,0.0018315018315018315,0.0,0,0.0,louvain,intersection_count,100.0,0.0,1.0,20260801,1.0.0,not_used,community labels are structural network results; they are not official factions and do not replace original-setting faction metadata
CN7,music,music,夜晚无法入睡,夜晚无法入睡,,C-4acde8ab59f60e74,225,1,CC-4acde8ab59f60e74,1,0.0,0,0.0018315018315018315,0.0,0,0.0,louvain,intersection_count,100.0,0.0,1.0,20260801,1.0.0,not_used,community labels are structural network results; they are not official factions and do not replace original-setting faction metadata
CN7,music,music,夜空中的ufo恋曲,夜空中的UFO恋曲,夜空のユーフォーロマンス,C-572c4708feec9867,226,1,CC-572c4708feec9867,1,0.0,0,0.0018315018315018315,0.0,0,0.0,louvain,intersection_count,100.0,0.0,1.0,20260801,1.0.0,not_used,community labels are structural network results; they are not official factions and do not replace original-setting faction metadata
CN7,music,music,夜雀的歌声,夜雀的歌声 ～ Night Bird,夜雀の歌声　～ Night Bird,C-50ddf08abe653ed8,227,1,CC-50ddf08abe653ed8,1,0.0,0,0.0018315018315018315,0.0,0,0.0,louvain,intersection_count,100.0,0.0,1.0,20260801,1.0.0,not_used,community labels are structural network results; they are not official factions and do not replace original-setting faction metadata
CN7,music,music,大江山的花之酒宴,大江山的花之酒宴,華のさかづき大江山,C-ce001084fdc90dad,228,1,CC-ce001084fdc90dad,1,0.0,0,0.0018315018315018315,0.0,0,0.0,louvain,intersection_count,100.0,0.0,1.0,20260801,1.0.0,not_used,community labels are structural network results; they are not official factions and do not replace original-setting faction metadata
CN7,music,music,大神神话传,大神神话传,大神神話伝,C-33a0517b49e1949a,229,1,CC-33a0517b49e1949a,1,0.0,0,0.0018315018315018315,0.0,0,0.0,louvain,intersection_count,100.0,0.0,1.0,20260801,1.0.0,not_used,community labels are structural network results; they are not official factions and do not replace original-setting faction metadata
CN7,music,music,大空魔术magicalastronomy,大空魔术 ～ Magical Astronomy,大空魔術　～ Magical Astronomy,C-5bbc9599c3af0111,230,1,CC-5bbc9599c3af0111,1,0.0,0,0.0018315018315018315,0.0,0,0.0,louvain,intersection_count,100.0,0.0,1.0,20260801,1.0.0,not_used,community labels are structural network results; they are not official factions and do not replace original-setting faction metadata
CN7,music,music,天使传说,天使传说,天使伝説,C-d570de70297d09b8,231,1,CC-d570de70297d09b8,1,0.0,0,0.0018315018315018315,0.0,0,0.0,louvain,intersection_count,100.0,0.0,1.0,20260801,1.0.0,not_used,community labels are structural network results; they are not official factions and do not replace original-setting faction metadata
CN7,music,music,天狗正凝视着,天狗正凝视着 ～ Black Eyes,天狗が見ている　～ Black Eyes,C-e0dc50193c7c40e4,232,1,CC-e0dc50193c7c40e4,1,0.0,0,0.0018315018315018315,0.0,0,0.0,louvain,intersection_count,100.0,0.0,1.0,20260801,1.0.0,not_used,community labels are structural network results; they are not official factions and do not replace original-setting faction metadata
CN7,music,music,天狗的笔记mysteriousnote,天狗的笔记 ～ Mysterious Note,天狗の手帖　～ Mysterious Note,C-5151212de6c87237,233,1,CC-5151212de6c87237,1,0.0,0,0.0018315018315018315,0.0,0,0.0,louvain,intersection_count,100.0,0.0,1.0,20260801,1.0.0,not_used,community labels are structural network results; they are not official factions and do not replace original-setting faction metadata
CN7,music,music,天空军团,天空军团,天空アーミー,C-a35a6ea0b4b6a10b,234,1,CC-a35a6ea0b4b6a10b,1,0.0,0,0.0018315018315018315,0.0,0,0.0,louvain,intersection_count,100.0,0.0,1.0,20260801,1.0.0,not_used,community labels are structural network results; they are not official factions and do not replace original-setting faction metadata
CN7,music,music,天空的格林尼治,天空的格林尼治,天空のグリニッジ,C-c6bb9dda1f90e25d,235,1,CC-c6bb9dda1f90e25d,1,0.0,0,0.0018315018315018315,0.0,0,0.0,louvain,intersection_count,100.0,0.0,1.0,20260801,1.0.0,not_used,community labels are structural network results; they are not official factions and do not replace original-setting faction metadata
CN7,music,music,天空的花都,天空的花都,天空の花の都,C-85d0fb3db1c67814,236,1,CC-85d0fb3db1c67814,1,0.0,0,0.0018315018315018315,0.0,0,0.0,louvain,intersection_count,100.0,0.0,1.0,20260801,1.0.0,not_used,community labels are structural network results; they are not official factions and do not replace original-setting faction metadata
CN7,music,music,天衣无缝天衣无缝yellowlily,天衣无缝（天衣无缝　～ Yellow Lily）,,C-92ffc3ad0ad6b509,237,1,CC-92ffc3ad0ad6b509,1,0.0,0,0.0018315018315018315,0.0,0,0.0,louvain,intersection_count,100.0,0.0,1.0,20260801,1.0.0,not_used,community labels are structural network results; they are not official factions and do not replace original-setting faction metadata
CN7,music,music,天鸟船神社,天鸟船神社,天鳥船神社,C-d50b20586062bc87,238,1,CC-d50b20586062bc87,1,0.0,0,0.0018315018315018315,0.0,0,0.0,louvain,intersection_count,100.0,0.0,1.0,20260801,1.0.0,not_used,community labels are structural network results; they are not official factions and do not replace original-setting faction metadata
CN7,music,music,天鸟船神社的结界,天鸟船神社的结界,天鳥船神社の結界,C-bff77217207b2565,239,1,CC-bff77217207b2565,1,0.0,0,0.0018315018315018315,0.0,0,0.0,louvain,intersection_count,100.0,0.0,1.0,20260801,1.0.0,not_used,community labels are structural network results; they are not official factions and do not replace original-setting faction metadata
CN7,music,music,天鹅绒少女战velvetbattle,天鹅绒少女战 ～ Velvet Battle,天鵞絨少女戦　～ Velvet Battle,C-db395cd8a73a2afb,240,1,CC-db395cd8a73a2afb,1,0.0,0,0.0018315018315018315,0.0,0,0.0,louvain,intersection_count,100.0,0.0,1.0,20260801,1.0.0,not_used,community labels are structural network results; they are not official factions and do not replace original-setting faction metadata
CN7,music,music,奥尔良的圣骑士,奥尔良的圣骑士,オルレアンの聖騎士,C-34b709f960e3c465,241,1,CC-34b709f960e3c465,1,0.0,0,0.0018315018315018315,0.0,0,0.0,louvain,intersection_count,100.0,0.0,1.0,20260801,1.0.0,not_used,community labels are structural network results; they are not official factions and do not replace original-setting faction metadata
CN7,music,music,女仆与血之怀表,女仆与血之怀表,メイドと血の懐中時計,C-5434c9fe3d2e570e,242,1,CC-5434c9fe3d2e570e,1,0.0,0,0.0018315018315018315,0.0,0,0.0,louvain,intersection_count,100.0,0.0,1.0,20260801,1.0.0,not_used,community labels are structural network results; they are not official factions and do not replace original-setting faction metadata
CN7,music,music,女仆幻想icemilkmagic,女仆幻想 ～ Icemilk Magic,メイド幻想　～ Icemilk Magic,C-f1d1844eefbb0f7c,243,1,CC-f1d1844eefbb0f7c,1,0.0,0,0.0018315018315018315,0.0,0,0.0,louvain,intersection_count,100.0,0.0,1.0,20260801,1.0.0,not_used,community labels are structural network results; they are not official factions and do not replace original-setting faction metadata
CN7,music,music,如鬼灯般的红色之魂,如鬼灯般的红色之魂,ほおずきみたいに紅い魂,C-839598ffa183178f,244,1,CC-839598ffa183178f,1,0.0,0,0.0018315018315018315,0.0,0,0.0,louvain,intersection_count,100.0,0.0,1.0,20260801,1.0.0,not_used,community labels are structural network results; they are not official factions and do not replace original-setting faction metadata
CN7,music,music,妖妖梦snoworcherrypetal,妖妖梦 ～ Snow or Cherry Petal,妖々夢　～ Snow or Cherry Petal,C-8b9a0f6d2c7a6cfb,245,1,CC-8b9a0f6d2c7a6cfb,1,0.0,0,0.0018315018315018315,0.0,0,0.0,louvain,intersection_count,100.0,0.0,1.0,20260801,1.0.0,not_used,community labels are structural network results; they are not official factions and do not replace original-setting faction metadata
CN7,music,music,妖妖跋扈,妖妖跋扈,妖々跋扈,C-250ba82be544ecbd,246,1,CC-250ba82be544ecbd,1,0.0,0,0.0018315018315018315,0.0,0,0.0,louvain,intersection_count,100.0,0.0,1.0,20260801,1.0.0,not_used,community labels are structural network results; they are not official factions and do not replace original-setting faction metadata
CN7,music,music,妖怪之山,妖怪之山 ～ Mysterious Mountain,妖怪の山　～ Mysterious Mountain,C-acf6291065c3f12a,247,1,CC-acf6291065c3f12a,1,0.0,0,0.0018315018315018315,0.0,0,0.0,louvain,intersection_count,100.0,0.0,1.0,20260801,1.0.0,not_used,community labels are structural network results; they are not official factions and do not replace original-setting faction metadata
CN7,music,music,妖怪宇宙旅行,妖怪宇宙旅行,妖怪宇宙旅行,C-2a34345e900ee4e7,248,1,CC-2a34345e900ee4e7,1,0.0,0,0.0018315018315018315,0.0,0,0.0,louvain,intersection_count,100.0,0.0,1.0,20260801,1.0.0,not_used,community labels are structural network results; they are not official factions and do not replace original-setting faction metadata
CN7,music,music,妖怪寺,妖怪寺,妖怪寺,C-6d7ebc2a1914e71e,249,1,CC-6d7ebc2a1914e71e,1,0.0,0,0.0018315018315018315,0.0,0,0.0,louvain,intersection_count,100.0,0.0,1.0,20260801,1.0.0,not_used,community labels are structural network results; they are not official factions and do not replace original-setting faction metadata
CN7,music,music,妖精冒险谭,妖精冒险谭,フェアリー冒険譚,C-0e7227c2cfdca004,250,1,CC-0e7227c2cfdca004,1,0.0,0,0.0018315018315018315,0.0,0,0.0,louvain,intersection_count,100.0,0.0,1.0,20260801,1.0.0,not_used,community labels are structural network results; they are not official factions and do not replace original-setting faction metadata
CN7,music,music,妖精大战争,妖精大战争 ～ Fairy Wars,妖精大戦争　～ Fairy Wars,C-ec7964755d4c25f8,251,1,CC-ec7964755d4c25f8,1,0.0,0,0.0018315018315018315,0.0,0,0.0,louvain,intersection_count,100.0,0.0,1.0,20260801,1.0.0,not_used,community labels are structural network results; they are not official factions and do not replace original-setting faction metadata
CN7,music,music,妖精灿烂的样子,妖精灿烂的样子,妖精燦々として,C-d87a46a1509eeda8,252,1,CC-d87a46a1509eeda8,1,0.0,0,0.0018315018315018315,0.0,0,0.0,louvain,intersection_count,100.0,0.0,1.0,20260801,1.0.0,not_used,community labels are structural network results; they are not official factions and do not replace original-setting faction metadata
CN7,music,music,妖魔夜行,妖魔夜行,妖魔夜行,C-f52aa937d32fec5c,253,1,CC-f52aa937d32fec5c,1,0.0,0,0.0018315018315018315,0.0,0,0.0,louvain,intersection_count,100.0,0.0,1.0,20260801,1.0.0,not_used,community labels are structural network results; they are not official factions and do not replace original-setting faction metadata
CN7,music,music,孤独的狼人,孤独的狼人,孤独なウェアウルフ,C-bee98f77735671e3,254,1,CC-bee98f77735671e3,1,0.0,0,0.0018315018315018315,0.0,0,0.0,louvain,intersection_count,100.0,0.0,1.0,20260801,1.0.0,not_used,community labels are structural network results; they are not official factions and do not replace original-setting faction metadata
CN7,music,music,宇佐大人的白旗,宇佐大人的白旗,お宇佐さまの素い幡,C-f25ba8a2abc706a5,255,1,CC-f25ba8a2abc706a5,1,0.0,0,0.0018315018315018315,0.0,0,0.0,louvain,intersection_count,100.0,0.0,1.0,20260801,1.0.0,not_used,community labels are structural network results; they are not official factions and do not replace original-setting faction metadata
CN7,music,music,宇宙巫女归还,宇宙巫女归还,宇宙巫女帰還する,C-aecda21cfc4110df,256,1,CC-aecda21cfc4110df,1,0.0,0,0.0018315018315018315,0.0,0,0.0,louvain,intersection_count,100.0,0.0,1.0,20260801,1.0.0,not_used,community labels are structural network results; they are not official factions and do not replace original-setting faction metadata
CN7,music,music,宇宙巫女现身,宇宙巫女现身,宇宙巫女現る,C-4827e917c50e322c,257,1,CC-4827e917c50e322c,1,0.0,0,0.0018315018315018315,0.0,0,0.0,louvain,intersection_count,100.0,0.0,1.0,20260801,1.0.0,not_used,community labels are structural network results; they are not official factions and do not replace original-setting faction metadata
CN7,music,music,守旧老爹与前卫少女,守旧老爹与前卫少女,時代親父とハイカラ少女,C-9f71e29d049bf27b,258,1,CC-9f71e29d049bf27b,1,0.0,0,0.0018315018315018315,0.0,0,0.0,louvain,intersection_count,100.0,0.0,1.0,20260801,1.0.0,not_used,community labels are structural network results; they are not official factions and do not replace original-setting faction metadata
CN7,music,music,官板黄昏新闻,官板黄昏新闻,官板黄昏新聞,C-0f5b07a8ef3397e3,259,1,CC-0f5b07a8ef3397e3,1,0.0,0,0.0018315018315018315,0.0,0,0.0,louvain,intersection_count,100.0,0.0,1.0,20260801,1.0.0,not_used,community labels are structural network results; they are not official factions and do not replace original-setting faction metadata
CN7,music,music,宵暗的魔术师,宵暗的魔术师,宵闇の魔術師,C-b71c160994727890,260,1,CC-b71c160994727890,1,0.0,0,0.0018315018315018315,0.0,0,0.0,louvain,intersection_count,100.0,0.0,1.0,20260801,1.0.0,not_used,community labels are structural network results; they are not official factions and do not replace original-setting faction metadata
CN7,music,music,容貌错乱horriblenight,容貌错乱　～ Horrible Night,,C-a9c226a8a1fac805,261,1,CC-a9c226a8a1fac805,1,0.0,0,0.0018315018315018315,0.0,0,0.0,louvain,intersection_count,100.0,0.0,1.0,20260801,1.0.0,not_used,community labels are structural network results; they are not official factions and do not replace original-setting faction metadata
CN7,music,music,宿醉者的同床异梦,宿醉者的同床异梦,二日酔いの同床異夢,C-2927227e0c838cbe,262,1,CC-2927227e0c838cbe,1,0.0,0,0.0018315018315018315,0.0,0,0.0,louvain,intersection_count,100.0,0.0,1.0,20260801,1.0.0,not_used,community labels are structural network results; they are not official factions and do not replace original-setting faction metadata
CN7,music,music,对跖点之钟,对跖点之钟,対蹠地の鐘,C-2543f5910dafced8,263,1,CC-2543f5910dafced8,1,0.0,0,0.0018315018315018315,0.0,0,0.0,louvain,intersection_count,100.0,0.0,1.0,20260801,1.0.0,not_used,community labels are structural network results; they are not official factions and do not replace original-setting faction metadata
CN7,music,music,封闭的云中通路,封闭的云中通路,閉ざせし雲の通い路,C-e99881300c827543,264,1,CC-e99881300c827543,1,0.0,0,0.0018315018315018315,0.0,0,0.0,louvain,intersection_count,100.0,0.0,1.0,20260801,1.0.0,not_used,community labels are structural network results; they are not official factions and do not replace original-setting faction metadata
CN7,music,music,封魔终演,封魔终演,封魔終演,C-dad97a3c32fb793a,265,1,CC-dad97a3c32fb793a,1,0.0,0,0.0018315018315018315,0.0,0,0.0,louvain,intersection_count,100.0,0.0,1.0,20260801,1.0.0,not_used,community labels are structural network results; they are not official factions and do not replace original-setting faction metadata
CN7,music,music,小小欲望的星空,小小欲望的星空,小さな欲望の星空,C-bf14dab7a055cbdc,266,1,CC-bf14dab7a055cbdc,1,0.0,0,0.0018315018315018315,0.0,0,0.0,louvain,intersection_count,100.0,0.0,1.0,20260801,1.0.0,not_used,community labels are structural network results; they are not official factions and do not replace original-setting faction metadata
CN7,music,music,小小的贤将,小小的贤将,小さな小さな賢将,C-9102347760f953da,267,1,CC-9102347760f953da,1,0.0,0,0.0018315018315018315,0.0,0,0.0,louvain,intersection_count,100.0,0.0,1.0,20260801,1.0.0,not_used,community labels are structural network results; they are not official factions and do not replace original-setting faction metadata
CN7,music,music,小槌的魔力,小槌的魔力,小槌の魔力,C-5e2c469abcc7e672,268,1,CC-5e2c469abcc7e672,1,0.0,0,0.0018315018315018315,0.0,0,0.0,louvain,intersection_count,100.0,0.0,1.0,20260801,1.0.0,not_used,community labels are structural network results; they are not official factions and do not replace original-setting faction metadata
CN7,music,music,少女幻葬,少女幻葬 ～ Necro-Fantasy,少女幻葬　～ Necro-Fantasy,C-66dda237095ce884,269,1,CC-66dda237095ce884,1,0.0,0,0.0018315018315018315,0.0,0,0.0,louvain,intersection_count,100.0,0.0,1.0,20260801,1.0.0,not_used,community labels are structural network results; they are not official factions and do not replace original-setting faction metadata
CN7,music,music,少女战士heartofvalkyrie,少女战士 ～ Heart of Valkyrie,乙女戦士　～ Heart of Valkyrie,C-01e85db506ef2895,270,1,CC-01e85db506ef2895,1,0.0,0,0.0018315018315018315,0.0,0,0.0,louvain,intersection_count,100.0,0.0,1.0,20260801,1.0.0,not_used,community labels are structural network results; they are not official factions and do not replace original-setting faction metadata
CN7,music,music,少女曾见的日本原风景,少女曾见的日本原风景,少女が見た日本の原風景,C-8c1b39f4481b788f,271,1,CC-8c1b39f4481b788f,1,0.0,0,0.0018315018315018315,0.0,0,0.0,louvain,intersection_count,100.0,0.0,1.0,20260801,1.0.0,not_used,community labels are structural network results; they are not official factions and do not replace original-setting faction metadata
CN7,music,music,少女神性pandorasbox,少女神性 ～ Pandora's Box,少女神性　～ Pandora's Box,C-e73ed7441ab74313,272,1,CC-e73ed7441ab74313,1,0.0,0,0.0018315018315018315,0.0,0,0.0,louvain,intersection_count,100.0,0.0,1.0,20260801,1.0.0,not_used,community labels are structural network results; they are not official factions and do not replace original-setting faction metadata
CN7,music,music,少女秘封俱乐部,少女秘封俱乐部,少女秘封倶楽部,C-1ad7e508ccdc1729,273,1,CC-1ad7e508ccdc1729,1,0.0,0,0.0018315018315018315,0.0,0,0.0,louvain,intersection_count,100.0,0.0,1.0,20260801,1.0.0,not_used,community labels are structural network results; they are not official factions and do not replace original-setting faction metadata
CN7,music,music,少女绮想曲,少女绮想曲,少女綺想曲,C-2f7773342e4e7b7a,274,1,CC-2f7773342e4e7b7a,1,0.0,0,0.0018315018315018315,0.0,0,0.0,louvain,intersection_count,100.0,0.0,1.0,20260801,1.0.0,not_used,community labels are structural network results; they are not official factions and do not replace original-setting faction metadata
CN7,music,music,少女觉,少女觉 ～ 3rd eye,少女さとり　～ 3rd eye,C-1ba16abfe92df518,275,1,CC-1ba16abfe92df518,1,0.0,0,0.0018315018315018315,0.0,0,0.0,louvain,intersection_count,100.0,0.0,1.0,20260801,1.0.0,not_used,community labels are structural network results; they are not official factions and do not replace original-setting faction metadata
CN7,music,music,尘世不变的悲观主义,尘世不变的悲观主义,塵界不変のペシミズム,C-018034b70974c457,276,1,CC-018034b70974c457,1,0.0,0,0.0018315018315018315,0.0,0,0.0,louvain,intersection_count,100.0,0.0,1.0,20260801,1.0.0,not_used,community labels are structural network results; they are not official factions and do not replace original-setting faction metadata
CN7,music,music,尸体旅行,尸体旅行 ～ Be of good cheer!,死体旅行　～ Be of good cheer!,C-e9fe372b2d7e2038,277,1,CC-e9fe372b2d7e2038,1,0.0,0,0.0018315018315018315,0.0,0,0.0,louvain,intersection_count,100.0,0.0,1.0,20260801,1.0.0,not_used,community labels are structural network results; they are not official factions and do not replace original-setting faction metadata
CN7,music,music,山脚的神社,山脚的神社,麓の神社,C-aa3ab22b649485ea,278,1,CC-aa3ab22b649485ea,1,0.0,0,0.0018315018315018315,0.0,0,0.0,louvain,intersection_count,100.0,0.0,1.0,20260801,1.0.0,not_used,community labels are structural network results; they are not official factions and do not replace original-setting faction metadata
CN7,music,music,巨大的影子与渺小的结局,巨大的影子与渺小的结局,巨大な影と小さな結末,C-026628033cbb8c87,279,1,CC-026628033cbb8c87,1,0.0,0,0.0018315018315018315,0.0,0,0.0,louvain,intersection_count,100.0,0.0,1.0,20260801,1.0.0,not_used,community labels are structural network results; they are not official factions and do not replace original-setting faction metadata
CN7,music,music,已经只能听见歌声了,已经只能听见歌声了,もう歌しか聞こえない,C-4f1a18574c0d503f,280,1,CC-4f1a18574c0d503f,1,0.0,0,0.0018315018315018315,0.0,0,0.0,louvain,intersection_count,100.0,0.0,1.0,20260801,1.0.0,not_used,community labels are structural network results; they are not official factions and do not replace original-setting faction metadata
CN7,music,music,布加勒斯特的人偶师,布加勒斯特的人偶师,ブクレシュティの人形師,C-4a15e37a34968bd6,281,1,CC-4a15e37a34968bd6,1,0.0,0,0.0018315018315018315,0.0,0,0.0,louvain,intersection_count,100.0,0.0,1.0,20260801,1.0.0,not_used,community labels are structural network results; they are not official factions and do not replace original-setting faction metadata
CN7,music,music,希望之星直升青霄,希望之星直升青霄,希望の星は青霄に昇る,C-2b2ee6a13ac43bb2,282,1,CC-2b2ee6a13ac43bb2,1,0.0,0,0.0018315018315018315,0.0,0,0.0,louvain,intersection_count,100.0,0.0,1.0,20260801,1.0.0,not_used,community labels are structural network results; they are not official factions and do not replace original-setting faction metadata
CN7,music,music,平安时代的外星人,平安时代的外星人,平安のエイリアン,C-4009f353b9d58d97,283,1,CC-4009f353b9d58d97,1,0.0,0,0.0018315018315018315,0.0,0,0.0,louvain,intersection_count,100.0,0.0,1.0,20260801,1.0.0,not_used,community labels are structural network results; they are not official factions and do not replace original-setting faction metadata
CN7,music,music,幻想乡lotuslandstory,幻想乡 ～ Lotus Land Story,幻想郷　～ Lotus Land Story,C-1fb0b56b14a3ce7e,284,1,CC-1fb0b56b14a3ce7e,1,0.0,0,0.0018315018315018315,0.0,0,0.0,louvain,intersection_count,100.0,0.0,1.0,20260801,1.0.0,not_used,community labels are structural network results; they are not official factions and do not replace original-setting faction metadata
CN7,music,music,幻想乡不可思议发现,幻想乡不可思议发现,幻想郷ふしぎ発見,C-060e81c16397f43c,285,1,CC-060e81c16397f43c,1,0.0,0,0.0018315018315018315,0.0,0,0.0,louvain,intersection_count,100.0,0.0,1.0,20260801,1.0.0,not_used,community labels are structural network results; they are not official factions and do not replace original-setting faction metadata
CN7,music,music,幻想乡的二岩,幻想乡的二岩,幻想郷の二ッ岩,C-5555dba687c12c53,286,1,CC-5555dba687c12c53,1,0.0,0,0.0018315018315018315,0.0,0,0.0,louvain,intersection_count,100.0,0.0,1.0,20260801,1.0.0,not_used,community labels are structural network results; they are not official factions and do not replace original-setting faction metadata
CN7,music,music,幻想净琉璃,幻想净琉璃,幻想浄瑠璃,C-e053bb7ebf8e77fa,287,1,CC-e053bb7ebf8e77fa,1,0.0,0,0.0018315018315018315,0.0,0,0.0,louvain,intersection_count,100.0,0.0,1.0,20260801,1.0.0,not_used,community labels are structural network results; they are not official factions and do not replace original-setting faction metadata
CN7,music,music,幻想帝都,幻想帝都,幻想帝都,C-eb936476fa6e9b7c,288,1,CC-eb936476fa6e9b7c,1,0.0,0,0.0018315018315018315,0.0,0,0.0,louvain,intersection_count,100.0,0.0,1.0,20260801,1.0.0,not_used,community labels are structural network results; they are not official factions and do not replace original-setting faction metadata
CN7,music,music,幻想的whitetraveler,幻想的White Traveler,幻想のホワイトトラベラー,C-938ba41d3c1034ab,289,1,CC-938ba41d3c1034ab,1,0.0,0,0.0018315018315018315,0.0,0,0.0,louvain,intersection_count,100.0,0.0,1.0,20260801,1.0.0,not_used,community labels are structural network results; they are not official factions and do not replace original-setting faction metadata
CN7,music,music,幻想的居民,幻想的居民,幻想の住人,C-1314e2a9ec169611,290,1,CC-1314e2a9ec169611,1,0.0,0,0.0018315018315018315,0.0,0,0.0,louvain,intersection_count,100.0,0.0,1.0,20260801,1.0.0,not_used,community labels are structural network results; they are not official factions and do not replace original-setting faction metadata
CN7,music,music,幻想的永远祭,幻想的永远祭,幻想の永遠祭,C-0ef07375e00a60b9,291,1,CC-0ef07375e00a60b9,1,0.0,0,0.0018315018315018315,0.0,0,0.0,louvain,intersection_count,100.0,0.0,1.0,20260801,1.0.0,not_used,community labels are structural network results; they are not official factions and do not replace original-setting faction metadata
CN7,music,music,幻想科学dollsphantom,幻想科学　～ Doll's Phantom,,C-ec237d6a44b0103a,292,1,CC-ec237d6a44b0103a,1,0.0,0,0.0018315018315018315,0.0,0,0.0,louvain,intersection_count,100.0,0.0,1.0,20260801,1.0.0,not_used,community labels are structural network results; they are not official factions and do not replace original-setting faction metadata
CN7,music,music,幻梦界,幻梦界,幻夢界,C-1b354c4f6d903242,293,1,CC-1b354c4f6d903242,1,0.0,0,0.0018315018315018315,0.0,0,0.0,louvain,intersection_count,100.0,0.0,1.0,20260801,1.0.0,not_used,community labels are structural network results; they are not official factions and do not replace original-setting faction metadata
CN7,music,music,幻视之夜ghostlyeyes,幻视之夜 ～ Ghostly Eyes,幻視の夜　～ Ghostly Eyes,C-603a51610c493551,294,1,CC-603a51610c493551,1,0.0,0,0.0018315018315018315,0.0,0,0.0,louvain,intersection_count,100.0,0.0,1.0,20260801,1.0.0,not_used,community labels are structural network results; they are not official factions and do not replace original-setting faction metadata
CN7,music,music,幼小的有顶天,幼小的有顶天,幼心地の有頂天,C-9c7fc6fcc77d28d0,295,1,CC-9c7fc6fcc77d28d0,1,0.0,0,0.0018315018315018315,0.0,0,0.0,louvain,intersection_count,100.0,0.0,1.0,20260801,1.0.0,not_used,community labels are structural network results; they are not official factions and do not replace original-setting faction metadata
CN7,music,music,幽境,幽境,幽境,C-920cee7931db72cb,296,1,CC-920cee7931db72cb,1,0.0,0,0.0018315018315018315,0.0,0,0.0,louvain,intersection_count,100.0,0.0,1.0,20260801,1.0.0,not_used,community labels are structural network results; they are not official factions and do not replace original-setting faction metadata
CN7,music,music,幽梦inanimatedream,幽梦 ～ Inanimate Dream,幽夢　～ Inanimate Dream,C-6c278ebec1d38469,297,1,CC-6c278ebec1d38469,1,0.0,0,0.0018315018315018315,0.0,0,0.0,louvain,intersection_count,100.0,0.0,1.0,20260801,1.0.0,not_used,community labels are structural network results; they are not official factions and do not replace original-setting faction metadata
CN7,music,music,幽灵乐团,幽灵乐团 ～ Phantom Ensemble,幽霊楽団　～ Phantom Ensemble,C-c169b86bb80fbe96,298,1,CC-c169b86bb80fbe96,1,0.0,0,0.0018315018315018315,0.0,0,0.0,louvain,intersection_count,100.0,0.0,1.0,20260801,1.0.0,not_used,community labels are structural network results; they are not official factions and do not replace original-setting faction metadata
CN7,music,music,幽灵客船的穿越时空之旅,幽灵客船的穿越时空之旅,幽霊客船の時空を越えた旅,C-007f5c46b5fb4cb8,299,1,CC-007f5c46b5fb4cb8,1,0.0,0,0.0018315018315018315,0.0,0,0.0,louvain,intersection_count,100.0,0.0,1.0,20260801,1.0.0,not_used,community labels are structural network results; they are not official factions and do not replace original-setting faction metadata
CN7,music,music,幽雅地绽放吧墨染的樱花,幽雅地绽放吧，墨染的樱花 ～ Border of Life,幽雅に咲かせ、墨染の桜　～ Border of Life,C-eb486d0eb3eac41f,300,1,CC-eb486d0eb3eac41f,1,0.0,0,0.0018315018315018315,0.0,0,0.0,louvain,intersection_count,100.0,0.0,1.0,20260801,1.0.0,not_used,community labels are structural network results; they are not official factions and do not replace original-setting faction metadata
CN7,music,music,广有射怪鸟事,广有射怪鸟事 ～ Till When?,広有射怪鳥事　～ Till When?,C-1791c9ecdc7687b8,301,1,CC-1791c9ecdc7687b8,1,0.0,0,0.0018315018315018315,0.0,0,0.0,louvain,intersection_count,100.0,0.0,1.0,20260801,1.0.0,not_used,community labels are structural network results; they are not official factions and do not replace original-setting faction metadata
CN7,music,music,广重36号neosuperexpress,广重36号 ～ Neo Super-Express,ヒロシゲ36号　～ Neo Super-Express,C-bb7c332e6fbcdeea,302,1,CC-bb7c332e6fbcdeea,1,0.0,0,0.0018315018315018315,0.0,0,0.0,louvain,intersection_count,100.0,0.0,1.0,20260801,1.0.0,not_used,community labels are structural network results; they are not official factions and do not replace original-setting faction metadata
CN7,music,music,废狱摇篮曲,废狱摇篮曲,廃獄ララバイ,C-893e7bc71669388a,303,1,CC-893e7bc71669388a,1,0.0,0,0.0018315018315018315,0.0,0,0.0,louvain,intersection_count,100.0,0.0,1.0,20260801,1.0.0,not_used,community labels are structural network results; they are not official factions and do not replace original-setting faction metadata
CN7,music,music,开演间近,开演间近,開演間近,C-5c3ca23ad13d95a6,304,1,CC-5c3ca23ad13d95a6,1,0.0,0,0.0018315018315018315,0.0,0,0.0,louvain,intersection_count,100.0,0.0,1.0,20260801,1.0.0,not_used,community labels are structural network results; they are not official factions and do not replace original-setting faction metadata
CN7,music,music,异变的种子,异变的种子,,C-74f035f294be9a6e,305,1,CC-74f035f294be9a6e,1,0.0,0,0.0018315018315018315,0.0,0,0.0,louvain,intersection_count,100.0,0.0,1.0,20260801,1.0.0,not_used,community labels are structural network results; they are not official factions and do not replace original-setting faction metadata
CN7,music,music,异心同体,异心同体,異心同体,C-f180be7d984a4ff3,306,1,CC-f180be7d984a4ff3,1,0.0,0,0.0018315018315018315,0.0,0,0.0,louvain,intersection_count,100.0,0.0,1.0,20260801,1.0.0,not_used,community labels are structural network results; they are not official factions and do not replace original-setting faction metadata
CN7,music,music,彼岸归航,彼岸归航 ～ Riverside View,彼岸帰航　～ Riverside View,C-722c6b37989ecb0c,307,1,CC-722c6b37989ecb0c,1,0.0,0,0.0018315018315018315,0.0,0,0.0,louvain,intersection_count,100.0,0.0,1.0,20260801,1.0.0,not_used,community labels are structural network results; they are not official factions and do not replace original-setting faction metadata
CN7,music,music,往来于运河的人与妖,往来于运河的人与妖,運河を行き交う人妖,C-ec674c7a4595a079,308,1,CC-ec674c7a4595a079,1,0.0,0,0.0018315018315018315,0.0,0,0.0,louvain,intersection_count,100.0,0.0,1.0,20260801,1.0.0,not_used,community labels are structural network results; they are not official factions and do not replace original-setting faction metadata
CN7,music,music,徜徉于樱色之海,徜徉于樱色之海,桜色の海を泳いで,C-cdd0ce84416361c7,309,1,CC-cdd0ce84416361c7,1,0.0,0,0.0018315018315018315,0.0,0,0.0,louvain,intersection_count,100.0,0.0,1.0,20260801,1.0.0,not_used,community labels are structural network results; they are not official factions and do not replace original-setting faction metadata
CN7,music,music,御伽之国的鬼岛,御伽之国的鬼岛 ～ Missing Power,御伽の国の鬼が島　～ Missing Power,C-b45b90dab7fa7e88,310,1,CC-b45b90dab7fa7e88,1,0.0,0,0.0018315018315018315,0.0,0,0.0,louvain,intersection_count,100.0,0.0,1.0,20260801,1.0.0,not_used,community labels are structural network results; they are not official factions and do not replace original-setting faction metadata
CN7,music,music,御柱的墓场graveofbeing,御柱的墓场 ～ Grave of Being,御柱の墓場　～ Grave of Being,C-73ad3119e83047f7,311,1,CC-73ad3119e83047f7,1,0.0,0,0.0018315018315018315,0.0,0,0.0,louvain,intersection_count,100.0,0.0,1.0,20260801,1.0.0,not_used,community labels are structural network results; they are not official factions and do not replace original-setting faction metadata
CN7,music,music,心绮楼囃子,心绮楼囃子,心綺楼囃子,C-5956e2e70d3f7263,312,1,CC-5956e2e70d3f7263,1,0.0,0,0.0018315018315018315,0.0,0,0.0,louvain,intersection_count,100.0,0.0,1.0,20260801,1.0.0,not_used,community labels are structural network results; they are not official factions and do not replace original-setting faction metadata
CN7,music,music,心绮楼演舞,心绮楼演舞,,C-0a64f2c12c610052,313,1,CC-0a64f2c12c610052,1,0.0,0,0.0018315018315018315,0.0,0,0.0,louvain,intersection_count,100.0,0.0,1.0,20260801,1.0.0,not_used,community labels are structural network results; they are not official factions and do not replace original-setting faction metadata
CN7,music,music,忘不了那曾依藉的绿意,忘不了，那曾依藉的绿意,忘れがたき、よすがの緑,C-aad698e4addcde14,314,1,CC-aad698e4addcde14,1,0.0,0,0.0018315018315018315,0.0,0,0.0,louvain,intersection_count,100.0,0.0,1.0,20260801,1.0.0,not_used,community labels are structural network results; they are not official factions and do not replace original-setting faction metadata
CN7,music,music,怪绮谈mysticsquare,怪绮谈 ～ Mystic Square,怪綺談　～ Mystic Square,C-af1938eb6902367c,315,1,CC-af1938eb6902367c,1,0.0,0,0.0018315018315018315,0.0,0,0.0,louvain,intersection_count,100.0,0.0,1.0,20260801,1.0.0,not_used,community labels are structural network results; they are not official factions and do not replace original-setting faction metadata
CN7,music,music,恋色masterspark,恋色Master spark（恋色Magic）,恋色マスタースパーク（恋色マジック）,C-be1cd21bde8ee9e2,316,1,CC-be1cd21bde8ee9e2,1,0.0,0,0.0018315018315018315,0.0,0,0.0,louvain,intersection_count,100.0,0.0,1.0,20260801,1.0.0,not_used,community labels are structural network results; they are not official factions and do not replace original-setting faction metadata
CN7,music,music,恒常不变的参庙祀,恒常不变的参庙祀,恒常不変の参廟祀,C-11f11afc633c46d3,317,1,CC-11f11afc633c46d3,1,0.0,0,0.0018315018315018315,0.0,0,0.0,louvain,intersection_count,100.0,0.0,1.0,20260801,1.0.0,not_used,community labels are structural network results; they are not official factions and do not replace original-setting faction metadata
CN7,music,music,悠久的蒸汽机关,悠久的蒸汽机关,悠久の蒸気機関,C-5c93c586c4abcb91,318,1,CC-5c93c586c4abcb91,1,0.0,0,0.0018315018315018315,0.0,0,0.0,louvain,intersection_count,100.0,0.0,1.0,20260801,1.0.0,not_used,community labels are structural network results; they are not official factions and do not replace original-setting faction metadata
CN7,music,music,意气洋洋,意气洋洋,意気揚々,C-dba1db5ce052951b,319,1,CC-dba1db5ce052951b,1,0.0,0,0.0018315018315018315,0.0,0,0.0,louvain,intersection_count,100.0,0.0,1.0,20260801,1.0.0,not_used,community labels are structural network results; they are not official factions and do not replace original-setting faction metadata
CN7,music,music,感情的摩天楼,感情的摩天楼 ～ Cosmic Mind,感情の摩天楼　～ Cosmic Mind,C-c2b348f2582153cc,320,1,CC-c2b348f2582153cc,1,0.0,0,0.0018315018315018315,0.0,0,0.0,louvain,intersection_count,100.0,0.0,1.0,20260801,1.0.0,not_used,community labels are structural network results; they are not official factions and do not replace original-setting faction metadata
CN7,music,music,成对的神兽,成对的神兽,一対の神獣,C-441c77cd6b1ca965,321,1,CC-441c77cd6b1ca965,1,0.0,0,0.0018315018315018315,0.0,0,0.0,louvain,intersection_count,100.0,0.0,1.0,20260801,1.0.0,not_used,community labels are structural network results; they are not official factions and do not replace original-setting faction metadata
CN7,music,music,我们的非想天则,我们的非想天则,ぼくらの非想天則,C-cfceb254c92b41ea,322,1,CC-cfceb254c92b41ea,1,0.0,0,0.0018315018315018315,0.0,0,0.0,louvain,intersection_count,100.0,0.0,1.0,20260801,1.0.0,not_used,community labels are structural network results; they are not official factions and do not replace original-setting faction metadata
CN7,music,music,战车娘所做的梦,战车娘所做的梦,戦車むすめのみるゆめ,C-2230a586234c6b0a,323,1,CC-2230a586234c6b0a,1,0.0,0,0.0018315018315018315,0.0,0,0.0,louvain,intersection_count,100.0,0.0,1.0,20260801,1.0.0,not_used,community labels are structural network results; they are not official factions and do not replace original-setting faction metadata
CN7,music,music,战迅,战迅,戦迅,C-4fa60d2f35b958de,324,1,CC-4fa60d2f35b958de,1,0.0,0,0.0018315018315018315,0.0,0,0.0,louvain,intersection_count,100.0,0.0,1.0,20260801,1.0.0,not_used,community labels are structural network results; they are not official factions and do not replace original-setting faction metadata
CN7,music,music,收集日本各地的不可思议,收集日本各地的不可思议,日本中の不思議を集めて,C-dd70a515992f7c44,325,1,CC-dd70a515992f7c44,1,0.0,0,0.0018315018315018315,0.0,0,0.0,louvain,intersection_count,100.0,0.0,1.0,20260801,1.0.0,not_used,community labels are structural network results; they are not official factions and do not replace original-setting faction metadata
CN7,music,music,放纵不羁,放纵不羁,放縦不羈,C-d3d565fe9075d511,326,1,CC-d3d565fe9075d511,1,0.0,0,0.0018315018315018315,0.0,0,0.0,louvain,intersection_count,100.0,0.0,1.0,20260801,1.0.0,not_used,community labels are structural network results; they are not official factions and do not replace original-setting faction metadata
CN7,music,music,故乡之星倒映之海,故乡之星倒映之海,故郷の星が映る海,C-f1b54c0ce34bcce5,327,1,CC-f1b54c0ce34bcce5,1,0.0,0,0.0018315018315018315,0.0,0,0.0,louvain,intersection_count,100.0,0.0,1.0,20260801,1.0.0,not_used,community labels are structural network results; they are not official factions and do not replace original-setting faction metadata
CN7,music,music,散发着香气的树叶花,散发着香气的树叶花,香る樹葉花,C-7242a79a03c768e2,328,1,CC-7242a79a03c768e2,1,0.0,0,0.0018315018315018315,0.0,0,0.0,louvain,intersection_count,100.0,0.0,1.0,20260801,1.0.0,not_used,community labels are structural network results; they are not official factions and do not replace original-setting faction metadata
CN7,music,music,斯普特尼克幻夜,斯普特尼克幻夜,スプートニク幻夜,C-bf1f35eeb8c1e760,329,1,CC-bf1f35eeb8c1e760,1,0.0,0,0.0018315018315018315,0.0,0,0.0,louvain,intersection_count,100.0,0.0,1.0,20260801,1.0.0,not_used,community labels are structural network results; they are not official factions and do not replace original-setting faction metadata
CN7,music,music,新幻想newfantasy,新幻想 ～ New Fantasy,新幻想　～ New Fantasy,C-bb368fa2a5798aa8,330,1,CC-bb368fa2a5798aa8,1,0.0,0,0.0018315018315018315,0.0,0,0.0,louvain,intersection_count,100.0,0.0,1.0,20260801,1.0.0,not_used,community labels are structural network results; they are not official factions and do not replace original-setting faction metadata
CN7,music,music,无人气的场所,无人气的场所,人気のない場所,C-e23ec0df81bd1617,331,1,CC-e23ec0df81bd1617,1,0.0,0,0.0018315018315018315,0.0,0,0.0,louvain,intersection_count,100.0,0.0,1.0,20260801,1.0.0,not_used,community labels are structural network results; they are not official factions and do not replace original-setting faction metadata
CN7,music,music,无何有之乡deepmountain,无何有之乡 ～ Deep Mountain,無何有の郷　～ Deep Mountain,C-a5d451a758fc145e,332,1,CC-a5d451a758fc145e,1,0.0,0,0.0018315018315018315,0.0,0,0.0,louvain,intersection_count,100.0,0.0,1.0,20260801,1.0.0,not_used,community labels are structural network results; they are not official factions and do not replace original-setting faction metadata
CN7,music,music,无色之风吹拂妖怪之山,无色之风吹拂妖怪之山,色無き風は妖怪の山に,C-3aa8144b40234a30,333,1,CC-3aa8144b40234a30,1,0.0,0,0.0018315018315018315,0.0,0,0.0,louvain,intersection_count,100.0,0.0,1.0,20260801,1.0.0,not_used,community labels are structural network results; they are not official factions and do not replace original-setting faction metadata
CN7,music,music,无间之钟infinitenightmare,无间之钟 ～ Infinite Nightmare,無間の鐘　～ Infinite Nightmare,C-831b016d582a7638,334,1,CC-831b016d582a7638,1,0.0,0,0.0018315018315018315,0.0,0,0.0,louvain,intersection_count,100.0,0.0,1.0,20260801,1.0.0,not_used,community labels are structural network results; they are not official factions and do not replace original-setting faction metadata
CN7,music,music,日常坐卧,日常坐卧,日常坐臥,C-b80f6feb729c46ff,335,1,CC-b80f6feb729c46ff,1,0.0,0,0.0018315018315018315,0.0,0,0.0,louvain,intersection_count,100.0,0.0,1.0,20260801,1.0.0,not_used,community labels are structural network results; they are not official factions and do not replace original-setting faction metadata
CN7,music,music,旧世界的冒险酒馆,旧世界的冒险酒馆,旧世界の冒険酒場,C-f7ef5d9468ceb3d9,336,1,CC-f7ef5d9468ceb3d9,1,0.0,0,0.0018315018315018315,0.0,0,0.0,louvain,intersection_count,100.0,0.0,1.0,20260801,1.0.0,not_used,community labels are structural network results; they are not official factions and do not replace original-setting faction metadata
CN7,music,music,时之风,时之风,時の風,C-d912547078d50d25,337,1,CC-d912547078d50d25,1,0.0,0,0.0018315018315018315,0.0,0,0.0,louvain,intersection_count,100.0,0.0,1.0,20260801,1.0.0,not_used,community labels are structural network results; they are not official factions and do not replace original-setting faction metadata
CN7,music,music,时代风潮的造访,时代风潮的造访,時代の風の訪れ,C-12db633481f9ba91,338,1,CC-12db633481f9ba91,1,0.0,0,0.0018315018315018315,0.0,0,0.0,louvain,intersection_count,100.0,0.0,1.0,20260801,1.0.0,not_used,community labels are structural network results; they are not official factions and do not replace original-setting faction metadata
CN7,music,music,时刻旺盛的好奇心,时刻旺盛的好奇心,年中夢中の好奇心,C-fd1572ff3f527104,339,1,CC-fd1572ff3f527104,1,0.0,0,0.0018315018315018315,0.0,0,0.0,louvain,intersection_count,100.0,0.0,1.0,20260801,1.0.0,not_used,community labels are structural network results; they are not official factions and do not replace original-setting faction metadata
CN7,music,music,明日之盛昨日之俗,明日之盛，昨日之俗,明日ハレの日、ケの昨日,C-09ebf52e99ff9915,340,1,CC-09ebf52e99ff9915,1,0.0,0,0.0018315018315018315,0.0,0,0.0,louvain,intersection_count,100.0,0.0,1.0,20260801,1.0.0,not_used,community labels are structural network results; they are not official factions and do not replace original-setting faction metadata
CN7,music,music,明治十七年的上海爱丽丝,明治十七年的上海爱丽丝,明治十七年の上海アリス,C-0b6457ba8b3a74a8,341,1,CC-0b6457ba8b3a74a8,1,0.0,0,0.0018315018315018315,0.0,0,0.0,louvain,intersection_count,100.0,0.0,1.0,20260801,1.0.0,not_used,community labels are structural network results; they are not official factions and do not replace original-setting faction metadata
CN7,music,music,昏暗的风穴,昏暗的风穴,暗闇の風穴,C-4b0bf33a9d1c2e50,342,1,CC-4b0bf33a9d1c2e50,1,0.0,0,0.0018315018315018315,0.0,0,0.0,louvain,intersection_count,100.0,0.0,1.0,20260801,1.0.0,not_used,community labels are structural network results; they are not official factions and do not replace original-setting faction metadata
CN7,music,music,星之器,星之器 ～ Casket of Star,星の器　～ Casket of Star,C-b344991ce825a144,343,1,CC-b344991ce825a144,1,0.0,0,0.0018315018315018315,0.0,0,0.0,louvain,intersection_count,100.0,0.0,1.0,20260801,1.0.0,not_used,community labels are structural network results; they are not official factions and do not replace original-setting faction metadata
CN7,music,music,星幽剑士,星幽剑士,,C-0e5c5957503d476e,344,1,CC-0e5c5957503d476e,1,0.0,0,0.0018315018315018315,0.0,0,0.0,louvain,intersection_count,100.0,0.0,1.0,20260801,1.0.0,not_used,community labels are structural network results; they are not official factions and do not replace original-setting faction metadata
CN7,music,music,星条旗的小丑,星条旗的小丑,星条旗のピエロ,C-2f76a6fd1ed67d90,345,1,CC-2f76a6fd1ed67d90,1,0.0,0,0.0018315018315018315,0.0,0,0.0,louvain,intersection_count,100.0,0.0,1.0,20260801,1.0.0,not_used,community labels are structural network results; they are not official factions and do not replace original-setting faction metadata
CN7,music,music,映花之塚,映花之塚,花の映る塚,C-423d26e182daa580,346,1,CC-423d26e182daa580,1,0.0,0,0.0018315018315018315,0.0,0,0.0,louvain,intersection_count,100.0,0.0,1.0,20260801,1.0.0,not_used,community labels are structural network results; they are not official factions and do not replace original-setting faction metadata
CN7,music,music,春之冰精,春之冰精,春の氷精,C-c59f6393db71db1e,347,1,CC-c59f6393db71db1e,1,0.0,0,0.0018315018315018315,0.0,0,0.0,louvain,intersection_count,100.0,0.0,1.0,20260801,1.0.0,not_used,community labels are structural network results; they are not official factions and do not replace original-setting faction metadata
CN7,music,music,春之冰精静,春之冰精 - 静 -,春の氷精　- 静 -,C-e067304e347c21bb,348,1,CC-e067304e347c21bb,1,0.0,0,0.0018315018315018315,0.0,0,0.0,louvain,intersection_count,100.0,0.0,1.0,20260801,1.0.0,not_used,community labels are structural network results; they are not official factions and do not replace original-setting faction metadata
CN7,music,music,春之港湾,春之港湾,春の湊に,C-1248b6e586183c55,349,1,CC-1248b6e586183c55,1,0.0,0,0.0018315018315018315,0.0,0,0.0,louvain,intersection_count,100.0,0.0,1.0,20260801,1.0.0,not_used,community labels are structural network results; they are not official factions and do not replace original-setting faction metadata
CN7,music,music,春色小径,春色小径 ～ Colorful Path,春色小径　～ Colorful Path,C-9d551708ca958b05,350,1,CC-9d551708ca958b05,1,0.0,0,0.0018315018315018315,0.0,0,0.0,louvain,intersection_count,100.0,0.0,1.0,20260801,1.0.0,not_used,community labels are structural network results; they are not official factions and do not replace original-setting faction metadata
CN7,music,music,春风之梦,春风之梦,春風の夢,C-dd4e6393d2e2d30b,351,1,CC-dd4e6393d2e2d30b,1,0.0,0,0.0018315018315018315,0.0,0,0.0,louvain,intersection_count,100.0,0.0,1.0,20260801,1.0.0,not_used,community labels are structural network results; they are not official factions and do not replace original-setting faction metadata
CN7,music,music,显现的传承形态,显现的传承形态,顕現した伝承の形,C-0c788b68028261f5,352,1,CC-0c788b68028261f5,1,0.0,0,0.0018315018315018315,0.0,0,0.0,louvain,intersection_count,100.0,0.0,1.0,20260801,1.0.0,not_used,community labels are structural network results; they are not official factions and do not replace original-setting faction metadata
CN7,music,music,晓云,晓云,暁雲,C-cc5d696b823bc8ba,353,1,CC-cc5d696b823bc8ba,1,0.0,0,0.0018315018315018315,0.0,0,0.0,louvain,intersection_count,100.0,0.0,1.0,20260801,1.0.0,not_used,community labels are structural network results; they are not official factions and do not replace original-setting faction metadata
CN7,music,music,智略纵横,智略纵横,知略縦横,C-c01ece154d6d9f57,354,1,CC-c01ece154d6d9f57,1,0.0,0,0.0018315018315018315,0.0,0,0.0,louvain,intersection_count,100.0,0.0,1.0,20260801,1.0.0,not_used,community labels are structural network results; they are not official factions and do not replace original-setting faction metadata
CN7,music,music,暮色苍然,暮色苍然,暮色蒼然,C-91818dd8870f3a48,355,1,CC-91818dd8870f3a48,1,0.0,0,0.0018315018315018315,0.0,0,0.0,louvain,intersection_count,100.0,0.0,1.0,20260801,1.0.0,not_used,community labels are structural network results; they are not official factions and do not replace original-setting faction metadata
CN7,music,music,曲名不详,曲名不详,,C-4bb3dafabc4c9768,356,1,CC-4bb3dafabc4c9768,1,0.0,0,0.0018315018315018315,0.0,0,0.0,louvain,intersection_count,100.0,0.0,1.0,20260801,1.0.0,not_used,community labels are structural network results; they are not official factions and do not replace original-setting faction metadata
CN7,music,music,最澄澈的空与海,最澄澈的空与海,最も澄みわたる空と海,C-07b427c2c0361f7e,357,1,CC-07b427c2c0361f7e,1,0.0,0,0.0018315018315018315,0.0,0,0.0,louvain,intersection_count,100.0,0.0,1.0,20260801,1.0.0,not_used,community labels are structural network results; they are not official factions and do not replace original-setting faction metadata
CN7,music,music,月之妖鸟化猫之幻,月之妖鸟、化猫之幻,月の妖鳥、化猫の幻,C-8f3c5729a465fbcf,358,1,CC-8f3c5729a465fbcf,1,0.0,0,0.0018315018315018315,0.0,0,0.0,louvain,intersection_count,100.0,0.0,1.0,20260801,1.0.0,not_used,community labels are structural network results; they are not official factions and do not replace original-setting faction metadata
CN7,music,music,月时计,月时计 ～ Luna Dial,月時計　～ ルナ・ダイアル,C-5aeee07c46732d2f,359,1,CC-5aeee07c46732d2f,1,0.0,0,0.0018315018315018315,0.0,0,0.0,louvain,intersection_count,100.0,0.0,1.0,20260801,1.0.0,not_used,community labels are structural network results; they are not official factions and do not replace original-setting faction metadata
CN7,music,music,月见草,月见草,月見草,C-3766e07fd750c219,360,1,CC-3766e07fd750c219,1,0.0,0,0.0018315018315018315,0.0,0,0.0,louvain,intersection_count,100.0,0.0,1.0,20260801,1.0.0,not_used,community labels are structural network results; they are not official factions and do not replace original-setting faction metadata
CN7,music,music,月轮,月轮,月輪,C-12446c9d62658e61,361,1,CC-12446c9d62658e61,1,0.0,0,0.0018315018315018315,0.0,0,0.0,louvain,intersection_count,100.0,0.0,1.0,20260801,1.0.0,not_used,community labels are structural network results; they are not official factions and do not replace original-setting faction metadata
CN7,music,music,有人气的场所,有人气的场所,人気のある場所,C-efe9a6d224633c6c,362,1,CC-efe9a6d224633c6c,1,0.0,0,0.0018315018315018315,0.0,0,0.0,louvain,intersection_count,100.0,0.0,1.0,20260801,1.0.0,not_used,community labels are structural network results; they are not official factions and do not replace original-setting faction metadata
CN7,music,music,有珠子的日常,有珠子的日常,ボールのある日常,C-9fa628f8e6c1fd6d,363,1,CC-9fa628f8e6c1fd6d,1,0.0,0,0.0018315018315018315,0.0,0,0.0,louvain,intersection_count,100.0,0.0,1.0,20260801,1.0.0,not_used,community labels are structural network results; they are not official factions and do not replace original-setting faction metadata
CN7,music,music,有顶天变,有顶天变 ～ Wonderful Heaven,有頂天変　～ Wonderful Heaven,C-c421ff5b74ec44dc,364,1,CC-c421ff5b74ec44dc,1,0.0,0,0.0018315018315018315,0.0,0,0.0,louvain,intersection_count,100.0,0.0,1.0,20260801,1.0.0,not_used,community labels are structural network results; they are not official factions and do not replace original-setting faction metadata
CN7,music,music,未知之花魅知之旅,未知之花 魅知之旅,未知の花 魅知の旅,C-2efc44a86622a64e,365,1,CC-2efc44a86622a64e,1,0.0,0,0.0018315018315018315,0.0,0,0.0,louvain,intersection_count,100.0,0.0,1.0,20260801,1.0.0,not_used,community labels are structural network results; they are not official factions and do not replace original-setting faction metadata
CN7,music,music,未知物xunfoundadventure未知物xoccultlymadness,未知物Ｘ　～ Unfound Adventure（未知物X　～ Occultly Madness）,,C-28ed966bd15b2d57,366,1,CC-28ed966bd15b2d57,1,0.0,0,0.0018315018315018315,0.0,0,0.0,louvain,intersection_count,100.0,0.0,1.0,20260801,1.0.0,not_used,community labels are structural network results; they are not official factions and do not replace original-setting faction metadata
CN7,music,music,本日的头版头条,本日的头版头条,本日の一面記事,C-f797eccb7e988632,367,1,CC-f797eccb7e988632,1,0.0,0,0.0018315018315018315,0.0,0,0.0,louvain,intersection_count,100.0,0.0,1.0,20260801,1.0.0,not_used,community labels are structural network results; they are not official factions and do not replace original-setting faction metadata
CN7,music,music,机械马戏团reveriecircusreverie,机械马戏团　～ Reverie（Circus Reverie）,,C-d81fab84ef8e8c9e,368,1,CC-d81fab84ef8e8c9e,1,0.0,0,0.0018315018315018315,0.0,0,0.0,louvain,intersection_count,100.0,0.0,1.0,20260801,1.0.0,not_used,community labels are structural network results; they are not official factions and do not replace original-setting faction metadata
CN7,music,music,来吧直到倒地死去的那一刻,来吧，直到倒地死去的那一刻,いざ、倒れ逝くその時まで,C-4ecd3255cb7f5371,369,1,CC-4ecd3255cb7f5371,1,0.0,0,0.0018315018315018315,0.0,0,0.0,louvain,intersection_count,100.0,0.0,1.0,20260801,1.0.0,not_used,community labels are structural network results; they are not official factions and do not replace original-setting faction metadata
CN7,music,music,柳树下的杜拉罕,柳树下的杜拉罕,柳の下のデュラハン,C-1c9a58bc6b453072,370,1,CC-1c9a58bc6b453072,1,0.0,0,0.0018315018315018315,0.0,0,0.0,louvain,intersection_count,100.0,0.0,1.0,20260801,1.0.0,not_used,community labels are structural network results; they are not official factions and do not replace original-setting faction metadata
CN7,music,music,桑尼米尔克的红雾异变,桑尼米尔克的红雾异变,サニーミルクの紅霧異変,C-9359e64ad63367ec,371,1,CC-9359e64ad63367ec,1,0.0,0,0.0018315018315018315,0.0,0,0.0,louvain,intersection_count,100.0,0.0,1.0,20260801,1.0.0,not_used,community labels are structural network results; they are not official factions and do not replace original-setting faction metadata
CN7,music,music,梦世界民俗,梦世界民俗,,C-eeae56b5e558bc1b,372,1,CC-eeae56b5e558bc1b,1,0.0,0,0.0018315018315018315,0.0,0,0.0,louvain,intersection_count,100.0,0.0,1.0,20260801,1.0.0,not_used,community labels are structural network results; they are not official factions and do not replace original-setting faction metadata
CN7,music,music,梦境与现实的境界,梦境与现实的境界,夢と現の境界,C-bea63b054982356e,373,1,CC-bea63b054982356e,1,0.0,0,0.0018315018315018315,0.0,0,0.0,louvain,intersection_count,100.0,0.0,1.0,20260801,1.0.0,not_used,community labels are structural network results; they are not official factions and do not replace original-setting faction metadata
CN7,music,music,梦幻回廊,梦幻回廊,夢幻回廊,C-21f0984ecac9b322,374,1,CC-21f0984ecac9b322,1,0.0,0,0.0018315018315018315,0.0,0,0.0,louvain,intersection_count,100.0,0.0,1.0,20260801,1.0.0,not_used,community labels are structural network results; they are not official factions and do not replace original-setting faction metadata
CN7,music,music,梦幻游戏dreamwar,梦幻游戏 ～ Dream War,夢幻遊戯　～ Dream War,C-5e029d4a80802f67,375,1,CC-5e029d4a80802f67,1,0.0,0,0.0018315018315018315,0.0,0,0.0,louvain,intersection_count,100.0,0.0,1.0,20260801,1.0.0,not_used,community labels are structural network results; they are not official factions and do not replace original-setting faction metadata
CN7,music,music,梦想时空,梦想时空,夢想時空,C-fc36bdf74d2babaa,376,1,CC-fc36bdf74d2babaa,1,0.0,0,0.0018315018315018315,0.0,0,0.0,louvain,intersection_count,100.0,0.0,1.0,20260801,1.0.0,not_used,community labels are structural network results; they are not official factions and do not replace original-setting faction metadata
CN7,music,music,梦想超越时空,梦想超越时空,夢は時空を越えて,C-b41eb9f129d4ea34,377,1,CC-b41eb9f129d4ea34,1,0.0,0,0.0018315018315018315,0.0,0,0.0,louvain,intersection_count,100.0,0.0,1.0,20260801,1.0.0,not_used,community labels are structural network results; they are not official factions and do not replace original-setting faction metadata
CN7,music,music,梦机械innocentpower,梦机械 ～ Innocent Power,夢機械　～ Innocent Power,C-e5803ffc8af5980e,378,1,CC-e5803ffc8af5980e,1,0.0,0,0.0018315018315018315,0.0,0,0.0,louvain,intersection_count,100.0,0.0,1.0,20260801,1.0.0,not_used,community labels are structural network results; they are not official factions and do not replace original-setting faction metadata
CN7,music,music,梦殿大祀庙,梦殿大祀庙,夢殿大祀廟,C-2de519a638ce018e,379,1,CC-2de519a638ce018e,1,0.0,0,0.0018315018315018315,0.0,0,0.0,louvain,intersection_count,100.0,0.0,1.0,20260801,1.0.0,not_used,community labels are structural network results; they are not official factions and do not replace original-setting faction metadata
CN7,music,music,梦消失lostdream,梦消失 ～ Lost Dream,夢消失　～ Lost Dream,C-fafdc4847c0bec2a,380,1,CC-fafdc4847c0bec2a,1,0.0,0,0.0018315018315018315,0.0,0,0.0,louvain,intersection_count,100.0,0.0,1.0,20260801,1.0.0,not_used,community labels are structural network results; they are not official factions and do not replace original-setting faction metadata
CN7,music,music,森闲,森闲,森閑,C-190e20ecd2fb3787,381,1,CC-190e20ecd2fb3787,1,0.0,0,0.0018315018315018315,0.0,0,0.0,louvain,intersection_count,100.0,0.0,1.0,20260801,1.0.0,not_used,community labels are structural network results; they are not official factions and do not replace original-setting faction metadata
CN7,music,music,樱花之恋塚flowerofjapan,樱花之恋塚　～ Flower of Japan,,C-ab64599d89ac2c00,382,1,CC-ab64599d89ac2c00,1,0.0,0,0.0018315018315018315,0.0,0,0.0,louvain,intersection_count,100.0,0.0,1.0,20260801,1.0.0,not_used,community labels are structural network results; they are not official factions and do not replace original-setting faction metadata
CN7,music,music,樱花樱花japanizedream,樱花樱花 ～ Japanize Dream...,さくらさくら　～ Japanize Dream...,C-f36411b0c02bbdfe,383,1,CC-f36411b0c02bbdfe,1,0.0,0,0.0018315018315018315,0.0,0,0.0,louvain,intersection_count,100.0,0.0,1.0,20260801,1.0.0,not_used,community labels are structural network results; they are not official factions and do not replace original-setting faction metadata
CN7,music,music,樱花舞落的天空,樱花舞落的天空,桜舞い散る天空,C-0ef6bc72768047a2,384,1,CC-0ef6bc72768047a2,1,0.0,0,0.0018315018315018315,0.0,0,0.0,louvain,intersection_count,100.0,0.0,1.0,20260801,1.0.0,not_used,community labels are structural network results; they are not official factions and do not replace original-setting faction metadata
CN7,music,music,欢迎来到妖怪寺,欢迎来到妖怪寺,妖怪寺へようこそ,C-5e112497dd467ffa,385,1,CC-5e112497dd467ffa,1,0.0,0,0.0018315018315018315,0.0,0,0.0,louvain,intersection_count,100.0,0.0,1.0,20260801,1.0.0,not_used,community labels are structural network results; they are not official factions and do not replace original-setting faction metadata
CN7,music,music,欢迎来到月面旅行团,欢迎来到月面旅行团,月面ツアーへようこそ,C-ad5ea4bb5649efd0,386,1,CC-ad5ea4bb5649efd0,1,0.0,0,0.0018315018315018315,0.0,0,0.0,louvain,intersection_count,100.0,0.0,1.0,20260801,1.0.0,not_used,community labels are structural network results; they are not official factions and do not replace original-setting faction metadata
CN7,music,music,欲望深重的灵魂,欲望深重的灵魂,欲深き霊魂,C-6cd1616647d39799,387,1,CC-6cd1616647d39799,1,0.0,0,0.0018315018315018315,0.0,0,0.0,louvain,intersection_count,100.0,0.0,1.0,20260801,1.0.0,not_used,community labels are structural network results; they are not official factions and do not replace original-setting faction metadata
CN7,music,music,此岸之塚,此岸之塚,此岸の塚,C-3710a01ec337a75e,388,1,CC-3710a01ec337a75e,1,0.0,0,0.0018315018315018315,0.0,0,0.0,louvain,intersection_count,100.0,0.0,1.0,20260801,1.0.0,not_used,community labels are structural network results; they are not official factions and do not replace original-setting faction metadata
CN7,music,music,死灵的夜樱,死灵的夜樱,死霊の夜桜,C-22a9664fc52e8fd2,389,1,CC-22a9664fc52e8fd2,1,0.0,0,0.0018315018315018315,0.0,0,0.0,louvain,intersection_count,100.0,0.0,1.0,20260801,1.0.0,not_used,community labels are structural network results; they are not official factions and do not replace original-setting faction metadata
CN7,music,music,比普朗克更短的须臾,比普朗克更短的须臾,須臾はプランクを超えて,C-6565740cffa7e768,390,1,CC-6565740cffa7e768,1,0.0,0,0.0018315018315018315,0.0,0,0.0,louvain,intersection_count,100.0,0.0,1.0,20260801,1.0.0,not_used,community labels are structural network results; they are not official factions and do not replace original-setting faction metadata
CN7,music,music,比红色更虚无的永远,比红色更虚无的永远,紅より儚い永遠,C-90b93a17821228d2,391,1,CC-90b93a17821228d2,1,0.0,0,0.0018315018315018315,0.0,0,0.0,louvain,intersection_count,100.0,0.0,1.0,20260801,1.0.0,not_used,community labels are structural network results; they are not official factions and do not replace original-setting faction metadata
CN7,music,music,比赤色更红的梦,比赤色更红的梦,赤より紅い夢,C-5c7c0a4deec97628,392,1,CC-5c7c0a4deec97628,1,0.0,0,0.0018315018315018315,0.0,0,0.0,louvain,intersection_count,100.0,0.0,1.0,20260801,1.0.0,not_used,community labels are structural network results; they are not official factions and do not replace original-setting faction metadata
CN7,music,music,永夜抄easternnight,永夜抄 ～ Eastern Night.,永夜抄　～ Eastern Night.,C-11408abc869c7612,393,1,CC-11408abc869c7612,1,0.0,0,0.0018315018315018315,0.0,0,0.0,louvain,intersection_count,100.0,0.0,1.0,20260801,1.0.0,not_used,community labels are structural network results; they are not official factions and do not replace original-setting faction metadata
CN7,music,music,永夜的报应imperishablenightpipesandfiddle,永夜的报应　～ Imperishable Night（Pipes and Fiddle）,,C-0fcfee4bc0ef02e4,394,1,CC-0fcfee4bc0ef02e4,1,0.0,0,0.0018315018315018315,0.0,0,0.0,louvain,intersection_count,100.0,0.0,1.0,20260801,1.0.0,not_used,community labels are structural network results; they are not official factions and do not replace original-setting faction metadata
CN7,music,music,永远之巫女,永远之巫女,永遠の巫女,C-e18ec1cf5ecd35e1,395,1,CC-e18ec1cf5ecd35e1,1,0.0,0,0.0018315018315018315,0.0,0,0.0,louvain,intersection_count,100.0,0.0,1.0,20260801,1.0.0,not_used,community labels are structural network results; they are not official factions and do not replace original-setting faction metadata
CN7,music,music,永远延续的回廊,永远延续的回廊,永遠に続く回廊,C-b8918a51adf3c081,396,1,CC-b8918a51adf3c081,1,0.0,0,0.0018315018315018315,0.0,0,0.0,louvain,intersection_count,100.0,0.0,1.0,20260801,1.0.0,not_used,community labels are structural network results; they are not official factions and do not replace original-setting faction metadata
CN7,music,music,永远的三日天下,永远的三日天下,永遠の三日天下,C-5516237efaa54167,397,1,CC-5516237efaa54167,1,0.0,0,0.0018315018315018315,0.0,0,0.0,louvain,intersection_count,100.0,0.0,1.0,20260801,1.0.0,not_used,community labels are structural network results; they are not official factions and do not replace original-setting faction metadata
CN7,music,music,永远的乐园,永远的乐园,久遠の楽園,C-b23482509d4b5d2a,398,1,CC-b23482509d4b5d2a,1,0.0,0,0.0018315018315018315,0.0,0,0.0,louvain,intersection_count,100.0,0.0,1.0,20260801,1.0.0,not_used,community labels are structural network results; they are not official factions and do not replace original-setting faction metadata
CN7,music,music,永远的春梦,永远的春梦,永遠の春夢,C-afe7c35ab7009256,399,1,CC-afe7c35ab7009256,1,0.0,0,0.0018315018315018315,0.0,0,0.0,louvain,intersection_count,100.0,0.0,1.0,20260801,1.0.0,not_used,community labels are structural network results; they are not official factions and do not replace original-setting faction metadata
CN7,music,music,永远的满月,永远的满月,永遠の満月,C-ce10e021873cb09f,400,1,CC-ce10e021873cb09f,1,0.0,0,0.0018315018315018315,0.0,0,0.0,louvain,intersection_count,100.0,0.0,1.0,20260801,1.0.0,not_used,community labels are structural network results; they are not official factions and do not replace original-setting faction metadata
CN7,music,music,沉向空中的辉针城,沉向空中的辉针城,空中に沈む輝針城,C-6cab9a254de6be22,401,1,CC-6cab9a254de6be22,1,0.0,0,0.0018315018315018315,0.0,0,0.0,louvain,intersection_count,100.0,0.0,1.0,20260801,1.0.0,not_used,community labels are structural network results; they are not official factions and do not replace original-setting faction metadata
CN7,music,music,沉睡的恐怖sleepingterror,沉睡的恐怖 ～ Sleeping Terror,眠れる恐怖　～ Sleeping Terror,C-784ba9751af96d78,402,1,CC-784ba9751af96d78,1,0.0,0,0.0018315018315018315,0.0,0,0.0,louvain,intersection_count,100.0,0.0,1.0,20260801,1.0.0,not_used,community labels are structural network results; they are not official factions and do not replace original-setting faction metadata
CN7,music,music,没用上的场所,没用上的场所,使われなかった場所,C-a99de228eeb4c1ab,403,1,CC-a99de228eeb4c1ab,1,0.0,0,0.0018315018315018315,0.0,0,0.0,louvain,intersection_count,100.0,0.0,1.0,20260801,1.0.0,not_used,community labels are structural network results; they are not official factions and do not replace original-setting faction metadata
CN7,music,music,法力之下的平等,法力之下的平等,法力の下の平等,C-d054d71a7ced09c1,404,1,CC-d054d71a7ced09c1,1,0.0,0,0.0018315018315018315,0.0,0,0.0,louvain,intersection_count,100.0,0.0,1.0,20260801,1.0.0,not_used,community labels are structural network results; they are not official factions and do not replace original-setting faction metadata
CN7,music,music,法界之火,法界之火,法界の火,C-25291767900aa8eb,405,1,CC-25291767900aa8eb,1,0.0,0,0.0018315018315018315,0.0,0,0.0,louvain,intersection_count,100.0,0.0,1.0,20260801,1.0.0,not_used,community labels are structural network results; they are not official factions and do not replace original-setting faction metadata
CN7,music,music,泽之河童的技术力,泽之河童的技术力,沢の河童の技術力,C-b68188729e4fe45d,406,1,CC-b68188729e4fe45d,1,0.0,0,0.0018315018315018315,0.0,0,0.0,louvain,intersection_count,100.0,0.0,1.0,20260801,1.0.0,not_used,community labels are structural network results; they are not official factions and do not replace original-setting faction metadata
CN7,music,music,活泼的纯情小姑娘,活泼的纯情小姑娘,おてんば恋娘,C-1d971f9444c95492,407,1,CC-1d971f9444c95492,1,0.0,0,0.0018315018315018315,0.0,0,0.0,louvain,intersection_count,100.0,0.0,1.0,20260801,1.0.0,not_used,community labels are structural network results; they are not official factions and do not replace original-setting faction metadata
CN7,music,music,浪漫逃飞行,浪漫逃飞行,ロマンチック逃飛行,C-a88c2516b2417e4e,408,1,CC-a88c2516b2417e4e,1,0.0,0,0.0018315018315018315,0.0,0,0.0,louvain,intersection_count,100.0,0.0,1.0,20260801,1.0.0,not_used,community labels are structural network results; they are not official factions and do not replace original-setting faction metadata
CN7,music,music,深山的遭遇,深山的遭遇,山奥のエンカウンター,C-33b638738ecb4f54,409,1,CC-33b638738ecb4f54,1,0.0,0,0.0018315018315018315,0.0,0,0.0,louvain,intersection_count,100.0,0.0,1.0,20260801,1.0.0,not_used,community labels are structural network results; they are not official factions and do not replace original-setting faction metadata
CN7,music,music,湖上倒映着洁净的月光,湖上倒映着洁净的月光,湖は浄めの月光を映して,C-0f93004dd711a094,410,1,CC-0f93004dd711a094,1,0.0,0,0.0018315018315018315,0.0,0,0.0,louvain,intersection_count,100.0,0.0,1.0,20260801,1.0.0,not_used,community labels are structural network results; they are not official factions and do not replace original-setting faction metadata
CN7,music,music,满月的竹林,满月的竹林,満月の竹林,C-63b734616932b0eb,411,1,CC-63b734616932b0eb,1,0.0,0,0.0018315018315018315,0.0,0,0.0,louvain,intersection_count,100.0,0.0,1.0,20260801,1.0.0,not_used,community labels are structural network results; they are not official factions and do not replace original-setting faction metadata
CN7,music,music,漂浮于宇宙之中的幻想乡,漂浮于宇宙之中的幻想乡,宇宙に浮かぶ幻想郷,C-b3ac9b221f10b76e,412,1,CC-b3ac9b221f10b76e,1,0.0,0,0.0018315018315018315,0.0,0,0.0,louvain,intersection_count,100.0,0.0,1.0,20260801,1.0.0,not_used,community labels are structural network results; they are not official factions and do not replace original-setting faction metadata
CN7,music,music,漫游旧地狱街道,漫游旧地狱街道,旧地獄街道を行く,C-f503586ec8084b83,413,1,CC-f503586ec8084b83,1,0.0,0,0.0018315018315018315,0.0,0,0.0,louvain,intersection_count,100.0,0.0,1.0,20260801,1.0.0,not_used,community labels are structural network results; they are not official factions and do not replace original-setting faction metadata
CN7,music,music,灰姑娘的笼子,灰姑娘的笼子 ～ Kagome-Kagome,シンデレラケージ　～ Kagome-Kagome,C-5f107fcae891a0fc,414,1,CC-5f107fcae891a0fc,1,0.0,0,0.0018315018315018315,0.0,0,0.0,louvain,intersection_count,100.0,0.0,1.0,20260801,1.0.0,not_used,community labels are structural network results; they are not official factions and do not replace original-setting faction metadata
CN7,music,music,灵人的休息日,灵人的休息日,霊人の休日,C-95243b934d706a94,415,1,CC-95243b934d706a94,1,0.0,0,0.0018315018315018315,0.0,0,0.0,louvain,intersection_count,100.0,0.0,1.0,20260801,1.0.0,not_used,community labels are structural network results; they are not official factions and do not replace original-setting faction metadata
CN7,music,music,灵天spiritualheaven,灵天 ～ Spiritual Heaven,霊天　～ Spiritual Heaven,C-686944456c8b16dc,416,1,CC-686944456c8b16dc,1,0.0,0,0.0018315018315018315,0.0,0,0.0,louvain,intersection_count,100.0,0.0,1.0,20260801,1.0.0,not_used,community labels are structural network results; they are not official factions and do not replace original-setting faction metadata
CN7,music,music,灵异任你选,灵异任你选,オカルトアラカルト,C-fcc2d1946d7b6d90,417,1,CC-fcc2d1946d7b6d90,1,0.0,0,0.0018315018315018315,0.0,0,0.0,louvain,intersection_count,100.0,0.0,1.0,20260801,1.0.0,not_used,community labels are structural network results; they are not official factions and do not replace original-setting faction metadata
CN7,music,music,灵战perditioncrisis,灵战 ～ Perdition crisis,霊戦　～ Perdition crisis,C-203ec707f7fbd9f0,418,1,CC-203ec707f7fbd9f0,1,0.0,0,0.0018315018315018315,0.0,0,0.0,louvain,intersection_count,100.0,0.0,1.0,20260801,1.0.0,not_used,community labels are structural network results; they are not official factions and do not replace original-setting faction metadata
CN7,music,music,灵知的太阳信仰,灵知的太阳信仰 ～ Nuclear Fusion,霊知の太陽信仰　～ Nuclear Fusion,C-486af2b4864bc83d,419,1,CC-486af2b4864bc83d,1,0.0,0,0.0018315018315018315,0.0,0,0.0,louvain,intersection_count,100.0,0.0,1.0,20260801,1.0.0,not_used,community labels are structural network results; they are not official factions and do not replace original-setting faction metadata
CN7,music,music,灵魂安息之所,灵魂安息之所,魂の休らむ所,C-63581f6c1e53fecc,420,1,CC-63581f6c1e53fecc,1,0.0,0,0.0018315018315018315,0.0,0,0.0,louvain,intersection_count,100.0,0.0,1.0,20260801,1.0.0,not_used,community labels are structural network results; they are not official factions and do not replace original-setting faction metadata
CN7,music,music,燃起犯规的狼烟,燃起犯规的狼烟,反則の狼煙を上げろ,C-a6958d988f102e60,421,1,CC-a6958d988f102e60,1,0.0,0,0.0018315018315018315,0.0,0,0.0,louvain,intersection_count,100.0,0.0,1.0,20260801,1.0.0,not_used,community labels are structural network results; they are not official factions and do not replace original-setting faction metadata
CN7,music,music,燕石博物志所带来的黑暗,燕石博物志所带来的黑暗,燕石博物誌が連れてきた闇,C-62a38b91c68768f9,422,1,CC-62a38b91c68768f9,1,0.0,0,0.0018315018315018315,0.0,0,0.0,louvain,intersection_count,100.0,0.0,1.0,20260801,1.0.0,not_used,community labels are structural network results; they are not official factions and do not replace original-setting faction metadata
CN7,music,music,特佩斯的年幼末裔,特佩斯的年幼末裔,ツェペシュの幼き末裔,C-536cff4245dbf109,423,1,CC-536cff4245dbf109,1,0.0,0,0.0018315018315018315,0.0,0,0.0,louvain,intersection_count,100.0,0.0,1.0,20260801,1.0.0,not_used,community labels are structural network results; they are not official factions and do not replace original-setting faction metadata
CN7,music,music,特洛伊群的密林,特洛伊群的密林,トロヤ群の密林,C-30ad413d62a16201,424,1,CC-30ad413d62a16201,1,0.0,0,0.0018315018315018315,0.0,0,0.0,louvain,intersection_count,100.0,0.0,1.0,20260801,1.0.0,not_used,community labels are structural network results; they are not official factions and do not replace original-setting faction metadata
CN7,music,music,狂气之瞳,狂气之瞳 ～ Invisible Full Moon,狂気の瞳　～ Invisible Full Moon,C-d0a5abd99f0174a0,425,1,CC-d0a5abd99f0174a0,1,0.0,0,0.0018315018315018315,0.0,0,0.0,louvain,intersection_count,100.0,0.0,1.0,20260801,1.0.0,not_used,community labels are structural network results; they are not official factions and do not replace original-setting faction metadata
CN7,music,music,献给已逝公主的七重奏,献给已逝公主的七重奏,亡き王女の為のセプテット,C-2c49894c6b1f5ecb,426,1,CC-2c49894c6b1f5ecb,1,0.0,0,0.0018315018315018315,0.0,0,0.0,louvain,intersection_count,100.0,0.0,1.0,20260801,1.0.0,not_used,community labels are structural network results; they are not official factions and do not replace original-setting faction metadata
CN7,music,music,现代妖怪殖民地,现代妖怪殖民地,妖怪モダンコロニー,C-0aa4d342cef30f0d,427,1,CC-0aa4d342cef30f0d,1,0.0,0,0.0018315018315018315,0.0,0,0.0,louvain,intersection_count,100.0,0.0,1.0,20260801,1.0.0,not_used,community labels are structural network results; they are not official factions and do not replace original-setting faction metadata
CN7,music,music,珍奇的上海古牌,珍奇的上海古牌,キュアリアス上海古牌,C-fadd1930c060c834,428,1,CC-fadd1930c060c834,1,0.0,0,0.0018315018315018315,0.0,0,0.0,louvain,intersection_count,100.0,0.0,1.0,20260801,1.0.0,not_used,community labels are structural network results; they are not official factions and do not replace original-setting faction metadata
CN7,music,music,甲论乙驳,甲论乙驳,甲論乙駁,C-bac669e339a6c7fd,429,1,CC-bac669e339a6c7fd,1,0.0,0,0.0018315018315018315,0.0,0,0.0,louvain,intersection_count,100.0,0.0,1.0,20260801,1.0.0,not_used,community labels are structural network results; they are not official factions and do not replace original-setting faction metadata
CN7,music,music,疑惑的萌芽,疑惑的萌芽,,C-824285ebd4772c18,430,1,CC-824285ebd4772c18,1,0.0,0,0.0018315018315018315,0.0,0,0.0,louvain,intersection_count,100.0,0.0,1.0,20260801,1.0.0,not_used,community labels are structural network results; they are not official factions and do not replace original-setting faction metadata
CN7,music,music,白色旅人,白色旅人,白い旅人,C-8a33e690fd3b2312,431,1,CC-8a33e690fd3b2312,1,0.0,0,0.0018315018315018315,0.0,0,0.0,louvain,intersection_count,100.0,0.0,1.0,20260801,1.0.0,not_used,community labels are structural network results; they are not official factions and do not replace original-setting faction metadata
CN7,music,music,盛夏的妖精梦,盛夏的妖精梦,真夏の妖精の夢,C-2e794fcaa1fc5de4,432,1,CC-2e794fcaa1fc5de4,1,0.0,0,0.0018315018315018315,0.0,0,0.0,louvain,intersection_count,100.0,0.0,1.0,20260801,1.0.0,not_used,community labels are structural network results; they are not official factions and do not replace original-setting faction metadata
CN7,music,music,相信可能性,相信可能性,可能性を信じて,C-1f33d01f32a3a808,433,1,CC-1f33d01f32a3a808,1,0.0,0,0.0018315018315018315,0.0,0,0.0,louvain,intersection_count,100.0,0.0,1.0,20260801,1.0.0,not_used,community labels are structural network results; they are not official factions and do not replace original-setting faction metadata
CN7,music,music,眷爱众生之神,眷爱众生之神 ～ Romantic Fall,人恋し神様　～ Romantic Fall,C-d2ddf1384700f46f,434,1,CC-d2ddf1384700f46f,1,0.0,0,0.0018315018315018315,0.0,0,0.0,louvain,intersection_count,100.0,0.0,1.0,20260801,1.0.0,not_used,community labels are structural network results; they are not official factions and do not replace original-setting faction metadata
CN7,music,music,知晓真相之人,知晓真相之人,真実を知る者,C-8fe55e9d0122ad03,435,1,CC-8fe55e9d0122ad03,1,0.0,0,0.0018315018315018315,0.0,0,0.0,louvain,intersection_count,100.0,0.0,1.0,20260801,1.0.0,not_used,community labels are structural network results; they are not official factions and do not replace original-setting faction metadata
CN7,music,music,破邪的小太刀,破邪的小太刀,破邪の小太刀,C-f4c176377cca54bb,436,1,CC-f4c176377cca54bb,1,0.0,0,0.0018315018315018315,0.0,0,0.0,louvain,intersection_count,100.0,0.0,1.0,20260801,1.0.0,not_used,community labels are structural network results; they are not official factions and do not replace original-setting faction metadata
CN7,music,music,碎月,碎月,砕月,C-97896cd16abf740e,437,1,CC-97896cd16abf740e,1,0.0,0,0.0018315018315018315,0.0,0,0.0,louvain,intersection_count,100.0,0.0,1.0,20260801,1.0.0,not_used,community labels are structural network results; they are not official factions and do not replace original-setting faction metadata
CN7,music,music,神圣庄严的古战场,神圣庄严的古战场 ～ Suwa Foughten Field,神さびた古戦場　～ Suwa Foughten Field,C-ea3cbd08e8eb028d,438,1,CC-ea3cbd08e8eb028d,1,0.0,0,0.0018315018315018315,0.0,0,0.0,louvain,intersection_count,100.0,0.0,1.0,20260801,1.0.0,not_used,community labels are structural network results; they are not official factions and do not replace original-setting faction metadata
CN7,music,music,神域的捉迷藏生活,神域的捉迷藏生活,神域のかくれんぼ暮らし,C-445056e8cbee37ce,439,1,CC-445056e8cbee37ce,1,0.0,0,0.0018315018315018315,0.0,0,0.0,louvain,intersection_count,100.0,0.0,1.0,20260801,1.0.0,not_used,community labels are structural network results; they are not official factions and do not replace original-setting faction metadata
CN7,music,music,神明降下恩惠之雨sylphiddream,神明降下恩惠之雨 ～ Sylphid Dream,神は恵みの雨を降らす　～ Sylphid Dream,C-7ed2b53004a10661,440,1,CC-7ed2b53004a10661,1,0.0,0,0.0018315018315018315,0.0,0,0.0,louvain,intersection_count,100.0,0.0,1.0,20260801,1.0.0,not_used,community labels are structural network results; they are not official factions and do not replace original-setting faction metadata
CN7,music,music,神社,神社,神社,C-5a93555f5c45b931,441,1,CC-5a93555f5c45b931,1,0.0,0,0.0018315018315018315,0.0,0,0.0,louvain,intersection_count,100.0,0.0,1.0,20260801,1.0.0,not_used,community labels are structural network results; they are not official factions and do not replace original-setting faction metadata
CN7,music,music,神社的新风,神社的新风,神社の新しい風,C-9b3494f933e04a0b,442,1,CC-9b3494f933e04a0b,1,0.0,0,0.0018315018315018315,0.0,0,0.0,louvain,intersection_count,100.0,0.0,1.0,20260801,1.0.0,not_used,community labels are structural network results; they are not official factions and do not replace original-setting faction metadata
CN7,music,music,神秘的人偶godknows,神秘的人偶　～ God Knows,,C-f2ede594dcafe048,443,1,CC-f2ede594dcafe048,1,0.0,0,0.0018315018315018315,0.0,0,0.0,louvain,intersection_count,100.0,0.0,1.0,20260801,1.0.0,not_used,community labels are structural network results; they are not official factions and do not replace original-setting faction metadata
CN7,music,music,神篱如紫色火焰般燃烧,神篱，如紫色火焰般燃烧,ひもろぎ、むらさきにもえ,C-36ed0bb919d20470,444,1,CC-36ed0bb919d20470,1,0.0,0,0.0018315018315018315,0.0,0,0.0,louvain,intersection_count,100.0,0.0,1.0,20260801,1.0.0,not_used,community labels are structural network results; they are not official factions and do not replace original-setting faction metadata
CN7,music,music,神话幻想infinitebeing,神话幻想 ～ Infinite Being,神話幻想　～ Infinite Being,C-07951ddf5fbd4313,445,1,CC-07951ddf5fbd4313,1,0.0,0,0.0018315018315018315,0.0,0,0.0,louvain,intersection_count,100.0,0.0,1.0,20260801,1.0.0,not_used,community labels are structural network results; they are not official factions and do not replace original-setting faction metadata
CN7,music,music,祸机,祸机,禍機,C-ada91cd640a5514a,446,1,CC-ada91cd640a5514a,1,0.0,0,0.0018315018315018315,0.0,0,0.0,louvain,intersection_count,100.0,0.0,1.0,20260801,1.0.0,not_used,community labels are structural network results; they are not official factions and do not replace original-setting faction metadata
CN7,music,music,禁忌的膜壁,禁忌的膜壁,禁忌の膜壁,C-9b6f42c7d18e3602,447,1,CC-9b6f42c7d18e3602,1,0.0,0,0.0018315018315018315,0.0,0,0.0,louvain,intersection_count,100.0,0.0,1.0,20260801,1.0.0,not_used,community labels are structural network results; they are not official factions and do not replace original-setting faction metadata
CN7,music,music,禁忌的魔法forbiddenmagic,禁忌的魔法 ～ Forbidden Magic,禁断の魔法　～ Forbidden Magic,C-aedc9d7aa9fb6b5d,448,1,CC-aedc9d7aa9fb6b5d,1,0.0,0,0.0018315018315018315,0.0,0,0.0,louvain,intersection_count,100.0,0.0,1.0,20260801,1.0.0,not_used,community labels are structural network results; they are not official factions and do not replace original-setting faction metadata
CN7,music,music,禁断之门对面是此世还是彼世,禁断之门对面，是此世还是彼世,禁断の扉の向こうは、この世かあの世か,C-bd45408747105c94,449,1,CC-bd45408747105c94,1,0.0,0,0.0018315018315018315,0.0,0,0.0,louvain,intersection_count,100.0,0.0,1.0,20260801,1.0.0,not_used,community labels are structural network results; they are not official factions and do not replace original-setting faction metadata
CN7,music,music,秋霜玉clockworks,秋霜玉 ～ Clockworks,秋霜玉　～ Clockworks,C-22a2058f125c9392,450,1,CC-22a2058f125c9392,1,0.0,0,0.0018315018315018315,0.0,0,0.0,louvain,intersection_count,100.0,0.0,1.0,20260801,1.0.0,not_used,community labels are structural network results; they are not official factions and do not replace original-setting faction metadata
CN7,music,music,科学世纪的少年少女,科学世纪的少年少女,科学世紀の少年少女,C-86ff091dace832fb,451,1,CC-86ff091dace832fb,1,0.0,0,0.0018315018315018315,0.0,0,0.0,louvain,intersection_count,100.0,0.0,1.0,20260801,1.0.0,not_used,community labels are structural network results; they are not official factions and do not replace original-setting faction metadata
CN7,music,music,秘境的人鱼,秘境的人鱼,秘境のマーメイド,C-02afe9415f82436e,452,1,CC-02afe9415f82436e,1,0.0,0,0.0018315018315018315,0.0,0,0.0,louvain,intersection_count,100.0,0.0,1.0,20260801,1.0.0,not_used,community labels are structural network results; they are not official factions and do not replace original-setting faction metadata
CN7,music,music,秘神摩多罗,秘神摩多罗 ～ Hidden Star in All Seasons.,秘神マターラ　～ Hidden Star in All Seasons.,C-7ed071d9ec607e6f,453,1,CC-7ed071d9ec607e6f,1,0.0,0,0.0018315018315018315,0.0,0,0.0,louvain,intersection_count,100.0,0.0,1.0,20260801,1.0.0,not_used,community labels are structural network results; they are not official factions and do not replace original-setting faction metadata
CN7,music,music,稀客,稀客,珍客,C-59f82031bc074895,454,1,CC-59f82031bc074895,1,0.0,0,0.0018315018315018315,0.0,0,0.0,louvain,intersection_count,100.0,0.0,1.0,20260801,1.0.0,not_used,community labels are structural network results; they are not official factions and do not replace original-setting faction metadata
CN7,music,music,稀翁玉fairydance,稀翁玉 ～ Fairy Dance,稀翁玉　～ Fairy Dance,C-0b01b5b24289928e,455,1,CC-0b01b5b24289928e,1,0.0,0,0.0018315018315018315,0.0,0,0.0,louvain,intersection_count,100.0,0.0,1.0,20260801,1.0.0,not_used,community labels are structural network results; they are not official factions and do not replace original-setting faction metadata
CN7,music,music,空中的归路skydream,空中的归路 ～ Sky Dream,空の帰り道　～ Sky Dream,C-4ab8372a40b0fa08,456,1,CC-4ab8372a40b0fa08,1,0.0,0,0.0018315018315018315,0.0,0,0.0,louvain,intersection_count,100.0,0.0,1.0,20260801,1.0.0,not_used,community labels are structural network results; they are not official factions and do not replace original-setting faction metadata
CN7,music,music,空中飘浮的物体x,空中飘浮的物体Ｘ,空に浮かぶ物体X,C-f8d0c8c0d2158779,457,1,CC-f8d0c8c0d2158779,1,0.0,0,0.0018315018315018315,0.0,0,0.0,louvain,intersection_count,100.0,0.0,1.0,20260801,1.0.0,not_used,community labels are structural network results; they are not official factions and do not replace original-setting faction metadata
CN7,music,music,空中飞翔的巫女不可思议的每天,空中飞翔的巫女不可思议的每天,空飛ぶ巫女の不思議な毎日,C-6bac6e8f224015ad,458,1,CC-6bac6e8f224015ad,1,0.0,0,0.0018315018315018315,0.0,0,0.0,louvain,intersection_count,100.0,0.0,1.0,20260801,1.0.0,not_used,community labels are structural network results; they are not official factions and do not replace original-setting faction metadata
CN7,music,music,童祭innocenttreasures,童祭 ～ Innocent Treasures,童祭　～ Innocent Treasures,C-32354c8c570c5202,459,1,CC-32354c8c570c5202,1,0.0,0,0.0018315018315018315,0.0,0,0.0,louvain,intersection_count,100.0,0.0,1.0,20260801,1.0.0,not_used,community labels are structural network results; they are not official factions and do not replace original-setting faction metadata
CN7,music,music,竹取飞翔,竹取飞翔 ～ Lunatic Princess,竹取飛翔　～ Lunatic Princess,C-dd8acdb92728cbbf,460,1,CC-dd8acdb92728cbbf,1,0.0,0,0.0018315018315018315,0.0,0,0.0,louvain,intersection_count,100.0,0.0,1.0,20260801,1.0.0,not_used,community labels are structural network results; they are not official factions and do not replace original-setting faction metadata
CN7,music,music,竹林大火,竹林大火,竹林インフレイム,C-563cdef34cd59abe,461,1,CC-563cdef34cd59abe,1,0.0,0,0.0018315018315018315,0.0,0,0.0,louvain,intersection_count,100.0,0.0,1.0,20260801,1.0.0,not_used,community labels are structural network results; they are not official factions and do not replace original-setting faction metadata
CN7,music,music,第六十年的东方审判,第六十年的东方审判 ～ Fate of Sixty Years,六十年目の東方裁判　～ Fate of Sixty Years,C-4c0591065bf1bb47,462,1,CC-4c0591065bf1bb47,1,0.0,0,0.0018315018315018315,0.0,0,0.0,louvain,intersection_count,100.0,0.0,1.0,20260801,1.0.0,not_used,community labels are structural network results; they are not official factions and do not replace original-setting faction metadata
CN7,music,music,红响曲scarletphoneme,红响曲 ～ Scarlet Phoneme,紅響曲　～ Scarlet Phoneme,C-385946ef85fd060e,463,1,CC-385946ef85fd060e,1,0.0,0,0.0018315018315018315,0.0,0,0.0,louvain,intersection_count,100.0,0.0,1.0,20260801,1.0.0,not_used,community labels are structural network results; they are not official factions and do not replace original-setting faction metadata
CN7,music,music,红夜,红夜,紅夜,C-6c51b029b6cdcac4,464,1,CC-6c51b029b6cdcac4,1,0.0,0,0.0018315018315018315,0.0,0,0.0,louvain,intersection_count,100.0,0.0,1.0,20260801,1.0.0,not_used,community labels are structural network results; they are not official factions and do not replace original-setting faction metadata
CN7,music,music,红楼easterndream,红楼 ～ Eastern Dream...,紅楼　～ Eastern Dream...,C-c5a790186a8b1280,465,1,CC-c5a790186a8b1280,1,0.0,0,0.0018315018315018315,0.0,0,0.0,louvain,intersection_count,100.0,0.0,1.0,20260801,1.0.0,not_used,community labels are structural network results; they are not official factions and do not replace original-setting faction metadata
CN7,music,music,绯想天,绯想天,緋想天,C-6c7c5ca41ae4d74b,466,1,CC-6c7c5ca41ae4d74b,1,0.0,0,0.0018315018315018315,0.0,0,0.0,louvain,intersection_count,100.0,0.0,1.0,20260801,1.0.0,not_used,community labels are structural network results; they are not official factions and do not replace original-setting faction metadata
CN7,music,music,绯红的少女crimsondead,绯红的少女 ～ Crimson Dead!!,真紅の少女　～ Crimson Dead!!,C-7c9df49bed6cfa0d,467,1,CC-7c9df49bed6cfa0d,1,0.0,0,0.0018315018315018315,0.0,0,0.0,louvain,intersection_count,100.0,0.0,1.0,20260801,1.0.0,not_used,community labels are structural network results; they are not official factions and do not replace original-setting faction metadata
CN7,music,music,绵月的符卡lunaticblue,绵月的符卡 ～ Lunatic Blue,綿月のスペルカード　～ Lunatic Blue,C-383f89f05aade97e,468,1,CC-383f89f05aade97e,1,0.0,0,0.0018315018315018315,0.0,0,0.0,louvain,intersection_count,100.0,0.0,1.0,20260801,1.0.0,not_used,community labels are structural network results; they are not official factions and do not replace original-setting faction metadata
CN7,music,music,绿意盎然的疗养院,绿意盎然的疗养院,緑のサナトリウム,C-c39729c5b0648d4f,469,1,CC-c39729c5b0648d4f,1,0.0,0,0.0018315018315018315,0.0,0,0.0,louvain,intersection_count,100.0,0.0,1.0,20260801,1.0.0,not_used,community labels are structural network results; they are not official factions and do not replace original-setting faction metadata
CN7,music,music,绿眼的嫉妒,绿眼的嫉妒,緑眼のジェラシー,C-e7e2edc64e85adaf,470,1,CC-e7e2edc64e85adaf,1,0.0,0,0.0018315018315018315,0.0,0,0.0,louvain,intersection_count,100.0,0.0,1.0,20260801,1.0.0,not_used,community labels are structural network results; they are not official factions and do not replace original-setting faction metadata
CN7,music,music,背叛的少女judaskiss,背叛的少女 ～ Judas Kiss,裏切りの少女　～ Judas Kiss,C-e1ac2fb4d3f1cc1f,471,1,CC-e1ac2fb4d3f1cc1f,1,0.0,0,0.0018315018315018315,0.0,0,0.0,louvain,intersection_count,100.0,0.0,1.0,20260801,1.0.0,not_used,community labels are structural network results; they are not official factions and do not replace original-setting faction metadata
CN7,music,music,胜利的示范,胜利的示范,勝利デモ,C-31e9c92014616b47,472,1,CC-31e9c92014616b47,1,0.0,0,0.0018315018315018315,0.0,0,0.0,louvain,intersection_count,100.0,0.0,1.0,20260801,1.0.0,not_used,community labels are structural network results; they are not official factions and do not replace original-setting faction metadata
CN7,music,music,能源黎明futuredream,能源黎明 ～ Future Dream...,エネルギー黎明 ～ Future Dream...,C-b05119c1b6e006e8,473,1,CC-b05119c1b6e006e8,1,0.0,0,0.0018315018315018315,0.0,0,0.0,louvain,intersection_count,100.0,0.0,1.0,20260801,1.0.0,not_used,community labels are structural network results; they are not official factions and do not replace original-setting faction metadata
CN7,music,music,芥川龙之介的河童,芥川龙之介的河童 ～ Candid Friend,芥川龍之介の河童　～ Candid Friend,C-91309689d927e689,474,1,CC-91309689d927e689,1,0.0,0,0.0018315018315018315,0.0,0,0.0,louvain,intersection_count,100.0,0.0,1.0,20260801,1.0.0,not_used,community labels are structural network results; they are not official factions and do not replace original-setting faction metadata
CN7,music,music,花如幻想一般,花如幻想一般,花は幻想のままに,C-f06b4b52016b8735,475,1,CC-f06b4b52016b8735,1,0.0,0,0.0018315018315018315,0.0,0,0.0,louvain,intersection_count,100.0,0.0,1.0,20260801,1.0.0,not_used,community labels are structural network results; they are not official factions and do not replace original-setting faction metadata
CN7,music,music,花映塚afterhiganretour,花映塚 ～ after Higan Retour,,C-5012dcbdad96b9e0,476,1,CC-5012dcbdad96b9e0,1,0.0,0,0.0018315018315018315,0.0,0,0.0,louvain,intersection_count,100.0,0.0,1.0,20260801,1.0.0,not_used,community labels are structural network results; they are not official factions and do not replace original-setting faction metadata
CN7,music,music,花映塚higanretour,花映塚　～ Higan Retour,,C-6c0d26e7ae816307,477,1,CC-6c0d26e7ae816307,1,0.0,0,0.0018315018315018315,0.0,0,0.0,louvain,intersection_count,100.0,0.0,1.0,20260801,1.0.0,not_used,community labels are structural network results; they are not official factions and do not replace original-setting faction metadata
CN7,music,music,萃梦想,萃梦想,萃夢想,C-7f86e1e26e3f6d79,478,1,CC-7f86e1e26e3f6d79,1,0.0,0,0.0018315018315018315,0.0,0,0.0,louvain,intersection_count,100.0,0.0,1.0,20260801,1.0.0,not_used,community labels are structural network results; they are not official factions and do not replace original-setting faction metadata
CN7,music,music,落日映照下的逆城,落日映照下的逆城,落日に生える逆さ城,C-7a4268d7118a34a6,479,1,CC-7a4268d7118a34a6,1,0.0,0,0.0018315018315018315,0.0,0,0.0,louvain,intersection_count,100.0,0.0,1.0,20260801,1.0.0,not_used,community labels are structural network results; they are not official factions and do not replace original-setting faction metadata
CN7,music,music,蓬莱传说,蓬莱传说,蓬莱伝説,C-6fe9b4a98727bae7,480,1,CC-6fe9b4a98727bae7,1,0.0,0,0.0018315018315018315,0.0,0,0.0,louvain,intersection_count,100.0,0.0,1.0,20260801,1.0.0,not_used,community labels are structural network results; they are not official factions and do not replace original-setting faction metadata
CN7,music,music,蓬莱幻想fareast,蓬莱幻想 ～ far East,蓬莱幻想　～ far East,C-bce74522028af46f,481,1,CC-bce74522028af46f,1,0.0,0,0.0018315018315018315,0.0,0,0.0,louvain,intersection_count,100.0,0.0,1.0,20260801,1.0.0,not_used,community labels are structural network results; they are not official factions and do not replace original-setting faction metadata
CN7,music,music,薛定谔的怪猫,薛定谔的怪猫,シュレディンガーの化猫,C-e9b4f7b801497749,482,1,CC-e9b4f7b801497749,1,0.0,0,0.0018315018315018315,0.0,0,0.0,louvain,intersection_count,100.0,0.0,1.0,20260801,1.0.0,not_used,community labels are structural network results; they are not official factions and do not replace original-setting faction metadata
CN7,music,music,虎纹的毘沙门天,虎纹的毘沙门天,虎柄の毘沙門天,C-d397b02012ede83f,483,1,CC-d397b02012ede83f,1,0.0,0,0.0018315018315018315,0.0,0,0.0,louvain,intersection_count,100.0,0.0,1.0,20260801,1.0.0,not_used,community labels are structural network results; they are not official factions and do not replace original-setting faction metadata
CN7,music,music,蠢蠢的秋月,蠢蠢的秋月 ～ Mooned Insect,蠢々秋月　～ Mooned Insect,C-4212999dfed78453,484,1,CC-4212999dfed78453,1,0.0,0,0.0018315018315018315,0.0,0,0.0,louvain,intersection_count,100.0,0.0,1.0,20260801,1.0.0,not_used,community labels are structural network results; they are not official factions and do not replace original-setting faction metadata
CN7,music,music,行云流水,行云流水,行雲流水,C-26cfbdca25763ac7,485,1,CC-26cfbdca25763ac7,1,0.0,0,0.0018315018315018315,0.0,0,0.0,louvain,intersection_count,100.0,0.0,1.0,20260801,1.0.0,not_used,community labels are structural network results; they are not official factions and do not replace original-setting faction metadata
CN7,music,music,被封印的众神,被封印的众神,封印されし神々,C-94ebf6d0cf2be145,486,1,CC-94ebf6d0cf2be145,1,0.0,0,0.0018315018315018315,0.0,0,0.0,louvain,intersection_count,100.0,0.0,1.0,20260801,1.0.0,not_used,community labels are structural network results; they are not official factions and do not replace original-setting faction metadata
CN7,music,music,被封印的妖怪,被封印的妖怪 ～ Lost Place,封じられた妖怪　～ Lost Place,C-e663b8903c377372,487,1,CC-e663b8903c377372,1,0.0,0,0.0018315018315018315,0.0,0,0.0,louvain,intersection_count,100.0,0.0,1.0,20260801,1.0.0,not_used,community labels are structural network results; they are not official factions and do not replace original-setting faction metadata
CN7,music,music,被揭晓的深秘,被揭晓的深秘,明かされる深秘,C-264e6d998595fd1e,488,1,CC-264e6d998595fd1e,1,0.0,0,0.0018315018315018315,0.0,0,0.0,louvain,intersection_count,100.0,0.0,1.0,20260801,1.0.0,not_used,community labels are structural network results; they are not official factions and do not replace original-setting faction metadata
CN7,music,music,被牛引到善光寺,被牛引到善光寺,牛に引かれて善光寺参り,C-204249419949af1c,489,1,CC-204249419949af1c,1,0.0,0,0.0018315018315018315,0.0,0,0.0,louvain,intersection_count,100.0,0.0,1.0,20260801,1.0.0,not_used,community labels are structural network results; they are not official factions and do not replace original-setting faction metadata
CN7,music,music,被秘匿的四个季节,被秘匿的四个季节,秘匿されたフォーシーズンズ,C-57012f7b43e63652,490,1,CC-57012f7b43e63652,1,0.0,0,0.0018315018315018315,0.0,0,0.0,louvain,intersection_count,100.0,0.0,1.0,20260801,1.0.0,not_used,community labels are structural network results; they are not official factions and do not replace original-setting faction metadata
CN7,music,music,装饰战decorationbattle,装饰战 ～ Decoration Battle,装飾戦　～ Decoration Battle,C-70e00044a74b3192,491,1,CC-70e00044a74b3192,1,0.0,0,0.0018315018315018315,0.0,0,0.0,louvain,intersection_count,100.0,0.0,1.0,20260801,1.0.0,not_used,community labels are structural network results; they are not official factions and do not replace original-setting faction metadata
CN7,music,music,识文解意的爱书人,识文解意的爱书人,判読眼のビブロフィリア,C-b739663666b1fb81,492,1,CC-b739663666b1fb81,1,0.0,0,0.0018315018315018315,0.0,0,0.0,louvain,intersection_count,100.0,0.0,1.0,20260801,1.0.0,not_used,community labels are structural network results; they are not official factions and do not replace original-setting faction metadata
CN7,music,music,请注意万年备用伞,请注意万年备用伞,万年置き傘にご注意を,C-4e1f36b8d2209317,493,1,CC-4e1f36b8d2209317,1,0.0,0,0.0018315018315018315,0.0,0,0.0,louvain,intersection_count,100.0,0.0,1.0,20260801,1.0.0,not_used,community labels are structural network results; they are not official factions and do not replace original-setting faction metadata
CN7,music,music,豪言壮语,豪言壮语,壮言大語,C-e907e45b47d613ad,494,1,CC-e907e45b47d613ad,1,0.0,0,0.0018315018315018315,0.0,0,0.0,louvain,intersection_count,100.0,0.0,1.0,20260801,1.0.0,not_used,community labels are structural network results; they are not official factions and do not replace original-setting faction metadata
CN7,music,music,赌上性命去恶作剧,赌上性命去恶作剧,いたずらに命をかけて,C-19c3c4a6a279a333,495,1,CC-19c3c4a6a279a333,1,0.0,0,0.0018315018315018315,0.0,0,0.0,louvain,intersection_count,100.0,0.0,1.0,20260801,1.0.0,not_used,community labels are structural network results; they are not official factions and do not replace original-setting faction metadata
CN7,music,music,走在夜晚的莲台野,走在夜晚的莲台野,夜のデンデラ野を逝く,C-39e5ed516e5319d1,496,1,CC-39e5ed516e5319d1,1,0.0,0,0.0018315018315018315,0.0,0,0.0,louvain,intersection_count,100.0,0.0,1.0,20260801,1.0.0,not_used,community labels are structural network results; they are not official factions and do not replace original-setting faction metadata
CN7,music,music,轮椅上的未来宇宙,轮椅上的未来宇宙,車椅子の未来宇宙,C-bcb621490c16f11c,497,1,CC-bcb621490c16f11c,1,0.0,0,0.0018315018315018315,0.0,0,0.0,louvain,intersection_count,100.0,0.0,1.0,20260801,1.0.0,not_used,community labels are structural network results; they are not official factions and do not replace original-setting faction metadata
CN7,music,music,辉光之针的小人族,辉光之针的小人族 ～ Little Princess,輝く針の小人族　～ Little Princess,C-4443611cd3d37e00,498,1,CC-4443611cd3d37e00,1,0.0,0,0.0018315018315018315,0.0,0,0.0,louvain,intersection_count,100.0,0.0,1.0,20260801,1.0.0,not_used,community labels are structural network results; they are not official factions and do not replace original-setting faction metadata
CN7,music,music,过去的花fairyofflower,过去的花 ～ Fairy of Flower,過去の花　～ Fairy of Flower,C-d4d83c6c4c477277,499,1,CC-d4d83c6c4c477277,1,0.0,0,0.0018315018315018315,0.0,0,0.0,louvain,intersection_count,100.0,0.0,1.0,20260801,1.0.0,not_used,community labels are structural network results; they are not official factions and do not replace original-setting faction metadata
CN7,music,music,远野之森,远野之森,遠野の森,C-c3b60f3b9d805c71,500,1,CC-c3b60f3b9d805c71,1,0.0,0,0.0018315018315018315,0.0,0,0.0,louvain,intersection_count,100.0,0.0,1.0,20260801,1.0.0,not_used,community labels are structural network results; they are not official factions and do not replace original-setting faction metadata
CN7,music,music,远野幻想物语,远野幻想物语,遠野幻想物語,C-b36e3c304894fc0b,501,1,CC-b36e3c304894fc0b,1,0.0,0,0.0018315018315018315,0.0,0,0.0,louvain,intersection_count,100.0,0.0,1.0,20260801,1.0.0,not_used,community labels are structural network results; they are not official factions and do not replace original-setting faction metadata
CN7,music,music,连带责人,连带责人,連帯責人,C-a633649184a18fd3,502,1,CC-a633649184a18fd3,1,0.0,0,0.0018315018315018315,0.0,0,0.0,louvain,intersection_count,100.0,0.0,1.0,20260801,1.0.0,not_used,community labels are structural network results; they are not official factions and do not replace original-setting faction metadata
CN7,music,music,逆转的命运之轮,逆转的命运之轮,逆転するホイールオブフォーチュン,C-944c0e003b712273,503,1,CC-944c0e003b712273,1,0.0,0,0.0018315018315018315,0.0,0,0.0,louvain,intersection_count,100.0,0.0,1.0,20260801,1.0.0,not_used,community labels are structural network results; they are not official factions and do not replace original-setting faction metadata
CN7,music,music,通往真相的枝叶,通往真相的枝叶,,C-c0fe16d3c836e2c2,504,1,CC-c0fe16d3c836e2c2,1,0.0,0,0.0018315018315018315,0.0,0,0.0,louvain,intersection_count,100.0,0.0,1.0,20260801,1.0.0,not_used,community labels are structural network results; they are not official factions and do not replace original-setting faction metadata
CN7,music,music,遍参,遍参,遍参,C-1851c7e591a54f12,505,1,CC-1851c7e591a54f12,1,0.0,0,0.0018315018315018315,0.0,0,0.0,louvain,intersection_count,100.0,0.0,1.0,20260801,1.0.0,not_used,community labels are structural network results; they are not official factions and do not replace original-setting faction metadata
CN7,music,music,遥遥38万公里的航程,遥遥38万公里的航程,遥か38万キロのボヤージュ,C-ca0658e957c75056,506,1,CC-ca0658e957c75056,1,0.0,0,0.0018315018315018315,0.0,0,0.0,louvain,intersection_count,100.0,0.0,1.0,20260801,1.0.0,not_used,community labels are structural network results; they are not official factions and do not replace original-setting faction metadata
CN7,music,music,酒鬼的雷姆利亚,酒鬼的雷姆利亚,呑んべぇのレムリア,C-fd05b24b87562856,507,1,CC-fd05b24b87562856,1,0.0,0,0.0018315018315018315,0.0,0,0.0,louvain,intersection_count,100.0,0.0,1.0,20260801,1.0.0,not_used,community labels are structural network results; they are not official factions and do not replace original-setting faction metadata
CN7,music,music,针小棒大的天守阁,针小棒大的天守阁,針小棒大の天守閣,C-e60aa9c8a54193ca,508,1,CC-e60aa9c8a54193ca,1,0.0,0,0.0018315018315018315,0.0,0,0.0,louvain,intersection_count,100.0,0.0,1.0,20260801,1.0.0,not_used,community labels are structural network results; they are not official factions and do not replace original-setting faction metadata
CN7,music,music,门再也进不去了,门再也进不去了,もうドアには入れない,C-f6d4d20308c5c0a1,509,1,CC-f6d4d20308c5c0a1,1,0.0,0,0.0018315018315018315,0.0,0,0.0,louvain,intersection_count,100.0,0.0,1.0,20260801,1.0.0,not_used,community labels are structural network results; they are not official factions and do not replace original-setting faction metadata
CN7,music,music,门前的妖怪小姑娘,门前的妖怪小姑娘,門前の妖怪小娘,C-d66ea45db20ab3a8,510,1,CC-d66ea45db20ab3a8,1,0.0,0,0.0018315018315018315,0.0,0,0.0,louvain,intersection_count,100.0,0.0,1.0,20260801,1.0.0,not_used,community labels are structural network results; they are not official factions and do not replace original-setting faction metadata
CN7,music,music,间奏曲,间奏曲,Intermezzo,C-96d583da26e43a1a,511,1,CC-96d583da26e43a1a,1,0.0,0,0.0018315018315018315,0.0,0,0.0,louvain,intersection_count,100.0,0.0,1.0,20260801,1.0.0,not_used,community labels are structural network results; they are not official factions and do not replace original-setting faction metadata
CN7,music,music,阻绝人迹之桥,阻绝人迹之桥,渡る者の途絶えた橋,C-cf3c39a7e7bad4e9,512,1,CC-cf3c39a7e7bad4e9,1,0.0,0,0.0018315018315018315,0.0,0,0.0,louvain,intersection_count,100.0,0.0,1.0,20260801,1.0.0,not_used,community labels are structural network results; they are not official factions and do not replace original-setting faction metadata
CN7,music,music,阿加尔塔之风,阿加尔塔之风,アガルタの風,C-224ab7e4a844f1f8,513,1,CC-224ab7e4a844f1f8,1,0.0,0,0.0018315018315018315,0.0,0,0.0,louvain,intersection_count,100.0,0.0,1.0,20260801,1.0.0,not_used,community labels are structural network results; they are not official factions and do not replace original-setting faction metadata
CN7,music,music,阿礼的孩子,阿礼的孩子,阿礼の子供,C-4da5902373ebc368,514,1,CC-4da5902373ebc368,1,0.0,0,0.0018315018315018315,0.0,0,0.0,louvain,intersection_count,100.0,0.0,1.0,20260801,1.0.0,not_used,community labels are structural network results; they are not official factions and do not replace original-setting faction metadata
CN7,music,music,雪月樱花之国,雪月樱花之国,雪月桜花の国,C-75f906cd4e7ced5c,515,1,CC-75f906cd4e7ced5c,1,0.0,0,0.0018315018315018315,0.0,0,0.0,louvain,intersection_count,100.0,0.0,1.0,20260801,1.0.0,not_used,community labels are structural network results; they are not official factions and do not replace original-setting faction metadata
CN7,music,music,震撼心灵的都市传说,震撼心灵的都市传说,心揺さぶる都市伝説,C-dbb31ee587e77120,516,1,CC-dbb31ee587e77120,1,0.0,0,0.0018315018315018315,0.0,0,0.0,louvain,intersection_count,100.0,0.0,1.0,20260801,1.0.0,not_used,community labels are structural network results; they are not official factions and do not replace original-setting faction metadata
CN7,music,music,青木原的传说,青木原的传说,青木ヶ原の伝説,C-a4fb12b87fef13a2,517,1,CC-a4fb12b87fef13a2,1,0.0,0,0.0018315018315018315,0.0,0,0.0,louvain,intersection_count,100.0,0.0,1.0,20260801,1.0.0,not_used,community labels are structural network results; they are not official factions and do not replace original-setting faction metadata
CN7,music,music,青空之影,青空之影,青空の影,C-b0b334744f7959ec,518,1,CC-b0b334744f7959ec,1,0.0,0,0.0018315018315018315,0.0,0,0.0,louvain,intersection_count,100.0,0.0,1.0,20260801,1.0.0,not_used,community labels are structural network results; they are not official factions and do not replace original-setting faction metadata
CN7,music,music,非常非常神奇的道具们,非常非常神奇的道具们,不思議な不思議な道具達,C-2398226b0606649d,519,1,CC-2398226b0606649d,1,0.0,0,0.0018315018315018315,0.0,0,0.0,louvain,intersection_count,100.0,0.0,1.0,20260801,1.0.0,not_used,community labels are structural network results; they are not official factions and do not replace original-setting faction metadata
CN7,music,music,非统一魔法世界论,非统一魔法世界论,非統一魔法世界論,C-40f6f55df1fa48a7,520,1,CC-40f6f55df1fa48a7,1,0.0,0,0.0018315018315018315,0.0,0,0.0,louvain,intersection_count,100.0,0.0,1.0,20260801,1.0.0,not_used,community labels are structural network results; they are not official factions and do not replace original-setting faction metadata
CN7,music,music,风之神社,风之神社,風の神社,C-2796fb6d958e2fe0,521,1,CC-2796fb6d958e2fe0,1,0.0,0,0.0018315018315018315,0.0,0,0.0,louvain,intersection_count,100.0,0.0,1.0,20260801,1.0.0,not_used,community labels are structural network results; they are not official factions and do not replace original-setting faction metadata
CN7,music,music,风光明媚,风光明媚,風光明媚,C-a598b34340f7e6e3,522,1,CC-a598b34340f7e6e3,1,0.0,0,0.0018315018315018315,0.0,0,0.0,louvain,intersection_count,100.0,0.0,1.0,20260801,1.0.0,not_used,community labels are structural network results; they are not official factions and do not replace original-setting faction metadata
CN7,music,music,风的循环,风的循环 ～ Wind Tour,風の循環　～ Wind Tour,C-319301b024e9fbbd,523,1,CC-319301b024e9fbbd,1,0.0,0,0.0018315018315018315,0.0,0,0.0,louvain,intersection_count,100.0,0.0,1.0,20260801,1.0.0,not_used,community labels are structural network results; they are not official factions and do not replace original-setting faction metadata
CN7,music,music,风神少女,风神少女,風神少女,C-d3b688515be09362,524,1,CC-d3b688515be09362,1,0.0,0,0.0018315018315018315,0.0,0,0.0,louvain,intersection_count,100.0,0.0,1.0,20260801,1.0.0,not_used,community labels are structural network results; they are not official factions and do not replace original-setting faction metadata
CN7,music,music,飘上月球不死之烟,飘上月球，不死之烟,月まで届け、不死の煙,C-6ebb80942cce0b43,525,1,CC-6ebb80942cce0b43,1,0.0,0,0.0018315018315018315,0.0,0,0.0,louvain,intersection_count,100.0,0.0,1.0,20260801,1.0.0,not_used,community labels are structural network results; they are not official factions and do not replace original-setting faction metadata
CN7,music,music,飞翔于宇宙的不可思议巫女,飞翔于宇宙的不可思议巫女,宇宙を飛ぶ不思議な巫女,C-6a1cc5e4bf2409ac,526,1,CC-6a1cc5e4bf2409ac,1,0.0,0,0.0018315018315018315,0.0,0,0.0,louvain,intersection_count,100.0,0.0,1.0,20260801,1.0.0,not_used,community labels are structural network results; they are not official factions and do not replace original-setting faction metadata
CN7,music,music,飞翔在夜晚的鸠山,飞翔在夜晚的鸠山,夜の鳩山を飛ぶ,C-f5b6b520f2267dd6,527,1,CC-f5b6b520f2267dd6,1,0.0,0,0.0018315018315018315,0.0,0,0.0,louvain,intersection_count,100.0,0.0,1.0,20260801,1.0.0,not_used,community labels are structural network results; they are not official factions and do not replace original-setting faction metadata
CN7,music,music,飞舞的水飞沫,飞舞的水飞沫,踊る水飛沫,C-676883a766554477,528,1,CC-676883a766554477,1,0.0,0,0.0018315018315018315,0.0,0,0.0,louvain,intersection_count,100.0,0.0,1.0,20260801,1.0.0,not_used,community labels are structural network results; they are not official factions and do not replace original-setting faction metadata
CN7,music,music,飞舞飘散的凭依华吹雪,飞舞飘散的凭依华吹雪,,C-012e149597acad69,529,1,CC-012e149597acad69,1,0.0,0,0.0018315018315018315,0.0,0,0.0,louvain,intersection_count,100.0,0.0,1.0,20260801,1.0.0,not_used,community labels are structural network results; they are not official factions and do not replace original-setting faction metadata
CN7,music,music,魂之花anotherdream,魂之花 ～ Another Dream...,魂の花　～ Another Dream...,C-48ad86db586581d7,530,1,CC-48ad86db586581d7,1,0.0,0,0.0018315018315018315,0.0,0,0.0,louvain,intersection_count,100.0,0.0,1.0,20260801,1.0.0,not_used,community labels are structural network results; they are not official factions and do not replace original-setting faction metadata
CN7,music,music,魔力的雷云,魔力的雷云,魔力の雷雲,C-ce850e81be548e6d,531,1,CC-ce850e81be548e6d,1,0.0,0,0.0018315018315018315,0.0,0,0.0,louvain,intersection_count,100.0,0.0,1.0,20260801,1.0.0,not_used,community labels are structural network results; they are not official factions and do not replace original-setting faction metadata
CN7,music,music,魔女们的舞会,魔女们的舞会,魔女達の舞踏会,C-4d66a6031e8329a8,532,1,CC-4d66a6031e8329a8,1,0.0,0,0.0018315018315018315,0.0,0,0.0,louvain,intersection_count,100.0,0.0,1.0,20260801,1.0.0,not_used,community labels are structural network results; they are not official factions and do not replace original-setting faction metadata
CN7,music,music,魔所,魔所,魔所,C-1617b261f947e783,533,1,CC-1617b261f947e783,1,0.0,0,0.0018315018315018315,0.0,0,0.0,louvain,intersection_count,100.0,0.0,1.0,20260801,1.0.0,not_used,community labels are structural network results; they are not official factions and do not replace original-setting faction metadata
CN7,music,music,魔术师梅莉,魔术师梅莉,魔術師メリー,C-fef5468220cba506,534,1,CC-fef5468220cba506,1,0.0,0,0.0018315018315018315,0.0,0,0.0,louvain,intersection_count,100.0,0.0,1.0,20260801,1.0.0,not_used,community labels are structural network results; they are not official factions and do not replace original-setting faction metadata
CN7,music,music,魔法使的忧郁,魔法使的忧郁,魔法使いの憂鬱,C-6e0f6e9e165c8228,535,1,CC-6e0f6e9e165c8228,1,0.0,0,0.0018315018315018315,0.0,0,0.0,louvain,intersection_count,100.0,0.0,1.0,20260801,1.0.0,not_used,community labels are structural network results; they are not official factions and do not replace original-setting faction metadata
CN7,music,music,魔法决战fightitout,魔法决战！ ～ Fight it out!,魔法決戦！　～ Fight it out!,C-f9b0d620c470c31d,536,1,CC-f9b0d620c470c31d,1,0.0,0,0.0018315018315018315,0.0,0,0.0,louvain,intersection_count,100.0,0.0,1.0,20260801,1.0.0,not_used,community labels are structural network results; they are not official factions and do not replace original-setting faction metadata
CN7,music,music,魔法少女们的百年祭,魔法少女们的百年祭,魔法少女達の百年祭,C-a23c5a4a6f2d19fd,537,1,CC-a23c5a4a6f2d19fd,1,0.0,0,0.0018315018315018315,0.0,0,0.0,louvain,intersection_count,100.0,0.0,1.0,20260801,1.0.0,not_used,community labels are structural network results; they are not official factions and do not replace original-setting faction metadata
CN7,music,music,魔法少女十字军,魔法少女十字军,魔法少女十字軍,C-51a69251d2204027,538,1,CC-51a69251d2204027,1,0.0,0,0.0018315018315018315,0.0,0,0.0,louvain,intersection_count,100.0,0.0,1.0,20260801,1.0.0,not_used,community labels are structural network results; they are not official factions and do not replace original-setting faction metadata
CN7,music,music,魔法的笠地藏,魔法的笠地藏,魔法の笠地蔵,C-7675da3e2351fb41,539,1,CC-7675da3e2351fb41,1,0.0,0,0.0018315018315018315,0.0,0,0.0,louvain,intersection_count,100.0,0.0,1.0,20260801,1.0.0,not_used,community labels are structural network results; they are not official factions and do not replace original-setting faction metadata
CN7,music,music,魔法钟爱,魔法钟爱,魔法鐘愛,C-6557cc8d317527f4,540,1,CC-6557cc8d317527f4,1,0.0,0,0.0018315018315018315,0.0,0,0.0,louvain,intersection_count,100.0,0.0,1.0,20260801,1.0.0,not_used,community labels are structural network results; they are not official factions and do not replace original-setting faction metadata
CN7,music,music,魔法阵magicsquare,魔法阵 ～ Magic Square,魔法陣　～ Magic Square,C-2635fac7d01754b6,541,1,CC-2635fac7d01754b6,1,0.0,0,0.0018315018315018315,0.0,0,0.0,louvain,intersection_count,100.0,0.0,1.0,20260801,1.0.0,not_used,community labels are structural network results; they are not official factions and do not replace original-setting faction metadata
CN7,music,music,魔界地方都市秘境,魔界地方都市秘境,魔界地方都市エソテリア,C-44ce725dcbcb83b3,542,1,CC-44ce725dcbcb83b3,1,0.0,0,0.0018315018315018315,0.0,0,0.0,louvain,intersection_count,100.0,0.0,1.0,20260801,1.0.0,not_used,community labels are structural network results; they are not official factions and do not replace original-setting faction metadata
CN7,music,music,魔镜,魔镜,魔鏡,C-aebfa3709d46b00c,543,1,CC-aebfa3709d46b00c,1,0.0,0,0.0018315018315018315,0.0,0,0.0,louvain,intersection_count,100.0,0.0,1.0,20260801,1.0.0,not_used,community labels are structural network results; they are not official factions and do not replace original-setting faction metadata
CN7,music,music,鸢尾花,鸢尾花,アイリス,C-2ae261ccf89caf51,544,1,CC-2ae261ccf89caf51,1,0.0,0,0.0018315018315018315,0.0,0,0.0,louvain,intersection_count,100.0,0.0,1.0,20260801,1.0.0,not_used,community labels are structural network results; they are not official factions and do not replace original-setting faction metadata
CN7,music,music,黑暗的力量,黑暗的力量,やみのちから,C-6edca74b58300b4b,545,1,CC-6edca74b58300b4b,1,0.0,0,0.0018315018315018315,0.0,0,0.0,louvain,intersection_count,100.0,0.0,1.0,20260801,1.0.0,not_used,community labels are structural network results; they are not official factions and do not replace original-setting faction metadata
CN7,music,music,黑海中的绯红,黑海中的绯红 ～ Legendary Fish,黒い海に紅く　～ Legendary Fish,C-9616e2ae039a55fa,546,1,CC-9616e2ae039a55fa,1,0.0,0,0.0018315018315018315,0.0,0,0.0,louvain,intersection_count,100.0,0.0,1.0,20260801,1.0.0,not_used,community labels are structural network results; they are not official factions and do not replace original-setting faction metadata
