round_label,scope,node_type,canonical_name,name_cn,name_jp,weighted_degree,unweighted_degree,pagerank,betweenness,k_core,bridge_score,community_id,connected_component_id,algorithm,weight_metric,threshold,min_intersection_count,resolution,random_seed,software_version,official_faction_source,official_faction_note
JP14,cross_department,music,53分钟的蓝色大海,53分钟的蓝色大海,53ミニッツの青い海,0.0,0,0.0014104372355430183,0.0,0,0.0,C-aee7e065b2084e1e,CC-aee7e065b2084e1e,louvain,intersection_count,100.0,0.0,1.0,20260801,1.0.0,not_used,community labels are structural network results; they are not official factions and do not replace original-setting faction metadata
JP14,cross_department,music,alicemaestra,Alice Maestra,アリスマエステラ,0.0,0,0.0014104372355430183,0.0,0,0.0,C-bbf34ae3d675de58,CC-bbf34ae3d675de58,louvain,intersection_count,100.0,0.0,1.0,20260801,1.0.0,not_used,community labels are structural network results; they are not official factions and do not replace original-setting faction metadata
JP14,cross_department,music,anordealfromgod,AN ORDEAL FROM GOD,AN ORDEAL FROM GOD,0.0,0,0.0014104372355430183,0.0,0,0.0,C-a0f25670d2fa0931,CC-a0f25670d2fa0931,louvain,intersection_count,100.0,0.0,1.0,20260801,1.0.0,not_used,community labels are structural network results; they are not official factions and do not replace original-setting faction metadata
JP14,cross_department,music,antiqueterror,Antique Terror,アンティークテラー,0.0,0,0.0014104372355430183,0.0,0,0.0,C-767ed1af6d518f37,CC-767ed1af6d518f37,louvain,intersection_count,100.0,0.0,1.0,20260801,1.0.0,not_used,community labels are structural network results; they are not official factions and do not replace original-setting faction metadata
JP14,cross_department,music,arcadiandream,Arcadian Dream,Arcadian Dream,0.0,0,0.0014104372355430183,0.0,0,0.0,C-961fe7781e6a6013,CC-961fe7781e6a6013,louvain,intersection_count,100.0,0.0,1.0,20260801,1.0.0,not_used,community labels are structural network results; they are not official factions and do not replace original-setting faction metadata
JP14,cross_department,music,asacredlot,A Sacred Lot,A Sacred Lot,0.0,0,0.0014104372355430183,0.0,0,0.0,C-30ae2264c609ef70,CC-30ae2264c609ef70,louvain,intersection_count,100.0,0.0,1.0,20260801,1.0.0,not_used,community labels are structural network results; they are not official factions and do not replace original-setting faction metadata
JP14,cross_department,music,badapple,Bad Apple!!,Bad Apple!!,0.0,0,0.0014104372355430183,0.0,0,0.0,C-e8f3f41ab4562a2b,CC-e8f3f41ab4562a2b,louvain,intersection_count,100.0,0.0,1.0,20260801,1.0.0,not_used,community labels are structural network results; they are not official factions and do not replace original-setting faction metadata
JP14,cross_department,music,baroldadam,Bar·Old Adam,バー・オールドアダム,0.0,0,0.0014104372355430183,0.0,0,0.0,C-450a59a0b359f5ea,CC-450a59a0b359f5ea,louvain,intersection_count,100.0,0.0,1.0,20260801,1.0.0,not_used,community labels are structural network results; they are not official factions and do not replace original-setting faction metadata
JP14,cross_department,music,borderland,Border Land,Border Land,0.0,0,0.0014104372355430183,0.0,0,0.0,C-086c4b5c17e77441,CC-086c4b5c17e77441,louvain,intersection_count,100.0,0.0,1.0,20260801,1.0.0,not_used,community labels are structural network results; they are not official factions and do not replace original-setting faction metadata
JP14,cross_department,music,borderoflife,Border of Life,ボーダーオブライフ,0.0,0,0.0014104372355430183,0.0,0,0.0,C-d4f0638c0e327fa8,CC-d4f0638c0e327fa8,louvain,intersection_count,100.0,0.0,1.0,20260801,1.0.0,not_used,community labels are structural network results; they are not official factions and do not replace original-setting faction metadata
JP14,cross_department,music,breakthesabbath,Break the Sabbath,Break the Sabbath,0.0,0,0.0014104372355430183,0.0,0,0.0,C-9a7eff6c1fa440fb,CC-9a7eff6c1fa440fb,louvain,intersection_count,100.0,0.0,1.0,20260801,1.0.0,not_used,community labels are structural network results; they are not official factions and do not replace original-setting faction metadata
JP14,cross_department,music,captainmurasa,Captain Murasa,キャプテン・ムラサ,0.0,0,0.0014104372355430183,0.0,0,0.0,C-dd9e42734e6c3d6f,CC-dd9e42734e6c3d6f,louvain,intersection_count,100.0,0.0,1.0,20260801,1.0.0,not_used,community labels are structural network results; they are not official factions and do not replace original-setting faction metadata
JP14,cross_department,music,castleexplorerinthesky,Castle Explorer -in the Sky-,Castle Explorer -in the Sky-,0.0,0,0.0014104372355430183,0.0,0,0.0,C-5f66c762df5941a5,CC-5f66c762df5941a5,louvain,intersection_count,100.0,0.0,1.0,20260801,1.0.0,not_used,community labels are structural network results; they are not official factions and do not replace original-setting faction metadata
JP14,cross_department,music,circusreverie机械马戏团,Circus Reverie（机械马戏团）,サーカスレヴァリエ（機械サーカス）,0.0,0,0.0014104372355430183,0.0,0,0.0,C-bdf3ef3858917b15,CC-bdf3ef3858917b15,louvain,intersection_count,100.0,0.0,1.0,20260801,1.0.0,not_used,community labels are structural network results; they are not official factions and do not replace original-setting faction metadata
JP14,cross_department,music,civilizationofmagic,Civilization of Magic,Civilization of Magic,0.0,0,0.0014104372355430183,0.0,0,0.0,C-f87c35390f9c2125,CC-f87c35390f9c2125,louvain,intersection_count,100.0,0.0,1.0,20260801,1.0.0,not_used,community labels are structural network results; they are not official factions and do not replace original-setting faction metadata
JP14,cross_department,music,completedarkness,Complete Darkness,Complete Darkness,0.0,0,0.0014104372355430183,0.0,0,0.0,C-511f56f2916760ae,CC-511f56f2916760ae,louvain,intersection_count,100.0,0.0,1.0,20260801,1.0.0,not_used,community labels are structural network results; they are not official factions and do not replace original-setting faction metadata
JP14,cross_department,music,crazybackdancers,Crazy Back Dancers,クレイジーバックダンサーズ,0.0,0,0.0014104372355430183,0.0,0,0.0,C-8c00df14f7317bc0,CC-8c00df14f7317bc0,louvain,intersection_count,100.0,0.0,1.0,20260801,1.0.0,not_used,community labels are structural network results; they are not official factions and do not replace original-setting faction metadata
JP14,cross_department,music,crescentdream,Crescent Dream,Crescent Dream,0.0,0,0.0014104372355430183,0.0,0,0.0,C-b4dc2563ea112faa,CC-b4dc2563ea112faa,louvain,intersection_count,100.0,0.0,1.0,20260801,1.0.0,not_used,community labels are structural network results; they are not official factions and do not replace original-setting faction metadata
JP14,cross_department,music,crystallizesilver,Crystallize Silver,クリスタライズシルバー,0.0,0,0.0014104372355430183,0.0,0,0.0,C-ac33984b6ec37235,CC-ac33984b6ec37235,louvain,intersection_count,100.0,0.0,1.0,20260801,1.0.0,not_used,community labels are structural network results; they are not official factions and do not replace original-setting faction metadata
JP14,cross_department,music,days,Days,Days,0.0,0,0.0014104372355430183,0.0,0,0.0,C-2b602d2305394e77,CC-2b602d2305394e77,louvain,intersection_count,100.0,0.0,1.0,20260801,1.0.0,not_used,community labels are structural network results; they are not official factions and do not replace original-setting faction metadata
JP14,cross_department,music,demystifyfeast,Demystify Feast,Demystify Feast,0.0,0,0.0014104372355430183,0.0,0,0.0,C-7de5ed9e63e4cc50,CC-7de5ed9e63e4cc50,louvain,intersection_count,100.0,0.0,1.0,20260801,1.0.0,not_used,community labels are structural network results; they are not official factions and do not replace original-setting faction metadata
JP14,cross_department,music,desiredream,Desire Dream,デザイアドリーム,0.0,0,0.0014104372355430183,0.0,0,0.0,C-921a7ea8fbc0cdff,CC-921a7ea8fbc0cdff,louvain,intersection_count,100.0,0.0,1.0,20260801,1.0.0,not_used,community labels are structural network results; they are not official factions and do not replace original-setting faction metadata
JP14,cross_department,music,desiredrive,Desire Drive,デザイアドライブ,0.0,0,0.0014104372355430183,0.0,0,0.0,C-15dd591a67c53500,CC-15dd591a67c53500,louvain,intersection_count,100.0,0.0,1.0,20260801,1.0.0,not_used,community labels are structural network results; they are not official factions and do not replace original-setting faction metadata
JP14,cross_department,music,dimdream,Dim. Dream,Dim. Dream,0.0,0,0.0014104372355430183,0.0,0,0.0,C-b6259644b8164b90,CC-b6259644b8164b90,louvain,intersection_count,100.0,0.0,1.0,20260801,1.0.0,not_used,community labels are structural network results; they are not official factions and do not replace original-setting faction metadata
JP14,cross_department,music,disastrousgemini,Disastrous Gemini,ディザストラスジェミニ,0.0,0,0.0014104372355430183,0.0,0,0.0,C-de2cb849e3b4b030,CC-de2cb849e3b4b030,louvain,intersection_count,100.0,0.0,1.0,20260801,1.0.0,not_used,community labels are structural network results; they are not official factions and do not replace original-setting faction metadata
JP14,cross_department,music,dreamexpress,Dream Express,Dream Express,0.0,0,0.0014104372355430183,0.0,0,0.0,C-7fd743c306367c3c,CC-7fd743c306367c3c,louvain,intersection_count,100.0,0.0,1.0,20260801,1.0.0,not_used,community labels are structural network results; they are not official factions and do not replace original-setting faction metadata
JP14,cross_department,music,dreamland,Dream Land,Dream Land,0.0,0,0.0014104372355430183,0.0,0,0.0,C-a3e031f03e4ddf41,CC-a3e031f03e4ddf41,louvain,intersection_count,100.0,0.0,1.0,20260801,1.0.0,not_used,community labels are structural network results; they are not official factions and do not replace original-setting faction metadata
JP14,cross_department,music,dreamypilot,Dreamy pilot,Dreamy pilot,0.0,0,0.0014104372355430183,0.0,0,0.0,C-a4bd0c9bfcb5429e,CC-a4bd0c9bfcb5429e,louvain,intersection_count,100.0,0.0,1.0,20260801,1.0.0,not_used,community labels are structural network results; they are not official factions and do not replace original-setting faction metadata
JP14,cross_department,music,drlatency的令人不眠之瞳,Dr. Latency的令人不眠之瞳,Dr.レイテンシーの眠れなくなる瞳,0.0,0,0.0014104372355430183,0.0,0,0.0,C-cf2c9895ebd89e01,CC-cf2c9895ebd89e01,louvain,intersection_count,100.0,0.0,1.0,20260801,1.0.0,not_used,community labels are structural network results; they are not official factions and do not replace original-setting faction metadata
JP14,cross_department,music,endless,Endless,Endless,0.0,0,0.0014104372355430183,0.0,0,0.0,C-a4fd9d71496fb144,CC-a4fd9d71496fb144,louvain,intersection_count,100.0,0.0,1.0,20260801,1.0.0,not_used,community labels are structural network results; they are not official factions and do not replace original-setting faction metadata
JP14,cross_department,music,endofdaylight,End of Daylight,End of Daylight,0.0,0,0.0014104372355430183,0.0,0,0.0,C-679bd726afe17c78,CC-679bd726afe17c78,louvain,intersection_count,100.0,0.0,1.0,20260801,1.0.0,not_used,community labels are structural network results; they are not official factions and do not replace original-setting faction metadata
JP14,cross_department,music,eternaldream幽玄的枫树,Eternal Dream ～ 幽玄的枫树,幽玄の槭樹　～ Eternal Dream,0.0,0,0.0014104372355430183,0.0,0,0.0,C-0b9ae19b16d7fb27,CC-0b9ae19b16d7fb27,louvain,intersection_count,100.0,0.0,1.0,20260801,1.0.0,not_used,community labels are structural network results; they are not official factions and do not replace original-setting faction metadata
JP14,cross_department,music,extendash蓬莱人,Extend Ash ～ 蓬莱人,エクステンドアッシュ　～ 蓬莱人,0.0,0,0.0014104372355430183,0.0,0,0.0,C-0e04bf95986de5c0,CC-0e04bf95986de5c0,louvain,intersection_count,100.0,0.0,1.0,20260801,1.0.0,not_used,community labels are structural network results; they are not official factions and do not replace original-setting faction metadata
JP14,cross_department,music,extralove,Extra Love,エキストララブ,0.0,0,0.0014104372355430183,0.0,0,0.0,C-b6f288b5f43ceb8b,CC-b6f288b5f43ceb8b,louvain,intersection_count,100.0,0.0,1.0,20260801,1.0.0,not_used,community labels are structural network results; they are not official factions and do not replace original-setting faction metadata
JP14,cross_department,music,falloffall,Fall of Fall ～ 秋意渐浓之瀑,フォールオブフォール　～ 秋めく滝,0.0,0,0.0014104372355430183,0.0,0,0.0,C-52b3400b77893444,CC-52b3400b77893444,louvain,intersection_count,100.0,0.0,1.0,20260801,1.0.0,not_used,community labels are structural network results; they are not official factions and do not replace original-setting faction metadata
JP14,cross_department,music,falsestrawberry,False Strawberry,フォルスストロベリー,0.0,0,0.0014104372355430183,0.0,0,0.0,C-b4ea60cf53a29a8e,CC-b4ea60cf53a29a8e,louvain,intersection_count,100.0,0.0,1.0,20260801,1.0.0,not_used,community labels are structural network results; they are not official factions and do not replace original-setting faction metadata
JP14,cross_department,music,floweringnight,Flowering Night,フラワリングナイト,0.0,0,0.0014104372355430183,0.0,0,0.0,C-2b95a1f99f5910cd,CC-2b95a1f99f5910cd,louvain,intersection_count,100.0,0.0,1.0,20260801,1.0.0,not_used,community labels are structural network results; they are not official factions and do not replace original-setting faction metadata
JP14,cross_department,music,frontalattack,Frontal Attack,Frontal Attack,0.0,0,0.0014104372355430183,0.0,0,0.0,C-16cb49a41453d9aa,CC-16cb49a41453d9aa,louvain,intersection_count,100.0,0.0,1.0,20260801,1.0.0,not_used,community labels are structural network results; they are not official factions and do not replace original-setting faction metadata
JP14,cross_department,music,gameover,Game Over,ゲームオーバー,0.0,0,0.0014104372355430183,0.0,0,0.0,C-358ee3ace0568ff3,CC-358ee3ace0568ff3,louvain,intersection_count,100.0,0.0,1.0,20260801,1.0.0,not_used,community labels are structural network results; they are not official factions and do not replace original-setting faction metadata
JP14,cross_department,music,gfree,G Free,G Free,0.0,0,0.0014104372355430183,0.0,0,0.0,C-524962e28496075b,CC-524962e28496075b,louvain,intersection_count,100.0,0.0,1.0,20260801,1.0.0,not_used,community labels are structural network results; they are not official factions and do not replace original-setting faction metadata
JP14,cross_department,music,ghostlead,Ghost Lead,ゴーストリード,0.0,0,0.0014104372355430183,0.0,0,0.0,C-7d690717dfe9ac8e,CC-7d690717dfe9ac8e,louvain,intersection_count,100.0,0.0,1.0,20260801,1.0.0,not_used,community labels are structural network results; they are not official factions and do not replace original-setting faction metadata
JP14,cross_department,music,heartfeltfancy,Heartfelt Fancy,ハートフェルトファンシー,0.0,0,0.0014104372355430183,0.0,0,0.0,C-ab7afa07c01c0094,CC-ab7afa07c01c0094,louvain,intersection_count,100.0,0.0,1.0,20260801,1.0.0,not_used,community labels are structural network results; they are not official factions and do not replace original-setting faction metadata
JP14,cross_department,music,herselves,Herselves,ハーセルヴズ,0.0,0,0.0014104372355430183,0.0,0,0.0,C-12bb82a70405330c,CC-12bb82a70405330c,louvain,intersection_count,100.0,0.0,1.0,20260801,1.0.0,not_used,community labels are structural network results; they are not official factions and do not replace original-setting faction metadata
JP14,cross_department,music,highlyresponsivetoprayers,Highly Responsive to Prayers,Highly Responsive to Prayers,0.0,0,0.0014104372355430183,0.0,0,0.0,C-7a3a225d66c3ab0a,CC-7a3a225d66c3ab0a,louvain,intersection_count,100.0,0.0,1.0,20260801,1.0.0,not_used,community labels are structural network results; they are not official factions and do not replace original-setting faction metadata
JP14,cross_department,music,incompleteplot,Incomplete Plot,Incomplete Plot,0.0,0,0.0014104372355430183,0.0,0,0.0,C-695ec1ce3dc5ec33,CC-695ec1ce3dc5ec33,louvain,intersection_count,100.0,0.0,1.0,20260801,1.0.0,not_used,community labels are structural network results; they are not official factions and do not replace original-setting faction metadata
JP14,cross_department,music,intobackdoor,Into Backdoor,イントゥ・バックドア,0.0,0,0.0014104372355430183,0.0,0,0.0,C-693c4c0f253155e5,CC-693c4c0f253155e5,louvain,intersection_count,100.0,0.0,1.0,20260801,1.0.0,not_used,community labels are structural network results; they are not official factions and do not replace original-setting faction metadata
JP14,cross_department,music,inventivecity,Inventive City,Inventive City,0.0,0,0.0014104372355430183,0.0,0,0.0,C-6f5c0ce5e5515e14,CC-6f5c0ce5e5515e14,louvain,intersection_count,100.0,0.0,1.0,20260801,1.0.0,not_used,community labels are structural network results; they are not official factions and do not replace original-setting faction metadata
JP14,cross_department,music,japanesesaga,Japanese Saga,ジャパニーズサーガ,0.0,0,0.0014104372355430183,0.0,0,0.0,C-f8367ebf54fe211a,CC-f8367ebf54fe211a,louvain,intersection_count,100.0,0.0,1.0,20260801,1.0.0,not_used,community labels are structural network results; they are not official factions and do not replace original-setting faction metadata
JP14,cross_department,music,lastoccultism,Last Occultism ～ 现世的秘术师,ラストオカルティズム　～ 現し世の秘術師,0.0,0,0.0014104372355430183,0.0,0,0.0,C-05897ed0af2968a5,CC-05897ed0af2968a5,louvain,intersection_count,100.0,0.0,1.0,20260801,1.0.0,not_used,community labels are structural network results; they are not official factions and do not replace original-setting faction metadata
JP14,cross_department,music,lastremote,Last Remote,ラストリモート,0.0,0,0.0014104372355430183,0.0,0,0.0,C-da378a1afb6c9580,CC-da378a1afb6c9580,louvain,intersection_count,100.0,0.0,1.0,20260801,1.0.0,not_used,community labels are structural network results; they are not official factions and do not replace original-setting faction metadata
JP14,cross_department,music,lockedgirl,Locked Girl ～ 少女密室,ラクトガール　～ 少女密室,0.0,0,0.0014104372355430183,0.0,0,0.0,C-f700ea42aae7ff3c,CC-f700ea42aae7ff3c,louvain,intersection_count,100.0,0.0,1.0,20260801,1.0.0,not_used,community labels are structural network results; they are not official factions and do not replace original-setting faction metadata
JP14,cross_department,music,looserain,Loose Rain,ルーズレイン,0.0,0,0.0014104372355430183,0.0,0,0.0,C-5f70669b7f8d4666,CC-5f70669b7f8d4666,louvain,intersection_count,100.0,0.0,1.0,20260801,1.0.0,not_used,community labels are structural network results; they are not official factions and do not replace original-setting faction metadata
JP14,cross_department,music,lotuslove,Lotus Love,Lotus Love,0.0,0,0.0014104372355430183,0.0,0,0.0,C-2f9ec28efda57fb8,CC-2f9ec28efda57fb8,louvain,intersection_count,100.0,0.0,1.0,20260801,1.0.0,not_used,community labels are structural network results; they are not official factions and do not replace original-setting faction metadata
JP14,cross_department,music,lotusroad,Lotus Road,Lotus Road,0.0,0,0.0014104372355430183,0.0,0,0.0,C-6b86fe2b1986924d,CC-6b86fe2b1986924d,louvain,intersection_count,100.0,0.0,1.0,20260801,1.0.0,not_used,community labels are structural network results; they are not official factions and do not replace original-setting faction metadata
JP14,cross_department,music,lunateelf,Lunate Elf,ルーネイトエルフ,0.0,0,0.0014104372355430183,0.0,0,0.0,C-c90838c2051cbe07,CC-c90838c2051cbe07,louvain,intersection_count,100.0,0.0,1.0,20260801,1.0.0,not_used,community labels are structural network results; they are not official factions and do not replace original-setting faction metadata
JP14,cross_department,music,magicalandhopeless,Magical and Hopeless,Magical and Hopeless,0.0,0,0.0014104372355430183,0.0,0,0.0,C-71fa82211ea2bb8a,CC-71fa82211ea2bb8a,louvain,intersection_count,100.0,0.0,1.0,20260801,1.0.0,not_used,community labels are structural network results; they are not official factions and do not replace original-setting faction metadata
JP14,cross_department,music,magicalstorm,Magical Storm,マジカルストーム,0.0,0,0.0014104372355430183,0.0,0,0.0,C-5bcc93238517a8f2,CC-5bcc93238517a8f2,louvain,intersection_count,100.0,0.0,1.0,20260801,1.0.0,not_used,community labels are structural network results; they are not official factions and do not replace original-setting faction metadata
JP14,cross_department,music,magicoflife,Magic of Life,Magic of Life,0.0,0,0.0014104372355430183,0.0,0,0.0,C-3d653add98bc31e2,CC-3d653add98bc31e2,louvain,intersection_count,100.0,0.0,1.0,20260801,1.0.0,not_used,community labels are structural network results; they are not official factions and do not replace original-setting faction metadata
JP14,cross_department,music,magicshopofraspberry,Magic Shop of Raspberry,Magic Shop of Raspberry,0.0,0,0.0014104372355430183,0.0,0,0.0,C-82fb35e496336274,CC-82fb35e496336274,louvain,intersection_count,100.0,0.0,1.0,20260801,1.0.0,not_used,community labels are structural network results; they are not official factions and do not replace original-setting faction metadata
JP14,cross_department,music,magusnight,Magus Night,メイガスナイト,0.0,0,0.0014104372355430183,0.0,0,0.0,C-2258d4ba32019495,CC-2258d4ba32019495,louvain,intersection_count,100.0,0.0,1.0,20260801,1.0.0,not_used,community labels are structural network results; they are not official factions and do not replace original-setting faction metadata
JP14,cross_department,music,maniacalprincess,Maniacal Princess,Maniacal Princess,0.0,0,0.0014104372355430183,0.0,0,0.0,C-26349f8d159d8c54,CC-26349f8d159d8c54,louvain,intersection_count,100.0,0.0,1.0,20260801,1.0.0,not_used,community labels are structural network results; they are not official factions and do not replace original-setting faction metadata
JP14,cross_department,music,mapledream,Maple Dream...,Maple Dream...,0.0,0,0.0014104372355430183,0.0,0,0.0,C-86cbd87b03765b30,CC-86cbd87b03765b30,louvain,intersection_count,100.0,0.0,1.0,20260801,1.0.0,not_used,community labels are structural network results; they are not official factions and do not replace original-setting faction metadata
JP14,cross_department,music,maplewise,Maple Wise,メイプルワイズ,0.0,0,0.0014104372355430183,0.0,0,0.0,C-2cdd52696ed94c56,CC-2cdd52696ed94c56,louvain,intersection_count,100.0,0.0,1.0,20260801,1.0.0,not_used,community labels are structural network results; they are not official factions and do not replace original-setting faction metadata
JP14,cross_department,music,midnightspellcard,Midnight Spell Card,ミッドナイトスペルカード,0.0,0,0.0014104372355430183,0.0,0,0.0,C-5ca65dc1bf5d7df8,CC-5ca65dc1bf5d7df8,louvain,intersection_count,100.0,0.0,1.0,20260801,1.0.0,not_used,community labels are structural network results; they are not official factions and do not replace original-setting faction metadata
JP14,cross_department,music,mistlake,Mist Lake,ミストレイク,0.0,0,0.0014104372355430183,0.0,0,0.0,C-9533a391238ca1a4,CC-9533a391238ca1a4,louvain,intersection_count,100.0,0.0,1.0,20260801,1.0.0,not_used,community labels are structural network results; they are not official factions and do not replace original-setting faction metadata
JP14,cross_department,music,mushroomwaltz,Mushroom·Waltz,マッシュルーム・ワルツ,0.0,0,0.0014104372355430183,0.0,0,0.0,C-33a8ac5af87a2c35,CC-33a8ac5af87a2c35,louvain,intersection_count,100.0,0.0,1.0,20260801,1.0.0,not_used,community labels are structural network results; they are not official factions and do not replace original-setting faction metadata
JP14,cross_department,music,mymaidsweetmaid,My Maid Sweet Maid,"My Maid, Sweet Maid",0.0,0,0.0014104372355430183,0.0,0,0.0,C-ba4132898f4000f1,CC-ba4132898f4000f1,louvain,intersection_count,100.0,0.0,1.0,20260801,1.0.0,not_used,community labels are structural network results; they are not official factions and do not replace original-setting faction metadata
JP14,cross_department,music,mysticdream,Mystic Dream,Mystic Dream,0.0,0,0.0014104372355430183,0.0,0,0.0,C-cedaad78dbcda75b,CC-cedaad78dbcda75b,louvain,intersection_count,100.0,0.0,1.0,20260801,1.0.0,not_used,community labels are structural network results; they are not official factions and do not replace original-setting faction metadata
JP14,cross_department,music,nativefaith,Native Faith,ネイティブフェイス,0.0,0,0.0014104372355430183,0.0,0,0.0,C-8e9cff60805f8a77,CC-8e9cff60805f8a77,louvain,intersection_count,100.0,0.0,1.0,20260801,1.0.0,not_used,community labels are structural network results; they are not official factions and do not replace original-setting faction metadata
JP14,cross_department,music,necrofantasia,Necro-Fantasia,ネクロファンタジア,0.0,0,0.0014104372355430183,0.0,0,0.0,C-01d8143bd4b923ec,CC-01d8143bd4b923ec,louvain,intersection_count,100.0,0.0,1.0,20260801,1.0.0,not_used,community labels are structural network results; they are not official factions and do not replace original-setting faction metadata
JP14,cross_department,music,newshound,Newshound,ニュースハウンド,0.0,0,0.0014104372355430183,0.0,0,0.0,C-a6c5a95ccba28032,CC-a6c5a95ccba28032,louvain,intersection_count,100.0,0.0,1.0,20260801,1.0.0,not_used,community labels are structural network results; they are not official factions and do not replace original-setting faction metadata
JP14,cross_department,music,orientaldarkflight,Oriental Dark Flight,オリエンタルダークフライト,0.0,0,0.0014104372355430183,0.0,0,0.0,C-ff8c267ead638964,CC-ff8c267ead638964,louvain,intersection_count,100.0,0.0,1.0,20260801,1.0.0,not_used,community labels are structural network results; they are not official factions and do not replace original-setting faction metadata
JP14,cross_department,music,orientalmagician,Oriental Magician,Oriental Magician,0.0,0,0.0014104372355430183,0.0,0,0.0,C-53ac85fc88171634,CC-53ac85fc88171634,louvain,intersection_count,100.0,0.0,1.0,20260801,1.0.0,not_used,community labels are structural network results; they are not official factions and do not replace original-setting faction metadata
JP14,cross_department,music,outsidercocktail,Outsider Cocktail,アウトサイダーカクテル,0.0,0,0.0014104372355430183,0.0,0,0.0,C-b5a0a6b798d70499,CC-b5a0a6b798d70499,louvain,intersection_count,100.0,0.0,1.0,20260801,1.0.0,not_used,community labels are structural network results; they are not official factions and do not replace original-setting faction metadata
JP14,cross_department,music,pandemonicplanet,Pandemonic Planet,パンデモニックプラネット,0.0,0,0.0014104372355430183,0.0,0,0.0,C-1305ffd1795d18ce,CC-1305ffd1795d18ce,louvain,intersection_count,100.0,0.0,1.0,20260801,1.0.0,not_used,community labels are structural network results; they are not official factions and do not replace original-setting faction metadata
JP14,cross_department,music,peaceful,Peaceful,Peaceful,0.0,0,0.0014104372355430183,0.0,0,0.0,C-129426eef10155e8,CC-129426eef10155e8,louvain,intersection_count,100.0,0.0,1.0,20260801,1.0.0,not_used,community labels are structural network results; they are not official factions and do not replace original-setting faction metadata
JP14,cross_department,music,peacefulromancer,Peaceful Romancer,Peaceful Romancer,0.0,0,0.0014104372355430183,0.0,0,0.0,C-af072fb664fe4d36,CC-af072fb664fe4d36,louvain,intersection_count,100.0,0.0,1.0,20260801,1.0.0,not_used,community labels are structural network results; they are not official factions and do not replace original-setting faction metadata
JP14,cross_department,music,phantasmagoria,Phantasmagoria,Phantasmagoria,0.0,0,0.0014104372355430183,0.0,0,0.0,C-02811c1322e57f4d,CC-02811c1322e57f4d,louvain,intersection_count,100.0,0.0,1.0,20260801,1.0.0,not_used,community labels are structural network results; they are not official factions and do not replace original-setting faction metadata
JP14,cross_department,music,plainasia,Plain Asia,プレインエイジア,0.0,0,0.0014104372355430183,0.0,0,0.0,C-1006126eac062b12,CC-1006126eac062b12,louvain,intersection_count,100.0,0.0,1.0,20260801,1.0.0,not_used,community labels are structural network results; they are not official factions and do not replace original-setting faction metadata
JP14,cross_department,music,plasticmind,Plastic Mind,プラスチックマインド,0.0,0,0.0014104372355430183,0.0,0,0.0,C-9cc6f6af39031015,CC-9cc6f6af39031015,louvain,intersection_count,100.0,0.0,1.0,20260801,1.0.0,not_used,community labels are structural network results; they are not official factions and do not replace original-setting faction metadata
JP14,cross_department,music,plasticspace,Plastic Space,Plastic Space,0.0,0,0.0014104372355430183,0.0,0,0.0,C-7d1f1604dc5ebed2,CC-7d1f1604dc5ebed2,louvain,intersection_count,100.0,0.0,1.0,20260801,1.0.0,not_used,community labels are structural network results; they are not official factions and do not replace original-setting faction metadata
JP14,cross_department,music,playersscore,Player's Score,プレイヤーズスコア,0.0,0,0.0014104372355430183,0.0,0,0.0,C-34f66d6ac11d434b,CC-34f66d6ac11d434b,louvain,intersection_count,100.0,0.0,1.0,20260801,1.0.0,not_used,community labels are structural network results; they are not official factions and do not replace original-setting faction metadata
JP14,cross_department,music,primroseshiver,Primrose Shiver,プリムローズシヴァ,0.0,0,0.0014104372355430183,0.0,0,0.0,C-8911a082bcf9dac8,CC-8911a082bcf9dac8,louvain,intersection_count,100.0,0.0,1.0,20260801,1.0.0,not_used,community labels are structural network results; they are not official factions and do not replace original-setting faction metadata
JP14,cross_department,music,purefuries,Pure Furies ～ 心之所在,ピュアヒューリーズ　～ 心の在処,0.0,0,0.0014104372355430183,0.0,0,0.0,C-e04f1af26409ddd8,CC-e04f1af26409ddd8,louvain,intersection_count,100.0,0.0,1.0,20260801,1.0.0,not_used,community labels are structural network results; they are not official factions and do not replace original-setting faction metadata
JP14,cross_department,music,reincarnation,Reincarnation,リーインカーネイション,0.0,0,0.0014104372355430183,0.0,0,0.0,C-8fcf3d584d673d59,CC-8fcf3d584d673d59,louvain,intersection_count,100.0,0.0,1.0,20260801,1.0.0,not_used,community labels are structural network results; they are not official factions and do not replace original-setting faction metadata
JP14,cross_department,music,reverseideology,Reverse Ideology,リバースイデオロギー,0.0,0,0.0014104372355430183,0.0,0,0.0,C-2e96e23134fea44b,CC-2e96e23134fea44b,louvain,intersection_count,100.0,0.0,1.0,20260801,1.0.0,not_used,community labels are structural network results; they are not official factions and do not replace original-setting faction metadata
JP14,cross_department,music,rigidparadise,Rigid Paradise,リジッドパラダイス,0.0,0,0.0014104372355430183,0.0,0,0.0,C-28fc4fc2de999ee1,CC-28fc4fc2de999ee1,louvain,intersection_count,100.0,0.0,1.0,20260801,1.0.0,not_used,community labels are structural network results; they are not official factions and do not replace original-setting faction metadata
JP14,cross_department,music,romanticchildren,Romantic Children,Romantic Children,0.0,0,0.0014104372355430183,0.0,0,0.0,C-891cadc8f4886868,CC-891cadc8f4886868,louvain,intersection_count,100.0,0.0,1.0,20260801,1.0.0,not_used,community labels are structural network results; they are not official factions and do not replace original-setting faction metadata
JP14,cross_department,music,sacredbattle,Sacred Battle,Sacred Battle,0.0,0,0.0014104372355430183,0.0,0,0.0,C-d96f6241784a9cd0,CC-d96f6241784a9cd0,louvain,intersection_count,100.0,0.0,1.0,20260801,1.0.0,not_used,community labels are structural network results; they are not official factions and do not replace original-setting faction metadata
JP14,cross_department,music,sailoroftime,Sailor of Time,Sailor of Time,0.0,0,0.0014104372355430183,0.0,0,0.0,C-80dc06e6dbf1cd8a,CC-80dc06e6dbf1cd8a,louvain,intersection_count,100.0,0.0,1.0,20260801,1.0.0,not_used,community labels are structural network results; they are not official factions and do not replace original-setting faction metadata
JP14,cross_department,music,selection,Selection,Selection,0.0,0,0.0014104372355430183,0.0,0,0.0,C-8681c1ed59c44e16,CC-8681c1ed59c44e16,louvain,intersection_count,100.0,0.0,1.0,20260801,1.0.0,not_used,community labels are structural network results; they are not official factions and do not replace original-setting faction metadata
JP14,cross_department,music,seleneslight,Selene's light,Selene's light,0.0,0,0.0014104372355430183,0.0,0,0.0,C-0e21fc1e06e06ce0,CC-0e21fc1e06e06ce0,louvain,intersection_count,100.0,0.0,1.0,20260801,1.0.0,not_used,community labels are structural network results; they are not official factions and do not replace original-setting faction metadata
JP14,cross_department,music,shesinatemper,She's in a temper!!,She's in a temper!!,0.0,0,0.0014104372355430183,0.0,0,0.0,C-f592573e1eda9970,CC-f592573e1eda9970,louvain,intersection_count,100.0,0.0,1.0,20260801,1.0.0,not_used,community labels are structural network results; they are not official factions and do not replace original-setting faction metadata
JP14,cross_department,music,silkroadalice,Silk Road Alice,シルクロードアリス,0.0,0,0.0014104372355430183,0.0,0,0.0,C-1b76b95463f650e7,CC-1b76b95463f650e7,louvain,intersection_count,100.0,0.0,1.0,20260801,1.0.0,not_used,community labels are structural network results; they are not official factions and do not replace original-setting faction metadata
JP14,cross_department,music,skyruin,Sky Ruin,スカイルーイン,0.0,0,0.0014104372355430183,0.0,0,0.0,C-1f79a7835633ebb3,CC-1f79a7835633ebb3,louvain,intersection_count,100.0,0.0,1.0,20260801,1.0.0,not_used,community labels are structural network results; they are not official factions and do not replace original-setting faction metadata
JP14,cross_department,music,sleepsheepparade,Sleep Sheep·Parade,スリープシープ・パレード,0.0,0,0.0014104372355430183,0.0,0,0.0,C-4f847511db43bcc4,CC-4f847511db43bcc4,louvain,intersection_count,100.0,0.0,1.0,20260801,1.0.0,not_used,community labels are structural network results; they are not official factions and do not replace original-setting faction metadata
JP14,cross_department,music,starbowdream,Starbow Dream,スターボウドリーム,0.0,0,0.0014104372355430183,0.0,0,0.0,C-2cdd76b8349bb416,CC-2cdd76b8349bb416,louvain,intersection_count,100.0,0.0,1.0,20260801,1.0.0,not_used,community labels are structural network results; they are not official factions and do not replace original-setting faction metadata
JP14,cross_department,music,starvoyage2008,Star Voyage2008,スターヴォヤージュ2008,0.0,0,0.0014104372355430183,0.0,0,0.0,C-f70ada861e7d2ba3,CC-f70ada861e7d2ba3,louvain,intersection_count,100.0,0.0,1.0,20260801,1.0.0,not_used,community labels are structural network results; they are not official factions and do not replace original-setting faction metadata
JP14,cross_department,music,strawberrycrisis,Strawberry Crisis!!,Strawberry Crisis!!,0.0,0,0.0014104372355430183,0.0,0,0.0,C-f17a3b0feccdd2db,CC-f17a3b0feccdd2db,louvain,intersection_count,100.0,0.0,1.0,20260801,1.0.0,not_used,community labels are structural network results; they are not official factions and do not replace original-setting faction metadata
JP14,cross_department,music,sunnyrutileflection,Sunny Rutile Flection,サニールチルフレクション,0.0,0,0.0014104372355430183,0.0,0,0.0,C-3008d3f5ac6e8681,CC-3008d3f5ac6e8681,louvain,intersection_count,100.0,0.0,1.0,20260801,1.0.0,not_used,community labels are structural network results; they are not official factions and do not replace original-setting faction metadata
JP14,cross_department,music,tabularasa空白少女,Tabula rasa ～ 空白少女,Tabula rasa　～ 空白少女,0.0,0,0.0014104372355430183,0.0,0,0.0,C-a3e171b1ad44125e,CC-a3e171b1ad44125e,louvain,intersection_count,100.0,0.0,1.0,20260801,1.0.0,not_used,community labels are structural network results; they are not official factions and do not replace original-setting faction metadata
JP14,cross_department,music,thegrimoireofalice,the Grimoire of Alice,the Grimoire of Alice,0.0,0,0.0014104372355430183,0.0,0,0.0,C-a09080cbf38c0504,CC-a09080cbf38c0504,louvain,intersection_count,100.0,0.0,1.0,20260801,1.0.0,not_used,community labels are structural network results; they are not official factions and do not replace original-setting faction metadata
JP14,cross_department,music,thelastjudgement,the Last Judgement,the Last Judgement,0.0,0,0.0014104372355430183,0.0,0,0.0,C-60dbee8532ca1d04,CC-60dbee8532ca1d04,louvain,intersection_count,100.0,0.0,1.0,20260801,1.0.0,not_used,community labels are structural network results; they are not official factions and do not replace original-setting faction metadata
JP14,cross_department,music,thelegendofkage,The Legend of KAGE,the Legend of KAGE,0.0,0,0.0014104372355430183,0.0,0,0.0,C-0495eedcc184364b,CC-0495eedcc184364b,louvain,intersection_count,100.0,0.0,1.0,20260801,1.0.0,not_used,community labels are structural network results; they are not official factions and do not replace original-setting faction metadata
JP14,cross_department,music,themeofeasternstory,Theme of Eastern Story,テーマ・オブ・イースタンストーリー,0.0,0,0.0014104372355430183,0.0,0,0.0,C-a44d0a78f1c2e7ae,CC-a44d0a78f1c2e7ae,louvain,intersection_count,100.0,0.0,1.0,20260801,1.0.0,not_used,community labels are structural network results; they are not official factions and do not replace original-setting faction metadata
JP14,cross_department,music,thepositiveandnegative,The Positive and Negative,The Positive and Negative,0.0,0,0.0014104372355430183,0.0,0,0.0,C-d7c849a26fe0a85a,CC-d7c849a26fe0a85a,louvain,intersection_count,100.0,0.0,1.0,20260801,1.0.0,not_used,community labels are structural network results; they are not official factions and do not replace original-setting faction metadata
JP14,cross_department,music,titledmaid,Titled Maid,タイトルドメイド,0.0,0,0.0014104372355430183,0.0,0,0.0,C-e28a5518705ddb11,CC-e28a5518705ddb11,louvain,intersection_count,100.0,0.0,1.0,20260801,1.0.0,not_used,community labels are structural network results; they are not official factions and do not replace original-setting faction metadata
JP14,cross_department,music,ultimatetruth,Ultimate Truth,アルティメットトゥルース,0.0,0,0.0014104372355430183,0.0,0,0.0,C-444bd943bdc0dac8,CC-444bd943bdc0dac8,louvain,intersection_count,100.0,0.0,1.0,20260801,1.0.0,not_used,community labels are structural network results; they are not official factions and do not replace original-setting faction metadata
JP14,cross_department,music,unowen就是她吗,U.N.OWEN就是她吗？,U.N.オーエンは彼女なのか？,0.0,0,0.0014104372355430183,0.0,0,0.0,C-cd254c122b48827e,CC-cd254c122b48827e,louvain,intersection_count,100.0,0.0,1.0,20260801,1.0.0,not_used,community labels are structural network results; they are not official factions and do not replace original-setting faction metadata
JP14,cross_department,music,voyage1969,Voyage1969,ヴォヤージュ1969,0.0,0,0.0014104372355430183,0.0,0,0.0,C-84db26a4c57d6143,CC-84db26a4c57d6143,louvain,intersection_count,100.0,0.0,1.0,20260801,1.0.0,not_used,community labels are structural network results; they are not official factions and do not replace original-setting faction metadata
JP14,cross_department,music,voyage1970,Voyage1970,ヴォヤージュ1970,0.0,0,0.0014104372355430183,0.0,0,0.0,C-b5a599e17a65b84d,CC-b5a599e17a65b84d,louvain,intersection_count,100.0,0.0,1.0,20260801,1.0.0,not_used,community labels are structural network results; they are not official factions and do not replace original-setting faction metadata
JP14,cross_department,music,witchingdream,Witching Dream,Witching Dream,0.0,0,0.0014104372355430183,0.0,0,0.0,C-b238ee2b1fd18357,CC-b238ee2b1fd18357,louvain,intersection_count,100.0,0.0,1.0,20260801,1.0.0,not_used,community labels are structural network results; they are not official factions and do not replace original-setting faction metadata
JP14,cross_department,music,witchoflovepotion,Witch of Love Potion,Witch of Love Potion,0.0,0,0.0014104372355430183,0.0,0,0.0,C-aa0ee4030407cdd9,CC-aa0ee4030407cdd9,louvain,intersection_count,100.0,0.0,1.0,20260801,1.0.0,not_used,community labels are structural network results; they are not official factions and do not replace original-setting faction metadata
JP14,cross_department,character,丁礼田舞,丁礼田舞,丁礼田舞,0.0,0,0.0014104372355430183,0.0,0,0.0,C-64dc9fd031618ec1,CC-64dc9fd031618ec1,louvain,intersection_count,100.0,0.0,1.0,20260801,1.0.0,not_used,community labels are structural network results; they are not official factions and do not replace original-setting faction metadata
JP14,cross_department,music,七玉搜集大摊牌,七玉搜集大摊牌,七玉蒐集ショウダウン,0.0,0,0.0014104372355430183,0.0,0,0.0,C-af5a3e8c25074ef0,CC-af5a3e8c25074ef0,louvain,intersection_count,100.0,0.0,1.0,20260801,1.0.0,not_used,community labels are structural network results; they are not official factions and do not replace original-setting faction metadata
JP14,cross_department,character,万岁乐,万岁乐,万歳楽,0.0,0,0.0014104372355430183,0.0,0,0.0,C-10a69733fcb31bb5,CC-10a69733fcb31bb5,louvain,intersection_count,100.0,0.0,1.0,20260801,1.0.0,not_used,community labels are structural network results; they are not official factions and do not replace original-setting faction metadata
JP14,cross_department,music,上海红茶馆,上海红茶馆 ～ Chinese Tea,上海紅茶館　～ Chinese Tea,0.0,0,0.0014104372355430183,0.0,0,0.0,C-00d94e25edb3179a,CC-00d94e25edb3179a,louvain,intersection_count,100.0,0.0,1.0,20260801,1.0.0,not_used,community labels are structural network results; they are not official factions and do not replace original-setting faction metadata
JP14,cross_department,character,上白泽慧音,上白泽慧音,上白沢 慧音,0.0,0,0.0014104372355430183,0.0,0,0.0,C-2a624fbc1e46cc4a,CC-2a624fbc1e46cc4a,louvain,intersection_count,100.0,0.0,1.0,20260801,1.0.0,not_used,community labels are structural network results; they are not official factions and do not replace original-setting faction metadata
JP14,cross_department,music,不可不禁止的游戏,不可不禁止的游戏,禁じざるをえない遊戯,0.0,0,0.0014104372355430183,0.0,0,0.0,C-83d53615e9128f68,CC-83d53615e9128f68,louvain,intersection_count,100.0,0.0,1.0,20260801,1.0.0,not_used,community labels are structural network results; they are not official factions and do not replace original-setting faction metadata
JP14,cross_department,music,不可思议之国的爱丽丝,不可思议之国的爱丽丝,不思議の国のアリス,0.0,0,0.0014104372355430183,0.0,0,0.0,C-59584b02fa9cb846,CC-59584b02fa9cb846,louvain,intersection_count,100.0,0.0,1.0,20260801,1.0.0,not_used,community labels are structural network results; they are not official factions and do not replace original-setting faction metadata
JP14,cross_department,music,不可思议的驱魔棒,不可思议的驱魔棒,不思議なお祓い棒,0.0,0,0.0014104372355430183,0.0,0,0.0,C-23bea114efab4f58,CC-23bea114efab4f58,louvain,intersection_count,100.0,0.0,1.0,20260801,1.0.0,not_used,community labels are structural network results; they are not official factions and do not replace original-setting faction metadata
JP14,cross_department,music,不灭的赤魂,不灭的赤魂,不滅のレッドソウル,0.0,0,0.0014104372355430183,0.0,0,0.0,C-de0bd2381a73db8f,CC-de0bd2381a73db8f,louvain,intersection_count,100.0,0.0,1.0,20260801,1.0.0,not_used,community labels are structural network results; they are not official factions and do not replace original-setting faction metadata
JP14,cross_department,music,不自然的自然,不自然的自然,不自然な自然,0.0,0,0.0014104372355430183,0.0,0,0.0,C-2a7d63148cee4cfd,CC-2a7d63148cee4cfd,louvain,intersection_count,100.0,0.0,1.0,20260801,1.0.0,not_used,community labels are structural network results; they are not official factions and do not replace original-setting faction metadata
JP14,cross_department,music,丑时三刻的村庄,丑时三刻的村庄,丑三つ時の里,0.0,0,0.0014104372355430183,0.0,0,0.0,C-d1fcb95488b9820b,CC-d1fcb95488b9820b,louvain,intersection_count,100.0,0.0,1.0,20260801,1.0.0,not_used,community labels are structural network results; they are not official factions and do not replace original-setting faction metadata
JP14,cross_department,music,世界的尽头worldsend,世界的尽头 ～ World's End,世界の果て　～ World's End,0.0,0,0.0014104372355430183,0.0,0,0.0,C-a18051d9e06878c4,CC-a18051d9e06878c4,louvain,intersection_count,100.0,0.0,1.0,20260801,1.0.0,not_used,community labels are structural network results; they are not official factions and do not replace original-setting faction metadata
JP14,cross_department,music,业火地幔,业火地幔,業火マントル,0.0,0,0.0014104372355430183,0.0,0,0.0,C-69365f9a4961a7ac,CC-69365f9a4961a7ac,louvain,intersection_count,100.0,0.0,1.0,20260801,1.0.0,not_used,community labels are structural network results; they are not official factions and do not replace original-setting faction metadata
JP14,cross_department,music,东之国的不眠夜,东之国的不眠夜,東の国の眠らない夜,0.0,0,0.0014104372355430183,0.0,0,0.0,C-6ca8216f6b70e188,CC-6ca8216f6b70e188,louvain,intersection_count,100.0,0.0,1.0,20260801,1.0.0,not_used,community labels are structural network results; they are not official factions and do not replace original-setting faction metadata
JP14,cross_department,music,东方妖妖梦,东方妖妖梦 ～ Ancient Temple,東方妖々夢　～ Ancient Temple,0.0,0,0.0014104372355430183,0.0,0,0.0,C-a26fc6d8bf0d8f16,CC-a26fc6d8bf0d8f16,louvain,intersection_count,100.0,0.0,1.0,20260801,1.0.0,not_used,community labels are structural network results; they are not official factions and do not replace original-setting faction metadata
JP14,cross_department,music,东方妖怪小町,东方妖怪小町,東方妖怪小町,0.0,0,0.0014104372355430183,0.0,0,0.0,C-53799d4b16b69d38,CC-53799d4b16b69d38,louvain,intersection_count,100.0,0.0,1.0,20260801,1.0.0,not_used,community labels are structural network results; they are not official factions and do not replace original-setting faction metadata
JP14,cross_department,music,东方妖恋谈,东方妖恋谈,東方妖恋談,0.0,0,0.0014104372355430183,0.0,0,0.0,C-072db5fcaf268a26,CC-072db5fcaf268a26,louvain,intersection_count,100.0,0.0,1.0,20260801,1.0.0,not_used,community labels are structural network results; they are not official factions and do not replace original-setting faction metadata
JP14,cross_department,music,东方封魔录净土曼荼罗,东方封魔录 ～ 净土曼荼罗,東方封魔録　～ 浄土曼荼羅,0.0,0,0.0014104372355430183,0.0,0,0.0,C-6acecb5ea9c15c04,CC-6acecb5ea9c15c04,louvain,intersection_count,100.0,0.0,1.0,20260801,1.0.0,not_used,community labels are structural network results; they are not official factions and do not replace original-setting faction metadata
JP14,cross_department,music,东方封魔录幽幻乱舞,东方封魔录 ～ 幽幻乱舞,東方封魔録　～ 幽幻乱舞,0.0,0,0.0014104372355430183,0.0,0,0.0,C-dd07235524c9c415,CC-dd07235524c9c415,louvain,intersection_count,100.0,0.0,1.0,20260801,1.0.0,not_used,community labels are structural network results; they are not official factions and do not replace original-setting faction metadata
JP14,cross_department,music,东方怪奇谈,东方怪奇谈,東方怪奇談,0.0,0,0.0014104372355430183,0.0,0,0.0,C-8f07de074faa8821,CC-8f07de074faa8821,louvain,intersection_count,100.0,0.0,1.0,20260801,1.0.0,not_used,community labels are structural network results; they are not official factions and do not replace original-setting faction metadata
JP14,cross_department,music,东方的蓝色天空,东方的蓝色天空,東方の青い空,0.0,0,0.0014104372355430183,0.0,0,0.0,C-2946ca2d70184a47,CC-2946ca2d70184a47,louvain,intersection_count,100.0,0.0,1.0,20260801,1.0.0,not_used,community labels are structural network results; they are not official factions and do not replace original-setting faction metadata
JP14,cross_department,music,东方绯想天,东方绯想天,東方緋想天,0.0,0,0.0014104372355430183,0.0,0,0.0,C-e7d77820ebb80971,CC-e7d77820ebb80971,louvain,intersection_count,100.0,0.0,1.0,20260801,1.0.0,not_used,community labels are structural network results; they are not official factions and do not replace original-setting faction metadata
JP14,cross_department,music,东方萃梦想,东方萃梦想,東方萃夢想,0.0,0,0.0014104372355430183,0.0,0,0.0,C-a7898b4f1b97877d,CC-a7898b4f1b97877d,louvain,intersection_count,100.0,0.0,1.0,20260801,1.0.0,not_used,community labels are structural network results; they are not official factions and do not replace original-setting faction metadata
JP14,cross_department,music,东风,东风,あゆのかぜ,0.0,0,0.0014104372355430183,0.0,0,0.0,C-c20198556a186945,CC-c20198556a186945,louvain,intersection_count,100.0,0.0,1.0,20260801,1.0.0,not_used,community labels are structural network results; they are not official factions and do not replace original-setting faction metadata
JP14,cross_department,character,东风谷早苗,东风谷早苗,東風谷 早苗,0.0,0,0.0014104372355430183,0.0,0,0.0,C-58c82b8aab89c371,CC-58c82b8aab89c371,louvain,intersection_count,100.0,0.0,1.0,20260801,1.0.0,not_used,community labels are structural network results; they are not official factions and do not replace original-setting faction metadata
JP14,cross_department,music,两个世界,两个世界,二つの世界,0.0,0,0.0014104372355430183,0.0,0,0.0,C-5bbfbe6d1286ad2f,CC-5bbfbe6d1286ad2f,louvain,intersection_count,100.0,0.0,1.0,20260801,1.0.0,not_used,community labels are structural network results; they are not official factions and do not replace original-setting faction metadata
JP14,cross_department,character,丰聪耳神子,丰聪耳神子,豊聡耳 神子,0.0,0,0.0014104372355430183,0.0,0,0.0,C-29faf5afba72fa75,CC-29faf5afba72fa75,louvain,intersection_count,100.0,0.0,1.0,20260801,1.0.0,not_used,community labels are structural network results; they are not official factions and do not replace original-setting faction metadata
JP14,cross_department,music,久远之梦,久远之梦,久遠の夢,0.0,0,0.0014104372355430183,0.0,0,0.0,C-1341e79b3254da40,CC-1341e79b3254da40,louvain,intersection_count,100.0,0.0,1.0,20260801,1.0.0,not_used,community labels are structural network results; they are not official factions and do not replace original-setting faction metadata
JP14,cross_department,character,乌鸦（地狱鸦、紫和文的使魔等）,乌鸦（地狱鸦、紫和文的使魔等）,カラス（地獄鴉、紫・文の使い魔 他）,0.0,0,0.0014104372355430183,0.0,0,0.0,C-8f54f850f9883eb3,CC-8f54f850f9883eb3,louvain,intersection_count,100.0,0.0,1.0,20260801,1.0.0,not_used,community labels are structural network results; they are not official factions and do not replace original-setting faction metadata
JP14,cross_department,character,九十九八桥,九十九八桥,九十九 八橋,0.0,0,0.0014104372355430183,0.0,0,0.0,C-562477508781219f,CC-562477508781219f,louvain,intersection_count,100.0,0.0,1.0,20260801,1.0.0,not_used,community labels are structural network results; they are not official factions and do not replace original-setting faction metadata
JP14,cross_department,character,九十九弁弁,九十九弁弁,九十九 弁々,0.0,0,0.0014104372355430183,0.0,0,0.0,C-f72d82a2f2422cea,CC-f72d82a2f2422cea,louvain,intersection_count,100.0,0.0,1.0,20260801,1.0.0,not_used,community labels are structural network results; they are not official factions and do not replace original-setting faction metadata
JP14,cross_department,music,九月的南瓜,九月的南瓜,九月のパンプキン,0.0,0,0.0014104372355430183,0.0,0,0.0,C-46481101a70f997c,CC-46481101a70f997c,louvain,intersection_count,100.0,0.0,1.0,20260801,1.0.0,not_used,community labels are structural network results; they are not official factions and do not replace original-setting faction metadata
JP14,cross_department,music,二人不值一提的博物志,二人不值一提的博物志,他愛も無い二人の博物誌,0.0,0,0.0014104372355430183,0.0,0,0.0,C-278b8e32b530c204,CC-278b8e32b530c204,louvain,intersection_count,100.0,0.0,1.0,20260801,1.0.0,not_used,community labels are structural network results; they are not official factions and do not replace original-setting faction metadata
JP14,cross_department,character,二岩猯藏,二岩猯藏,二ッ岩 マミゾウ,0.0,0,0.0014104372355430183,0.0,0,0.0,C-e2c6a5771086348c,CC-e2c6a5771086348c,louvain,intersection_count,100.0,0.0,1.0,20260801,1.0.0,not_used,community labels are structural network results; they are not official factions and do not replace original-setting faction metadata
JP14,cross_department,music,二色莲花蝶,二色莲花蝶,二色蓮花蝶,0.0,0,0.0014104372355430183,0.0,0,0.0,C-42d24240c3e77d51,CC-42d24240c3e77d51,louvain,intersection_count,100.0,0.0,1.0,20260801,1.0.0,not_used,community labels are structural network results; they are not official factions and do not replace original-setting faction metadata
JP14,cross_department,music,云外苍天,云外苍天,雲外蒼天,0.0,0,0.0014104372355430183,0.0,0,0.0,C-6d34c8dbba45fbbb,CC-6d34c8dbba45fbbb,louvain,intersection_count,100.0,0.0,1.0,20260801,1.0.0,not_used,community labels are structural network results; they are not official factions and do not replace original-setting faction metadata
JP14,cross_department,character,云居一轮,云居一轮,雲居 一輪,0.0,0,0.0014104372355430183,0.0,0,0.0,C-417906ff7e1decb5,CC-417906ff7e1decb5,louvain,intersection_count,100.0,0.0,1.0,20260801,1.0.0,not_used,community labels are structural network results; they are not official factions and do not replace original-setting faction metadata
JP14,cross_department,character,云山,云山,雲山,0.0,0,0.0014104372355430183,0.0,0,0.0,C-0c73bb64ccc17a84,CC-0c73bb64ccc17a84,louvain,intersection_count,100.0,0.0,1.0,20260801,1.0.0,not_used,community labels are structural network results; they are not official factions and do not replace original-setting faction metadata
JP14,cross_department,music,亡失的情感,亡失的情感,亡失のエモーション,0.0,0,0.0014104372355430183,0.0,0,0.0,C-6da7bd5c2bd30629,CC-6da7bd5c2bd30629,louvain,intersection_count,100.0,0.0,1.0,20260801,1.0.0,not_used,community labels are structural network results; they are not official factions and do not replace original-setting faction metadata
JP14,cross_department,music,人偶之森,人偶之森,人形の森,0.0,0,0.0014104372355430183,0.0,0,0.0,C-aa9fb67e45649a95,CC-aa9fb67e45649a95,louvain,intersection_count,100.0,0.0,1.0,20260801,1.0.0,not_used,community labels are structural network results; they are not official factions and do not replace original-setting faction metadata
JP14,cross_department,music,人偶存在的风景,人偶存在的风景,人形のある風景,0.0,0,0.0014104372355430183,0.0,0,0.0,C-6c380dc04fa36037,CC-6c380dc04fa36037,louvain,intersection_count,100.0,0.0,1.0,20260801,1.0.0,not_used,community labels are structural network results; they are not official factions and do not replace original-setting faction metadata
JP14,cross_department,music,人偶裁判,人偶裁判,人形裁判,0.0,0,0.0014104372355430183,0.0,0,0.0,C-e56f28fb8a12b119,CC-e56f28fb8a12b119,louvain,intersection_count,100.0,0.0,1.0,20260801,1.0.0,not_used,community labels are structural network results; they are not official factions and do not replace original-setting faction metadata
JP14,cross_department,music,今宵是飘逸的自我主义者,今宵是飘逸的自我主义者(Live ver) ～ Egoistic Flowers.,今宵は飄逸なエゴイスト(Live ver)　～ Egoistic Flowers.,0.0,0,0.0014104372355430183,0.0,0,0.0,C-104d721948e3b3d3,CC-104d721948e3b3d3,louvain,intersection_count,100.0,0.0,1.0,20260801,1.0.0,not_used,community labels are structural network results; they are not official factions and do not replace original-setting faction metadata
JP14,cross_department,music,今昔幻想乡,今昔幻想乡 ～ Flower Land,今昔幻想郷　～ Flower Land,0.0,0,0.0014104372355430183,0.0,0,0.0,C-623059bd8fa11228,CC-623059bd8fa11228,louvain,intersection_count,100.0,0.0,1.0,20260801,1.0.0,not_used,community labels are structural network results; they are not official factions and do not replace original-setting faction metadata
JP14,cross_department,character,今泉影狼,今泉影狼,今泉 影狼,0.0,0,0.0014104372355430183,0.0,0,0.0,C-c601c74ade6fa81a,CC-c601c74ade6fa81a,louvain,intersection_count,100.0,0.0,1.0,20260801,1.0.0,not_used,community labels are structural network results; they are not official factions and do not replace original-setting faction metadata
JP14,cross_department,music,从神社所见之月,从神社所见之月,神社から見える月,0.0,0,0.0014104372355430183,0.0,0,0.0,C-0e331d098db58e93,CC-0e331d098db58e93,louvain,intersection_count,100.0,0.0,1.0,20260801,1.0.0,not_used,community labels are structural network results; they are not official factions and do not replace original-setting faction metadata
JP14,cross_department,character,仙台四郎（福神）,仙台四郎（福神）,仙台四郎（福の神）,0.0,0,0.0014104372355430183,0.0,0,0.0,C-5720303671ce9579,CC-5720303671ce9579,louvain,intersection_count,100.0,0.0,1.0,20260801,1.0.0,not_used,community labels are structural network results; they are not official factions and do not replace original-setting faction metadata
JP14,cross_department,music,令人怀念的东方之血,令人怀念的东方之血 ～ Old World,懐かしき東方の血　～ Old World,0.0,0,0.0014104372355430183,0.0,0,0.0,C-3ad60a4f5fde7ae2,CC-3ad60a4f5fde7ae2,louvain,intersection_count,100.0,0.0,1.0,20260801,1.0.0,not_used,community labels are structural network results; they are not official factions and do not replace original-setting faction metadata
JP14,cross_department,music,以死相赌,以死相赌,死を賭して,0.0,0,0.0014104372355430183,0.0,0,0.0,C-d3a2e967af18f647,CC-d3a2e967af18f647,louvain,intersection_count,100.0,0.0,1.0,20260801,1.0.0,not_used,community labels are structural network results; they are not official factions and do not replace original-setting faction metadata
JP14,cross_department,music,以犯规对不可能的弹幕,以犯规对不可能的弹幕,不可能弾幕には反則を,0.0,0,0.0014104372355430183,0.0,0,0.0,C-caed9e800a20fa59,CC-caed9e800a20fa59,louvain,intersection_count,100.0,0.0,1.0,20260801,1.0.0,not_used,community labels are structural network results; they are not official factions and do not replace original-setting faction metadata
JP14,cross_department,music,以鱼驱蝇,以鱼驱蝇,以魚駆蠅,0.0,0,0.0014104372355430183,0.0,0,0.0,C-bcad400300d1d358,CC-bcad400300d1d358,louvain,intersection_count,100.0,0.0,1.0,20260801,1.0.0,not_used,community labels are structural network results; they are not official factions and do not replace original-setting faction metadata
JP14,cross_department,music,仰空,仰空,仰空,0.0,0,0.0014104372355430183,0.0,0,0.0,C-8b8d09b845002c70,CC-8b8d09b845002c70,louvain,intersection_count,100.0,0.0,1.0,20260801,1.0.0,not_used,community labels are structural network results; they are not official factions and do not replace original-setting faction metadata
JP14,cross_department,music,价值不明,价值不明,価値がわからない,0.0,0,0.0014104372355430183,0.0,0,0.0,C-aae6d1e8858b799d,CC-aae6d1e8858b799d,louvain,intersection_count,100.0,0.0,1.0,20260801,1.0.0,not_used,community labels are structural network results; they are not official factions and do not replace original-setting faction metadata
JP14,cross_department,character,伊吹萃香,伊吹萃香,伊吹 萃香,0.0,0,0.0014104372355430183,0.0,0,0.0,C-3ed2a6f00b0def95,CC-3ed2a6f00b0def95,louvain,intersection_count,100.0,0.0,1.0,20260801,1.0.0,not_used,community labels are structural network results; they are not official factions and do not replace original-setting faction metadata
JP14,cross_department,music,伊奘诺物质,伊奘诺物质,イザナギオブジェクト,0.0,0,0.0014104372355430183,0.0,0,0.0,C-38fe3bf73c2685d8,CC-38fe3bf73c2685d8,louvain,intersection_count,100.0,0.0,1.0,20260801,1.0.0,not_used,community labels are structural network results; they are not official factions and do not replace original-setting faction metadata
JP14,cross_department,music,伏瓦鲁魔法图书馆,伏瓦鲁魔法图书馆,ヴワル魔法図書館,0.0,0,0.0014104372355430183,0.0,0,0.0,C-05b72c3b1ab86476,CC-05b72c3b1ab86476,louvain,intersection_count,100.0,0.0,1.0,20260801,1.0.0,not_used,community labels are structural network results; they are not official factions and do not replace original-setting faction metadata
JP14,cross_department,music,众神眷恋的幻想乡,众神眷恋的幻想乡,神々が恋した幻想郷,0.0,0,0.0014104372355430183,0.0,0,0.0,C-515f9f1603075f36,CC-515f9f1603075f36,louvain,intersection_count,100.0,0.0,1.0,20260801,1.0.0,not_used,community labels are structural network results; they are not official factions and do not replace original-setting faction metadata
JP14,cross_department,music,会受稻田姬的斥责啦,会受稻田姬的斥责啦,稲田姫様に叱られるから,0.0,0,0.0014104372355430183,0.0,0,0.0,C-4a412a8319bb57a2,CC-4a412a8319bb57a2,louvain,intersection_count,100.0,0.0,1.0,20260801,1.0.0,not_used,community labels are structural network results; they are not official factions and do not replace original-setting faction metadata
JP14,cross_department,music,传说中的仙境,传说中的仙境,昔話わんだーらんど,0.0,0,0.0014104372355430183,0.0,0,0.0,C-08bf01b6e195f678,CC-08bf01b6e195f678,louvain,intersection_count,100.0,0.0,1.0,20260801,1.0.0,not_used,community labels are structural network results; they are not official factions and do not replace original-setting faction metadata
JP14,cross_department,music,传说的巨神,传说的巨神,伝説の巨神,0.0,0,0.0014104372355430183,0.0,0,0.0,C-a116e875c282e48e,CC-a116e875c282e48e,louvain,intersection_count,100.0,0.0,1.0,20260801,1.0.0,not_used,community labels are structural network results; they are not official factions and do not replace original-setting faction metadata
JP14,cross_department,music,佐渡的二岩,佐渡的二岩,佐渡の二ッ岩,0.0,0,0.0014104372355430183,0.0,0,0.0,C-819fcfd8c06b241d,CC-819fcfd8c06b241d,louvain,intersection_count,100.0,0.0,1.0,20260801,1.0.0,not_used,community labels are structural network results; they are not official factions and do not replace original-setting faction metadata
JP14,cross_department,music,你所在之城的怪事,你所在之城的怪事,あなたの町の怪事件,0.0,0,0.0014104372355430183,0.0,0,0.0,C-1c3ce365b891a34e,CC-1c3ce365b891a34e,louvain,intersection_count,100.0,0.0,1.0,20260801,1.0.0,not_used,community labels are structural network results; they are not official factions and do not replace original-setting faction metadata
JP14,cross_department,music,你见到了那个影子吗,你见到了那个影子吗,君はあの影を見たか,0.0,0,0.0014104372355430183,0.0,0,0.0,C-ae1ee7b49157834a,CC-ae1ee7b49157834a,louvain,intersection_count,100.0,0.0,1.0,20260801,1.0.0,not_used,community labels are structural network results; they are not official factions and do not replace original-setting faction metadata
JP14,cross_department,character,依神女苑,依神女苑,依神女苑,0.0,0,0.0014104372355430183,0.0,0,0.0,C-0fd64f80fbbcf766,CC-0fd64f80fbbcf766,louvain,intersection_count,100.0,0.0,1.0,20260801,1.0.0,not_used,community labels are structural network results; they are not official factions and do not replace original-setting faction metadata
JP14,cross_department,character,依神紫苑,依神紫苑,依神紫苑,0.0,0,0.0014104372355430183,0.0,0,0.0,C-bce4a3b381bc3dca,CC-bce4a3b381bc3dca,louvain,intersection_count,100.0,0.0,1.0,20260801,1.0.0,not_used,community labels are structural network results; they are not official factions and do not replace original-setting faction metadata
JP14,cross_department,character,依莉斯,依莉斯,エリス,0.0,0,0.0014104372355430183,0.0,0,0.0,C-6cc30776c7cce8be,CC-6cc30776c7cce8be,louvain,intersection_count,100.0,0.0,1.0,20260801,1.0.0,not_used,community labels are structural network results; they are not official factions and do not replace original-setting faction metadata
JP14,cross_department,music,俄耳甫斯的诗pseudoclassic,俄耳甫斯的诗 ～ Pseudoclassic,オルフェの詩　～ Pseudoclassic,0.0,0,0.0014104372355430183,0.0,0,0.0,C-e6dbff9a785a73e9,CC-e6dbff9a785a73e9,louvain,intersection_count,100.0,0.0,1.0,20260801,1.0.0,not_used,community labels are structural network results; they are not official factions and do not replace original-setting faction metadata
JP14,cross_department,music,信仰是为了虚幻之人,信仰是为了虚幻之人,信仰は儚き人間の為に,0.0,0,0.0014104372355430183,0.0,0,0.0,C-d9910f90fb56b2b5,CC-d9910f90fb56b2b5,louvain,intersection_count,100.0,0.0,1.0,20260801,1.0.0,not_used,community labels are structural network results; they are not official factions and do not replace original-setting faction metadata
JP14,cross_department,music,光辉的天球仪,光辉的天球仪,光輝く天球儀,0.0,0,0.0014104372355430183,0.0,0,0.0,C-d45e0f29faa8564d,CC-d45e0f29faa8564d,louvain,intersection_count,100.0,0.0,1.0,20260801,1.0.0,not_used,community labels are structural network results; they are not official factions and do not replace original-setting faction metadata
JP14,cross_department,character,克劳恩皮丝,克劳恩皮丝,クラウンピース,0.0,0,0.0014104372355430183,0.0,0,0.0,C-bc7afb506fdaee52,CC-bc7afb506fdaee52,louvain,intersection_count,100.0,0.0,1.0,20260801,1.0.0,not_used,community labels are structural network results; they are not official factions and do not replace original-setting faction metadata
JP14,cross_department,music,克服万千之试炼,克服万千之试炼,千の試練を超えて,0.0,0,0.0014104372355430183,0.0,0,0.0,C-8c6398019beebd36,CC-8c6398019beebd36,louvain,intersection_count,100.0,0.0,1.0,20260801,1.0.0,not_used,community labels are structural network results; they are not official factions and do not replace original-setting faction metadata
JP14,cross_department,character,兔子（玉兔、永远亭的妖怪兔等）,兔子（玉兔、永远亭的妖怪兔等）,兎（玉兎、永遠亭の妖怪兎 他）,0.0,0,0.0014104372355430183,0.0,0,0.0,C-e160287a6110c76d,CC-e160287a6110c76d,louvain,intersection_count,100.0,0.0,1.0,20260801,1.0.0,not_used,community labels are structural network results; they are not official factions and do not replace original-setting faction metadata
JP14,cross_department,music,兔已着陆,兔已着陆,兎は舞い降りた,0.0,0,0.0014104372355430183,0.0,0,0.0,C-353b21cbe1fbeda5,CC-353b21cbe1fbeda5,louvain,intersection_count,100.0,0.0,1.0,20260801,1.0.0,not_used,community labels are structural network results; they are not official factions and do not replace original-setting faction metadata
JP14,cross_department,character,八云紫,八云紫,八雲 紫,0.0,0,0.0014104372355430183,0.0,0,0.0,C-16c8ce832b9e820b,CC-16c8ce832b9e820b,louvain,intersection_count,100.0,0.0,1.0,20260801,1.0.0,not_used,community labels are structural network results; they are not official factions and do not replace original-setting faction metadata
JP14,cross_department,character,八云蓝,八云蓝,八雲 藍,0.0,0,0.0014104372355430183,0.0,0,0.0,C-6897583d03813a34,CC-6897583d03813a34,louvain,intersection_count,100.0,0.0,1.0,20260801,1.0.0,not_used,community labels are structural network results; they are not official factions and do not replace original-setting faction metadata
JP14,cross_department,character,八坂神奈子,八坂神奈子,八坂 神奈子,0.0,0,0.0014104372355430183,0.0,0,0.0,C-dc30df2a9ee03bfb,CC-dc30df2a9ee03bfb,louvain,intersection_count,100.0,0.0,1.0,20260801,1.0.0,not_used,community labels are structural network results; they are not official factions and do not replace original-setting faction metadata
JP14,cross_department,character,八意永琳,八意永琳,八意 永琳,0.0,0,0.0014104372355430183,0.0,0,0.0,C-6f7c521dc9ca8488,CC-6f7c521dc9ca8488,louvain,intersection_count,100.0,0.0,1.0,20260801,1.0.0,not_used,community labels are structural network results; they are not official factions and do not replace original-setting faction metadata
JP14,cross_department,music,公正的争夺,公正的争夺,公正なる奪い合い,0.0,0,0.0014104372355430183,0.0,0,0.0,C-9b7dbf8643d65e78,CC-9b7dbf8643d65e78,louvain,intersection_count,100.0,0.0,1.0,20260801,1.0.0,not_used,community labels are structural network results; they are not official factions and do not replace original-setting faction metadata
JP14,cross_department,character,冈崎梦美,冈崎梦美,岡崎 夢美,0.0,0,0.0014104372355430183,0.0,0,0.0,C-d3b2a5abef506d0f,CC-d3b2a5abef506d0f,louvain,intersection_count,100.0,0.0,1.0,20260801,1.0.0,not_used,community labels are structural network results; they are not official factions and do not replace original-setting faction metadata
JP14,cross_department,music,冷吟闲醉,冷吟闲醉,冷吟閑酔,0.0,0,0.0014104372355430183,0.0,0,0.0,C-a1f69c7d89a48235,CC-a1f69c7d89a48235,louvain,intersection_count,100.0,0.0,1.0,20260801,1.0.0,not_used,community labels are structural network results; they are not official factions and do not replace original-setting faction metadata
JP14,cross_department,music,冻结的永远之都,冻结的永远之都,凍り付いた永遠の都,0.0,0,0.0014104372355430183,0.0,0,0.0,C-7d46bc72c55cb0fa,CC-7d46bc72c55cb0fa,louvain,intersection_count,100.0,0.0,1.0,20260801,1.0.0,not_used,community labels are structural network results; they are not official factions and do not replace original-setting faction metadata
JP14,cross_department,music,凋叶棕,凋叶棕（withered leaf）,ティアオイエツォン(withered leaf),0.0,0,0.0014104372355430183,0.0,0,0.0,C-ecc006b84679942b,CC-ecc006b84679942b,louvain,intersection_count,100.0,0.0,1.0,20260801,1.0.0,not_used,community labels are structural network results; they are not official factions and do not replace original-setting faction metadata
JP14,cross_department,music,凭依华标题曲,凭依华（标题曲）,憑依華（OP曲）,0.0,0,0.0014104372355430183,0.0,0,0.0,C-da28883e07dea1b0,CC-da28883e07dea1b0,louvain,intersection_count,100.0,0.0,1.0,20260801,1.0.0,not_used,community labels are structural network results; they are not official factions and do not replace original-setting faction metadata
JP14,cross_department,music,凭坐处于梦与现实之间,凭坐处于梦与现实之间 ～ Necro-Fantasia,憑坐は夢と現の間に　～ Necro-Fantasia,0.0,0,0.0014104372355430183,0.0,0,0.0,C-68d4db9fc58b9511,CC-68d4db9fc58b9511,louvain,intersection_count,100.0,0.0,1.0,20260801,1.0.0,not_used,community labels are structural network results; they are not official factions and do not replace original-setting faction metadata
JP14,cross_department,music,凭投依合,凭投依合,憑依投合,0.0,0,0.0014104372355430183,0.0,0,0.0,C-66a5a89d3784452e,CC-66a5a89d3784452e,louvain,intersection_count,100.0,0.0,1.0,20260801,1.0.0,not_used,community labels are structural network results; they are not official factions and do not replace original-setting faction metadata
JP14,cross_department,music,前所未见的噩梦世界,前所未见的噩梦世界,見た事も無い悪夢の世界,0.0,0,0.0014104372355430183,0.0,0,0.0,C-e26591196d085aa7,CC-e26591196d085aa7,louvain,intersection_count,100.0,0.0,1.0,20260801,1.0.0,not_used,community labels are structural network results; they are not official factions and do not replace original-setting faction metadata
JP14,cross_department,music,剧毒身体,剧毒身体 ～ Forsaken Doll,ポイズンボディ　～ Forsaken Doll,0.0,0,0.0014104372355430183,0.0,0,0.0,C-fc6bece8954d325a,CC-fc6bece8954d325a,louvain,intersection_count,100.0,0.0,1.0,20260801,1.0.0,not_used,community labels are structural network results; they are not official factions and do not replace original-setting faction metadata
JP14,cross_department,character,北白河千百合,北白河千百合,北白河 ちゆり,0.0,0,0.0014104372355430183,0.0,0,0.0,C-1592e036743adda1,CC-1592e036743adda1,louvain,intersection_count,100.0,0.0,1.0,20260801,1.0.0,not_used,community labels are structural network results; they are not official factions and do not replace original-setting faction metadata
JP14,cross_department,character,十六夜咲夜,十六夜咲夜,十六夜 咲夜,0.0,0,0.0014104372355430183,0.0,0,0.0,C-703c92d70dcd3550,CC-703c92d70dcd3550,louvain,intersection_count,100.0,0.0,1.0,20260801,1.0.0,not_used,community labels are structural network results; they are not official factions and do not replace original-setting faction metadata
JP14,cross_department,music,千年幻想乡,千年幻想乡 ～ History of the Moon,千年幻想郷　～ History of the Moon,0.0,0,0.0014104372355430183,0.0,0,0.0,C-bd2378ecf79d02e3,CC-bd2378ecf79d02e3,louvain,intersection_count,100.0,0.0,1.0,20260801,1.0.0,not_used,community labels are structural network results; they are not official factions and do not replace original-setting faction metadata
JP14,cross_department,music,午夜的妖精舞会,午夜的妖精舞会,真夜中のフェアリーダンス,0.0,0,0.0014104372355430183,0.0,0,0.0,C-a5ef4e13ba61632b,CC-a5ef4e13ba61632b,louvain,intersection_count,100.0,0.0,1.0,20260801,1.0.0,not_used,community labels are structural network results; they are not official factions and do not replace original-setting faction metadata
JP14,cross_department,music,华之幻想红梦之宙,华之幻想 红梦之宙,華の幻想　紅夢の宙,0.0,0,0.0014104372355430183,0.0,0,0.0,C-76359755364a0914,CC-76359755364a0914,louvain,intersection_count,100.0,0.0,1.0,20260801,1.0.0,not_used,community labels are structural network results; they are not official factions and do not replace original-setting faction metadata
JP14,cross_department,character,华扇的宠物（久米、竿打、雷兽（务光）、彭祖、人面犬等）,华扇的宠物（久米、竿打、雷兽（务光）、彭祖、人面犬等）,華扇の動物（久米、竿打、雷獣、彭祖、人面犬 他）,0.0,0,0.0014104372355430183,0.0,0,0.0,C-7e625e993c19e25c,CC-7e625e993c19e25c,louvain,intersection_count,100.0,0.0,1.0,20260801,1.0.0,not_used,community labels are structural network results; they are not official factions and do not replace original-setting faction metadata
JP14,cross_department,music,华狭间的战场,华狭间的战场,華狭間のバトルフィールド,0.0,0,0.0014104372355430183,0.0,0,0.0,C-ced8c5236f80af54,CC-ced8c5236f80af54,louvain,intersection_count,100.0,0.0,1.0,20260801,1.0.0,not_used,community labels are structural network results; they are not official factions and do not replace original-setting faction metadata
JP14,cross_department,music,华胥之梦,华胥之梦,華胥の夢,0.0,0,0.0014104372355430183,0.0,0,0.0,C-a502523e967c9604,CC-a502523e967c9604,louvain,intersection_count,100.0,0.0,1.0,20260801,1.0.0,not_used,community labels are structural network results; they are not official factions and do not replace original-setting faction metadata
JP14,cross_department,character,卓柏卡布拉,卓柏卡布拉,チュパカブラ,0.0,0,0.0014104372355430183,0.0,0,0.0,C-4f7869c564ae578f,CC-4f7869c564ae578f,louvain,intersection_count,100.0,0.0,1.0,20260801,1.0.0,not_used,community labels are structural network results; they are not official factions and do not replace original-setting faction metadata
JP14,cross_department,music,博丽easternwind,博丽 ～ Eastern Wind,博麗　～ Eastern Wind,0.0,0,0.0014104372355430183,0.0,0,0.0,C-77950e33df83af3c,CC-77950e33df83af3c,louvain,intersection_count,100.0,0.0,1.0,20260801,1.0.0,not_used,community labels are structural network results; they are not official factions and do not replace original-setting faction metadata
JP14,cross_department,character,博丽灵梦,博丽灵梦,博麗 霊夢,0.0,0,0.0014104372355430183,0.0,0,0.0,C-d55b04443bab11e2,CC-d55b04443bab11e2,louvain,intersection_count,100.0,0.0,1.0,20260801,1.0.0,not_used,community labels are structural network results; they are not official factions and do not replace original-setting faction metadata
JP14,cross_department,music,博丽神社境内,博丽神社境内,博麗神社境内,0.0,0,0.0014104372355430183,0.0,0,0.0,C-cd57c995e94c21bb,CC-cd57c995e94c21bb,louvain,intersection_count,100.0,0.0,1.0,20260801,1.0.0,not_used,community labels are structural network results; they are not official factions and do not replace original-setting faction metadata
JP14,cross_department,character,卡娜安娜贝拉尔,卡娜·安娜贝拉尔,カナ・アナベラル,0.0,0,0.0014104372355430183,0.0,0,0.0,C-cbd367a2ddb83efd,CC-cbd367a2ddb83efd,louvain,intersection_count,100.0,0.0,1.0,20260801,1.0.0,not_used,community labels are structural network results; they are not official factions and do not replace original-setting faction metadata
JP14,cross_department,music,卡纳维拉尔角的梦幻少女,卡纳维拉尔角的梦幻少女,カナベラルの夢幻少女,0.0,0,0.0014104372355430183,0.0,0,0.0,C-c22bee8f6cf7be5d,CC-c22bee8f6cf7be5d,louvain,intersection_count,100.0,0.0,1.0,20260801,1.0.0,not_used,community labels are structural network results; they are not official factions and do not replace original-setting faction metadata
JP14,cross_department,music,卫星露天咖啡座,卫星露天咖啡座,衛星カフェテラス,0.0,0,0.0014104372355430183,0.0,0,0.0,C-26c87e432cc589d3,CC-26c87e432cc589d3,louvain,intersection_count,100.0,0.0,1.0,20260801,1.0.0,not_used,community labels are structural network results; they are not official factions and do not replace original-setting faction metadata
JP14,cross_department,music,卫星鸟船,卫星鸟船,衛星トリフネ,0.0,0,0.0014104372355430183,0.0,0,0.0,C-d729231143c0f863,CC-d729231143c0f863,louvain,intersection_count,100.0,0.0,1.0,20260801,1.0.0,not_used,community labels are structural network results; they are not official factions and do not replace original-setting faction metadata
JP14,cross_department,music,厄神降临之路,厄神降临之路 ～ Dark Road,厄神様の通り道　～ Dark Road,0.0,0,0.0014104372355430183,0.0,0,0.0,C-4c9969a0c497a98c,CC-4c9969a0c497a98c,louvain,intersection_count,100.0,0.0,1.0,20260801,1.0.0,not_used,community labels are structural network results; they are not official factions and do not replace original-setting faction metadata
JP14,cross_department,music,原初的节拍,原初的节拍 ～ Pristine Beat,始原のビート　～ Pristine Beat,0.0,0,0.0014104372355430183,0.0,0,0.0,C-7a7da2f1db6cb7f4,CC-7a7da2f1db6cb7f4,louvain,intersection_count,100.0,0.0,1.0,20260801,1.0.0,not_used,community labels are structural network results; they are not official factions and do not replace original-setting faction metadata
JP14,cross_department,character,古明地恋,古明地恋,古明地 こいし,0.0,0,0.0014104372355430183,0.0,0,0.0,C-5aa79a04224e5fa7,CC-5aa79a04224e5fa7,louvain,intersection_count,100.0,0.0,1.0,20260801,1.0.0,not_used,community labels are structural network results; they are not official factions and do not replace original-setting faction metadata
JP14,cross_department,character,古明地觉,古明地觉,古明地 さとり,0.0,0,0.0014104372355430183,0.0,0,0.0,C-9465bbecf8efd849,CC-9465bbecf8efd849,louvain,intersection_count,100.0,0.0,1.0,20260801,1.0.0,not_used,community labels are structural network results; they are not official factions and do not replace original-setting faction metadata
JP14,cross_department,music,古老的元神,古老的元神,古きユアンシェン,0.0,0,0.0014104372355430183,0.0,0,0.0,C-455403468adbcdd4,CC-455403468adbcdd4,louvain,intersection_count,100.0,0.0,1.0,20260801,1.0.0,not_used,community labels are structural network results; they are not official factions and do not replace original-setting faction metadata
JP14,cross_department,music,古老的冥界寺,古老的冥界寺,古の冥界寺,0.0,0,0.0014104372355430183,0.0,0,0.0,C-cb133e25aa26409a,CC-cb133e25aa26409a,louvain,intersection_count,100.0,0.0,1.0,20260801,1.0.0,not_used,community labels are structural network results; they are not official factions and do not replace original-setting faction metadata
JP14,cross_department,music,另一侧的月,另一侧的月,向こう側の月,0.0,0,0.0014104372355430183,0.0,0,0.0,C-0db01fe8e827bf4e,CC-0db01fe8e827bf4e,louvain,intersection_count,100.0,0.0,1.0,20260801,1.0.0,not_used,community labels are structural network results; they are not official factions and do not replace original-setting faction metadata
JP14,cross_department,music,可悲的人偶dollofmisery,可悲的人偶 ～ Doll of Misery,悲しき人形　～ Doll of Misery,0.0,0,0.0014104372355430183,0.0,0,0.0,C-602242d015e0a533,CC-602242d015e0a533,louvain,intersection_count,100.0,0.0,1.0,20260801,1.0.0,not_used,community labels are structural network results; they are not official factions and do not replace original-setting faction metadata
JP14,cross_department,music,可爱的大战争叠奏曲,可爱的大战争叠奏曲,可愛い大戦争のリフレーン,0.0,0,0.0014104372355430183,0.0,0,0.0,C-4aed108738d4c1aa,CC-4aed108738d4c1aa,louvain,intersection_count,100.0,0.0,1.0,20260801,1.0.0,not_used,community labels are structural network results; they are not official factions and do not replace original-setting faction metadata
JP14,cross_department,music,可爱的恶魔innocence,可爱的恶魔 ～ Innocence,かわいい悪魔　～ Innocence,0.0,0,0.0014104372355430183,0.0,0,0.0,C-9f5266f05c2212b6,CC-9f5266f05c2212b6,louvain,intersection_count,100.0,0.0,1.0,20260801,1.0.0,not_used,community labels are structural network results; they are not official factions and do not replace original-setting faction metadata
JP14,cross_department,music,各自的结局,各自的结局,各々の結末,0.0,0,0.0014104372355430183,0.0,0,0.0,C-ec7fa4b61951086f,CC-ec7fa4b61951086f,louvain,intersection_count,100.0,0.0,1.0,20260801,1.0.0,not_used,community labels are structural network results; they are not official factions and do not replace original-setting faction metadata
JP14,cross_department,music,合缘奇缘,合缘奇缘,合縁奇縁,0.0,0,0.0014104372355430183,0.0,0,0.0,C-b0d1cdeca17541a6,CC-b0d1cdeca17541a6,louvain,intersection_count,100.0,0.0,1.0,20260801,1.0.0,not_used,community labels are structural network results; they are not official factions and do not replace original-setting faction metadata
JP14,cross_department,music,后院的妖怪参拜道,后院的妖怪参拜道,妖怪裏参道,0.0,0,0.0014104372355430183,0.0,0,0.0,C-a599e6e1b1472c8c,CC-a599e6e1b1472c8c,louvain,intersection_count,100.0,0.0,1.0,20260801,1.0.0,not_used,community labels are structural network results; they are not official factions and do not replace original-setting faction metadata
JP14,cross_department,character,命莲,命莲,命蓮,0.0,0,0.0014104372355430183,0.0,0,0.0,C-b9bfd9d9126d45fa,CC-b9bfd9d9126d45fa,louvain,intersection_count,100.0,0.0,1.0,20260801,1.0.0,not_used,community labels are structural network results; they are not official factions and do not replace original-setting faction metadata
JP14,cross_department,music,命运的阴暗面,命运的阴暗面,運命のダークサイド,0.0,0,0.0014104372355430183,0.0,0,0.0,C-c590eaa369cd4d1c,CC-c590eaa369cd4d1c,louvain,intersection_count,100.0,0.0,1.0,20260801,1.0.0,not_used,community labels are structural network results; they are not official factions and do not replace original-setting faction metadata
JP14,cross_department,character,咪咪号,咪咪号,ミミちゃん,0.0,0,0.0014104372355430183,0.0,0,0.0,C-46ab531510ed3967,CC-46ab531510ed3967,louvain,intersection_count,100.0,0.0,1.0,20260801,1.0.0,not_used,community labels are structural network results; they are not official factions and do not replace original-setting faction metadata
JP14,cross_department,character,哆来咪苏伊特,哆来咪·苏伊特,ドレミー・スイート,0.0,0,0.0014104372355430183,0.0,0,0.0,C-75501c4dff9bc63d,CC-75501c4dff9bc63d,louvain,intersection_count,100.0,0.0,1.0,20260801,1.0.0,not_used,community labels are structural network results; they are not official factions and do not replace original-setting faction metadata
JP14,cross_department,music,哈德曼的妖怪少女,哈德曼的妖怪少女,ハルトマンの妖怪少女,0.0,0,0.0014104372355430183,0.0,0,0.0,C-0cb9a28f24a8a05a,CC-0cb9a28f24a8a05a,louvain,intersection_count,100.0,0.0,1.0,20260801,1.0.0,not_used,community labels are structural network results; they are not official factions and do not replace original-setting faction metadata
JP14,cross_department,music,嘲讽的游戏,嘲讽的游戏,嘲りの遊戯,0.0,0,0.0014104372355430183,0.0,0,0.0,C-42676295c3bf8281,CC-42676295c3bf8281,louvain,intersection_count,100.0,0.0,1.0,20260801,1.0.0,not_used,community labels are structural network results; they are not official factions and do not replace original-setting faction metadata
JP14,cross_department,character,四季映姬夜摩仙那度,四季映姬·夜摩仙那度,四季映姫・ヤマザナドゥ,0.0,0,0.0014104372355430183,0.0,0,0.0,C-ea8c7f8536577d4f,CC-ea8c7f8536577d4f,louvain,intersection_count,100.0,0.0,1.0,20260801,1.0.0,not_used,community labels are structural network results; they are not official factions and do not replace original-setting faction metadata
JP14,cross_department,music,回忆京都,回忆京都,レトロスペクティブ京都,0.0,0,0.0014104372355430183,0.0,0,0.0,C-5ef3184573d01feb,CC-5ef3184573d01feb,louvain,intersection_count,100.0,0.0,1.0,20260801,1.0.0,not_used,community labels are structural network results; they are not official factions and do not replace original-setting faction metadata
JP14,cross_department,music,因夜失眠,因夜失眠,夜だから眠れない,0.0,0,0.0014104372355430183,0.0,0,0.0,C-4932164c2a57e92f,CC-4932164c2a57e92f,louvain,intersection_count,100.0,0.0,1.0,20260801,1.0.0,not_used,community labels are structural network results; they are not official factions and do not replace original-setting faction metadata
JP14,cross_department,character,因幡天为（因幡帝）,因幡天为（因幡帝）,因幡 てゐ,0.0,0,0.0014104372355430183,0.0,0,0.0,C-fb99614da7a0592c,CC-fb99614da7a0592c,louvain,intersection_count,100.0,0.0,1.0,20260801,1.0.0,not_used,community labels are structural network results; they are not official factions and do not replace original-setting faction metadata
JP14,cross_department,music,圣德传说,圣德传说 ～ True Administrator,聖徳伝説　～ True Administrator,0.0,0,0.0014104372355430183,0.0,0,0.0,C-635e83f7ad91766f,CC-635e83f7ad91766f,louvain,intersection_count,100.0,0.0,1.0,20260801,1.0.0,not_used,community labels are structural network results; they are not official factions and do not replace original-setting faction metadata
JP14,cross_department,character,圣白莲,圣白莲,聖 白蓮,0.0,0,0.0014104372355430183,0.0,0,0.0,C-9f8d4c4ddf8c6f3f,CC-9f8d4c4ddf8c6f3f,louvain,intersection_count,100.0,0.0,1.0,20260801,1.0.0,not_used,community labels are structural network results; they are not official factions and do not replace original-setting faction metadata
JP14,cross_department,music,圣辇船飞向天空,圣辇船飞向天空,聖輦船空を往く,0.0,0,0.0014104372355430183,0.0,0,0.0,C-9d0a92dc6ff80ee5,CC-9d0a92dc6ff80ee5,louvain,intersection_count,100.0,0.0,1.0,20260801,1.0.0,not_used,community labels are structural network results; they are not official factions and do not replace original-setting faction metadata
JP14,cross_department,music,在深绿的狸森里,在深绿的狸森里,深緑の狸森にて,0.0,0,0.0014104372355430183,0.0,0,0.0,C-93779ca0d7746418,CC-93779ca0d7746418,louvain,intersection_count,100.0,0.0,1.0,20260801,1.0.0,not_used,community labels are structural network results; they are not official factions and do not replace original-setting faction metadata
JP14,cross_department,music,在美妙的墓地里住下吧,在美妙的墓地里住下吧,素敵な墓場で暮しましょ,0.0,0,0.0014104372355430183,0.0,0,0.0,C-ea3fab96c127c8ab,CC-ea3fab96c127c8ab,louvain,intersection_count,100.0,0.0,1.0,20260801,1.0.0,not_used,community labels are structural network results; they are not official factions and do not replace original-setting faction metadata
JP14,cross_department,music,地之色乃黄色,地之色乃黄色,地の色は黄色,0.0,0,0.0014104372355430183,0.0,0,0.0,C-76a9a986b2a03553,CC-76a9a986b2a03553,louvain,intersection_count,100.0,0.0,1.0,20260801,1.0.0,not_used,community labels are structural network results; they are not official factions and do not replace original-setting faction metadata
JP14,cross_department,music,地底绽放的蔷薇,地底绽放的蔷薇,地底に咲く薔薇,0.0,0,0.0014104372355430183,0.0,0,0.0,C-970f3cfcdef18161,CC-970f3cfcdef18161,louvain,intersection_count,100.0,0.0,1.0,20260801,1.0.0,not_used,community labels are structural network results; they are not official factions and do not replace original-setting faction metadata
JP14,cross_department,music,地灵们的归家,地灵们的归家,地霊達の帰宅,0.0,0,0.0014104372355430183,0.0,0,0.0,C-e1a9cc5e24aa0035,CC-e1a9cc5e24aa0035,louvain,intersection_count,100.0,0.0,1.0,20260801,1.0.0,not_used,community labels are structural network results; they are not official factions and do not replace original-setting faction metadata
JP14,cross_department,music,地灵们的起床,地灵们的起床,地霊達の起床,0.0,0,0.0014104372355430183,0.0,0,0.0,C-568e13b13bd1b714,CC-568e13b13bd1b714,louvain,intersection_count,100.0,0.0,1.0,20260801,1.0.0,not_used,community labels are structural network results; they are not official factions and do not replace original-setting faction metadata
JP14,cross_department,character,地精,地精,ホフゴブリン,0.0,0,0.0014104372355430183,0.0,0,0.0,C-3c7c16d6bf0c8e1e,CC-3c7c16d6bf0c8e1e,louvain,intersection_count,100.0,0.0,1.0,20260801,1.0.0,not_used,community labels are structural network results; they are not official factions and do not replace original-setting faction metadata
JP14,cross_department,character,坂田合欢,坂田合欢,坂田ネムノ,0.0,0,0.0014104372355430183,0.0,0,0.0,C-ed8e96b3d56558bf,CC-ed8e96b3d56558bf,louvain,intersection_count,100.0,0.0,1.0,20260801,1.0.0,not_used,community labels are structural network results; they are not official factions and do not replace original-setting faction metadata
JP14,cross_department,character,堀川雷鼓,堀川雷鼓,堀川 雷鼓,0.0,0,0.0014104372355430183,0.0,0,0.0,C-193222c6746a7ee1,CC-193222c6746a7ee1,louvain,intersection_count,100.0,0.0,1.0,20260801,1.0.0,not_used,community labels are structural network results; they are not official factions and do not replace original-setting faction metadata
JP14,cross_department,music,复仇女神的要塞,复仇女神的要塞,ネメシスの要塞,0.0,0,0.0014104372355430183,0.0,0,0.0,C-9bd13e7ba775eaa4,CC-9bd13e7ba775eaa4,louvain,intersection_count,100.0,0.0,1.0,20260801,1.0.0,not_used,community labels are structural network results; they are not official factions and do not replace original-setting faction metadata
JP14,cross_department,music,夏明,夏明,夏明き,0.0,0,0.0014104372355430183,0.0,0,0.0,C-992385907f791c19,CC-992385907f791c19,louvain,intersection_count,100.0,0.0,1.0,20260801,1.0.0,not_used,community labels are structural network results; they are not official factions and do not replace original-setting faction metadata
JP14,cross_department,music,夕阳下落,夕阳下落,陽落ちて,0.0,0,0.0014104372355430183,0.0,0,0.0,C-95381c10725b40b1,CC-95381c10725b40b1,louvain,intersection_count,100.0,0.0,1.0,20260801,1.0.0,not_used,community labels are structural network results; they are not official factions and do not replace original-setting faction metadata
JP14,cross_department,music,外界民俗,外界民俗,外界フォークロア,0.0,0,0.0014104372355430183,0.0,0,0.0,C-22ddd32c81400e20,CC-22ddd32c81400e20,louvain,intersection_count,100.0,0.0,1.0,20260801,1.0.0,not_used,community labels are structural network results; they are not official factions and do not replace original-setting faction metadata
JP14,cross_department,character,多多良小伞,多多良小伞,多々良 小傘,0.0,0,0.0014104372355430183,0.0,0,0.0,C-eb3a8985009e347a,CC-eb3a8985009e347a,louvain,intersection_count,100.0,0.0,1.0,20260801,1.0.0,not_used,community labels are structural network results; they are not official factions and do not replace original-setting faction metadata
JP14,cross_department,music,夜幕降临,夜幕降临,夜が降りてくる,0.0,0,0.0014104372355430183,0.0,0,0.0,C-225b64d2f9c2a0b8,CC-225b64d2f9c2a0b8,louvain,intersection_count,100.0,0.0,1.0,20260801,1.0.0,not_used,community labels are structural network results; they are not official factions and do not replace original-setting faction metadata
JP14,cross_department,music,夜空中的ufo恋曲,夜空中的UFO恋曲,夜空のユーフォーロマンス,0.0,0,0.0014104372355430183,0.0,0,0.0,C-b815ea7c204efc28,CC-b815ea7c204efc28,louvain,intersection_count,100.0,0.0,1.0,20260801,1.0.0,not_used,community labels are structural network results; they are not official factions and do not replace original-setting faction metadata
JP14,cross_department,music,夜雀的歌声,夜雀的歌声 ～ Night Bird,夜雀の歌声　～ Night Bird,0.0,0,0.0014104372355430183,0.0,0,0.0,C-b1a1a9f6cf8cd1ac,CC-b1a1a9f6cf8cd1ac,louvain,intersection_count,100.0,0.0,1.0,20260801,1.0.0,not_used,community labels are structural network results; they are not official factions and do not replace original-setting faction metadata
JP14,cross_department,character,大妖精,大妖精,大妖精,0.0,0,0.0014104372355430183,0.0,0,0.0,C-94ae0e73a1ae25ed,CC-94ae0e73a1ae25ed,louvain,intersection_count,100.0,0.0,1.0,20260801,1.0.0,not_used,community labels are structural network results; they are not official factions and do not replace original-setting faction metadata
JP14,cross_department,music,大江山的花之酒宴,大江山的花之酒宴,華のさかづき大江山,0.0,0,0.0014104372355430183,0.0,0,0.0,C-30dcd1cabb05a6ed,CC-30dcd1cabb05a6ed,louvain,intersection_count,100.0,0.0,1.0,20260801,1.0.0,not_used,community labels are structural network results; they are not official factions and do not replace original-setting faction metadata
JP14,cross_department,music,大神神话传,大神神话传,大神神話伝,0.0,0,0.0014104372355430183,0.0,0,0.0,C-3a7e649571834c51,CC-3a7e649571834c51,louvain,intersection_count,100.0,0.0,1.0,20260801,1.0.0,not_used,community labels are structural network results; they are not official factions and do not replace original-setting faction metadata
JP14,cross_department,music,大空魔术magicalastronomy,大空魔术 ～ Magical Astronomy,大空魔術　～ Magical Astronomy,0.0,0,0.0014104372355430183,0.0,0,0.0,C-3454cf4a69e269f9,CC-3454cf4a69e269f9,louvain,intersection_count,100.0,0.0,1.0,20260801,1.0.0,not_used,community labels are structural network results; they are not official factions and do not replace original-setting faction metadata
JP14,cross_department,character,大鲶鱼,大鲶鱼,大ナマズ,0.0,0,0.0014104372355430183,0.0,0,0.0,C-cb0195dfa8fbe2e1,CC-cb0195dfa8fbe2e1,louvain,intersection_count,100.0,0.0,1.0,20260801,1.0.0,not_used,community labels are structural network results; they are not official factions and do not replace original-setting faction metadata
JP14,cross_department,music,天使传说,天使传说,天使伝説,0.0,0,0.0014104372355430183,0.0,0,0.0,C-ecb076cd575f7ccc,CC-ecb076cd575f7ccc,louvain,intersection_count,100.0,0.0,1.0,20260801,1.0.0,not_used,community labels are structural network results; they are not official factions and do not replace original-setting faction metadata
JP14,cross_department,music,天狗正凝视着,天狗正凝视着 ～ Black Eyes,天狗が見ている　～ Black Eyes,0.0,0,0.0014104372355430183,0.0,0,0.0,C-96b520f3d97ddd29,CC-96b520f3d97ddd29,louvain,intersection_count,100.0,0.0,1.0,20260801,1.0.0,not_used,community labels are structural network results; they are not official factions and do not replace original-setting faction metadata
JP14,cross_department,music,天狗的笔记mysteriousnote,天狗的笔记 ～ Mysterious Note,天狗の手帖　～ Mysterious Note,0.0,0,0.0014104372355430183,0.0,0,0.0,C-f0883142b681326f,CC-f0883142b681326f,louvain,intersection_count,100.0,0.0,1.0,20260801,1.0.0,not_used,community labels are structural network results; they are not official factions and do not replace original-setting faction metadata
JP14,cross_department,character,天狗（香霖堂的天狗、大天狗等）,天狗（香霖堂的天狗、大天狗等）,天狗（香霖堂の天狗、大天狗 他）,0.0,0,0.0014104372355430183,0.0,0,0.0,C-a517f53ce3c97b3b,CC-a517f53ce3c97b3b,louvain,intersection_count,100.0,0.0,1.0,20260801,1.0.0,not_used,community labels are structural network results; they are not official factions and do not replace original-setting faction metadata
JP14,cross_department,music,天空军团,天空军团,天空アーミー,0.0,0,0.0014104372355430183,0.0,0,0.0,C-cdf2ab5587ec8fbc,CC-cdf2ab5587ec8fbc,louvain,intersection_count,100.0,0.0,1.0,20260801,1.0.0,not_used,community labels are structural network results; they are not official factions and do not replace original-setting faction metadata
JP14,cross_department,music,天空的格林尼治,天空的格林尼治,天空のグリニッジ,0.0,0,0.0014104372355430183,0.0,0,0.0,C-67cfd0ae0ceb61ee,CC-67cfd0ae0ceb61ee,louvain,intersection_count,100.0,0.0,1.0,20260801,1.0.0,not_used,community labels are structural network results; they are not official factions and do not replace original-setting faction metadata
JP14,cross_department,music,天空的花都,天空的花都,天空の花の都,0.0,0,0.0014104372355430183,0.0,0,0.0,C-923705a76959de13,CC-923705a76959de13,louvain,intersection_count,100.0,0.0,1.0,20260801,1.0.0,not_used,community labels are structural network results; they are not official factions and do not replace original-setting faction metadata
JP14,cross_department,music,天衣无缝,天衣无缝,天衣無縫,0.0,0,0.0014104372355430183,0.0,0,0.0,C-99ccafd84aa9c6f5,CC-99ccafd84aa9c6f5,louvain,intersection_count,100.0,0.0,1.0,20260801,1.0.0,not_used,community labels are structural network results; they are not official factions and do not replace original-setting faction metadata
JP14,cross_department,music,天鸟船神社,天鸟船神社,天鳥船神社,0.0,0,0.0014104372355430183,0.0,0,0.0,C-9975f9213fa41ebd,CC-9975f9213fa41ebd,louvain,intersection_count,100.0,0.0,1.0,20260801,1.0.0,not_used,community labels are structural network results; they are not official factions and do not replace original-setting faction metadata
JP14,cross_department,music,天鸟船神社的结界,天鸟船神社的结界,天鳥船神社の結界,0.0,0,0.0014104372355430183,0.0,0,0.0,C-f88d9c2d96c92a9f,CC-f88d9c2d96c92a9f,louvain,intersection_count,100.0,0.0,1.0,20260801,1.0.0,not_used,community labels are structural network results; they are not official factions and do not replace original-setting faction metadata
JP14,cross_department,music,天鹅绒少女战velvetbattle,天鹅绒少女战 ～ Velvet Battle,天鵞絨少女戦　～ Velvet Battle,0.0,0,0.0014104372355430183,0.0,0,0.0,C-a1328eecc157b8a4,CC-a1328eecc157b8a4,louvain,intersection_count,100.0,0.0,1.0,20260801,1.0.0,not_used,community labels are structural network results; they are not official factions and do not replace original-setting faction metadata
JP14,cross_department,music,奥尔良的圣骑士,奥尔良的圣骑士,オルレアンの聖騎士,0.0,0,0.0014104372355430183,0.0,0,0.0,C-8bead6179b3a02b9,CC-8bead6179b3a02b9,louvain,intersection_count,100.0,0.0,1.0,20260801,1.0.0,not_used,community labels are structural network results; they are not official factions and do not replace original-setting faction metadata
JP14,cross_department,character,奥莲姬,奥莲姬,オレンジ,0.0,0,0.0014104372355430183,0.0,0,0.0,C-fbf832d8954e7b90,CC-fbf832d8954e7b90,louvain,intersection_count,100.0,0.0,1.0,20260801,1.0.0,not_used,community labels are structural network results; they are not official factions and do not replace original-setting faction metadata
JP14,cross_department,music,女仆与血之怀表,女仆与血之怀表,メイドと血の懐中時計,0.0,0,0.0014104372355430183,0.0,0,0.0,C-13803b992f41ae4f,CC-13803b992f41ae4f,louvain,intersection_count,100.0,0.0,1.0,20260801,1.0.0,not_used,community labels are structural network results; they are not official factions and do not replace original-setting faction metadata
JP14,cross_department,music,女仆幻想icemilkmagic,女仆幻想 ～ Icemilk Magic,メイド幻想　～ Icemilk Magic,0.0,0,0.0014104372355430183,0.0,0,0.0,C-0ed54a6b569f001e,CC-0ed54a6b569f001e,louvain,intersection_count,100.0,0.0,1.0,20260801,1.0.0,not_used,community labels are structural network results; they are not official factions and do not replace original-setting faction metadata
JP14,cross_department,music,如鬼灯般的红色之魂,如鬼灯般的红色之魂,ほおずきみたいに紅い魂,0.0,0,0.0014104372355430183,0.0,0,0.0,C-f527def8c476e649,CC-f527def8c476e649,louvain,intersection_count,100.0,0.0,1.0,20260801,1.0.0,not_used,community labels are structural network results; they are not official factions and do not replace original-setting faction metadata
JP14,cross_department,music,妖妖梦snoworcherrypetal,妖妖梦 ～ Snow or Cherry Petal,妖々夢　～ Snow or Cherry Petal,0.0,0,0.0014104372355430183,0.0,0,0.0,C-7b53b72f63083cd9,CC-7b53b72f63083cd9,louvain,intersection_count,100.0,0.0,1.0,20260801,1.0.0,not_used,community labels are structural network results; they are not official factions and do not replace original-setting faction metadata
JP14,cross_department,music,妖妖跋扈,妖妖跋扈,妖々跋扈,0.0,0,0.0014104372355430183,0.0,0,0.0,C-a5286e97dfe810ba,CC-a5286e97dfe810ba,louvain,intersection_count,100.0,0.0,1.0,20260801,1.0.0,not_used,community labels are structural network results; they are not official factions and do not replace original-setting faction metadata
JP14,cross_department,music,妖怪之山,妖怪之山 ～ Mysterious Mountain,妖怪の山　～ Mysterious Mountain,0.0,0,0.0014104372355430183,0.0,0,0.0,C-d116a7f657c9523e,CC-d116a7f657c9523e,louvain,intersection_count,100.0,0.0,1.0,20260801,1.0.0,not_used,community labels are structural network results; they are not official factions and do not replace original-setting faction metadata
JP14,cross_department,music,妖怪宇宙旅行,妖怪宇宙旅行,妖怪宇宙旅行,0.0,0,0.0014104372355430183,0.0,0,0.0,C-86a6c0be51b85bab,CC-86a6c0be51b85bab,louvain,intersection_count,100.0,0.0,1.0,20260801,1.0.0,not_used,community labels are structural network results; they are not official factions and do not replace original-setting faction metadata
JP14,cross_department,music,妖怪寺,妖怪寺,妖怪寺,0.0,0,0.0014104372355430183,0.0,0,0.0,C-506baec352ccec83,CC-506baec352ccec83,louvain,intersection_count,100.0,0.0,1.0,20260801,1.0.0,not_used,community labels are structural network results; they are not official factions and do not replace original-setting faction metadata
JP14,cross_department,music,妖精冒险谭,妖精冒险谭,フェアリー冒険譚,0.0,0,0.0014104372355430183,0.0,0,0.0,C-6a17c33ea0a8722a,CC-6a17c33ea0a8722a,louvain,intersection_count,100.0,0.0,1.0,20260801,1.0.0,not_used,community labels are structural network results; they are not official factions and do not replace original-setting faction metadata
JP14,cross_department,music,妖精大战争,妖精大战争 ～ Fairy Wars,妖精大戦争　～ Fairy Wars,0.0,0,0.0014104372355430183,0.0,0,0.0,C-c61de9a59378f529,CC-c61de9a59378f529,louvain,intersection_count,100.0,0.0,1.0,20260801,1.0.0,not_used,community labels are structural network results; they are not official factions and do not replace original-setting faction metadata
JP14,cross_department,music,妖精灿烂的样子,妖精灿烂的样子,妖精燦々として,0.0,0,0.0014104372355430183,0.0,0,0.0,C-1b88669c7fc82890,CC-1b88669c7fc82890,louvain,intersection_count,100.0,0.0,1.0,20260801,1.0.0,not_used,community labels are structural network results; they are not official factions and do not replace original-setting faction metadata
JP14,cross_department,character,妖精（女仆妖精、向日葵妖精等）,妖精（女仆妖精、向日葵妖精等）,妖精（メイド妖精・ひまわり妖精 他）,0.0,0,0.0014104372355430183,0.0,0,0.0,C-420271329298eb84,CC-420271329298eb84,louvain,intersection_count,100.0,0.0,1.0,20260801,1.0.0,not_used,community labels are structural network results; they are not official factions and do not replace original-setting faction metadata
JP14,cross_department,music,妖魔夜行,妖魔夜行,妖魔夜行,0.0,0,0.0014104372355430183,0.0,0,0.0,C-348a5bcb82a78766,CC-348a5bcb82a78766,louvain,intersection_count,100.0,0.0,1.0,20260801,1.0.0,not_used,community labels are structural network results; they are not official factions and do not replace original-setting faction metadata
JP14,cross_department,character,姬海棠果,姬海棠果,姫海棠 はたて,0.0,0,0.0014104372355430183,0.0,0,0.0,C-ae3bd7b2222f8204,CC-ae3bd7b2222f8204,louvain,intersection_count,100.0,0.0,1.0,20260801,1.0.0,not_used,community labels are structural network results; they are not official factions and do not replace original-setting faction metadata
JP14,cross_department,character,娜兹玲,娜兹玲,ナズーリン,0.0,0,0.0014104372355430183,0.0,0,0.0,C-567ae926df277298,CC-567ae926df277298,louvain,intersection_count,100.0,0.0,1.0,20260801,1.0.0,not_used,community labels are structural network results; they are not official factions and do not replace original-setting faction metadata
JP14,cross_department,character,嫦娥,嫦娥,嫦娥,0.0,0,0.0014104372355430183,0.0,0,0.0,C-f9b10b8c268be441,CC-f9b10b8c268be441,louvain,intersection_count,100.0,0.0,1.0,20260801,1.0.0,not_used,community labels are structural network results; they are not official factions and do not replace original-setting faction metadata
JP14,cross_department,music,孤独的狼人,孤独的狼人,孤独なウェアウルフ,0.0,0,0.0014104372355430183,0.0,0,0.0,C-7961210d6e39586d,CC-7961210d6e39586d,louvain,intersection_count,100.0,0.0,1.0,20260801,1.0.0,not_used,community labels are structural network results; they are not official factions and do not replace original-setting faction metadata
JP14,cross_department,music,宇佐大人的白旗,宇佐大人的白旗,お宇佐さまの素い幡,0.0,0,0.0014104372355430183,0.0,0,0.0,C-59ce208bde5de8ff,CC-59ce208bde5de8ff,louvain,intersection_count,100.0,0.0,1.0,20260801,1.0.0,not_used,community labels are structural network results; they are not official factions and do not replace original-setting faction metadata
JP14,cross_department,character,宇佐见堇子,宇佐见堇子,宇佐見 菫子,0.0,0,0.0014104372355430183,0.0,0,0.0,C-dd4917ed59ef8db1,CC-dd4917ed59ef8db1,louvain,intersection_count,100.0,0.0,1.0,20260801,1.0.0,not_used,community labels are structural network results; they are not official factions and do not replace original-setting faction metadata
JP14,cross_department,character,宇佐见莲子,宇佐见莲子,宇佐見 蓮子,0.0,0,0.0014104372355430183,0.0,0,0.0,C-a23c20af78d4e753,CC-a23c20af78d4e753,louvain,intersection_count,100.0,0.0,1.0,20260801,1.0.0,not_used,community labels are structural network results; they are not official factions and do not replace original-setting faction metadata
JP14,cross_department,music,宇宙巫女归还,宇宙巫女归还,宇宙巫女帰還する,0.0,0,0.0014104372355430183,0.0,0,0.0,C-e1391731f13aebe9,CC-e1391731f13aebe9,louvain,intersection_count,100.0,0.0,1.0,20260801,1.0.0,not_used,community labels are structural network results; they are not official factions and do not replace original-setting faction metadata
JP14,cross_department,music,宇宙巫女现身,宇宙巫女现身,宇宙巫女現る,0.0,0,0.0014104372355430183,0.0,0,0.0,C-df9b7b924311f0b7,CC-df9b7b924311f0b7,louvain,intersection_count,100.0,0.0,1.0,20260801,1.0.0,not_used,community labels are structural network results; they are not official factions and do not replace original-setting faction metadata
JP14,cross_department,music,守旧老爹与前卫少女,守旧老爹与前卫少女,時代親父とハイカラ少女,0.0,0,0.0014104372355430183,0.0,0,0.0,C-23e1eac19612153d,CC-23e1eac19612153d,louvain,intersection_count,100.0,0.0,1.0,20260801,1.0.0,not_used,community labels are structural network results; they are not official factions and do not replace original-setting faction metadata
JP14,cross_department,music,官板黄昏新闻,官板黄昏新闻,官板黄昏新聞,0.0,0,0.0014104372355430183,0.0,0,0.0,C-bab67524469d9805,CC-bab67524469d9805,louvain,intersection_count,100.0,0.0,1.0,20260801,1.0.0,not_used,community labels are structural network results; they are not official factions and do not replace original-setting faction metadata
JP14,cross_department,character,宫古芳香,宫古芳香,宮古 芳香,0.0,0,0.0014104372355430183,0.0,0,0.0,C-7b4077d40004637d,CC-7b4077d40004637d,louvain,intersection_count,100.0,0.0,1.0,20260801,1.0.0,not_used,community labels are structural network results; they are not official factions and do not replace original-setting faction metadata
JP14,cross_department,music,宵暗的魔术师,宵暗的魔术师,宵闇の魔術師,0.0,0,0.0014104372355430183,0.0,0,0.0,C-365f3ca0f347d417,CC-365f3ca0f347d417,louvain,intersection_count,100.0,0.0,1.0,20260801,1.0.0,not_used,community labels are structural network results; they are not official factions and do not replace original-setting faction metadata
JP14,cross_department,music,宿醉者的同床异梦,宿醉者的同床异梦,二日酔いの同床異夢,0.0,0,0.0014104372355430183,0.0,0,0.0,C-89d56394c6fe2e94,CC-89d56394c6fe2e94,louvain,intersection_count,100.0,0.0,1.0,20260801,1.0.0,not_used,community labels are structural network results; they are not official factions and do not replace original-setting faction metadata
JP14,cross_department,character,寅丸星,寅丸星,寅丸 星,0.0,0,0.0014104372355430183,0.0,0,0.0,C-7899d387a4c1500f,CC-7899d387a4c1500f,louvain,intersection_count,100.0,0.0,1.0,20260801,1.0.0,not_used,community labels are structural network results; they are not official factions and do not replace original-setting faction metadata
JP14,cross_department,music,对跖点之钟,对跖点之钟,対蹠地の鐘,0.0,0,0.0014104372355430183,0.0,0,0.0,C-53e397fde513c930,CC-53e397fde513c930,louvain,intersection_count,100.0,0.0,1.0,20260801,1.0.0,not_used,community labels are structural network results; they are not official factions and do not replace original-setting faction metadata
JP14,cross_department,character,封兽鵺,封兽鵺,封獣 ぬえ,0.0,0,0.0014104372355430183,0.0,0,0.0,C-64665e664193328c,CC-64665e664193328c,louvain,intersection_count,100.0,0.0,1.0,20260801,1.0.0,not_used,community labels are structural network results; they are not official factions and do not replace original-setting faction metadata
JP14,cross_department,music,封闭的云中通路,封闭的云中通路,閉ざせし雲の通い路,0.0,0,0.0014104372355430183,0.0,0,0.0,C-7b96838eb3395bda,CC-7b96838eb3395bda,louvain,intersection_count,100.0,0.0,1.0,20260801,1.0.0,not_used,community labels are structural network results; they are not official factions and do not replace original-setting faction metadata
JP14,cross_department,music,封魔终演,封魔终演,封魔終演,0.0,0,0.0014104372355430183,0.0,0,0.0,C-c7ab7db1d63bcade,CC-c7ab7db1d63bcade,louvain,intersection_count,100.0,0.0,1.0,20260801,1.0.0,not_used,community labels are structural network results; they are not official factions and do not replace original-setting faction metadata
JP14,cross_department,character,射命丸文,射命丸文,射命丸 文,0.0,0,0.0014104372355430183,0.0,0,0.0,C-00bd9a6296c755c3,CC-00bd9a6296c755c3,louvain,intersection_count,100.0,0.0,1.0,20260801,1.0.0,not_used,community labels are structural network results; they are not official factions and do not replace original-setting faction metadata
JP14,cross_department,character,小兔姬,小兔姬,小兎姫,0.0,0,0.0014104372355430183,0.0,0,0.0,C-10d45edb03c41c17,CC-10d45edb03c41c17,louvain,intersection_count,100.0,0.0,1.0,20260801,1.0.0,not_used,community labels are structural network results; they are not official factions and do not replace original-setting faction metadata
JP14,cross_department,music,小小欲望的星空,小小欲望的星空,小さな欲望の星空,0.0,0,0.0014104372355430183,0.0,0,0.0,C-8d7abacba40e7d9e,CC-8d7abacba40e7d9e,louvain,intersection_count,100.0,0.0,1.0,20260801,1.0.0,not_used,community labels are structural network results; they are not official factions and do not replace original-setting faction metadata
JP14,cross_department,music,小小的贤将,小小的贤将,小さな小さな賢将,0.0,0,0.0014104372355430183,0.0,0,0.0,C-0552ac38852fa148,CC-0552ac38852fa148,louvain,intersection_count,100.0,0.0,1.0,20260801,1.0.0,not_used,community labels are structural network results; they are not official factions and do not replace original-setting faction metadata
JP14,cross_department,character,小恶魔,小恶魔,小悪魔,0.0,0,0.0014104372355430183,0.0,0,0.0,C-d5a2faba87c19846,CC-d5a2faba87c19846,louvain,intersection_count,100.0,0.0,1.0,20260801,1.0.0,not_used,community labels are structural network results; they are not official factions and do not replace original-setting faction metadata
JP14,cross_department,music,小槌的魔力,小槌的魔力,小槌の魔力,0.0,0,0.0014104372355430183,0.0,0,0.0,C-dce2bf7019e0ad05,CC-dce2bf7019e0ad05,louvain,intersection_count,100.0,0.0,1.0,20260801,1.0.0,not_used,community labels are structural network results; they are not official factions and do not replace original-setting faction metadata
JP14,cross_department,character,小野塚小町,小野塚小町,小野塚 小町,0.0,0,0.0014104372355430183,0.0,0,0.0,C-e3e486d1243a50a6,CC-e3e486d1243a50a6,louvain,intersection_count,100.0,0.0,1.0,20260801,1.0.0,not_used,community labels are structural network results; they are not official factions and do not replace original-setting faction metadata
JP14,cross_department,character,小铃的父母,小铃的父母,小鈴の両親,0.0,0,0.0014104372355430183,0.0,0,0.0,C-2c16943dfabe200b,CC-2c16943dfabe200b,louvain,intersection_count,100.0,0.0,1.0,20260801,1.0.0,not_used,community labels are structural network results; they are not official factions and do not replace original-setting faction metadata
JP14,cross_department,character,少名针妙丸,少名针妙丸,少名 針妙丸,0.0,0,0.0014104372355430183,0.0,0,0.0,C-833b2fce84c1661d,CC-833b2fce84c1661d,louvain,intersection_count,100.0,0.0,1.0,20260801,1.0.0,not_used,community labels are structural network results; they are not official factions and do not replace original-setting faction metadata
JP14,cross_department,music,少女幻葬,少女幻葬 ～ Necro-Fantasy,少女幻葬　～ Necro-Fantasy,0.0,0,0.0014104372355430183,0.0,0,0.0,C-bc155e9c8696c911,CC-bc155e9c8696c911,louvain,intersection_count,100.0,0.0,1.0,20260801,1.0.0,not_used,community labels are structural network results; they are not official factions and do not replace original-setting faction metadata
JP14,cross_department,music,少女战士heartofvalkyrie,少女战士 ～ Heart of Valkyrie,乙女戦士　～ Heart of Valkyrie,0.0,0,0.0014104372355430183,0.0,0,0.0,C-77980a08b2671c1c,CC-77980a08b2671c1c,louvain,intersection_count,100.0,0.0,1.0,20260801,1.0.0,not_used,community labels are structural network results; they are not official factions and do not replace original-setting faction metadata
JP14,cross_department,music,少女曾见的日本原风景,少女曾见的日本原风景,少女が見た日本の原風景,0.0,0,0.0014104372355430183,0.0,0,0.0,C-0bbaf1bca6b77cbe,CC-0bbaf1bca6b77cbe,louvain,intersection_count,100.0,0.0,1.0,20260801,1.0.0,not_used,community labels are structural network results; they are not official factions and do not replace original-setting faction metadata
JP14,cross_department,music,少女神性pandorasbox,少女神性 ～ Pandora's Box,少女神性　～ Pandora's Box,0.0,0,0.0014104372355430183,0.0,0,0.0,C-537424917cbc7de8,CC-537424917cbc7de8,louvain,intersection_count,100.0,0.0,1.0,20260801,1.0.0,not_used,community labels are structural network results; they are not official factions and do not replace original-setting faction metadata
JP14,cross_department,music,少女秘封俱乐部,少女秘封俱乐部,少女秘封倶楽部,0.0,0,0.0014104372355430183,0.0,0,0.0,C-3b60246741c99107,CC-3b60246741c99107,louvain,intersection_count,100.0,0.0,1.0,20260801,1.0.0,not_used,community labels are structural network results; they are not official factions and do not replace original-setting faction metadata
JP14,cross_department,music,少女绮想曲,少女绮想曲,少女綺想曲,0.0,0,0.0014104372355430183,0.0,0,0.0,C-7571109d6534b26d,CC-7571109d6534b26d,louvain,intersection_count,100.0,0.0,1.0,20260801,1.0.0,not_used,community labels are structural network results; they are not official factions and do not replace original-setting faction metadata
JP14,cross_department,music,少女觉,少女觉 ～ 3rd eye,少女さとり　～ 3rd eye,0.0,0,0.0014104372355430183,0.0,0,0.0,C-17061a5393ac3970,CC-17061a5393ac3970,louvain,intersection_count,100.0,0.0,1.0,20260801,1.0.0,not_used,community labels are structural network results; they are not official factions and do not replace original-setting faction metadata
JP14,cross_department,character,尔子田里乃,尔子田里乃,爾子田里乃,0.0,0,0.0014104372355430183,0.0,0,0.0,C-5b83380bcc0c304d,CC-5b83380bcc0c304d,louvain,intersection_count,100.0,0.0,1.0,20260801,1.0.0,not_used,community labels are structural network results; they are not official factions and do not replace original-setting faction metadata
JP14,cross_department,music,尘世不变的悲观主义,尘世不变的悲观主义,塵界不変のペシミズム,0.0,0,0.0014104372355430183,0.0,0,0.0,C-f4a5a87a6e36ec99,CC-f4a5a87a6e36ec99,louvain,intersection_count,100.0,0.0,1.0,20260801,1.0.0,not_used,community labels are structural network results; they are not official factions and do not replace original-setting faction metadata
JP14,cross_department,music,尸体旅行,尸体旅行 ～ Be of good cheer!,死体旅行　～ Be of good cheer!,0.0,0,0.0014104372355430183,0.0,0,0.0,C-668fb0f2d861875a,CC-668fb0f2d861875a,louvain,intersection_count,100.0,0.0,1.0,20260801,1.0.0,not_used,community labels are structural network results; they are not official factions and do not replace original-setting faction metadata
JP14,cross_department,music,山脚的神社,山脚的神社,麓の神社,0.0,0,0.0014104372355430183,0.0,0,0.0,C-bacbcd08b457630b,CC-bacbcd08b457630b,louvain,intersection_count,100.0,0.0,1.0,20260801,1.0.0,not_used,community labels are structural network results; they are not official factions and do not replace original-setting faction metadata
JP14,cross_department,character,岩笠,岩笠,岩笠,0.0,0,0.0014104372355430183,0.0,0,0.0,C-401a5793308b0bb5,CC-401a5793308b0bb5,louvain,intersection_count,100.0,0.0,1.0,20260801,1.0.0,not_used,community labels are structural network results; they are not official factions and do not replace original-setting faction metadata
JP14,cross_department,music,巨大的影子与渺小的结局,巨大的影子与渺小的结局,巨大な影と小さな結末,0.0,0,0.0014104372355430183,0.0,0,0.0,C-2992cc282efaac6f,CC-2992cc282efaac6f,louvain,intersection_count,100.0,0.0,1.0,20260801,1.0.0,not_used,community labels are structural network results; they are not official factions and do not replace original-setting faction metadata
JP14,cross_department,music,已经只能听见歌声了,已经只能听见歌声了,もう歌しか聞こえない,0.0,0,0.0014104372355430183,0.0,0,0.0,C-fd5754944a8780ea,CC-fd5754944a8780ea,louvain,intersection_count,100.0,0.0,1.0,20260801,1.0.0,not_used,community labels are structural network results; they are not official factions and do not replace original-setting faction metadata
JP14,cross_department,music,布加勒斯特的人偶师,布加勒斯特的人偶师,ブクレシュティの人形師,0.0,0,0.0014104372355430183,0.0,0,0.0,C-48f0c74ddd5ad4e4,CC-48f0c74ddd5ad4e4,louvain,intersection_count,100.0,0.0,1.0,20260801,1.0.0,not_used,community labels are structural network results; they are not official factions and do not replace original-setting faction metadata
JP14,cross_department,music,希望之星直升青霄,希望之星直升青霄,希望の星は青霄に昇る,0.0,0,0.0014104372355430183,0.0,0,0.0,C-52cf33d0a5b9f001,CC-52cf33d0a5b9f001,louvain,intersection_count,100.0,0.0,1.0,20260801,1.0.0,not_used,community labels are structural network results; they are not official factions and do not replace original-setting faction metadata
JP14,cross_department,character,帕秋莉诺蕾姬,帕秋莉·诺蕾姬,パチュリー・ノーレッジ,0.0,0,0.0014104372355430183,0.0,0,0.0,C-6f4c86a6676b6616,CC-6f4c86a6676b6616,louvain,intersection_count,100.0,0.0,1.0,20260801,1.0.0,not_used,community labels are structural network results; they are not official factions and do not replace original-setting faction metadata
JP14,cross_department,music,平安时代的外星人,平安时代的外星人,平安のエイリアン,0.0,0,0.0014104372355430183,0.0,0,0.0,C-2a15a0e2ecc89aeb,CC-2a15a0e2ecc89aeb,louvain,intersection_count,100.0,0.0,1.0,20260801,1.0.0,not_used,community labels are structural network results; they are not official factions and do not replace original-setting faction metadata
JP14,cross_department,music,幻想乡lotuslandstory,幻想乡 ～ Lotus Land Story,幻想郷　～ Lotus Land Story,0.0,0,0.0014104372355430183,0.0,0,0.0,C-c5d03580a2282474,CC-c5d03580a2282474,louvain,intersection_count,100.0,0.0,1.0,20260801,1.0.0,not_used,community labels are structural network results; they are not official factions and do not replace original-setting faction metadata
JP14,cross_department,music,幻想乡不可思议发现,幻想乡不可思议发现,幻想郷ふしぎ発見,0.0,0,0.0014104372355430183,0.0,0,0.0,C-f319b02309988c1b,CC-f319b02309988c1b,louvain,intersection_count,100.0,0.0,1.0,20260801,1.0.0,not_used,community labels are structural network results; they are not official factions and do not replace original-setting faction metadata
JP14,cross_department,music,幻想乡的二岩,幻想乡的二岩,幻想郷の二ッ岩,0.0,0,0.0014104372355430183,0.0,0,0.0,C-c48068f975df01c1,CC-c48068f975df01c1,louvain,intersection_count,100.0,0.0,1.0,20260801,1.0.0,not_used,community labels are structural network results; they are not official factions and do not replace original-setting faction metadata
JP14,cross_department,music,幻想净琉璃,幻想净琉璃,幻想浄瑠璃,0.0,0,0.0014104372355430183,0.0,0,0.0,C-fd99bc006a260c1e,CC-fd99bc006a260c1e,louvain,intersection_count,100.0,0.0,1.0,20260801,1.0.0,not_used,community labels are structural network results; they are not official factions and do not replace original-setting faction metadata
JP14,cross_department,music,幻想帝都,幻想帝都,幻想帝都,0.0,0,0.0014104372355430183,0.0,0,0.0,C-812075f12aabe6ea,CC-812075f12aabe6ea,louvain,intersection_count,100.0,0.0,1.0,20260801,1.0.0,not_used,community labels are structural network results; they are not official factions and do not replace original-setting faction metadata
JP14,cross_department,music,幻想的whitetraveler,幻想的White Traveler,幻想のホワイトトラベラー,0.0,0,0.0014104372355430183,0.0,0,0.0,C-3a61c03ebb0f8af8,CC-3a61c03ebb0f8af8,louvain,intersection_count,100.0,0.0,1.0,20260801,1.0.0,not_used,community labels are structural network results; they are not official factions and do not replace original-setting faction metadata
JP14,cross_department,music,幻想的居民,幻想的居民,幻想の住人,0.0,0,0.0014104372355430183,0.0,0,0.0,C-c49a8985b6d911a8,CC-c49a8985b6d911a8,louvain,intersection_count,100.0,0.0,1.0,20260801,1.0.0,not_used,community labels are structural network results; they are not official factions and do not replace original-setting faction metadata
JP14,cross_department,music,幻想的永远祭,幻想的永远祭,幻想の永遠祭,0.0,0,0.0014104372355430183,0.0,0,0.0,C-f9f20635175b8a38,CC-f9f20635175b8a38,louvain,intersection_count,100.0,0.0,1.0,20260801,1.0.0,not_used,community labels are structural network results; they are not official factions and do not replace original-setting faction metadata
JP14,cross_department,music,幻想科学幻想机械,幻想科学（幻想机械）,幻想科学（幻想機械）,0.0,0,0.0014104372355430183,0.0,0,0.0,C-33877e416b5925f3,CC-33877e416b5925f3,louvain,intersection_count,100.0,0.0,1.0,20260801,1.0.0,not_used,community labels are structural network results; they are not official factions and do not replace original-setting faction metadata
JP14,cross_department,character,幻月,幻月,幻月,0.0,0,0.0014104372355430183,0.0,0,0.0,C-d16ff15dc52310e7,CC-d16ff15dc52310e7,louvain,intersection_count,100.0,0.0,1.0,20260801,1.0.0,not_used,community labels are structural network results; they are not official factions and do not replace original-setting faction metadata
JP14,cross_department,music,幻梦界,幻梦界,幻夢界,0.0,0,0.0014104372355430183,0.0,0,0.0,C-630fe88b601764ba,CC-630fe88b601764ba,louvain,intersection_count,100.0,0.0,1.0,20260801,1.0.0,not_used,community labels are structural network results; they are not official factions and do not replace original-setting faction metadata
JP14,cross_department,music,幻视之夜ghostlyeyes,幻视之夜 ～ Ghostly Eyes,幻視の夜　～ Ghostly Eyes,0.0,0,0.0014104372355430183,0.0,0,0.0,C-c12109f0cb5a21d6,CC-c12109f0cb5a21d6,louvain,intersection_count,100.0,0.0,1.0,20260801,1.0.0,not_used,community labels are structural network results; they are not official factions and do not replace original-setting faction metadata
JP14,cross_department,music,幼小的有顶天,幼小的有顶天,幼心地の有頂天,0.0,0,0.0014104372355430183,0.0,0,0.0,C-72c402401cd8e142,CC-72c402401cd8e142,louvain,intersection_count,100.0,0.0,1.0,20260801,1.0.0,not_used,community labels are structural network results; they are not official factions and do not replace original-setting faction metadata
JP14,cross_department,music,幽境,幽境,幽境,0.0,0,0.0014104372355430183,0.0,0,0.0,C-1e3d1b69f7703989,CC-1e3d1b69f7703989,louvain,intersection_count,100.0,0.0,1.0,20260801,1.0.0,not_used,community labels are structural network results; they are not official factions and do not replace original-setting faction metadata
JP14,cross_department,character,幽幻魔眼,幽幻魔眼,ユウゲンマガン,0.0,0,0.0014104372355430183,0.0,0,0.0,C-e9380407ac25f9ae,CC-e9380407ac25f9ae,louvain,intersection_count,100.0,0.0,1.0,20260801,1.0.0,not_used,community labels are structural network results; they are not official factions and do not replace original-setting faction metadata
JP14,cross_department,music,幽梦inanimatedream,幽梦 ～ Inanimate Dream,幽夢　～ Inanimate Dream,0.0,0,0.0014104372355430183,0.0,0,0.0,C-54d137615e20ca2d,CC-54d137615e20ca2d,louvain,intersection_count,100.0,0.0,1.0,20260801,1.0.0,not_used,community labels are structural network results; they are not official factions and do not replace original-setting faction metadata
JP14,cross_department,music,幽灵乐团,幽灵乐团 ～ Phantom Ensemble,幽霊楽団　～ Phantom Ensemble,0.0,0,0.0014104372355430183,0.0,0,0.0,C-1af62d77eed1e819,CC-1af62d77eed1e819,louvain,intersection_count,100.0,0.0,1.0,20260801,1.0.0,not_used,community labels are structural network results; they are not official factions and do not replace original-setting faction metadata
JP14,cross_department,music,幽灵客船的穿越时空之旅,幽灵客船的穿越时空之旅,幽霊客船の時空を越えた旅,0.0,0,0.0014104372355430183,0.0,0,0.0,C-07282490725ce642,CC-07282490725ce642,louvain,intersection_count,100.0,0.0,1.0,20260801,1.0.0,not_used,community labels are structural network results; they are not official factions and do not replace original-setting faction metadata
JP14,cross_department,character,幽灵（包括怨灵、神灵、旧作的一种杂鱼）,幽灵（包括怨灵、神灵、旧作的一种杂鱼）,幽霊（怨霊、神霊、化け化け含む）,0.0,0,0.0014104372355430183,0.0,0,0.0,C-3e7a2ffb30d1cd48,CC-3e7a2ffb30d1cd48,louvain,intersection_count,100.0,0.0,1.0,20260801,1.0.0,not_used,community labels are structural network results; they are not official factions and do not replace original-setting faction metadata
JP14,cross_department,character,幽谷响子,幽谷响子,幽谷 響子,0.0,0,0.0014104372355430183,0.0,0,0.0,C-bdd882761b96631f,CC-bdd882761b96631f,louvain,intersection_count,100.0,0.0,1.0,20260801,1.0.0,not_used,community labels are structural network results; they are not official factions and do not replace original-setting faction metadata
JP14,cross_department,music,幽雅地绽放吧墨染的樱花,幽雅地绽放吧，墨染的樱花 ～ Border of Life,幽雅に咲かせ、墨染の桜　～ Border of Life,0.0,0,0.0014104372355430183,0.0,0,0.0,C-4dcbc42c01385fcf,CC-4dcbc42c01385fcf,louvain,intersection_count,100.0,0.0,1.0,20260801,1.0.0,not_used,community labels are structural network results; they are not official factions and do not replace original-setting faction metadata
JP14,cross_department,music,广有射怪鸟事,广有射怪鸟事 ～ Till When?,広有射怪鳥事　～ Till When?,0.0,0,0.0014104372355430183,0.0,0,0.0,C-04f3e1a029fc3228,CC-04f3e1a029fc3228,louvain,intersection_count,100.0,0.0,1.0,20260801,1.0.0,not_used,community labels are structural network results; they are not official factions and do not replace original-setting faction metadata
JP14,cross_department,music,广重36号neosuperexpress,广重36号 ～ Neo Super-Express,ヒロシゲ36号　～ Neo Super-Express,0.0,0,0.0014104372355430183,0.0,0,0.0,C-40971c8698eaccb3,CC-40971c8698eaccb3,louvain,intersection_count,100.0,0.0,1.0,20260801,1.0.0,not_used,community labels are structural network results; they are not official factions and do not replace original-setting faction metadata
JP14,cross_department,music,废狱摇篮曲,废狱摇篮曲,廃獄ララバイ,0.0,0,0.0014104372355430183,0.0,0,0.0,C-92a339c99a2ef381,CC-92a339c99a2ef381,louvain,intersection_count,100.0,0.0,1.0,20260801,1.0.0,not_used,community labels are structural network results; they are not official factions and do not replace original-setting faction metadata
JP14,cross_department,character,座敷童子,座敷童子,座敷童,0.0,0,0.0014104372355430183,0.0,0,0.0,C-8b1757aaa116f113,CC-8b1757aaa116f113,louvain,intersection_count,100.0,0.0,1.0,20260801,1.0.0,not_used,community labels are structural network results; they are not official factions and do not replace original-setting faction metadata
JP14,cross_department,music,开演间近,开演间近,開演間近,0.0,0,0.0014104372355430183,0.0,0,0.0,C-2a742bdf68a2320c,CC-2a742bdf68a2320c,louvain,intersection_count,100.0,0.0,1.0,20260801,1.0.0,not_used,community labels are structural network results; they are not official factions and do not replace original-setting faction metadata
JP14,cross_department,music,彼岸归航,彼岸归航 ～ Riverside View,彼岸帰航　～ Riverside View,0.0,0,0.0014104372355430183,0.0,0,0.0,C-86ff908c342b5e35,CC-86ff908c342b5e35,louvain,intersection_count,100.0,0.0,1.0,20260801,1.0.0,not_used,community labels are structural network results; they are not official factions and do not replace original-setting faction metadata
JP14,cross_department,music,往来于运河的人与妖,往来于运河的人与妖,運河を行き交う人妖,0.0,0,0.0014104372355430183,0.0,0,0.0,C-58c470dd37b715e0,CC-58c470dd37b715e0,louvain,intersection_count,100.0,0.0,1.0,20260801,1.0.0,not_used,community labels are structural network results; they are not official factions and do not replace original-setting faction metadata
JP14,cross_department,music,徜徉于樱色之海,徜徉于樱色之海,桜色の海を泳いで,0.0,0,0.0014104372355430183,0.0,0,0.0,C-91bec347aa0f10b5,CC-91bec347aa0f10b5,louvain,intersection_count,100.0,0.0,1.0,20260801,1.0.0,not_used,community labels are structural network results; they are not official factions and do not replace original-setting faction metadata
JP14,cross_department,music,御伽之国的鬼岛,御伽之国的鬼岛 ～ Missing Power,御伽の国の鬼が島　～ Missing Power,0.0,0,0.0014104372355430183,0.0,0,0.0,C-6705c3f3a2a373da,CC-6705c3f3a2a373da,louvain,intersection_count,100.0,0.0,1.0,20260801,1.0.0,not_used,community labels are structural network results; they are not official factions and do not replace original-setting faction metadata
JP14,cross_department,music,御柱的墓场graveofbeing,御柱的墓场 ～ Grave of Being,御柱の墓場　～ Grave of Being,0.0,0,0.0014104372355430183,0.0,0,0.0,C-071dff5dc93dafda,CC-071dff5dc93dafda,louvain,intersection_count,100.0,0.0,1.0,20260801,1.0.0,not_used,community labels are structural network results; they are not official factions and do not replace original-setting faction metadata
JP14,cross_department,music,心绮楼囃子,心绮楼囃子,心綺楼囃子,0.0,0,0.0014104372355430183,0.0,0,0.0,C-da113462132e186e,CC-da113462132e186e,louvain,intersection_count,100.0,0.0,1.0,20260801,1.0.0,not_used,community labels are structural network results; they are not official factions and do not replace original-setting faction metadata
JP14,cross_department,music,忘不了那曾依藉的绿意,忘不了，那曾依藉的绿意,忘れがたき、よすがの緑,0.0,0,0.0014104372355430183,0.0,0,0.0,C-1423afa2d9d3d9cc,CC-1423afa2d9d3d9cc,louvain,intersection_count,100.0,0.0,1.0,20260801,1.0.0,not_used,community labels are structural network results; they are not official factions and do not replace original-setting faction metadata
JP14,cross_department,music,怪绮谈mysticsquare,怪绮谈 ～ Mystic Square,怪綺談　～ Mystic Square,0.0,0,0.0014104372355430183,0.0,0,0.0,C-76687646afcb1269,CC-76687646afcb1269,louvain,intersection_count,100.0,0.0,1.0,20260801,1.0.0,not_used,community labels are structural network results; they are not official factions and do not replace original-setting faction metadata
JP14,cross_department,music,恋色masterspark,恋色Master spark（恋色Magic）,恋色マスタースパーク（恋色マジック）,0.0,0,0.0014104372355430183,0.0,0,0.0,C-688b289d22c5facc,CC-688b289d22c5facc,louvain,intersection_count,100.0,0.0,1.0,20260801,1.0.0,not_used,community labels are structural network results; they are not official factions and do not replace original-setting faction metadata
JP14,cross_department,music,恒常不变的参庙祀,恒常不变的参庙祀,恒常不変の参廟祀,0.0,0,0.0014104372355430183,0.0,0,0.0,C-f1f3b2efe3cb3042,CC-f1f3b2efe3cb3042,louvain,intersection_count,100.0,0.0,1.0,20260801,1.0.0,not_used,community labels are structural network results; they are not official factions and do not replace original-setting faction metadata
JP14,cross_department,music,悠久的蒸汽机关,悠久的蒸汽机关,悠久の蒸気機関,0.0,0,0.0014104372355430183,0.0,0,0.0,C-0cbd00620ab584df,CC-0cbd00620ab584df,louvain,intersection_count,100.0,0.0,1.0,20260801,1.0.0,not_used,community labels are structural network results; they are not official factions and do not replace original-setting faction metadata
JP14,cross_department,music,感情的摩天楼,感情的摩天楼 ～ Cosmic Mind,感情の摩天楼　～ Cosmic Mind,0.0,0,0.0014104372355430183,0.0,0,0.0,C-b44a74e71534743c,CC-b44a74e71534743c,louvain,intersection_count,100.0,0.0,1.0,20260801,1.0.0,not_used,community labels are structural network results; they are not official factions and do not replace original-setting faction metadata
JP14,cross_department,music,成对的神兽,成对的神兽,一対の神獣,0.0,0,0.0014104372355430183,0.0,0,0.0,C-9b18f53eaab75ed4,CC-9b18f53eaab75ed4,louvain,intersection_count,100.0,0.0,1.0,20260801,1.0.0,not_used,community labels are structural network results; they are not official factions and do not replace original-setting faction metadata
JP14,cross_department,music,我们的非想天则,我们的非想天则,ぼくらの非想天則,0.0,0,0.0014104372355430183,0.0,0,0.0,C-6b3aeb9427ecba8a,CC-6b3aeb9427ecba8a,louvain,intersection_count,100.0,0.0,1.0,20260801,1.0.0,not_used,community labels are structural network results; they are not official factions and do not replace original-setting faction metadata
JP14,cross_department,music,战车娘所做的梦,战车娘所做的梦,戦車むすめのみるゆめ,0.0,0,0.0014104372355430183,0.0,0,0.0,C-216a76b043269de7,CC-216a76b043269de7,louvain,intersection_count,100.0,0.0,1.0,20260801,1.0.0,not_used,community labels are structural network results; they are not official factions and do not replace original-setting faction metadata
JP14,cross_department,music,战迅,战迅,戦迅,0.0,0,0.0014104372355430183,0.0,0,0.0,C-fdfa9ea4483465ce,CC-fdfa9ea4483465ce,louvain,intersection_count,100.0,0.0,1.0,20260801,1.0.0,not_used,community labels are structural network results; they are not official factions and do not replace original-setting faction metadata
JP14,cross_department,character,抗抑郁药大叔（长相酷似周杰伦的村民）,抗抑郁药大叔（长相酷似周杰伦的村民）,抗鬱薬おじさん,0.0,0,0.0014104372355430183,0.0,0,0.0,C-6b90ad8469782641,CC-6b90ad8469782641,louvain,intersection_count,100.0,0.0,1.0,20260801,1.0.0,not_used,community labels are structural network results; they are not official factions and do not replace original-setting faction metadata
JP14,cross_department,character,摩多罗隐岐奈,摩多罗隐岐奈,摩多羅隠岐奈,0.0,0,0.0014104372355430183,0.0,0,0.0,C-144eb530fa6bed0a,CC-144eb530fa6bed0a,louvain,intersection_count,100.0,0.0,1.0,20260801,1.0.0,not_used,community labels are structural network results; they are not official factions and do not replace original-setting faction metadata
JP14,cross_department,music,收集日本各地的不可思议,收集日本各地的不可思议,日本中の不思議を集めて,0.0,0,0.0014104372355430183,0.0,0,0.0,C-ddf17a79a51b57fc,CC-ddf17a79a51b57fc,louvain,intersection_count,100.0,0.0,1.0,20260801,1.0.0,not_used,community labels are structural network results; they are not official factions and do not replace original-setting faction metadata
JP14,cross_department,music,放纵不羁,放纵不羁,放縦不羈,0.0,0,0.0014104372355430183,0.0,0,0.0,C-7d5214d027c46d69,CC-7d5214d027c46d69,louvain,intersection_count,100.0,0.0,1.0,20260801,1.0.0,not_used,community labels are structural network results; they are not official factions and do not replace original-setting faction metadata
JP14,cross_department,music,故乡之星倒映之海,故乡之星倒映之海,故郷の星が映る海,0.0,0,0.0014104372355430183,0.0,0,0.0,C-12dee9e37a902108,CC-12dee9e37a902108,louvain,intersection_count,100.0,0.0,1.0,20260801,1.0.0,not_used,community labels are structural network results; they are not official factions and do not replace original-setting faction metadata
JP14,cross_department,music,散发着香气的树叶花,散发着香气的树叶花,香る樹葉花,0.0,0,0.0014104372355430183,0.0,0,0.0,C-594ea5b607a57f02,CC-594ea5b607a57f02,louvain,intersection_count,100.0,0.0,1.0,20260801,1.0.0,not_used,community labels are structural network results; they are not official factions and do not replace original-setting faction metadata
JP14,cross_department,character,斯塔萨菲雅,斯塔萨菲雅,スターサファイア,0.0,0,0.0014104372355430183,0.0,0,0.0,C-ae24df7011c0a345,CC-ae24df7011c0a345,louvain,intersection_count,100.0,0.0,1.0,20260801,1.0.0,not_used,community labels are structural network results; they are not official factions and do not replace original-setting faction metadata
JP14,cross_department,music,斯普特尼克幻夜,斯普特尼克幻夜,スプートニク幻夜,0.0,0,0.0014104372355430183,0.0,0,0.0,C-4f8a9ee843090514,CC-4f8a9ee843090514,louvain,intersection_count,100.0,0.0,1.0,20260801,1.0.0,not_used,community labels are structural network results; they are not official factions and do not replace original-setting faction metadata
JP14,cross_department,music,新幻想newfantasy,新幻想 ～ New Fantasy,新幻想　～ New Fantasy,0.0,0,0.0014104372355430183,0.0,0,0.0,C-ff35e56ea4076ab2,CC-ff35e56ea4076ab2,louvain,intersection_count,100.0,0.0,1.0,20260801,1.0.0,not_used,community labels are structural network results; they are not official factions and do not replace original-setting faction metadata
JP14,cross_department,music,无何有之乡deepmountain,无何有之乡 ～ Deep Mountain,無何有の郷　～ Deep Mountain,0.0,0,0.0014104372355430183,0.0,0,0.0,C-8a896390ee8b3950,CC-8a896390ee8b3950,louvain,intersection_count,100.0,0.0,1.0,20260801,1.0.0,not_used,community labels are structural network results; they are not official factions and do not replace original-setting faction metadata
JP14,cross_department,character,无名的读书妖怪（朱鹭子）,无名的读书妖怪（朱鹭子）,名無しの本読み妖怪,0.0,0,0.0014104372355430183,0.0,0,0.0,C-b82708dfc09280ed,CC-b82708dfc09280ed,louvain,intersection_count,100.0,0.0,1.0,20260801,1.0.0,not_used,community labels are structural network results; they are not official factions and do not replace original-setting faction metadata
JP14,cross_department,music,无色之风吹拂妖怪之山,无色之风吹拂妖怪之山,色無き風は妖怪の山に,0.0,0,0.0014104372355430183,0.0,0,0.0,C-1a6c5cd5fa278012,CC-1a6c5cd5fa278012,louvain,intersection_count,100.0,0.0,1.0,20260801,1.0.0,not_used,community labels are structural network results; they are not official factions and do not replace original-setting faction metadata
JP14,cross_department,music,无间之钟infinitenightmare,无间之钟 ～ Infinite Nightmare,無間の鐘　～ Infinite Nightmare,0.0,0,0.0014104372355430183,0.0,0,0.0,C-9c5589a78d77520a,CC-9c5589a78d77520a,louvain,intersection_count,100.0,0.0,1.0,20260801,1.0.0,not_used,community labels are structural network results; they are not official factions and do not replace original-setting faction metadata
JP14,cross_department,music,日常坐卧,日常坐卧,日常坐臥,0.0,0,0.0014104372355430183,0.0,0,0.0,C-c3359fbddbef5052,CC-c3359fbddbef5052,louvain,intersection_count,100.0,0.0,1.0,20260801,1.0.0,not_used,community labels are structural network results; they are not official factions and do not replace original-setting faction metadata
JP14,cross_department,music,旧世界的冒险酒馆,旧世界的冒险酒馆,旧世界の冒険酒場,0.0,0,0.0014104372355430183,0.0,0,0.0,C-14ecdf3621930c6d,CC-14ecdf3621930c6d,louvain,intersection_count,100.0,0.0,1.0,20260801,1.0.0,not_used,community labels are structural network results; they are not official factions and do not replace original-setting faction metadata
JP14,cross_department,character,旧作的无名道中boss,旧作的无名道中Boss,旧作名無し中ボス,0.0,0,0.0014104372355430183,0.0,0,0.0,C-95c3d1dee1f88530,CC-95c3d1dee1f88530,louvain,intersection_count,100.0,0.0,1.0,20260801,1.0.0,not_used,community labels are structural network results; they are not official factions and do not replace original-setting faction metadata
JP14,cross_department,music,时之风,时之风,時の風,0.0,0,0.0014104372355430183,0.0,0,0.0,C-5af5279fa68e0bd1,CC-5af5279fa68e0bd1,louvain,intersection_count,100.0,0.0,1.0,20260801,1.0.0,not_used,community labels are structural network results; they are not official factions and do not replace original-setting faction metadata
JP14,cross_department,music,时代风潮的造访,时代风潮的造访,時代の風の訪れ,0.0,0,0.0014104372355430183,0.0,0,0.0,C-5fcd1abc5156ee37,CC-5fcd1abc5156ee37,louvain,intersection_count,100.0,0.0,1.0,20260801,1.0.0,not_used,community labels are structural network results; they are not official factions and do not replace original-setting faction metadata
JP14,cross_department,music,时刻旺盛的好奇心,时刻旺盛的好奇心,年中夢中の好奇心,0.0,0,0.0014104372355430183,0.0,0,0.0,C-cabf0cbf0a6649a8,CC-cabf0cbf0a6649a8,louvain,intersection_count,100.0,0.0,1.0,20260801,1.0.0,not_used,community labels are structural network results; they are not official factions and do not replace original-setting faction metadata
JP14,cross_department,music,明日之盛昨日之俗,明日之盛，昨日之俗,明日ハレの日、ケの昨日,0.0,0,0.0014104372355430183,0.0,0,0.0,C-2b7ccc321f51c7b7,CC-2b7ccc321f51c7b7,louvain,intersection_count,100.0,0.0,1.0,20260801,1.0.0,not_used,community labels are structural network results; they are not official factions and do not replace original-setting faction metadata
JP14,cross_department,music,明治十七年的上海爱丽丝,明治十七年的上海爱丽丝,明治十七年の上海アリス,0.0,0,0.0014104372355430183,0.0,0,0.0,C-84569da102d37c40,CC-84569da102d37c40,louvain,intersection_count,100.0,0.0,1.0,20260801,1.0.0,not_used,community labels are structural network results; they are not official factions and do not replace original-setting faction metadata
JP14,cross_department,character,明罗,明罗,明羅,0.0,0,0.0014104372355430183,0.0,0,0.0,C-f6d2fb22ea38c3cc,CC-f6d2fb22ea38c3cc,louvain,intersection_count,100.0,0.0,1.0,20260801,1.0.0,not_used,community labels are structural network results; they are not official factions and do not replace original-setting faction metadata
JP14,cross_department,music,昏暗的风穴,昏暗的风穴,暗闇の風穴,0.0,0,0.0014104372355430183,0.0,0,0.0,C-e88846b1d541c939,CC-e88846b1d541c939,louvain,intersection_count,100.0,0.0,1.0,20260801,1.0.0,not_used,community labels are structural network results; they are not official factions and do not replace original-setting faction metadata
JP14,cross_department,character,易者,易者,易者,0.0,0,0.0014104372355430183,0.0,0,0.0,C-fe63cf3b8b558310,CC-fe63cf3b8b558310,louvain,intersection_count,100.0,0.0,1.0,20260801,1.0.0,not_used,community labels are structural network results; they are not official factions and do not replace original-setting faction metadata
JP14,cross_department,music,星之器,星之器 ～ Casket of Star,星の器　～ Casket of Star,0.0,0,0.0014104372355430183,0.0,0,0.0,C-a22ea3b1e4457e71,CC-a22ea3b1e4457e71,louvain,intersection_count,100.0,0.0,1.0,20260801,1.0.0,not_used,community labels are structural network results; they are not official factions and do not replace original-setting faction metadata
JP14,cross_department,music,星幽剑士星幽天使,星幽剑士（星幽天使）,星幽剣士（星幽天使）,0.0,0,0.0014104372355430183,0.0,0,0.0,C-fb10c9a4e9fdc928,CC-fb10c9a4e9fdc928,louvain,intersection_count,100.0,0.0,1.0,20260801,1.0.0,not_used,community labels are structural network results; they are not official factions and do not replace original-setting faction metadata
JP14,cross_department,music,星条旗的小丑,星条旗的小丑,星条旗のピエロ,0.0,0,0.0014104372355430183,0.0,0,0.0,C-1051118b671ea9db,CC-1051118b671ea9db,louvain,intersection_count,100.0,0.0,1.0,20260801,1.0.0,not_used,community labels are structural network results; they are not official factions and do not replace original-setting faction metadata
JP14,cross_department,character,星熊勇仪,星熊勇仪,星熊 勇儀,0.0,0,0.0014104372355430183,0.0,0,0.0,C-d4af4981f458cb4b,CC-d4af4981f458cb4b,louvain,intersection_count,100.0,0.0,1.0,20260801,1.0.0,not_used,community labels are structural network results; they are not official factions and do not replace original-setting faction metadata
JP14,cross_department,music,映花之塚,映花之塚,花の映る塚,0.0,0,0.0014104372355430183,0.0,0,0.0,C-840ba379daea938a,CC-840ba379daea938a,louvain,intersection_count,100.0,0.0,1.0,20260801,1.0.0,not_used,community labels are structural network results; they are not official factions and do not replace original-setting faction metadata
JP14,cross_department,music,春之冰精,春之冰精,春の氷精,0.0,0,0.0014104372355430183,0.0,0,0.0,C-57864643294878b5,CC-57864643294878b5,louvain,intersection_count,100.0,0.0,1.0,20260801,1.0.0,not_used,community labels are structural network results; they are not official factions and do not replace original-setting faction metadata
JP14,cross_department,music,春之冰精静,春之冰精 - 静 -,春の氷精　- 静 -,0.0,0,0.0014104372355430183,0.0,0,0.0,C-f4f3ac0bdf4c00ce,CC-f4f3ac0bdf4c00ce,louvain,intersection_count,100.0,0.0,1.0,20260801,1.0.0,not_used,community labels are structural network results; they are not official factions and do not replace original-setting faction metadata
JP14,cross_department,music,春之港湾,春之港湾,春の湊に,0.0,0,0.0014104372355430183,0.0,0,0.0,C-a3f5dd78ef1c63cd,CC-a3f5dd78ef1c63cd,louvain,intersection_count,100.0,0.0,1.0,20260801,1.0.0,not_used,community labels are structural network results; they are not official factions and do not replace original-setting faction metadata
JP14,cross_department,music,春色小径,春色小径 ～ Colorful Path,春色小径　～ Colorful Path,0.0,0,0.0014104372355430183,0.0,0,0.0,C-78d3423050e01b28,CC-78d3423050e01b28,louvain,intersection_count,100.0,0.0,1.0,20260801,1.0.0,not_used,community labels are structural network results; they are not official factions and do not replace original-setting faction metadata
JP14,cross_department,music,春风之梦,春风之梦,春風の夢,0.0,0,0.0014104372355430183,0.0,0,0.0,C-94b3fb0b2ff2b785,CC-94b3fb0b2ff2b785,louvain,intersection_count,100.0,0.0,1.0,20260801,1.0.0,not_used,community labels are structural network results; they are not official factions and do not replace original-setting faction metadata
JP14,cross_department,music,显现的传承形态,显现的传承形态,顕現した伝承の形,0.0,0,0.0014104372355430183,0.0,0,0.0,C-e04a51e51dea9f37,CC-e04a51e51dea9f37,louvain,intersection_count,100.0,0.0,1.0,20260801,1.0.0,not_used,community labels are structural network results; they are not official factions and do not replace original-setting faction metadata
JP14,cross_department,music,晓云,晓云,暁雲,0.0,0,0.0014104372355430183,0.0,0,0.0,C-799b8206643796ac,CC-799b8206643796ac,louvain,intersection_count,100.0,0.0,1.0,20260801,1.0.0,not_used,community labels are structural network results; they are not official factions and do not replace original-setting faction metadata
JP14,cross_department,music,智略纵横,智略纵横,知略縦横,0.0,0,0.0014104372355430183,0.0,0,0.0,C-d24481b8b3c2d3ba,CC-d24481b8b3c2d3ba,louvain,intersection_count,100.0,0.0,1.0,20260801,1.0.0,not_used,community labels are structural network results; they are not official factions and do not replace original-setting faction metadata
JP14,cross_department,music,暮色苍然,暮色苍然,暮色蒼然,0.0,0,0.0014104372355430183,0.0,0,0.0,C-995966cabbc4e5fa,CC-995966cabbc4e5fa,louvain,intersection_count,100.0,0.0,1.0,20260801,1.0.0,not_used,community labels are structural network results; they are not official factions and do not replace original-setting faction metadata
JP14,cross_department,music,最澄澈的空与海,最澄澈的空与海,最も澄みわたる空と海,0.0,0,0.0014104372355430183,0.0,0,0.0,C-147f9f96d6936cd0,CC-147f9f96d6936cd0,louvain,intersection_count,100.0,0.0,1.0,20260801,1.0.0,not_used,community labels are structural network results; they are not official factions and do not replace original-setting faction metadata
JP14,cross_department,music,月之妖鸟化猫之幻,月之妖鸟、化猫之幻,月の妖鳥、化猫の幻,0.0,0,0.0014104372355430183,0.0,0,0.0,C-77e24e9ff63214b8,CC-77e24e9ff63214b8,louvain,intersection_count,100.0,0.0,1.0,20260801,1.0.0,not_used,community labels are structural network results; they are not official factions and do not replace original-setting faction metadata
JP14,cross_department,character,月之都的门卫,月之都的门卫,月の都の門番,0.0,0,0.0014104372355430183,0.0,0,0.0,C-37e5f3b4f9be34a9,CC-37e5f3b4f9be34a9,louvain,intersection_count,100.0,0.0,1.0,20260801,1.0.0,not_used,community labels are structural network results; they are not official factions and do not replace original-setting faction metadata
JP14,cross_department,music,月时计,月时计 ～ Luna Dial,月時計　～ ルナ・ダイアル,0.0,0,0.0014104372355430183,0.0,0,0.0,C-8c83635626d0930b,CC-8c83635626d0930b,louvain,intersection_count,100.0,0.0,1.0,20260801,1.0.0,not_used,community labels are structural network results; they are not official factions and do not replace original-setting faction metadata
JP14,cross_department,music,月见草,月见草,月見草,0.0,0,0.0014104372355430183,0.0,0,0.0,C-931367448b8bf43a,CC-931367448b8bf43a,louvain,intersection_count,100.0,0.0,1.0,20260801,1.0.0,not_used,community labels are structural network results; they are not official factions and do not replace original-setting faction metadata
JP14,cross_department,music,月轮,月轮,月輪,0.0,0,0.0014104372355430183,0.0,0,0.0,C-7f32f01b8fbd9371,CC-7f32f01b8fbd9371,louvain,intersection_count,100.0,0.0,1.0,20260801,1.0.0,not_used,community labels are structural network results; they are not official factions and do not replace original-setting faction metadata
JP14,cross_department,music,有人气的场所,有人气的场所,人気のある場所,0.0,0,0.0014104372355430183,0.0,0,0.0,C-1ca1dcb2361f8e63,CC-1ca1dcb2361f8e63,louvain,intersection_count,100.0,0.0,1.0,20260801,1.0.0,not_used,community labels are structural network results; they are not official factions and do not replace original-setting faction metadata
JP14,cross_department,music,有珠子的日常,有珠子的日常,ボールのある日常,0.0,0,0.0014104372355430183,0.0,0,0.0,C-b8c4b1882c67a7ae,CC-b8c4b1882c67a7ae,louvain,intersection_count,100.0,0.0,1.0,20260801,1.0.0,not_used,community labels are structural network results; they are not official factions and do not replace original-setting faction metadata
JP14,cross_department,music,有顶天变,有顶天变 ～ Wonderful Heaven,有頂天変　～ Wonderful Heaven,0.0,0,0.0014104372355430183,0.0,0,0.0,C-687cd69baa4fb6c9,CC-687cd69baa4fb6c9,louvain,intersection_count,100.0,0.0,1.0,20260801,1.0.0,not_used,community labels are structural network results; they are not official factions and do not replace original-setting faction metadata
JP14,cross_department,character,朝仓理香子,朝仓理香子,朝倉 理香子,0.0,0,0.0014104372355430183,0.0,0,0.0,C-a3e38dbf40746a57,CC-a3e38dbf40746a57,louvain,intersection_count,100.0,0.0,1.0,20260801,1.0.0,not_used,community labels are structural network results; they are not official factions and do not replace original-setting faction metadata
JP14,cross_department,character,木花咲耶姬,木花咲耶姬,木花咲耶姫,0.0,0,0.0014104372355430183,0.0,0,0.0,C-1af850ea1df9d175,CC-1af850ea1df9d175,louvain,intersection_count,100.0,0.0,1.0,20260801,1.0.0,not_used,community labels are structural network results; they are not official factions and do not replace original-setting faction metadata
JP14,cross_department,music,未知之花魅知之旅,未知之花 魅知之旅,未知の花 魅知の旅,0.0,0,0.0014104372355430183,0.0,0,0.0,C-0d518776d359f5d4,CC-0d518776d359f5d4,louvain,intersection_count,100.0,0.0,1.0,20260801,1.0.0,not_used,community labels are structural network results; they are not official factions and do not replace original-setting faction metadata
JP14,cross_department,music,未知物x,未知物X,アンノウンX,0.0,0,0.0014104372355430183,0.0,0,0.0,C-79bf731ac556fad7,CC-79bf731ac556fad7,louvain,intersection_count,100.0,0.0,1.0,20260801,1.0.0,not_used,community labels are structural network results; they are not official factions and do not replace original-setting faction metadata
JP14,cross_department,character,本居小铃,本居小铃,本居 小鈴,0.0,0,0.0014104372355430183,0.0,0,0.0,C-68858493460be263,CC-68858493460be263,louvain,intersection_count,100.0,0.0,1.0,20260801,1.0.0,not_used,community labels are structural network results; they are not official factions and do not replace original-setting faction metadata
JP14,cross_department,music,本日的头版头条,本日的头版头条,本日の一面記事,0.0,0,0.0014104372355430183,0.0,0,0.0,C-03c3daeb74aeb469,CC-03c3daeb74aeb469,louvain,intersection_count,100.0,0.0,1.0,20260801,1.0.0,not_used,community labels are structural network results; they are not official factions and do not replace original-setting faction metadata
JP14,cross_department,character,村纱水蜜,村纱水蜜,村紗 水蜜,0.0,0,0.0014104372355430183,0.0,0,0.0,C-707c11e28cfb1995,CC-707c11e28cfb1995,louvain,intersection_count,100.0,0.0,1.0,20260801,1.0.0,not_used,community labels are structural network results; they are not official factions and do not replace original-setting faction metadata
JP14,cross_department,character,村里的人类（在文花帖、求闻史记、铃奈庵等登场的人类）,村里的人类（在文花帖、求闻史记、铃奈庵等登场的人类）,里の人間（文花帖、求聞史紀、鈴奈庵などで登場した人間）,0.0,0,0.0014104372355430183,0.0,0,0.0,C-9f408f3b0ece3d77,CC-9f408f3b0ece3d77,louvain,intersection_count,100.0,0.0,1.0,20260801,1.0.0,not_used,community labels are structural network results; they are not official factions and do not replace original-setting faction metadata
JP14,cross_department,music,来吧直到倒地死去的那一刻,来吧，直到倒地死去的那一刻,いざ、倒れ逝くその時まで,0.0,0,0.0014104372355430183,0.0,0,0.0,C-f1334a5b3ddbb19f,CC-f1334a5b3ddbb19f,louvain,intersection_count,100.0,0.0,1.0,20260801,1.0.0,not_used,community labels are structural network results; they are not official factions and do not replace original-setting faction metadata
JP14,cross_department,music,柳树下的杜拉罕,柳树下的杜拉罕,柳の下のデュラハン,0.0,0,0.0014104372355430183,0.0,0,0.0,C-398093bd5da408aa,CC-398093bd5da408aa,louvain,intersection_count,100.0,0.0,1.0,20260801,1.0.0,not_used,community labels are structural network results; they are not official factions and do not replace original-setting faction metadata
JP14,cross_department,character,核热造神非想天则,核热造神非想天则,核熱造神ヒソウテンソク,0.0,0,0.0014104372355430183,0.0,0,0.0,C-917a9f6ff9b717b8,CC-917a9f6ff9b717b8,louvain,intersection_count,100.0,0.0,1.0,20260801,1.0.0,not_used,community labels are structural network results; they are not official factions and do not replace original-setting faction metadata
JP14,cross_department,character,桑尼米尔克,桑尼米尔克,サニーミルク,0.0,0,0.0014104372355430183,0.0,0,0.0,C-86a3c98ea2b5ade1,CC-86a3c98ea2b5ade1,louvain,intersection_count,100.0,0.0,1.0,20260801,1.0.0,not_used,community labels are structural network results; they are not official factions and do not replace original-setting faction metadata
JP14,cross_department,music,桑尼米尔克的红雾异变,桑尼米尔克的红雾异变,サニーミルクの紅霧異変,0.0,0,0.0014104372355430183,0.0,0,0.0,C-86c07198ece2f29a,CC-86c07198ece2f29a,louvain,intersection_count,100.0,0.0,1.0,20260801,1.0.0,not_used,community labels are structural network results; they are not official factions and do not replace original-setting faction metadata
JP14,cross_department,character,梅蒂欣梅兰可莉,梅蒂欣·梅兰可莉,メディスン・メランコリー,0.0,0,0.0014104372355430183,0.0,0,0.0,C-3229cd68cddd30b1,CC-3229cd68cddd30b1,louvain,intersection_count,100.0,0.0,1.0,20260801,1.0.0,not_used,community labels are structural network results; they are not official factions and do not replace original-setting faction metadata
JP14,cross_department,character,梅露兰普莉兹姆利巴,梅露兰·普莉兹姆利巴,メルラン・プリズムリバー,0.0,0,0.0014104372355430183,0.0,0,0.0,C-5a8130b392cb258c,CC-5a8130b392cb258c,louvain,intersection_count,100.0,0.0,1.0,20260801,1.0.0,not_used,community labels are structural network results; they are not official factions and do not replace original-setting faction metadata
JP14,cross_department,music,梦境与现实的境界,梦境与现实的境界,夢と現の境界,0.0,0,0.0014104372355430183,0.0,0,0.0,C-01a79d41124585d3,CC-01a79d41124585d3,louvain,intersection_count,100.0,0.0,1.0,20260801,1.0.0,not_used,community labels are structural network results; they are not official factions and do not replace original-setting faction metadata
JP14,cross_department,character,梦子,梦子,夢子,0.0,0,0.0014104372355430183,0.0,0,0.0,C-cee251daef346178,CC-cee251daef346178,louvain,intersection_count,100.0,0.0,1.0,20260801,1.0.0,not_used,community labels are structural network results; they are not official factions and do not replace original-setting faction metadata
JP14,cross_department,music,梦幻回廊,梦幻回廊,夢幻回廊,0.0,0,0.0014104372355430183,0.0,0,0.0,C-1717ba6f2093d32c,CC-1717ba6f2093d32c,louvain,intersection_count,100.0,0.0,1.0,20260801,1.0.0,not_used,community labels are structural network results; they are not official factions and do not replace original-setting faction metadata
JP14,cross_department,music,梦幻游戏dreamwar,梦幻游戏 ～ Dream War,夢幻遊戯　～ Dream War,0.0,0,0.0014104372355430183,0.0,0,0.0,C-32f5c6f09bc67160,CC-32f5c6f09bc67160,louvain,intersection_count,100.0,0.0,1.0,20260801,1.0.0,not_used,community labels are structural network results; they are not official factions and do not replace original-setting faction metadata
JP14,cross_department,music,梦想时空,梦想时空,夢想時空,0.0,0,0.0014104372355430183,0.0,0,0.0,C-8db92e780e39a58a,CC-8db92e780e39a58a,louvain,intersection_count,100.0,0.0,1.0,20260801,1.0.0,not_used,community labels are structural network results; they are not official factions and do not replace original-setting faction metadata
JP14,cross_department,music,梦想超越时空,梦想超越时空,夢は時空を越えて,0.0,0,0.0014104372355430183,0.0,0,0.0,C-71df8fab5f0d17e8,CC-71df8fab5f0d17e8,louvain,intersection_count,100.0,0.0,1.0,20260801,1.0.0,not_used,community labels are structural network results; they are not official factions and do not replace original-setting faction metadata
JP14,cross_department,character,梦月,梦月,夢月,0.0,0,0.0014104372355430183,0.0,0,0.0,C-041c12107d97f2a3,CC-041c12107d97f2a3,louvain,intersection_count,100.0,0.0,1.0,20260801,1.0.0,not_used,community labels are structural network results; they are not official factions and do not replace original-setting faction metadata
JP14,cross_department,music,梦机械innocentpower,梦机械 ～ Innocent Power,夢機械　～ Innocent Power,0.0,0,0.0014104372355430183,0.0,0,0.0,C-2a1636318b8e3a6e,CC-2a1636318b8e3a6e,louvain,intersection_count,100.0,0.0,1.0,20260801,1.0.0,not_used,community labels are structural network results; they are not official factions and do not replace original-setting faction metadata
JP14,cross_department,music,梦殿大祀庙,梦殿大祀庙,夢殿大祀廟,0.0,0,0.0014104372355430183,0.0,0,0.0,C-66f42493670d8fc7,CC-66f42493670d8fc7,louvain,intersection_count,100.0,0.0,1.0,20260801,1.0.0,not_used,community labels are structural network results; they are not official factions and do not replace original-setting faction metadata
JP14,cross_department,music,梦消失lostdream,梦消失 ～ Lost Dream,夢消失　～ Lost Dream,0.0,0,0.0014104372355430183,0.0,0,0.0,C-64dfcf4576a1905a,CC-64dfcf4576a1905a,louvain,intersection_count,100.0,0.0,1.0,20260801,1.0.0,not_used,community labels are structural network results; they are not official factions and do not replace original-setting faction metadata
JP14,cross_department,character,森近霖之助,森近霖之助,森近 霖之助,0.0,0,0.0014104372355430183,0.0,0,0.0,C-9139b0ecc0d731a3,CC-9139b0ecc0d731a3,louvain,intersection_count,100.0,0.0,1.0,20260801,1.0.0,not_used,community labels are structural network results; they are not official factions and do not replace original-setting faction metadata
JP14,cross_department,music,森闲,森闲,森閑,0.0,0,0.0014104372355430183,0.0,0,0.0,C-23b49dc03a24d9c3,CC-23b49dc03a24d9c3,louvain,intersection_count,100.0,0.0,1.0,20260801,1.0.0,not_used,community labels are structural network results; they are not official factions and do not replace original-setting faction metadata
JP14,cross_department,music,樱花之恋塚,樱花之恋塚,桜花之恋塚,0.0,0,0.0014104372355430183,0.0,0,0.0,C-06fe65cff80cd3d7,CC-06fe65cff80cd3d7,louvain,intersection_count,100.0,0.0,1.0,20260801,1.0.0,not_used,community labels are structural network results; they are not official factions and do not replace original-setting faction metadata
JP14,cross_department,music,樱花樱花japanizedream,樱花樱花 ～ Japanize Dream...,さくらさくら　～ Japanize Dream...,0.0,0,0.0014104372355430183,0.0,0,0.0,C-d4c7ab08669ddb13,CC-d4c7ab08669ddb13,louvain,intersection_count,100.0,0.0,1.0,20260801,1.0.0,not_used,community labels are structural network results; they are not official factions and do not replace original-setting faction metadata
JP14,cross_department,music,樱花舞落的天空,樱花舞落的天空,桜舞い散る天空,0.0,0,0.0014104372355430183,0.0,0,0.0,C-0d4130d636b0afc4,CC-0d4130d636b0afc4,louvain,intersection_count,100.0,0.0,1.0,20260801,1.0.0,not_used,community labels are structural network results; they are not official factions and do not replace original-setting faction metadata
JP14,cross_department,character,橙,橙,橙,0.0,0,0.0014104372355430183,0.0,0,0.0,C-39c857ddd9e61b77,CC-39c857ddd9e61b77,louvain,intersection_count,100.0,0.0,1.0,20260801,1.0.0,not_used,community labels are structural network results; they are not official factions and do not replace original-setting faction metadata
JP14,cross_department,music,欢迎来到妖怪寺,欢迎来到妖怪寺,妖怪寺へようこそ,0.0,0,0.0014104372355430183,0.0,0,0.0,C-41fce4856f1bfeef,CC-41fce4856f1bfeef,louvain,intersection_count,100.0,0.0,1.0,20260801,1.0.0,not_used,community labels are structural network results; they are not official factions and do not replace original-setting faction metadata
JP14,cross_department,music,欢迎来到月面旅行团,欢迎来到月面旅行团,月面ツアーへようこそ,0.0,0,0.0014104372355430183,0.0,0,0.0,C-79792d0589af3616,CC-79792d0589af3616,louvain,intersection_count,100.0,0.0,1.0,20260801,1.0.0,not_used,community labels are structural network results; they are not official factions and do not replace original-setting faction metadata
JP14,cross_department,music,欲望深重的灵魂,欲望深重的灵魂,欲深き霊魂,0.0,0,0.0014104372355430183,0.0,0,0.0,C-b6e786acb19819dc,CC-b6e786acb19819dc,louvain,intersection_count,100.0,0.0,1.0,20260801,1.0.0,not_used,community labels are structural network results; they are not official factions and do not replace original-setting faction metadata
JP14,cross_department,music,此岸之塚,此岸之塚,此岸の塚,0.0,0,0.0014104372355430183,0.0,0,0.0,C-e9875629c1a997f0,CC-e9875629c1a997f0,louvain,intersection_count,100.0,0.0,1.0,20260801,1.0.0,not_used,community labels are structural network results; they are not official factions and do not replace original-setting faction metadata
JP14,cross_department,music,死灵的夜樱,死灵的夜樱,死霊の夜桜,0.0,0,0.0014104372355430183,0.0,0,0.0,C-2add695f4b51aa32,CC-2add695f4b51aa32,louvain,intersection_count,100.0,0.0,1.0,20260801,1.0.0,not_used,community labels are structural network results; they are not official factions and do not replace original-setting faction metadata
JP14,cross_department,music,比普朗克更短的须臾,比普朗克更短的须臾,須臾はプランクを超えて,0.0,0,0.0014104372355430183,0.0,0,0.0,C-f6186c4980243982,CC-f6186c4980243982,louvain,intersection_count,100.0,0.0,1.0,20260801,1.0.0,not_used,community labels are structural network results; they are not official factions and do not replace original-setting faction metadata
JP14,cross_department,music,比红色更虚无的永远,比红色更虚无的永远,紅より儚い永遠,0.0,0,0.0014104372355430183,0.0,0,0.0,C-a0689a536c575c46,CC-a0689a536c575c46,louvain,intersection_count,100.0,0.0,1.0,20260801,1.0.0,not_used,community labels are structural network results; they are not official factions and do not replace original-setting faction metadata
JP14,cross_department,music,比赤色更红的梦,比赤色更红的梦,赤より紅い夢,0.0,0,0.0014104372355430183,0.0,0,0.0,C-7796f46d0884637b,CC-7796f46d0884637b,louvain,intersection_count,100.0,0.0,1.0,20260801,1.0.0,not_used,community labels are structural network results; they are not official factions and do not replace original-setting faction metadata
JP14,cross_department,character,比那名居天子,比那名居天子,比那名居 天子,0.0,0,0.0014104372355430183,0.0,0,0.0,C-d23f7a3fa8f2494f,CC-d23f7a3fa8f2494f,louvain,intersection_count,100.0,0.0,1.0,20260801,1.0.0,not_used,community labels are structural network results; they are not official factions and do not replace original-setting faction metadata
JP14,cross_department,character,毘沙门天,毘沙门天,毘沙門天,0.0,0,0.0014104372355430183,0.0,0,0.0,C-8f74df90fcb804c2,CC-8f74df90fcb804c2,louvain,intersection_count,100.0,0.0,1.0,20260801,1.0.0,not_used,community labels are structural network results; they are not official factions and do not replace original-setting faction metadata
JP14,cross_department,character,毛玉,毛玉,毛玉,0.0,0,0.0014104372355430183,0.0,0,0.0,C-3063adc06999d3e4,CC-3063adc06999d3e4,louvain,intersection_count,100.0,0.0,1.0,20260801,1.0.0,not_used,community labels are structural network results; they are not official factions and do not replace original-setting faction metadata
JP14,cross_department,character,水桥帕露西,水桥帕露西,水橋 パルスィ,0.0,0,0.0014104372355430183,0.0,0,0.0,C-8f4a2ce0c430d60a,CC-8f4a2ce0c430d60a,louvain,intersection_count,100.0,0.0,1.0,20260801,1.0.0,not_used,community labels are structural network results; they are not official factions and do not replace original-setting faction metadata
JP14,cross_department,character,水江浦岛子（瑞江浦岛子）,水江浦岛子（瑞江浦岛子）,水江浦島子,0.0,0,0.0014104372355430183,0.0,0,0.0,C-a542f2c4a5d4e7d7,CC-a542f2c4a5d4e7d7,louvain,intersection_count,100.0,0.0,1.0,20260801,1.0.0,not_used,community labels are structural network results; they are not official factions and do not replace original-setting faction metadata
JP14,cross_department,music,永夜抄easternnight,永夜抄 ～ Eastern Night.,永夜抄　～ Eastern Night.,0.0,0,0.0014104372355430183,0.0,0,0.0,C-3cb6ac04956962a4,CC-3cb6ac04956962a4,louvain,intersection_count,100.0,0.0,1.0,20260801,1.0.0,not_used,community labels are structural network results; they are not official factions and do not replace original-setting faction metadata
JP14,cross_department,music,永夜的报应imperishablenight,永夜的报应 ～ Imperishable Night,永夜の報い　～ Imperishable Night,0.0,0,0.0014104372355430183,0.0,0,0.0,C-151be2067043bfe6,CC-151be2067043bfe6,louvain,intersection_count,100.0,0.0,1.0,20260801,1.0.0,not_used,community labels are structural network results; they are not official factions and do not replace original-setting faction metadata
JP14,cross_department,character,永江衣玖,永江衣玖,永江 衣玖,0.0,0,0.0014104372355430183,0.0,0,0.0,C-2d757ae3e49349ad,CC-2d757ae3e49349ad,louvain,intersection_count,100.0,0.0,1.0,20260801,1.0.0,not_used,community labels are structural network results; they are not official factions and do not replace original-setting faction metadata
JP14,cross_department,music,永远之巫女,永远之巫女,永遠の巫女,0.0,0,0.0014104372355430183,0.0,0,0.0,C-f4b4e1c77b7ebe1f,CC-f4b4e1c77b7ebe1f,louvain,intersection_count,100.0,0.0,1.0,20260801,1.0.0,not_used,community labels are structural network results; they are not official factions and do not replace original-setting faction metadata
JP14,cross_department,music,永远延续的回廊,永远延续的回廊,永遠に続く回廊,0.0,0,0.0014104372355430183,0.0,0,0.0,C-c3e14ecae5982a0e,CC-c3e14ecae5982a0e,louvain,intersection_count,100.0,0.0,1.0,20260801,1.0.0,not_used,community labels are structural network results; they are not official factions and do not replace original-setting faction metadata
JP14,cross_department,music,永远的三日天下,永远的三日天下,永遠の三日天下,0.0,0,0.0014104372355430183,0.0,0,0.0,C-73efffc530798f83,CC-73efffc530798f83,louvain,intersection_count,100.0,0.0,1.0,20260801,1.0.0,not_used,community labels are structural network results; they are not official factions and do not replace original-setting faction metadata
JP14,cross_department,music,永远的乐园,永远的乐园,久遠の楽園,0.0,0,0.0014104372355430183,0.0,0,0.0,C-d41857303082e4b9,CC-d41857303082e4b9,louvain,intersection_count,100.0,0.0,1.0,20260801,1.0.0,not_used,community labels are structural network results; they are not official factions and do not replace original-setting faction metadata
JP14,cross_department,music,永远的春梦,永远的春梦,永遠の春夢,0.0,0,0.0014104372355430183,0.0,0,0.0,C-2f6359c71da64f65,CC-2f6359c71da64f65,louvain,intersection_count,100.0,0.0,1.0,20260801,1.0.0,not_used,community labels are structural network results; they are not official factions and do not replace original-setting faction metadata
JP14,cross_department,music,永远的满月,永远的满月,永遠の満月,0.0,0,0.0014104372355430183,0.0,0,0.0,C-1f1e0d9311d0bc94,CC-1f1e0d9311d0bc94,louvain,intersection_count,100.0,0.0,1.0,20260801,1.0.0,not_used,community labels are structural network results; they are not official factions and do not replace original-setting faction metadata
JP14,cross_department,music,沉向空中的辉针城,沉向空中的辉针城,空中に沈む輝針城,0.0,0,0.0014104372355430183,0.0,0,0.0,C-25b223945c4d37cf,CC-25b223945c4d37cf,louvain,intersection_count,100.0,0.0,1.0,20260801,1.0.0,not_used,community labels are structural network results; they are not official factions and do not replace original-setting faction metadata
JP14,cross_department,music,沉睡的恐怖sleepingterror,沉睡的恐怖 ～ Sleeping Terror,眠れる恐怖　～ Sleeping Terror,0.0,0,0.0014104372355430183,0.0,0,0.0,C-6462f20ee609e0bc,CC-6462f20ee609e0bc,louvain,intersection_count,100.0,0.0,1.0,20260801,1.0.0,not_used,community labels are structural network results; they are not official factions and do not replace original-setting faction metadata
JP14,cross_department,character,沓颊,沓颊,沓頬,0.0,0,0.0014104372355430183,0.0,0,0.0,C-0d84651183a2bea8,CC-0d84651183a2bea8,louvain,intersection_count,100.0,0.0,1.0,20260801,1.0.0,not_used,community labels are structural network results; they are not official factions and do not replace original-setting faction metadata
JP14,cross_department,music,没用上的场所,没用上的场所,使われなかった場所,0.0,0,0.0014104372355430183,0.0,0,0.0,C-42925da824ed6912,CC-42925da824ed6912,louvain,intersection_count,100.0,0.0,1.0,20260801,1.0.0,not_used,community labels are structural network results; they are not official factions and do not replace original-setting faction metadata
JP14,cross_department,character,河城荷取,河城荷取,河城 にとり,0.0,0,0.0014104372355430183,0.0,0,0.0,C-a8524fd1247cd4cf,CC-a8524fd1247cd4cf,louvain,intersection_count,100.0,0.0,1.0,20260801,1.0.0,not_used,community labels are structural network results; they are not official factions and do not replace original-setting faction metadata
JP14,cross_department,character,河童（含山童）,河童（含山童）,河童（山童含む）,0.0,0,0.0014104372355430183,0.0,0,0.0,C-da1dc60572fa094e,CC-da1dc60572fa094e,louvain,intersection_count,100.0,0.0,1.0,20260801,1.0.0,not_used,community labels are structural network results; they are not official factions and do not replace original-setting faction metadata
JP14,cross_department,music,法力之下的平等,法力之下的平等,法力の下の平等,0.0,0,0.0014104372355430183,0.0,0,0.0,C-f1f0c1b6b4a454f6,CC-f1f0c1b6b4a454f6,louvain,intersection_count,100.0,0.0,1.0,20260801,1.0.0,not_used,community labels are structural network results; they are not official factions and do not replace original-setting faction metadata
JP14,cross_department,music,法界之火,法界之火,法界の火,0.0,0,0.0014104372355430183,0.0,0,0.0,C-b1ad5888bb652b10,CC-b1ad5888bb652b10,louvain,intersection_count,100.0,0.0,1.0,20260801,1.0.0,not_used,community labels are structural network results; they are not official factions and do not replace original-setting faction metadata
JP14,cross_department,music,泽之河童的技术力,泽之河童的技术力,沢の河童の技術力,0.0,0,0.0014104372355430183,0.0,0,0.0,C-00d87549b7cade2a,CC-00d87549b7cade2a,louvain,intersection_count,100.0,0.0,1.0,20260801,1.0.0,not_used,community labels are structural network results; they are not official factions and do not replace original-setting faction metadata
JP14,cross_department,character,洩矢诹访子,洩矢诹访子,洩矢 諏訪子,0.0,0,0.0014104372355430183,0.0,0,0.0,C-5b227a7a24b02c81,CC-5b227a7a24b02c81,louvain,intersection_count,100.0,0.0,1.0,20260801,1.0.0,not_used,community labels are structural network results; they are not official factions and do not replace original-setting faction metadata
JP14,cross_department,music,活泼的纯情小姑娘,活泼的纯情小姑娘,おてんば恋娘,0.0,0,0.0014104372355430183,0.0,0,0.0,C-5bc67725f54db2bb,CC-5bc67725f54db2bb,louvain,intersection_count,100.0,0.0,1.0,20260801,1.0.0,not_used,community labels are structural network results; they are not official factions and do not replace original-setting faction metadata
JP14,cross_department,music,浪漫逃飞行,浪漫逃飞行,ロマンチック逃飛行,0.0,0,0.0014104372355430183,0.0,0,0.0,C-44809fe082d41d13,CC-44809fe082d41d13,louvain,intersection_count,100.0,0.0,1.0,20260801,1.0.0,not_used,community labels are structural network results; they are not official factions and do not replace original-setting faction metadata
JP14,cross_department,music,深山的遭遇,深山的遭遇,山奥のエンカウンター,0.0,0,0.0014104372355430183,0.0,0,0.0,C-1e0265b212b28e1b,CC-1e0265b212b28e1b,louvain,intersection_count,100.0,0.0,1.0,20260801,1.0.0,not_used,community labels are structural network results; they are not official factions and do not replace original-setting faction metadata
JP14,cross_department,character,清兰,清兰,清蘭,0.0,0,0.0014104372355430183,0.0,0,0.0,C-528bb5c2c0028b32,CC-528bb5c2c0028b32,louvain,intersection_count,100.0,0.0,1.0,20260801,1.0.0,not_used,community labels are structural network results; they are not official factions and do not replace original-setting faction metadata
JP14,cross_department,music,湖上倒映着洁净的月光,湖上倒映着洁净的月光,湖は浄めの月光を映して,0.0,0,0.0014104372355430183,0.0,0,0.0,C-68fefe6be50f3581,CC-68fefe6be50f3581,louvain,intersection_count,100.0,0.0,1.0,20260801,1.0.0,not_used,community labels are structural network results; they are not official factions and do not replace original-setting faction metadata
JP14,cross_department,music,满月的竹林,满月的竹林,満月の竹林,0.0,0,0.0014104372355430183,0.0,0,0.0,C-6731c67ff1c22b5c,CC-6731c67ff1c22b5c,louvain,intersection_count,100.0,0.0,1.0,20260801,1.0.0,not_used,community labels are structural network results; they are not official factions and do not replace original-setting faction metadata
JP14,cross_department,music,漂浮于宇宙之中的幻想乡,漂浮于宇宙之中的幻想乡,宇宙に浮かぶ幻想郷,0.0,0,0.0014104372355430183,0.0,0,0.0,C-88b08b094fff4dd6,CC-88b08b094fff4dd6,louvain,intersection_count,100.0,0.0,1.0,20260801,1.0.0,not_used,community labels are structural network results; they are not official factions and do not replace original-setting faction metadata
JP14,cross_department,music,漫游旧地狱街道,漫游旧地狱街道,旧地獄街道を行く,0.0,0,0.0014104372355430183,0.0,0,0.0,C-41783073cfa7a062,CC-41783073cfa7a062,louvain,intersection_count,100.0,0.0,1.0,20260801,1.0.0,not_used,community labels are structural network results; they are not official factions and do not replace original-setting faction metadata
JP14,cross_department,character,火焰猫燐,火焰猫燐,火焔猫 燐,0.0,0,0.0014104372355430183,0.0,0,0.0,C-14409bb8b5dbe3cc,CC-14409bb8b5dbe3cc,louvain,intersection_count,100.0,0.0,1.0,20260801,1.0.0,not_used,community labels are structural network results; they are not official factions and do not replace original-setting faction metadata
JP14,cross_department,music,灰姑娘的笼子,灰姑娘的笼子 ～ Kagome-Kagome,シンデレラケージ　～ Kagome-Kagome,0.0,0,0.0014104372355430183,0.0,0,0.0,C-c78d2669c59b6ee9,CC-c78d2669c59b6ee9,louvain,intersection_count,100.0,0.0,1.0,20260801,1.0.0,not_used,community labels are structural network results; they are not official factions and do not replace original-setting faction metadata
JP14,cross_department,character,灵乌路空,灵乌路空,霊烏路 空,0.0,0,0.0014104372355430183,0.0,0,0.0,C-1b69e39c94f456e1,CC-1b69e39c94f456e1,louvain,intersection_count,100.0,0.0,1.0,20260801,1.0.0,not_used,community labels are structural network results; they are not official factions and do not replace original-setting faction metadata
JP14,cross_department,music,灵人的休息日,灵人的休息日,霊人の休日,0.0,0,0.0014104372355430183,0.0,0,0.0,C-b68c7ee4ca14dac2,CC-b68c7ee4ca14dac2,louvain,intersection_count,100.0,0.0,1.0,20260801,1.0.0,not_used,community labels are structural network results; they are not official factions and do not replace original-setting faction metadata
JP14,cross_department,music,灵天spiritualheaven,灵天 ～ Spiritual Heaven,霊天　～ Spiritual Heaven,0.0,0,0.0014104372355430183,0.0,0,0.0,C-77099b106e6490a7,CC-77099b106e6490a7,louvain,intersection_count,100.0,0.0,1.0,20260801,1.0.0,not_used,community labels are structural network results; they are not official factions and do not replace original-setting faction metadata
JP14,cross_department,music,灵异任你选,灵异任你选,オカルトアラカルト,0.0,0,0.0014104372355430183,0.0,0,0.0,C-a9e3e4b4daffc767,CC-a9e3e4b4daffc767,louvain,intersection_count,100.0,0.0,1.0,20260801,1.0.0,not_used,community labels are structural network results; they are not official factions and do not replace original-setting faction metadata
JP14,cross_department,music,灵战perditioncrisis,灵战 ～ Perdition crisis,霊戦　～ Perdition crisis,0.0,0,0.0014104372355430183,0.0,0,0.0,C-004a17591dcc29f6,CC-004a17591dcc29f6,louvain,intersection_count,100.0,0.0,1.0,20260801,1.0.0,not_used,community labels are structural network results; they are not official factions and do not replace original-setting faction metadata
JP14,cross_department,music,灵知的太阳信仰,灵知的太阳信仰 ～ Nuclear Fusion,霊知の太陽信仰　～ Nuclear Fusion,0.0,0,0.0014104372355430183,0.0,0,0.0,C-2beb00eea07add37,CC-2beb00eea07add37,louvain,intersection_count,100.0,0.0,1.0,20260801,1.0.0,not_used,community labels are structural network results; they are not official factions and do not replace original-setting faction metadata
JP14,cross_department,music,灵魂安息之所,灵魂安息之所,魂の休らむ所,0.0,0,0.0014104372355430183,0.0,0,0.0,C-b049cd96977c506b,CC-b049cd96977c506b,louvain,intersection_count,100.0,0.0,1.0,20260801,1.0.0,not_used,community labels are structural network results; they are not official factions and do not replace original-setting faction metadata
JP14,cross_department,character,烟烟罗,烟烟罗,煙々羅,0.0,0,0.0014104372355430183,0.0,0,0.0,C-13edfcf787f70475,CC-13edfcf787f70475,louvain,intersection_count,100.0,0.0,1.0,20260801,1.0.0,not_used,community labels are structural network results; they are not official factions and do not replace original-setting faction metadata
JP14,cross_department,music,燃起犯规的狼烟,燃起犯规的狼烟,反則の狼煙を上げろ,0.0,0,0.0014104372355430183,0.0,0,0.0,C-997d83e72aeee0df,CC-997d83e72aeee0df,louvain,intersection_count,100.0,0.0,1.0,20260801,1.0.0,not_used,community labels are structural network results; they are not official factions and do not replace original-setting faction metadata
JP14,cross_department,music,燕石博物志所带来的黑暗,燕石博物志所带来的黑暗,燕石博物誌が連れてきた闇,0.0,0,0.0014104372355430183,0.0,0,0.0,C-2316da36d1ef42d8,CC-2316da36d1ef42d8,louvain,intersection_count,100.0,0.0,1.0,20260801,1.0.0,not_used,community labels are structural network results; they are not official factions and do not replace original-setting faction metadata
JP14,cross_department,character,爱丽丝玛格特洛依德,爱丽丝·玛格特洛依德,アリス・マーガトロイド,0.0,0,0.0014104372355430183,0.0,0,0.0,C-d71f2564334065d5,CC-d71f2564334065d5,louvain,intersection_count,100.0,0.0,1.0,20260801,1.0.0,not_used,community labels are structural network results; they are not official factions and do not replace original-setting faction metadata
JP14,cross_department,character,爱丽丝的人偶（上海、蓬莱、大江户等）,爱丽丝的人偶（上海、蓬莱、大江户等）,アリスの人形（上海、蓬莱、大江戸 他）,0.0,0,0.0014104372355430183,0.0,0,0.0,C-26dd934b01cc3264,CC-26dd934b01cc3264,louvain,intersection_count,100.0,0.0,1.0,20260801,1.0.0,not_used,community labels are structural network results; they are not official factions and do not replace original-setting faction metadata
JP14,cross_department,character,爱塔妮缇拉尔瓦,爱塔妮缇拉尔瓦,エタニティラルバ,0.0,0,0.0014104372355430183,0.0,0,0.0,C-a21b9b93f667e633,CC-a21b9b93f667e633,louvain,intersection_count,100.0,0.0,1.0,20260801,1.0.0,not_used,community labels are structural network results; they are not official factions and do not replace original-setting faction metadata
JP14,cross_department,character,爱莲,爱莲,エレン,0.0,0,0.0014104372355430183,0.0,0,0.0,C-0cea50dde2545f22,CC-0cea50dde2545f22,louvain,intersection_count,100.0,0.0,1.0,20260801,1.0.0,not_used,community labels are structural network results; they are not official factions and do not replace original-setting faction metadata
JP14,cross_department,character,物部布都,物部布都,物部 布都,0.0,0,0.0014104372355430183,0.0,0,0.0,C-8f0ec86b0b5b1a8e,CC-8f0ec86b0b5b1a8e,louvain,intersection_count,100.0,0.0,1.0,20260801,1.0.0,not_used,community labels are structural network results; they are not official factions and do not replace original-setting faction metadata
JP14,cross_department,music,特佩斯的年幼末裔,特佩斯的年幼末裔,ツェペシュの幼き末裔,0.0,0,0.0014104372355430183,0.0,0,0.0,C-d0d747a39d84eb47,CC-d0d747a39d84eb47,louvain,intersection_count,100.0,0.0,1.0,20260801,1.0.0,not_used,community labels are structural network results; they are not official factions and do not replace original-setting faction metadata
JP14,cross_department,music,特洛伊群的密林,特洛伊群的密林,トロヤ群の密林,0.0,0,0.0014104372355430183,0.0,0,0.0,C-0c7ca206a4b08576,CC-0c7ca206a4b08576,louvain,intersection_count,100.0,0.0,1.0,20260801,1.0.0,not_used,community labels are structural network results; they are not official factions and do not replace original-setting faction metadata
JP14,cross_department,character,犬走椛,犬走椛,犬走 椛,0.0,0,0.0014104372355430183,0.0,0,0.0,C-a2e0407e1f977c45,CC-a2e0407e1f977c45,louvain,intersection_count,100.0,0.0,1.0,20260801,1.0.0,not_used,community labels are structural network results; they are not official factions and do not replace original-setting faction metadata
JP14,cross_department,music,狂气之瞳,狂气之瞳 ～ Invisible Full Moon,狂気の瞳　～ Invisible Full Moon,0.0,0,0.0014104372355430183,0.0,0,0.0,C-887dc59a89872978,CC-887dc59a89872978,louvain,intersection_count,100.0,0.0,1.0,20260801,1.0.0,not_used,community labels are structural network results; they are not official factions and do not replace original-setting faction metadata
JP14,cross_department,character,狐（妖怪狐、年幼的妖狐等）,狐（妖怪狐、年幼的妖狐等）,狐（妖怪狐、狐の子他）,0.0,0,0.0014104372355430183,0.0,0,0.0,C-598b893990e4ba65,CC-598b893990e4ba65,louvain,intersection_count,100.0,0.0,1.0,20260801,1.0.0,not_used,community labels are structural network results; they are not official factions and do not replace original-setting faction metadata
JP14,cross_department,character,狸（妖怪狸、野铁炮等）,狸（妖怪狸、野铁炮等）,狸（化け狸、野鉄砲他）,0.0,0,0.0014104372355430183,0.0,0,0.0,C-be4be3b0f3b3b730,CC-be4be3b0f3b3b730,louvain,intersection_count,100.0,0.0,1.0,20260801,1.0.0,not_used,community labels are structural network results; they are not official factions and do not replace original-setting faction metadata
JP14,cross_department,music,献给已逝公主的七重奏,献给已逝公主的七重奏,亡き王女の為のセプテット,0.0,0,0.0014104372355430183,0.0,0,0.0,C-9293df9df61fce50,CC-9293df9df61fce50,louvain,intersection_count,100.0,0.0,1.0,20260801,1.0.0,not_used,community labels are structural network results; they are not official factions and do not replace original-setting faction metadata
JP14,cross_department,character,玄爷,玄爷,玄爺,0.0,0,0.0014104372355430183,0.0,0,0.0,C-69170c355aba8418,CC-69170c355aba8418,louvain,intersection_count,100.0,0.0,1.0,20260801,1.0.0,not_used,community labels are structural network results; they are not official factions and do not replace original-setting faction metadata
JP14,cross_department,character,玛艾露贝莉赫恩,玛艾露贝莉·赫恩,マエリベリー・ハーン,0.0,0,0.0014104372355430183,0.0,0,0.0,C-b6e75d85e9b28228,CC-b6e75d85e9b28228,louvain,intersection_count,100.0,0.0,1.0,20260801,1.0.0,not_used,community labels are structural network results; they are not official factions and do not replace original-setting faction metadata
JP14,cross_department,music,现代妖怪殖民地,现代妖怪殖民地,妖怪モダンコロニー,0.0,0,0.0014104372355430183,0.0,0,0.0,C-d6aa9ed748a4e474,CC-d6aa9ed748a4e474,louvain,intersection_count,100.0,0.0,1.0,20260801,1.0.0,not_used,community labels are structural network results; they are not official factions and do not replace original-setting faction metadata
JP14,cross_department,music,珍奇的上海古牌,珍奇的上海古牌,キュアリアス上海古牌,0.0,0,0.0014104372355430183,0.0,0,0.0,C-7440f5b0b242aae7,CC-7440f5b0b242aae7,louvain,intersection_count,100.0,0.0,1.0,20260801,1.0.0,not_used,community labels are structural network results; they are not official factions and do not replace original-setting faction metadata
JP14,cross_department,character,琪斯美,琪斯美,キスメ,0.0,0,0.0014104372355430183,0.0,0,0.0,C-39d69e5e414a1bc4,CC-39d69e5e414a1bc4,louvain,intersection_count,100.0,0.0,1.0,20260801,1.0.0,not_used,community labels are structural network results; they are not official factions and do not replace original-setting faction metadata
JP14,cross_department,character,琪露诺,琪露诺,チルノ,0.0,0,0.0014104372355430183,0.0,0,0.0,C-d104f8647aa1ddb4,CC-d104f8647aa1ddb4,louvain,intersection_count,100.0,0.0,1.0,20260801,1.0.0,not_used,community labels are structural network results; they are not official factions and do not replace original-setting faction metadata
JP14,cross_department,music,甲论乙驳,甲论乙驳,甲論乙駁,0.0,0,0.0014104372355430183,0.0,0,0.0,C-1ab94df8b6d4f028,CC-1ab94df8b6d4f028,louvain,intersection_count,100.0,0.0,1.0,20260801,1.0.0,not_used,community labels are structural network results; they are not official factions and do not replace original-setting faction metadata
JP14,cross_department,character,留琴,留琴,るーこと,0.0,0,0.0014104372355430183,0.0,0,0.0,C-a338a4d83c2ce620,CC-a338a4d83c2ce620,louvain,intersection_count,100.0,0.0,1.0,20260801,1.0.0,not_used,community labels are structural network results; they are not official factions and do not replace original-setting faction metadata
JP14,cross_department,music,白色旅人,白色旅人,白い旅人,0.0,0,0.0014104372355430183,0.0,0,0.0,C-fd63df41386fb0c1,CC-fd63df41386fb0c1,louvain,intersection_count,100.0,0.0,1.0,20260801,1.0.0,not_used,community labels are structural network results; they are not official factions and do not replace original-setting faction metadata
JP14,cross_department,character,盐家老板,盐家老板,塩屋敷の旦那,0.0,0,0.0014104372355430183,0.0,0,0.0,C-8b30dcb0fa2afab4,CC-8b30dcb0fa2afab4,louvain,intersection_count,100.0,0.0,1.0,20260801,1.0.0,not_used,community labels are structural network results; they are not official factions and do not replace original-setting faction metadata
JP14,cross_department,music,盛夏的妖精梦,盛夏的妖精梦,真夏の妖精の夢,0.0,0,0.0014104372355430183,0.0,0,0.0,C-585f6bc1283fde8a,CC-585f6bc1283fde8a,louvain,intersection_count,100.0,0.0,1.0,20260801,1.0.0,not_used,community labels are structural network results; they are not official factions and do not replace original-setting faction metadata
JP14,cross_department,music,相信可能性,相信可能性,可能性を信じて,0.0,0,0.0014104372355430183,0.0,0,0.0,C-a85cd7682b7a33c8,CC-a85cd7682b7a33c8,louvain,intersection_count,100.0,0.0,1.0,20260801,1.0.0,not_used,community labels are structural network results; they are not official factions and do not replace original-setting faction metadata
JP14,cross_department,music,眷爱众生之神,眷爱众生之神 ～ Romantic Fall,人恋し神様　～ Romantic Fall,0.0,0,0.0014104372355430183,0.0,0,0.0,C-050a69ff03936e51,CC-050a69ff03936e51,louvain,intersection_count,100.0,0.0,1.0,20260801,1.0.0,not_used,community labels are structural network results; they are not official factions and do not replace original-setting faction metadata
JP14,cross_department,character,睡鼠,睡鼠,ヤマネ,0.0,0,0.0014104372355430183,0.0,0,0.0,C-5e796e069effbdbf,CC-5e796e069effbdbf,louvain,intersection_count,100.0,0.0,1.0,20260801,1.0.0,not_used,community labels are structural network results; they are not official factions and do not replace original-setting faction metadata
JP14,cross_department,character,矜羯罗,矜羯罗,コンガラ,0.0,0,0.0014104372355430183,0.0,0,0.0,C-cf25d43c0a1c838e,CC-cf25d43c0a1c838e,louvain,intersection_count,100.0,0.0,1.0,20260801,1.0.0,not_used,community labels are structural network results; they are not official factions and do not replace original-setting faction metadata
JP14,cross_department,character,矢田寺成美,矢田寺成美,矢田寺成美,0.0,0,0.0014104372355430183,0.0,0,0.0,C-98e8cb669156cfa2,CC-98e8cb669156cfa2,louvain,intersection_count,100.0,0.0,1.0,20260801,1.0.0,not_used,community labels are structural network results; they are not official factions and do not replace original-setting faction metadata
JP14,cross_department,music,知晓真相之人,知晓真相之人,真実を知る者,0.0,0,0.0014104372355430183,0.0,0,0.0,C-9644603c1c74558c,CC-9644603c1c74558c,louvain,intersection_count,100.0,0.0,1.0,20260801,1.0.0,not_used,community labels are structural network results; they are not official factions and do not replace original-setting faction metadata
JP14,cross_department,music,破邪的小太刀,破邪的小太刀,破邪の小太刀,0.0,0,0.0014104372355430183,0.0,0,0.0,C-c479dea4dd9b6cc4,CC-c479dea4dd9b6cc4,louvain,intersection_count,100.0,0.0,1.0,20260801,1.0.0,not_used,community labels are structural network results; they are not official factions and do not replace original-setting faction metadata
JP14,cross_department,music,碎月,碎月,砕月,0.0,0,0.0014104372355430183,0.0,0,0.0,C-8a2adfec9d57e223,CC-8a2adfec9d57e223,louvain,intersection_count,100.0,0.0,1.0,20260801,1.0.0,not_used,community labels are structural network results; they are not official factions and do not replace original-setting faction metadata
JP14,cross_department,music,神圣庄严的古战场,神圣庄严的古战场 ～ Suwa Foughten Field,神さびた古戦場　～ Suwa Foughten Field,0.0,0,0.0014104372355430183,0.0,0,0.0,C-949b38eb715d79cd,CC-949b38eb715d79cd,louvain,intersection_count,100.0,0.0,1.0,20260801,1.0.0,not_used,community labels are structural network results; they are not official factions and do not replace original-setting faction metadata
JP14,cross_department,music,神域的捉迷藏生活,神域的捉迷藏生活,神域のかくれんぼ暮らし,0.0,0,0.0014104372355430183,0.0,0,0.0,C-24db4656bb31ac0f,CC-24db4656bb31ac0f,louvain,intersection_count,100.0,0.0,1.0,20260801,1.0.0,not_used,community labels are structural network results; they are not official factions and do not replace original-setting faction metadata
JP14,cross_department,music,神明降下恩惠之雨sylphiddream,神明降下恩惠之雨 ～ Sylphid Dream,神は恵みの雨を降らす　～ Sylphid Dream,0.0,0,0.0014104372355430183,0.0,0,0.0,C-7057c37222a89e89,CC-7057c37222a89e89,louvain,intersection_count,100.0,0.0,1.0,20260801,1.0.0,not_used,community labels are structural network results; they are not official factions and do not replace original-setting faction metadata
JP14,cross_department,character,神玉,神玉,シンギョク,0.0,0,0.0014104372355430183,0.0,0,0.0,C-e5cd4ebed8a9a280,CC-e5cd4ebed8a9a280,louvain,intersection_count,100.0,0.0,1.0,20260801,1.0.0,not_used,community labels are structural network results; they are not official factions and do not replace original-setting faction metadata
JP14,cross_department,music,神社,神社,神社,0.0,0,0.0014104372355430183,0.0,0,0.0,C-46951e16733ba97f,CC-46951e16733ba97f,louvain,intersection_count,100.0,0.0,1.0,20260801,1.0.0,not_used,community labels are structural network results; they are not official factions and do not replace original-setting faction metadata
JP14,cross_department,music,神社的新风,神社的新风,神社の新しい風,0.0,0,0.0014104372355430183,0.0,0,0.0,C-283d00137697e66d,CC-283d00137697e66d,louvain,intersection_count,100.0,0.0,1.0,20260801,1.0.0,not_used,community labels are structural network results; they are not official factions and do not replace original-setting faction metadata
JP14,cross_department,music,神秘的人偶,神秘的人偶,エニグマティクドール,0.0,0,0.0014104372355430183,0.0,0,0.0,C-39edea3cf72c9298,CC-39edea3cf72c9298,louvain,intersection_count,100.0,0.0,1.0,20260801,1.0.0,not_used,community labels are structural network results; they are not official factions and do not replace original-setting faction metadata
JP14,cross_department,music,神篱如紫色火焰般燃烧,神篱，如紫色火焰般燃烧,ひもろぎ、むらさきにもえ,0.0,0,0.0014104372355430183,0.0,0,0.0,C-5d50a38389d90b48,CC-5d50a38389d90b48,louvain,intersection_count,100.0,0.0,1.0,20260801,1.0.0,not_used,community labels are structural network results; they are not official factions and do not replace original-setting faction metadata
JP14,cross_department,character,神绮,神绮,神綺,0.0,0,0.0014104372355430183,0.0,0,0.0,C-b14c75d3cc64fe35,CC-b14c75d3cc64fe35,louvain,intersection_count,100.0,0.0,1.0,20260801,1.0.0,not_used,community labels are structural network results; they are not official factions and do not replace original-setting faction metadata
JP14,cross_department,music,神话幻想infinitebeing,神话幻想 ～ Infinite Being,神話幻想　～ Infinite Being,0.0,0,0.0014104372355430183,0.0,0,0.0,C-20c567cb09262492,CC-20c567cb09262492,louvain,intersection_count,100.0,0.0,1.0,20260801,1.0.0,not_used,community labels are structural network results; they are not official factions and do not replace original-setting faction metadata
JP14,cross_department,music,祸机,祸机,禍機,0.0,0,0.0014104372355430183,0.0,0,0.0,C-19c186b9c2808d96,CC-19c186b9c2808d96,louvain,intersection_count,100.0,0.0,1.0,20260801,1.0.0,not_used,community labels are structural network results; they are not official factions and do not replace original-setting faction metadata
JP14,cross_department,music,禁忌的膜壁,禁忌的膜壁,禁忌の膜壁,0.0,0,0.0014104372355430183,0.0,0,0.0,C-6d77ff0090f39a61,CC-6d77ff0090f39a61,louvain,intersection_count,100.0,0.0,1.0,20260801,1.0.0,not_used,community labels are structural network results; they are not official factions and do not replace original-setting faction metadata
JP14,cross_department,music,禁忌的魔法forbiddenmagic,禁忌的魔法 ～ Forbidden Magic,禁断の魔法　～ Forbidden Magic,0.0,0,0.0014104372355430183,0.0,0,0.0,C-5910d99f9ab3607e,CC-5910d99f9ab3607e,louvain,intersection_count,100.0,0.0,1.0,20260801,1.0.0,not_used,community labels are structural network results; they are not official factions and do not replace original-setting faction metadata
JP14,cross_department,music,禁断之门对面是此世还是彼世,禁断之门对面，是此世还是彼世,禁断の扉の向こうは、この世かあの世か,0.0,0,0.0014104372355430183,0.0,0,0.0,C-85c495692dd5c974,CC-85c495692dd5c974,louvain,intersection_count,100.0,0.0,1.0,20260801,1.0.0,not_used,community labels are structural network results; they are not official factions and do not replace original-setting faction metadata
JP14,cross_department,character,秋穰子,秋穰子,秋 穣子,0.0,0,0.0014104372355430183,0.0,0,0.0,C-bc8e4dbb09f4e4c1,CC-bc8e4dbb09f4e4c1,louvain,intersection_count,100.0,0.0,1.0,20260801,1.0.0,not_used,community labels are structural network results; they are not official factions and do not replace original-setting faction metadata
JP14,cross_department,music,秋霜玉clockworks,秋霜玉 ～ Clockworks,秋霜玉　～ Clockworks,0.0,0,0.0014104372355430183,0.0,0,0.0,C-9d83bd5c142dfd3b,CC-9d83bd5c142dfd3b,louvain,intersection_count,100.0,0.0,1.0,20260801,1.0.0,not_used,community labels are structural network results; they are not official factions and do not replace original-setting faction metadata
JP14,cross_department,character,秋静叶,秋静叶,秋 静葉,0.0,0,0.0014104372355430183,0.0,0,0.0,C-08471ef9cf7bb0d6,CC-08471ef9cf7bb0d6,louvain,intersection_count,100.0,0.0,1.0,20260801,1.0.0,not_used,community labels are structural network results; they are not official factions and do not replace original-setting faction metadata
JP14,cross_department,music,科学世纪的少年少女,科学世纪的少年少女,科学世紀の少年少女,0.0,0,0.0014104372355430183,0.0,0,0.0,C-c96cdaedd0cf36c3,CC-c96cdaedd0cf36c3,louvain,intersection_count,100.0,0.0,1.0,20260801,1.0.0,not_used,community labels are structural network results; they are not official factions and do not replace original-setting faction metadata
JP14,cross_department,music,秘境的人鱼,秘境的人鱼,秘境のマーメイド,0.0,0,0.0014104372355430183,0.0,0,0.0,C-cccc23db0d10d4d3,CC-cccc23db0d10d4d3,louvain,intersection_count,100.0,0.0,1.0,20260801,1.0.0,not_used,community labels are structural network results; they are not official factions and do not replace original-setting faction metadata
JP14,cross_department,music,秘神摩多罗,秘神摩多罗 ～ Hidden Star in All Seasons.,秘神マターラ　～ Hidden Star in All Seasons.,0.0,0,0.0014104372355430183,0.0,0,0.0,C-b58102121ed5b148,CC-b58102121ed5b148,louvain,intersection_count,100.0,0.0,1.0,20260801,1.0.0,not_used,community labels are structural network results; they are not official factions and do not replace original-setting faction metadata
JP14,cross_department,character,秦心,秦心,秦 こころ,0.0,0,0.0014104372355430183,0.0,0,0.0,C-cc3b9bed8542c979,CC-cc3b9bed8542c979,louvain,intersection_count,100.0,0.0,1.0,20260801,1.0.0,not_used,community labels are structural network results; they are not official factions and do not replace original-setting faction metadata
JP14,cross_department,music,稀客,稀客,珍客,0.0,0,0.0014104372355430183,0.0,0,0.0,C-de8b325241447339,CC-de8b325241447339,louvain,intersection_count,100.0,0.0,1.0,20260801,1.0.0,not_used,community labels are structural network results; they are not official factions and do not replace original-setting faction metadata
JP14,cross_department,character,稀神探女,稀神探女,稀神 サグメ,0.0,0,0.0014104372355430183,0.0,0,0.0,C-8850765a6e66c257,CC-8850765a6e66c257,louvain,intersection_count,100.0,0.0,1.0,20260801,1.0.0,not_used,community labels are structural network results; they are not official factions and do not replace original-setting faction metadata
JP14,cross_department,music,稀翁玉fairydance,稀翁玉 ～ Fairy Dance,稀翁玉　～ Fairy Dance,0.0,0,0.0014104372355430183,0.0,0,0.0,C-0711fdfd787dda7f,CC-0711fdfd787dda7f,louvain,intersection_count,100.0,0.0,1.0,20260801,1.0.0,not_used,community labels are structural network results; they are not official factions and do not replace original-setting faction metadata
JP14,cross_department,character,稗田阿求,稗田阿求,稗田 阿求,0.0,0,0.0014104372355430183,0.0,0,0.0,C-855b6b83756d2d6a,CC-855b6b83756d2d6a,louvain,intersection_count,100.0,0.0,1.0,20260801,1.0.0,not_used,community labels are structural network results; they are not official factions and do not replace original-setting faction metadata
JP14,cross_department,music,空中的归路skydream,空中的归路 ～ Sky Dream,空の帰り道　～ Sky Dream,0.0,0,0.0014104372355430183,0.0,0,0.0,C-1afd5526a5e0e712,CC-1afd5526a5e0e712,louvain,intersection_count,100.0,0.0,1.0,20260801,1.0.0,not_used,community labels are structural network results; they are not official factions and do not replace original-setting faction metadata
JP14,cross_department,music,空中飘浮的物体x,空中飘浮的物体Ｘ,空に浮かぶ物体X,0.0,0,0.0014104372355430183,0.0,0,0.0,C-d8282fbaf59f42c7,CC-d8282fbaf59f42c7,louvain,intersection_count,100.0,0.0,1.0,20260801,1.0.0,not_used,community labels are structural network results; they are not official factions and do not replace original-setting faction metadata
JP14,cross_department,music,空中飞翔的巫女不可思议的每天,空中飞翔的巫女不可思议的每天,空飛ぶ巫女の不思議な毎日,0.0,0,0.0014104372355430183,0.0,0,0.0,C-f7bb27e1d3d9eee5,CC-f7bb27e1d3d9eee5,louvain,intersection_count,100.0,0.0,1.0,20260801,1.0.0,not_used,community labels are structural network results; they are not official factions and do not replace original-setting faction metadata
JP14,cross_department,music,童祭innocenttreasures,童祭 ～ Innocent Treasures,童祭　～ Innocent Treasures,0.0,0,0.0014104372355430183,0.0,0,0.0,C-f48e8537534ab12a,CC-f48e8537534ab12a,louvain,intersection_count,100.0,0.0,1.0,20260801,1.0.0,not_used,community labels are structural network results; they are not official factions and do not replace original-setting faction metadata
JP14,cross_department,music,竹取飞翔,竹取飞翔 ～ Lunatic Princess,竹取飛翔　～ Lunatic Princess,0.0,0,0.0014104372355430183,0.0,0,0.0,C-7890e2f2c17b5014,CC-7890e2f2c17b5014,louvain,intersection_count,100.0,0.0,1.0,20260801,1.0.0,not_used,community labels are structural network results; they are not official factions and do not replace original-setting faction metadata
JP14,cross_department,music,竹林大火,竹林大火,竹林インフレイム,0.0,0,0.0014104372355430183,0.0,0,0.0,C-162e1eac9f426a02,CC-162e1eac9f426a02,louvain,intersection_count,100.0,0.0,1.0,20260801,1.0.0,not_used,community labels are structural network results; they are not official factions and do not replace original-setting faction metadata
JP14,cross_department,music,第六十年的东方审判,第六十年的东方审判 ～ Fate of Sixty Years,六十年目の東方裁判　～ Fate of Sixty Years,0.0,0,0.0014104372355430183,0.0,0,0.0,C-e51d40e289402409,CC-e51d40e289402409,louvain,intersection_count,100.0,0.0,1.0,20260801,1.0.0,not_used,community labels are structural network results; they are not official factions and do not replace original-setting faction metadata
JP14,cross_department,character,米斯蒂娅萝蕾拉,米斯蒂娅·萝蕾拉,ミスティア・ローレライ,0.0,0,0.0014104372355430183,0.0,0,0.0,C-3a44162774c86eb0,CC-3a44162774c86eb0,louvain,intersection_count,100.0,0.0,1.0,20260801,1.0.0,not_used,community labels are structural network results; they are not official factions and do not replace original-setting faction metadata
JP14,cross_department,music,红响曲scarletphoneme,红响曲 ～ Scarlet Phoneme,紅響曲　～ Scarlet Phoneme,0.0,0,0.0014104372355430183,0.0,0,0.0,C-cbed97359c5484b3,CC-cbed97359c5484b3,louvain,intersection_count,100.0,0.0,1.0,20260801,1.0.0,not_used,community labels are structural network results; they are not official factions and do not replace original-setting faction metadata
JP14,cross_department,music,红夜,红夜,紅夜,0.0,0,0.0014104372355430183,0.0,0,0.0,C-ed25512943d07d0c,CC-ed25512943d07d0c,louvain,intersection_count,100.0,0.0,1.0,20260801,1.0.0,not_used,community labels are structural network results; they are not official factions and do not replace original-setting faction metadata
JP14,cross_department,music,红楼easterndream,红楼 ～ Eastern Dream...,紅楼　～ Eastern Dream...,0.0,0,0.0014104372355430183,0.0,0,0.0,C-7c76a98714891ef2,CC-7c76a98714891ef2,louvain,intersection_count,100.0,0.0,1.0,20260801,1.0.0,not_used,community labels are structural network results; they are not official factions and do not replace original-setting faction metadata
JP14,cross_department,character,红美铃,红美铃,紅 美鈴,0.0,0,0.0014104372355430183,0.0,0,0.0,C-7e2b6ea676047e4e,CC-7e2b6ea676047e4e,louvain,intersection_count,100.0,0.0,1.0,20260801,1.0.0,not_used,community labels are structural network results; they are not official factions and do not replace original-setting faction metadata
JP14,cross_department,character,纯狐,纯狐,純狐,0.0,0,0.0014104372355430183,0.0,0,0.0,C-480800e5b9559534,CC-480800e5b9559534,louvain,intersection_count,100.0,0.0,1.0,20260801,1.0.0,not_used,community labels are structural network results; they are not official factions and do not replace original-setting faction metadata
JP14,cross_department,music,绯想天,绯想天,緋想天,0.0,0,0.0014104372355430183,0.0,0,0.0,C-5f7e93603ac15bd3,CC-5f7e93603ac15bd3,louvain,intersection_count,100.0,0.0,1.0,20260801,1.0.0,not_used,community labels are structural network results; they are not official factions and do not replace original-setting faction metadata
JP14,cross_department,music,绯红的少女crimsondead,绯红的少女 ～ Crimson Dead!!,真紅の少女　～ Crimson Dead!!,0.0,0,0.0014104372355430183,0.0,0,0.0,C-49b3b4a548e9c8a5,CC-49b3b4a548e9c8a5,louvain,intersection_count,100.0,0.0,1.0,20260801,1.0.0,not_used,community labels are structural network results; they are not official factions and do not replace original-setting faction metadata
JP14,cross_department,character,绵月丰姬,绵月丰姬,綿月 豊姫,0.0,0,0.0014104372355430183,0.0,0,0.0,C-01934b62ec6489b3,CC-01934b62ec6489b3,louvain,intersection_count,100.0,0.0,1.0,20260801,1.0.0,not_used,community labels are structural network results; they are not official factions and do not replace original-setting faction metadata
JP14,cross_department,character,绵月依姬,绵月依姬,綿月 依姫,0.0,0,0.0014104372355430183,0.0,0,0.0,C-a76c219ed16f3a41,CC-a76c219ed16f3a41,louvain,intersection_count,100.0,0.0,1.0,20260801,1.0.0,not_used,community labels are structural network results; they are not official factions and do not replace original-setting faction metadata
JP14,cross_department,music,绵月的符卡lunaticblue,绵月的符卡 ～ Lunatic Blue,綿月のスペルカード　～ Lunatic Blue,0.0,0,0.0014104372355430183,0.0,0,0.0,C-acc441d54c97337c,CC-acc441d54c97337c,louvain,intersection_count,100.0,0.0,1.0,20260801,1.0.0,not_used,community labels are structural network results; they are not official factions and do not replace original-setting faction metadata
JP14,cross_department,music,绿意盎然的疗养院,绿意盎然的疗养院,緑のサナトリウム,0.0,0,0.0014104372355430183,0.0,0,0.0,C-20c84b414d075ea8,CC-20c84b414d075ea8,louvain,intersection_count,100.0,0.0,1.0,20260801,1.0.0,not_used,community labels are structural network results; they are not official factions and do not replace original-setting faction metadata
JP14,cross_department,music,绿眼的嫉妒,绿眼的嫉妒,緑眼のジェラシー,0.0,0,0.0014104372355430183,0.0,0,0.0,C-4c1b1250b6214763,CC-4c1b1250b6214763,louvain,intersection_count,100.0,0.0,1.0,20260801,1.0.0,not_used,community labels are structural network results; they are not official factions and do not replace original-setting faction metadata
JP14,cross_department,music,背叛的少女judaskiss,背叛的少女 ～ Judas Kiss,裏切りの少女　～ Judas Kiss,0.0,0,0.0014104372355430183,0.0,0,0.0,C-0992152030bdddcd,CC-0992152030bdddcd,louvain,intersection_count,100.0,0.0,1.0,20260801,1.0.0,not_used,community labels are structural network results; they are not official factions and do not replace original-setting faction metadata
JP14,cross_department,music,胜利的示范,胜利的示范,勝利デモ,0.0,0,0.0014104372355430183,0.0,0,0.0,C-053e3f9ba4421ee1,CC-053e3f9ba4421ee1,louvain,intersection_count,100.0,0.0,1.0,20260801,1.0.0,not_used,community labels are structural network results; they are not official factions and do not replace original-setting faction metadata
JP14,cross_department,character,胡桃,胡桃,くるみ,0.0,0,0.0014104372355430183,0.0,0,0.0,C-03f1ae12492392e8,CC-03f1ae12492392e8,louvain,intersection_count,100.0,0.0,1.0,20260801,1.0.0,not_used,community labels are structural network results; they are not official factions and do not replace original-setting faction metadata
JP14,cross_department,music,能源黎明futuredream,能源黎明 ～ Future Dream...,エネルギー黎明 ～ Future Dream...,0.0,0,0.0014104372355430183,0.0,0,0.0,C-82ff8b6b9f579442,CC-82ff8b6b9f579442,louvain,intersection_count,100.0,0.0,1.0,20260801,1.0.0,not_used,community labels are structural network results; they are not official factions and do not replace original-setting faction metadata
JP14,cross_department,character,舞,舞,マイ,0.0,0,0.0014104372355430183,0.0,0,0.0,C-aa23fc7bf50c76eb,CC-aa23fc7bf50c76eb,louvain,intersection_count,100.0,0.0,1.0,20260801,1.0.0,not_used,community labels are structural network results; they are not official factions and do not replace original-setting faction metadata
JP14,cross_department,character,艾丽,艾丽,エリー,0.0,0,0.0014104372355430183,0.0,0,0.0,C-b4159e6acf0966d4,CC-b4159e6acf0966d4,louvain,intersection_count,100.0,0.0,1.0,20260801,1.0.0,not_used,community labels are structural network results; they are not official factions and do not replace original-setting faction metadata
JP14,cross_department,character,芙兰朵露斯卡蕾特,芙兰朵露·斯卡蕾特,フランドール・スカーレット,0.0,0,0.0014104372355430183,0.0,0,0.0,C-479a4d55478d2c05,CC-479a4d55478d2c05,louvain,intersection_count,100.0,0.0,1.0,20260801,1.0.0,not_used,community labels are structural network results; they are not official factions and do not replace original-setting faction metadata
JP14,cross_department,music,芥川龙之介的河童,芥川龙之介的河童 ～ Candid Friend,芥川龍之介の河童　～ Candid Friend,0.0,0,0.0014104372355430183,0.0,0,0.0,C-66550b473e4f1f02,CC-66550b473e4f1f02,louvain,intersection_count,100.0,0.0,1.0,20260801,1.0.0,not_used,community labels are structural network results; they are not official factions and do not replace original-setting faction metadata
JP14,cross_department,music,花如幻想一般,花如幻想一般,花は幻想のままに,0.0,0,0.0014104372355430183,0.0,0,0.0,C-5dc005d3e3f3cee5,CC-5dc005d3e3f3cee5,louvain,intersection_count,100.0,0.0,1.0,20260801,1.0.0,not_used,community labels are structural network results; they are not official factions and do not replace original-setting faction metadata
JP14,cross_department,music,花映塚,花映塚,花映塚,0.0,0,0.0014104372355430183,0.0,0,0.0,C-e57215d9bf8c39df,CC-e57215d9bf8c39df,louvain,intersection_count,100.0,0.0,1.0,20260801,1.0.0,not_used,community labels are structural network results; they are not official factions and do not replace original-setting faction metadata
JP14,cross_department,character,苏我屠自古,苏我屠自古,蘇我 屠自古,0.0,0,0.0014104372355430183,0.0,0,0.0,C-11df5f0f8e849ffc,CC-11df5f0f8e849ffc,louvain,intersection_count,100.0,0.0,1.0,20260801,1.0.0,not_used,community labels are structural network results; they are not official factions and do not replace original-setting faction metadata
JP14,cross_department,character,若鹭姬,若鹭姬,わかさぎ姫,0.0,0,0.0014104372355430183,0.0,0,0.0,C-023eff1a82012d2e,CC-023eff1a82012d2e,louvain,intersection_count,100.0,0.0,1.0,20260801,1.0.0,not_used,community labels are structural network results; they are not official factions and do not replace original-setting faction metadata
JP14,cross_department,character,茨木华扇,茨木华扇,茨木 華扇,0.0,0,0.0014104372355430183,0.0,0,0.0,C-8297becd6c30680d,CC-8297becd6c30680d,louvain,intersection_count,100.0,0.0,1.0,20260801,1.0.0,not_used,community labels are structural network results; they are not official factions and do not replace original-setting faction metadata
JP14,cross_department,character,莉格露奈特巴格,莉格露·奈特巴格,リグル・ナイトバグ,0.0,0,0.0014104372355430183,0.0,0,0.0,C-9fcf9193a6f134e8,CC-9fcf9193a6f134e8,louvain,intersection_count,100.0,0.0,1.0,20260801,1.0.0,not_used,community labels are structural network results; they are not official factions and do not replace original-setting faction metadata
JP14,cross_department,character,莉莉卡普莉兹姆利巴,莉莉卡·普莉兹姆利巴,リリカ・プリズムリバー,0.0,0,0.0014104372355430183,0.0,0,0.0,C-6ac4484f84d293e7,CC-6ac4484f84d293e7,louvain,intersection_count,100.0,0.0,1.0,20260801,1.0.0,not_used,community labels are structural network results; they are not official factions and do not replace original-setting faction metadata
JP14,cross_department,character,莉莉霍瓦特（莉莉白）,莉莉霍瓦特（莉莉白）,リリーホワイト,0.0,0,0.0014104372355430183,0.0,0,0.0,C-b2de9d7844adbb96,CC-b2de9d7844adbb96,louvain,intersection_count,100.0,0.0,1.0,20260801,1.0.0,not_used,community labels are structural network results; they are not official factions and do not replace original-setting faction metadata
JP14,cross_department,character,菊理,菊理,キクリ,0.0,0,0.0014104372355430183,0.0,0,0.0,C-c3ad709db8523f7e,CC-c3ad709db8523f7e,louvain,intersection_count,100.0,0.0,1.0,20260801,1.0.0,not_used,community labels are structural network results; they are not official factions and do not replace original-setting faction metadata
JP14,cross_department,music,萃梦想,萃梦想,萃夢想,0.0,0,0.0014104372355430183,0.0,0,0.0,C-034ec55f6859ad11,CC-034ec55f6859ad11,louvain,intersection_count,100.0,0.0,1.0,20260801,1.0.0,not_used,community labels are structural network results; they are not official factions and do not replace original-setting faction metadata
JP14,cross_department,character,萨丽爱尔,萨丽爱尔,サリエル,0.0,0,0.0014104372355430183,0.0,0,0.0,C-6aa398430a7ad215,CC-6aa398430a7ad215,louvain,intersection_count,100.0,0.0,1.0,20260801,1.0.0,not_used,community labels are structural network results; they are not official factions and do not replace original-setting faction metadata
JP14,cross_department,character,萨拉,萨拉,サラ,0.0,0,0.0014104372355430183,0.0,0,0.0,C-4973e8ef322dc760,CC-4973e8ef322dc760,louvain,intersection_count,100.0,0.0,1.0,20260801,1.0.0,not_used,community labels are structural network results; they are not official factions and do not replace original-setting faction metadata
JP14,cross_department,music,落日映照下的逆城,落日映照下的逆城,落日に生える逆さ城,0.0,0,0.0014104372355430183,0.0,0,0.0,C-a7ad485697607e9c,CC-a7ad485697607e9c,louvain,intersection_count,100.0,0.0,1.0,20260801,1.0.0,not_used,community labels are structural network results; they are not official factions and do not replace original-setting faction metadata
JP14,cross_department,character,蓬莱人形封面的少女（夹克子）,蓬莱人形封面的少女（夹克子）,蓬莱人形ジャケットイラストの娘,0.0,0,0.0014104372355430183,0.0,0,0.0,C-37a0bf887f945745,CC-37a0bf887f945745,louvain,intersection_count,100.0,0.0,1.0,20260801,1.0.0,not_used,community labels are structural network results; they are not official factions and do not replace original-setting faction metadata
JP14,cross_department,character,蓬莱人形碟面的少女（label子）,蓬莱人形碟面的少女（Label子）,蓬莱人形レーベルイラストの娘,0.0,0,0.0014104372355430183,0.0,0,0.0,C-1113a8119c3a1233,CC-1113a8119c3a1233,louvain,intersection_count,100.0,0.0,1.0,20260801,1.0.0,not_used,community labels are structural network results; they are not official factions and do not replace original-setting faction metadata
JP14,cross_department,music,蓬莱传说,蓬莱传说,蓬莱伝説,0.0,0,0.0014104372355430183,0.0,0,0.0,C-ff842ac36ccf1206,CC-ff842ac36ccf1206,louvain,intersection_count,100.0,0.0,1.0,20260801,1.0.0,not_used,community labels are structural network results; they are not official factions and do not replace original-setting faction metadata
JP14,cross_department,character,蓬莱山辉夜,蓬莱山辉夜,蓬莱山 輝夜,0.0,0,0.0014104372355430183,0.0,0,0.0,C-ff4add3ecb1e6d62,CC-ff4add3ecb1e6d62,louvain,intersection_count,100.0,0.0,1.0,20260801,1.0.0,not_used,community labels are structural network results; they are not official factions and do not replace original-setting faction metadata
JP14,cross_department,music,蓬莱幻想fareast,蓬莱幻想 ～ far East,蓬莱幻想　～ far East,0.0,0,0.0014104372355430183,0.0,0,0.0,C-5af783b592bef822,CC-5af783b592bef822,louvain,intersection_count,100.0,0.0,1.0,20260801,1.0.0,not_used,community labels are structural network results; they are not official factions and do not replace original-setting faction metadata
JP14,cross_department,character,蕾拉普莉兹姆利巴,蕾拉·普莉兹姆利巴,レイラ・プリズムリバー,0.0,0,0.0014104372355430183,0.0,0,0.0,C-f3b91df9ea6c0b57,CC-f3b91df9ea6c0b57,louvain,intersection_count,100.0,0.0,1.0,20260801,1.0.0,not_used,community labels are structural network results; they are not official factions and do not replace original-setting faction metadata
JP14,cross_department,character,蕾米莉亚斯卡蕾特,蕾米莉亚·斯卡蕾特,レミリア・スカーレット,0.0,0,0.0014104372355430183,0.0,0,0.0,C-236f667ff432c6c6,CC-236f667ff432c6c6,louvain,intersection_count,100.0,0.0,1.0,20260801,1.0.0,not_used,community labels are structural network results; they are not official factions and do not replace original-setting faction metadata
JP14,cross_department,character,蕾蒂霍瓦特洛克,蕾蒂·霍瓦特洛克,レティ・ホワイトロック,0.0,0,0.0014104372355430183,0.0,0,0.0,C-9de144ba8ea06eab,CC-9de144ba8ea06eab,louvain,intersection_count,100.0,0.0,1.0,20260801,1.0.0,not_used,community labels are structural network results; they are not official factions and do not replace original-setting faction metadata
JP14,cross_department,music,薛定谔的怪猫,薛定谔的怪猫,シュレディンガーの化猫,0.0,0,0.0014104372355430183,0.0,0,0.0,C-5abe0fc6a28677f7,CC-5abe0fc6a28677f7,louvain,intersection_count,100.0,0.0,1.0,20260801,1.0.0,not_used,community labels are structural network results; they are not official factions and do not replace original-setting faction metadata
JP14,cross_department,character,藤原妹红,藤原妹红,藤原 妹紅,0.0,0,0.0014104372355430183,0.0,0,0.0,C-cb564c52a93bb5f7,CC-cb564c52a93bb5f7,louvain,intersection_count,100.0,0.0,1.0,20260801,1.0.0,not_used,community labels are structural network results; they are not official factions and do not replace original-setting faction metadata
JP14,cross_department,music,虎纹的毘沙门天,虎纹的毘沙门天,虎柄の毘沙門天,0.0,0,0.0014104372355430183,0.0,0,0.0,C-85ca2e24e6831429,CC-85ca2e24e6831429,louvain,intersection_count,100.0,0.0,1.0,20260801,1.0.0,not_used,community labels are structural network results; they are not official factions and do not replace original-setting faction metadata
JP14,cross_department,character,蛞蝓（蛞蝓卫门）,蛞蝓（蛞蝓卫门）,なめえもん,0.0,0,0.0014104372355430183,0.0,0,0.0,C-dbaa8cf2ff426aaf,CC-dbaa8cf2ff426aaf,louvain,intersection_count,100.0,0.0,1.0,20260801,1.0.0,not_used,community labels are structural network results; they are not official factions and do not replace original-setting faction metadata
JP14,cross_department,character,蟒蛇,蟒蛇,ウワバミ,0.0,0,0.0014104372355430183,0.0,0,0.0,C-a786245f9e1cc106,CC-a786245f9e1cc106,louvain,intersection_count,100.0,0.0,1.0,20260801,1.0.0,not_used,community labels are structural network results; they are not official factions and do not replace original-setting faction metadata
JP14,cross_department,music,蠢蠢的秋月,蠢蠢的秋月 ～ Mooned Insect,蠢々秋月　～ Mooned Insect,0.0,0,0.0014104372355430183,0.0,0,0.0,C-ef335a58c78e46b9,CC-ef335a58c78e46b9,louvain,intersection_count,100.0,0.0,1.0,20260801,1.0.0,not_used,community labels are structural network results; they are not official factions and do not replace original-setting faction metadata
JP14,cross_department,music,行云流水,行云流水,行雲流水,0.0,0,0.0014104372355430183,0.0,0,0.0,C-b89bea6123ffd738,CC-b89bea6123ffd738,louvain,intersection_count,100.0,0.0,1.0,20260801,1.0.0,not_used,community labels are structural network results; they are not official factions and do not replace original-setting faction metadata
JP14,cross_department,character,袈裟罗婆娑罗,袈裟罗婆娑罗,ケセランパサラン,0.0,0,0.0014104372355430183,0.0,0,0.0,C-e5b27282ddf8b881,CC-e5b27282ddf8b881,louvain,intersection_count,100.0,0.0,1.0,20260801,1.0.0,not_used,community labels are structural network results; they are not official factions and do not replace original-setting faction metadata
JP14,cross_department,music,被封印的众神,被封印的众神,封印されし神々,0.0,0,0.0014104372355430183,0.0,0,0.0,C-7ca1ca0189ffd2fc,CC-7ca1ca0189ffd2fc,louvain,intersection_count,100.0,0.0,1.0,20260801,1.0.0,not_used,community labels are structural network results; they are not official factions and do not replace original-setting faction metadata
JP14,cross_department,music,被封印的妖怪,被封印的妖怪 ～ Lost Place,封じられた妖怪　～ Lost Place,0.0,0,0.0014104372355430183,0.0,0,0.0,C-6568740c3d3d3217,CC-6568740c3d3d3217,louvain,intersection_count,100.0,0.0,1.0,20260801,1.0.0,not_used,community labels are structural network results; they are not official factions and do not replace original-setting faction metadata
JP14,cross_department,music,被揭晓的深秘,被揭晓的深秘,明かされる深秘,0.0,0,0.0014104372355430183,0.0,0,0.0,C-60def6dcf0abe73a,CC-60def6dcf0abe73a,louvain,intersection_count,100.0,0.0,1.0,20260801,1.0.0,not_used,community labels are structural network results; they are not official factions and do not replace original-setting faction metadata
JP14,cross_department,music,被牛引到善光寺,被牛引到善光寺,牛に引かれて善光寺参り,0.0,0,0.0014104372355430183,0.0,0,0.0,C-66d95daea3e99336,CC-66d95daea3e99336,louvain,intersection_count,100.0,0.0,1.0,20260801,1.0.0,not_used,community labels are structural network results; they are not official factions and do not replace original-setting faction metadata
JP14,cross_department,music,被秘匿的四个季节,被秘匿的四个季节,秘匿されたフォーシーズンズ,0.0,0,0.0014104372355430183,0.0,0,0.0,C-cc15e9a654d4857f,CC-cc15e9a654d4857f,louvain,intersection_count,100.0,0.0,1.0,20260801,1.0.0,not_used,community labels are structural network results; they are not official factions and do not replace original-setting faction metadata
JP14,cross_department,music,装饰战decorationbattle,装饰战 ～ Decoration Battle,装飾戦　～ Decoration Battle,0.0,0,0.0014104372355430183,0.0,0,0.0,C-e7b90a079bf37901,CC-e7b90a079bf37901,louvain,intersection_count,100.0,0.0,1.0,20260801,1.0.0,not_used,community labels are structural network results; they are not official factions and do not replace original-setting faction metadata
JP14,cross_department,character,西行寺幽幽子,西行寺幽幽子,西行寺 幽々子,0.0,0,0.0014104372355430183,0.0,0,0.0,C-5aad289264a3b7b4,CC-5aad289264a3b7b4,louvain,intersection_count,100.0,0.0,1.0,20260801,1.0.0,not_used,community labels are structural network results; they are not official factions and do not replace original-setting faction metadata
JP14,cross_department,music,识文解意的爱书人,识文解意的爱书人,判読眼のビブロフィリア,0.0,0,0.0014104372355430183,0.0,0,0.0,C-015dbaa9f7d10952,CC-015dbaa9f7d10952,louvain,intersection_count,100.0,0.0,1.0,20260801,1.0.0,not_used,community labels are structural network results; they are not official factions and do not replace original-setting faction metadata
JP14,cross_department,music,请注意万年备用伞,请注意万年备用伞,万年置き傘にご注意を,0.0,0,0.0014104372355430183,0.0,0,0.0,C-42a9117b236d3d84,CC-42a9117b236d3d84,louvain,intersection_count,100.0,0.0,1.0,20260801,1.0.0,not_used,community labels are structural network results; they are not official factions and do not replace original-setting faction metadata
JP14,cross_department,music,豪言壮语,豪言壮语,壮言大語,0.0,0,0.0014104372355430183,0.0,0,0.0,C-ba219ef9acbd0101,CC-ba219ef9acbd0101,louvain,intersection_count,100.0,0.0,1.0,20260801,1.0.0,not_used,community labels are structural network results; they are not official factions and do not replace original-setting faction metadata
JP14,cross_department,music,赌上性命去恶作剧,赌上性命去恶作剧,いたずらに命をかけて,0.0,0,0.0014104372355430183,0.0,0,0.0,C-1f2c8504e1228bef,CC-1f2c8504e1228bef,louvain,intersection_count,100.0,0.0,1.0,20260801,1.0.0,not_used,community labels are structural network results; they are not official factions and do not replace original-setting faction metadata
JP14,cross_department,character,赤蛮奇,赤蛮奇,赤蛮奇,0.0,0,0.0014104372355430183,0.0,0,0.0,C-265df8d54284c70a,CC-265df8d54284c70a,louvain,intersection_count,100.0,0.0,1.0,20260801,1.0.0,not_used,community labels are structural network results; they are not official factions and do not replace original-setting faction metadata
JP14,cross_department,character,赫卡提亚拉碧斯拉祖利,赫卡提亚·拉碧斯拉祖利,ヘカーティア・ラピスラズリ,0.0,0,0.0014104372355430183,0.0,0,0.0,C-af872848b176d1c7,CC-af872848b176d1c7,louvain,intersection_count,100.0,0.0,1.0,20260801,1.0.0,not_used,community labels are structural network results; they are not official factions and do not replace original-setting faction metadata
JP14,cross_department,music,走在夜晚的莲台野,走在夜晚的莲台野,夜のデンデラ野を逝く,0.0,0,0.0014104372355430183,0.0,0,0.0,C-426bffe2c96b6d47,CC-426bffe2c96b6d47,louvain,intersection_count,100.0,0.0,1.0,20260801,1.0.0,not_used,community labels are structural network results; they are not official factions and do not replace original-setting faction metadata
JP14,cross_department,music,轮椅上的未来宇宙,轮椅上的未来宇宙,車椅子の未来宇宙,0.0,0,0.0014104372355430183,0.0,0,0.0,C-a083ea1dbc4aa5fb,CC-a083ea1dbc4aa5fb,louvain,intersection_count,100.0,0.0,1.0,20260801,1.0.0,not_used,community labels are structural network results; they are not official factions and do not replace original-setting faction metadata
JP14,cross_department,music,辉光之针的小人族,辉光之针的小人族 ～ Little Princess,輝く針の小人族　～ Little Princess,0.0,0,0.0014104372355430183,0.0,0,0.0,C-df7bead3cae654ac,CC-df7bead3cae654ac,louvain,intersection_count,100.0,0.0,1.0,20260801,1.0.0,not_used,community labels are structural network results; they are not official factions and do not replace original-setting faction metadata
JP14,cross_department,music,过去的花fairyofflower,过去的花 ～ Fairy of Flower,過去の花　～ Fairy of Flower,0.0,0,0.0014104372355430183,0.0,0,0.0,C-14e8b1f908661177,CC-14e8b1f908661177,louvain,intersection_count,100.0,0.0,1.0,20260801,1.0.0,not_used,community labels are structural network results; they are not official factions and do not replace original-setting faction metadata
JP14,cross_department,character,运松翁,运松翁,運松,0.0,0,0.0014104372355430183,0.0,0,0.0,C-32a6b621a8670e24,CC-32a6b621a8670e24,louvain,intersection_count,100.0,0.0,1.0,20260801,1.0.0,not_used,community labels are structural network results; they are not official factions and do not replace original-setting faction metadata
JP14,cross_department,music,远野之森,远野之森,遠野の森,0.0,0,0.0014104372355430183,0.0,0,0.0,C-4beb85bf3fb7efe0,CC-4beb85bf3fb7efe0,louvain,intersection_count,100.0,0.0,1.0,20260801,1.0.0,not_used,community labels are structural network results; they are not official factions and do not replace original-setting faction metadata
JP14,cross_department,music,远野幻想物语,远野幻想物语,遠野幻想物語,0.0,0,0.0014104372355430183,0.0,0,0.0,C-5534fe1ca8f06ef5,CC-5534fe1ca8f06ef5,louvain,intersection_count,100.0,0.0,1.0,20260801,1.0.0,not_used,community labels are structural network results; they are not official factions and do not replace original-setting faction metadata
JP14,cross_department,music,连带责人,连带责人,連帯責人,0.0,0,0.0014104372355430183,0.0,0,0.0,C-5dfa62bba8f5ceb8,CC-5dfa62bba8f5ceb8,louvain,intersection_count,100.0,0.0,1.0,20260801,1.0.0,not_used,community labels are structural network results; they are not official factions and do not replace original-setting faction metadata
JP14,cross_department,music,逆转的命运之轮,逆转的命运之轮,逆転するホイールオブフォーチュン,0.0,0,0.0014104372355430183,0.0,0,0.0,C-e97df92a1a0169f4,CC-e97df92a1a0169f4,louvain,intersection_count,100.0,0.0,1.0,20260801,1.0.0,not_used,community labels are structural network results; they are not official factions and do not replace original-setting faction metadata
JP14,cross_department,music,遍参,遍参,遍参,0.0,0,0.0014104372355430183,0.0,0,0.0,C-35923de613902446,CC-35923de613902446,louvain,intersection_count,100.0,0.0,1.0,20260801,1.0.0,not_used,community labels are structural network results; they are not official factions and do not replace original-setting faction metadata
JP14,cross_department,music,遥遥38万公里的航程,遥遥38万公里的航程,遥か38万キロのボヤージュ,0.0,0,0.0014104372355430183,0.0,0,0.0,C-c4cc4cd713aec88c,CC-c4cc4cd713aec88c,louvain,intersection_count,100.0,0.0,1.0,20260801,1.0.0,not_used,community labels are structural network results; they are not official factions and do not replace original-setting faction metadata
JP14,cross_department,character,都市传说的怪异（阿菊、八尺大人等）,都市传说的怪异（阿菊、八尺大人等）,都市伝説の怪異（お菊さん、八尺さま 他）,0.0,0,0.0014104372355430183,0.0,0,0.0,C-5da6d2acae3faeb8,CC-5da6d2acae3faeb8,louvain,intersection_count,100.0,0.0,1.0,20260801,1.0.0,not_used,community labels are structural network results; they are not official factions and do not replace original-setting faction metadata
JP14,cross_department,character,酒虫,酒虫,酒虫,0.0,0,0.0014104372355430183,0.0,0,0.0,C-03ffeac4fc120ece,CC-03ffeac4fc120ece,louvain,intersection_count,100.0,0.0,1.0,20260801,1.0.0,not_used,community labels are structural network results; they are not official factions and do not replace original-setting faction metadata
JP14,cross_department,music,酒鬼的雷姆利亚,酒鬼的雷姆利亚,呑んべぇのレムリア,0.0,0,0.0014104372355430183,0.0,0,0.0,C-3cecf38e8e135120,CC-3cecf38e8e135120,louvain,intersection_count,100.0,0.0,1.0,20260801,1.0.0,not_used,community labels are structural network results; they are not official factions and do not replace original-setting faction metadata
JP14,cross_department,character,里香,里香,里香,0.0,0,0.0014104372355430183,0.0,0,0.0,C-8391ca5183f33027,CC-8391ca5183f33027,louvain,intersection_count,100.0,0.0,1.0,20260801,1.0.0,not_used,community labels are structural network results; they are not official factions and do not replace original-setting faction metadata
JP14,cross_department,character,野槌,野槌,ツチノコ,0.0,0,0.0014104372355430183,0.0,0,0.0,C-5843031d1caa0887,CC-5843031d1caa0887,louvain,intersection_count,100.0,0.0,1.0,20260801,1.0.0,not_used,community labels are structural network results; they are not official factions and do not replace original-setting faction metadata
JP14,cross_department,music,针小棒大的天守阁,针小棒大的天守阁,針小棒大の天守閣,0.0,0,0.0014104372355430183,0.0,0,0.0,C-38eee42940e550dc,CC-38eee42940e550dc,louvain,intersection_count,100.0,0.0,1.0,20260801,1.0.0,not_used,community labels are structural network results; they are not official factions and do not replace original-setting faction metadata
JP14,cross_department,character,铃仙二号,铃仙二号,レイセン,0.0,0,0.0014104372355430183,0.0,0,0.0,C-6295588f7d05ed90,CC-6295588f7d05ed90,louvain,intersection_count,100.0,0.0,1.0,20260801,1.0.0,not_used,community labels are structural network results; they are not official factions and do not replace original-setting faction metadata
JP14,cross_department,character,铃仙优昙华院因幡,铃仙·优昙华院·因幡,鈴仙・優曇華院・イナバ,0.0,0,0.0014104372355430183,0.0,0,0.0,C-cb0ae9c0c64af3e7,CC-cb0ae9c0c64af3e7,louvain,intersection_count,100.0,0.0,1.0,20260801,1.0.0,not_used,community labels are structural network results; they are not official factions and do not replace original-setting faction metadata
JP14,cross_department,character,铃瑚,铃瑚,鈴瑚,0.0,0,0.0014104372355430183,0.0,0,0.0,C-a4df0711bd27a0b6,CC-a4df0711bd27a0b6,louvain,intersection_count,100.0,0.0,1.0,20260801,1.0.0,not_used,community labels are structural network results; they are not official factions and do not replace original-setting faction metadata
JP14,cross_department,character,键山雏,键山雏,鍵山 雛,0.0,0,0.0014104372355430183,0.0,0,0.0,C-00221ed0ece68571,CC-00221ed0ece68571,louvain,intersection_count,100.0,0.0,1.0,20260801,1.0.0,not_used,community labels are structural network results; they are not official factions and do not replace original-setting faction metadata
JP14,cross_department,music,门再也进不去了,门再也进不去了,もうドアには入れない,0.0,0,0.0014104372355430183,0.0,0,0.0,C-0dfd45d8917c4688,CC-0dfd45d8917c4688,louvain,intersection_count,100.0,0.0,1.0,20260801,1.0.0,not_used,community labels are structural network results; they are not official factions and do not replace original-setting faction metadata
JP14,cross_department,music,门前的妖怪小姑娘,门前的妖怪小姑娘,門前の妖怪小娘,0.0,0,0.0014104372355430183,0.0,0,0.0,C-ebb32796fdd39f90,CC-ebb32796fdd39f90,louvain,intersection_count,100.0,0.0,1.0,20260801,1.0.0,not_used,community labels are structural network results; they are not official factions and do not replace original-setting faction metadata
JP14,cross_department,music,间奏曲,间奏曲,Intermezzo,0.0,0,0.0014104372355430183,0.0,0,0.0,C-d5a5a6dc047ab266,CC-d5a5a6dc047ab266,louvain,intersection_count,100.0,0.0,1.0,20260801,1.0.0,not_used,community labels are structural network results; they are not official factions and do not replace original-setting faction metadata
JP14,cross_department,music,阻绝人迹之桥,阻绝人迹之桥,渡る者の途絶えた橋,0.0,0,0.0014104372355430183,0.0,0,0.0,C-113f26a950767bea,CC-113f26a950767bea,louvain,intersection_count,100.0,0.0,1.0,20260801,1.0.0,not_used,community labels are structural network results; they are not official factions and do not replace original-setting faction metadata
JP14,cross_department,music,阿加尔塔之风,阿加尔塔之风,アガルタの風,0.0,0,0.0014104372355430183,0.0,0,0.0,C-caf91a512fad35d3,CC-caf91a512fad35d3,louvain,intersection_count,100.0,0.0,1.0,20260801,1.0.0,not_used,community labels are structural network results; they are not official factions and do not replace original-setting faction metadata
JP14,cross_department,music,阿礼的孩子,阿礼的孩子,阿礼の子供,0.0,0,0.0014104372355430183,0.0,0,0.0,C-ccb0e0d3a28c942d,CC-ccb0e0d3a28c942d,louvain,intersection_count,100.0,0.0,1.0,20260801,1.0.0,not_used,community labels are structural network results; they are not official factions and do not replace original-setting faction metadata
JP14,cross_department,character,降神的神灵（天照、伊豆能卖等）,降神的神灵（天照、伊豆能卖等）,神降ろしの神霊（天照、伊豆能売 他）,0.0,0,0.0014104372355430183,0.0,0,0.0,C-b55fb696bb0c9867,CC-b55fb696bb0c9867,louvain,intersection_count,100.0,0.0,1.0,20260801,1.0.0,not_used,community labels are structural network results; they are not official factions and do not replace original-setting faction metadata
JP14,cross_department,character,雪,雪,ユキ,0.0,0,0.0014104372355430183,0.0,0,0.0,C-53c4465db6f2bacb,CC-53c4465db6f2bacb,louvain,intersection_count,100.0,0.0,1.0,20260801,1.0.0,not_used,community labels are structural network results; they are not official factions and do not replace original-setting faction metadata
JP14,cross_department,music,雪月樱花之国,雪月樱花之国,雪月桜花の国,0.0,0,0.0014104372355430183,0.0,0,0.0,C-dd4a3dcc13b3ab66,CC-dd4a3dcc13b3ab66,louvain,intersection_count,100.0,0.0,1.0,20260801,1.0.0,not_used,community labels are structural network results; they are not official factions and do not replace original-setting faction metadata
JP14,cross_department,character,雾雨魔理沙,雾雨魔理沙,霧雨 魔理沙,0.0,0,0.0014104372355430183,0.0,0,0.0,C-677ed457eea113d9,CC-677ed457eea113d9,louvain,intersection_count,100.0,0.0,1.0,20260801,1.0.0,not_used,community labels are structural network results; they are not official factions and do not replace original-setting faction metadata
JP14,cross_department,music,震撼心灵的都市传说,震撼心灵的都市传说,心揺さぶる都市伝説,0.0,0,0.0014104372355430183,0.0,0,0.0,C-900c7b8f19f34db5,CC-900c7b8f19f34db5,louvain,intersection_count,100.0,0.0,1.0,20260801,1.0.0,not_used,community labels are structural network results; they are not official factions and do not replace original-setting faction metadata
JP14,cross_department,character,霍青娥,霍青娥,霍 青娥,0.0,0,0.0014104372355430183,0.0,0,0.0,C-7f4df9bc82a7576f,CC-7f4df9bc82a7576f,louvain,intersection_count,100.0,0.0,1.0,20260801,1.0.0,not_used,community labels are structural network results; they are not official factions and do not replace original-setting faction metadata
JP14,cross_department,character,露娜切露德,露娜切露德,ルナチャイルド,0.0,0,0.0014104372355430183,0.0,0,0.0,C-338bccb7b1c9ece4,CC-338bccb7b1c9ece4,louvain,intersection_count,100.0,0.0,1.0,20260801,1.0.0,not_used,community labels are structural network results; they are not official factions and do not replace original-setting faction metadata
JP14,cross_department,character,露娜萨普莉兹姆利巴,露娜萨·普莉兹姆利巴,ルナサ・プリズムリバー,0.0,0,0.0014104372355430183,0.0,0,0.0,C-4b44fa7ffd0893de,CC-4b44fa7ffd0893de,louvain,intersection_count,100.0,0.0,1.0,20260801,1.0.0,not_used,community labels are structural network results; they are not official factions and do not replace original-setting faction metadata
JP14,cross_department,character,露易兹,露易兹,ルイズ,0.0,0,0.0014104372355430183,0.0,0,0.0,C-1b71989ffda27bb3,CC-1b71989ffda27bb3,louvain,intersection_count,100.0,0.0,1.0,20260801,1.0.0,not_used,community labels are structural network results; they are not official factions and do not replace original-setting faction metadata
JP14,cross_department,character,露米娅,露米娅,ルーミア,0.0,0,0.0014104372355430183,0.0,0,0.0,C-8528f85f5c2c4036,CC-8528f85f5c2c4036,louvain,intersection_count,100.0,0.0,1.0,20260801,1.0.0,not_used,community labels are structural network results; they are not official factions and do not replace original-setting faction metadata
JP14,cross_department,music,青木原的传说,青木原的传说,青木ヶ原の伝説,0.0,0,0.0014104372355430183,0.0,0,0.0,C-84da1900f315da8c,CC-84da1900f315da8c,louvain,intersection_count,100.0,0.0,1.0,20260801,1.0.0,not_used,community labels are structural network results; they are not official factions and do not replace original-setting faction metadata
JP14,cross_department,music,青空之影,青空之影,青空の影,0.0,0,0.0014104372355430183,0.0,0,0.0,C-ff775a7d7517ea53,CC-ff775a7d7517ea53,louvain,intersection_count,100.0,0.0,1.0,20260801,1.0.0,not_used,community labels are structural network results; they are not official factions and do not replace original-setting faction metadata
JP14,cross_department,music,非常非常神奇的道具们,非常非常神奇的道具们,不思議な不思議な道具達,0.0,0,0.0014104372355430183,0.0,0,0.0,C-5b493cf46572e1ab,CC-5b493cf46572e1ab,louvain,intersection_count,100.0,0.0,1.0,20260801,1.0.0,not_used,community labels are structural network results; they are not official factions and do not replace original-setting faction metadata
JP14,cross_department,music,非统一魔法世界论,非统一魔法世界论,非統一魔法世界論,0.0,0,0.0014104372355430183,0.0,0,0.0,C-92cb4c58c43169b2,CC-92cb4c58c43169b2,louvain,intersection_count,100.0,0.0,1.0,20260801,1.0.0,not_used,community labels are structural network results; they are not official factions and do not replace original-setting faction metadata
JP14,cross_department,music,风之神社,风之神社,風の神社,0.0,0,0.0014104372355430183,0.0,0,0.0,C-3a8f9f04051ed16e,CC-3a8f9f04051ed16e,louvain,intersection_count,100.0,0.0,1.0,20260801,1.0.0,not_used,community labels are structural network results; they are not official factions and do not replace original-setting faction metadata
JP14,cross_department,music,风光明媚,风光明媚,風光明媚,0.0,0,0.0014104372355430183,0.0,0,0.0,C-851e81a8b7de3356,CC-851e81a8b7de3356,louvain,intersection_count,100.0,0.0,1.0,20260801,1.0.0,not_used,community labels are structural network results; they are not official factions and do not replace original-setting faction metadata
JP14,cross_department,music,风的循环,风的循环 ～ Wind Tour,風の循環　～ Wind Tour,0.0,0,0.0014104372355430183,0.0,0,0.0,C-78a00adb96d51fd0,CC-78a00adb96d51fd0,louvain,intersection_count,100.0,0.0,1.0,20260801,1.0.0,not_used,community labels are structural network results; they are not official factions and do not replace original-setting faction metadata
JP14,cross_department,music,风神少女,风神少女,風神少女,0.0,0,0.0014104372355430183,0.0,0,0.0,C-80d7e08bcf324580,CC-80d7e08bcf324580,louvain,intersection_count,100.0,0.0,1.0,20260801,1.0.0,not_used,community labels are structural network results; they are not official factions and do not replace original-setting faction metadata
JP14,cross_department,character,风见幽香,风见幽香,風見 幽香,0.0,0,0.0014104372355430183,0.0,0,0.0,C-8b3c90fbb4ee53ba,CC-8b3c90fbb4ee53ba,louvain,intersection_count,100.0,0.0,1.0,20260801,1.0.0,not_used,community labels are structural network results; they are not official factions and do not replace original-setting faction metadata
JP14,cross_department,music,飘上月球不死之烟,飘上月球，不死之烟,月まで届け、不死の煙,0.0,0,0.0014104372355430183,0.0,0,0.0,C-b4bdf0bff3a82c71,CC-b4bdf0bff3a82c71,louvain,intersection_count,100.0,0.0,1.0,20260801,1.0.0,not_used,community labels are structural network results; they are not official factions and do not replace original-setting faction metadata
JP14,cross_department,character,飞碟（红、蓝、绿、其他）,飞碟（红、蓝、绿、其他）,UFO（赤・青・緑、その他）,0.0,0,0.0014104372355430183,0.0,0,0.0,C-f822774fb0a69745,CC-f822774fb0a69745,louvain,intersection_count,100.0,0.0,1.0,20260801,1.0.0,not_used,community labels are structural network results; they are not official factions and do not replace original-setting faction metadata
JP14,cross_department,music,飞翔于宇宙的不可思议巫女,飞翔于宇宙的不可思议巫女,宇宙を飛ぶ不思議な巫女,0.0,0,0.0014104372355430183,0.0,0,0.0,C-636b03ad9c33a262,CC-636b03ad9c33a262,louvain,intersection_count,100.0,0.0,1.0,20260801,1.0.0,not_used,community labels are structural network results; they are not official factions and do not replace original-setting faction metadata
JP14,cross_department,music,飞翔在夜晚的鸠山,飞翔在夜晚的鸠山,夜の鳩山を飛ぶ,0.0,0,0.0014104372355430183,0.0,0,0.0,C-b1ebf3dd5235493d,CC-b1ebf3dd5235493d,louvain,intersection_count,100.0,0.0,1.0,20260801,1.0.0,not_used,community labels are structural network results; they are not official factions and do not replace original-setting faction metadata
JP14,cross_department,music,飞舞的水飞沫,飞舞的水飞沫,踊る水飛沫,0.0,0,0.0014104372355430183,0.0,0,0.0,C-3d02ed9624a89c8d,CC-3d02ed9624a89c8d,louvain,intersection_count,100.0,0.0,1.0,20260801,1.0.0,not_used,community labels are structural network results; they are not official factions and do not replace original-setting faction metadata
JP14,cross_department,character,高丽野阿吽,高丽野阿吽,高麗野あうん,0.0,0,0.0014104372355430183,0.0,0,0.0,C-012450298654b9be,CC-012450298654b9be,louvain,intersection_count,100.0,0.0,1.0,20260801,1.0.0,not_used,community labels are structural network results; they are not official factions and do not replace original-setting faction metadata
JP14,cross_department,character,鬼人正邪,鬼人正邪,鬼人 正邪,0.0,0,0.0014104372355430183,0.0,0,0.0,C-ae1ded919a5069f0,CC-ae1ded919a5069f0,louvain,intersection_count,100.0,0.0,1.0,20260801,1.0.0,not_used,community labels are structural network results; they are not official factions and do not replace original-setting faction metadata
JP14,cross_department,music,魂之花anotherdream,魂之花 ～ Another Dream...,魂の花　～ Another Dream...,0.0,0,0.0014104372355430183,0.0,0,0.0,C-fb515c9126c706a0,CC-fb515c9126c706a0,louvain,intersection_count,100.0,0.0,1.0,20260801,1.0.0,not_used,community labels are structural network results; they are not official factions and do not replace original-setting faction metadata
JP14,cross_department,character,魂魄妖忌,魂魄妖忌,魂魄 妖忌,0.0,0,0.0014104372355430183,0.0,0,0.0,C-56cad7540c4caa96,CC-56cad7540c4caa96,louvain,intersection_count,100.0,0.0,1.0,20260801,1.0.0,not_used,community labels are structural network results; they are not official factions and do not replace original-setting faction metadata
JP14,cross_department,character,魂魄妖梦,魂魄妖梦,魂魄 妖夢,0.0,0,0.0014104372355430183,0.0,0,0.0,C-99624fff4fb98793,CC-99624fff4fb98793,louvain,intersection_count,100.0,0.0,1.0,20260801,1.0.0,not_used,community labels are structural network results; they are not official factions and do not replace original-setting faction metadata
JP14,cross_department,character,魅魔,魅魔,魅魔,0.0,0,0.0014104372355430183,0.0,0,0.0,C-999c25a1af0af4f0,CC-999c25a1af0af4f0,louvain,intersection_count,100.0,0.0,1.0,20260801,1.0.0,not_used,community labels are structural network results; they are not official factions and do not replace original-setting faction metadata
JP14,cross_department,music,魔力的雷云,魔力的雷云,魔力の雷雲,0.0,0,0.0014104372355430183,0.0,0,0.0,C-9d935272e90f2205,CC-9d935272e90f2205,louvain,intersection_count,100.0,0.0,1.0,20260801,1.0.0,not_used,community labels are structural network results; they are not official factions and do not replace original-setting faction metadata
JP14,cross_department,music,魔女们的舞会,魔女们的舞会,魔女達の舞踏会,0.0,0,0.0014104372355430183,0.0,0,0.0,C-86d2ce110e0131fa,CC-86d2ce110e0131fa,louvain,intersection_count,100.0,0.0,1.0,20260801,1.0.0,not_used,community labels are structural network results; they are not official factions and do not replace original-setting faction metadata
JP14,cross_department,music,魔所,魔所,魔所,0.0,0,0.0014104372355430183,0.0,0,0.0,C-2777ff0b30fd61ba,CC-2777ff0b30fd61ba,louvain,intersection_count,100.0,0.0,1.0,20260801,1.0.0,not_used,community labels are structural network results; they are not official factions and do not replace original-setting faction metadata
JP14,cross_department,music,魔术师梅莉,魔术师梅莉,魔術師メリー,0.0,0,0.0014104372355430183,0.0,0,0.0,C-df030f4899e997aa,CC-df030f4899e997aa,louvain,intersection_count,100.0,0.0,1.0,20260801,1.0.0,not_used,community labels are structural network results; they are not official factions and do not replace original-setting faction metadata
JP14,cross_department,music,魔法使的忧郁,魔法使的忧郁,魔法使いの憂鬱,0.0,0,0.0014104372355430183,0.0,0,0.0,C-fee1ee93ec5820f5,CC-fee1ee93ec5820f5,louvain,intersection_count,100.0,0.0,1.0,20260801,1.0.0,not_used,community labels are structural network results; they are not official factions and do not replace original-setting faction metadata
JP14,cross_department,music,魔法决战fightitout,魔法决战！ ～ Fight it out!,魔法決戦！　～ Fight it out!,0.0,0,0.0014104372355430183,0.0,0,0.0,C-702434920888b444,CC-702434920888b444,louvain,intersection_count,100.0,0.0,1.0,20260801,1.0.0,not_used,community labels are structural network results; they are not official factions and do not replace original-setting faction metadata
JP14,cross_department,music,魔法少女们的百年祭,魔法少女们的百年祭,魔法少女達の百年祭,0.0,0,0.0014104372355430183,0.0,0,0.0,C-b9b2bb35e20faefd,CC-b9b2bb35e20faefd,louvain,intersection_count,100.0,0.0,1.0,20260801,1.0.0,not_used,community labels are structural network results; they are not official factions and do not replace original-setting faction metadata
JP14,cross_department,music,魔法少女十字军,魔法少女十字军,魔法少女十字軍,0.0,0,0.0014104372355430183,0.0,0,0.0,C-b89ebfa2ddf0f5f1,CC-b89ebfa2ddf0f5f1,louvain,intersection_count,100.0,0.0,1.0,20260801,1.0.0,not_used,community labels are structural network results; they are not official factions and do not replace original-setting faction metadata
JP14,cross_department,music,魔法的笠地藏,魔法的笠地藏,魔法の笠地蔵,0.0,0,0.0014104372355430183,0.0,0,0.0,C-57ef8a74f9c91c70,CC-57ef8a74f9c91c70,louvain,intersection_count,100.0,0.0,1.0,20260801,1.0.0,not_used,community labels are structural network results; they are not official factions and do not replace original-setting faction metadata
JP14,cross_department,music,魔法钟爱,魔法钟爱,魔法鐘愛,0.0,0,0.0014104372355430183,0.0,0,0.0,C-46f8da427ce4a30c,CC-46f8da427ce4a30c,louvain,intersection_count,100.0,0.0,1.0,20260801,1.0.0,not_used,community labels are structural network results; they are not official factions and do not replace original-setting faction metadata
JP14,cross_department,music,魔法阵magicsquare,魔法阵 ～ Magic Square,魔法陣　～ Magic Square,0.0,0,0.0014104372355430183,0.0,0,0.0,C-601c28899210c3c1,CC-601c28899210c3c1,louvain,intersection_count,100.0,0.0,1.0,20260801,1.0.0,not_used,community labels are structural network results; they are not official factions and do not replace original-setting faction metadata
JP14,cross_department,music,魔界地方都市秘境,魔界地方都市秘境,魔界地方都市エソテリア,0.0,0,0.0014104372355430183,0.0,0,0.0,C-0fc8b37f5dce6bef,CC-0fc8b37f5dce6bef,louvain,intersection_count,100.0,0.0,1.0,20260801,1.0.0,not_used,community labels are structural network results; they are not official factions and do not replace original-setting faction metadata
JP14,cross_department,music,魔镜,魔镜,魔鏡,0.0,0,0.0014104372355430183,0.0,0,0.0,C-96ced0364753b638,CC-96ced0364753b638,louvain,intersection_count,100.0,0.0,1.0,20260801,1.0.0,not_used,community labels are structural network results; they are not official factions and do not replace original-setting faction metadata
JP14,cross_department,music,鸢尾花,鸢尾花,アイリス,0.0,0,0.0014104372355430183,0.0,0,0.0,C-7214cfab2cab2739,CC-7214cfab2cab2739,louvain,intersection_count,100.0,0.0,1.0,20260801,1.0.0,not_used,community labels are structural network results; they are not official factions and do not replace original-setting faction metadata
JP14,cross_department,music,黑暗的力量,黑暗的力量,やみのちから,0.0,0,0.0014104372355430183,0.0,0,0.0,C-d39554f0826f917c,CC-d39554f0826f917c,louvain,intersection_count,100.0,0.0,1.0,20260801,1.0.0,not_used,community labels are structural network results; they are not official factions and do not replace original-setting faction metadata
JP14,cross_department,music,黑海中的绯红,黑海中的绯红 ～ Legendary Fish,黒い海に紅く　～ Legendary Fish,0.0,0,0.0014104372355430183,0.0,0,0.0,C-ae57dd609338c8f2,CC-ae57dd609338c8f2,louvain,intersection_count,100.0,0.0,1.0,20260801,1.0.0,not_used,community labels are structural network results; they are not official factions and do not replace original-setting faction metadata
JP14,cross_department,character,黑谷山女,黑谷山女,黒谷 ヤマメ,0.0,0,0.0014104372355430183,0.0,0,0.0,C-1bd6b2c4af80ea24,CC-1bd6b2c4af80ea24,louvain,intersection_count,100.0,0.0,1.0,20260801,1.0.0,not_used,community labels are structural network results; they are not official factions and do not replace original-setting faction metadata
JP14,cross_department,character,龙（子龙、邪龙等）,龙（子龙、邪龙等）,龍（子龍、邪龍 他）,0.0,0,0.0014104372355430183,0.0,0,0.0,C-22ca153bbb6243c3,CC-22ca153bbb6243c3,louvain,intersection_count,100.0,0.0,1.0,20260801,1.0.0,not_used,community labels are structural network results; they are not official factions and do not replace original-setting faction metadata
