round,category,id,title,primary_heading,html_path,parsed_path,table_count,status
4,chara,1,,博丽灵梦,data_raw/cn_official_legacy/round_04/raw/details/chara/1.html,data_raw/cn_official_legacy/round_04/processed/details/chara/1.json,14,ok
4,chara,2,,雾雨魔理沙,data_raw/cn_official_legacy/round_04/raw/details/chara/2.html,data_raw/cn_official_legacy/round_04/processed/details/chara/2.json,14,ok
4,chara,3,,露米娅,data_raw/cn_official_legacy/round_04/raw/details/chara/3.html,data_raw/cn_official_legacy/round_04/processed/details/chara/3.json,14,ok
4,chara,4,,大妖精,data_raw/cn_official_legacy/round_04/raw/details/chara/4.html,data_raw/cn_official_legacy/round_04/processed/details/chara/4.json,14,ok
4,chara,5,,琪露诺,data_raw/cn_official_legacy/round_04/raw/details/chara/5.html,data_raw/cn_official_legacy/round_04/processed/details/chara/5.json,14,ok
4,chara,6,,红美铃,data_raw/cn_official_legacy/round_04/raw/details/chara/6.html,data_raw/cn_official_legacy/round_04/processed/details/chara/6.json,14,ok
4,chara,7,,小恶魔,data_raw/cn_official_legacy/round_04/raw/details/chara/7.html,data_raw/cn_official_legacy/round_04/processed/details/chara/7.json,14,ok
4,chara,8,,帕秋莉·诺蕾姬,data_raw/cn_official_legacy/round_04/raw/details/chara/8.html,data_raw/cn_official_legacy/round_04/processed/details/chara/8.json,14,ok
4,chara,9,,十六夜咲夜,data_raw/cn_official_legacy/round_04/raw/details/chara/9.html,data_raw/cn_official_legacy/round_04/processed/details/chara/9.json,14,ok
4,chara,10,,蕾米莉亚·斯卡蕾特,data_raw/cn_official_legacy/round_04/raw/details/chara/10.html,data_raw/cn_official_legacy/round_04/processed/details/chara/10.json,14,ok
4,chara,11,,芙兰朵露·斯卡蕾特,data_raw/cn_official_legacy/round_04/raw/details/chara/11.html,data_raw/cn_official_legacy/round_04/processed/details/chara/11.json,14,ok
4,chara,12,,冴月麟,data_raw/cn_official_legacy/round_04/raw/details/chara/12.html,data_raw/cn_official_legacy/round_04/processed/details/chara/12.json,14,ok
4,chara,13,,蕾蒂·霍瓦特洛克,data_raw/cn_official_legacy/round_04/raw/details/chara/13.html,data_raw/cn_official_legacy/round_04/processed/details/chara/13.json,14,ok
4,chara,14,,橙,data_raw/cn_official_legacy/round_04/raw/details/chara/14.html,data_raw/cn_official_legacy/round_04/processed/details/chara/14.json,14,ok
4,chara,15,,爱丽丝·玛格特洛依德,data_raw/cn_official_legacy/round_04/raw/details/chara/15.html,data_raw/cn_official_legacy/round_04/processed/details/chara/15.json,14,ok
4,chara,16,,莉莉白,data_raw/cn_official_legacy/round_04/raw/details/chara/16.html,data_raw/cn_official_legacy/round_04/processed/details/chara/16.json,14,ok
4,chara,17,,露娜萨·普莉兹姆利巴,data_raw/cn_official_legacy/round_04/raw/details/chara/17.html,data_raw/cn_official_legacy/round_04/processed/details/chara/17.json,14,ok
4,chara,18,,梅露兰·普莉兹姆利巴,data_raw/cn_official_legacy/round_04/raw/details/chara/18.html,data_raw/cn_official_legacy/round_04/processed/details/chara/18.json,14,ok
4,chara,19,,莉莉卡·普莉兹姆利巴,data_raw/cn_official_legacy/round_04/raw/details/chara/19.html,data_raw/cn_official_legacy/round_04/processed/details/chara/19.json,14,ok
4,chara,20,,魂魄妖梦,data_raw/cn_official_legacy/round_04/raw/details/chara/20.html,data_raw/cn_official_legacy/round_04/processed/details/chara/20.json,14,ok
4,chara,21,,西行寺幽幽子,data_raw/cn_official_legacy/round_04/raw/details/chara/21.html,data_raw/cn_official_legacy/round_04/processed/details/chara/21.json,14,ok
4,chara,22,,八云蓝,data_raw/cn_official_legacy/round_04/raw/details/chara/22.html,data_raw/cn_official_legacy/round_04/processed/details/chara/22.json,14,ok
4,chara,23,,八云紫,data_raw/cn_official_legacy/round_04/raw/details/chara/23.html,data_raw/cn_official_legacy/round_04/processed/details/chara/23.json,14,ok
4,chara,24,,魂魄妖忌,data_raw/cn_official_legacy/round_04/raw/details/chara/24.html,data_raw/cn_official_legacy/round_04/processed/details/chara/24.json,14,ok
4,chara,25,,蕾拉·普莉兹姆利巴,data_raw/cn_official_legacy/round_04/raw/details/chara/25.html,data_raw/cn_official_legacy/round_04/processed/details/chara/25.json,14,ok
4,chara,26,,伊吹萃香,data_raw/cn_official_legacy/round_04/raw/details/chara/26.html,data_raw/cn_official_legacy/round_04/processed/details/chara/26.json,14,ok
4,chara,27,,莉格露·奈特巴格,data_raw/cn_official_legacy/round_04/raw/details/chara/27.html,data_raw/cn_official_legacy/round_04/processed/details/chara/27.json,14,ok
4,chara,28,,米斯蒂娅·萝蕾拉,data_raw/cn_official_legacy/round_04/raw/details/chara/28.html,data_raw/cn_official_legacy/round_04/processed/details/chara/28.json,14,ok
4,chara,29,,上白泽慧音,data_raw/cn_official_legacy/round_04/raw/details/chara/29.html,data_raw/cn_official_legacy/round_04/processed/details/chara/29.json,14,ok
4,chara,30,,因幡帝,data_raw/cn_official_legacy/round_04/raw/details/chara/30.html,data_raw/cn_official_legacy/round_04/processed/details/chara/30.json,14,ok
4,chara,31,,铃仙·优昙华院·因幡,data_raw/cn_official_legacy/round_04/raw/details/chara/31.html,data_raw/cn_official_legacy/round_04/processed/details/chara/31.json,14,ok
4,chara,32,,八意永琳,data_raw/cn_official_legacy/round_04/raw/details/chara/32.html,data_raw/cn_official_legacy/round_04/processed/details/chara/32.json,14,ok
4,chara,33,,蓬莱山辉夜,data_raw/cn_official_legacy/round_04/raw/details/chara/33.html,data_raw/cn_official_legacy/round_04/processed/details/chara/33.json,14,ok
4,chara,34,,藤原妹红,data_raw/cn_official_legacy/round_04/raw/details/chara/34.html,data_raw/cn_official_legacy/round_04/processed/details/chara/34.json,14,ok
4,chara,35,,射命丸文,data_raw/cn_official_legacy/round_04/raw/details/chara/35.html,data_raw/cn_official_legacy/round_04/processed/details/chara/35.json,14,ok
4,chara,36,,梅蒂欣·梅兰可莉,data_raw/cn_official_legacy/round_04/raw/details/chara/36.html,data_raw/cn_official_legacy/round_04/processed/details/chara/36.json,14,ok
4,chara,37,,风见幽香,data_raw/cn_official_legacy/round_04/raw/details/chara/37.html,data_raw/cn_official_legacy/round_04/processed/details/chara/37.json,14,ok
4,chara,38,,小野塚小町,data_raw/cn_official_legacy/round_04/raw/details/chara/38.html,data_raw/cn_official_legacy/round_04/processed/details/chara/38.json,14,ok
4,chara,39,,四季映姬·亚玛萨那度,data_raw/cn_official_legacy/round_04/raw/details/chara/39.html,data_raw/cn_official_legacy/round_04/processed/details/chara/39.json,14,ok
4,chara,40,,秋静叶,data_raw/cn_official_legacy/round_04/raw/details/chara/40.html,data_raw/cn_official_legacy/round_04/processed/details/chara/40.json,14,ok
4,chara,41,,秋穰子,data_raw/cn_official_legacy/round_04/raw/details/chara/41.html,data_raw/cn_official_legacy/round_04/processed/details/chara/41.json,14,ok
4,chara,42,,键山雏,data_raw/cn_official_legacy/round_04/raw/details/chara/42.html,data_raw/cn_official_legacy/round_04/processed/details/chara/42.json,14,ok
4,chara,43,,河城荷取,data_raw/cn_official_legacy/round_04/raw/details/chara/43.html,data_raw/cn_official_legacy/round_04/processed/details/chara/43.json,14,ok
4,chara,44,,犬走椛,data_raw/cn_official_legacy/round_04/raw/details/chara/44.html,data_raw/cn_official_legacy/round_04/processed/details/chara/44.json,14,ok
4,chara,45,,东风谷早苗,data_raw/cn_official_legacy/round_04/raw/details/chara/45.html,data_raw/cn_official_legacy/round_04/processed/details/chara/45.json,14,ok
4,chara,46,,八坂神奈子,data_raw/cn_official_legacy/round_04/raw/details/chara/46.html,data_raw/cn_official_legacy/round_04/processed/details/chara/46.json,14,ok
4,chara,47,,洩矢诹访子,data_raw/cn_official_legacy/round_04/raw/details/chara/47.html,data_raw/cn_official_legacy/round_04/processed/details/chara/47.json,14,ok
4,chara,48,,永江衣玖,data_raw/cn_official_legacy/round_04/raw/details/chara/48.html,data_raw/cn_official_legacy/round_04/processed/details/chara/48.json,14,ok
4,chara,49,,比那名居天子,data_raw/cn_official_legacy/round_04/raw/details/chara/49.html,data_raw/cn_official_legacy/round_04/processed/details/chara/49.json,14,ok
4,chara,50,,琪斯美,data_raw/cn_official_legacy/round_04/raw/details/chara/50.html,data_raw/cn_official_legacy/round_04/processed/details/chara/50.json,14,ok
4,chara,51,,黑谷山女,data_raw/cn_official_legacy/round_04/raw/details/chara/51.html,data_raw/cn_official_legacy/round_04/processed/details/chara/51.json,14,ok
4,chara,52,,水桥帕露西,data_raw/cn_official_legacy/round_04/raw/details/chara/52.html,data_raw/cn_official_legacy/round_04/processed/details/chara/52.json,14,ok
4,chara,53,,星熊勇仪,data_raw/cn_official_legacy/round_04/raw/details/chara/53.html,data_raw/cn_official_legacy/round_04/processed/details/chara/53.json,14,ok
4,chara,54,,古明地觉,data_raw/cn_official_legacy/round_04/raw/details/chara/54.html,data_raw/cn_official_legacy/round_04/processed/details/chara/54.json,14,ok
4,chara,55,,火焰猫燐,data_raw/cn_official_legacy/round_04/raw/details/chara/55.html,data_raw/cn_official_legacy/round_04/processed/details/chara/55.json,14,ok
4,chara,56,,灵乌路空,data_raw/cn_official_legacy/round_04/raw/details/chara/56.html,data_raw/cn_official_legacy/round_04/processed/details/chara/56.json,14,ok
4,chara,57,,古明地恋,data_raw/cn_official_legacy/round_04/raw/details/chara/57.html,data_raw/cn_official_legacy/round_04/processed/details/chara/57.json,14,ok
4,chara,58,,娜兹玲,data_raw/cn_official_legacy/round_04/raw/details/chara/58.html,data_raw/cn_official_legacy/round_04/processed/details/chara/58.json,14,ok
4,chara,59,,多多良小伞,data_raw/cn_official_legacy/round_04/raw/details/chara/59.html,data_raw/cn_official_legacy/round_04/processed/details/chara/59.json,14,ok
4,chara,60,,云山,data_raw/cn_official_legacy/round_04/raw/details/chara/60.html,data_raw/cn_official_legacy/round_04/processed/details/chara/60.json,14,ok
4,chara,61,,云居一轮,data_raw/cn_official_legacy/round_04/raw/details/chara/61.html,data_raw/cn_official_legacy/round_04/processed/details/chara/61.json,14,ok
4,chara,62,,村纱水蜜,data_raw/cn_official_legacy/round_04/raw/details/chara/62.html,data_raw/cn_official_legacy/round_04/processed/details/chara/62.json,14,ok
4,chara,63,,寅丸星,data_raw/cn_official_legacy/round_04/raw/details/chara/63.html,data_raw/cn_official_legacy/round_04/processed/details/chara/63.json,14,ok
4,chara,64,,圣白莲,data_raw/cn_official_legacy/round_04/raw/details/chara/64.html,data_raw/cn_official_legacy/round_04/processed/details/chara/64.json,14,ok
4,chara,65,,封兽鵺,data_raw/cn_official_legacy/round_04/raw/details/chara/65.html,data_raw/cn_official_legacy/round_04/processed/details/chara/65.json,14,ok
4,chara,66,,命莲,data_raw/cn_official_legacy/round_04/raw/details/chara/66.html,data_raw/cn_official_legacy/round_04/processed/details/chara/66.json,14,ok
4,chara,67,,大鲶鱼,data_raw/cn_official_legacy/round_04/raw/details/chara/67.html,data_raw/cn_official_legacy/round_04/processed/details/chara/67.json,14,ok
4,chara,68,,非想天则,data_raw/cn_official_legacy/round_04/raw/details/chara/68.html,data_raw/cn_official_legacy/round_04/processed/details/chara/68.json,14,ok
4,chara,69,,姬海棠果,data_raw/cn_official_legacy/round_04/raw/details/chara/69.html,data_raw/cn_official_legacy/round_04/processed/details/chara/69.json,14,ok
4,chara,70,,幽谷响子,data_raw/cn_official_legacy/round_04/raw/details/chara/70.html,data_raw/cn_official_legacy/round_04/processed/details/chara/70.json,14,ok
4,chara,71,,宫古芳香,data_raw/cn_official_legacy/round_04/raw/details/chara/71.html,data_raw/cn_official_legacy/round_04/processed/details/chara/71.json,14,ok
4,chara,72,,霍青娥,data_raw/cn_official_legacy/round_04/raw/details/chara/72.html,data_raw/cn_official_legacy/round_04/processed/details/chara/72.json,14,ok
4,chara,73,,苏我屠自古,data_raw/cn_official_legacy/round_04/raw/details/chara/73.html,data_raw/cn_official_legacy/round_04/processed/details/chara/73.json,14,ok
4,chara,74,,物部布都,data_raw/cn_official_legacy/round_04/raw/details/chara/74.html,data_raw/cn_official_legacy/round_04/processed/details/chara/74.json,14,ok
4,chara,75,,丰聪耳神子,data_raw/cn_official_legacy/round_04/raw/details/chara/75.html,data_raw/cn_official_legacy/round_04/processed/details/chara/75.json,14,ok
4,chara,76,,二岩猯藏,data_raw/cn_official_legacy/round_04/raw/details/chara/76.html,data_raw/cn_official_legacy/round_04/processed/details/chara/76.json,14,ok
4,chara,77,,秦心,data_raw/cn_official_legacy/round_04/raw/details/chara/77.html,data_raw/cn_official_legacy/round_04/processed/details/chara/77.json,14,ok
4,chara,78,,秦河胜,data_raw/cn_official_legacy/round_04/raw/details/chara/78.html,data_raw/cn_official_legacy/round_04/processed/details/chara/78.json,14,ok
4,chara,79,,若鹭姬,data_raw/cn_official_legacy/round_04/raw/details/chara/79.html,data_raw/cn_official_legacy/round_04/processed/details/chara/79.json,14,ok
4,chara,80,,赤蛮奇,data_raw/cn_official_legacy/round_04/raw/details/chara/80.html,data_raw/cn_official_legacy/round_04/processed/details/chara/80.json,14,ok
4,chara,81,,今泉影狼,data_raw/cn_official_legacy/round_04/raw/details/chara/81.html,data_raw/cn_official_legacy/round_04/processed/details/chara/81.json,14,ok
4,chara,82,,九十九弁弁,data_raw/cn_official_legacy/round_04/raw/details/chara/82.html,data_raw/cn_official_legacy/round_04/processed/details/chara/82.json,14,ok
4,chara,83,,九十九八桥,data_raw/cn_official_legacy/round_04/raw/details/chara/83.html,data_raw/cn_official_legacy/round_04/processed/details/chara/83.json,14,ok
4,chara,84,,鬼人正邪,data_raw/cn_official_legacy/round_04/raw/details/chara/84.html,data_raw/cn_official_legacy/round_04/processed/details/chara/84.json,14,ok
4,chara,85,,少名针妙丸,data_raw/cn_official_legacy/round_04/raw/details/chara/85.html,data_raw/cn_official_legacy/round_04/processed/details/chara/85.json,14,ok
4,chara,86,,堀川雷鼓,data_raw/cn_official_legacy/round_04/raw/details/chara/86.html,data_raw/cn_official_legacy/round_04/processed/details/chara/86.json,14,ok
4,chara,87,,宇佐见堇子,data_raw/cn_official_legacy/round_04/raw/details/chara/87.html,data_raw/cn_official_legacy/round_04/processed/details/chara/87.json,14,ok
4,chara,88,,绿巨人,data_raw/cn_official_legacy/round_04/raw/details/chara/88.html,data_raw/cn_official_legacy/round_04/processed/details/chara/88.json,14,ok
4,chara,89,,阿菊,data_raw/cn_official_legacy/round_04/raw/details/chara/89.html,data_raw/cn_official_legacy/round_04/processed/details/chara/89.json,14,ok
4,chara,90,,八尺大人,data_raw/cn_official_legacy/round_04/raw/details/chara/90.html,data_raw/cn_official_legacy/round_04/processed/details/chara/90.json,14,ok
4,chara,91,,彭祖,data_raw/cn_official_legacy/round_04/raw/details/chara/91.html,data_raw/cn_official_legacy/round_04/processed/details/chara/91.json,14,ok
4,chara,92,,黄帝,data_raw/cn_official_legacy/round_04/raw/details/chara/92.html,data_raw/cn_official_legacy/round_04/processed/details/chara/92.json,14,ok
4,chara,93,,尼西号,data_raw/cn_official_legacy/round_04/raw/details/chara/93.html,data_raw/cn_official_legacy/round_04/processed/details/chara/93.json,14,ok
4,chara,94,,清兰,data_raw/cn_official_legacy/round_04/raw/details/chara/94.html,data_raw/cn_official_legacy/round_04/processed/details/chara/94.json,14,ok
4,chara,95,,铃瑚,data_raw/cn_official_legacy/round_04/raw/details/chara/95.html,data_raw/cn_official_legacy/round_04/processed/details/chara/95.json,14,ok
4,chara,96,,哆来咪·苏伊特,data_raw/cn_official_legacy/round_04/raw/details/chara/96.html,data_raw/cn_official_legacy/round_04/processed/details/chara/96.json,14,ok
4,chara,97,,稀神探女,data_raw/cn_official_legacy/round_04/raw/details/chara/97.html,data_raw/cn_official_legacy/round_04/processed/details/chara/97.json,14,ok
4,chara,98,,克劳恩皮丝,data_raw/cn_official_legacy/round_04/raw/details/chara/98.html,data_raw/cn_official_legacy/round_04/processed/details/chara/98.json,14,ok
4,chara,99,,纯狐,data_raw/cn_official_legacy/round_04/raw/details/chara/99.html,data_raw/cn_official_legacy/round_04/processed/details/chara/99.json,14,ok
4,chara,100,,赫卡提亚·拉碧斯拉祖利,data_raw/cn_official_legacy/round_04/raw/details/chara/100.html,data_raw/cn_official_legacy/round_04/processed/details/chara/100.json,14,ok
4,chara,101,,神玉,data_raw/cn_official_legacy/round_04/raw/details/chara/101.html,data_raw/cn_official_legacy/round_04/processed/details/chara/101.json,14,ok
4,chara,102,,魅魔,data_raw/cn_official_legacy/round_04/raw/details/chara/102.html,data_raw/cn_official_legacy/round_04/processed/details/chara/102.json,14,ok
4,chara,103,,菊理,data_raw/cn_official_legacy/round_04/raw/details/chara/103.html,data_raw/cn_official_legacy/round_04/processed/details/chara/103.json,14,ok
4,chara,104,,矜羯罗,data_raw/cn_official_legacy/round_04/raw/details/chara/104.html,data_raw/cn_official_legacy/round_04/processed/details/chara/104.json,14,ok
4,chara,105,,幽玄魔眼,data_raw/cn_official_legacy/round_04/raw/details/chara/105.html,data_raw/cn_official_legacy/round_04/processed/details/chara/105.json,14,ok
4,chara,106,,依莉斯,data_raw/cn_official_legacy/round_04/raw/details/chara/106.html,data_raw/cn_official_legacy/round_04/processed/details/chara/106.json,14,ok
4,chara,107,,萨丽爱尔,data_raw/cn_official_legacy/round_04/raw/details/chara/107.html,data_raw/cn_official_legacy/round_04/processed/details/chara/107.json,14,ok
4,chara,108,,玄爷,data_raw/cn_official_legacy/round_04/raw/details/chara/108.html,data_raw/cn_official_legacy/round_04/processed/details/chara/108.json,14,ok
4,chara,109,,里香,data_raw/cn_official_legacy/round_04/raw/details/chara/109.html,data_raw/cn_official_legacy/round_04/processed/details/chara/109.json,14,ok
4,chara,110,,明罗,data_raw/cn_official_legacy/round_04/raw/details/chara/110.html,data_raw/cn_official_legacy/round_04/processed/details/chara/110.json,14,ok
4,chara,111,,Flower～战车,data_raw/cn_official_legacy/round_04/raw/details/chara/111.html,data_raw/cn_official_legacy/round_04/processed/details/chara/111.json,14,ok
4,chara,112,,邪眼西格玛,data_raw/cn_official_legacy/round_04/raw/details/chara/112.html,data_raw/cn_official_legacy/round_04/processed/details/chara/112.json,14,ok
4,chara,113,,爱莲,data_raw/cn_official_legacy/round_04/raw/details/chara/113.html,data_raw/cn_official_legacy/round_04/processed/details/chara/113.json,14,ok
4,chara,114,,小兔姬,data_raw/cn_official_legacy/round_04/raw/details/chara/114.html,data_raw/cn_official_legacy/round_04/processed/details/chara/114.json,14,ok
4,chara,115,,卡娜·安娜贝拉尔,data_raw/cn_official_legacy/round_04/raw/details/chara/115.html,data_raw/cn_official_legacy/round_04/processed/details/chara/115.json,14,ok
4,chara,116,,朝仓理香子,data_raw/cn_official_legacy/round_04/raw/details/chara/116.html,data_raw/cn_official_legacy/round_04/processed/details/chara/116.json,14,ok
4,chara,117,,北白河千百合,data_raw/cn_official_legacy/round_04/raw/details/chara/117.html,data_raw/cn_official_legacy/round_04/processed/details/chara/117.json,14,ok
4,chara,118,,冈崎梦美,data_raw/cn_official_legacy/round_04/raw/details/chara/118.html,data_raw/cn_official_legacy/round_04/processed/details/chara/118.json,14,ok
4,chara,119,,咪咪号,data_raw/cn_official_legacy/round_04/raw/details/chara/119.html,data_raw/cn_official_legacy/round_04/processed/details/chara/119.json,14,ok
4,chara,120,,留琴,data_raw/cn_official_legacy/round_04/raw/details/chara/120.html,data_raw/cn_official_legacy/round_04/processed/details/chara/120.json,14,ok
4,chara,121,,玛○奇,data_raw/cn_official_legacy/round_04/raw/details/chara/121.html,data_raw/cn_official_legacy/round_04/processed/details/chara/121.json,14,ok
4,chara,122,,苏格拉底,data_raw/cn_official_legacy/round_04/raw/details/chara/122.html,data_raw/cn_official_legacy/round_04/processed/details/chara/122.json,14,ok
4,chara,123,,奥莲姬,data_raw/cn_official_legacy/round_04/raw/details/chara/123.html,data_raw/cn_official_legacy/round_04/processed/details/chara/123.json,14,ok
4,chara,124,,胡桃,data_raw/cn_official_legacy/round_04/raw/details/chara/124.html,data_raw/cn_official_legacy/round_04/processed/details/chara/124.json,14,ok
4,chara,125,,艾丽,data_raw/cn_official_legacy/round_04/raw/details/chara/125.html,data_raw/cn_official_legacy/round_04/processed/details/chara/125.json,14,ok
4,chara,126,,梦月,data_raw/cn_official_legacy/round_04/raw/details/chara/126.html,data_raw/cn_official_legacy/round_04/processed/details/chara/126.json,14,ok
4,chara,127,,幻月,data_raw/cn_official_legacy/round_04/raw/details/chara/127.html,data_raw/cn_official_legacy/round_04/processed/details/chara/127.json,14,ok
4,chara,128,,萨拉,data_raw/cn_official_legacy/round_04/raw/details/chara/128.html,data_raw/cn_official_legacy/round_04/processed/details/chara/128.json,14,ok
4,chara,129,,露易兹,data_raw/cn_official_legacy/round_04/raw/details/chara/129.html,data_raw/cn_official_legacy/round_04/processed/details/chara/129.json,14,ok
4,chara,130,,雪,data_raw/cn_official_legacy/round_04/raw/details/chara/130.html,data_raw/cn_official_legacy/round_04/processed/details/chara/130.json,14,ok
4,chara,131,,舞,data_raw/cn_official_legacy/round_04/raw/details/chara/131.html,data_raw/cn_official_legacy/round_04/processed/details/chara/131.json,14,ok
4,chara,132,,梦子,data_raw/cn_official_legacy/round_04/raw/details/chara/132.html,data_raw/cn_official_legacy/round_04/processed/details/chara/132.json,14,ok
4,chara,133,,神绮,data_raw/cn_official_legacy/round_04/raw/details/chara/133.html,data_raw/cn_official_legacy/round_04/processed/details/chara/133.json,14,ok
4,chara,134,,宇佐见莲子,data_raw/cn_official_legacy/round_04/raw/details/chara/134.html,data_raw/cn_official_legacy/round_04/processed/details/chara/134.json,14,ok
4,chara,135,,玛艾露贝莉·赫恩,data_raw/cn_official_legacy/round_04/raw/details/chara/135.html,data_raw/cn_official_legacy/round_04/processed/details/chara/135.json,14,ok
4,chara,136,,稗田阿求,data_raw/cn_official_legacy/round_04/raw/details/chara/136.html,data_raw/cn_official_legacy/round_04/processed/details/chara/136.json,14,ok
4,chara,137,,森近霖之助,data_raw/cn_official_legacy/round_04/raw/details/chara/137.html,data_raw/cn_official_legacy/round_04/processed/details/chara/137.json,14,ok
4,chara,138,,无名的读书妖怪（朱鹭子）,data_raw/cn_official_legacy/round_04/raw/details/chara/138.html,data_raw/cn_official_legacy/round_04/processed/details/chara/138.json,14,ok
4,chara,139,,桑尼米尔克,data_raw/cn_official_legacy/round_04/raw/details/chara/139.html,data_raw/cn_official_legacy/round_04/processed/details/chara/139.json,14,ok
4,chara,140,,露娜切尔德,data_raw/cn_official_legacy/round_04/raw/details/chara/140.html,data_raw/cn_official_legacy/round_04/processed/details/chara/140.json,14,ok
4,chara,141,,斯塔萨菲雅,data_raw/cn_official_legacy/round_04/raw/details/chara/141.html,data_raw/cn_official_legacy/round_04/processed/details/chara/141.json,14,ok
4,chara,142,,绵月丰姬,data_raw/cn_official_legacy/round_04/raw/details/chara/142.html,data_raw/cn_official_legacy/round_04/processed/details/chara/142.json,14,ok
4,chara,143,,绵月依姬,data_raw/cn_official_legacy/round_04/raw/details/chara/143.html,data_raw/cn_official_legacy/round_04/processed/details/chara/143.json,14,ok
4,chara,144,,Reisen,data_raw/cn_official_legacy/round_04/raw/details/chara/144.html,data_raw/cn_official_legacy/round_04/processed/details/chara/144.json,14,ok
4,chara,145,,茨木华扇,data_raw/cn_official_legacy/round_04/raw/details/chara/145.html,data_raw/cn_official_legacy/round_04/processed/details/chara/145.json,14,ok
4,chara,146,,本居小铃,data_raw/cn_official_legacy/round_04/raw/details/chara/146.html,data_raw/cn_official_legacy/round_04/processed/details/chara/146.json,14,ok
4,chara,147,,龙神,data_raw/cn_official_legacy/round_04/raw/details/chara/147.html,data_raw/cn_official_legacy/round_04/processed/details/chara/147.json,14,ok
4,chara,148,,月夜见,data_raw/cn_official_legacy/round_04/raw/details/chara/148.html,data_raw/cn_official_legacy/round_04/processed/details/chara/148.json,14,ok
4,chara,149,,石长姬,data_raw/cn_official_legacy/round_04/raw/details/chara/149.html,data_raw/cn_official_legacy/round_04/processed/details/chara/149.json,14,ok
4,chara,150,,木花咲耶姬,data_raw/cn_official_legacy/round_04/raw/details/chara/150.html,data_raw/cn_official_legacy/round_04/processed/details/chara/150.json,14,ok
4,chara,151,,天照大御神,data_raw/cn_official_legacy/round_04/raw/details/chara/151.html,data_raw/cn_official_legacy/round_04/processed/details/chara/151.json,14,ok
4,chara,152,,石凝老命,data_raw/cn_official_legacy/round_04/raw/details/chara/152.html,data_raw/cn_official_legacy/round_04/processed/details/chara/152.json,14,ok
4,chara,153,,天宇受卖命,data_raw/cn_official_legacy/round_04/raw/details/chara/153.html,data_raw/cn_official_legacy/round_04/processed/details/chara/153.json,14,ok
4,chara,154,,伊豆能卖,data_raw/cn_official_legacy/round_04/raw/details/chara/154.html,data_raw/cn_official_legacy/round_04/processed/details/chara/154.json,14,ok
4,chara,155,,火雷神,data_raw/cn_official_legacy/round_04/raw/details/chara/155.html,data_raw/cn_official_legacy/round_04/processed/details/chara/155.json,14,ok
4,chara,156,,岩笠,data_raw/cn_official_legacy/round_04/raw/details/chara/156.html,data_raw/cn_official_legacy/round_04/processed/details/chara/156.json,14,ok
4,chara,157,,瑞江浦岛子,data_raw/cn_official_legacy/round_04/raw/details/chara/157.html,data_raw/cn_official_legacy/round_04/processed/details/chara/157.json,14,ok
4,chara,158,,前鬼 / 后鬼,data_raw/cn_official_legacy/round_04/raw/details/chara/158.html,data_raw/cn_official_legacy/round_04/processed/details/chara/158.json,14,ok
4,chara,159,,求闻史纪中的受访人群,data_raw/cn_official_legacy/round_04/raw/details/chara/159.html,data_raw/cn_official_legacy/round_04/processed/details/chara/159.json,14,ok
4,chara,160,,野槌,data_raw/cn_official_legacy/round_04/raw/details/chara/160.html,data_raw/cn_official_legacy/round_04/processed/details/chara/160.json,14,ok
4,chara,161,,酒虫,data_raw/cn_official_legacy/round_04/raw/details/chara/161.html,data_raw/cn_official_legacy/round_04/processed/details/chara/161.json,14,ok
4,chara,162,,雷兽（务光）,data_raw/cn_official_legacy/round_04/raw/details/chara/162.html,data_raw/cn_official_legacy/round_04/processed/details/chara/162.json,14,ok
4,chara,163,,运松翁,data_raw/cn_official_legacy/round_04/raw/details/chara/163.html,data_raw/cn_official_legacy/round_04/processed/details/chara/163.json,14,ok
4,chara,164,,久米 / 竿打,data_raw/cn_official_legacy/round_04/raw/details/chara/164.html,data_raw/cn_official_legacy/round_04/processed/details/chara/164.json,14,ok
4,chara,165,,管狐,data_raw/cn_official_legacy/round_04/raw/details/chara/165.html,data_raw/cn_official_legacy/round_04/processed/details/chara/165.json,14,ok
4,chara,166,,水鬼鬼神长,data_raw/cn_official_legacy/round_04/raw/details/chara/166.html,data_raw/cn_official_legacy/round_04/processed/details/chara/166.json,14,ok
4,chara,167,,万岁乐,data_raw/cn_official_legacy/round_04/raw/details/chara/167.html,data_raw/cn_official_legacy/round_04/processed/details/chara/167.json,14,ok
4,chara,168,,人面犬,data_raw/cn_official_legacy/round_04/raw/details/chara/168.html,data_raw/cn_official_legacy/round_04/processed/details/chara/168.json,14,ok
4,chara,169,,邪龙,data_raw/cn_official_legacy/round_04/raw/details/chara/169.html,data_raw/cn_official_legacy/round_04/processed/details/chara/169.json,14,ok
4,chara,170,,烟烟罗,data_raw/cn_official_legacy/round_04/raw/details/chara/170.html,data_raw/cn_official_legacy/round_04/processed/details/chara/170.json,14,ok
4,chara,171,,卓柏卡布拉,data_raw/cn_official_legacy/round_04/raw/details/chara/171.html,data_raw/cn_official_legacy/round_04/processed/details/chara/171.json,14,ok
4,chara,172,,沓颊,data_raw/cn_official_legacy/round_04/raw/details/chara/172.html,data_raw/cn_official_legacy/round_04/processed/details/chara/172.json,14,ok
4,chara,173,,稻荷大人,data_raw/cn_official_legacy/round_04/raw/details/chara/173.html,data_raw/cn_official_legacy/round_04/processed/details/chara/173.json,14,ok
4,chara,174,,怨灵少女,data_raw/cn_official_legacy/round_04/raw/details/chara/174.html,data_raw/cn_official_legacy/round_04/processed/details/chara/174.json,14,ok
4,chara,175,,佑天上人,data_raw/cn_official_legacy/round_04/raw/details/chara/175.html,data_raw/cn_official_legacy/round_04/processed/details/chara/175.json,14,ok
4,chara,176,,读书狐狸,data_raw/cn_official_legacy/round_04/raw/details/chara/176.html,data_raw/cn_official_legacy/round_04/processed/details/chara/176.json,14,ok
4,chara,177,,白仙和尚,data_raw/cn_official_legacy/round_04/raw/details/chara/177.html,data_raw/cn_official_legacy/round_04/processed/details/chara/177.json,14,ok
4,chara,178,,占卜师（易者）,data_raw/cn_official_legacy/round_04/raw/details/chara/178.html,data_raw/cn_official_legacy/round_04/processed/details/chara/178.json,14,ok
4,chara,179,,毛玉,data_raw/cn_official_legacy/round_04/raw/details/chara/179.html,data_raw/cn_official_legacy/round_04/processed/details/chara/179.json,14,ok
4,chara,180,,妖精（含持花妖精，僵尸妖精）,data_raw/cn_official_legacy/round_04/raw/details/chara/180.html,data_raw/cn_official_legacy/round_04/processed/details/chara/180.json,14,ok
4,chara,181,,UFO,data_raw/cn_official_legacy/round_04/raw/details/chara/181.html,data_raw/cn_official_legacy/round_04/processed/details/chara/181.json,14,ok
4,chara,182,,怨灵,data_raw/cn_official_legacy/round_04/raw/details/chara/182.html,data_raw/cn_official_legacy/round_04/processed/details/chara/182.json,14,ok
4,chara,183,,人偶（含上海人偶、哥利亚人偶）,data_raw/cn_official_legacy/round_04/raw/details/chara/183.html,data_raw/cn_official_legacy/round_04/processed/details/chara/183.json,14,ok
4,chara,184,,幽灵,data_raw/cn_official_legacy/round_04/raw/details/chara/184.html,data_raw/cn_official_legacy/round_04/processed/details/chara/184.json,14,ok
4,chara,185,,阴阳玉,data_raw/cn_official_legacy/round_04/raw/details/chara/185.html,data_raw/cn_official_legacy/round_04/processed/details/chara/185.json,14,ok
4,chara,186,,狸猫,data_raw/cn_official_legacy/round_04/raw/details/chara/186.html,data_raw/cn_official_legacy/round_04/processed/details/chara/186.json,14,ok
4,chara,187,,河童（含山童）,data_raw/cn_official_legacy/round_04/raw/details/chara/187.html,data_raw/cn_official_legacy/round_04/processed/details/chara/187.json,14,ok
4,chara,188,,野铁炮,data_raw/cn_official_legacy/round_04/raw/details/chara/188.html,data_raw/cn_official_legacy/round_04/processed/details/chara/188.json,14,ok
4,chara,189,,大地精,data_raw/cn_official_legacy/round_04/raw/details/chara/189.html,data_raw/cn_official_legacy/round_04/processed/details/chara/189.json,14,ok
4,chara,190,,座敷童子,data_raw/cn_official_legacy/round_04/raw/details/chara/190.html,data_raw/cn_official_legacy/round_04/processed/details/chara/190.json,14,ok
4,chara,191,,STG作品中没有名称的角色,data_raw/cn_official_legacy/round_04/raw/details/chara/191.html,data_raw/cn_official_legacy/round_04/processed/details/chara/191.json,14,ok
4,cp,1,,组合信息,data_raw/cn_official_legacy/round_04/raw/details/cp/1.html,data_raw/cn_official_legacy/round_04/processed/details/cp/1.json,16,ok
4,cp,2,,组合信息,data_raw/cn_official_legacy/round_04/raw/details/cp/2.html,data_raw/cn_official_legacy/round_04/processed/details/cp/2.json,16,ok
4,cp,3,,组合信息,data_raw/cn_official_legacy/round_04/raw/details/cp/3.html,data_raw/cn_official_legacy/round_04/processed/details/cp/3.json,17,ok
4,cp,4,,组合信息,data_raw/cn_official_legacy/round_04/raw/details/cp/4.html,data_raw/cn_official_legacy/round_04/processed/details/cp/4.json,17,ok
4,cp,5,,组合信息,data_raw/cn_official_legacy/round_04/raw/details/cp/5.html,data_raw/cn_official_legacy/round_04/processed/details/cp/5.json,16,ok
4,cp,6,,组合信息,data_raw/cn_official_legacy/round_04/raw/details/cp/6.html,data_raw/cn_official_legacy/round_04/processed/details/cp/6.json,16,ok
4,cp,7,,组合信息,data_raw/cn_official_legacy/round_04/raw/details/cp/7.html,data_raw/cn_official_legacy/round_04/processed/details/cp/7.json,16,ok
4,cp,8,,组合信息,data_raw/cn_official_legacy/round_04/raw/details/cp/8.html,data_raw/cn_official_legacy/round_04/processed/details/cp/8.json,17,ok
4,cp,9,,组合信息,data_raw/cn_official_legacy/round_04/raw/details/cp/9.html,data_raw/cn_official_legacy/round_04/processed/details/cp/9.json,16,ok
4,cp,10,,组合信息,data_raw/cn_official_legacy/round_04/raw/details/cp/10.html,data_raw/cn_official_legacy/round_04/processed/details/cp/10.json,17,ok
4,cp,11,,组合信息,data_raw/cn_official_legacy/round_04/raw/details/cp/11.html,data_raw/cn_official_legacy/round_04/processed/details/cp/11.json,17,ok
4,cp,12,,组合信息,data_raw/cn_official_legacy/round_04/raw/details/cp/12.html,data_raw/cn_official_legacy/round_04/processed/details/cp/12.json,16,ok
4,cp,13,,组合信息,data_raw/cn_official_legacy/round_04/raw/details/cp/13.html,data_raw/cn_official_legacy/round_04/processed/details/cp/13.json,16,ok
4,cp,14,,组合信息,data_raw/cn_official_legacy/round_04/raw/details/cp/14.html,data_raw/cn_official_legacy/round_04/processed/details/cp/14.json,16,ok
4,cp,15,,组合信息,data_raw/cn_official_legacy/round_04/raw/details/cp/15.html,data_raw/cn_official_legacy/round_04/processed/details/cp/15.json,16,ok
4,cp,16,,组合信息,data_raw/cn_official_legacy/round_04/raw/details/cp/16.html,data_raw/cn_official_legacy/round_04/processed/details/cp/16.json,16,ok
4,cp,17,,组合信息,data_raw/cn_official_legacy/round_04/raw/details/cp/17.html,data_raw/cn_official_legacy/round_04/processed/details/cp/17.json,17,ok
4,cp,18,,组合信息,data_raw/cn_official_legacy/round_04/raw/details/cp/18.html,data_raw/cn_official_legacy/round_04/processed/details/cp/18.json,17,ok
4,cp,19,,组合信息,data_raw/cn_official_legacy/round_04/raw/details/cp/19.html,data_raw/cn_official_legacy/round_04/processed/details/cp/19.json,17,ok
4,cp,20,,组合信息,data_raw/cn_official_legacy/round_04/raw/details/cp/20.html,data_raw/cn_official_legacy/round_04/processed/details/cp/20.json,17,ok
4,cp,21,,组合信息,data_raw/cn_official_legacy/round_04/raw/details/cp/21.html,data_raw/cn_official_legacy/round_04/processed/details/cp/21.json,16,ok
4,cp,22,,组合信息,data_raw/cn_official_legacy/round_04/raw/details/cp/22.html,data_raw/cn_official_legacy/round_04/processed/details/cp/22.json,16,ok
4,cp,23,,组合信息,data_raw/cn_official_legacy/round_04/raw/details/cp/23.html,data_raw/cn_official_legacy/round_04/processed/details/cp/23.json,16,ok
4,cp,24,,组合信息,data_raw/cn_official_legacy/round_04/raw/details/cp/24.html,data_raw/cn_official_legacy/round_04/processed/details/cp/24.json,16,ok
4,cp,25,,组合信息,data_raw/cn_official_legacy/round_04/raw/details/cp/25.html,data_raw/cn_official_legacy/round_04/processed/details/cp/25.json,16,ok
4,cp,26,,组合信息,data_raw/cn_official_legacy/round_04/raw/details/cp/26.html,data_raw/cn_official_legacy/round_04/processed/details/cp/26.json,16,ok
4,cp,27,,组合信息,data_raw/cn_official_legacy/round_04/raw/details/cp/27.html,data_raw/cn_official_legacy/round_04/processed/details/cp/27.json,16,ok
4,cp,28,,组合信息,data_raw/cn_official_legacy/round_04/raw/details/cp/28.html,data_raw/cn_official_legacy/round_04/processed/details/cp/28.json,16,ok
4,cp,29,,组合信息,data_raw/cn_official_legacy/round_04/raw/details/cp/29.html,data_raw/cn_official_legacy/round_04/processed/details/cp/29.json,17,ok
4,cp,30,,组合信息,data_raw/cn_official_legacy/round_04/raw/details/cp/30.html,data_raw/cn_official_legacy/round_04/processed/details/cp/30.json,16,ok
4,cp,31,,组合信息,data_raw/cn_official_legacy/round_04/raw/details/cp/31.html,data_raw/cn_official_legacy/round_04/processed/details/cp/31.json,16,ok
4,cp,32,,组合信息,data_raw/cn_official_legacy/round_04/raw/details/cp/32.html,data_raw/cn_official_legacy/round_04/processed/details/cp/32.json,16,ok
4,cp,33,,组合信息,data_raw/cn_official_legacy/round_04/raw/details/cp/33.html,data_raw/cn_official_legacy/round_04/processed/details/cp/33.json,16,ok
4,cp,34,,组合信息,data_raw/cn_official_legacy/round_04/raw/details/cp/34.html,data_raw/cn_official_legacy/round_04/processed/details/cp/34.json,16,ok
4,cp,35,,组合信息,data_raw/cn_official_legacy/round_04/raw/details/cp/35.html,data_raw/cn_official_legacy/round_04/processed/details/cp/35.json,16,ok
4,cp,36,,组合信息,data_raw/cn_official_legacy/round_04/raw/details/cp/36.html,data_raw/cn_official_legacy/round_04/processed/details/cp/36.json,16,ok
4,cp,37,,组合信息,data_raw/cn_official_legacy/round_04/raw/details/cp/37.html,data_raw/cn_official_legacy/round_04/processed/details/cp/37.json,16,ok
4,cp,38,,组合信息,data_raw/cn_official_legacy/round_04/raw/details/cp/38.html,data_raw/cn_official_legacy/round_04/processed/details/cp/38.json,16,ok
4,cp,39,,组合信息,data_raw/cn_official_legacy/round_04/raw/details/cp/39.html,data_raw/cn_official_legacy/round_04/processed/details/cp/39.json,16,ok
4,cp,40,,组合信息,data_raw/cn_official_legacy/round_04/raw/details/cp/40.html,data_raw/cn_official_legacy/round_04/processed/details/cp/40.json,17,ok
4,cp,41,,组合信息,data_raw/cn_official_legacy/round_04/raw/details/cp/41.html,data_raw/cn_official_legacy/round_04/processed/details/cp/41.json,16,ok
4,cp,42,,组合信息,data_raw/cn_official_legacy/round_04/raw/details/cp/42.html,data_raw/cn_official_legacy/round_04/processed/details/cp/42.json,16,ok
4,cp,43,,组合信息,data_raw/cn_official_legacy/round_04/raw/details/cp/43.html,data_raw/cn_official_legacy/round_04/processed/details/cp/43.json,16,ok
4,cp,44,,组合信息,data_raw/cn_official_legacy/round_04/raw/details/cp/44.html,data_raw/cn_official_legacy/round_04/processed/details/cp/44.json,17,ok
4,cp,45,,组合信息,data_raw/cn_official_legacy/round_04/raw/details/cp/45.html,data_raw/cn_official_legacy/round_04/processed/details/cp/45.json,17,ok
4,cp,46,,组合信息,data_raw/cn_official_legacy/round_04/raw/details/cp/46.html,data_raw/cn_official_legacy/round_04/processed/details/cp/46.json,16,ok
4,cp,47,,组合信息,data_raw/cn_official_legacy/round_04/raw/details/cp/47.html,data_raw/cn_official_legacy/round_04/processed/details/cp/47.json,16,ok
4,cp,48,,组合信息,data_raw/cn_official_legacy/round_04/raw/details/cp/48.html,data_raw/cn_official_legacy/round_04/processed/details/cp/48.json,16,ok
4,cp,49,,组合信息,data_raw/cn_official_legacy/round_04/raw/details/cp/49.html,data_raw/cn_official_legacy/round_04/processed/details/cp/49.json,16,ok
4,cp,50,,组合信息,data_raw/cn_official_legacy/round_04/raw/details/cp/50.html,data_raw/cn_official_legacy/round_04/processed/details/cp/50.json,16,ok
4,cp,51,,组合信息,data_raw/cn_official_legacy/round_04/raw/details/cp/51.html,data_raw/cn_official_legacy/round_04/processed/details/cp/51.json,16,ok
4,cp,52,,组合信息,data_raw/cn_official_legacy/round_04/raw/details/cp/52.html,data_raw/cn_official_legacy/round_04/processed/details/cp/52.json,16,ok
4,cp,53,,组合信息,data_raw/cn_official_legacy/round_04/raw/details/cp/53.html,data_raw/cn_official_legacy/round_04/processed/details/cp/53.json,16,ok
4,cp,54,,组合信息,data_raw/cn_official_legacy/round_04/raw/details/cp/54.html,data_raw/cn_official_legacy/round_04/processed/details/cp/54.json,16,ok
4,cp,55,,组合信息,data_raw/cn_official_legacy/round_04/raw/details/cp/55.html,data_raw/cn_official_legacy/round_04/processed/details/cp/55.json,17,ok
4,cp,56,,组合信息,data_raw/cn_official_legacy/round_04/raw/details/cp/56.html,data_raw/cn_official_legacy/round_04/processed/details/cp/56.json,17,ok
4,cp,57,,组合信息,data_raw/cn_official_legacy/round_04/raw/details/cp/57.html,data_raw/cn_official_legacy/round_04/processed/details/cp/57.json,17,ok
4,cp,58,,组合信息,data_raw/cn_official_legacy/round_04/raw/details/cp/58.html,data_raw/cn_official_legacy/round_04/processed/details/cp/58.json,17,ok
4,cp,59,,组合信息,data_raw/cn_official_legacy/round_04/raw/details/cp/59.html,data_raw/cn_official_legacy/round_04/processed/details/cp/59.json,16,ok
4,cp,60,,组合信息,data_raw/cn_official_legacy/round_04/raw/details/cp/60.html,data_raw/cn_official_legacy/round_04/processed/details/cp/60.json,16,ok
4,cp,61,,组合信息,data_raw/cn_official_legacy/round_04/raw/details/cp/61.html,data_raw/cn_official_legacy/round_04/processed/details/cp/61.json,16,ok
4,cp,62,,组合信息,data_raw/cn_official_legacy/round_04/raw/details/cp/62.html,data_raw/cn_official_legacy/round_04/processed/details/cp/62.json,17,ok
4,cp,63,,组合信息,data_raw/cn_official_legacy/round_04/raw/details/cp/63.html,data_raw/cn_official_legacy/round_04/processed/details/cp/63.json,17,ok
4,cp,64,,组合信息,data_raw/cn_official_legacy/round_04/raw/details/cp/64.html,data_raw/cn_official_legacy/round_04/processed/details/cp/64.json,16,ok
4,cp,65,,组合信息,data_raw/cn_official_legacy/round_04/raw/details/cp/65.html,data_raw/cn_official_legacy/round_04/processed/details/cp/65.json,17,ok
4,cp,66,,组合信息,data_raw/cn_official_legacy/round_04/raw/details/cp/66.html,data_raw/cn_official_legacy/round_04/processed/details/cp/66.json,17,ok
4,cp,67,,组合信息,data_raw/cn_official_legacy/round_04/raw/details/cp/67.html,data_raw/cn_official_legacy/round_04/processed/details/cp/67.json,16,ok
4,cp,68,,组合信息,data_raw/cn_official_legacy/round_04/raw/details/cp/68.html,data_raw/cn_official_legacy/round_04/processed/details/cp/68.json,17,ok
4,cp,69,,组合信息,data_raw/cn_official_legacy/round_04/raw/details/cp/69.html,data_raw/cn_official_legacy/round_04/processed/details/cp/69.json,16,ok
4,cp,70,,组合信息,data_raw/cn_official_legacy/round_04/raw/details/cp/70.html,data_raw/cn_official_legacy/round_04/processed/details/cp/70.json,16,ok
4,cp,71,,组合信息,data_raw/cn_official_legacy/round_04/raw/details/cp/71.html,data_raw/cn_official_legacy/round_04/processed/details/cp/71.json,17,ok
4,cp,72,,组合信息,data_raw/cn_official_legacy/round_04/raw/details/cp/72.html,data_raw/cn_official_legacy/round_04/processed/details/cp/72.json,16,ok
4,cp,73,,组合信息,data_raw/cn_official_legacy/round_04/raw/details/cp/73.html,data_raw/cn_official_legacy/round_04/processed/details/cp/73.json,17,ok
4,cp,74,,组合信息,data_raw/cn_official_legacy/round_04/raw/details/cp/74.html,data_raw/cn_official_legacy/round_04/processed/details/cp/74.json,16,ok
4,cp,75,,组合信息,data_raw/cn_official_legacy/round_04/raw/details/cp/75.html,data_raw/cn_official_legacy/round_04/processed/details/cp/75.json,16,ok
4,cp,76,,组合信息,data_raw/cn_official_legacy/round_04/raw/details/cp/76.html,data_raw/cn_official_legacy/round_04/processed/details/cp/76.json,16,ok
4,cp,77,,组合信息,data_raw/cn_official_legacy/round_04/raw/details/cp/77.html,data_raw/cn_official_legacy/round_04/processed/details/cp/77.json,16,ok
4,cp,78,,组合信息,data_raw/cn_official_legacy/round_04/raw/details/cp/78.html,data_raw/cn_official_legacy/round_04/processed/details/cp/78.json,16,ok
4,cp,79,,组合信息,data_raw/cn_official_legacy/round_04/raw/details/cp/79.html,data_raw/cn_official_legacy/round_04/processed/details/cp/79.json,16,ok
4,cp,80,,组合信息,data_raw/cn_official_legacy/round_04/raw/details/cp/80.html,data_raw/cn_official_legacy/round_04/processed/details/cp/80.json,16,ok
4,cp,81,,组合信息,data_raw/cn_official_legacy/round_04/raw/details/cp/81.html,data_raw/cn_official_legacy/round_04/processed/details/cp/81.json,16,ok
4,cp,82,,组合信息,data_raw/cn_official_legacy/round_04/raw/details/cp/82.html,data_raw/cn_official_legacy/round_04/processed/details/cp/82.json,16,ok
4,cp,83,,组合信息,data_raw/cn_official_legacy/round_04/raw/details/cp/83.html,data_raw/cn_official_legacy/round_04/processed/details/cp/83.json,16,ok
4,cp,84,,组合信息,data_raw/cn_official_legacy/round_04/raw/details/cp/84.html,data_raw/cn_official_legacy/round_04/processed/details/cp/84.json,16,ok
4,cp,85,,组合信息,data_raw/cn_official_legacy/round_04/raw/details/cp/85.html,data_raw/cn_official_legacy/round_04/processed/details/cp/85.json,17,ok
4,cp,86,,组合信息,data_raw/cn_official_legacy/round_04/raw/details/cp/86.html,data_raw/cn_official_legacy/round_04/processed/details/cp/86.json,16,ok
4,cp,87,,组合信息,data_raw/cn_official_legacy/round_04/raw/details/cp/87.html,data_raw/cn_official_legacy/round_04/processed/details/cp/87.json,16,ok
4,cp,88,,组合信息,data_raw/cn_official_legacy/round_04/raw/details/cp/88.html,data_raw/cn_official_legacy/round_04/processed/details/cp/88.json,16,ok
4,cp,89,,组合信息,data_raw/cn_official_legacy/round_04/raw/details/cp/89.html,data_raw/cn_official_legacy/round_04/processed/details/cp/89.json,17,ok
4,cp,90,,组合信息,data_raw/cn_official_legacy/round_04/raw/details/cp/90.html,data_raw/cn_official_legacy/round_04/processed/details/cp/90.json,16,ok
4,cp,91,,组合信息,data_raw/cn_official_legacy/round_04/raw/details/cp/91.html,data_raw/cn_official_legacy/round_04/processed/details/cp/91.json,16,ok
4,cp,92,,组合信息,data_raw/cn_official_legacy/round_04/raw/details/cp/92.html,data_raw/cn_official_legacy/round_04/processed/details/cp/92.json,16,ok
4,cp,93,,组合信息,data_raw/cn_official_legacy/round_04/raw/details/cp/93.html,data_raw/cn_official_legacy/round_04/processed/details/cp/93.json,16,ok
4,cp,94,,组合信息,data_raw/cn_official_legacy/round_04/raw/details/cp/94.html,data_raw/cn_official_legacy/round_04/processed/details/cp/94.json,15,ok
4,cp,95,,组合信息,data_raw/cn_official_legacy/round_04/raw/details/cp/95.html,data_raw/cn_official_legacy/round_04/processed/details/cp/95.json,16,ok
4,cp,96,,组合信息,data_raw/cn_official_legacy/round_04/raw/details/cp/96.html,data_raw/cn_official_legacy/round_04/processed/details/cp/96.json,17,ok
4,cp,97,,组合信息,data_raw/cn_official_legacy/round_04/raw/details/cp/97.html,data_raw/cn_official_legacy/round_04/processed/details/cp/97.json,16,ok
4,cp,98,,组合信息,data_raw/cn_official_legacy/round_04/raw/details/cp/98.html,data_raw/cn_official_legacy/round_04/processed/details/cp/98.json,16,ok
4,cp,99,,组合信息,data_raw/cn_official_legacy/round_04/raw/details/cp/99.html,data_raw/cn_official_legacy/round_04/processed/details/cp/99.json,16,ok
4,cp,100,,组合信息,data_raw/cn_official_legacy/round_04/raw/details/cp/100.html,data_raw/cn_official_legacy/round_04/processed/details/cp/100.json,16,ok
4,cp,101,,组合信息,data_raw/cn_official_legacy/round_04/raw/details/cp/101.html,data_raw/cn_official_legacy/round_04/processed/details/cp/101.json,16,ok
4,cp,102,,组合信息,data_raw/cn_official_legacy/round_04/raw/details/cp/102.html,data_raw/cn_official_legacy/round_04/processed/details/cp/102.json,16,ok
4,cp,103,,组合信息,data_raw/cn_official_legacy/round_04/raw/details/cp/103.html,data_raw/cn_official_legacy/round_04/processed/details/cp/103.json,16,ok
4,cp,104,,组合信息,data_raw/cn_official_legacy/round_04/raw/details/cp/104.html,data_raw/cn_official_legacy/round_04/processed/details/cp/104.json,16,ok
4,cp,105,,组合信息,data_raw/cn_official_legacy/round_04/raw/details/cp/105.html,data_raw/cn_official_legacy/round_04/processed/details/cp/105.json,16,ok
4,cp,106,,组合信息,data_raw/cn_official_legacy/round_04/raw/details/cp/106.html,data_raw/cn_official_legacy/round_04/processed/details/cp/106.json,17,ok
4,cp,107,,组合信息,data_raw/cn_official_legacy/round_04/raw/details/cp/107.html,data_raw/cn_official_legacy/round_04/processed/details/cp/107.json,17,ok
4,cp,108,,组合信息,data_raw/cn_official_legacy/round_04/raw/details/cp/108.html,data_raw/cn_official_legacy/round_04/processed/details/cp/108.json,17,ok
4,cp,109,,组合信息,data_raw/cn_official_legacy/round_04/raw/details/cp/109.html,data_raw/cn_official_legacy/round_04/processed/details/cp/109.json,16,ok
4,cp,110,,组合信息,data_raw/cn_official_legacy/round_04/raw/details/cp/110.html,data_raw/cn_official_legacy/round_04/processed/details/cp/110.json,17,ok
4,cp,111,,组合信息,data_raw/cn_official_legacy/round_04/raw/details/cp/111.html,data_raw/cn_official_legacy/round_04/processed/details/cp/111.json,17,ok
4,cp,112,,组合信息,data_raw/cn_official_legacy/round_04/raw/details/cp/112.html,data_raw/cn_official_legacy/round_04/processed/details/cp/112.json,16,ok
4,cp,113,,组合信息,data_raw/cn_official_legacy/round_04/raw/details/cp/113.html,data_raw/cn_official_legacy/round_04/processed/details/cp/113.json,16,ok
4,cp,114,,组合信息,data_raw/cn_official_legacy/round_04/raw/details/cp/114.html,data_raw/cn_official_legacy/round_04/processed/details/cp/114.json,16,ok
4,cp,115,,组合信息,data_raw/cn_official_legacy/round_04/raw/details/cp/115.html,data_raw/cn_official_legacy/round_04/processed/details/cp/115.json,17,ok
4,cp,116,,组合信息,data_raw/cn_official_legacy/round_04/raw/details/cp/116.html,data_raw/cn_official_legacy/round_04/processed/details/cp/116.json,17,ok
4,cp,117,,组合信息,data_raw/cn_official_legacy/round_04/raw/details/cp/117.html,data_raw/cn_official_legacy/round_04/processed/details/cp/117.json,16,ok
4,cp,118,,组合信息,data_raw/cn_official_legacy/round_04/raw/details/cp/118.html,data_raw/cn_official_legacy/round_04/processed/details/cp/118.json,17,ok
4,cp,119,,组合信息,data_raw/cn_official_legacy/round_04/raw/details/cp/119.html,data_raw/cn_official_legacy/round_04/processed/details/cp/119.json,16,ok
4,cp,120,,组合信息,data_raw/cn_official_legacy/round_04/raw/details/cp/120.html,data_raw/cn_official_legacy/round_04/processed/details/cp/120.json,16,ok
4,cp,121,,组合信息,data_raw/cn_official_legacy/round_04/raw/details/cp/121.html,data_raw/cn_official_legacy/round_04/processed/details/cp/121.json,16,ok
4,cp,122,,组合信息,data_raw/cn_official_legacy/round_04/raw/details/cp/122.html,data_raw/cn_official_legacy/round_04/processed/details/cp/122.json,16,ok
4,cp,123,,组合信息,data_raw/cn_official_legacy/round_04/raw/details/cp/123.html,data_raw/cn_official_legacy/round_04/processed/details/cp/123.json,16,ok
4,cp,124,,组合信息,data_raw/cn_official_legacy/round_04/raw/details/cp/124.html,data_raw/cn_official_legacy/round_04/processed/details/cp/124.json,17,ok
4,cp,125,,组合信息,data_raw/cn_official_legacy/round_04/raw/details/cp/125.html,data_raw/cn_official_legacy/round_04/processed/details/cp/125.json,16,ok
4,cp,126,,组合信息,data_raw/cn_official_legacy/round_04/raw/details/cp/126.html,data_raw/cn_official_legacy/round_04/processed/details/cp/126.json,16,ok
4,cp,127,,组合信息,data_raw/cn_official_legacy/round_04/raw/details/cp/127.html,data_raw/cn_official_legacy/round_04/processed/details/cp/127.json,16,ok
4,cp,128,,组合信息,data_raw/cn_official_legacy/round_04/raw/details/cp/128.html,data_raw/cn_official_legacy/round_04/processed/details/cp/128.json,15,ok
4,cp,129,,组合信息,data_raw/cn_official_legacy/round_04/raw/details/cp/129.html,data_raw/cn_official_legacy/round_04/processed/details/cp/129.json,16,ok
4,cp,130,,组合信息,data_raw/cn_official_legacy/round_04/raw/details/cp/130.html,data_raw/cn_official_legacy/round_04/processed/details/cp/130.json,16,ok
4,cp,131,,组合信息,data_raw/cn_official_legacy/round_04/raw/details/cp/131.html,data_raw/cn_official_legacy/round_04/processed/details/cp/131.json,16,ok
4,cp,132,,组合信息,data_raw/cn_official_legacy/round_04/raw/details/cp/132.html,data_raw/cn_official_legacy/round_04/processed/details/cp/132.json,16,ok
4,cp,133,,组合信息,data_raw/cn_official_legacy/round_04/raw/details/cp/133.html,data_raw/cn_official_legacy/round_04/processed/details/cp/133.json,17,ok
4,cp,134,,组合信息,data_raw/cn_official_legacy/round_04/raw/details/cp/134.html,data_raw/cn_official_legacy/round_04/processed/details/cp/134.json,16,ok
4,cp,135,,组合信息,data_raw/cn_official_legacy/round_04/raw/details/cp/135.html,data_raw/cn_official_legacy/round_04/processed/details/cp/135.json,15,ok
4,cp,136,,组合信息,data_raw/cn_official_legacy/round_04/raw/details/cp/136.html,data_raw/cn_official_legacy/round_04/processed/details/cp/136.json,16,ok
4,cp,137,,组合信息,data_raw/cn_official_legacy/round_04/raw/details/cp/137.html,data_raw/cn_official_legacy/round_04/processed/details/cp/137.json,16,ok
4,cp,138,,组合信息,data_raw/cn_official_legacy/round_04/raw/details/cp/138.html,data_raw/cn_official_legacy/round_04/processed/details/cp/138.json,16,ok
4,cp,139,,组合信息,data_raw/cn_official_legacy/round_04/raw/details/cp/139.html,data_raw/cn_official_legacy/round_04/processed/details/cp/139.json,16,ok
4,cp,140,,组合信息,data_raw/cn_official_legacy/round_04/raw/details/cp/140.html,data_raw/cn_official_legacy/round_04/processed/details/cp/140.json,16,ok
4,cp,141,,组合信息,data_raw/cn_official_legacy/round_04/raw/details/cp/141.html,data_raw/cn_official_legacy/round_04/processed/details/cp/141.json,16,ok
4,cp,142,,组合信息,data_raw/cn_official_legacy/round_04/raw/details/cp/142.html,data_raw/cn_official_legacy/round_04/processed/details/cp/142.json,16,ok
4,cp,143,,组合信息,data_raw/cn_official_legacy/round_04/raw/details/cp/143.html,data_raw/cn_official_legacy/round_04/processed/details/cp/143.json,17,ok
4,cp,144,,组合信息,data_raw/cn_official_legacy/round_04/raw/details/cp/144.html,data_raw/cn_official_legacy/round_04/processed/details/cp/144.json,16,ok
4,cp,145,,组合信息,data_raw/cn_official_legacy/round_04/raw/details/cp/145.html,data_raw/cn_official_legacy/round_04/processed/details/cp/145.json,16,ok
4,cp,146,,组合信息,data_raw/cn_official_legacy/round_04/raw/details/cp/146.html,data_raw/cn_official_legacy/round_04/processed/details/cp/146.json,16,ok
4,cp,147,,组合信息,data_raw/cn_official_legacy/round_04/raw/details/cp/147.html,data_raw/cn_official_legacy/round_04/processed/details/cp/147.json,17,ok
4,cp,148,,组合信息,data_raw/cn_official_legacy/round_04/raw/details/cp/148.html,data_raw/cn_official_legacy/round_04/processed/details/cp/148.json,16,ok
4,cp,149,,组合信息,data_raw/cn_official_legacy/round_04/raw/details/cp/149.html,data_raw/cn_official_legacy/round_04/processed/details/cp/149.json,17,ok
4,cp,150,,组合信息,data_raw/cn_official_legacy/round_04/raw/details/cp/150.html,data_raw/cn_official_legacy/round_04/processed/details/cp/150.json,16,ok
4,cp,151,,组合信息,data_raw/cn_official_legacy/round_04/raw/details/cp/151.html,data_raw/cn_official_legacy/round_04/processed/details/cp/151.json,16,ok
4,cp,152,,组合信息,data_raw/cn_official_legacy/round_04/raw/details/cp/152.html,data_raw/cn_official_legacy/round_04/processed/details/cp/152.json,17,ok
4,cp,153,,组合信息,data_raw/cn_official_legacy/round_04/raw/details/cp/153.html,data_raw/cn_official_legacy/round_04/processed/details/cp/153.json,16,ok
4,cp,154,,组合信息,data_raw/cn_official_legacy/round_04/raw/details/cp/154.html,data_raw/cn_official_legacy/round_04/processed/details/cp/154.json,16,ok
4,cp,155,,组合信息,data_raw/cn_official_legacy/round_04/raw/details/cp/155.html,data_raw/cn_official_legacy/round_04/processed/details/cp/155.json,16,ok
4,cp,156,,组合信息,data_raw/cn_official_legacy/round_04/raw/details/cp/156.html,data_raw/cn_official_legacy/round_04/processed/details/cp/156.json,17,ok
4,cp,157,,组合信息,data_raw/cn_official_legacy/round_04/raw/details/cp/157.html,data_raw/cn_official_legacy/round_04/processed/details/cp/157.json,16,ok
4,cp,158,,组合信息,data_raw/cn_official_legacy/round_04/raw/details/cp/158.html,data_raw/cn_official_legacy/round_04/processed/details/cp/158.json,17,ok
4,cp,159,,组合信息,data_raw/cn_official_legacy/round_04/raw/details/cp/159.html,data_raw/cn_official_legacy/round_04/processed/details/cp/159.json,17,ok
4,cp,160,,组合信息,data_raw/cn_official_legacy/round_04/raw/details/cp/160.html,data_raw/cn_official_legacy/round_04/processed/details/cp/160.json,16,ok
4,cp,161,,组合信息,data_raw/cn_official_legacy/round_04/raw/details/cp/161.html,data_raw/cn_official_legacy/round_04/processed/details/cp/161.json,16,ok
4,cp,162,,组合信息,data_raw/cn_official_legacy/round_04/raw/details/cp/162.html,data_raw/cn_official_legacy/round_04/processed/details/cp/162.json,16,ok
4,cp,163,,组合信息,data_raw/cn_official_legacy/round_04/raw/details/cp/163.html,data_raw/cn_official_legacy/round_04/processed/details/cp/163.json,16,ok
4,cp,164,,组合信息,data_raw/cn_official_legacy/round_04/raw/details/cp/164.html,data_raw/cn_official_legacy/round_04/processed/details/cp/164.json,16,ok
4,cp,165,,组合信息,data_raw/cn_official_legacy/round_04/raw/details/cp/165.html,data_raw/cn_official_legacy/round_04/processed/details/cp/165.json,16,ok
4,cp,166,,组合信息,data_raw/cn_official_legacy/round_04/raw/details/cp/166.html,data_raw/cn_official_legacy/round_04/processed/details/cp/166.json,16,ok
4,cp,167,,组合信息,data_raw/cn_official_legacy/round_04/raw/details/cp/167.html,data_raw/cn_official_legacy/round_04/processed/details/cp/167.json,16,ok
4,cp,168,,组合信息,data_raw/cn_official_legacy/round_04/raw/details/cp/168.html,data_raw/cn_official_legacy/round_04/processed/details/cp/168.json,17,ok
4,cp,169,,组合信息,data_raw/cn_official_legacy/round_04/raw/details/cp/169.html,data_raw/cn_official_legacy/round_04/processed/details/cp/169.json,16,ok
4,cp,170,,组合信息,data_raw/cn_official_legacy/round_04/raw/details/cp/170.html,data_raw/cn_official_legacy/round_04/processed/details/cp/170.json,17,ok
4,cp,171,,组合信息,data_raw/cn_official_legacy/round_04/raw/details/cp/171.html,data_raw/cn_official_legacy/round_04/processed/details/cp/171.json,16,ok
4,cp,172,,组合信息,data_raw/cn_official_legacy/round_04/raw/details/cp/172.html,data_raw/cn_official_legacy/round_04/processed/details/cp/172.json,16,ok
4,cp,173,,组合信息,data_raw/cn_official_legacy/round_04/raw/details/cp/173.html,data_raw/cn_official_legacy/round_04/processed/details/cp/173.json,16,ok
4,cp,174,,组合信息,data_raw/cn_official_legacy/round_04/raw/details/cp/174.html,data_raw/cn_official_legacy/round_04/processed/details/cp/174.json,17,ok
4,cp,175,,组合信息,data_raw/cn_official_legacy/round_04/raw/details/cp/175.html,data_raw/cn_official_legacy/round_04/processed/details/cp/175.json,16,ok
4,cp,176,,组合信息,data_raw/cn_official_legacy/round_04/raw/details/cp/176.html,data_raw/cn_official_legacy/round_04/processed/details/cp/176.json,16,ok
4,cp,177,,组合信息,data_raw/cn_official_legacy/round_04/raw/details/cp/177.html,data_raw/cn_official_legacy/round_04/processed/details/cp/177.json,16,ok
4,cp,178,,组合信息,data_raw/cn_official_legacy/round_04/raw/details/cp/178.html,data_raw/cn_official_legacy/round_04/processed/details/cp/178.json,16,ok
4,cp,179,,组合信息,data_raw/cn_official_legacy/round_04/raw/details/cp/179.html,data_raw/cn_official_legacy/round_04/processed/details/cp/179.json,17,ok
4,cp,180,,组合信息,data_raw/cn_official_legacy/round_04/raw/details/cp/180.html,data_raw/cn_official_legacy/round_04/processed/details/cp/180.json,16,ok
4,cp,181,,组合信息,data_raw/cn_official_legacy/round_04/raw/details/cp/181.html,data_raw/cn_official_legacy/round_04/processed/details/cp/181.json,16,ok
4,cp,182,,组合信息,data_raw/cn_official_legacy/round_04/raw/details/cp/182.html,data_raw/cn_official_legacy/round_04/processed/details/cp/182.json,16,ok
4,cp,183,,组合信息,data_raw/cn_official_legacy/round_04/raw/details/cp/183.html,data_raw/cn_official_legacy/round_04/processed/details/cp/183.json,17,ok
4,cp,184,,组合信息,data_raw/cn_official_legacy/round_04/raw/details/cp/184.html,data_raw/cn_official_legacy/round_04/processed/details/cp/184.json,17,ok
4,cp,185,,组合信息,data_raw/cn_official_legacy/round_04/raw/details/cp/185.html,data_raw/cn_official_legacy/round_04/processed/details/cp/185.json,17,ok
4,cp,186,,组合信息,data_raw/cn_official_legacy/round_04/raw/details/cp/186.html,data_raw/cn_official_legacy/round_04/processed/details/cp/186.json,16,ok
4,cp,187,,组合信息,data_raw/cn_official_legacy/round_04/raw/details/cp/187.html,data_raw/cn_official_legacy/round_04/processed/details/cp/187.json,16,ok
4,cp,188,,组合信息,data_raw/cn_official_legacy/round_04/raw/details/cp/188.html,data_raw/cn_official_legacy/round_04/processed/details/cp/188.json,17,ok
4,cp,189,,组合信息,data_raw/cn_official_legacy/round_04/raw/details/cp/189.html,data_raw/cn_official_legacy/round_04/processed/details/cp/189.json,15,ok
4,cp,190,,组合信息,data_raw/cn_official_legacy/round_04/raw/details/cp/190.html,data_raw/cn_official_legacy/round_04/processed/details/cp/190.json,15,ok
4,cp,191,,组合信息,data_raw/cn_official_legacy/round_04/raw/details/cp/191.html,data_raw/cn_official_legacy/round_04/processed/details/cp/191.json,16,ok
4,cp,192,,组合信息,data_raw/cn_official_legacy/round_04/raw/details/cp/192.html,data_raw/cn_official_legacy/round_04/processed/details/cp/192.json,17,ok
4,cp,193,,组合信息,data_raw/cn_official_legacy/round_04/raw/details/cp/193.html,data_raw/cn_official_legacy/round_04/processed/details/cp/193.json,16,ok
4,cp,194,,组合信息,data_raw/cn_official_legacy/round_04/raw/details/cp/194.html,data_raw/cn_official_legacy/round_04/processed/details/cp/194.json,17,ok
4,cp,195,,组合信息,data_raw/cn_official_legacy/round_04/raw/details/cp/195.html,data_raw/cn_official_legacy/round_04/processed/details/cp/195.json,16,ok
4,cp,196,,组合信息,data_raw/cn_official_legacy/round_04/raw/details/cp/196.html,data_raw/cn_official_legacy/round_04/processed/details/cp/196.json,16,ok
4,cp,197,,组合信息,data_raw/cn_official_legacy/round_04/raw/details/cp/197.html,data_raw/cn_official_legacy/round_04/processed/details/cp/197.json,16,ok
4,cp,198,,组合信息,data_raw/cn_official_legacy/round_04/raw/details/cp/198.html,data_raw/cn_official_legacy/round_04/processed/details/cp/198.json,17,ok
4,cp,199,,组合信息,data_raw/cn_official_legacy/round_04/raw/details/cp/199.html,data_raw/cn_official_legacy/round_04/processed/details/cp/199.json,17,ok
4,cp,200,,组合信息,data_raw/cn_official_legacy/round_04/raw/details/cp/200.html,data_raw/cn_official_legacy/round_04/processed/details/cp/200.json,16,ok
4,cp,201,,组合信息,data_raw/cn_official_legacy/round_04/raw/details/cp/201.html,data_raw/cn_official_legacy/round_04/processed/details/cp/201.json,16,ok
4,cp,202,,组合信息,data_raw/cn_official_legacy/round_04/raw/details/cp/202.html,data_raw/cn_official_legacy/round_04/processed/details/cp/202.json,15,ok
4,cp,203,,组合信息,data_raw/cn_official_legacy/round_04/raw/details/cp/203.html,data_raw/cn_official_legacy/round_04/processed/details/cp/203.json,17,ok
4,cp,204,,组合信息,data_raw/cn_official_legacy/round_04/raw/details/cp/204.html,data_raw/cn_official_legacy/round_04/processed/details/cp/204.json,16,ok
4,cp,205,,组合信息,data_raw/cn_official_legacy/round_04/raw/details/cp/205.html,data_raw/cn_official_legacy/round_04/processed/details/cp/205.json,16,ok
4,cp,206,,组合信息,data_raw/cn_official_legacy/round_04/raw/details/cp/206.html,data_raw/cn_official_legacy/round_04/processed/details/cp/206.json,16,ok
4,cp,207,,组合信息,data_raw/cn_official_legacy/round_04/raw/details/cp/207.html,data_raw/cn_official_legacy/round_04/processed/details/cp/207.json,17,ok
4,cp,208,,组合信息,data_raw/cn_official_legacy/round_04/raw/details/cp/208.html,data_raw/cn_official_legacy/round_04/processed/details/cp/208.json,17,ok
4,cp,209,,组合信息,data_raw/cn_official_legacy/round_04/raw/details/cp/209.html,data_raw/cn_official_legacy/round_04/processed/details/cp/209.json,17,ok
4,cp,210,,组合信息,data_raw/cn_official_legacy/round_04/raw/details/cp/210.html,data_raw/cn_official_legacy/round_04/processed/details/cp/210.json,17,ok
4,cp,211,,组合信息,data_raw/cn_official_legacy/round_04/raw/details/cp/211.html,data_raw/cn_official_legacy/round_04/processed/details/cp/211.json,16,ok
4,cp,212,,组合信息,data_raw/cn_official_legacy/round_04/raw/details/cp/212.html,data_raw/cn_official_legacy/round_04/processed/details/cp/212.json,16,ok
4,cp,213,,组合信息,data_raw/cn_official_legacy/round_04/raw/details/cp/213.html,data_raw/cn_official_legacy/round_04/processed/details/cp/213.json,15,ok
4,cp,214,,组合信息,data_raw/cn_official_legacy/round_04/raw/details/cp/214.html,data_raw/cn_official_legacy/round_04/processed/details/cp/214.json,17,ok
4,cp,215,,组合信息,data_raw/cn_official_legacy/round_04/raw/details/cp/215.html,data_raw/cn_official_legacy/round_04/processed/details/cp/215.json,16,ok
4,cp,216,,组合信息,data_raw/cn_official_legacy/round_04/raw/details/cp/216.html,data_raw/cn_official_legacy/round_04/processed/details/cp/216.json,17,ok
4,cp,217,,组合信息,data_raw/cn_official_legacy/round_04/raw/details/cp/217.html,data_raw/cn_official_legacy/round_04/processed/details/cp/217.json,17,ok
4,cp,218,,组合信息,data_raw/cn_official_legacy/round_04/raw/details/cp/218.html,data_raw/cn_official_legacy/round_04/processed/details/cp/218.json,17,ok
4,cp,219,,组合信息,data_raw/cn_official_legacy/round_04/raw/details/cp/219.html,data_raw/cn_official_legacy/round_04/processed/details/cp/219.json,17,ok
4,cp,220,,组合信息,data_raw/cn_official_legacy/round_04/raw/details/cp/220.html,data_raw/cn_official_legacy/round_04/processed/details/cp/220.json,16,ok
4,cp,221,,组合信息,data_raw/cn_official_legacy/round_04/raw/details/cp/221.html,data_raw/cn_official_legacy/round_04/processed/details/cp/221.json,16,ok
4,cp,222,,组合信息,data_raw/cn_official_legacy/round_04/raw/details/cp/222.html,data_raw/cn_official_legacy/round_04/processed/details/cp/222.json,16,ok
4,cp,223,,组合信息,data_raw/cn_official_legacy/round_04/raw/details/cp/223.html,data_raw/cn_official_legacy/round_04/processed/details/cp/223.json,16,ok
4,cp,224,,组合信息,data_raw/cn_official_legacy/round_04/raw/details/cp/224.html,data_raw/cn_official_legacy/round_04/processed/details/cp/224.json,16,ok
4,cp,225,,组合信息,data_raw/cn_official_legacy/round_04/raw/details/cp/225.html,data_raw/cn_official_legacy/round_04/processed/details/cp/225.json,16,ok
4,cp,226,,组合信息,data_raw/cn_official_legacy/round_04/raw/details/cp/226.html,data_raw/cn_official_legacy/round_04/processed/details/cp/226.json,16,ok
4,cp,227,,组合信息,data_raw/cn_official_legacy/round_04/raw/details/cp/227.html,data_raw/cn_official_legacy/round_04/processed/details/cp/227.json,17,ok
4,cp,228,,组合信息,data_raw/cn_official_legacy/round_04/raw/details/cp/228.html,data_raw/cn_official_legacy/round_04/processed/details/cp/228.json,15,ok
4,cp,229,,组合信息,data_raw/cn_official_legacy/round_04/raw/details/cp/229.html,data_raw/cn_official_legacy/round_04/processed/details/cp/229.json,16,ok
4,cp,230,,组合信息,data_raw/cn_official_legacy/round_04/raw/details/cp/230.html,data_raw/cn_official_legacy/round_04/processed/details/cp/230.json,16,ok
4,cp,231,,组合信息,data_raw/cn_official_legacy/round_04/raw/details/cp/231.html,data_raw/cn_official_legacy/round_04/processed/details/cp/231.json,16,ok
4,cp,232,,组合信息,data_raw/cn_official_legacy/round_04/raw/details/cp/232.html,data_raw/cn_official_legacy/round_04/processed/details/cp/232.json,16,ok
4,cp,233,,组合信息,data_raw/cn_official_legacy/round_04/raw/details/cp/233.html,data_raw/cn_official_legacy/round_04/processed/details/cp/233.json,16,ok
4,cp,234,,组合信息,data_raw/cn_official_legacy/round_04/raw/details/cp/234.html,data_raw/cn_official_legacy/round_04/processed/details/cp/234.json,16,ok
4,cp,235,,组合信息,data_raw/cn_official_legacy/round_04/raw/details/cp/235.html,data_raw/cn_official_legacy/round_04/processed/details/cp/235.json,16,ok
4,cp,236,,组合信息,data_raw/cn_official_legacy/round_04/raw/details/cp/236.html,data_raw/cn_official_legacy/round_04/processed/details/cp/236.json,17,ok
4,cp,237,,组合信息,data_raw/cn_official_legacy/round_04/raw/details/cp/237.html,data_raw/cn_official_legacy/round_04/processed/details/cp/237.json,17,ok
4,cp,238,,组合信息,data_raw/cn_official_legacy/round_04/raw/details/cp/238.html,data_raw/cn_official_legacy/round_04/processed/details/cp/238.json,16,ok
4,cp,239,,组合信息,data_raw/cn_official_legacy/round_04/raw/details/cp/239.html,data_raw/cn_official_legacy/round_04/processed/details/cp/239.json,16,ok
4,cp,240,,组合信息,data_raw/cn_official_legacy/round_04/raw/details/cp/240.html,data_raw/cn_official_legacy/round_04/processed/details/cp/240.json,16,ok
4,cp,241,,组合信息,data_raw/cn_official_legacy/round_04/raw/details/cp/241.html,data_raw/cn_official_legacy/round_04/processed/details/cp/241.json,17,ok
4,cp,242,,组合信息,data_raw/cn_official_legacy/round_04/raw/details/cp/242.html,data_raw/cn_official_legacy/round_04/processed/details/cp/242.json,16,ok
4,cp,243,,组合信息,data_raw/cn_official_legacy/round_04/raw/details/cp/243.html,data_raw/cn_official_legacy/round_04/processed/details/cp/243.json,16,ok
4,cp,244,,组合信息,data_raw/cn_official_legacy/round_04/raw/details/cp/244.html,data_raw/cn_official_legacy/round_04/processed/details/cp/244.json,16,ok
4,cp,245,,组合信息,data_raw/cn_official_legacy/round_04/raw/details/cp/245.html,data_raw/cn_official_legacy/round_04/processed/details/cp/245.json,16,ok
4,cp,246,,组合信息,data_raw/cn_official_legacy/round_04/raw/details/cp/246.html,data_raw/cn_official_legacy/round_04/processed/details/cp/246.json,16,ok
4,cp,247,,组合信息,data_raw/cn_official_legacy/round_04/raw/details/cp/247.html,data_raw/cn_official_legacy/round_04/processed/details/cp/247.json,17,ok
4,cp,248,,组合信息,data_raw/cn_official_legacy/round_04/raw/details/cp/248.html,data_raw/cn_official_legacy/round_04/processed/details/cp/248.json,16,ok
4,cp,249,,组合信息,data_raw/cn_official_legacy/round_04/raw/details/cp/249.html,data_raw/cn_official_legacy/round_04/processed/details/cp/249.json,16,ok
4,cp,250,,组合信息,data_raw/cn_official_legacy/round_04/raw/details/cp/250.html,data_raw/cn_official_legacy/round_04/processed/details/cp/250.json,16,ok
4,cp,251,,组合信息,data_raw/cn_official_legacy/round_04/raw/details/cp/251.html,data_raw/cn_official_legacy/round_04/processed/details/cp/251.json,17,ok
4,cp,252,,组合信息,data_raw/cn_official_legacy/round_04/raw/details/cp/252.html,data_raw/cn_official_legacy/round_04/processed/details/cp/252.json,16,ok
4,cp,253,,组合信息,data_raw/cn_official_legacy/round_04/raw/details/cp/253.html,data_raw/cn_official_legacy/round_04/processed/details/cp/253.json,16,ok
4,cp,254,,组合信息,data_raw/cn_official_legacy/round_04/raw/details/cp/254.html,data_raw/cn_official_legacy/round_04/processed/details/cp/254.json,16,ok
4,cp,255,,组合信息,data_raw/cn_official_legacy/round_04/raw/details/cp/255.html,data_raw/cn_official_legacy/round_04/processed/details/cp/255.json,16,ok
4,cp,256,,组合信息,data_raw/cn_official_legacy/round_04/raw/details/cp/256.html,data_raw/cn_official_legacy/round_04/processed/details/cp/256.json,17,ok
4,cp,257,,组合信息,data_raw/cn_official_legacy/round_04/raw/details/cp/257.html,data_raw/cn_official_legacy/round_04/processed/details/cp/257.json,17,ok
4,cp,258,,组合信息,data_raw/cn_official_legacy/round_04/raw/details/cp/258.html,data_raw/cn_official_legacy/round_04/processed/details/cp/258.json,17,ok
4,cp,259,,组合信息,data_raw/cn_official_legacy/round_04/raw/details/cp/259.html,data_raw/cn_official_legacy/round_04/processed/details/cp/259.json,17,ok
4,cp,260,,组合信息,data_raw/cn_official_legacy/round_04/raw/details/cp/260.html,data_raw/cn_official_legacy/round_04/processed/details/cp/260.json,15,ok
4,cp,261,,组合信息,data_raw/cn_official_legacy/round_04/raw/details/cp/261.html,data_raw/cn_official_legacy/round_04/processed/details/cp/261.json,16,ok
4,cp,262,,组合信息,data_raw/cn_official_legacy/round_04/raw/details/cp/262.html,data_raw/cn_official_legacy/round_04/processed/details/cp/262.json,16,ok
4,cp,263,,组合信息,data_raw/cn_official_legacy/round_04/raw/details/cp/263.html,data_raw/cn_official_legacy/round_04/processed/details/cp/263.json,16,ok
4,cp,264,,组合信息,data_raw/cn_official_legacy/round_04/raw/details/cp/264.html,data_raw/cn_official_legacy/round_04/processed/details/cp/264.json,16,ok
4,cp,265,,组合信息,data_raw/cn_official_legacy/round_04/raw/details/cp/265.html,data_raw/cn_official_legacy/round_04/processed/details/cp/265.json,17,ok
4,cp,266,,组合信息,data_raw/cn_official_legacy/round_04/raw/details/cp/266.html,data_raw/cn_official_legacy/round_04/processed/details/cp/266.json,16,ok
4,cp,267,,组合信息,data_raw/cn_official_legacy/round_04/raw/details/cp/267.html,data_raw/cn_official_legacy/round_04/processed/details/cp/267.json,16,ok
4,cp,268,,组合信息,data_raw/cn_official_legacy/round_04/raw/details/cp/268.html,data_raw/cn_official_legacy/round_04/processed/details/cp/268.json,16,ok
4,cp,269,,组合信息,data_raw/cn_official_legacy/round_04/raw/details/cp/269.html,data_raw/cn_official_legacy/round_04/processed/details/cp/269.json,16,ok
4,cp,270,,组合信息,data_raw/cn_official_legacy/round_04/raw/details/cp/270.html,data_raw/cn_official_legacy/round_04/processed/details/cp/270.json,16,ok
4,cp,271,,组合信息,data_raw/cn_official_legacy/round_04/raw/details/cp/271.html,data_raw/cn_official_legacy/round_04/processed/details/cp/271.json,16,ok
4,cp,272,,组合信息,data_raw/cn_official_legacy/round_04/raw/details/cp/272.html,data_raw/cn_official_legacy/round_04/processed/details/cp/272.json,17,ok
4,cp,273,,组合信息,data_raw/cn_official_legacy/round_04/raw/details/cp/273.html,data_raw/cn_official_legacy/round_04/processed/details/cp/273.json,17,ok
4,cp,274,,组合信息,data_raw/cn_official_legacy/round_04/raw/details/cp/274.html,data_raw/cn_official_legacy/round_04/processed/details/cp/274.json,16,ok
4,cp,275,,组合信息,data_raw/cn_official_legacy/round_04/raw/details/cp/275.html,data_raw/cn_official_legacy/round_04/processed/details/cp/275.json,17,ok
4,cp,276,,组合信息,data_raw/cn_official_legacy/round_04/raw/details/cp/276.html,data_raw/cn_official_legacy/round_04/processed/details/cp/276.json,17,ok
4,cp,277,,组合信息,data_raw/cn_official_legacy/round_04/raw/details/cp/277.html,data_raw/cn_official_legacy/round_04/processed/details/cp/277.json,17,ok
4,cp,278,,组合信息,data_raw/cn_official_legacy/round_04/raw/details/cp/278.html,data_raw/cn_official_legacy/round_04/processed/details/cp/278.json,16,ok
4,cp,279,,组合信息,data_raw/cn_official_legacy/round_04/raw/details/cp/279.html,data_raw/cn_official_legacy/round_04/processed/details/cp/279.json,17,ok
4,cp,280,,组合信息,data_raw/cn_official_legacy/round_04/raw/details/cp/280.html,data_raw/cn_official_legacy/round_04/processed/details/cp/280.json,17,ok
4,cp,281,,组合信息,data_raw/cn_official_legacy/round_04/raw/details/cp/281.html,data_raw/cn_official_legacy/round_04/processed/details/cp/281.json,17,ok
4,cp,282,,组合信息,data_raw/cn_official_legacy/round_04/raw/details/cp/282.html,data_raw/cn_official_legacy/round_04/processed/details/cp/282.json,17,ok
4,cp,283,,组合信息,data_raw/cn_official_legacy/round_04/raw/details/cp/283.html,data_raw/cn_official_legacy/round_04/processed/details/cp/283.json,17,ok
4,cp,284,,组合信息,data_raw/cn_official_legacy/round_04/raw/details/cp/284.html,data_raw/cn_official_legacy/round_04/processed/details/cp/284.json,16,ok
4,cp,285,,组合信息,data_raw/cn_official_legacy/round_04/raw/details/cp/285.html,data_raw/cn_official_legacy/round_04/processed/details/cp/285.json,16,ok
4,cp,286,,组合信息,data_raw/cn_official_legacy/round_04/raw/details/cp/286.html,data_raw/cn_official_legacy/round_04/processed/details/cp/286.json,17,ok
4,cp,287,,组合信息,data_raw/cn_official_legacy/round_04/raw/details/cp/287.html,data_raw/cn_official_legacy/round_04/processed/details/cp/287.json,17,ok
4,cp,288,,组合信息,data_raw/cn_official_legacy/round_04/raw/details/cp/288.html,data_raw/cn_official_legacy/round_04/processed/details/cp/288.json,16,ok
4,cp,289,,组合信息,data_raw/cn_official_legacy/round_04/raw/details/cp/289.html,data_raw/cn_official_legacy/round_04/processed/details/cp/289.json,17,ok
4,cp,290,,组合信息,data_raw/cn_official_legacy/round_04/raw/details/cp/290.html,data_raw/cn_official_legacy/round_04/processed/details/cp/290.json,16,ok
4,cp,291,,组合信息,data_raw/cn_official_legacy/round_04/raw/details/cp/291.html,data_raw/cn_official_legacy/round_04/processed/details/cp/291.json,17,ok
4,cp,292,,组合信息,data_raw/cn_official_legacy/round_04/raw/details/cp/292.html,data_raw/cn_official_legacy/round_04/processed/details/cp/292.json,17,ok
4,cp,293,,组合信息,data_raw/cn_official_legacy/round_04/raw/details/cp/293.html,data_raw/cn_official_legacy/round_04/processed/details/cp/293.json,16,ok
4,cp,294,,组合信息,data_raw/cn_official_legacy/round_04/raw/details/cp/294.html,data_raw/cn_official_legacy/round_04/processed/details/cp/294.json,16,ok
4,cp,295,,组合信息,data_raw/cn_official_legacy/round_04/raw/details/cp/295.html,data_raw/cn_official_legacy/round_04/processed/details/cp/295.json,16,ok
4,cp,296,,组合信息,data_raw/cn_official_legacy/round_04/raw/details/cp/296.html,data_raw/cn_official_legacy/round_04/processed/details/cp/296.json,16,ok
4,cp,297,,组合信息,data_raw/cn_official_legacy/round_04/raw/details/cp/297.html,data_raw/cn_official_legacy/round_04/processed/details/cp/297.json,17,ok
4,cp,298,,组合信息,data_raw/cn_official_legacy/round_04/raw/details/cp/298.html,data_raw/cn_official_legacy/round_04/processed/details/cp/298.json,16,ok
4,cp,299,,组合信息,data_raw/cn_official_legacy/round_04/raw/details/cp/299.html,data_raw/cn_official_legacy/round_04/processed/details/cp/299.json,17,ok
4,cp,300,,组合信息,data_raw/cn_official_legacy/round_04/raw/details/cp/300.html,data_raw/cn_official_legacy/round_04/processed/details/cp/300.json,17,ok
4,cp,301,,组合信息,data_raw/cn_official_legacy/round_04/raw/details/cp/301.html,data_raw/cn_official_legacy/round_04/processed/details/cp/301.json,17,ok
4,cp,302,,组合信息,data_raw/cn_official_legacy/round_04/raw/details/cp/302.html,data_raw/cn_official_legacy/round_04/processed/details/cp/302.json,17,ok
4,cp,303,,组合信息,data_raw/cn_official_legacy/round_04/raw/details/cp/303.html,data_raw/cn_official_legacy/round_04/processed/details/cp/303.json,17,ok
4,cp,304,,组合信息,data_raw/cn_official_legacy/round_04/raw/details/cp/304.html,data_raw/cn_official_legacy/round_04/processed/details/cp/304.json,16,ok
4,cp,305,,组合信息,data_raw/cn_official_legacy/round_04/raw/details/cp/305.html,data_raw/cn_official_legacy/round_04/processed/details/cp/305.json,16,ok
4,cp,306,,组合信息,data_raw/cn_official_legacy/round_04/raw/details/cp/306.html,data_raw/cn_official_legacy/round_04/processed/details/cp/306.json,16,ok
4,cp,307,,组合信息,data_raw/cn_official_legacy/round_04/raw/details/cp/307.html,data_raw/cn_official_legacy/round_04/processed/details/cp/307.json,16,ok
4,cp,308,,组合信息,data_raw/cn_official_legacy/round_04/raw/details/cp/308.html,data_raw/cn_official_legacy/round_04/processed/details/cp/308.json,16,ok
4,cp,309,,组合信息,data_raw/cn_official_legacy/round_04/raw/details/cp/309.html,data_raw/cn_official_legacy/round_04/processed/details/cp/309.json,16,ok
4,cp,310,,组合信息,data_raw/cn_official_legacy/round_04/raw/details/cp/310.html,data_raw/cn_official_legacy/round_04/processed/details/cp/310.json,16,ok
4,cp,311,,组合信息,data_raw/cn_official_legacy/round_04/raw/details/cp/311.html,data_raw/cn_official_legacy/round_04/processed/details/cp/311.json,16,ok
4,cp,312,,组合信息,data_raw/cn_official_legacy/round_04/raw/details/cp/312.html,data_raw/cn_official_legacy/round_04/processed/details/cp/312.json,16,ok
4,cp,313,,组合信息,data_raw/cn_official_legacy/round_04/raw/details/cp/313.html,data_raw/cn_official_legacy/round_04/processed/details/cp/313.json,16,ok
4,cp,314,,组合信息,data_raw/cn_official_legacy/round_04/raw/details/cp/314.html,data_raw/cn_official_legacy/round_04/processed/details/cp/314.json,16,ok
4,cp,315,,组合信息,data_raw/cn_official_legacy/round_04/raw/details/cp/315.html,data_raw/cn_official_legacy/round_04/processed/details/cp/315.json,16,ok
4,cp,316,,组合信息,data_raw/cn_official_legacy/round_04/raw/details/cp/316.html,data_raw/cn_official_legacy/round_04/processed/details/cp/316.json,16,ok
4,cp,317,,组合信息,data_raw/cn_official_legacy/round_04/raw/details/cp/317.html,data_raw/cn_official_legacy/round_04/processed/details/cp/317.json,16,ok
4,cp,318,,组合信息,data_raw/cn_official_legacy/round_04/raw/details/cp/318.html,data_raw/cn_official_legacy/round_04/processed/details/cp/318.json,16,ok
4,cp,319,,组合信息,data_raw/cn_official_legacy/round_04/raw/details/cp/319.html,data_raw/cn_official_legacy/round_04/processed/details/cp/319.json,17,ok
4,cp,320,,组合信息,data_raw/cn_official_legacy/round_04/raw/details/cp/320.html,data_raw/cn_official_legacy/round_04/processed/details/cp/320.json,16,ok
4,cp,321,,组合信息,data_raw/cn_official_legacy/round_04/raw/details/cp/321.html,data_raw/cn_official_legacy/round_04/processed/details/cp/321.json,16,ok
4,cp,322,,组合信息,data_raw/cn_official_legacy/round_04/raw/details/cp/322.html,data_raw/cn_official_legacy/round_04/processed/details/cp/322.json,17,ok
4,cp,323,,组合信息,data_raw/cn_official_legacy/round_04/raw/details/cp/323.html,data_raw/cn_official_legacy/round_04/processed/details/cp/323.json,17,ok
4,cp,324,,组合信息,data_raw/cn_official_legacy/round_04/raw/details/cp/324.html,data_raw/cn_official_legacy/round_04/processed/details/cp/324.json,16,ok
4,cp,325,,组合信息,data_raw/cn_official_legacy/round_04/raw/details/cp/325.html,data_raw/cn_official_legacy/round_04/processed/details/cp/325.json,16,ok
4,cp,326,,组合信息,data_raw/cn_official_legacy/round_04/raw/details/cp/326.html,data_raw/cn_official_legacy/round_04/processed/details/cp/326.json,17,ok
4,cp,327,,组合信息,data_raw/cn_official_legacy/round_04/raw/details/cp/327.html,data_raw/cn_official_legacy/round_04/processed/details/cp/327.json,15,ok
4,cp,328,,组合信息,data_raw/cn_official_legacy/round_04/raw/details/cp/328.html,data_raw/cn_official_legacy/round_04/processed/details/cp/328.json,16,ok
4,cp,329,,组合信息,data_raw/cn_official_legacy/round_04/raw/details/cp/329.html,data_raw/cn_official_legacy/round_04/processed/details/cp/329.json,17,ok
4,cp,330,,组合信息,data_raw/cn_official_legacy/round_04/raw/details/cp/330.html,data_raw/cn_official_legacy/round_04/processed/details/cp/330.json,17,ok
4,cp,331,,组合信息,data_raw/cn_official_legacy/round_04/raw/details/cp/331.html,data_raw/cn_official_legacy/round_04/processed/details/cp/331.json,16,ok
4,cp,332,,组合信息,data_raw/cn_official_legacy/round_04/raw/details/cp/332.html,data_raw/cn_official_legacy/round_04/processed/details/cp/332.json,16,ok
4,cp,333,,组合信息,data_raw/cn_official_legacy/round_04/raw/details/cp/333.html,data_raw/cn_official_legacy/round_04/processed/details/cp/333.json,16,ok
4,cp,334,,组合信息,data_raw/cn_official_legacy/round_04/raw/details/cp/334.html,data_raw/cn_official_legacy/round_04/processed/details/cp/334.json,16,ok
4,cp,335,,组合信息,data_raw/cn_official_legacy/round_04/raw/details/cp/335.html,data_raw/cn_official_legacy/round_04/processed/details/cp/335.json,16,ok
4,cp,336,,组合信息,data_raw/cn_official_legacy/round_04/raw/details/cp/336.html,data_raw/cn_official_legacy/round_04/processed/details/cp/336.json,16,ok
4,cp,337,,组合信息,data_raw/cn_official_legacy/round_04/raw/details/cp/337.html,data_raw/cn_official_legacy/round_04/processed/details/cp/337.json,17,ok
4,cp,338,,组合信息,data_raw/cn_official_legacy/round_04/raw/details/cp/338.html,data_raw/cn_official_legacy/round_04/processed/details/cp/338.json,16,ok
4,cp,339,,组合信息,data_raw/cn_official_legacy/round_04/raw/details/cp/339.html,data_raw/cn_official_legacy/round_04/processed/details/cp/339.json,17,ok
4,cp,340,,组合信息,data_raw/cn_official_legacy/round_04/raw/details/cp/340.html,data_raw/cn_official_legacy/round_04/processed/details/cp/340.json,17,ok
4,cp,341,,组合信息,data_raw/cn_official_legacy/round_04/raw/details/cp/341.html,data_raw/cn_official_legacy/round_04/processed/details/cp/341.json,16,ok
4,cp,342,,组合信息,data_raw/cn_official_legacy/round_04/raw/details/cp/342.html,data_raw/cn_official_legacy/round_04/processed/details/cp/342.json,17,ok
4,cp,343,,组合信息,data_raw/cn_official_legacy/round_04/raw/details/cp/343.html,data_raw/cn_official_legacy/round_04/processed/details/cp/343.json,16,ok
4,cp,344,,组合信息,data_raw/cn_official_legacy/round_04/raw/details/cp/344.html,data_raw/cn_official_legacy/round_04/processed/details/cp/344.json,16,ok
4,cp,345,,组合信息,data_raw/cn_official_legacy/round_04/raw/details/cp/345.html,data_raw/cn_official_legacy/round_04/processed/details/cp/345.json,16,ok
4,cp,346,,组合信息,data_raw/cn_official_legacy/round_04/raw/details/cp/346.html,data_raw/cn_official_legacy/round_04/processed/details/cp/346.json,17,ok
4,cp,347,,组合信息,data_raw/cn_official_legacy/round_04/raw/details/cp/347.html,data_raw/cn_official_legacy/round_04/processed/details/cp/347.json,17,ok
4,cp,348,,组合信息,data_raw/cn_official_legacy/round_04/raw/details/cp/348.html,data_raw/cn_official_legacy/round_04/processed/details/cp/348.json,17,ok
4,cp,349,,组合信息,data_raw/cn_official_legacy/round_04/raw/details/cp/349.html,data_raw/cn_official_legacy/round_04/processed/details/cp/349.json,17,ok
4,cp,350,,组合信息,data_raw/cn_official_legacy/round_04/raw/details/cp/350.html,data_raw/cn_official_legacy/round_04/processed/details/cp/350.json,16,ok
4,cp,351,,组合信息,data_raw/cn_official_legacy/round_04/raw/details/cp/351.html,data_raw/cn_official_legacy/round_04/processed/details/cp/351.json,16,ok
4,cp,352,,组合信息,data_raw/cn_official_legacy/round_04/raw/details/cp/352.html,data_raw/cn_official_legacy/round_04/processed/details/cp/352.json,17,ok
4,cp,353,,组合信息,data_raw/cn_official_legacy/round_04/raw/details/cp/353.html,data_raw/cn_official_legacy/round_04/processed/details/cp/353.json,16,ok
4,cp,354,,组合信息,data_raw/cn_official_legacy/round_04/raw/details/cp/354.html,data_raw/cn_official_legacy/round_04/processed/details/cp/354.json,16,ok
4,cp,355,,组合信息,data_raw/cn_official_legacy/round_04/raw/details/cp/355.html,data_raw/cn_official_legacy/round_04/processed/details/cp/355.json,16,ok
4,cp,356,,组合信息,data_raw/cn_official_legacy/round_04/raw/details/cp/356.html,data_raw/cn_official_legacy/round_04/processed/details/cp/356.json,16,ok
4,cp,357,,组合信息,data_raw/cn_official_legacy/round_04/raw/details/cp/357.html,data_raw/cn_official_legacy/round_04/processed/details/cp/357.json,16,ok
4,cp,358,,组合信息,data_raw/cn_official_legacy/round_04/raw/details/cp/358.html,data_raw/cn_official_legacy/round_04/processed/details/cp/358.json,17,ok
4,cp,359,,组合信息,data_raw/cn_official_legacy/round_04/raw/details/cp/359.html,data_raw/cn_official_legacy/round_04/processed/details/cp/359.json,17,ok
4,cp,360,,组合信息,data_raw/cn_official_legacy/round_04/raw/details/cp/360.html,data_raw/cn_official_legacy/round_04/processed/details/cp/360.json,16,ok
4,cp,361,,组合信息,data_raw/cn_official_legacy/round_04/raw/details/cp/361.html,data_raw/cn_official_legacy/round_04/processed/details/cp/361.json,15,ok
4,cp,362,,组合信息,data_raw/cn_official_legacy/round_04/raw/details/cp/362.html,data_raw/cn_official_legacy/round_04/processed/details/cp/362.json,17,ok
4,cp,363,,组合信息,data_raw/cn_official_legacy/round_04/raw/details/cp/363.html,data_raw/cn_official_legacy/round_04/processed/details/cp/363.json,17,ok
4,cp,364,,组合信息,data_raw/cn_official_legacy/round_04/raw/details/cp/364.html,data_raw/cn_official_legacy/round_04/processed/details/cp/364.json,15,ok
4,cp,365,,组合信息,data_raw/cn_official_legacy/round_04/raw/details/cp/365.html,data_raw/cn_official_legacy/round_04/processed/details/cp/365.json,16,ok
4,cp,366,,组合信息,data_raw/cn_official_legacy/round_04/raw/details/cp/366.html,data_raw/cn_official_legacy/round_04/processed/details/cp/366.json,16,ok
4,cp,367,,组合信息,data_raw/cn_official_legacy/round_04/raw/details/cp/367.html,data_raw/cn_official_legacy/round_04/processed/details/cp/367.json,16,ok
4,cp,368,,组合信息,data_raw/cn_official_legacy/round_04/raw/details/cp/368.html,data_raw/cn_official_legacy/round_04/processed/details/cp/368.json,17,ok
4,cp,369,,组合信息,data_raw/cn_official_legacy/round_04/raw/details/cp/369.html,data_raw/cn_official_legacy/round_04/processed/details/cp/369.json,16,ok
4,cp,370,,组合信息,data_raw/cn_official_legacy/round_04/raw/details/cp/370.html,data_raw/cn_official_legacy/round_04/processed/details/cp/370.json,16,ok
4,cp,371,,组合信息,data_raw/cn_official_legacy/round_04/raw/details/cp/371.html,data_raw/cn_official_legacy/round_04/processed/details/cp/371.json,17,ok
4,cp,372,,组合信息,data_raw/cn_official_legacy/round_04/raw/details/cp/372.html,data_raw/cn_official_legacy/round_04/processed/details/cp/372.json,15,ok
4,cp,373,,组合信息,data_raw/cn_official_legacy/round_04/raw/details/cp/373.html,data_raw/cn_official_legacy/round_04/processed/details/cp/373.json,17,ok
4,cp,374,,组合信息,data_raw/cn_official_legacy/round_04/raw/details/cp/374.html,data_raw/cn_official_legacy/round_04/processed/details/cp/374.json,15,ok
4,cp,375,,组合信息,data_raw/cn_official_legacy/round_04/raw/details/cp/375.html,data_raw/cn_official_legacy/round_04/processed/details/cp/375.json,16,ok
4,cp,376,,组合信息,data_raw/cn_official_legacy/round_04/raw/details/cp/376.html,data_raw/cn_official_legacy/round_04/processed/details/cp/376.json,16,ok
4,cp,377,,组合信息,data_raw/cn_official_legacy/round_04/raw/details/cp/377.html,data_raw/cn_official_legacy/round_04/processed/details/cp/377.json,17,ok
4,cp,378,,组合信息,data_raw/cn_official_legacy/round_04/raw/details/cp/378.html,data_raw/cn_official_legacy/round_04/processed/details/cp/378.json,17,ok
4,cp,379,,组合信息,data_raw/cn_official_legacy/round_04/raw/details/cp/379.html,data_raw/cn_official_legacy/round_04/processed/details/cp/379.json,17,ok
4,cp,380,,组合信息,data_raw/cn_official_legacy/round_04/raw/details/cp/380.html,data_raw/cn_official_legacy/round_04/processed/details/cp/380.json,17,ok
4,cp,381,,组合信息,data_raw/cn_official_legacy/round_04/raw/details/cp/381.html,data_raw/cn_official_legacy/round_04/processed/details/cp/381.json,17,ok
4,cp,382,,组合信息,data_raw/cn_official_legacy/round_04/raw/details/cp/382.html,data_raw/cn_official_legacy/round_04/processed/details/cp/382.json,16,ok
4,cp,383,,组合信息,data_raw/cn_official_legacy/round_04/raw/details/cp/383.html,data_raw/cn_official_legacy/round_04/processed/details/cp/383.json,17,ok
4,cp,384,,组合信息,data_raw/cn_official_legacy/round_04/raw/details/cp/384.html,data_raw/cn_official_legacy/round_04/processed/details/cp/384.json,17,ok
4,cp,385,,组合信息,data_raw/cn_official_legacy/round_04/raw/details/cp/385.html,data_raw/cn_official_legacy/round_04/processed/details/cp/385.json,16,ok
4,cp,386,,组合信息,data_raw/cn_official_legacy/round_04/raw/details/cp/386.html,data_raw/cn_official_legacy/round_04/processed/details/cp/386.json,16,ok
4,cp,387,,组合信息,data_raw/cn_official_legacy/round_04/raw/details/cp/387.html,data_raw/cn_official_legacy/round_04/processed/details/cp/387.json,17,ok
4,cp,388,,组合信息,data_raw/cn_official_legacy/round_04/raw/details/cp/388.html,data_raw/cn_official_legacy/round_04/processed/details/cp/388.json,16,ok
4,cp,389,,组合信息,data_raw/cn_official_legacy/round_04/raw/details/cp/389.html,data_raw/cn_official_legacy/round_04/processed/details/cp/389.json,17,ok
4,cp,390,,组合信息,data_raw/cn_official_legacy/round_04/raw/details/cp/390.html,data_raw/cn_official_legacy/round_04/processed/details/cp/390.json,17,ok
4,cp,391,,组合信息,data_raw/cn_official_legacy/round_04/raw/details/cp/391.html,data_raw/cn_official_legacy/round_04/processed/details/cp/391.json,15,ok
4,cp,392,,组合信息,data_raw/cn_official_legacy/round_04/raw/details/cp/392.html,data_raw/cn_official_legacy/round_04/processed/details/cp/392.json,17,ok
4,cp,393,,组合信息,data_raw/cn_official_legacy/round_04/raw/details/cp/393.html,data_raw/cn_official_legacy/round_04/processed/details/cp/393.json,16,ok
4,cp,394,,组合信息,data_raw/cn_official_legacy/round_04/raw/details/cp/394.html,data_raw/cn_official_legacy/round_04/processed/details/cp/394.json,16,ok
4,cp,395,,组合信息,data_raw/cn_official_legacy/round_04/raw/details/cp/395.html,data_raw/cn_official_legacy/round_04/processed/details/cp/395.json,17,ok
4,cp,396,,组合信息,data_raw/cn_official_legacy/round_04/raw/details/cp/396.html,data_raw/cn_official_legacy/round_04/processed/details/cp/396.json,17,ok
4,cp,397,,组合信息,data_raw/cn_official_legacy/round_04/raw/details/cp/397.html,data_raw/cn_official_legacy/round_04/processed/details/cp/397.json,16,ok
4,cp,398,,组合信息,data_raw/cn_official_legacy/round_04/raw/details/cp/398.html,data_raw/cn_official_legacy/round_04/processed/details/cp/398.json,16,ok
4,cp,399,,组合信息,data_raw/cn_official_legacy/round_04/raw/details/cp/399.html,data_raw/cn_official_legacy/round_04/processed/details/cp/399.json,16,ok
4,cp,400,,组合信息,data_raw/cn_official_legacy/round_04/raw/details/cp/400.html,data_raw/cn_official_legacy/round_04/processed/details/cp/400.json,17,ok
4,cp,401,,组合信息,data_raw/cn_official_legacy/round_04/raw/details/cp/401.html,data_raw/cn_official_legacy/round_04/processed/details/cp/401.json,16,ok
4,cp,402,,组合信息,data_raw/cn_official_legacy/round_04/raw/details/cp/402.html,data_raw/cn_official_legacy/round_04/processed/details/cp/402.json,17,ok
4,cp,403,,组合信息,data_raw/cn_official_legacy/round_04/raw/details/cp/403.html,data_raw/cn_official_legacy/round_04/processed/details/cp/403.json,16,ok
4,cp,404,,组合信息,data_raw/cn_official_legacy/round_04/raw/details/cp/404.html,data_raw/cn_official_legacy/round_04/processed/details/cp/404.json,16,ok
4,cp,405,,组合信息,data_raw/cn_official_legacy/round_04/raw/details/cp/405.html,data_raw/cn_official_legacy/round_04/processed/details/cp/405.json,16,ok
4,cp,406,,组合信息,data_raw/cn_official_legacy/round_04/raw/details/cp/406.html,data_raw/cn_official_legacy/round_04/processed/details/cp/406.json,17,ok
4,cp,407,,组合信息,data_raw/cn_official_legacy/round_04/raw/details/cp/407.html,data_raw/cn_official_legacy/round_04/processed/details/cp/407.json,16,ok
4,cp,408,,组合信息,data_raw/cn_official_legacy/round_04/raw/details/cp/408.html,data_raw/cn_official_legacy/round_04/processed/details/cp/408.json,16,ok
4,cp,409,,组合信息,data_raw/cn_official_legacy/round_04/raw/details/cp/409.html,data_raw/cn_official_legacy/round_04/processed/details/cp/409.json,16,ok
4,cp,410,,组合信息,data_raw/cn_official_legacy/round_04/raw/details/cp/410.html,data_raw/cn_official_legacy/round_04/processed/details/cp/410.json,16,ok
4,cp,411,,组合信息,data_raw/cn_official_legacy/round_04/raw/details/cp/411.html,data_raw/cn_official_legacy/round_04/processed/details/cp/411.json,15,ok
4,cp,412,,组合信息,data_raw/cn_official_legacy/round_04/raw/details/cp/412.html,data_raw/cn_official_legacy/round_04/processed/details/cp/412.json,17,ok
4,cp,413,,组合信息,data_raw/cn_official_legacy/round_04/raw/details/cp/413.html,data_raw/cn_official_legacy/round_04/processed/details/cp/413.json,17,ok
4,cp,414,,组合信息,data_raw/cn_official_legacy/round_04/raw/details/cp/414.html,data_raw/cn_official_legacy/round_04/processed/details/cp/414.json,16,ok
4,cp,415,,组合信息,data_raw/cn_official_legacy/round_04/raw/details/cp/415.html,data_raw/cn_official_legacy/round_04/processed/details/cp/415.json,15,ok
4,cp,416,,组合信息,data_raw/cn_official_legacy/round_04/raw/details/cp/416.html,data_raw/cn_official_legacy/round_04/processed/details/cp/416.json,15,ok
4,cp,417,,组合信息,data_raw/cn_official_legacy/round_04/raw/details/cp/417.html,data_raw/cn_official_legacy/round_04/processed/details/cp/417.json,15,ok
4,cp,418,,组合信息,data_raw/cn_official_legacy/round_04/raw/details/cp/418.html,data_raw/cn_official_legacy/round_04/processed/details/cp/418.json,16,ok
4,cp,419,,组合信息,data_raw/cn_official_legacy/round_04/raw/details/cp/419.html,data_raw/cn_official_legacy/round_04/processed/details/cp/419.json,16,ok
4,cp,420,,组合信息,data_raw/cn_official_legacy/round_04/raw/details/cp/420.html,data_raw/cn_official_legacy/round_04/processed/details/cp/420.json,16,ok
4,cp,421,,组合信息,data_raw/cn_official_legacy/round_04/raw/details/cp/421.html,data_raw/cn_official_legacy/round_04/processed/details/cp/421.json,17,ok
4,cp,422,,组合信息,data_raw/cn_official_legacy/round_04/raw/details/cp/422.html,data_raw/cn_official_legacy/round_04/processed/details/cp/422.json,16,ok
4,cp,423,,组合信息,data_raw/cn_official_legacy/round_04/raw/details/cp/423.html,data_raw/cn_official_legacy/round_04/processed/details/cp/423.json,17,ok
4,cp,424,,组合信息,data_raw/cn_official_legacy/round_04/raw/details/cp/424.html,data_raw/cn_official_legacy/round_04/processed/details/cp/424.json,17,ok
4,cp,425,,组合信息,data_raw/cn_official_legacy/round_04/raw/details/cp/425.html,data_raw/cn_official_legacy/round_04/processed/details/cp/425.json,17,ok
4,cp,426,,组合信息,data_raw/cn_official_legacy/round_04/raw/details/cp/426.html,data_raw/cn_official_legacy/round_04/processed/details/cp/426.json,17,ok
4,cp,427,,组合信息,data_raw/cn_official_legacy/round_04/raw/details/cp/427.html,data_raw/cn_official_legacy/round_04/processed/details/cp/427.json,17,ok
4,cp,428,,组合信息,data_raw/cn_official_legacy/round_04/raw/details/cp/428.html,data_raw/cn_official_legacy/round_04/processed/details/cp/428.json,17,ok
4,cp,429,,组合信息,data_raw/cn_official_legacy/round_04/raw/details/cp/429.html,data_raw/cn_official_legacy/round_04/processed/details/cp/429.json,16,ok
4,cp,430,,组合信息,data_raw/cn_official_legacy/round_04/raw/details/cp/430.html,data_raw/cn_official_legacy/round_04/processed/details/cp/430.json,17,ok
4,cp,431,,组合信息,data_raw/cn_official_legacy/round_04/raw/details/cp/431.html,data_raw/cn_official_legacy/round_04/processed/details/cp/431.json,17,ok
4,cp,432,,组合信息,data_raw/cn_official_legacy/round_04/raw/details/cp/432.html,data_raw/cn_official_legacy/round_04/processed/details/cp/432.json,17,ok
4,cp,433,,组合信息,data_raw/cn_official_legacy/round_04/raw/details/cp/433.html,data_raw/cn_official_legacy/round_04/processed/details/cp/433.json,17,ok
4,cp,434,,组合信息,data_raw/cn_official_legacy/round_04/raw/details/cp/434.html,data_raw/cn_official_legacy/round_04/processed/details/cp/434.json,17,ok
4,cp,435,,组合信息,data_raw/cn_official_legacy/round_04/raw/details/cp/435.html,data_raw/cn_official_legacy/round_04/processed/details/cp/435.json,17,ok
4,cp,436,,组合信息,data_raw/cn_official_legacy/round_04/raw/details/cp/436.html,data_raw/cn_official_legacy/round_04/processed/details/cp/436.json,17,ok
4,cp,437,,组合信息,data_raw/cn_official_legacy/round_04/raw/details/cp/437.html,data_raw/cn_official_legacy/round_04/processed/details/cp/437.json,17,ok
4,cp,438,,组合信息,data_raw/cn_official_legacy/round_04/raw/details/cp/438.html,data_raw/cn_official_legacy/round_04/processed/details/cp/438.json,17,ok
4,cp,439,,组合信息,data_raw/cn_official_legacy/round_04/raw/details/cp/439.html,data_raw/cn_official_legacy/round_04/processed/details/cp/439.json,16,ok
4,cp,440,,组合信息,data_raw/cn_official_legacy/round_04/raw/details/cp/440.html,data_raw/cn_official_legacy/round_04/processed/details/cp/440.json,17,ok
4,cp,441,,组合信息,data_raw/cn_official_legacy/round_04/raw/details/cp/441.html,data_raw/cn_official_legacy/round_04/processed/details/cp/441.json,16,ok
4,cp,442,,组合信息,data_raw/cn_official_legacy/round_04/raw/details/cp/442.html,data_raw/cn_official_legacy/round_04/processed/details/cp/442.json,16,ok
4,cp,443,,组合信息,data_raw/cn_official_legacy/round_04/raw/details/cp/443.html,data_raw/cn_official_legacy/round_04/processed/details/cp/443.json,16,ok
4,cp,444,,组合信息,data_raw/cn_official_legacy/round_04/raw/details/cp/444.html,data_raw/cn_official_legacy/round_04/processed/details/cp/444.json,16,ok
4,cp,445,,组合信息,data_raw/cn_official_legacy/round_04/raw/details/cp/445.html,data_raw/cn_official_legacy/round_04/processed/details/cp/445.json,17,ok
4,cp,446,,组合信息,data_raw/cn_official_legacy/round_04/raw/details/cp/446.html,data_raw/cn_official_legacy/round_04/processed/details/cp/446.json,16,ok
4,cp,447,,组合信息,data_raw/cn_official_legacy/round_04/raw/details/cp/447.html,data_raw/cn_official_legacy/round_04/processed/details/cp/447.json,17,ok
4,cp,448,,组合信息,data_raw/cn_official_legacy/round_04/raw/details/cp/448.html,data_raw/cn_official_legacy/round_04/processed/details/cp/448.json,16,ok
4,cp,449,,组合信息,data_raw/cn_official_legacy/round_04/raw/details/cp/449.html,data_raw/cn_official_legacy/round_04/processed/details/cp/449.json,16,ok
4,cp,450,,组合信息,data_raw/cn_official_legacy/round_04/raw/details/cp/450.html,data_raw/cn_official_legacy/round_04/processed/details/cp/450.json,17,ok
4,cp,451,,组合信息,data_raw/cn_official_legacy/round_04/raw/details/cp/451.html,data_raw/cn_official_legacy/round_04/processed/details/cp/451.json,17,ok
4,cp,452,,组合信息,data_raw/cn_official_legacy/round_04/raw/details/cp/452.html,data_raw/cn_official_legacy/round_04/processed/details/cp/452.json,17,ok
4,cp,453,,组合信息,data_raw/cn_official_legacy/round_04/raw/details/cp/453.html,data_raw/cn_official_legacy/round_04/processed/details/cp/453.json,17,ok
4,cp,454,,组合信息,data_raw/cn_official_legacy/round_04/raw/details/cp/454.html,data_raw/cn_official_legacy/round_04/processed/details/cp/454.json,16,ok
4,cp,455,,组合信息,data_raw/cn_official_legacy/round_04/raw/details/cp/455.html,data_raw/cn_official_legacy/round_04/processed/details/cp/455.json,16,ok
4,cp,456,,组合信息,data_raw/cn_official_legacy/round_04/raw/details/cp/456.html,data_raw/cn_official_legacy/round_04/processed/details/cp/456.json,15,ok
4,cp,457,,组合信息,data_raw/cn_official_legacy/round_04/raw/details/cp/457.html,data_raw/cn_official_legacy/round_04/processed/details/cp/457.json,16,ok
4,cp,458,,组合信息,data_raw/cn_official_legacy/round_04/raw/details/cp/458.html,data_raw/cn_official_legacy/round_04/processed/details/cp/458.json,16,ok
4,cp,459,,组合信息,data_raw/cn_official_legacy/round_04/raw/details/cp/459.html,data_raw/cn_official_legacy/round_04/processed/details/cp/459.json,17,ok
4,cp,460,,组合信息,data_raw/cn_official_legacy/round_04/raw/details/cp/460.html,data_raw/cn_official_legacy/round_04/processed/details/cp/460.json,16,ok
4,cp,461,,组合信息,data_raw/cn_official_legacy/round_04/raw/details/cp/461.html,data_raw/cn_official_legacy/round_04/processed/details/cp/461.json,16,ok
4,cp,462,,组合信息,data_raw/cn_official_legacy/round_04/raw/details/cp/462.html,data_raw/cn_official_legacy/round_04/processed/details/cp/462.json,16,ok
4,cp,463,,组合信息,data_raw/cn_official_legacy/round_04/raw/details/cp/463.html,data_raw/cn_official_legacy/round_04/processed/details/cp/463.json,15,ok
4,cp,464,,组合信息,data_raw/cn_official_legacy/round_04/raw/details/cp/464.html,data_raw/cn_official_legacy/round_04/processed/details/cp/464.json,16,ok
4,cp,465,,组合信息,data_raw/cn_official_legacy/round_04/raw/details/cp/465.html,data_raw/cn_official_legacy/round_04/processed/details/cp/465.json,17,ok
4,cp,466,,组合信息,data_raw/cn_official_legacy/round_04/raw/details/cp/466.html,data_raw/cn_official_legacy/round_04/processed/details/cp/466.json,17,ok
4,cp,467,,组合信息,data_raw/cn_official_legacy/round_04/raw/details/cp/467.html,data_raw/cn_official_legacy/round_04/processed/details/cp/467.json,16,ok
4,cp,468,,组合信息,data_raw/cn_official_legacy/round_04/raw/details/cp/468.html,data_raw/cn_official_legacy/round_04/processed/details/cp/468.json,17,ok
4,cp,469,,组合信息,data_raw/cn_official_legacy/round_04/raw/details/cp/469.html,data_raw/cn_official_legacy/round_04/processed/details/cp/469.json,17,ok
4,cp,470,,组合信息,data_raw/cn_official_legacy/round_04/raw/details/cp/470.html,data_raw/cn_official_legacy/round_04/processed/details/cp/470.json,16,ok
4,cp,471,,组合信息,data_raw/cn_official_legacy/round_04/raw/details/cp/471.html,data_raw/cn_official_legacy/round_04/processed/details/cp/471.json,17,ok
4,cp,472,,组合信息,data_raw/cn_official_legacy/round_04/raw/details/cp/472.html,data_raw/cn_official_legacy/round_04/processed/details/cp/472.json,17,ok
4,cp,473,,组合信息,data_raw/cn_official_legacy/round_04/raw/details/cp/473.html,data_raw/cn_official_legacy/round_04/processed/details/cp/473.json,17,ok
4,cp,474,,组合信息,data_raw/cn_official_legacy/round_04/raw/details/cp/474.html,data_raw/cn_official_legacy/round_04/processed/details/cp/474.json,16,ok
4,cp,475,,组合信息,data_raw/cn_official_legacy/round_04/raw/details/cp/475.html,data_raw/cn_official_legacy/round_04/processed/details/cp/475.json,17,ok
4,cp,476,,组合信息,data_raw/cn_official_legacy/round_04/raw/details/cp/476.html,data_raw/cn_official_legacy/round_04/processed/details/cp/476.json,16,ok
4,cp,477,,组合信息,data_raw/cn_official_legacy/round_04/raw/details/cp/477.html,data_raw/cn_official_legacy/round_04/processed/details/cp/477.json,16,ok
4,cp,478,,组合信息,data_raw/cn_official_legacy/round_04/raw/details/cp/478.html,data_raw/cn_official_legacy/round_04/processed/details/cp/478.json,17,ok
4,cp,479,,组合信息,data_raw/cn_official_legacy/round_04/raw/details/cp/479.html,data_raw/cn_official_legacy/round_04/processed/details/cp/479.json,17,ok
4,cp,480,,组合信息,data_raw/cn_official_legacy/round_04/raw/details/cp/480.html,data_raw/cn_official_legacy/round_04/processed/details/cp/480.json,15,ok
4,cp,481,,组合信息,data_raw/cn_official_legacy/round_04/raw/details/cp/481.html,data_raw/cn_official_legacy/round_04/processed/details/cp/481.json,16,ok
4,cp,482,,组合信息,data_raw/cn_official_legacy/round_04/raw/details/cp/482.html,data_raw/cn_official_legacy/round_04/processed/details/cp/482.json,16,ok
4,cp,483,,组合信息,data_raw/cn_official_legacy/round_04/raw/details/cp/483.html,data_raw/cn_official_legacy/round_04/processed/details/cp/483.json,16,ok
4,cp,484,,组合信息,data_raw/cn_official_legacy/round_04/raw/details/cp/484.html,data_raw/cn_official_legacy/round_04/processed/details/cp/484.json,16,ok
4,cp,485,,组合信息,data_raw/cn_official_legacy/round_04/raw/details/cp/485.html,data_raw/cn_official_legacy/round_04/processed/details/cp/485.json,16,ok
4,cp,486,,组合信息,data_raw/cn_official_legacy/round_04/raw/details/cp/486.html,data_raw/cn_official_legacy/round_04/processed/details/cp/486.json,16,ok
4,cp,487,,组合信息,data_raw/cn_official_legacy/round_04/raw/details/cp/487.html,data_raw/cn_official_legacy/round_04/processed/details/cp/487.json,16,ok
4,cp,488,,组合信息,data_raw/cn_official_legacy/round_04/raw/details/cp/488.html,data_raw/cn_official_legacy/round_04/processed/details/cp/488.json,16,ok
4,cp,489,,组合信息,data_raw/cn_official_legacy/round_04/raw/details/cp/489.html,data_raw/cn_official_legacy/round_04/processed/details/cp/489.json,16,ok
4,cp,490,,组合信息,data_raw/cn_official_legacy/round_04/raw/details/cp/490.html,data_raw/cn_official_legacy/round_04/processed/details/cp/490.json,16,ok
4,cp,491,,组合信息,data_raw/cn_official_legacy/round_04/raw/details/cp/491.html,data_raw/cn_official_legacy/round_04/processed/details/cp/491.json,16,ok
4,cp,492,,组合信息,data_raw/cn_official_legacy/round_04/raw/details/cp/492.html,data_raw/cn_official_legacy/round_04/processed/details/cp/492.json,15,ok
4,cp,493,,组合信息,data_raw/cn_official_legacy/round_04/raw/details/cp/493.html,data_raw/cn_official_legacy/round_04/processed/details/cp/493.json,17,ok
4,cp,494,,组合信息,data_raw/cn_official_legacy/round_04/raw/details/cp/494.html,data_raw/cn_official_legacy/round_04/processed/details/cp/494.json,17,ok
4,cp,495,,组合信息,data_raw/cn_official_legacy/round_04/raw/details/cp/495.html,data_raw/cn_official_legacy/round_04/processed/details/cp/495.json,17,ok
4,cp,496,,组合信息,data_raw/cn_official_legacy/round_04/raw/details/cp/496.html,data_raw/cn_official_legacy/round_04/processed/details/cp/496.json,15,ok
4,cp,497,,组合信息,data_raw/cn_official_legacy/round_04/raw/details/cp/497.html,data_raw/cn_official_legacy/round_04/processed/details/cp/497.json,16,ok
4,cp,498,,组合信息,data_raw/cn_official_legacy/round_04/raw/details/cp/498.html,data_raw/cn_official_legacy/round_04/processed/details/cp/498.json,17,ok
4,cp,499,,组合信息,data_raw/cn_official_legacy/round_04/raw/details/cp/499.html,data_raw/cn_official_legacy/round_04/processed/details/cp/499.json,17,ok
4,cp,500,,组合信息,data_raw/cn_official_legacy/round_04/raw/details/cp/500.html,data_raw/cn_official_legacy/round_04/processed/details/cp/500.json,17,ok
4,cp,501,,组合信息,data_raw/cn_official_legacy/round_04/raw/details/cp/501.html,data_raw/cn_official_legacy/round_04/processed/details/cp/501.json,16,ok
4,cp,502,,组合信息,data_raw/cn_official_legacy/round_04/raw/details/cp/502.html,data_raw/cn_official_legacy/round_04/processed/details/cp/502.json,17,ok
4,cp,503,,组合信息,data_raw/cn_official_legacy/round_04/raw/details/cp/503.html,data_raw/cn_official_legacy/round_04/processed/details/cp/503.json,16,ok
4,cp,504,,组合信息,data_raw/cn_official_legacy/round_04/raw/details/cp/504.html,data_raw/cn_official_legacy/round_04/processed/details/cp/504.json,16,ok
4,cp,505,,组合信息,data_raw/cn_official_legacy/round_04/raw/details/cp/505.html,data_raw/cn_official_legacy/round_04/processed/details/cp/505.json,16,ok
4,cp,506,,组合信息,data_raw/cn_official_legacy/round_04/raw/details/cp/506.html,data_raw/cn_official_legacy/round_04/processed/details/cp/506.json,16,ok
4,cp,507,,组合信息,data_raw/cn_official_legacy/round_04/raw/details/cp/507.html,data_raw/cn_official_legacy/round_04/processed/details/cp/507.json,17,ok
4,cp,508,,组合信息,data_raw/cn_official_legacy/round_04/raw/details/cp/508.html,data_raw/cn_official_legacy/round_04/processed/details/cp/508.json,16,ok
4,cp,509,,组合信息,data_raw/cn_official_legacy/round_04/raw/details/cp/509.html,data_raw/cn_official_legacy/round_04/processed/details/cp/509.json,17,ok
4,cp,510,,组合信息,data_raw/cn_official_legacy/round_04/raw/details/cp/510.html,data_raw/cn_official_legacy/round_04/processed/details/cp/510.json,17,ok
4,cp,511,,组合信息,data_raw/cn_official_legacy/round_04/raw/details/cp/511.html,data_raw/cn_official_legacy/round_04/processed/details/cp/511.json,16,ok
4,cp,512,,组合信息,data_raw/cn_official_legacy/round_04/raw/details/cp/512.html,data_raw/cn_official_legacy/round_04/processed/details/cp/512.json,17,ok
4,cp,513,,组合信息,data_raw/cn_official_legacy/round_04/raw/details/cp/513.html,data_raw/cn_official_legacy/round_04/processed/details/cp/513.json,17,ok
4,cp,514,,组合信息,data_raw/cn_official_legacy/round_04/raw/details/cp/514.html,data_raw/cn_official_legacy/round_04/processed/details/cp/514.json,17,ok
4,cp,515,,组合信息,data_raw/cn_official_legacy/round_04/raw/details/cp/515.html,data_raw/cn_official_legacy/round_04/processed/details/cp/515.json,17,ok
4,cp,516,,组合信息,data_raw/cn_official_legacy/round_04/raw/details/cp/516.html,data_raw/cn_official_legacy/round_04/processed/details/cp/516.json,17,ok
4,cp,517,,组合信息,data_raw/cn_official_legacy/round_04/raw/details/cp/517.html,data_raw/cn_official_legacy/round_04/processed/details/cp/517.json,16,ok
4,cp,518,,组合信息,data_raw/cn_official_legacy/round_04/raw/details/cp/518.html,data_raw/cn_official_legacy/round_04/processed/details/cp/518.json,16,ok
4,cp,519,,组合信息,data_raw/cn_official_legacy/round_04/raw/details/cp/519.html,data_raw/cn_official_legacy/round_04/processed/details/cp/519.json,16,ok
4,cp,520,,组合信息,data_raw/cn_official_legacy/round_04/raw/details/cp/520.html,data_raw/cn_official_legacy/round_04/processed/details/cp/520.json,16,ok
4,cp,521,,组合信息,data_raw/cn_official_legacy/round_04/raw/details/cp/521.html,data_raw/cn_official_legacy/round_04/processed/details/cp/521.json,16,ok
4,cp,522,,组合信息,data_raw/cn_official_legacy/round_04/raw/details/cp/522.html,data_raw/cn_official_legacy/round_04/processed/details/cp/522.json,16,ok
4,cp,523,,组合信息,data_raw/cn_official_legacy/round_04/raw/details/cp/523.html,data_raw/cn_official_legacy/round_04/processed/details/cp/523.json,16,ok
4,cp,524,,组合信息,data_raw/cn_official_legacy/round_04/raw/details/cp/524.html,data_raw/cn_official_legacy/round_04/processed/details/cp/524.json,16,ok
4,cp,525,,组合信息,data_raw/cn_official_legacy/round_04/raw/details/cp/525.html,data_raw/cn_official_legacy/round_04/processed/details/cp/525.json,17,ok
4,cp,526,,组合信息,data_raw/cn_official_legacy/round_04/raw/details/cp/526.html,data_raw/cn_official_legacy/round_04/processed/details/cp/526.json,17,ok
4,cp,527,,组合信息,data_raw/cn_official_legacy/round_04/raw/details/cp/527.html,data_raw/cn_official_legacy/round_04/processed/details/cp/527.json,16,ok
4,cp,528,,组合信息,data_raw/cn_official_legacy/round_04/raw/details/cp/528.html,data_raw/cn_official_legacy/round_04/processed/details/cp/528.json,17,ok
4,cp,529,,组合信息,data_raw/cn_official_legacy/round_04/raw/details/cp/529.html,data_raw/cn_official_legacy/round_04/processed/details/cp/529.json,17,ok
4,cp,530,,组合信息,data_raw/cn_official_legacy/round_04/raw/details/cp/530.html,data_raw/cn_official_legacy/round_04/processed/details/cp/530.json,17,ok
4,cp,531,,组合信息,data_raw/cn_official_legacy/round_04/raw/details/cp/531.html,data_raw/cn_official_legacy/round_04/processed/details/cp/531.json,16,ok
4,cp,532,,组合信息,data_raw/cn_official_legacy/round_04/raw/details/cp/532.html,data_raw/cn_official_legacy/round_04/processed/details/cp/532.json,17,ok
4,cp,533,,组合信息,data_raw/cn_official_legacy/round_04/raw/details/cp/533.html,data_raw/cn_official_legacy/round_04/processed/details/cp/533.json,17,ok
4,cp,534,,组合信息,data_raw/cn_official_legacy/round_04/raw/details/cp/534.html,data_raw/cn_official_legacy/round_04/processed/details/cp/534.json,17,ok
4,cp,535,,组合信息,data_raw/cn_official_legacy/round_04/raw/details/cp/535.html,data_raw/cn_official_legacy/round_04/processed/details/cp/535.json,17,ok
4,cp,536,,组合信息,data_raw/cn_official_legacy/round_04/raw/details/cp/536.html,data_raw/cn_official_legacy/round_04/processed/details/cp/536.json,16,ok
4,cp,537,,组合信息,data_raw/cn_official_legacy/round_04/raw/details/cp/537.html,data_raw/cn_official_legacy/round_04/processed/details/cp/537.json,17,ok
4,cp,538,,组合信息,data_raw/cn_official_legacy/round_04/raw/details/cp/538.html,data_raw/cn_official_legacy/round_04/processed/details/cp/538.json,16,ok
4,cp,539,,组合信息,data_raw/cn_official_legacy/round_04/raw/details/cp/539.html,data_raw/cn_official_legacy/round_04/processed/details/cp/539.json,17,ok
4,cp,540,,组合信息,data_raw/cn_official_legacy/round_04/raw/details/cp/540.html,data_raw/cn_official_legacy/round_04/processed/details/cp/540.json,17,ok
4,cp,541,,组合信息,data_raw/cn_official_legacy/round_04/raw/details/cp/541.html,data_raw/cn_official_legacy/round_04/processed/details/cp/541.json,17,ok
4,cp,542,,组合信息,data_raw/cn_official_legacy/round_04/raw/details/cp/542.html,data_raw/cn_official_legacy/round_04/processed/details/cp/542.json,16,ok
4,cp,543,,组合信息,data_raw/cn_official_legacy/round_04/raw/details/cp/543.html,data_raw/cn_official_legacy/round_04/processed/details/cp/543.json,16,ok
4,cp,544,,组合信息,data_raw/cn_official_legacy/round_04/raw/details/cp/544.html,data_raw/cn_official_legacy/round_04/processed/details/cp/544.json,16,ok
4,cp,545,,组合信息,data_raw/cn_official_legacy/round_04/raw/details/cp/545.html,data_raw/cn_official_legacy/round_04/processed/details/cp/545.json,16,ok
4,cp,546,,组合信息,data_raw/cn_official_legacy/round_04/raw/details/cp/546.html,data_raw/cn_official_legacy/round_04/processed/details/cp/546.json,17,ok
4,cp,547,,组合信息,data_raw/cn_official_legacy/round_04/raw/details/cp/547.html,data_raw/cn_official_legacy/round_04/processed/details/cp/547.json,17,ok
4,cp,548,,组合信息,data_raw/cn_official_legacy/round_04/raw/details/cp/548.html,data_raw/cn_official_legacy/round_04/processed/details/cp/548.json,17,ok
4,cp,549,,组合信息,data_raw/cn_official_legacy/round_04/raw/details/cp/549.html,data_raw/cn_official_legacy/round_04/processed/details/cp/549.json,17,ok
4,cp,550,,组合信息,data_raw/cn_official_legacy/round_04/raw/details/cp/550.html,data_raw/cn_official_legacy/round_04/processed/details/cp/550.json,17,ok
4,cp,551,,组合信息,data_raw/cn_official_legacy/round_04/raw/details/cp/551.html,data_raw/cn_official_legacy/round_04/processed/details/cp/551.json,17,ok
4,cp,552,,组合信息,data_raw/cn_official_legacy/round_04/raw/details/cp/552.html,data_raw/cn_official_legacy/round_04/processed/details/cp/552.json,16,ok
4,cp,553,,组合信息,data_raw/cn_official_legacy/round_04/raw/details/cp/553.html,data_raw/cn_official_legacy/round_04/processed/details/cp/553.json,17,ok
4,cp,554,,组合信息,data_raw/cn_official_legacy/round_04/raw/details/cp/554.html,data_raw/cn_official_legacy/round_04/processed/details/cp/554.json,17,ok
4,cp,555,,组合信息,data_raw/cn_official_legacy/round_04/raw/details/cp/555.html,data_raw/cn_official_legacy/round_04/processed/details/cp/555.json,15,ok
4,cp,556,,组合信息,data_raw/cn_official_legacy/round_04/raw/details/cp/556.html,data_raw/cn_official_legacy/round_04/processed/details/cp/556.json,16,ok
4,cp,557,,组合信息,data_raw/cn_official_legacy/round_04/raw/details/cp/557.html,data_raw/cn_official_legacy/round_04/processed/details/cp/557.json,16,ok
4,cp,558,,组合信息,data_raw/cn_official_legacy/round_04/raw/details/cp/558.html,data_raw/cn_official_legacy/round_04/processed/details/cp/558.json,15,ok
4,cp,559,,组合信息,data_raw/cn_official_legacy/round_04/raw/details/cp/559.html,data_raw/cn_official_legacy/round_04/processed/details/cp/559.json,17,ok
4,cp,560,,组合信息,data_raw/cn_official_legacy/round_04/raw/details/cp/560.html,data_raw/cn_official_legacy/round_04/processed/details/cp/560.json,17,ok
4,cp,561,,组合信息,data_raw/cn_official_legacy/round_04/raw/details/cp/561.html,data_raw/cn_official_legacy/round_04/processed/details/cp/561.json,16,ok
4,cp,562,,组合信息,data_raw/cn_official_legacy/round_04/raw/details/cp/562.html,data_raw/cn_official_legacy/round_04/processed/details/cp/562.json,17,ok
4,cp,563,,组合信息,data_raw/cn_official_legacy/round_04/raw/details/cp/563.html,data_raw/cn_official_legacy/round_04/processed/details/cp/563.json,17,ok
4,cp,564,,组合信息,data_raw/cn_official_legacy/round_04/raw/details/cp/564.html,data_raw/cn_official_legacy/round_04/processed/details/cp/564.json,17,ok
4,cp,565,,组合信息,data_raw/cn_official_legacy/round_04/raw/details/cp/565.html,data_raw/cn_official_legacy/round_04/processed/details/cp/565.json,17,ok
4,cp,566,,组合信息,data_raw/cn_official_legacy/round_04/raw/details/cp/566.html,data_raw/cn_official_legacy/round_04/processed/details/cp/566.json,16,ok
4,cp,567,,组合信息,data_raw/cn_official_legacy/round_04/raw/details/cp/567.html,data_raw/cn_official_legacy/round_04/processed/details/cp/567.json,16,ok
4,cp,568,,组合信息,data_raw/cn_official_legacy/round_04/raw/details/cp/568.html,data_raw/cn_official_legacy/round_04/processed/details/cp/568.json,16,ok
4,cp,569,,组合信息,data_raw/cn_official_legacy/round_04/raw/details/cp/569.html,data_raw/cn_official_legacy/round_04/processed/details/cp/569.json,17,ok
4,cp,570,,组合信息,data_raw/cn_official_legacy/round_04/raw/details/cp/570.html,data_raw/cn_official_legacy/round_04/processed/details/cp/570.json,17,ok
4,cp,571,,组合信息,data_raw/cn_official_legacy/round_04/raw/details/cp/571.html,data_raw/cn_official_legacy/round_04/processed/details/cp/571.json,17,ok
4,cp,572,,组合信息,data_raw/cn_official_legacy/round_04/raw/details/cp/572.html,data_raw/cn_official_legacy/round_04/processed/details/cp/572.json,17,ok
4,cp,573,,组合信息,data_raw/cn_official_legacy/round_04/raw/details/cp/573.html,data_raw/cn_official_legacy/round_04/processed/details/cp/573.json,16,ok
4,cp,574,,组合信息,data_raw/cn_official_legacy/round_04/raw/details/cp/574.html,data_raw/cn_official_legacy/round_04/processed/details/cp/574.json,16,ok
4,cp,575,,组合信息,data_raw/cn_official_legacy/round_04/raw/details/cp/575.html,data_raw/cn_official_legacy/round_04/processed/details/cp/575.json,17,ok
4,cp,576,,组合信息,data_raw/cn_official_legacy/round_04/raw/details/cp/576.html,data_raw/cn_official_legacy/round_04/processed/details/cp/576.json,16,ok
4,cp,577,,组合信息,data_raw/cn_official_legacy/round_04/raw/details/cp/577.html,data_raw/cn_official_legacy/round_04/processed/details/cp/577.json,17,ok
4,cp,578,,组合信息,data_raw/cn_official_legacy/round_04/raw/details/cp/578.html,data_raw/cn_official_legacy/round_04/processed/details/cp/578.json,17,ok
4,cp,579,,组合信息,data_raw/cn_official_legacy/round_04/raw/details/cp/579.html,data_raw/cn_official_legacy/round_04/processed/details/cp/579.json,16,ok
4,cp,580,,组合信息,data_raw/cn_official_legacy/round_04/raw/details/cp/580.html,data_raw/cn_official_legacy/round_04/processed/details/cp/580.json,16,ok
4,cp,581,,组合信息,data_raw/cn_official_legacy/round_04/raw/details/cp/581.html,data_raw/cn_official_legacy/round_04/processed/details/cp/581.json,17,ok
4,cp,582,,组合信息,data_raw/cn_official_legacy/round_04/raw/details/cp/582.html,data_raw/cn_official_legacy/round_04/processed/details/cp/582.json,16,ok
4,cp,583,,组合信息,data_raw/cn_official_legacy/round_04/raw/details/cp/583.html,data_raw/cn_official_legacy/round_04/processed/details/cp/583.json,16,ok
4,cp,584,,组合信息,data_raw/cn_official_legacy/round_04/raw/details/cp/584.html,data_raw/cn_official_legacy/round_04/processed/details/cp/584.json,17,ok
4,cp,585,,组合信息,data_raw/cn_official_legacy/round_04/raw/details/cp/585.html,data_raw/cn_official_legacy/round_04/processed/details/cp/585.json,16,ok
4,cp,586,,组合信息,data_raw/cn_official_legacy/round_04/raw/details/cp/586.html,data_raw/cn_official_legacy/round_04/processed/details/cp/586.json,17,ok
4,cp,587,,组合信息,data_raw/cn_official_legacy/round_04/raw/details/cp/587.html,data_raw/cn_official_legacy/round_04/processed/details/cp/587.json,17,ok
4,cp,588,,组合信息,data_raw/cn_official_legacy/round_04/raw/details/cp/588.html,data_raw/cn_official_legacy/round_04/processed/details/cp/588.json,16,ok
4,cp,589,,组合信息,data_raw/cn_official_legacy/round_04/raw/details/cp/589.html,data_raw/cn_official_legacy/round_04/processed/details/cp/589.json,17,ok
4,cp,590,,组合信息,data_raw/cn_official_legacy/round_04/raw/details/cp/590.html,data_raw/cn_official_legacy/round_04/processed/details/cp/590.json,17,ok
4,cp,591,,组合信息,data_raw/cn_official_legacy/round_04/raw/details/cp/591.html,data_raw/cn_official_legacy/round_04/processed/details/cp/591.json,16,ok
4,cp,592,,组合信息,data_raw/cn_official_legacy/round_04/raw/details/cp/592.html,data_raw/cn_official_legacy/round_04/processed/details/cp/592.json,17,ok
4,cp,593,,组合信息,data_raw/cn_official_legacy/round_04/raw/details/cp/593.html,data_raw/cn_official_legacy/round_04/processed/details/cp/593.json,17,ok
4,cp,594,,组合信息,data_raw/cn_official_legacy/round_04/raw/details/cp/594.html,data_raw/cn_official_legacy/round_04/processed/details/cp/594.json,17,ok
4,cp,595,,组合信息,data_raw/cn_official_legacy/round_04/raw/details/cp/595.html,data_raw/cn_official_legacy/round_04/processed/details/cp/595.json,17,ok
4,cp,596,,组合信息,data_raw/cn_official_legacy/round_04/raw/details/cp/596.html,data_raw/cn_official_legacy/round_04/processed/details/cp/596.json,16,ok
4,cp,597,,组合信息,data_raw/cn_official_legacy/round_04/raw/details/cp/597.html,data_raw/cn_official_legacy/round_04/processed/details/cp/597.json,16,ok
4,cp,598,,组合信息,data_raw/cn_official_legacy/round_04/raw/details/cp/598.html,data_raw/cn_official_legacy/round_04/processed/details/cp/598.json,17,ok
4,cp,599,,组合信息,data_raw/cn_official_legacy/round_04/raw/details/cp/599.html,data_raw/cn_official_legacy/round_04/processed/details/cp/599.json,16,ok
4,cp,600,,组合信息,data_raw/cn_official_legacy/round_04/raw/details/cp/600.html,data_raw/cn_official_legacy/round_04/processed/details/cp/600.json,17,ok
4,cp,601,,组合信息,data_raw/cn_official_legacy/round_04/raw/details/cp/601.html,data_raw/cn_official_legacy/round_04/processed/details/cp/601.json,17,ok
4,cp,602,,组合信息,data_raw/cn_official_legacy/round_04/raw/details/cp/602.html,data_raw/cn_official_legacy/round_04/processed/details/cp/602.json,15,ok
4,cp,603,,组合信息,data_raw/cn_official_legacy/round_04/raw/details/cp/603.html,data_raw/cn_official_legacy/round_04/processed/details/cp/603.json,16,ok
4,cp,604,,组合信息,data_raw/cn_official_legacy/round_04/raw/details/cp/604.html,data_raw/cn_official_legacy/round_04/processed/details/cp/604.json,16,ok
4,cp,605,,组合信息,data_raw/cn_official_legacy/round_04/raw/details/cp/605.html,data_raw/cn_official_legacy/round_04/processed/details/cp/605.json,17,ok
4,cp,606,,组合信息,data_raw/cn_official_legacy/round_04/raw/details/cp/606.html,data_raw/cn_official_legacy/round_04/processed/details/cp/606.json,17,ok
4,cp,607,,组合信息,data_raw/cn_official_legacy/round_04/raw/details/cp/607.html,data_raw/cn_official_legacy/round_04/processed/details/cp/607.json,15,ok
4,cp,608,,组合信息,data_raw/cn_official_legacy/round_04/raw/details/cp/608.html,data_raw/cn_official_legacy/round_04/processed/details/cp/608.json,16,ok
4,cp,609,,组合信息,data_raw/cn_official_legacy/round_04/raw/details/cp/609.html,data_raw/cn_official_legacy/round_04/processed/details/cp/609.json,16,ok
4,cp,610,,组合信息,data_raw/cn_official_legacy/round_04/raw/details/cp/610.html,data_raw/cn_official_legacy/round_04/processed/details/cp/610.json,16,ok
4,cp,611,,组合信息,data_raw/cn_official_legacy/round_04/raw/details/cp/611.html,data_raw/cn_official_legacy/round_04/processed/details/cp/611.json,17,ok
4,cp,612,,组合信息,data_raw/cn_official_legacy/round_04/raw/details/cp/612.html,data_raw/cn_official_legacy/round_04/processed/details/cp/612.json,17,ok
4,cp,613,,组合信息,data_raw/cn_official_legacy/round_04/raw/details/cp/613.html,data_raw/cn_official_legacy/round_04/processed/details/cp/613.json,15,ok
4,cp,614,,组合信息,data_raw/cn_official_legacy/round_04/raw/details/cp/614.html,data_raw/cn_official_legacy/round_04/processed/details/cp/614.json,17,ok
4,cp,615,,组合信息,data_raw/cn_official_legacy/round_04/raw/details/cp/615.html,data_raw/cn_official_legacy/round_04/processed/details/cp/615.json,17,ok
4,cp,616,,组合信息,data_raw/cn_official_legacy/round_04/raw/details/cp/616.html,data_raw/cn_official_legacy/round_04/processed/details/cp/616.json,15,ok
4,cp,617,,组合信息,data_raw/cn_official_legacy/round_04/raw/details/cp/617.html,data_raw/cn_official_legacy/round_04/processed/details/cp/617.json,16,ok
4,cp,618,,组合信息,data_raw/cn_official_legacy/round_04/raw/details/cp/618.html,data_raw/cn_official_legacy/round_04/processed/details/cp/618.json,17,ok
4,cp,619,,组合信息,data_raw/cn_official_legacy/round_04/raw/details/cp/619.html,data_raw/cn_official_legacy/round_04/processed/details/cp/619.json,16,ok
4,cp,620,,组合信息,data_raw/cn_official_legacy/round_04/raw/details/cp/620.html,data_raw/cn_official_legacy/round_04/processed/details/cp/620.json,16,ok
4,cp,621,,组合信息,data_raw/cn_official_legacy/round_04/raw/details/cp/621.html,data_raw/cn_official_legacy/round_04/processed/details/cp/621.json,16,ok
4,cp,622,,组合信息,data_raw/cn_official_legacy/round_04/raw/details/cp/622.html,data_raw/cn_official_legacy/round_04/processed/details/cp/622.json,16,ok
4,cp,623,,组合信息,data_raw/cn_official_legacy/round_04/raw/details/cp/623.html,data_raw/cn_official_legacy/round_04/processed/details/cp/623.json,17,ok
4,cp,624,,组合信息,data_raw/cn_official_legacy/round_04/raw/details/cp/624.html,data_raw/cn_official_legacy/round_04/processed/details/cp/624.json,16,ok
4,cp,625,,组合信息,data_raw/cn_official_legacy/round_04/raw/details/cp/625.html,data_raw/cn_official_legacy/round_04/processed/details/cp/625.json,16,ok
4,cp,626,,组合信息,data_raw/cn_official_legacy/round_04/raw/details/cp/626.html,data_raw/cn_official_legacy/round_04/processed/details/cp/626.json,16,ok
4,cp,627,,组合信息,data_raw/cn_official_legacy/round_04/raw/details/cp/627.html,data_raw/cn_official_legacy/round_04/processed/details/cp/627.json,17,ok
4,cp,628,,组合信息,data_raw/cn_official_legacy/round_04/raw/details/cp/628.html,data_raw/cn_official_legacy/round_04/processed/details/cp/628.json,17,ok
4,cp,629,,组合信息,data_raw/cn_official_legacy/round_04/raw/details/cp/629.html,data_raw/cn_official_legacy/round_04/processed/details/cp/629.json,17,ok
4,cp,630,,组合信息,data_raw/cn_official_legacy/round_04/raw/details/cp/630.html,data_raw/cn_official_legacy/round_04/processed/details/cp/630.json,17,ok
4,cp,631,,组合信息,data_raw/cn_official_legacy/round_04/raw/details/cp/631.html,data_raw/cn_official_legacy/round_04/processed/details/cp/631.json,17,ok
4,cp,632,,组合信息,data_raw/cn_official_legacy/round_04/raw/details/cp/632.html,data_raw/cn_official_legacy/round_04/processed/details/cp/632.json,17,ok
4,cp,633,,组合信息,data_raw/cn_official_legacy/round_04/raw/details/cp/633.html,data_raw/cn_official_legacy/round_04/processed/details/cp/633.json,16,ok
4,cp,634,,组合信息,data_raw/cn_official_legacy/round_04/raw/details/cp/634.html,data_raw/cn_official_legacy/round_04/processed/details/cp/634.json,17,ok
4,cp,635,,组合信息,data_raw/cn_official_legacy/round_04/raw/details/cp/635.html,data_raw/cn_official_legacy/round_04/processed/details/cp/635.json,16,ok
4,cp,636,,组合信息,data_raw/cn_official_legacy/round_04/raw/details/cp/636.html,data_raw/cn_official_legacy/round_04/processed/details/cp/636.json,17,ok
4,cp,637,,组合信息,data_raw/cn_official_legacy/round_04/raw/details/cp/637.html,data_raw/cn_official_legacy/round_04/processed/details/cp/637.json,17,ok
4,cp,638,,组合信息,data_raw/cn_official_legacy/round_04/raw/details/cp/638.html,data_raw/cn_official_legacy/round_04/processed/details/cp/638.json,17,ok
4,cp,639,,组合信息,data_raw/cn_official_legacy/round_04/raw/details/cp/639.html,data_raw/cn_official_legacy/round_04/processed/details/cp/639.json,16,ok
4,cp,640,,组合信息,data_raw/cn_official_legacy/round_04/raw/details/cp/640.html,data_raw/cn_official_legacy/round_04/processed/details/cp/640.json,17,ok
4,cp,641,,组合信息,data_raw/cn_official_legacy/round_04/raw/details/cp/641.html,data_raw/cn_official_legacy/round_04/processed/details/cp/641.json,17,ok
4,cp,642,,组合信息,data_raw/cn_official_legacy/round_04/raw/details/cp/642.html,data_raw/cn_official_legacy/round_04/processed/details/cp/642.json,16,ok
4,cp,643,,组合信息,data_raw/cn_official_legacy/round_04/raw/details/cp/643.html,data_raw/cn_official_legacy/round_04/processed/details/cp/643.json,16,ok
4,cp,644,,组合信息,data_raw/cn_official_legacy/round_04/raw/details/cp/644.html,data_raw/cn_official_legacy/round_04/processed/details/cp/644.json,17,ok
4,cp,645,,组合信息,data_raw/cn_official_legacy/round_04/raw/details/cp/645.html,data_raw/cn_official_legacy/round_04/processed/details/cp/645.json,15,ok
4,cp,646,,组合信息,data_raw/cn_official_legacy/round_04/raw/details/cp/646.html,data_raw/cn_official_legacy/round_04/processed/details/cp/646.json,17,ok
4,cp,647,,组合信息,data_raw/cn_official_legacy/round_04/raw/details/cp/647.html,data_raw/cn_official_legacy/round_04/processed/details/cp/647.json,15,ok
4,cp,648,,组合信息,data_raw/cn_official_legacy/round_04/raw/details/cp/648.html,data_raw/cn_official_legacy/round_04/processed/details/cp/648.json,17,ok
4,cp,649,,组合信息,data_raw/cn_official_legacy/round_04/raw/details/cp/649.html,data_raw/cn_official_legacy/round_04/processed/details/cp/649.json,17,ok
4,cp,650,,组合信息,data_raw/cn_official_legacy/round_04/raw/details/cp/650.html,data_raw/cn_official_legacy/round_04/processed/details/cp/650.json,17,ok
4,cp,651,,组合信息,data_raw/cn_official_legacy/round_04/raw/details/cp/651.html,data_raw/cn_official_legacy/round_04/processed/details/cp/651.json,17,ok
4,cp,652,,组合信息,data_raw/cn_official_legacy/round_04/raw/details/cp/652.html,data_raw/cn_official_legacy/round_04/processed/details/cp/652.json,17,ok
4,cp,653,,组合信息,data_raw/cn_official_legacy/round_04/raw/details/cp/653.html,data_raw/cn_official_legacy/round_04/processed/details/cp/653.json,17,ok
4,cp,654,,组合信息,data_raw/cn_official_legacy/round_04/raw/details/cp/654.html,data_raw/cn_official_legacy/round_04/processed/details/cp/654.json,17,ok
4,cp,655,,组合信息,data_raw/cn_official_legacy/round_04/raw/details/cp/655.html,data_raw/cn_official_legacy/round_04/processed/details/cp/655.json,16,ok
4,cp,656,,组合信息,data_raw/cn_official_legacy/round_04/raw/details/cp/656.html,data_raw/cn_official_legacy/round_04/processed/details/cp/656.json,17,ok
4,cp,657,,组合信息,data_raw/cn_official_legacy/round_04/raw/details/cp/657.html,data_raw/cn_official_legacy/round_04/processed/details/cp/657.json,16,ok
4,cp,658,,组合信息,data_raw/cn_official_legacy/round_04/raw/details/cp/658.html,data_raw/cn_official_legacy/round_04/processed/details/cp/658.json,16,ok
4,cp,659,,组合信息,data_raw/cn_official_legacy/round_04/raw/details/cp/659.html,data_raw/cn_official_legacy/round_04/processed/details/cp/659.json,17,ok
4,cp,660,,组合信息,data_raw/cn_official_legacy/round_04/raw/details/cp/660.html,data_raw/cn_official_legacy/round_04/processed/details/cp/660.json,17,ok
4,cp,661,,组合信息,data_raw/cn_official_legacy/round_04/raw/details/cp/661.html,data_raw/cn_official_legacy/round_04/processed/details/cp/661.json,17,ok
4,cp,662,,组合信息,data_raw/cn_official_legacy/round_04/raw/details/cp/662.html,data_raw/cn_official_legacy/round_04/processed/details/cp/662.json,17,ok
4,cp,663,,组合信息,data_raw/cn_official_legacy/round_04/raw/details/cp/663.html,data_raw/cn_official_legacy/round_04/processed/details/cp/663.json,17,ok
4,cp,664,,组合信息,data_raw/cn_official_legacy/round_04/raw/details/cp/664.html,data_raw/cn_official_legacy/round_04/processed/details/cp/664.json,17,ok
4,cp,665,,组合信息,data_raw/cn_official_legacy/round_04/raw/details/cp/665.html,data_raw/cn_official_legacy/round_04/processed/details/cp/665.json,17,ok
4,cp,666,,组合信息,data_raw/cn_official_legacy/round_04/raw/details/cp/666.html,data_raw/cn_official_legacy/round_04/processed/details/cp/666.json,17,ok
4,cp,667,,组合信息,data_raw/cn_official_legacy/round_04/raw/details/cp/667.html,data_raw/cn_official_legacy/round_04/processed/details/cp/667.json,17,ok
4,cp,668,,组合信息,data_raw/cn_official_legacy/round_04/raw/details/cp/668.html,data_raw/cn_official_legacy/round_04/processed/details/cp/668.json,16,ok
4,cp,669,,组合信息,data_raw/cn_official_legacy/round_04/raw/details/cp/669.html,data_raw/cn_official_legacy/round_04/processed/details/cp/669.json,17,ok
4,cp,670,,组合信息,data_raw/cn_official_legacy/round_04/raw/details/cp/670.html,data_raw/cn_official_legacy/round_04/processed/details/cp/670.json,16,ok
4,cp,671,,组合信息,data_raw/cn_official_legacy/round_04/raw/details/cp/671.html,data_raw/cn_official_legacy/round_04/processed/details/cp/671.json,17,ok
4,cp,672,,组合信息,data_raw/cn_official_legacy/round_04/raw/details/cp/672.html,data_raw/cn_official_legacy/round_04/processed/details/cp/672.json,16,ok
4,cp,673,,组合信息,data_raw/cn_official_legacy/round_04/raw/details/cp/673.html,data_raw/cn_official_legacy/round_04/processed/details/cp/673.json,17,ok
4,cp,674,,组合信息,data_raw/cn_official_legacy/round_04/raw/details/cp/674.html,data_raw/cn_official_legacy/round_04/processed/details/cp/674.json,17,ok
4,cp,675,,组合信息,data_raw/cn_official_legacy/round_04/raw/details/cp/675.html,data_raw/cn_official_legacy/round_04/processed/details/cp/675.json,17,ok
4,cp,676,,组合信息,data_raw/cn_official_legacy/round_04/raw/details/cp/676.html,data_raw/cn_official_legacy/round_04/processed/details/cp/676.json,17,ok
4,cp,677,,组合信息,data_raw/cn_official_legacy/round_04/raw/details/cp/677.html,data_raw/cn_official_legacy/round_04/processed/details/cp/677.json,17,ok
4,cp,678,,组合信息,data_raw/cn_official_legacy/round_04/raw/details/cp/678.html,data_raw/cn_official_legacy/round_04/processed/details/cp/678.json,16,ok
4,cp,679,,组合信息,data_raw/cn_official_legacy/round_04/raw/details/cp/679.html,data_raw/cn_official_legacy/round_04/processed/details/cp/679.json,16,ok
4,cp,680,,组合信息,data_raw/cn_official_legacy/round_04/raw/details/cp/680.html,data_raw/cn_official_legacy/round_04/processed/details/cp/680.json,17,ok
4,cp,681,,组合信息,data_raw/cn_official_legacy/round_04/raw/details/cp/681.html,data_raw/cn_official_legacy/round_04/processed/details/cp/681.json,17,ok
4,cp,682,,组合信息,data_raw/cn_official_legacy/round_04/raw/details/cp/682.html,data_raw/cn_official_legacy/round_04/processed/details/cp/682.json,17,ok
4,cp,683,,组合信息,data_raw/cn_official_legacy/round_04/raw/details/cp/683.html,data_raw/cn_official_legacy/round_04/processed/details/cp/683.json,16,ok
4,cp,684,,组合信息,data_raw/cn_official_legacy/round_04/raw/details/cp/684.html,data_raw/cn_official_legacy/round_04/processed/details/cp/684.json,17,ok
4,cp,685,,组合信息,data_raw/cn_official_legacy/round_04/raw/details/cp/685.html,data_raw/cn_official_legacy/round_04/processed/details/cp/685.json,16,ok
4,cp,686,,组合信息,data_raw/cn_official_legacy/round_04/raw/details/cp/686.html,data_raw/cn_official_legacy/round_04/processed/details/cp/686.json,17,ok
4,cp,687,,组合信息,data_raw/cn_official_legacy/round_04/raw/details/cp/687.html,data_raw/cn_official_legacy/round_04/processed/details/cp/687.json,17,ok
4,cp,688,,组合信息,data_raw/cn_official_legacy/round_04/raw/details/cp/688.html,data_raw/cn_official_legacy/round_04/processed/details/cp/688.json,17,ok
4,cp,689,,组合信息,data_raw/cn_official_legacy/round_04/raw/details/cp/689.html,data_raw/cn_official_legacy/round_04/processed/details/cp/689.json,17,ok
4,cp,690,,组合信息,data_raw/cn_official_legacy/round_04/raw/details/cp/690.html,data_raw/cn_official_legacy/round_04/processed/details/cp/690.json,16,ok
4,cp,691,,组合信息,data_raw/cn_official_legacy/round_04/raw/details/cp/691.html,data_raw/cn_official_legacy/round_04/processed/details/cp/691.json,17,ok
4,cp,692,,组合信息,data_raw/cn_official_legacy/round_04/raw/details/cp/692.html,data_raw/cn_official_legacy/round_04/processed/details/cp/692.json,16,ok
4,cp,693,,组合信息,data_raw/cn_official_legacy/round_04/raw/details/cp/693.html,data_raw/cn_official_legacy/round_04/processed/details/cp/693.json,17,ok
4,cp,694,,组合信息,data_raw/cn_official_legacy/round_04/raw/details/cp/694.html,data_raw/cn_official_legacy/round_04/processed/details/cp/694.json,16,ok
4,cp,695,,组合信息,data_raw/cn_official_legacy/round_04/raw/details/cp/695.html,data_raw/cn_official_legacy/round_04/processed/details/cp/695.json,16,ok
4,cp,696,,组合信息,data_raw/cn_official_legacy/round_04/raw/details/cp/696.html,data_raw/cn_official_legacy/round_04/processed/details/cp/696.json,17,ok
4,cp,697,,组合信息,data_raw/cn_official_legacy/round_04/raw/details/cp/697.html,data_raw/cn_official_legacy/round_04/processed/details/cp/697.json,16,ok
4,cp,698,,组合信息,data_raw/cn_official_legacy/round_04/raw/details/cp/698.html,data_raw/cn_official_legacy/round_04/processed/details/cp/698.json,15,ok
4,cp,699,,组合信息,data_raw/cn_official_legacy/round_04/raw/details/cp/699.html,data_raw/cn_official_legacy/round_04/processed/details/cp/699.json,16,ok
4,cp,700,,组合信息,data_raw/cn_official_legacy/round_04/raw/details/cp/700.html,data_raw/cn_official_legacy/round_04/processed/details/cp/700.json,16,ok
4,cp,701,,组合信息,data_raw/cn_official_legacy/round_04/raw/details/cp/701.html,data_raw/cn_official_legacy/round_04/processed/details/cp/701.json,16,ok
4,cp,702,,组合信息,data_raw/cn_official_legacy/round_04/raw/details/cp/702.html,data_raw/cn_official_legacy/round_04/processed/details/cp/702.json,16,ok
4,cp,703,,组合信息,data_raw/cn_official_legacy/round_04/raw/details/cp/703.html,data_raw/cn_official_legacy/round_04/processed/details/cp/703.json,17,ok
4,cp,704,,组合信息,data_raw/cn_official_legacy/round_04/raw/details/cp/704.html,data_raw/cn_official_legacy/round_04/processed/details/cp/704.json,17,ok
4,cp,705,,组合信息,data_raw/cn_official_legacy/round_04/raw/details/cp/705.html,data_raw/cn_official_legacy/round_04/processed/details/cp/705.json,16,ok
4,cp,706,,组合信息,data_raw/cn_official_legacy/round_04/raw/details/cp/706.html,data_raw/cn_official_legacy/round_04/processed/details/cp/706.json,17,ok
4,cp,707,,组合信息,data_raw/cn_official_legacy/round_04/raw/details/cp/707.html,data_raw/cn_official_legacy/round_04/processed/details/cp/707.json,17,ok
4,cp,708,,组合信息,data_raw/cn_official_legacy/round_04/raw/details/cp/708.html,data_raw/cn_official_legacy/round_04/processed/details/cp/708.json,17,ok
4,cp,709,,组合信息,data_raw/cn_official_legacy/round_04/raw/details/cp/709.html,data_raw/cn_official_legacy/round_04/processed/details/cp/709.json,17,ok
4,cp,710,,组合信息,data_raw/cn_official_legacy/round_04/raw/details/cp/710.html,data_raw/cn_official_legacy/round_04/processed/details/cp/710.json,17,ok
4,cp,711,,组合信息,data_raw/cn_official_legacy/round_04/raw/details/cp/711.html,data_raw/cn_official_legacy/round_04/processed/details/cp/711.json,16,ok
4,cp,712,,组合信息,data_raw/cn_official_legacy/round_04/raw/details/cp/712.html,data_raw/cn_official_legacy/round_04/processed/details/cp/712.json,16,ok
4,cp,713,,组合信息,data_raw/cn_official_legacy/round_04/raw/details/cp/713.html,data_raw/cn_official_legacy/round_04/processed/details/cp/713.json,17,ok
4,cp,714,,组合信息,data_raw/cn_official_legacy/round_04/raw/details/cp/714.html,data_raw/cn_official_legacy/round_04/processed/details/cp/714.json,15,ok
4,cp,715,,组合信息,data_raw/cn_official_legacy/round_04/raw/details/cp/715.html,data_raw/cn_official_legacy/round_04/processed/details/cp/715.json,16,ok
4,cp,716,,组合信息,data_raw/cn_official_legacy/round_04/raw/details/cp/716.html,data_raw/cn_official_legacy/round_04/processed/details/cp/716.json,17,ok
4,cp,717,,组合信息,data_raw/cn_official_legacy/round_04/raw/details/cp/717.html,data_raw/cn_official_legacy/round_04/processed/details/cp/717.json,16,ok
4,cp,718,,组合信息,data_raw/cn_official_legacy/round_04/raw/details/cp/718.html,data_raw/cn_official_legacy/round_04/processed/details/cp/718.json,16,ok
4,cp,719,,组合信息,data_raw/cn_official_legacy/round_04/raw/details/cp/719.html,data_raw/cn_official_legacy/round_04/processed/details/cp/719.json,16,ok
4,cp,720,,组合信息,data_raw/cn_official_legacy/round_04/raw/details/cp/720.html,data_raw/cn_official_legacy/round_04/processed/details/cp/720.json,17,ok
4,cp,721,,组合信息,data_raw/cn_official_legacy/round_04/raw/details/cp/721.html,data_raw/cn_official_legacy/round_04/processed/details/cp/721.json,16,ok
4,cp,722,,组合信息,data_raw/cn_official_legacy/round_04/raw/details/cp/722.html,data_raw/cn_official_legacy/round_04/processed/details/cp/722.json,16,ok
4,cp,723,,组合信息,data_raw/cn_official_legacy/round_04/raw/details/cp/723.html,data_raw/cn_official_legacy/round_04/processed/details/cp/723.json,15,ok
4,cp,724,,组合信息,data_raw/cn_official_legacy/round_04/raw/details/cp/724.html,data_raw/cn_official_legacy/round_04/processed/details/cp/724.json,17,ok
4,cp,725,,组合信息,data_raw/cn_official_legacy/round_04/raw/details/cp/725.html,data_raw/cn_official_legacy/round_04/processed/details/cp/725.json,17,ok
4,cp,726,,组合信息,data_raw/cn_official_legacy/round_04/raw/details/cp/726.html,data_raw/cn_official_legacy/round_04/processed/details/cp/726.json,16,ok
4,cp,727,,组合信息,data_raw/cn_official_legacy/round_04/raw/details/cp/727.html,data_raw/cn_official_legacy/round_04/processed/details/cp/727.json,15,ok
4,cp,728,,组合信息,data_raw/cn_official_legacy/round_04/raw/details/cp/728.html,data_raw/cn_official_legacy/round_04/processed/details/cp/728.json,15,ok
4,cp,729,,组合信息,data_raw/cn_official_legacy/round_04/raw/details/cp/729.html,data_raw/cn_official_legacy/round_04/processed/details/cp/729.json,16,ok
4,cp,730,,组合信息,data_raw/cn_official_legacy/round_04/raw/details/cp/730.html,data_raw/cn_official_legacy/round_04/processed/details/cp/730.json,15,ok
4,cp,731,,组合信息,data_raw/cn_official_legacy/round_04/raw/details/cp/731.html,data_raw/cn_official_legacy/round_04/processed/details/cp/731.json,16,ok
4,cp,732,,组合信息,data_raw/cn_official_legacy/round_04/raw/details/cp/732.html,data_raw/cn_official_legacy/round_04/processed/details/cp/732.json,16,ok
4,cp,733,,组合信息,data_raw/cn_official_legacy/round_04/raw/details/cp/733.html,data_raw/cn_official_legacy/round_04/processed/details/cp/733.json,16,ok
4,cp,734,,组合信息,data_raw/cn_official_legacy/round_04/raw/details/cp/734.html,data_raw/cn_official_legacy/round_04/processed/details/cp/734.json,15,ok
4,cp,735,,组合信息,data_raw/cn_official_legacy/round_04/raw/details/cp/735.html,data_raw/cn_official_legacy/round_04/processed/details/cp/735.json,17,ok
4,cp,736,,组合信息,data_raw/cn_official_legacy/round_04/raw/details/cp/736.html,data_raw/cn_official_legacy/round_04/processed/details/cp/736.json,17,ok
4,cp,737,,组合信息,data_raw/cn_official_legacy/round_04/raw/details/cp/737.html,data_raw/cn_official_legacy/round_04/processed/details/cp/737.json,17,ok
4,cp,738,,组合信息,data_raw/cn_official_legacy/round_04/raw/details/cp/738.html,data_raw/cn_official_legacy/round_04/processed/details/cp/738.json,17,ok
4,cp,739,,组合信息,data_raw/cn_official_legacy/round_04/raw/details/cp/739.html,data_raw/cn_official_legacy/round_04/processed/details/cp/739.json,17,ok
4,cp,740,,组合信息,data_raw/cn_official_legacy/round_04/raw/details/cp/740.html,data_raw/cn_official_legacy/round_04/processed/details/cp/740.json,17,ok
4,cp,741,,组合信息,data_raw/cn_official_legacy/round_04/raw/details/cp/741.html,data_raw/cn_official_legacy/round_04/processed/details/cp/741.json,17,ok
4,cp,742,,组合信息,data_raw/cn_official_legacy/round_04/raw/details/cp/742.html,data_raw/cn_official_legacy/round_04/processed/details/cp/742.json,17,ok
4,cp,743,,组合信息,data_raw/cn_official_legacy/round_04/raw/details/cp/743.html,data_raw/cn_official_legacy/round_04/processed/details/cp/743.json,17,ok
4,cp,744,,组合信息,data_raw/cn_official_legacy/round_04/raw/details/cp/744.html,data_raw/cn_official_legacy/round_04/processed/details/cp/744.json,17,ok
4,cp,745,,组合信息,data_raw/cn_official_legacy/round_04/raw/details/cp/745.html,data_raw/cn_official_legacy/round_04/processed/details/cp/745.json,16,ok
4,cp,746,,组合信息,data_raw/cn_official_legacy/round_04/raw/details/cp/746.html,data_raw/cn_official_legacy/round_04/processed/details/cp/746.json,17,ok
4,cp,747,,组合信息,data_raw/cn_official_legacy/round_04/raw/details/cp/747.html,data_raw/cn_official_legacy/round_04/processed/details/cp/747.json,17,ok
4,cp,748,,组合信息,data_raw/cn_official_legacy/round_04/raw/details/cp/748.html,data_raw/cn_official_legacy/round_04/processed/details/cp/748.json,17,ok
4,cp,749,,组合信息,data_raw/cn_official_legacy/round_04/raw/details/cp/749.html,data_raw/cn_official_legacy/round_04/processed/details/cp/749.json,17,ok
4,cp,750,,组合信息,data_raw/cn_official_legacy/round_04/raw/details/cp/750.html,data_raw/cn_official_legacy/round_04/processed/details/cp/750.json,17,ok
4,cp,751,,组合信息,data_raw/cn_official_legacy/round_04/raw/details/cp/751.html,data_raw/cn_official_legacy/round_04/processed/details/cp/751.json,17,ok
4,cp,752,,组合信息,data_raw/cn_official_legacy/round_04/raw/details/cp/752.html,data_raw/cn_official_legacy/round_04/processed/details/cp/752.json,16,ok
4,cp,753,,组合信息,data_raw/cn_official_legacy/round_04/raw/details/cp/753.html,data_raw/cn_official_legacy/round_04/processed/details/cp/753.json,17,ok
4,cp,754,,组合信息,data_raw/cn_official_legacy/round_04/raw/details/cp/754.html,data_raw/cn_official_legacy/round_04/processed/details/cp/754.json,17,ok
4,cp,755,,组合信息,data_raw/cn_official_legacy/round_04/raw/details/cp/755.html,data_raw/cn_official_legacy/round_04/processed/details/cp/755.json,17,ok
4,cp,756,,组合信息,data_raw/cn_official_legacy/round_04/raw/details/cp/756.html,data_raw/cn_official_legacy/round_04/processed/details/cp/756.json,17,ok
4,cp,757,,组合信息,data_raw/cn_official_legacy/round_04/raw/details/cp/757.html,data_raw/cn_official_legacy/round_04/processed/details/cp/757.json,17,ok
4,cp,758,,组合信息,data_raw/cn_official_legacy/round_04/raw/details/cp/758.html,data_raw/cn_official_legacy/round_04/processed/details/cp/758.json,16,ok
4,cp,759,,组合信息,data_raw/cn_official_legacy/round_04/raw/details/cp/759.html,data_raw/cn_official_legacy/round_04/processed/details/cp/759.json,16,ok
4,cp,760,,组合信息,data_raw/cn_official_legacy/round_04/raw/details/cp/760.html,data_raw/cn_official_legacy/round_04/processed/details/cp/760.json,17,ok
4,cp,761,,组合信息,data_raw/cn_official_legacy/round_04/raw/details/cp/761.html,data_raw/cn_official_legacy/round_04/processed/details/cp/761.json,17,ok
4,cp,762,,组合信息,data_raw/cn_official_legacy/round_04/raw/details/cp/762.html,data_raw/cn_official_legacy/round_04/processed/details/cp/762.json,17,ok
4,cp,763,,组合信息,data_raw/cn_official_legacy/round_04/raw/details/cp/763.html,data_raw/cn_official_legacy/round_04/processed/details/cp/763.json,16,ok
4,cp,764,,组合信息,data_raw/cn_official_legacy/round_04/raw/details/cp/764.html,data_raw/cn_official_legacy/round_04/processed/details/cp/764.json,17,ok
4,cp,765,,组合信息,data_raw/cn_official_legacy/round_04/raw/details/cp/765.html,data_raw/cn_official_legacy/round_04/processed/details/cp/765.json,16,ok
4,cp,766,,组合信息,data_raw/cn_official_legacy/round_04/raw/details/cp/766.html,data_raw/cn_official_legacy/round_04/processed/details/cp/766.json,16,ok
4,cp,767,,组合信息,data_raw/cn_official_legacy/round_04/raw/details/cp/767.html,data_raw/cn_official_legacy/round_04/processed/details/cp/767.json,16,ok
4,cp,768,,组合信息,data_raw/cn_official_legacy/round_04/raw/details/cp/768.html,data_raw/cn_official_legacy/round_04/processed/details/cp/768.json,16,ok
4,cp,769,,组合信息,data_raw/cn_official_legacy/round_04/raw/details/cp/769.html,data_raw/cn_official_legacy/round_04/processed/details/cp/769.json,16,ok
4,cp,770,,组合信息,data_raw/cn_official_legacy/round_04/raw/details/cp/770.html,data_raw/cn_official_legacy/round_04/processed/details/cp/770.json,16,ok
4,cp,771,,组合信息,data_raw/cn_official_legacy/round_04/raw/details/cp/771.html,data_raw/cn_official_legacy/round_04/processed/details/cp/771.json,17,ok
4,cp,772,,组合信息,data_raw/cn_official_legacy/round_04/raw/details/cp/772.html,data_raw/cn_official_legacy/round_04/processed/details/cp/772.json,17,ok
4,cp,773,,组合信息,data_raw/cn_official_legacy/round_04/raw/details/cp/773.html,data_raw/cn_official_legacy/round_04/processed/details/cp/773.json,16,ok
4,cp,774,,组合信息,data_raw/cn_official_legacy/round_04/raw/details/cp/774.html,data_raw/cn_official_legacy/round_04/processed/details/cp/774.json,16,ok
4,cp,775,,组合信息,data_raw/cn_official_legacy/round_04/raw/details/cp/775.html,data_raw/cn_official_legacy/round_04/processed/details/cp/775.json,16,ok
4,cp,776,,组合信息,data_raw/cn_official_legacy/round_04/raw/details/cp/776.html,data_raw/cn_official_legacy/round_04/processed/details/cp/776.json,16,ok
4,cp,777,,组合信息,data_raw/cn_official_legacy/round_04/raw/details/cp/777.html,data_raw/cn_official_legacy/round_04/processed/details/cp/777.json,16,ok
4,cp,778,,组合信息,data_raw/cn_official_legacy/round_04/raw/details/cp/778.html,data_raw/cn_official_legacy/round_04/processed/details/cp/778.json,16,ok
4,cp,779,,组合信息,data_raw/cn_official_legacy/round_04/raw/details/cp/779.html,data_raw/cn_official_legacy/round_04/processed/details/cp/779.json,16,ok
4,cp,780,,组合信息,data_raw/cn_official_legacy/round_04/raw/details/cp/780.html,data_raw/cn_official_legacy/round_04/processed/details/cp/780.json,15,ok
4,cp,781,,组合信息,data_raw/cn_official_legacy/round_04/raw/details/cp/781.html,data_raw/cn_official_legacy/round_04/processed/details/cp/781.json,17,ok
4,cp,782,,组合信息,data_raw/cn_official_legacy/round_04/raw/details/cp/782.html,data_raw/cn_official_legacy/round_04/processed/details/cp/782.json,16,ok
4,cp,783,,组合信息,data_raw/cn_official_legacy/round_04/raw/details/cp/783.html,data_raw/cn_official_legacy/round_04/processed/details/cp/783.json,16,ok
4,cp,784,,组合信息,data_raw/cn_official_legacy/round_04/raw/details/cp/784.html,data_raw/cn_official_legacy/round_04/processed/details/cp/784.json,17,ok
4,cp,785,,组合信息,data_raw/cn_official_legacy/round_04/raw/details/cp/785.html,data_raw/cn_official_legacy/round_04/processed/details/cp/785.json,16,ok
4,cp,786,,组合信息,data_raw/cn_official_legacy/round_04/raw/details/cp/786.html,data_raw/cn_official_legacy/round_04/processed/details/cp/786.json,17,ok
4,cp,787,,组合信息,data_raw/cn_official_legacy/round_04/raw/details/cp/787.html,data_raw/cn_official_legacy/round_04/processed/details/cp/787.json,15,ok
4,cp,788,,组合信息,data_raw/cn_official_legacy/round_04/raw/details/cp/788.html,data_raw/cn_official_legacy/round_04/processed/details/cp/788.json,17,ok
4,cp,789,,组合信息,data_raw/cn_official_legacy/round_04/raw/details/cp/789.html,data_raw/cn_official_legacy/round_04/processed/details/cp/789.json,17,ok
4,cp,790,,组合信息,data_raw/cn_official_legacy/round_04/raw/details/cp/790.html,data_raw/cn_official_legacy/round_04/processed/details/cp/790.json,16,ok
4,cp,791,,组合信息,data_raw/cn_official_legacy/round_04/raw/details/cp/791.html,data_raw/cn_official_legacy/round_04/processed/details/cp/791.json,17,ok
4,cp,792,,组合信息,data_raw/cn_official_legacy/round_04/raw/details/cp/792.html,data_raw/cn_official_legacy/round_04/processed/details/cp/792.json,16,ok
4,cp,793,,组合信息,data_raw/cn_official_legacy/round_04/raw/details/cp/793.html,data_raw/cn_official_legacy/round_04/processed/details/cp/793.json,16,ok
4,cp,794,,组合信息,data_raw/cn_official_legacy/round_04/raw/details/cp/794.html,data_raw/cn_official_legacy/round_04/processed/details/cp/794.json,16,ok
4,cp,795,,组合信息,data_raw/cn_official_legacy/round_04/raw/details/cp/795.html,data_raw/cn_official_legacy/round_04/processed/details/cp/795.json,17,ok
4,cp,796,,组合信息,data_raw/cn_official_legacy/round_04/raw/details/cp/796.html,data_raw/cn_official_legacy/round_04/processed/details/cp/796.json,17,ok
4,cp,797,,组合信息,data_raw/cn_official_legacy/round_04/raw/details/cp/797.html,data_raw/cn_official_legacy/round_04/processed/details/cp/797.json,17,ok
4,cp,798,,组合信息,data_raw/cn_official_legacy/round_04/raw/details/cp/798.html,data_raw/cn_official_legacy/round_04/processed/details/cp/798.json,17,ok
4,cp,799,,组合信息,data_raw/cn_official_legacy/round_04/raw/details/cp/799.html,data_raw/cn_official_legacy/round_04/processed/details/cp/799.json,17,ok
4,cp,800,,组合信息,data_raw/cn_official_legacy/round_04/raw/details/cp/800.html,data_raw/cn_official_legacy/round_04/processed/details/cp/800.json,17,ok
4,cp,801,,组合信息,data_raw/cn_official_legacy/round_04/raw/details/cp/801.html,data_raw/cn_official_legacy/round_04/processed/details/cp/801.json,16,ok
4,cp,802,,组合信息,data_raw/cn_official_legacy/round_04/raw/details/cp/802.html,data_raw/cn_official_legacy/round_04/processed/details/cp/802.json,17,ok
4,cp,803,,组合信息,data_raw/cn_official_legacy/round_04/raw/details/cp/803.html,data_raw/cn_official_legacy/round_04/processed/details/cp/803.json,16,ok
4,cp,804,,组合信息,data_raw/cn_official_legacy/round_04/raw/details/cp/804.html,data_raw/cn_official_legacy/round_04/processed/details/cp/804.json,16,ok
4,cp,805,,组合信息,data_raw/cn_official_legacy/round_04/raw/details/cp/805.html,data_raw/cn_official_legacy/round_04/processed/details/cp/805.json,16,ok
4,cp,806,,组合信息,data_raw/cn_official_legacy/round_04/raw/details/cp/806.html,data_raw/cn_official_legacy/round_04/processed/details/cp/806.json,16,ok
4,cp,807,,组合信息,data_raw/cn_official_legacy/round_04/raw/details/cp/807.html,data_raw/cn_official_legacy/round_04/processed/details/cp/807.json,16,ok
4,cp,808,,组合信息,data_raw/cn_official_legacy/round_04/raw/details/cp/808.html,data_raw/cn_official_legacy/round_04/processed/details/cp/808.json,16,ok
4,cp,809,,组合信息,data_raw/cn_official_legacy/round_04/raw/details/cp/809.html,data_raw/cn_official_legacy/round_04/processed/details/cp/809.json,16,ok
4,cp,810,,组合信息,data_raw/cn_official_legacy/round_04/raw/details/cp/810.html,data_raw/cn_official_legacy/round_04/processed/details/cp/810.json,17,ok
4,cp,811,,组合信息,data_raw/cn_official_legacy/round_04/raw/details/cp/811.html,data_raw/cn_official_legacy/round_04/processed/details/cp/811.json,16,ok
4,cp,812,,组合信息,data_raw/cn_official_legacy/round_04/raw/details/cp/812.html,data_raw/cn_official_legacy/round_04/processed/details/cp/812.json,16,ok
4,cp,813,,组合信息,data_raw/cn_official_legacy/round_04/raw/details/cp/813.html,data_raw/cn_official_legacy/round_04/processed/details/cp/813.json,17,ok
4,cp,814,,组合信息,data_raw/cn_official_legacy/round_04/raw/details/cp/814.html,data_raw/cn_official_legacy/round_04/processed/details/cp/814.json,17,ok
4,cp,815,,组合信息,data_raw/cn_official_legacy/round_04/raw/details/cp/815.html,data_raw/cn_official_legacy/round_04/processed/details/cp/815.json,16,ok
4,cp,816,,组合信息,data_raw/cn_official_legacy/round_04/raw/details/cp/816.html,data_raw/cn_official_legacy/round_04/processed/details/cp/816.json,17,ok
4,cp,817,,组合信息,data_raw/cn_official_legacy/round_04/raw/details/cp/817.html,data_raw/cn_official_legacy/round_04/processed/details/cp/817.json,17,ok
4,cp,818,,组合信息,data_raw/cn_official_legacy/round_04/raw/details/cp/818.html,data_raw/cn_official_legacy/round_04/processed/details/cp/818.json,17,ok
4,cp,819,,组合信息,data_raw/cn_official_legacy/round_04/raw/details/cp/819.html,data_raw/cn_official_legacy/round_04/processed/details/cp/819.json,16,ok
4,cp,820,,组合信息,data_raw/cn_official_legacy/round_04/raw/details/cp/820.html,data_raw/cn_official_legacy/round_04/processed/details/cp/820.json,16,ok
4,cp,821,,组合信息,data_raw/cn_official_legacy/round_04/raw/details/cp/821.html,data_raw/cn_official_legacy/round_04/processed/details/cp/821.json,17,ok
4,cp,822,,组合信息,data_raw/cn_official_legacy/round_04/raw/details/cp/822.html,data_raw/cn_official_legacy/round_04/processed/details/cp/822.json,16,ok
4,cp,823,,组合信息,data_raw/cn_official_legacy/round_04/raw/details/cp/823.html,data_raw/cn_official_legacy/round_04/processed/details/cp/823.json,17,ok
4,cp,824,,组合信息,data_raw/cn_official_legacy/round_04/raw/details/cp/824.html,data_raw/cn_official_legacy/round_04/processed/details/cp/824.json,16,ok
4,cp,825,,组合信息,data_raw/cn_official_legacy/round_04/raw/details/cp/825.html,data_raw/cn_official_legacy/round_04/processed/details/cp/825.json,16,ok
4,cp,826,,组合信息,data_raw/cn_official_legacy/round_04/raw/details/cp/826.html,data_raw/cn_official_legacy/round_04/processed/details/cp/826.json,17,ok
4,cp,827,,组合信息,data_raw/cn_official_legacy/round_04/raw/details/cp/827.html,data_raw/cn_official_legacy/round_04/processed/details/cp/827.json,17,ok
4,cp,828,,组合信息,data_raw/cn_official_legacy/round_04/raw/details/cp/828.html,data_raw/cn_official_legacy/round_04/processed/details/cp/828.json,17,ok
4,cp,829,,组合信息,data_raw/cn_official_legacy/round_04/raw/details/cp/829.html,data_raw/cn_official_legacy/round_04/processed/details/cp/829.json,16,ok
4,cp,830,,组合信息,data_raw/cn_official_legacy/round_04/raw/details/cp/830.html,data_raw/cn_official_legacy/round_04/processed/details/cp/830.json,17,ok
4,cp,831,,组合信息,data_raw/cn_official_legacy/round_04/raw/details/cp/831.html,data_raw/cn_official_legacy/round_04/processed/details/cp/831.json,17,ok
4,cp,832,,组合信息,data_raw/cn_official_legacy/round_04/raw/details/cp/832.html,data_raw/cn_official_legacy/round_04/processed/details/cp/832.json,17,ok
4,cp,833,,组合信息,data_raw/cn_official_legacy/round_04/raw/details/cp/833.html,data_raw/cn_official_legacy/round_04/processed/details/cp/833.json,16,ok
4,cp,834,,组合信息,data_raw/cn_official_legacy/round_04/raw/details/cp/834.html,data_raw/cn_official_legacy/round_04/processed/details/cp/834.json,17,ok
4,cp,835,,组合信息,data_raw/cn_official_legacy/round_04/raw/details/cp/835.html,data_raw/cn_official_legacy/round_04/processed/details/cp/835.json,17,ok
4,cp,836,,组合信息,data_raw/cn_official_legacy/round_04/raw/details/cp/836.html,data_raw/cn_official_legacy/round_04/processed/details/cp/836.json,17,ok
4,cp,837,,组合信息,data_raw/cn_official_legacy/round_04/raw/details/cp/837.html,data_raw/cn_official_legacy/round_04/processed/details/cp/837.json,16,ok
4,cp,838,,组合信息,data_raw/cn_official_legacy/round_04/raw/details/cp/838.html,data_raw/cn_official_legacy/round_04/processed/details/cp/838.json,16,ok
4,cp,839,,组合信息,data_raw/cn_official_legacy/round_04/raw/details/cp/839.html,data_raw/cn_official_legacy/round_04/processed/details/cp/839.json,16,ok
4,cp,840,,组合信息,data_raw/cn_official_legacy/round_04/raw/details/cp/840.html,data_raw/cn_official_legacy/round_04/processed/details/cp/840.json,16,ok
4,cp,841,,组合信息,data_raw/cn_official_legacy/round_04/raw/details/cp/841.html,data_raw/cn_official_legacy/round_04/processed/details/cp/841.json,16,ok
4,cp,842,,组合信息,data_raw/cn_official_legacy/round_04/raw/details/cp/842.html,data_raw/cn_official_legacy/round_04/processed/details/cp/842.json,16,ok
4,cp,843,,组合信息,data_raw/cn_official_legacy/round_04/raw/details/cp/843.html,data_raw/cn_official_legacy/round_04/processed/details/cp/843.json,16,ok
4,cp,844,,组合信息,data_raw/cn_official_legacy/round_04/raw/details/cp/844.html,data_raw/cn_official_legacy/round_04/processed/details/cp/844.json,17,ok
4,cp,845,,组合信息,data_raw/cn_official_legacy/round_04/raw/details/cp/845.html,data_raw/cn_official_legacy/round_04/processed/details/cp/845.json,17,ok
4,cp,846,,组合信息,data_raw/cn_official_legacy/round_04/raw/details/cp/846.html,data_raw/cn_official_legacy/round_04/processed/details/cp/846.json,16,ok
4,cp,847,,组合信息,data_raw/cn_official_legacy/round_04/raw/details/cp/847.html,data_raw/cn_official_legacy/round_04/processed/details/cp/847.json,16,ok
4,cp,848,,组合信息,data_raw/cn_official_legacy/round_04/raw/details/cp/848.html,data_raw/cn_official_legacy/round_04/processed/details/cp/848.json,15,ok
4,cp,849,,组合信息,data_raw/cn_official_legacy/round_04/raw/details/cp/849.html,data_raw/cn_official_legacy/round_04/processed/details/cp/849.json,17,ok
4,cp,850,,组合信息,data_raw/cn_official_legacy/round_04/raw/details/cp/850.html,data_raw/cn_official_legacy/round_04/processed/details/cp/850.json,16,ok
4,cp,851,,组合信息,data_raw/cn_official_legacy/round_04/raw/details/cp/851.html,data_raw/cn_official_legacy/round_04/processed/details/cp/851.json,16,ok
4,cp,852,,组合信息,data_raw/cn_official_legacy/round_04/raw/details/cp/852.html,data_raw/cn_official_legacy/round_04/processed/details/cp/852.json,17,ok
4,cp,853,,组合信息,data_raw/cn_official_legacy/round_04/raw/details/cp/853.html,data_raw/cn_official_legacy/round_04/processed/details/cp/853.json,16,ok
4,cp,854,,组合信息,data_raw/cn_official_legacy/round_04/raw/details/cp/854.html,data_raw/cn_official_legacy/round_04/processed/details/cp/854.json,17,ok
4,cp,855,,组合信息,data_raw/cn_official_legacy/round_04/raw/details/cp/855.html,data_raw/cn_official_legacy/round_04/processed/details/cp/855.json,17,ok
4,cp,856,,组合信息,data_raw/cn_official_legacy/round_04/raw/details/cp/856.html,data_raw/cn_official_legacy/round_04/processed/details/cp/856.json,17,ok
4,cp,857,,组合信息,data_raw/cn_official_legacy/round_04/raw/details/cp/857.html,data_raw/cn_official_legacy/round_04/processed/details/cp/857.json,15,ok
4,cp,858,,组合信息,data_raw/cn_official_legacy/round_04/raw/details/cp/858.html,data_raw/cn_official_legacy/round_04/processed/details/cp/858.json,16,ok
4,cp,859,,组合信息,data_raw/cn_official_legacy/round_04/raw/details/cp/859.html,data_raw/cn_official_legacy/round_04/processed/details/cp/859.json,17,ok
4,cp,860,,组合信息,data_raw/cn_official_legacy/round_04/raw/details/cp/860.html,data_raw/cn_official_legacy/round_04/processed/details/cp/860.json,16,ok
4,cp,861,,组合信息,data_raw/cn_official_legacy/round_04/raw/details/cp/861.html,data_raw/cn_official_legacy/round_04/processed/details/cp/861.json,16,ok
4,cp,862,,组合信息,data_raw/cn_official_legacy/round_04/raw/details/cp/862.html,data_raw/cn_official_legacy/round_04/processed/details/cp/862.json,16,ok
4,cp,863,,组合信息,data_raw/cn_official_legacy/round_04/raw/details/cp/863.html,data_raw/cn_official_legacy/round_04/processed/details/cp/863.json,17,ok
4,cp,864,,组合信息,data_raw/cn_official_legacy/round_04/raw/details/cp/864.html,data_raw/cn_official_legacy/round_04/processed/details/cp/864.json,17,ok
4,cp,865,,组合信息,data_raw/cn_official_legacy/round_04/raw/details/cp/865.html,data_raw/cn_official_legacy/round_04/processed/details/cp/865.json,17,ok
4,cp,866,,组合信息,data_raw/cn_official_legacy/round_04/raw/details/cp/866.html,data_raw/cn_official_legacy/round_04/processed/details/cp/866.json,17,ok
4,cp,867,,组合信息,data_raw/cn_official_legacy/round_04/raw/details/cp/867.html,data_raw/cn_official_legacy/round_04/processed/details/cp/867.json,16,ok
4,cp,868,,组合信息,data_raw/cn_official_legacy/round_04/raw/details/cp/868.html,data_raw/cn_official_legacy/round_04/processed/details/cp/868.json,16,ok
4,cp,869,,组合信息,data_raw/cn_official_legacy/round_04/raw/details/cp/869.html,data_raw/cn_official_legacy/round_04/processed/details/cp/869.json,16,ok
4,cp,870,,组合信息,data_raw/cn_official_legacy/round_04/raw/details/cp/870.html,data_raw/cn_official_legacy/round_04/processed/details/cp/870.json,17,ok
4,cp,871,,组合信息,data_raw/cn_official_legacy/round_04/raw/details/cp/871.html,data_raw/cn_official_legacy/round_04/processed/details/cp/871.json,17,ok
4,cp,872,,组合信息,data_raw/cn_official_legacy/round_04/raw/details/cp/872.html,data_raw/cn_official_legacy/round_04/processed/details/cp/872.json,17,ok
4,cp,873,,组合信息,data_raw/cn_official_legacy/round_04/raw/details/cp/873.html,data_raw/cn_official_legacy/round_04/processed/details/cp/873.json,16,ok
4,cp,874,,组合信息,data_raw/cn_official_legacy/round_04/raw/details/cp/874.html,data_raw/cn_official_legacy/round_04/processed/details/cp/874.json,16,ok
4,cp,875,,组合信息,data_raw/cn_official_legacy/round_04/raw/details/cp/875.html,data_raw/cn_official_legacy/round_04/processed/details/cp/875.json,17,ok
4,cp,876,,组合信息,data_raw/cn_official_legacy/round_04/raw/details/cp/876.html,data_raw/cn_official_legacy/round_04/processed/details/cp/876.json,17,ok
4,cp,877,,组合信息,data_raw/cn_official_legacy/round_04/raw/details/cp/877.html,data_raw/cn_official_legacy/round_04/processed/details/cp/877.json,17,ok
4,cp,878,,组合信息,data_raw/cn_official_legacy/round_04/raw/details/cp/878.html,data_raw/cn_official_legacy/round_04/processed/details/cp/878.json,17,ok
4,cp,879,,组合信息,data_raw/cn_official_legacy/round_04/raw/details/cp/879.html,data_raw/cn_official_legacy/round_04/processed/details/cp/879.json,17,ok
4,cp,880,,组合信息,data_raw/cn_official_legacy/round_04/raw/details/cp/880.html,data_raw/cn_official_legacy/round_04/processed/details/cp/880.json,16,ok
4,cp,881,,组合信息,data_raw/cn_official_legacy/round_04/raw/details/cp/881.html,data_raw/cn_official_legacy/round_04/processed/details/cp/881.json,17,ok
4,cp,882,,组合信息,data_raw/cn_official_legacy/round_04/raw/details/cp/882.html,data_raw/cn_official_legacy/round_04/processed/details/cp/882.json,17,ok
4,cp,883,,组合信息,data_raw/cn_official_legacy/round_04/raw/details/cp/883.html,data_raw/cn_official_legacy/round_04/processed/details/cp/883.json,17,ok
4,cp,884,,组合信息,data_raw/cn_official_legacy/round_04/raw/details/cp/884.html,data_raw/cn_official_legacy/round_04/processed/details/cp/884.json,17,ok
4,cp,885,,组合信息,data_raw/cn_official_legacy/round_04/raw/details/cp/885.html,data_raw/cn_official_legacy/round_04/processed/details/cp/885.json,16,ok
4,cp,886,,组合信息,data_raw/cn_official_legacy/round_04/raw/details/cp/886.html,data_raw/cn_official_legacy/round_04/processed/details/cp/886.json,16,ok
4,cp,887,,组合信息,data_raw/cn_official_legacy/round_04/raw/details/cp/887.html,data_raw/cn_official_legacy/round_04/processed/details/cp/887.json,17,ok
4,cp,888,,组合信息,data_raw/cn_official_legacy/round_04/raw/details/cp/888.html,data_raw/cn_official_legacy/round_04/processed/details/cp/888.json,17,ok
4,cp,889,,组合信息,data_raw/cn_official_legacy/round_04/raw/details/cp/889.html,data_raw/cn_official_legacy/round_04/processed/details/cp/889.json,17,ok
4,cp,890,,组合信息,data_raw/cn_official_legacy/round_04/raw/details/cp/890.html,data_raw/cn_official_legacy/round_04/processed/details/cp/890.json,17,ok
4,cp,891,,组合信息,data_raw/cn_official_legacy/round_04/raw/details/cp/891.html,data_raw/cn_official_legacy/round_04/processed/details/cp/891.json,16,ok
4,cp,892,,组合信息,data_raw/cn_official_legacy/round_04/raw/details/cp/892.html,data_raw/cn_official_legacy/round_04/processed/details/cp/892.json,17,ok
4,cp,893,,组合信息,data_raw/cn_official_legacy/round_04/raw/details/cp/893.html,data_raw/cn_official_legacy/round_04/processed/details/cp/893.json,16,ok
4,cp,894,,组合信息,data_raw/cn_official_legacy/round_04/raw/details/cp/894.html,data_raw/cn_official_legacy/round_04/processed/details/cp/894.json,17,ok
4,cp,895,,组合信息,data_raw/cn_official_legacy/round_04/raw/details/cp/895.html,data_raw/cn_official_legacy/round_04/processed/details/cp/895.json,17,ok
4,cp,896,,组合信息,data_raw/cn_official_legacy/round_04/raw/details/cp/896.html,data_raw/cn_official_legacy/round_04/processed/details/cp/896.json,16,ok
4,cp,897,,组合信息,data_raw/cn_official_legacy/round_04/raw/details/cp/897.html,data_raw/cn_official_legacy/round_04/processed/details/cp/897.json,17,ok
4,cp,898,,组合信息,data_raw/cn_official_legacy/round_04/raw/details/cp/898.html,data_raw/cn_official_legacy/round_04/processed/details/cp/898.json,16,ok
4,cp,899,,组合信息,data_raw/cn_official_legacy/round_04/raw/details/cp/899.html,data_raw/cn_official_legacy/round_04/processed/details/cp/899.json,17,ok
4,cp,900,,组合信息,data_raw/cn_official_legacy/round_04/raw/details/cp/900.html,data_raw/cn_official_legacy/round_04/processed/details/cp/900.json,16,ok
4,cp,901,,组合信息,data_raw/cn_official_legacy/round_04/raw/details/cp/901.html,data_raw/cn_official_legacy/round_04/processed/details/cp/901.json,15,ok
4,cp,902,,组合信息,data_raw/cn_official_legacy/round_04/raw/details/cp/902.html,data_raw/cn_official_legacy/round_04/processed/details/cp/902.json,17,ok
4,cp,903,,组合信息,data_raw/cn_official_legacy/round_04/raw/details/cp/903.html,data_raw/cn_official_legacy/round_04/processed/details/cp/903.json,16,ok
4,cp,904,,组合信息,data_raw/cn_official_legacy/round_04/raw/details/cp/904.html,data_raw/cn_official_legacy/round_04/processed/details/cp/904.json,16,ok
4,cp,905,,组合信息,data_raw/cn_official_legacy/round_04/raw/details/cp/905.html,data_raw/cn_official_legacy/round_04/processed/details/cp/905.json,17,ok
4,cp,906,,组合信息,data_raw/cn_official_legacy/round_04/raw/details/cp/906.html,data_raw/cn_official_legacy/round_04/processed/details/cp/906.json,17,ok
4,cp,907,,组合信息,data_raw/cn_official_legacy/round_04/raw/details/cp/907.html,data_raw/cn_official_legacy/round_04/processed/details/cp/907.json,17,ok
4,cp,908,,组合信息,data_raw/cn_official_legacy/round_04/raw/details/cp/908.html,data_raw/cn_official_legacy/round_04/processed/details/cp/908.json,17,ok
4,cp,909,,组合信息,data_raw/cn_official_legacy/round_04/raw/details/cp/909.html,data_raw/cn_official_legacy/round_04/processed/details/cp/909.json,17,ok
4,cp,910,,组合信息,data_raw/cn_official_legacy/round_04/raw/details/cp/910.html,data_raw/cn_official_legacy/round_04/processed/details/cp/910.json,15,ok
4,cp,911,,组合信息,data_raw/cn_official_legacy/round_04/raw/details/cp/911.html,data_raw/cn_official_legacy/round_04/processed/details/cp/911.json,17,ok
4,cp,912,,组合信息,data_raw/cn_official_legacy/round_04/raw/details/cp/912.html,data_raw/cn_official_legacy/round_04/processed/details/cp/912.json,16,ok
4,cp,913,,组合信息,data_raw/cn_official_legacy/round_04/raw/details/cp/913.html,data_raw/cn_official_legacy/round_04/processed/details/cp/913.json,16,ok
4,cp,914,,组合信息,data_raw/cn_official_legacy/round_04/raw/details/cp/914.html,data_raw/cn_official_legacy/round_04/processed/details/cp/914.json,16,ok
4,cp,915,,组合信息,data_raw/cn_official_legacy/round_04/raw/details/cp/915.html,data_raw/cn_official_legacy/round_04/processed/details/cp/915.json,16,ok
4,cp,916,,组合信息,data_raw/cn_official_legacy/round_04/raw/details/cp/916.html,data_raw/cn_official_legacy/round_04/processed/details/cp/916.json,16,ok
4,cp,917,,组合信息,data_raw/cn_official_legacy/round_04/raw/details/cp/917.html,data_raw/cn_official_legacy/round_04/processed/details/cp/917.json,16,ok
4,cp,918,,组合信息,data_raw/cn_official_legacy/round_04/raw/details/cp/918.html,data_raw/cn_official_legacy/round_04/processed/details/cp/918.json,16,ok
4,cp,919,,组合信息,data_raw/cn_official_legacy/round_04/raw/details/cp/919.html,data_raw/cn_official_legacy/round_04/processed/details/cp/919.json,16,ok
4,cp,920,,组合信息,data_raw/cn_official_legacy/round_04/raw/details/cp/920.html,data_raw/cn_official_legacy/round_04/processed/details/cp/920.json,17,ok
4,cp,921,,组合信息,data_raw/cn_official_legacy/round_04/raw/details/cp/921.html,data_raw/cn_official_legacy/round_04/processed/details/cp/921.json,16,ok
4,cp,922,,组合信息,data_raw/cn_official_legacy/round_04/raw/details/cp/922.html,data_raw/cn_official_legacy/round_04/processed/details/cp/922.json,17,ok
4,cp,923,,组合信息,data_raw/cn_official_legacy/round_04/raw/details/cp/923.html,data_raw/cn_official_legacy/round_04/processed/details/cp/923.json,17,ok
4,cp,924,,组合信息,data_raw/cn_official_legacy/round_04/raw/details/cp/924.html,data_raw/cn_official_legacy/round_04/processed/details/cp/924.json,17,ok
4,cp,925,,组合信息,data_raw/cn_official_legacy/round_04/raw/details/cp/925.html,data_raw/cn_official_legacy/round_04/processed/details/cp/925.json,17,ok
4,cp,926,,组合信息,data_raw/cn_official_legacy/round_04/raw/details/cp/926.html,data_raw/cn_official_legacy/round_04/processed/details/cp/926.json,17,ok
4,cp,927,,组合信息,data_raw/cn_official_legacy/round_04/raw/details/cp/927.html,data_raw/cn_official_legacy/round_04/processed/details/cp/927.json,17,ok
4,cp,928,,组合信息,data_raw/cn_official_legacy/round_04/raw/details/cp/928.html,data_raw/cn_official_legacy/round_04/processed/details/cp/928.json,17,ok
4,cp,929,,组合信息,data_raw/cn_official_legacy/round_04/raw/details/cp/929.html,data_raw/cn_official_legacy/round_04/processed/details/cp/929.json,17,ok
4,cp,930,,组合信息,data_raw/cn_official_legacy/round_04/raw/details/cp/930.html,data_raw/cn_official_legacy/round_04/processed/details/cp/930.json,17,ok
4,cp,931,,组合信息,data_raw/cn_official_legacy/round_04/raw/details/cp/931.html,data_raw/cn_official_legacy/round_04/processed/details/cp/931.json,17,ok
4,cp,932,,组合信息,data_raw/cn_official_legacy/round_04/raw/details/cp/932.html,data_raw/cn_official_legacy/round_04/processed/details/cp/932.json,17,ok
4,cp,933,,组合信息,data_raw/cn_official_legacy/round_04/raw/details/cp/933.html,data_raw/cn_official_legacy/round_04/processed/details/cp/933.json,17,ok
4,cp,934,,组合信息,data_raw/cn_official_legacy/round_04/raw/details/cp/934.html,data_raw/cn_official_legacy/round_04/processed/details/cp/934.json,17,ok
4,cp,935,,组合信息,data_raw/cn_official_legacy/round_04/raw/details/cp/935.html,data_raw/cn_official_legacy/round_04/processed/details/cp/935.json,17,ok
4,cp,936,,组合信息,data_raw/cn_official_legacy/round_04/raw/details/cp/936.html,data_raw/cn_official_legacy/round_04/processed/details/cp/936.json,17,ok
4,cp,937,,组合信息,data_raw/cn_official_legacy/round_04/raw/details/cp/937.html,data_raw/cn_official_legacy/round_04/processed/details/cp/937.json,17,ok
4,cp,938,,组合信息,data_raw/cn_official_legacy/round_04/raw/details/cp/938.html,data_raw/cn_official_legacy/round_04/processed/details/cp/938.json,17,ok
4,cp,939,,组合信息,data_raw/cn_official_legacy/round_04/raw/details/cp/939.html,data_raw/cn_official_legacy/round_04/processed/details/cp/939.json,16,ok
4,cp,940,,组合信息,data_raw/cn_official_legacy/round_04/raw/details/cp/940.html,data_raw/cn_official_legacy/round_04/processed/details/cp/940.json,16,ok
4,cp,941,,组合信息,data_raw/cn_official_legacy/round_04/raw/details/cp/941.html,data_raw/cn_official_legacy/round_04/processed/details/cp/941.json,16,ok
4,cp,942,,组合信息,data_raw/cn_official_legacy/round_04/raw/details/cp/942.html,data_raw/cn_official_legacy/round_04/processed/details/cp/942.json,17,ok
4,cp,943,,组合信息,data_raw/cn_official_legacy/round_04/raw/details/cp/943.html,data_raw/cn_official_legacy/round_04/processed/details/cp/943.json,17,ok
4,cp,944,,组合信息,data_raw/cn_official_legacy/round_04/raw/details/cp/944.html,data_raw/cn_official_legacy/round_04/processed/details/cp/944.json,16,ok
4,cp,945,,组合信息,data_raw/cn_official_legacy/round_04/raw/details/cp/945.html,data_raw/cn_official_legacy/round_04/processed/details/cp/945.json,17,ok
4,cp,946,,组合信息,data_raw/cn_official_legacy/round_04/raw/details/cp/946.html,data_raw/cn_official_legacy/round_04/processed/details/cp/946.json,16,ok
4,cp,947,,组合信息,data_raw/cn_official_legacy/round_04/raw/details/cp/947.html,data_raw/cn_official_legacy/round_04/processed/details/cp/947.json,17,ok
4,cp,948,,组合信息,data_raw/cn_official_legacy/round_04/raw/details/cp/948.html,data_raw/cn_official_legacy/round_04/processed/details/cp/948.json,16,ok
4,cp,949,,组合信息,data_raw/cn_official_legacy/round_04/raw/details/cp/949.html,data_raw/cn_official_legacy/round_04/processed/details/cp/949.json,16,ok
4,cp,950,,组合信息,data_raw/cn_official_legacy/round_04/raw/details/cp/950.html,data_raw/cn_official_legacy/round_04/processed/details/cp/950.json,16,ok
4,cp,951,,组合信息,data_raw/cn_official_legacy/round_04/raw/details/cp/951.html,data_raw/cn_official_legacy/round_04/processed/details/cp/951.json,17,ok
4,cp,952,,组合信息,data_raw/cn_official_legacy/round_04/raw/details/cp/952.html,data_raw/cn_official_legacy/round_04/processed/details/cp/952.json,16,ok
4,cp,953,,组合信息,data_raw/cn_official_legacy/round_04/raw/details/cp/953.html,data_raw/cn_official_legacy/round_04/processed/details/cp/953.json,16,ok
4,cp,954,,组合信息,data_raw/cn_official_legacy/round_04/raw/details/cp/954.html,data_raw/cn_official_legacy/round_04/processed/details/cp/954.json,16,ok
4,cp,955,,组合信息,data_raw/cn_official_legacy/round_04/raw/details/cp/955.html,data_raw/cn_official_legacy/round_04/processed/details/cp/955.json,16,ok
4,cp,956,,组合信息,data_raw/cn_official_legacy/round_04/raw/details/cp/956.html,data_raw/cn_official_legacy/round_04/processed/details/cp/956.json,17,ok
4,cp,957,,组合信息,data_raw/cn_official_legacy/round_04/raw/details/cp/957.html,data_raw/cn_official_legacy/round_04/processed/details/cp/957.json,16,ok
4,cp,958,,组合信息,data_raw/cn_official_legacy/round_04/raw/details/cp/958.html,data_raw/cn_official_legacy/round_04/processed/details/cp/958.json,17,ok
4,cp,959,,组合信息,data_raw/cn_official_legacy/round_04/raw/details/cp/959.html,data_raw/cn_official_legacy/round_04/processed/details/cp/959.json,17,ok
4,cp,960,,组合信息,data_raw/cn_official_legacy/round_04/raw/details/cp/960.html,data_raw/cn_official_legacy/round_04/processed/details/cp/960.json,17,ok
4,cp,961,,组合信息,data_raw/cn_official_legacy/round_04/raw/details/cp/961.html,data_raw/cn_official_legacy/round_04/processed/details/cp/961.json,16,ok
4,cp,962,,组合信息,data_raw/cn_official_legacy/round_04/raw/details/cp/962.html,data_raw/cn_official_legacy/round_04/processed/details/cp/962.json,15,ok
4,cp,963,,组合信息,data_raw/cn_official_legacy/round_04/raw/details/cp/963.html,data_raw/cn_official_legacy/round_04/processed/details/cp/963.json,17,ok
4,cp,964,,组合信息,data_raw/cn_official_legacy/round_04/raw/details/cp/964.html,data_raw/cn_official_legacy/round_04/processed/details/cp/964.json,17,ok
4,cp,965,,组合信息,data_raw/cn_official_legacy/round_04/raw/details/cp/965.html,data_raw/cn_official_legacy/round_04/processed/details/cp/965.json,17,ok
4,cp,966,,组合信息,data_raw/cn_official_legacy/round_04/raw/details/cp/966.html,data_raw/cn_official_legacy/round_04/processed/details/cp/966.json,17,ok
4,cp,967,,组合信息,data_raw/cn_official_legacy/round_04/raw/details/cp/967.html,data_raw/cn_official_legacy/round_04/processed/details/cp/967.json,16,ok
4,cp,968,,组合信息,data_raw/cn_official_legacy/round_04/raw/details/cp/968.html,data_raw/cn_official_legacy/round_04/processed/details/cp/968.json,16,ok
4,cp,969,,组合信息,data_raw/cn_official_legacy/round_04/raw/details/cp/969.html,data_raw/cn_official_legacy/round_04/processed/details/cp/969.json,16,ok
4,cp,970,,组合信息,data_raw/cn_official_legacy/round_04/raw/details/cp/970.html,data_raw/cn_official_legacy/round_04/processed/details/cp/970.json,16,ok
4,cp,971,,组合信息,data_raw/cn_official_legacy/round_04/raw/details/cp/971.html,data_raw/cn_official_legacy/round_04/processed/details/cp/971.json,16,ok
4,cp,972,,组合信息,data_raw/cn_official_legacy/round_04/raw/details/cp/972.html,data_raw/cn_official_legacy/round_04/processed/details/cp/972.json,16,ok
4,cp,973,,组合信息,data_raw/cn_official_legacy/round_04/raw/details/cp/973.html,data_raw/cn_official_legacy/round_04/processed/details/cp/973.json,16,ok
4,cp,974,,组合信息,data_raw/cn_official_legacy/round_04/raw/details/cp/974.html,data_raw/cn_official_legacy/round_04/processed/details/cp/974.json,16,ok
4,cp,975,,组合信息,data_raw/cn_official_legacy/round_04/raw/details/cp/975.html,data_raw/cn_official_legacy/round_04/processed/details/cp/975.json,17,ok
4,cp,976,,组合信息,data_raw/cn_official_legacy/round_04/raw/details/cp/976.html,data_raw/cn_official_legacy/round_04/processed/details/cp/976.json,16,ok
4,cp,977,,组合信息,data_raw/cn_official_legacy/round_04/raw/details/cp/977.html,data_raw/cn_official_legacy/round_04/processed/details/cp/977.json,17,ok
4,cp,978,,组合信息,data_raw/cn_official_legacy/round_04/raw/details/cp/978.html,data_raw/cn_official_legacy/round_04/processed/details/cp/978.json,16,ok
4,cp,979,,组合信息,data_raw/cn_official_legacy/round_04/raw/details/cp/979.html,data_raw/cn_official_legacy/round_04/processed/details/cp/979.json,16,ok
4,cp,980,,组合信息,data_raw/cn_official_legacy/round_04/raw/details/cp/980.html,data_raw/cn_official_legacy/round_04/processed/details/cp/980.json,17,ok
4,cp,981,,组合信息,data_raw/cn_official_legacy/round_04/raw/details/cp/981.html,data_raw/cn_official_legacy/round_04/processed/details/cp/981.json,17,ok
4,cp,982,,组合信息,data_raw/cn_official_legacy/round_04/raw/details/cp/982.html,data_raw/cn_official_legacy/round_04/processed/details/cp/982.json,17,ok
4,cp,983,,组合信息,data_raw/cn_official_legacy/round_04/raw/details/cp/983.html,data_raw/cn_official_legacy/round_04/processed/details/cp/983.json,17,ok
4,cp,984,,组合信息,data_raw/cn_official_legacy/round_04/raw/details/cp/984.html,data_raw/cn_official_legacy/round_04/processed/details/cp/984.json,16,ok
4,cp,985,,组合信息,data_raw/cn_official_legacy/round_04/raw/details/cp/985.html,data_raw/cn_official_legacy/round_04/processed/details/cp/985.json,17,ok
4,cp,986,,组合信息,data_raw/cn_official_legacy/round_04/raw/details/cp/986.html,data_raw/cn_official_legacy/round_04/processed/details/cp/986.json,17,ok
4,cp,987,,组合信息,data_raw/cn_official_legacy/round_04/raw/details/cp/987.html,data_raw/cn_official_legacy/round_04/processed/details/cp/987.json,16,ok
4,cp,988,,组合信息,data_raw/cn_official_legacy/round_04/raw/details/cp/988.html,data_raw/cn_official_legacy/round_04/processed/details/cp/988.json,16,ok
4,cp,989,,组合信息,data_raw/cn_official_legacy/round_04/raw/details/cp/989.html,data_raw/cn_official_legacy/round_04/processed/details/cp/989.json,17,ok
4,cp,990,,组合信息,data_raw/cn_official_legacy/round_04/raw/details/cp/990.html,data_raw/cn_official_legacy/round_04/processed/details/cp/990.json,16,ok
4,cp,991,,组合信息,data_raw/cn_official_legacy/round_04/raw/details/cp/991.html,data_raw/cn_official_legacy/round_04/processed/details/cp/991.json,16,ok
4,cp,992,,组合信息,data_raw/cn_official_legacy/round_04/raw/details/cp/992.html,data_raw/cn_official_legacy/round_04/processed/details/cp/992.json,16,ok
4,cp,993,,组合信息,data_raw/cn_official_legacy/round_04/raw/details/cp/993.html,data_raw/cn_official_legacy/round_04/processed/details/cp/993.json,16,ok
4,cp,994,,组合信息,data_raw/cn_official_legacy/round_04/raw/details/cp/994.html,data_raw/cn_official_legacy/round_04/processed/details/cp/994.json,17,ok
4,cp,995,,组合信息,data_raw/cn_official_legacy/round_04/raw/details/cp/995.html,data_raw/cn_official_legacy/round_04/processed/details/cp/995.json,17,ok
4,cp,996,,组合信息,data_raw/cn_official_legacy/round_04/raw/details/cp/996.html,data_raw/cn_official_legacy/round_04/processed/details/cp/996.json,16,ok
4,cp,997,,组合信息,data_raw/cn_official_legacy/round_04/raw/details/cp/997.html,data_raw/cn_official_legacy/round_04/processed/details/cp/997.json,15,ok
4,cp,998,,组合信息,data_raw/cn_official_legacy/round_04/raw/details/cp/998.html,data_raw/cn_official_legacy/round_04/processed/details/cp/998.json,17,ok
4,cp,999,,组合信息,data_raw/cn_official_legacy/round_04/raw/details/cp/999.html,data_raw/cn_official_legacy/round_04/processed/details/cp/999.json,17,ok
4,cp,1000,,组合信息,data_raw/cn_official_legacy/round_04/raw/details/cp/1000.html,data_raw/cn_official_legacy/round_04/processed/details/cp/1000.json,16,ok
4,cp,1001,,组合信息,data_raw/cn_official_legacy/round_04/raw/details/cp/1001.html,data_raw/cn_official_legacy/round_04/processed/details/cp/1001.json,17,ok
4,cp,1002,,组合信息,data_raw/cn_official_legacy/round_04/raw/details/cp/1002.html,data_raw/cn_official_legacy/round_04/processed/details/cp/1002.json,17,ok
4,cp,1003,,组合信息,data_raw/cn_official_legacy/round_04/raw/details/cp/1003.html,data_raw/cn_official_legacy/round_04/processed/details/cp/1003.json,17,ok
4,cp,1004,,组合信息,data_raw/cn_official_legacy/round_04/raw/details/cp/1004.html,data_raw/cn_official_legacy/round_04/processed/details/cp/1004.json,17,ok
4,cp,1005,,组合信息,data_raw/cn_official_legacy/round_04/raw/details/cp/1005.html,data_raw/cn_official_legacy/round_04/processed/details/cp/1005.json,17,ok
4,cp,1006,,组合信息,data_raw/cn_official_legacy/round_04/raw/details/cp/1006.html,data_raw/cn_official_legacy/round_04/processed/details/cp/1006.json,17,ok
4,cp,1007,,组合信息,data_raw/cn_official_legacy/round_04/raw/details/cp/1007.html,data_raw/cn_official_legacy/round_04/processed/details/cp/1007.json,17,ok
4,cp,1008,,组合信息,data_raw/cn_official_legacy/round_04/raw/details/cp/1008.html,data_raw/cn_official_legacy/round_04/processed/details/cp/1008.json,16,ok
4,cp,1009,,组合信息,data_raw/cn_official_legacy/round_04/raw/details/cp/1009.html,data_raw/cn_official_legacy/round_04/processed/details/cp/1009.json,17,ok
4,cp,1010,,组合信息,data_raw/cn_official_legacy/round_04/raw/details/cp/1010.html,data_raw/cn_official_legacy/round_04/processed/details/cp/1010.json,16,ok
4,cp,1011,,组合信息,data_raw/cn_official_legacy/round_04/raw/details/cp/1011.html,data_raw/cn_official_legacy/round_04/processed/details/cp/1011.json,17,ok
4,cp,1012,,组合信息,data_raw/cn_official_legacy/round_04/raw/details/cp/1012.html,data_raw/cn_official_legacy/round_04/processed/details/cp/1012.json,17,ok
4,cp,1013,,组合信息,data_raw/cn_official_legacy/round_04/raw/details/cp/1013.html,data_raw/cn_official_legacy/round_04/processed/details/cp/1013.json,15,ok
4,cp,1014,,组合信息,data_raw/cn_official_legacy/round_04/raw/details/cp/1014.html,data_raw/cn_official_legacy/round_04/processed/details/cp/1014.json,17,ok
4,cp,1015,,组合信息,data_raw/cn_official_legacy/round_04/raw/details/cp/1015.html,data_raw/cn_official_legacy/round_04/processed/details/cp/1015.json,16,ok
4,cp,1016,,组合信息,data_raw/cn_official_legacy/round_04/raw/details/cp/1016.html,data_raw/cn_official_legacy/round_04/processed/details/cp/1016.json,17,ok
4,cp,1017,,组合信息,data_raw/cn_official_legacy/round_04/raw/details/cp/1017.html,data_raw/cn_official_legacy/round_04/processed/details/cp/1017.json,16,ok
4,cp,1018,,组合信息,data_raw/cn_official_legacy/round_04/raw/details/cp/1018.html,data_raw/cn_official_legacy/round_04/processed/details/cp/1018.json,17,ok
4,cp,1019,,组合信息,data_raw/cn_official_legacy/round_04/raw/details/cp/1019.html,data_raw/cn_official_legacy/round_04/processed/details/cp/1019.json,16,ok
4,cp,1020,,组合信息,data_raw/cn_official_legacy/round_04/raw/details/cp/1020.html,data_raw/cn_official_legacy/round_04/processed/details/cp/1020.json,16,ok
4,cp,1021,,组合信息,data_raw/cn_official_legacy/round_04/raw/details/cp/1021.html,data_raw/cn_official_legacy/round_04/processed/details/cp/1021.json,16,ok
4,cp,1022,,组合信息,data_raw/cn_official_legacy/round_04/raw/details/cp/1022.html,data_raw/cn_official_legacy/round_04/processed/details/cp/1022.json,16,ok
4,cp,1023,,组合信息,data_raw/cn_official_legacy/round_04/raw/details/cp/1023.html,data_raw/cn_official_legacy/round_04/processed/details/cp/1023.json,17,ok
4,cp,1024,,组合信息,data_raw/cn_official_legacy/round_04/raw/details/cp/1024.html,data_raw/cn_official_legacy/round_04/processed/details/cp/1024.json,17,ok
4,cp,1025,,组合信息,data_raw/cn_official_legacy/round_04/raw/details/cp/1025.html,data_raw/cn_official_legacy/round_04/processed/details/cp/1025.json,17,ok
4,cp,1026,,组合信息,data_raw/cn_official_legacy/round_04/raw/details/cp/1026.html,data_raw/cn_official_legacy/round_04/processed/details/cp/1026.json,17,ok
4,cp,1027,,组合信息,data_raw/cn_official_legacy/round_04/raw/details/cp/1027.html,data_raw/cn_official_legacy/round_04/processed/details/cp/1027.json,17,ok
4,cp,1028,,组合信息,data_raw/cn_official_legacy/round_04/raw/details/cp/1028.html,data_raw/cn_official_legacy/round_04/processed/details/cp/1028.json,16,ok
4,cp,1029,,组合信息,data_raw/cn_official_legacy/round_04/raw/details/cp/1029.html,data_raw/cn_official_legacy/round_04/processed/details/cp/1029.json,16,ok
4,cp,1030,,组合信息,data_raw/cn_official_legacy/round_04/raw/details/cp/1030.html,data_raw/cn_official_legacy/round_04/processed/details/cp/1030.json,16,ok
4,cp,1031,,组合信息,data_raw/cn_official_legacy/round_04/raw/details/cp/1031.html,data_raw/cn_official_legacy/round_04/processed/details/cp/1031.json,16,ok
4,cp,1032,,组合信息,data_raw/cn_official_legacy/round_04/raw/details/cp/1032.html,data_raw/cn_official_legacy/round_04/processed/details/cp/1032.json,16,ok
4,cp,1033,,组合信息,data_raw/cn_official_legacy/round_04/raw/details/cp/1033.html,data_raw/cn_official_legacy/round_04/processed/details/cp/1033.json,16,ok
4,cp,1034,,组合信息,data_raw/cn_official_legacy/round_04/raw/details/cp/1034.html,data_raw/cn_official_legacy/round_04/processed/details/cp/1034.json,16,ok
4,cp,1035,,组合信息,data_raw/cn_official_legacy/round_04/raw/details/cp/1035.html,data_raw/cn_official_legacy/round_04/processed/details/cp/1035.json,17,ok
4,cp,1036,,组合信息,data_raw/cn_official_legacy/round_04/raw/details/cp/1036.html,data_raw/cn_official_legacy/round_04/processed/details/cp/1036.json,17,ok
4,cp,1037,,组合信息,data_raw/cn_official_legacy/round_04/raw/details/cp/1037.html,data_raw/cn_official_legacy/round_04/processed/details/cp/1037.json,17,ok
4,cp,1038,,组合信息,data_raw/cn_official_legacy/round_04/raw/details/cp/1038.html,data_raw/cn_official_legacy/round_04/processed/details/cp/1038.json,17,ok
4,cp,1039,,组合信息,data_raw/cn_official_legacy/round_04/raw/details/cp/1039.html,data_raw/cn_official_legacy/round_04/processed/details/cp/1039.json,16,ok
4,cp,1040,,组合信息,data_raw/cn_official_legacy/round_04/raw/details/cp/1040.html,data_raw/cn_official_legacy/round_04/processed/details/cp/1040.json,16,ok
4,cp,1041,,组合信息,data_raw/cn_official_legacy/round_04/raw/details/cp/1041.html,data_raw/cn_official_legacy/round_04/processed/details/cp/1041.json,16,ok
4,cp,1042,,组合信息,data_raw/cn_official_legacy/round_04/raw/details/cp/1042.html,data_raw/cn_official_legacy/round_04/processed/details/cp/1042.json,17,ok
4,cp,1043,,组合信息,data_raw/cn_official_legacy/round_04/raw/details/cp/1043.html,data_raw/cn_official_legacy/round_04/processed/details/cp/1043.json,16,ok
4,cp,1044,,组合信息,data_raw/cn_official_legacy/round_04/raw/details/cp/1044.html,data_raw/cn_official_legacy/round_04/processed/details/cp/1044.json,17,ok
4,cp,1045,,组合信息,data_raw/cn_official_legacy/round_04/raw/details/cp/1045.html,data_raw/cn_official_legacy/round_04/processed/details/cp/1045.json,17,ok
4,cp,1046,,组合信息,data_raw/cn_official_legacy/round_04/raw/details/cp/1046.html,data_raw/cn_official_legacy/round_04/processed/details/cp/1046.json,16,ok
4,cp,1047,,组合信息,data_raw/cn_official_legacy/round_04/raw/details/cp/1047.html,data_raw/cn_official_legacy/round_04/processed/details/cp/1047.json,17,ok
4,cp,1048,,组合信息,data_raw/cn_official_legacy/round_04/raw/details/cp/1048.html,data_raw/cn_official_legacy/round_04/processed/details/cp/1048.json,17,ok
4,cp,1049,,组合信息,data_raw/cn_official_legacy/round_04/raw/details/cp/1049.html,data_raw/cn_official_legacy/round_04/processed/details/cp/1049.json,16,ok
4,cp,1050,,组合信息,data_raw/cn_official_legacy/round_04/raw/details/cp/1050.html,data_raw/cn_official_legacy/round_04/processed/details/cp/1050.json,16,ok
4,cp,1051,,组合信息,data_raw/cn_official_legacy/round_04/raw/details/cp/1051.html,data_raw/cn_official_legacy/round_04/processed/details/cp/1051.json,17,ok
4,cp,1052,,组合信息,data_raw/cn_official_legacy/round_04/raw/details/cp/1052.html,data_raw/cn_official_legacy/round_04/processed/details/cp/1052.json,17,ok
4,cp,1053,,组合信息,data_raw/cn_official_legacy/round_04/raw/details/cp/1053.html,data_raw/cn_official_legacy/round_04/processed/details/cp/1053.json,17,ok
4,cp,1054,,组合信息,data_raw/cn_official_legacy/round_04/raw/details/cp/1054.html,data_raw/cn_official_legacy/round_04/processed/details/cp/1054.json,17,ok
4,cp,1055,,组合信息,data_raw/cn_official_legacy/round_04/raw/details/cp/1055.html,data_raw/cn_official_legacy/round_04/processed/details/cp/1055.json,17,ok
4,cp,1056,,组合信息,data_raw/cn_official_legacy/round_04/raw/details/cp/1056.html,data_raw/cn_official_legacy/round_04/processed/details/cp/1056.json,16,ok
4,cp,1057,,组合信息,data_raw/cn_official_legacy/round_04/raw/details/cp/1057.html,data_raw/cn_official_legacy/round_04/processed/details/cp/1057.json,17,ok
4,cp,1058,,组合信息,data_raw/cn_official_legacy/round_04/raw/details/cp/1058.html,data_raw/cn_official_legacy/round_04/processed/details/cp/1058.json,16,ok
4,cp,1059,,组合信息,data_raw/cn_official_legacy/round_04/raw/details/cp/1059.html,data_raw/cn_official_legacy/round_04/processed/details/cp/1059.json,17,ok
4,cp,1060,,组合信息,data_raw/cn_official_legacy/round_04/raw/details/cp/1060.html,data_raw/cn_official_legacy/round_04/processed/details/cp/1060.json,16,ok
4,cp,1061,,组合信息,data_raw/cn_official_legacy/round_04/raw/details/cp/1061.html,data_raw/cn_official_legacy/round_04/processed/details/cp/1061.json,17,ok
4,cp,1062,,组合信息,data_raw/cn_official_legacy/round_04/raw/details/cp/1062.html,data_raw/cn_official_legacy/round_04/processed/details/cp/1062.json,17,ok
4,cp,1063,,组合信息,data_raw/cn_official_legacy/round_04/raw/details/cp/1063.html,data_raw/cn_official_legacy/round_04/processed/details/cp/1063.json,17,ok
4,cp,1064,,组合信息,data_raw/cn_official_legacy/round_04/raw/details/cp/1064.html,data_raw/cn_official_legacy/round_04/processed/details/cp/1064.json,17,ok
4,cp,1065,,组合信息,data_raw/cn_official_legacy/round_04/raw/details/cp/1065.html,data_raw/cn_official_legacy/round_04/processed/details/cp/1065.json,16,ok
4,cp,1066,,组合信息,data_raw/cn_official_legacy/round_04/raw/details/cp/1066.html,data_raw/cn_official_legacy/round_04/processed/details/cp/1066.json,17,ok
4,cp,1067,,组合信息,data_raw/cn_official_legacy/round_04/raw/details/cp/1067.html,data_raw/cn_official_legacy/round_04/processed/details/cp/1067.json,16,ok
4,cp,1068,,组合信息,data_raw/cn_official_legacy/round_04/raw/details/cp/1068.html,data_raw/cn_official_legacy/round_04/processed/details/cp/1068.json,16,ok
4,cp,1069,,组合信息,data_raw/cn_official_legacy/round_04/raw/details/cp/1069.html,data_raw/cn_official_legacy/round_04/processed/details/cp/1069.json,17,ok
4,cp,1070,,组合信息,data_raw/cn_official_legacy/round_04/raw/details/cp/1070.html,data_raw/cn_official_legacy/round_04/processed/details/cp/1070.json,17,ok
4,cp,1071,,组合信息,data_raw/cn_official_legacy/round_04/raw/details/cp/1071.html,data_raw/cn_official_legacy/round_04/processed/details/cp/1071.json,17,ok
4,cp,1072,,组合信息,data_raw/cn_official_legacy/round_04/raw/details/cp/1072.html,data_raw/cn_official_legacy/round_04/processed/details/cp/1072.json,17,ok
4,cp,1073,,组合信息,data_raw/cn_official_legacy/round_04/raw/details/cp/1073.html,data_raw/cn_official_legacy/round_04/processed/details/cp/1073.json,17,ok
4,cp,1074,,组合信息,data_raw/cn_official_legacy/round_04/raw/details/cp/1074.html,data_raw/cn_official_legacy/round_04/processed/details/cp/1074.json,17,ok
4,cp,1075,,组合信息,data_raw/cn_official_legacy/round_04/raw/details/cp/1075.html,data_raw/cn_official_legacy/round_04/processed/details/cp/1075.json,17,ok
4,cp,1076,,组合信息,data_raw/cn_official_legacy/round_04/raw/details/cp/1076.html,data_raw/cn_official_legacy/round_04/processed/details/cp/1076.json,17,ok
4,cp,1077,,组合信息,data_raw/cn_official_legacy/round_04/raw/details/cp/1077.html,data_raw/cn_official_legacy/round_04/processed/details/cp/1077.json,17,ok
4,cp,1078,,组合信息,data_raw/cn_official_legacy/round_04/raw/details/cp/1078.html,data_raw/cn_official_legacy/round_04/processed/details/cp/1078.json,15,ok
4,cp,1079,,组合信息,data_raw/cn_official_legacy/round_04/raw/details/cp/1079.html,data_raw/cn_official_legacy/round_04/processed/details/cp/1079.json,17,ok
4,cp,1080,,组合信息,data_raw/cn_official_legacy/round_04/raw/details/cp/1080.html,data_raw/cn_official_legacy/round_04/processed/details/cp/1080.json,17,ok
4,cp,1081,,组合信息,data_raw/cn_official_legacy/round_04/raw/details/cp/1081.html,data_raw/cn_official_legacy/round_04/processed/details/cp/1081.json,16,ok
4,cp,1082,,组合信息,data_raw/cn_official_legacy/round_04/raw/details/cp/1082.html,data_raw/cn_official_legacy/round_04/processed/details/cp/1082.json,17,ok
4,cp,1083,,组合信息,data_raw/cn_official_legacy/round_04/raw/details/cp/1083.html,data_raw/cn_official_legacy/round_04/processed/details/cp/1083.json,17,ok
4,cp,1084,,组合信息,data_raw/cn_official_legacy/round_04/raw/details/cp/1084.html,data_raw/cn_official_legacy/round_04/processed/details/cp/1084.json,16,ok
4,cp,1085,,组合信息,data_raw/cn_official_legacy/round_04/raw/details/cp/1085.html,data_raw/cn_official_legacy/round_04/processed/details/cp/1085.json,16,ok
4,cp,1086,,组合信息,data_raw/cn_official_legacy/round_04/raw/details/cp/1086.html,data_raw/cn_official_legacy/round_04/processed/details/cp/1086.json,16,ok
4,cp,1087,,组合信息,data_raw/cn_official_legacy/round_04/raw/details/cp/1087.html,data_raw/cn_official_legacy/round_04/processed/details/cp/1087.json,17,ok
4,cp,1088,,组合信息,data_raw/cn_official_legacy/round_04/raw/details/cp/1088.html,data_raw/cn_official_legacy/round_04/processed/details/cp/1088.json,17,ok
4,cp,1089,,组合信息,data_raw/cn_official_legacy/round_04/raw/details/cp/1089.html,data_raw/cn_official_legacy/round_04/processed/details/cp/1089.json,16,ok
4,cp,1090,,组合信息,data_raw/cn_official_legacy/round_04/raw/details/cp/1090.html,data_raw/cn_official_legacy/round_04/processed/details/cp/1090.json,16,ok
4,cp,1091,,组合信息,data_raw/cn_official_legacy/round_04/raw/details/cp/1091.html,data_raw/cn_official_legacy/round_04/processed/details/cp/1091.json,16,ok
4,cp,1092,,组合信息,data_raw/cn_official_legacy/round_04/raw/details/cp/1092.html,data_raw/cn_official_legacy/round_04/processed/details/cp/1092.json,16,ok
4,cp,1093,,组合信息,data_raw/cn_official_legacy/round_04/raw/details/cp/1093.html,data_raw/cn_official_legacy/round_04/processed/details/cp/1093.json,16,ok
4,cp,1094,,组合信息,data_raw/cn_official_legacy/round_04/raw/details/cp/1094.html,data_raw/cn_official_legacy/round_04/processed/details/cp/1094.json,16,ok
4,cp,1095,,组合信息,data_raw/cn_official_legacy/round_04/raw/details/cp/1095.html,data_raw/cn_official_legacy/round_04/processed/details/cp/1095.json,15,ok
4,cp,1096,,组合信息,data_raw/cn_official_legacy/round_04/raw/details/cp/1096.html,data_raw/cn_official_legacy/round_04/processed/details/cp/1096.json,16,ok
4,cp,1097,,组合信息,data_raw/cn_official_legacy/round_04/raw/details/cp/1097.html,data_raw/cn_official_legacy/round_04/processed/details/cp/1097.json,17,ok
4,cp,1098,,组合信息,data_raw/cn_official_legacy/round_04/raw/details/cp/1098.html,data_raw/cn_official_legacy/round_04/processed/details/cp/1098.json,16,ok
4,cp,1099,,组合信息,data_raw/cn_official_legacy/round_04/raw/details/cp/1099.html,data_raw/cn_official_legacy/round_04/processed/details/cp/1099.json,16,ok
4,cp,1100,,组合信息,data_raw/cn_official_legacy/round_04/raw/details/cp/1100.html,data_raw/cn_official_legacy/round_04/processed/details/cp/1100.json,17,ok
4,cp,1101,,组合信息,data_raw/cn_official_legacy/round_04/raw/details/cp/1101.html,data_raw/cn_official_legacy/round_04/processed/details/cp/1101.json,16,ok
4,cp,1102,,组合信息,data_raw/cn_official_legacy/round_04/raw/details/cp/1102.html,data_raw/cn_official_legacy/round_04/processed/details/cp/1102.json,17,ok
4,cp,1103,,组合信息,data_raw/cn_official_legacy/round_04/raw/details/cp/1103.html,data_raw/cn_official_legacy/round_04/processed/details/cp/1103.json,17,ok
4,cp,1104,,组合信息,data_raw/cn_official_legacy/round_04/raw/details/cp/1104.html,data_raw/cn_official_legacy/round_04/processed/details/cp/1104.json,17,ok
4,cp,1105,,组合信息,data_raw/cn_official_legacy/round_04/raw/details/cp/1105.html,data_raw/cn_official_legacy/round_04/processed/details/cp/1105.json,16,ok
4,cp,1106,,组合信息,data_raw/cn_official_legacy/round_04/raw/details/cp/1106.html,data_raw/cn_official_legacy/round_04/processed/details/cp/1106.json,16,ok
4,cp,1107,,组合信息,data_raw/cn_official_legacy/round_04/raw/details/cp/1107.html,data_raw/cn_official_legacy/round_04/processed/details/cp/1107.json,16,ok
4,cp,1108,,组合信息,data_raw/cn_official_legacy/round_04/raw/details/cp/1108.html,data_raw/cn_official_legacy/round_04/processed/details/cp/1108.json,17,ok
4,cp,1109,,组合信息,data_raw/cn_official_legacy/round_04/raw/details/cp/1109.html,data_raw/cn_official_legacy/round_04/processed/details/cp/1109.json,16,ok
4,cp,1110,,组合信息,data_raw/cn_official_legacy/round_04/raw/details/cp/1110.html,data_raw/cn_official_legacy/round_04/processed/details/cp/1110.json,16,ok
4,cp,1111,,组合信息,data_raw/cn_official_legacy/round_04/raw/details/cp/1111.html,data_raw/cn_official_legacy/round_04/processed/details/cp/1111.json,16,ok
4,cp,1112,,组合信息,data_raw/cn_official_legacy/round_04/raw/details/cp/1112.html,data_raw/cn_official_legacy/round_04/processed/details/cp/1112.json,16,ok
4,cp,1113,,组合信息,data_raw/cn_official_legacy/round_04/raw/details/cp/1113.html,data_raw/cn_official_legacy/round_04/processed/details/cp/1113.json,16,ok
4,cp,1114,,组合信息,data_raw/cn_official_legacy/round_04/raw/details/cp/1114.html,data_raw/cn_official_legacy/round_04/processed/details/cp/1114.json,17,ok
4,cp,1115,,组合信息,data_raw/cn_official_legacy/round_04/raw/details/cp/1115.html,data_raw/cn_official_legacy/round_04/processed/details/cp/1115.json,17,ok
4,cp,1116,,组合信息,data_raw/cn_official_legacy/round_04/raw/details/cp/1116.html,data_raw/cn_official_legacy/round_04/processed/details/cp/1116.json,16,ok
4,cp,1117,,组合信息,data_raw/cn_official_legacy/round_04/raw/details/cp/1117.html,data_raw/cn_official_legacy/round_04/processed/details/cp/1117.json,16,ok
4,cp,1118,,组合信息,data_raw/cn_official_legacy/round_04/raw/details/cp/1118.html,data_raw/cn_official_legacy/round_04/processed/details/cp/1118.json,17,ok
4,music,1,,A Sacred Lot,data_raw/cn_official_legacy/round_04/raw/details/music/1.html,data_raw/cn_official_legacy/round_04/processed/details/music/1.json,15,ok
4,music,2,,永遠の巫女,data_raw/cn_official_legacy/round_04/raw/details/music/2.html,data_raw/cn_official_legacy/round_04/processed/details/music/2.json,15,ok
4,music,3,,The Positive and Negative,data_raw/cn_official_legacy/round_04/raw/details/music/3.html,data_raw/cn_official_legacy/round_04/processed/details/music/3.json,15,ok
4,music,4,,Highly Responsive to Prayers,data_raw/cn_official_legacy/round_04/raw/details/music/4.html,data_raw/cn_official_legacy/round_04/processed/details/music/4.json,15,ok
4,music,5,,東方怪奇談,data_raw/cn_official_legacy/round_04/raw/details/music/5.html,data_raw/cn_official_legacy/round_04/processed/details/music/5.json,15,ok
4,music,6,,天使伝説,data_raw/cn_official_legacy/round_04/raw/details/music/6.html,data_raw/cn_official_legacy/round_04/processed/details/music/6.json,15,ok
4,music,7,,Oriental Magician,data_raw/cn_official_legacy/round_04/raw/details/music/7.html,data_raw/cn_official_legacy/round_04/processed/details/music/7.json,15,ok
4,music,8,,破邪の小太刀,data_raw/cn_official_legacy/round_04/raw/details/music/8.html,data_raw/cn_official_legacy/round_04/processed/details/music/8.json,15,ok
4,music,9,,魔鏡,data_raw/cn_official_legacy/round_04/raw/details/music/9.html,data_raw/cn_official_legacy/round_04/processed/details/music/9.json,15,ok
4,music,10,,the Legend of KAGE,data_raw/cn_official_legacy/round_04/raw/details/music/10.html,data_raw/cn_official_legacy/round_04/processed/details/music/10.json,15,ok
4,music,11,,いざ、倒れ逝くその時まで,data_raw/cn_official_legacy/round_04/raw/details/music/11.html,data_raw/cn_official_legacy/round_04/processed/details/music/11.json,15,ok
4,music,12,,死なばもろとも,data_raw/cn_official_legacy/round_04/raw/details/music/12.html,data_raw/cn_official_legacy/round_04/processed/details/music/12.json,15,ok
4,music,13,,星幽剣士,data_raw/cn_official_legacy/round_04/raw/details/music/13.html,data_raw/cn_official_legacy/round_04/processed/details/music/13.json,15,ok
4,music,14,,アイリス,data_raw/cn_official_legacy/round_04/raw/details/music/14.html,data_raw/cn_official_legacy/round_04/processed/details/music/14.json,15,ok
4,music,15,,風の神社,data_raw/cn_official_legacy/round_04/raw/details/music/15.html,data_raw/cn_official_legacy/round_04/processed/details/music/15.json,15,ok
4,music,16,,東方封魔録 ～ 浄土曼荼羅,data_raw/cn_official_legacy/round_04/raw/details/music/16.html,data_raw/cn_official_legacy/round_04/processed/details/music/16.json,15,ok
4,music,17,,博麗 ～ Eastern Wind,data_raw/cn_official_legacy/round_04/raw/details/music/17.html,data_raw/cn_official_legacy/round_04/processed/details/music/17.json,15,ok
4,music,18,,She's in a temper!!,data_raw/cn_official_legacy/round_04/raw/details/music/18.html,data_raw/cn_official_legacy/round_04/processed/details/music/18.json,15,ok
4,music,19,,End of Daylight,data_raw/cn_official_legacy/round_04/raw/details/music/19.html,data_raw/cn_official_legacy/round_04/processed/details/music/19.json,15,ok
4,music,20,,やみのちから,data_raw/cn_official_legacy/round_04/raw/details/music/20.html,data_raw/cn_official_legacy/round_04/processed/details/music/20.json,15,ok
4,music,21,,幻夢界,data_raw/cn_official_legacy/round_04/raw/details/music/21.html,data_raw/cn_official_legacy/round_04/processed/details/music/21.json,15,ok
4,music,22,,死を賭して,data_raw/cn_official_legacy/round_04/raw/details/music/22.html,data_raw/cn_official_legacy/round_04/processed/details/music/22.json,15,ok
4,music,23,,ひもろぎ、むらさきにもえ,data_raw/cn_official_legacy/round_04/raw/details/music/23.html,data_raw/cn_official_legacy/round_04/processed/details/music/23.json,15,ok
4,music,24,,恋色マジック,data_raw/cn_official_legacy/round_04/raw/details/music/24.html,data_raw/cn_official_legacy/round_04/processed/details/music/24.json,15,ok
4,music,25,,東方封魔録 ～ 幽幻乱舞,data_raw/cn_official_legacy/round_04/raw/details/music/25.html,data_raw/cn_official_legacy/round_04/processed/details/music/25.json,15,ok
4,music,26,,Complete Darkness,data_raw/cn_official_legacy/round_04/raw/details/music/26.html,data_raw/cn_official_legacy/round_04/processed/details/music/26.json,15,ok
4,music,27,,Extra Love,data_raw/cn_official_legacy/round_04/raw/details/music/27.html,data_raw/cn_official_legacy/round_04/processed/details/music/27.json,15,ok
4,music,28,,戦車むすめのみるゆめ,data_raw/cn_official_legacy/round_04/raw/details/music/28.html,data_raw/cn_official_legacy/round_04/processed/details/music/28.json,15,ok
4,music,29,,遠野の森,data_raw/cn_official_legacy/round_04/raw/details/music/29.html,data_raw/cn_official_legacy/round_04/processed/details/music/29.json,15,ok
4,music,30,,昔話わんだーらんど,data_raw/cn_official_legacy/round_04/raw/details/music/30.html,data_raw/cn_official_legacy/round_04/processed/details/music/30.json,15,ok
4,music,31,,博麗神社境内,data_raw/cn_official_legacy/round_04/raw/details/music/31.html,data_raw/cn_official_legacy/round_04/processed/details/music/31.json,15,ok
4,music,32,,陽落ちて,data_raw/cn_official_legacy/round_04/raw/details/music/32.html,data_raw/cn_official_legacy/round_04/processed/details/music/32.json,15,ok
4,music,33,,封魔終演,data_raw/cn_official_legacy/round_04/raw/details/music/33.html,data_raw/cn_official_legacy/round_04/processed/details/music/33.json,15,ok
4,music,34,,夢は時空を越えて,data_raw/cn_official_legacy/round_04/raw/details/music/34.html,data_raw/cn_official_legacy/round_04/processed/details/music/34.json,15,ok
4,music,35,,Selection,data_raw/cn_official_legacy/round_04/raw/details/music/35.html,data_raw/cn_official_legacy/round_04/processed/details/music/35.json,15,ok
4,music,36,,東方妖恋談,data_raw/cn_official_legacy/round_04/raw/details/music/36.html,data_raw/cn_official_legacy/round_04/processed/details/music/36.json,15,ok
4,music,37,,Reincarnation,data_raw/cn_official_legacy/round_04/raw/details/music/37.html,data_raw/cn_official_legacy/round_04/processed/details/music/37.json,15,ok
4,music,38,,Dim. Dream,data_raw/cn_official_legacy/round_04/raw/details/music/38.html,data_raw/cn_official_legacy/round_04/processed/details/music/38.json,15,ok
4,music,39,,Tabula rasa ～ 空白少女,data_raw/cn_official_legacy/round_04/raw/details/music/39.html,data_raw/cn_official_legacy/round_04/processed/details/music/39.json,15,ok
4,music,40,,Maniacal Princess,data_raw/cn_official_legacy/round_04/raw/details/music/40.html,data_raw/cn_official_legacy/round_04/processed/details/music/40.json,15,ok
4,music,41,,夢消失 ～ Lost Dream,data_raw/cn_official_legacy/round_04/raw/details/music/41.html,data_raw/cn_official_legacy/round_04/processed/details/music/41.json,15,ok
4,music,42,,夢幻遊戯 ～ Dream War,data_raw/cn_official_legacy/round_04/raw/details/music/42.html,data_raw/cn_official_legacy/round_04/processed/details/music/42.json,15,ok
4,music,43,,魔法決戦！ ～ Fight it out!,data_raw/cn_official_legacy/round_04/raw/details/music/43.html,data_raw/cn_official_legacy/round_04/processed/details/music/43.json,15,ok
4,music,44,,Sailor of Time,data_raw/cn_official_legacy/round_04/raw/details/music/44.html,data_raw/cn_official_legacy/round_04/processed/details/music/44.json,15,ok
4,music,45,,Strawberry Crisis!!,data_raw/cn_official_legacy/round_04/raw/details/music/45.html,data_raw/cn_official_legacy/round_04/processed/details/music/45.json,15,ok
4,music,46,,非統一魔法世界論,data_raw/cn_official_legacy/round_04/raw/details/music/46.html,data_raw/cn_official_legacy/round_04/processed/details/music/46.json,15,ok
4,music,47,,魔法鐘愛,data_raw/cn_official_legacy/round_04/raw/details/music/47.html,data_raw/cn_official_legacy/round_04/processed/details/music/47.json,15,ok
4,music,48,,久遠の夢,data_raw/cn_official_legacy/round_04/raw/details/music/48.html,data_raw/cn_official_legacy/round_04/processed/details/music/48.json,15,ok
4,music,49,,東方の青い空,data_raw/cn_official_legacy/round_04/raw/details/music/49.html,data_raw/cn_official_legacy/round_04/processed/details/music/49.json,15,ok
4,music,50,,永遠の満月,data_raw/cn_official_legacy/round_04/raw/details/music/50.html,data_raw/cn_official_legacy/round_04/processed/details/music/50.json,15,ok
4,music,51,,Maple Dream...,data_raw/cn_official_legacy/round_04/raw/details/music/51.html,data_raw/cn_official_legacy/round_04/processed/details/music/51.json,15,ok
4,music,52,,霊人の休日,data_raw/cn_official_legacy/round_04/raw/details/music/52.html,data_raw/cn_official_legacy/round_04/processed/details/music/52.json,15,ok
4,music,53,,勝利デモ,data_raw/cn_official_legacy/round_04/raw/details/music/53.html,data_raw/cn_official_legacy/round_04/processed/details/music/53.json,15,ok
4,music,54,,ゲームオーバー,data_raw/cn_official_legacy/round_04/raw/details/music/54.html,data_raw/cn_official_legacy/round_04/processed/details/music/54.json,15,ok
4,music,55,,時の風,data_raw/cn_official_legacy/round_04/raw/details/music/55.html,data_raw/cn_official_legacy/round_04/processed/details/music/55.json,15,ok
4,music,56,,スターボウドリーム,data_raw/cn_official_legacy/round_04/raw/details/music/56.html,data_raw/cn_official_legacy/round_04/processed/details/music/56.json,15,ok
4,music,57,,Phantasmagoria,data_raw/cn_official_legacy/round_04/raw/details/music/57.html,data_raw/cn_official_legacy/round_04/processed/details/music/57.json,15,ok
4,music,58,,幻想郷 ～ Lotus Land Story,data_raw/cn_official_legacy/round_04/raw/details/music/58.html,data_raw/cn_official_legacy/round_04/processed/details/music/58.json,15,ok
4,music,59,,Witching Dream,data_raw/cn_official_legacy/round_04/raw/details/music/59.html,data_raw/cn_official_legacy/round_04/processed/details/music/59.json,15,ok
4,music,60,,Selene's light,data_raw/cn_official_legacy/round_04/raw/details/music/60.html,data_raw/cn_official_legacy/round_04/processed/details/music/60.json,15,ok
4,music,61,,装飾戦 ～ Decoration Battle,data_raw/cn_official_legacy/round_04/raw/details/music/61.html,data_raw/cn_official_legacy/round_04/processed/details/music/61.json,15,ok
4,music,62,,Break the Sabbath,data_raw/cn_official_legacy/round_04/raw/details/music/62.html,data_raw/cn_official_legacy/round_04/processed/details/music/62.json,15,ok
4,music,63,,紅響曲 ～ Scarlet Phoneme,data_raw/cn_official_legacy/round_04/raw/details/music/63.html,data_raw/cn_official_legacy/round_04/processed/details/music/63.json,15,ok
4,music,64,,Bad Apple!!,data_raw/cn_official_legacy/round_04/raw/details/music/64.html,data_raw/cn_official_legacy/round_04/processed/details/music/64.json,15,ok
4,music,65,,霊戦 ～ Perdition crisis,data_raw/cn_official_legacy/round_04/raw/details/music/65.html,data_raw/cn_official_legacy/round_04/processed/details/music/65.json,15,ok
4,music,66,,アリスマエステラ,data_raw/cn_official_legacy/round_04/raw/details/music/66.html,data_raw/cn_official_legacy/round_04/processed/details/music/66.json,15,ok
4,music,67,,少女綺想曲 ～ Capriccio,data_raw/cn_official_legacy/round_04/raw/details/music/67.html,data_raw/cn_official_legacy/round_04/processed/details/music/67.json,15,ok
4,music,68,,星の器 ～ Casket of Star,data_raw/cn_official_legacy/round_04/raw/details/music/68.html,data_raw/cn_official_legacy/round_04/processed/details/music/68.json,15,ok
4,music,69,,Lotus Love,data_raw/cn_official_legacy/round_04/raw/details/music/69.html,data_raw/cn_official_legacy/round_04/processed/details/music/69.json,15,ok
4,music,70,,眠れる恐怖 ～ Sleeping Terror,data_raw/cn_official_legacy/round_04/raw/details/music/70.html,data_raw/cn_official_legacy/round_04/processed/details/music/70.json,15,ok
4,music,71,,Dream Land,data_raw/cn_official_legacy/round_04/raw/details/music/71.html,data_raw/cn_official_legacy/round_04/processed/details/music/71.json,15,ok
4,music,72,,幽夢 ～ Inanimate Dream,data_raw/cn_official_legacy/round_04/raw/details/music/72.html,data_raw/cn_official_legacy/round_04/processed/details/music/72.json,15,ok
4,music,73,,禁じざるをえない遊戯,data_raw/cn_official_legacy/round_04/raw/details/music/73.html,data_raw/cn_official_legacy/round_04/processed/details/music/73.json,15,ok
4,music,74,,メイド幻想 ～ Icemilk Magic,data_raw/cn_official_legacy/round_04/raw/details/music/74.html,data_raw/cn_official_legacy/round_04/processed/details/music/74.json,15,ok
4,music,75,,かわいい悪魔 ～ Innocence,data_raw/cn_official_legacy/round_04/raw/details/music/75.html,data_raw/cn_official_legacy/round_04/processed/details/music/75.json,15,ok
4,music,76,,Days,data_raw/cn_official_legacy/round_04/raw/details/music/76.html,data_raw/cn_official_legacy/round_04/processed/details/music/76.json,15,ok
4,music,77,,Peaceful,data_raw/cn_official_legacy/round_04/raw/details/music/77.html,data_raw/cn_official_legacy/round_04/processed/details/music/77.json,15,ok
4,music,78,,Arcadian Dream,data_raw/cn_official_legacy/round_04/raw/details/music/78.html,data_raw/cn_official_legacy/round_04/processed/details/music/78.json,15,ok
4,music,79,,幻想の住人,data_raw/cn_official_legacy/round_04/raw/details/music/79.html,data_raw/cn_official_legacy/round_04/processed/details/music/79.json,15,ok
4,music,80,,Lotus Road,data_raw/cn_official_legacy/round_04/raw/details/music/80.html,data_raw/cn_official_legacy/round_04/processed/details/music/80.json,15,ok
4,music,81,,Dreamy pilot,data_raw/cn_official_legacy/round_04/raw/details/music/81.html,data_raw/cn_official_legacy/round_04/processed/details/music/81.json,15,ok
4,music,82,,Incomplete Plot,data_raw/cn_official_legacy/round_04/raw/details/music/82.html,data_raw/cn_official_legacy/round_04/processed/details/music/82.json,15,ok
4,music,83,,Border Land,data_raw/cn_official_legacy/round_04/raw/details/music/83.html,data_raw/cn_official_legacy/round_04/processed/details/music/83.json,15,ok
4,music,84,,Magic Shop of Raspberry,data_raw/cn_official_legacy/round_04/raw/details/music/84.html,data_raw/cn_official_legacy/round_04/processed/details/music/84.json,15,ok
4,music,85,,Crescent Dream,data_raw/cn_official_legacy/round_04/raw/details/music/85.html,data_raw/cn_official_legacy/round_04/processed/details/music/85.json,15,ok
4,music,86,,怪綺談 ～ Mystic Square,data_raw/cn_official_legacy/round_04/raw/details/music/86.html,data_raw/cn_official_legacy/round_04/processed/details/music/86.json,15,ok
4,music,87,,Dream Express,data_raw/cn_official_legacy/round_04/raw/details/music/87.html,data_raw/cn_official_legacy/round_04/processed/details/music/87.json,15,ok
4,music,88,,魔法陣 ～ Magic Square,data_raw/cn_official_legacy/round_04/raw/details/music/88.html,data_raw/cn_official_legacy/round_04/processed/details/music/88.json,15,ok
4,music,89,,夢想時空,data_raw/cn_official_legacy/round_04/raw/details/music/89.html,data_raw/cn_official_legacy/round_04/processed/details/music/89.json,15,ok
4,music,90,,霊天 ～ Spiritual Heaven,data_raw/cn_official_legacy/round_04/raw/details/music/90.html,data_raw/cn_official_legacy/round_04/processed/details/music/90.json,15,ok
4,music,91,,Romantic Children,data_raw/cn_official_legacy/round_04/raw/details/music/91.html,data_raw/cn_official_legacy/round_04/processed/details/music/91.json,15,ok
4,music,92,,プラスチックマインド,data_raw/cn_official_legacy/round_04/raw/details/music/92.html,data_raw/cn_official_legacy/round_04/processed/details/music/92.json,15,ok
4,music,93,,メイプルワイズ,data_raw/cn_official_legacy/round_04/raw/details/music/93.html,data_raw/cn_official_legacy/round_04/processed/details/music/93.json,15,ok
4,music,94,,禁断の魔法 ～ Forbidden Magic,data_raw/cn_official_legacy/round_04/raw/details/music/94.html,data_raw/cn_official_legacy/round_04/processed/details/music/94.json,15,ok
4,music,95,,真紅の少女 ～ Crimson Dead!!,data_raw/cn_official_legacy/round_04/raw/details/music/95.html,data_raw/cn_official_legacy/round_04/processed/details/music/95.json,15,ok
4,music,96,,裏切りの少女 ～ Judas Kiss,data_raw/cn_official_legacy/round_04/raw/details/music/96.html,data_raw/cn_official_legacy/round_04/processed/details/music/96.json,15,ok
4,music,97,,the Last Judgement,data_raw/cn_official_legacy/round_04/raw/details/music/97.html,data_raw/cn_official_legacy/round_04/processed/details/music/97.json,15,ok
4,music,98,,悲しき人形 ～ Doll of Misery,data_raw/cn_official_legacy/round_04/raw/details/music/98.html,data_raw/cn_official_legacy/round_04/processed/details/music/98.json,15,ok
4,music,99,,世界の果て ～ World's End,data_raw/cn_official_legacy/round_04/raw/details/music/99.html,data_raw/cn_official_legacy/round_04/processed/details/music/99.json,15,ok
4,music,100,,神話幻想 ～ Infinite Being,data_raw/cn_official_legacy/round_04/raw/details/music/100.html,data_raw/cn_official_legacy/round_04/processed/details/music/100.json,15,ok
4,music,101,,不思議の国のアリス,data_raw/cn_official_legacy/round_04/raw/details/music/101.html,data_raw/cn_official_legacy/round_04/processed/details/music/101.json,15,ok
4,music,102,,the Grimoire of Alice,data_raw/cn_official_legacy/round_04/raw/details/music/102.html,data_raw/cn_official_legacy/round_04/processed/details/music/102.json,15,ok
4,music,103,,神社,data_raw/cn_official_legacy/round_04/raw/details/music/103.html,data_raw/cn_official_legacy/round_04/processed/details/music/103.json,15,ok
4,music,104,,Endless,data_raw/cn_official_legacy/round_04/raw/details/music/104.html,data_raw/cn_official_legacy/round_04/processed/details/music/104.json,15,ok
4,music,105,,久遠の楽園,data_raw/cn_official_legacy/round_04/raw/details/music/105.html,data_raw/cn_official_legacy/round_04/processed/details/music/105.json,15,ok
4,music,106,,Mystic Dream,data_raw/cn_official_legacy/round_04/raw/details/music/106.html,data_raw/cn_official_legacy/round_04/processed/details/music/106.json,15,ok
4,music,107,,Peaceful Romancer,data_raw/cn_official_legacy/round_04/raw/details/music/107.html,data_raw/cn_official_legacy/round_04/processed/details/music/107.json,15,ok
4,music,108,,魂の休らむ所,data_raw/cn_official_legacy/round_04/raw/details/music/108.html,data_raw/cn_official_legacy/round_04/processed/details/music/108.json,15,ok
4,music,109,,赤より紅い夢,data_raw/cn_official_legacy/round_04/raw/details/music/109.html,data_raw/cn_official_legacy/round_04/processed/details/music/109.json,15,ok
4,music,110,,ほおずきみたいに紅い魂,data_raw/cn_official_legacy/round_04/raw/details/music/110.html,data_raw/cn_official_legacy/round_04/processed/details/music/110.json,15,ok
4,music,111,,妖魔夜行,data_raw/cn_official_legacy/round_04/raw/details/music/111.html,data_raw/cn_official_legacy/round_04/processed/details/music/111.json,15,ok
4,music,112,,ルーネイトエルフ,data_raw/cn_official_legacy/round_04/raw/details/music/112.html,data_raw/cn_official_legacy/round_04/processed/details/music/112.json,15,ok
4,music,113,,おてんば恋娘,data_raw/cn_official_legacy/round_04/raw/details/music/113.html,data_raw/cn_official_legacy/round_04/processed/details/music/113.json,15,ok
4,music,114,,上海紅茶館 ～ Chinese Tea,data_raw/cn_official_legacy/round_04/raw/details/music/114.html,data_raw/cn_official_legacy/round_04/processed/details/music/114.json,15,ok
4,music,115,,明治十七年の上海アリス,data_raw/cn_official_legacy/round_04/raw/details/music/115.html,data_raw/cn_official_legacy/round_04/processed/details/music/115.json,15,ok
4,music,116,,ヴワル魔法図書館,data_raw/cn_official_legacy/round_04/raw/details/music/116.html,data_raw/cn_official_legacy/round_04/processed/details/music/116.json,15,ok
4,music,117,,ラクトガール ～ 少女密室,data_raw/cn_official_legacy/round_04/raw/details/music/117.html,data_raw/cn_official_legacy/round_04/processed/details/music/117.json,15,ok
4,music,118,,メイドと血の懐中時計,data_raw/cn_official_legacy/round_04/raw/details/music/118.html,data_raw/cn_official_legacy/round_04/processed/details/music/118.json,15,ok
4,music,119,,月時計 ～ ルナ・ダイアル,data_raw/cn_official_legacy/round_04/raw/details/music/119.html,data_raw/cn_official_legacy/round_04/processed/details/music/119.json,15,ok
4,music,120,,ツェペシュの幼き末裔,data_raw/cn_official_legacy/round_04/raw/details/music/120.html,data_raw/cn_official_legacy/round_04/processed/details/music/120.json,15,ok
4,music,121,,亡き王女の為のセプテット,data_raw/cn_official_legacy/round_04/raw/details/music/121.html,data_raw/cn_official_legacy/round_04/processed/details/music/121.json,15,ok
4,music,122,,魔法少女達の百年祭,data_raw/cn_official_legacy/round_04/raw/details/music/122.html,data_raw/cn_official_legacy/round_04/processed/details/music/122.json,15,ok
4,music,123,,U.N.オーエンは彼女なのか？,data_raw/cn_official_legacy/round_04/raw/details/music/123.html,data_raw/cn_official_legacy/round_04/processed/details/music/123.json,15,ok
4,music,124,,紅より儚い永遠,data_raw/cn_official_legacy/round_04/raw/details/music/124.html,data_raw/cn_official_legacy/round_04/processed/details/music/124.json,15,ok
4,music,125,,紅楼 ～ Eastern Dream...,data_raw/cn_official_legacy/round_04/raw/details/music/125.html,data_raw/cn_official_legacy/round_04/processed/details/music/125.json,15,ok
4,music,126,,妖々夢 ～ Snow or Cherry Petal,data_raw/cn_official_legacy/round_04/raw/details/music/126.html,data_raw/cn_official_legacy/round_04/processed/details/music/126.json,15,ok
4,music,127,,無何有の郷 ～ Deep Mountain,data_raw/cn_official_legacy/round_04/raw/details/music/127.html,data_raw/cn_official_legacy/round_04/processed/details/music/127.json,15,ok
4,music,128,,クリスタライズシルバー,data_raw/cn_official_legacy/round_04/raw/details/music/128.html,data_raw/cn_official_legacy/round_04/processed/details/music/128.json,15,ok
4,music,129,,遠野幻想物語,data_raw/cn_official_legacy/round_04/raw/details/music/129.html,data_raw/cn_official_legacy/round_04/processed/details/music/129.json,15,ok
4,music,130,,ティアオイエツォン(withered leaf),data_raw/cn_official_legacy/round_04/raw/details/music/130.html,data_raw/cn_official_legacy/round_04/processed/details/music/130.json,15,ok
4,music,131,,ブクレシュティの人形師,data_raw/cn_official_legacy/round_04/raw/details/music/131.html,data_raw/cn_official_legacy/round_04/processed/details/music/131.json,15,ok
4,music,132,,人形裁判 ～ 人の形弄びし少女,data_raw/cn_official_legacy/round_04/raw/details/music/132.html,data_raw/cn_official_legacy/round_04/processed/details/music/132.json,15,ok
4,music,133,,天空の花の都,data_raw/cn_official_legacy/round_04/raw/details/music/133.html,data_raw/cn_official_legacy/round_04/processed/details/music/133.json,15,ok
4,music,134,,幽霊楽団 ～ Phantom Ensemble,data_raw/cn_official_legacy/round_04/raw/details/music/134.html,data_raw/cn_official_legacy/round_04/processed/details/music/134.json,15,ok
4,music,135,,東方妖々夢 ～ Ancient Temple,data_raw/cn_official_legacy/round_04/raw/details/music/135.html,data_raw/cn_official_legacy/round_04/processed/details/music/135.json,15,ok
4,music,136,,広有射怪鳥事 ～ Till When?,data_raw/cn_official_legacy/round_04/raw/details/music/136.html,data_raw/cn_official_legacy/round_04/processed/details/music/136.json,15,ok
4,music,137,,アルティメットトゥルース,data_raw/cn_official_legacy/round_04/raw/details/music/137.html,data_raw/cn_official_legacy/round_04/processed/details/music/137.json,15,ok
4,music,138,,幽雅に咲かせ、墨染の桜 ～ Border of Life,data_raw/cn_official_legacy/round_04/raw/details/music/138.html,data_raw/cn_official_legacy/round_04/processed/details/music/138.json,15,ok
4,music,139,,ボーダーオブライフ,data_raw/cn_official_legacy/round_04/raw/details/music/139.html,data_raw/cn_official_legacy/round_04/processed/details/music/139.json,15,ok
4,music,140,,妖々跋扈,data_raw/cn_official_legacy/round_04/raw/details/music/140.html,data_raw/cn_official_legacy/round_04/processed/details/music/140.json,15,ok
4,music,141,,少女幻葬～ Necro-Fantasy,data_raw/cn_official_legacy/round_04/raw/details/music/141.html,data_raw/cn_official_legacy/round_04/processed/details/music/141.json,15,ok
4,music,142,,妖々跋扈 ～ Who done it!,data_raw/cn_official_legacy/round_04/raw/details/music/142.html,data_raw/cn_official_legacy/round_04/processed/details/music/142.json,15,ok
4,music,143,,ネクロファンタジア,data_raw/cn_official_legacy/round_04/raw/details/music/143.html,data_raw/cn_official_legacy/round_04/processed/details/music/143.json,15,ok
4,music,144,,春風の夢,data_raw/cn_official_legacy/round_04/raw/details/music/144.html,data_raw/cn_official_legacy/round_04/processed/details/music/144.json,15,ok
4,music,145,,さくらさくら ～ Japanize Dream...,data_raw/cn_official_legacy/round_04/raw/details/music/145.html,data_raw/cn_official_legacy/round_04/processed/details/music/145.json,15,ok
4,music,146,,萃夢想,data_raw/cn_official_legacy/round_04/raw/details/music/146.html,data_raw/cn_official_legacy/round_04/processed/details/music/146.json,15,ok
4,music,147,,Demystify Feast,data_raw/cn_official_legacy/round_04/raw/details/music/147.html,data_raw/cn_official_legacy/round_04/processed/details/music/147.json,15,ok
4,music,148,,夜が降りてくる ～ Evening Star,data_raw/cn_official_legacy/round_04/raw/details/music/148.html,data_raw/cn_official_legacy/round_04/processed/details/music/148.json,15,ok
4,music,149,,御伽の国の鬼が島 ～ Missing Power,data_raw/cn_official_legacy/round_04/raw/details/music/149.html,data_raw/cn_official_legacy/round_04/processed/details/music/149.json,15,ok
4,music,150,,夏明き,data_raw/cn_official_legacy/round_04/raw/details/music/150.html,data_raw/cn_official_legacy/round_04/processed/details/music/150.json,15,ok
4,music,151,,東方萃夢想,data_raw/cn_official_legacy/round_04/raw/details/music/151.html,data_raw/cn_official_legacy/round_04/processed/details/music/151.json,15,ok
4,music,152,,魔所,data_raw/cn_official_legacy/round_04/raw/details/music/152.html,data_raw/cn_official_legacy/round_04/processed/details/music/152.json,15,ok
4,music,153,,月輪,data_raw/cn_official_legacy/round_04/raw/details/music/153.html,data_raw/cn_official_legacy/round_04/processed/details/music/153.json,15,ok
4,music,154,,遍参,data_raw/cn_official_legacy/round_04/raw/details/music/154.html,data_raw/cn_official_legacy/round_04/processed/details/music/154.json,15,ok
4,music,155,,裏心,data_raw/cn_official_legacy/round_04/raw/details/music/155.html,data_raw/cn_official_legacy/round_04/processed/details/music/155.json,15,ok
4,music,156,,Intermezzo,data_raw/cn_official_legacy/round_04/raw/details/music/156.html,data_raw/cn_official_legacy/round_04/processed/details/music/156.json,15,ok
4,music,157,,あゆのかぜ,data_raw/cn_official_legacy/round_04/raw/details/music/157.html,data_raw/cn_official_legacy/round_04/processed/details/music/157.json,15,ok
4,music,158,,森閑,data_raw/cn_official_legacy/round_04/raw/details/music/158.html,data_raw/cn_official_legacy/round_04/processed/details/music/158.json,15,ok
4,music,159,,仰空,data_raw/cn_official_legacy/round_04/raw/details/music/159.html,data_raw/cn_official_legacy/round_04/processed/details/music/159.json,15,ok
4,music,160,,幽境,data_raw/cn_official_legacy/round_04/raw/details/music/160.html,data_raw/cn_official_legacy/round_04/processed/details/music/160.json,15,ok
4,music,161,,珍客,data_raw/cn_official_legacy/round_04/raw/details/music/161.html,data_raw/cn_official_legacy/round_04/processed/details/music/161.json,15,ok
4,music,162,,紅夜,data_raw/cn_official_legacy/round_04/raw/details/music/162.html,data_raw/cn_official_legacy/round_04/processed/details/music/162.json,15,ok
4,music,163,,戦迅,data_raw/cn_official_legacy/round_04/raw/details/music/163.html,data_raw/cn_official_legacy/round_04/processed/details/music/163.json,15,ok
4,music,164,,禍機,data_raw/cn_official_legacy/round_04/raw/details/music/164.html,data_raw/cn_official_legacy/round_04/processed/details/music/164.json,15,ok
4,music,165,,砕月,data_raw/cn_official_legacy/round_04/raw/details/music/165.html,data_raw/cn_official_legacy/round_04/processed/details/music/165.json,15,ok
4,music,166,,永夜抄 ～ Eastern Night.,data_raw/cn_official_legacy/round_04/raw/details/music/166.html,data_raw/cn_official_legacy/round_04/processed/details/music/166.json,15,ok
4,music,167,,幻視の夜 ～ Ghostly Eyes,data_raw/cn_official_legacy/round_04/raw/details/music/167.html,data_raw/cn_official_legacy/round_04/processed/details/music/167.json,15,ok
4,music,168,,蠢々秋月 ～ Mooned Insect,data_raw/cn_official_legacy/round_04/raw/details/music/168.html,data_raw/cn_official_legacy/round_04/processed/details/music/168.json,15,ok
4,music,169,,夜雀の歌声 ～ Night Bird,data_raw/cn_official_legacy/round_04/raw/details/music/169.html,data_raw/cn_official_legacy/round_04/processed/details/music/169.json,15,ok
4,music,170,,もう歌しか聞こえない,data_raw/cn_official_legacy/round_04/raw/details/music/170.html,data_raw/cn_official_legacy/round_04/processed/details/music/170.json,15,ok
4,music,171,,懐かしき東方の血 ～ Old World,data_raw/cn_official_legacy/round_04/raw/details/music/171.html,data_raw/cn_official_legacy/round_04/processed/details/music/171.json,15,ok
4,music,172,,プレインエイジア,data_raw/cn_official_legacy/round_04/raw/details/music/172.html,data_raw/cn_official_legacy/round_04/processed/details/music/172.json,15,ok
4,music,173,,永夜の報い ～ Imperishable Night,data_raw/cn_official_legacy/round_04/raw/details/music/173.html,data_raw/cn_official_legacy/round_04/processed/details/music/173.json,15,ok
4,music,174,,シンデレラケージ ～ Kagome-Kagome,data_raw/cn_official_legacy/round_04/raw/details/music/174.html,data_raw/cn_official_legacy/round_04/processed/details/music/174.json,15,ok
4,music,175,,狂気の瞳 ～ Invisible Full Moon,data_raw/cn_official_legacy/round_04/raw/details/music/175.html,data_raw/cn_official_legacy/round_04/processed/details/music/175.json,15,ok
4,music,176,,ヴォヤージュ1969,data_raw/cn_official_legacy/round_04/raw/details/music/176.html,data_raw/cn_official_legacy/round_04/processed/details/music/176.json,15,ok
4,music,177,,千年幻想郷 ～ History of the Moon,data_raw/cn_official_legacy/round_04/raw/details/music/177.html,data_raw/cn_official_legacy/round_04/processed/details/music/177.json,15,ok
4,music,178,,竹取飛翔 ～ Lunatic Princess,data_raw/cn_official_legacy/round_04/raw/details/music/178.html,data_raw/cn_official_legacy/round_04/processed/details/music/178.json,15,ok
4,music,179,,ヴォヤージュ1970,data_raw/cn_official_legacy/round_04/raw/details/music/179.html,data_raw/cn_official_legacy/round_04/processed/details/music/179.json,15,ok
4,music,180,,エクステンドアッシュ ～ 蓬莱人,data_raw/cn_official_legacy/round_04/raw/details/music/180.html,data_raw/cn_official_legacy/round_04/processed/details/music/180.json,15,ok
4,music,181,,月まで届け、不死の煙,data_raw/cn_official_legacy/round_04/raw/details/music/181.html,data_raw/cn_official_legacy/round_04/processed/details/music/181.json,15,ok
4,music,182,,月見草,data_raw/cn_official_legacy/round_04/raw/details/music/182.html,data_raw/cn_official_legacy/round_04/processed/details/music/182.json,15,ok
4,music,183,,Eternal Dream ～ 幽玄の槭樹,data_raw/cn_official_legacy/round_04/raw/details/music/183.html,data_raw/cn_official_legacy/round_04/processed/details/music/183.json,15,ok
4,music,184,,東方妖怪小町,data_raw/cn_official_legacy/round_04/raw/details/music/184.html,data_raw/cn_official_legacy/round_04/processed/details/music/184.json,15,ok
4,music,185,,花映塚 ～ Higan Retour,data_raw/cn_official_legacy/round_04/raw/details/music/185.html,data_raw/cn_official_legacy/round_04/processed/details/music/185.json,15,ok
4,music,186,,春色小径 ～ Colorful Path,data_raw/cn_official_legacy/round_04/raw/details/music/186.html,data_raw/cn_official_legacy/round_04/processed/details/music/186.json,15,ok
4,music,187,,オリエンタルダークフライト,data_raw/cn_official_legacy/round_04/raw/details/music/187.html,data_raw/cn_official_legacy/round_04/processed/details/music/187.json,15,ok
4,music,188,,フラワリングナイト,data_raw/cn_official_legacy/round_04/raw/details/music/188.html,data_raw/cn_official_legacy/round_04/processed/details/music/188.json,15,ok
4,music,189,,お宇佐さまの素い幡,data_raw/cn_official_legacy/round_04/raw/details/music/189.html,data_raw/cn_official_legacy/round_04/processed/details/music/189.json,15,ok
4,music,190,,ポイズンボディ ～ Forsaken Doll,data_raw/cn_official_legacy/round_04/raw/details/music/190.html,data_raw/cn_official_legacy/round_04/processed/details/music/190.json,15,ok
4,music,191,,今昔幻想郷 ～ Flower Land,data_raw/cn_official_legacy/round_04/raw/details/music/191.html,data_raw/cn_official_legacy/round_04/processed/details/music/191.json,15,ok
4,music,192,,彼岸帰航 ～ Riverside View,data_raw/cn_official_legacy/round_04/raw/details/music/192.html,data_raw/cn_official_legacy/round_04/processed/details/music/192.json,15,ok
4,music,193,,六十年目の東方裁判 ～ Fate of Sixty Years,data_raw/cn_official_legacy/round_04/raw/details/music/193.html,data_raw/cn_official_legacy/round_04/processed/details/music/193.json,15,ok
4,music,194,,花の映る塚,data_raw/cn_official_legacy/round_04/raw/details/music/194.html,data_raw/cn_official_legacy/round_04/processed/details/music/194.json,15,ok
4,music,195,,此岸の塚,data_raw/cn_official_legacy/round_04/raw/details/music/195.html,data_raw/cn_official_legacy/round_04/processed/details/music/195.json,15,ok
4,music,196,,花は幻想のままに,data_raw/cn_official_legacy/round_04/raw/details/music/196.html,data_raw/cn_official_legacy/round_04/processed/details/music/196.json,15,ok
4,music,197,,魂の花 ～ Another Dream...,data_raw/cn_official_legacy/round_04/raw/details/music/197.html,data_raw/cn_official_legacy/round_04/processed/details/music/197.json,15,ok
4,music,198,,天狗の手帖 ～ Mysterious Note,data_raw/cn_official_legacy/round_04/raw/details/music/198.html,data_raw/cn_official_legacy/round_04/processed/details/music/198.json,15,ok
4,music,199,,風の循環 ～ Wind Tour,data_raw/cn_official_legacy/round_04/raw/details/music/199.html,data_raw/cn_official_legacy/round_04/processed/details/music/199.json,15,ok
4,music,200,,天狗が見ている ～ Black Eyes,data_raw/cn_official_legacy/round_04/raw/details/music/200.html,data_raw/cn_official_legacy/round_04/processed/details/music/200.json,15,ok
4,music,201,,東の国の眠らない夜,data_raw/cn_official_legacy/round_04/raw/details/music/201.html,data_raw/cn_official_legacy/round_04/processed/details/music/201.json,15,ok
4,music,202,,レトロスペクティブ京都,data_raw/cn_official_legacy/round_04/raw/details/music/202.html,data_raw/cn_official_legacy/round_04/processed/details/music/202.json,15,ok
4,music,203,,封印されし神々,data_raw/cn_official_legacy/round_04/raw/details/music/203.html,data_raw/cn_official_legacy/round_04/processed/details/music/203.json,15,ok
4,music,204,,人恋し神様 ～ Romantic Fall,data_raw/cn_official_legacy/round_04/raw/details/music/204.html,data_raw/cn_official_legacy/round_04/processed/details/music/204.json,15,ok
4,music,205,,稲田姫様に叱られるから,data_raw/cn_official_legacy/round_04/raw/details/music/205.html,data_raw/cn_official_legacy/round_04/processed/details/music/205.json,15,ok
4,music,206,,厄神様の通り道 ～ Dark Road,data_raw/cn_official_legacy/round_04/raw/details/music/206.html,data_raw/cn_official_legacy/round_04/processed/details/music/206.json,15,ok
4,music,207,,運命のダークサイド,data_raw/cn_official_legacy/round_04/raw/details/music/207.html,data_raw/cn_official_legacy/round_04/processed/details/music/207.json,15,ok
4,music,208,,神々が恋した幻想郷,data_raw/cn_official_legacy/round_04/raw/details/music/208.html,data_raw/cn_official_legacy/round_04/processed/details/music/208.json,15,ok
4,music,209,,芥川龍之介の河童 ～ Candid Friend,data_raw/cn_official_legacy/round_04/raw/details/music/209.html,data_raw/cn_official_legacy/round_04/processed/details/music/209.json,15,ok
4,music,210,,フォールオブフォール ～ 秋めく滝,data_raw/cn_official_legacy/round_04/raw/details/music/210.html,data_raw/cn_official_legacy/round_04/processed/details/music/210.json,15,ok
4,music,211,,妖怪の山 ～ Mysterious Mountain,data_raw/cn_official_legacy/round_04/raw/details/music/211.html,data_raw/cn_official_legacy/round_04/processed/details/music/211.json,15,ok
4,music,212,,少女が見た日本の原風景,data_raw/cn_official_legacy/round_04/raw/details/music/212.html,data_raw/cn_official_legacy/round_04/processed/details/music/212.json,15,ok
4,music,213,,信仰は儚き人間の為に,data_raw/cn_official_legacy/round_04/raw/details/music/213.html,data_raw/cn_official_legacy/round_04/processed/details/music/213.json,15,ok
4,music,214,,御柱の墓場 ～ Grave of Being,data_raw/cn_official_legacy/round_04/raw/details/music/214.html,data_raw/cn_official_legacy/round_04/processed/details/music/214.json,15,ok
4,music,215,,神さびた古戦場 ～ Suwa Foughten Field,data_raw/cn_official_legacy/round_04/raw/details/music/215.html,data_raw/cn_official_legacy/round_04/processed/details/music/215.json,15,ok
4,music,216,,明日ハレの日、ケの昨日,data_raw/cn_official_legacy/round_04/raw/details/music/216.html,data_raw/cn_official_legacy/round_04/processed/details/music/216.json,15,ok
4,music,217,,ネイティブフェイス,data_raw/cn_official_legacy/round_04/raw/details/music/217.html,data_raw/cn_official_legacy/round_04/processed/details/music/217.json,15,ok
4,music,218,,麓の神社,data_raw/cn_official_legacy/round_04/raw/details/music/218.html,data_raw/cn_official_legacy/round_04/processed/details/music/218.json,15,ok
4,music,219,,神は恵みの雨を降らす ～ Sylphid Dream,data_raw/cn_official_legacy/round_04/raw/details/music/219.html,data_raw/cn_official_legacy/round_04/processed/details/music/219.json,15,ok
4,music,220,,プレイヤーズスコア,data_raw/cn_official_legacy/round_04/raw/details/music/220.html,data_raw/cn_official_legacy/round_04/processed/details/music/220.json,15,ok
4,music,221,,緋想天,data_raw/cn_official_legacy/round_04/raw/details/music/221.html,data_raw/cn_official_legacy/round_04/processed/details/music/221.json,15,ok
4,music,222,,日常坐臥,data_raw/cn_official_legacy/round_04/raw/details/music/222.html,data_raw/cn_official_legacy/round_04/processed/details/music/222.json,15,ok
4,music,223,,地の色は黄色,data_raw/cn_official_legacy/round_04/raw/details/music/223.html,data_raw/cn_official_legacy/round_04/processed/details/music/223.json,15,ok
4,music,224,,甲論乙駁,data_raw/cn_official_legacy/round_04/raw/details/music/224.html,data_raw/cn_official_legacy/round_04/processed/details/music/224.json,15,ok
4,music,225,,風光明媚,data_raw/cn_official_legacy/round_04/raw/details/music/225.html,data_raw/cn_official_legacy/round_04/processed/details/music/225.json,15,ok
4,music,226,,香る樹葉花,data_raw/cn_official_legacy/round_04/raw/details/music/226.html,data_raw/cn_official_legacy/round_04/processed/details/music/226.json,15,ok
4,music,227,,踊る水飛沫,data_raw/cn_official_legacy/round_04/raw/details/music/227.html,data_raw/cn_official_legacy/round_04/processed/details/music/227.json,15,ok
4,music,228,,以魚駆蠅,data_raw/cn_official_legacy/round_04/raw/details/music/228.html,data_raw/cn_official_legacy/round_04/processed/details/music/228.json,15,ok
4,music,229,,放縦不羈,data_raw/cn_official_legacy/round_04/raw/details/music/229.html,data_raw/cn_official_legacy/round_04/processed/details/music/229.json,15,ok
4,music,230,,嘲りの遊戯,data_raw/cn_official_legacy/round_04/raw/details/music/230.html,data_raw/cn_official_legacy/round_04/processed/details/music/230.json,15,ok
4,music,231,,冷吟閑酔,data_raw/cn_official_legacy/round_04/raw/details/music/231.html,data_raw/cn_official_legacy/round_04/processed/details/music/231.json,15,ok
4,music,232,,雲外蒼天,data_raw/cn_official_legacy/round_04/raw/details/music/232.html,data_raw/cn_official_legacy/round_04/processed/details/music/232.json,15,ok
4,music,233,,黒い海に紅く ～ Legendary Fish,data_raw/cn_official_legacy/round_04/raw/details/music/233.html,data_raw/cn_official_legacy/round_04/processed/details/music/233.json,15,ok
4,music,234,,天衣無縫,data_raw/cn_official_legacy/round_04/raw/details/music/234.html,data_raw/cn_official_legacy/round_04/processed/details/music/234.json,15,ok
4,music,235,,有頂天変 ～ Wonderful Heaven,data_raw/cn_official_legacy/round_04/raw/details/music/235.html,data_raw/cn_official_legacy/round_04/processed/details/music/235.json,15,ok
4,music,236,,幼心地の有頂天,data_raw/cn_official_legacy/round_04/raw/details/music/236.html,data_raw/cn_official_legacy/round_04/processed/details/music/236.json,15,ok
4,music,237,,暮色蒼然,data_raw/cn_official_legacy/round_04/raw/details/music/237.html,data_raw/cn_official_legacy/round_04/processed/details/music/237.json,15,ok
4,music,238,,東方緋想天,data_raw/cn_official_legacy/round_04/raw/details/music/238.html,data_raw/cn_official_legacy/round_04/processed/details/music/238.json,15,ok
4,music,239,,地霊達の起床,data_raw/cn_official_legacy/round_04/raw/details/music/239.html,data_raw/cn_official_legacy/round_04/processed/details/music/239.json,15,ok
4,music,240,,暗闇の風穴,data_raw/cn_official_legacy/round_04/raw/details/music/240.html,data_raw/cn_official_legacy/round_04/processed/details/music/240.json,15,ok
4,music,241,,封じられた妖怪 ～ Lost Place,data_raw/cn_official_legacy/round_04/raw/details/music/241.html,data_raw/cn_official_legacy/round_04/processed/details/music/241.json,15,ok
4,music,242,,渡る者の途絶えた橋,data_raw/cn_official_legacy/round_04/raw/details/music/242.html,data_raw/cn_official_legacy/round_04/processed/details/music/242.json,15,ok
4,music,243,,緑眼のジェラシー,data_raw/cn_official_legacy/round_04/raw/details/music/243.html,data_raw/cn_official_legacy/round_04/processed/details/music/243.json,15,ok
4,music,244,,旧地獄街道を行く,data_raw/cn_official_legacy/round_04/raw/details/music/244.html,data_raw/cn_official_legacy/round_04/processed/details/music/244.json,15,ok
4,music,245,,華のさかづき大江山,data_raw/cn_official_legacy/round_04/raw/details/music/245.html,data_raw/cn_official_legacy/round_04/processed/details/music/245.json,15,ok
4,music,246,,ハートフェルトファンシー,data_raw/cn_official_legacy/round_04/raw/details/music/246.html,data_raw/cn_official_legacy/round_04/processed/details/music/246.json,15,ok
4,music,247,,少女さとり ～ 3rd eye,data_raw/cn_official_legacy/round_04/raw/details/music/247.html,data_raw/cn_official_legacy/round_04/processed/details/music/247.json,15,ok
4,music,248,,廃獄ララバイ,data_raw/cn_official_legacy/round_04/raw/details/music/248.html,data_raw/cn_official_legacy/round_04/processed/details/music/248.json,15,ok
4,music,249,,死体旅行～Be of good cheer!,data_raw/cn_official_legacy/round_04/raw/details/music/249.html,data_raw/cn_official_legacy/round_04/processed/details/music/249.json,15,ok
4,music,250,,業火マントル,data_raw/cn_official_legacy/round_04/raw/details/music/250.html,data_raw/cn_official_legacy/round_04/processed/details/music/250.json,15,ok
4,music,251,,霊知の太陽信仰 ～ Nuclear Fusion,data_raw/cn_official_legacy/round_04/raw/details/music/251.html,data_raw/cn_official_legacy/round_04/processed/details/music/251.json,15,ok
4,music,252,,ラストリモート,data_raw/cn_official_legacy/round_04/raw/details/music/252.html,data_raw/cn_official_legacy/round_04/processed/details/music/252.json,15,ok
4,music,253,,ハルトマンの妖怪少女,data_raw/cn_official_legacy/round_04/raw/details/music/253.html,data_raw/cn_official_legacy/round_04/processed/details/music/253.json,15,ok
4,music,254,,地霊達の帰宅,data_raw/cn_official_legacy/round_04/raw/details/music/254.html,data_raw/cn_official_legacy/round_04/processed/details/music/254.json,15,ok
4,music,255,,エネルギー黎明 ～ Future Dream...,data_raw/cn_official_legacy/round_04/raw/details/music/255.html,data_raw/cn_official_legacy/round_04/processed/details/music/255.json,15,ok
4,music,256,,青空の影,data_raw/cn_official_legacy/round_04/raw/details/music/256.html,data_raw/cn_official_legacy/round_04/processed/details/music/256.json,15,ok
4,music,257,,春の湊に,data_raw/cn_official_legacy/round_04/raw/details/music/257.html,data_raw/cn_official_legacy/round_04/processed/details/music/257.json,15,ok
4,music,258,,小さな小さな賢将,data_raw/cn_official_legacy/round_04/raw/details/music/258.html,data_raw/cn_official_legacy/round_04/processed/details/music/258.json,15,ok
4,music,259,,閉ざせし雲の通い路,data_raw/cn_official_legacy/round_04/raw/details/music/259.html,data_raw/cn_official_legacy/round_04/processed/details/music/259.json,15,ok
4,music,260,,万年置き傘にご注意を,data_raw/cn_official_legacy/round_04/raw/details/music/260.html,data_raw/cn_official_legacy/round_04/processed/details/music/260.json,15,ok
4,music,261,,スカイルーイン,data_raw/cn_official_legacy/round_04/raw/details/music/261.html,data_raw/cn_official_legacy/round_04/processed/details/music/261.json,15,ok
4,music,262,,時代親父とハイカラ少女,data_raw/cn_official_legacy/round_04/raw/details/music/262.html,data_raw/cn_official_legacy/round_04/processed/details/music/262.json,15,ok
4,music,263,,幽霊客船の時空を越えた旅,data_raw/cn_official_legacy/round_04/raw/details/music/263.html,data_raw/cn_official_legacy/round_04/processed/details/music/263.json,15,ok
4,music,264,,キャプテン·ムラサ,data_raw/cn_official_legacy/round_04/raw/details/music/264.html,data_raw/cn_official_legacy/round_04/processed/details/music/264.json,15,ok
4,music,265,,魔界地方都市エソテリア,data_raw/cn_official_legacy/round_04/raw/details/music/265.html,data_raw/cn_official_legacy/round_04/processed/details/music/265.json,15,ok
4,music,266,,虎柄の毘沙門天,data_raw/cn_official_legacy/round_04/raw/details/music/266.html,data_raw/cn_official_legacy/round_04/processed/details/music/266.json,15,ok
4,music,267,,法界の火,data_raw/cn_official_legacy/round_04/raw/details/music/267.html,data_raw/cn_official_legacy/round_04/processed/details/music/267.json,15,ok
4,music,268,,感情の摩天楼 ～ Cosmic Mind,data_raw/cn_official_legacy/round_04/raw/details/music/268.html,data_raw/cn_official_legacy/round_04/processed/details/music/268.json,15,ok
4,music,269,,夜空のユーフォーロマンス,data_raw/cn_official_legacy/round_04/raw/details/music/269.html,data_raw/cn_official_legacy/round_04/processed/details/music/269.json,15,ok
4,music,270,,平安のエイリアン,data_raw/cn_official_legacy/round_04/raw/details/music/270.html,data_raw/cn_official_legacy/round_04/processed/details/music/270.json,15,ok
4,music,271,,妖怪寺,data_raw/cn_official_legacy/round_04/raw/details/music/271.html,data_raw/cn_official_legacy/round_04/processed/details/music/271.json,15,ok
4,music,272,,空の帰り道 ～ Sky Dream,data_raw/cn_official_legacy/round_04/raw/details/music/272.html,data_raw/cn_official_legacy/round_04/processed/details/music/272.json,15,ok
4,music,273,,君はあの影を見たか,data_raw/cn_official_legacy/round_04/raw/details/music/273.html,data_raw/cn_official_legacy/round_04/processed/details/music/273.json,15,ok
4,music,274,,伝説の巨神,data_raw/cn_official_legacy/round_04/raw/details/music/274.html,data_raw/cn_official_legacy/round_04/processed/details/music/274.json,15,ok
4,music,275,,ぼくらの非想天則,data_raw/cn_official_legacy/round_04/raw/details/music/275.html,data_raw/cn_official_legacy/round_04/processed/details/music/275.json,15,ok
4,music,276,,人形のある風景,data_raw/cn_official_legacy/round_04/raw/details/music/276.html,data_raw/cn_official_legacy/round_04/processed/details/music/276.json,15,ok
4,music,277,,悠久の蒸気機関,data_raw/cn_official_legacy/round_04/raw/details/music/277.html,data_raw/cn_official_legacy/round_04/processed/details/music/277.json,15,ok
4,music,278,,アンノウンＸ ～ Unfound Adventure,data_raw/cn_official_legacy/round_04/raw/details/music/278.html,data_raw/cn_official_legacy/round_04/processed/details/music/278.json,15,ok
4,music,279,,空に浮かぶ物体Ｘ,data_raw/cn_official_legacy/round_04/raw/details/music/279.html,data_raw/cn_official_legacy/round_04/processed/details/music/279.json,15,ok
4,music,280,,ニュースハウンド,data_raw/cn_official_legacy/round_04/raw/details/music/280.html,data_raw/cn_official_legacy/round_04/processed/details/music/280.json,15,ok
4,music,281,,あなたの町の怪事件,data_raw/cn_official_legacy/round_04/raw/details/music/281.html,data_raw/cn_official_legacy/round_04/processed/details/music/281.json,15,ok
4,music,282,,妖怪モダンコロニー,data_raw/cn_official_legacy/round_04/raw/details/music/282.html,data_raw/cn_official_legacy/round_04/processed/details/music/282.json,15,ok
4,music,283,,ネメシスの要塞,data_raw/cn_official_legacy/round_04/raw/details/music/283.html,data_raw/cn_official_legacy/round_04/processed/details/music/283.json,15,ok
4,music,284,,無間の鐘 ～ Infinite Nightmare,data_raw/cn_official_legacy/round_04/raw/details/music/284.html,data_raw/cn_official_legacy/round_04/processed/details/music/284.json,15,ok
4,music,285,,曲名不详,data_raw/cn_official_legacy/round_04/raw/details/music/285.html,data_raw/cn_official_legacy/round_04/processed/details/music/285.json,15,ok
4,music,286,,春の氷精,data_raw/cn_official_legacy/round_04/raw/details/music/286.html,data_raw/cn_official_legacy/round_04/processed/details/music/286.json,15,ok
4,music,287,,いたずらに命をかけて,data_raw/cn_official_legacy/round_04/raw/details/music/287.html,data_raw/cn_official_legacy/round_04/processed/details/music/287.json,15,ok
4,music,288,,ルーズレイン,data_raw/cn_official_legacy/round_04/raw/details/music/288.html,data_raw/cn_official_legacy/round_04/processed/details/music/288.json,15,ok
4,music,289,,メイガスナイト,data_raw/cn_official_legacy/round_04/raw/details/music/289.html,data_raw/cn_official_legacy/round_04/processed/details/music/289.json,15,ok
4,music,290,,春の氷精 - 静 -,data_raw/cn_official_legacy/round_04/raw/details/music/290.html,data_raw/cn_official_legacy/round_04/processed/details/music/290.json,15,ok
4,music,291,,欲深き霊魂,data_raw/cn_official_legacy/round_04/raw/details/music/291.html,data_raw/cn_official_legacy/round_04/processed/details/music/291.json,15,ok
4,music,292,,死霊の夜桜,data_raw/cn_official_legacy/round_04/raw/details/music/292.html,data_raw/cn_official_legacy/round_04/processed/details/music/292.json,15,ok
4,music,293,,ゴーストリード,data_raw/cn_official_legacy/round_04/raw/details/music/293.html,data_raw/cn_official_legacy/round_04/processed/details/music/293.json,15,ok
4,music,294,,妖怪寺へようこそ,data_raw/cn_official_legacy/round_04/raw/details/music/294.html,data_raw/cn_official_legacy/round_04/processed/details/music/294.json,15,ok
4,music,295,,門前の妖怪小娘,data_raw/cn_official_legacy/round_04/raw/details/music/295.html,data_raw/cn_official_legacy/round_04/processed/details/music/295.json,15,ok
4,music,296,,素敵な墓場で暮しましょ,data_raw/cn_official_legacy/round_04/raw/details/music/296.html,data_raw/cn_official_legacy/round_04/processed/details/music/296.json,15,ok
4,music,297,,リジッドパラダイス,data_raw/cn_official_legacy/round_04/raw/details/music/297.html,data_raw/cn_official_legacy/round_04/processed/details/music/297.json,15,ok
4,music,298,,デザイアドライブ,data_raw/cn_official_legacy/round_04/raw/details/music/298.html,data_raw/cn_official_legacy/round_04/processed/details/music/298.json,15,ok
4,music,299,,古きユアンシェン,data_raw/cn_official_legacy/round_04/raw/details/music/299.html,data_raw/cn_official_legacy/round_04/processed/details/music/299.json,15,ok
4,music,300,,夢殿大祀廟,data_raw/cn_official_legacy/round_04/raw/details/music/300.html,data_raw/cn_official_legacy/round_04/processed/details/music/300.json,15,ok
4,music,301,,大神神話伝,data_raw/cn_official_legacy/round_04/raw/details/music/301.html,data_raw/cn_official_legacy/round_04/processed/details/music/301.json,15,ok
4,music,302,,小さな欲望の星空,data_raw/cn_official_legacy/round_04/raw/details/music/302.html,data_raw/cn_official_legacy/round_04/processed/details/music/302.json,15,ok
4,music,303,,聖徳伝説 ～ True Administrator,data_raw/cn_official_legacy/round_04/raw/details/music/303.html,data_raw/cn_official_legacy/round_04/processed/details/music/303.json,15,ok
4,music,304,,妖怪裏参道,data_raw/cn_official_legacy/round_04/raw/details/music/304.html,data_raw/cn_official_legacy/round_04/processed/details/music/304.json,15,ok
4,music,305,,佐渡の二ッ岩,data_raw/cn_official_legacy/round_04/raw/details/music/305.html,data_raw/cn_official_legacy/round_04/processed/details/music/305.json,15,ok
4,music,306,,神社の新しい風,data_raw/cn_official_legacy/round_04/raw/details/music/306.html,data_raw/cn_official_legacy/round_04/processed/details/music/306.json,15,ok
4,music,307,,デザイアドリーム,data_raw/cn_official_legacy/round_04/raw/details/music/307.html,data_raw/cn_official_legacy/round_04/processed/details/music/307.json,15,ok
4,music,308,,幻想郷の二ッ岩,data_raw/cn_official_legacy/round_04/raw/details/music/308.html,data_raw/cn_official_legacy/round_04/processed/details/music/308.json,15,ok
4,music,309,,亡失のエモーション,data_raw/cn_official_legacy/round_04/raw/details/music/309.html,data_raw/cn_official_legacy/round_04/processed/details/music/309.json,15,ok
4,music,310,,塵界不変のペシミズム,data_raw/cn_official_legacy/round_04/raw/details/music/310.html,data_raw/cn_official_legacy/round_04/processed/details/music/310.json,15,ok
4,music,311,,心綺楼囃子,data_raw/cn_official_legacy/round_04/raw/details/music/311.html,data_raw/cn_official_legacy/round_04/processed/details/music/311.json,15,ok
4,music,312,,人気のある場所,data_raw/cn_official_legacy/round_04/raw/details/music/312.html,data_raw/cn_official_legacy/round_04/processed/details/music/312.json,15,ok
4,music,313,,人気のない場所,data_raw/cn_official_legacy/round_04/raw/details/music/313.html,data_raw/cn_official_legacy/round_04/processed/details/music/313.json,15,ok
4,music,314,,丑三つ時の里,data_raw/cn_official_legacy/round_04/raw/details/music/314.html,data_raw/cn_official_legacy/round_04/processed/details/music/314.json,15,ok
4,music,315,,本日の一面記事,data_raw/cn_official_legacy/round_04/raw/details/music/315.html,data_raw/cn_official_legacy/round_04/processed/details/music/315.json,15,ok
4,music,316,,暁雲,data_raw/cn_official_legacy/round_04/raw/details/music/316.html,data_raw/cn_official_legacy/round_04/processed/details/music/316.json,15,ok
4,music,317,,官板黄昏新聞,data_raw/cn_official_legacy/round_04/raw/details/music/317.html,data_raw/cn_official_legacy/round_04/processed/details/music/317.json,15,ok
4,music,318,,不思議なお祓い棒,data_raw/cn_official_legacy/round_04/raw/details/music/318.html,data_raw/cn_official_legacy/round_04/processed/details/music/318.json,15,ok
4,music,319,,ミストレイク,data_raw/cn_official_legacy/round_04/raw/details/music/319.html,data_raw/cn_official_legacy/round_04/processed/details/music/319.json,15,ok
4,music,320,,秘境のマーメイド,data_raw/cn_official_legacy/round_04/raw/details/music/320.html,data_raw/cn_official_legacy/round_04/processed/details/music/320.json,15,ok
4,music,321,,運河を行き交う人妖,data_raw/cn_official_legacy/round_04/raw/details/music/321.html,data_raw/cn_official_legacy/round_04/processed/details/music/321.json,15,ok
4,music,322,,柳の下のデュラハン,data_raw/cn_official_legacy/round_04/raw/details/music/322.html,data_raw/cn_official_legacy/round_04/processed/details/music/322.json,15,ok
4,music,323,,満月の竹林,data_raw/cn_official_legacy/round_04/raw/details/music/323.html,data_raw/cn_official_legacy/round_04/processed/details/music/323.json,15,ok
4,music,324,,孤独なウェアウルフ,data_raw/cn_official_legacy/round_04/raw/details/music/324.html,data_raw/cn_official_legacy/round_04/processed/details/music/324.json,15,ok
4,music,325,,マジカルストーム,data_raw/cn_official_legacy/round_04/raw/details/music/325.html,data_raw/cn_official_legacy/round_04/processed/details/music/325.json,15,ok
4,music,326,,幻想浄瑠璃,data_raw/cn_official_legacy/round_04/raw/details/music/326.html,data_raw/cn_official_legacy/round_04/processed/details/music/326.json,15,ok
4,music,327,,空中に沈む輝針城,data_raw/cn_official_legacy/round_04/raw/details/music/327.html,data_raw/cn_official_legacy/round_04/processed/details/music/327.json,15,ok
4,music,328,,リバースイデオロギー,data_raw/cn_official_legacy/round_04/raw/details/music/328.html,data_raw/cn_official_legacy/round_04/processed/details/music/328.json,15,ok
4,music,329,,針小棒大の天守閣,data_raw/cn_official_legacy/round_04/raw/details/music/329.html,data_raw/cn_official_legacy/round_04/processed/details/music/329.json,15,ok
4,music,330,,輝く針の小人族 ～ Little Princess,data_raw/cn_official_legacy/round_04/raw/details/music/330.html,data_raw/cn_official_legacy/round_04/processed/details/music/330.json,15,ok
4,music,331,,魔力の雷雲,data_raw/cn_official_legacy/round_04/raw/details/music/331.html,data_raw/cn_official_legacy/round_04/processed/details/music/331.json,15,ok
4,music,332,,始原のビート ～ Pristine Beat,data_raw/cn_official_legacy/round_04/raw/details/music/332.html,data_raw/cn_official_legacy/round_04/processed/details/music/332.json,15,ok
4,music,333,,小槌の魔力,data_raw/cn_official_legacy/round_04/raw/details/music/333.html,data_raw/cn_official_legacy/round_04/processed/details/music/333.json,15,ok
4,music,334,,不思議な不思議な道具達,data_raw/cn_official_legacy/round_04/raw/details/music/334.html,data_raw/cn_official_legacy/round_04/processed/details/music/334.json,15,ok
4,music,335,,反則の狼煙を上げろ,data_raw/cn_official_legacy/round_04/raw/details/music/335.html,data_raw/cn_official_legacy/round_04/processed/details/music/335.json,15,ok
4,music,336,,不可能弾幕には反則を,data_raw/cn_official_legacy/round_04/raw/details/music/336.html,data_raw/cn_official_legacy/round_04/processed/details/music/336.json,15,ok
4,music,337,,ミッドナイトスペルカード,data_raw/cn_official_legacy/round_04/raw/details/music/337.html,data_raw/cn_official_legacy/round_04/processed/details/music/337.json,15,ok
4,music,338,,ロマンチック逃飛行,data_raw/cn_official_legacy/round_04/raw/details/music/338.html,data_raw/cn_official_legacy/round_04/processed/details/music/338.json,15,ok
4,music,339,,永遠の三日天下,data_raw/cn_official_legacy/round_04/raw/details/music/339.html,data_raw/cn_official_legacy/round_04/processed/details/music/339.json,15,ok
4,music,340,,心揺さぶる都市伝説,data_raw/cn_official_legacy/round_04/raw/details/music/340.html,data_raw/cn_official_legacy/round_04/processed/details/music/340.json,15,ok
4,music,341,,幻想郷ふしぎ発見,data_raw/cn_official_legacy/round_04/raw/details/music/341.html,data_raw/cn_official_legacy/round_04/processed/details/music/341.json,15,ok
4,music,342,,ボールのある日常,data_raw/cn_official_legacy/round_04/raw/details/music/342.html,data_raw/cn_official_legacy/round_04/processed/details/music/342.json,15,ok
4,music,343,,顕現した伝承の形,data_raw/cn_official_legacy/round_04/raw/details/music/343.html,data_raw/cn_official_legacy/round_04/processed/details/music/343.json,15,ok
4,music,344,,時代の風の訪れ,data_raw/cn_official_legacy/round_04/raw/details/music/344.html,data_raw/cn_official_legacy/round_04/processed/details/music/344.json,15,ok
4,music,345,,価値がわからない,data_raw/cn_official_legacy/round_04/raw/details/music/345.html,data_raw/cn_official_legacy/round_04/processed/details/music/345.json,15,ok
4,music,346,,可能性を信じて,data_raw/cn_official_legacy/round_04/raw/details/music/346.html,data_raw/cn_official_legacy/round_04/processed/details/music/346.json,15,ok
4,music,347,,真実を知る者,data_raw/cn_official_legacy/round_04/raw/details/music/347.html,data_raw/cn_official_legacy/round_04/processed/details/music/347.json,15,ok
4,music,348,,外界フォークロア,data_raw/cn_official_legacy/round_04/raw/details/music/348.html,data_raw/cn_official_legacy/round_04/processed/details/music/348.json,15,ok
4,music,349,,各々の結末,data_raw/cn_official_legacy/round_04/raw/details/music/349.html,data_raw/cn_official_legacy/round_04/processed/details/music/349.json,15,ok
4,music,350,,明かされる深秘,data_raw/cn_official_legacy/round_04/raw/details/music/350.html,data_raw/cn_official_legacy/round_04/processed/details/music/350.json,15,ok
4,music,351,,オカルトアラカルト,data_raw/cn_official_legacy/round_04/raw/details/music/351.html,data_raw/cn_official_legacy/round_04/processed/details/music/351.json,15,ok
4,music,352,,七玉蒐集ショウダウン,data_raw/cn_official_legacy/round_04/raw/details/music/352.html,data_raw/cn_official_legacy/round_04/processed/details/music/352.json,15,ok
4,music,353,,公正なる奪い合い,data_raw/cn_official_legacy/round_04/raw/details/music/353.html,data_raw/cn_official_legacy/round_04/processed/details/music/353.json,15,ok
4,music,354,,対蹠地の鐘,data_raw/cn_official_legacy/round_04/raw/details/music/354.html,data_raw/cn_official_legacy/round_04/processed/details/music/354.json,15,ok
4,music,355,,竹林インフレイム,data_raw/cn_official_legacy/round_04/raw/details/music/355.html,data_raw/cn_official_legacy/round_04/processed/details/music/355.json,15,ok
4,music,356,,華狭間のバトルフィールド,data_raw/cn_official_legacy/round_04/raw/details/music/356.html,data_raw/cn_official_legacy/round_04/processed/details/music/356.json,15,ok
4,music,357,,ラストオカルティズム ～現し世の秘術師,data_raw/cn_official_legacy/round_04/raw/details/music/357.html,data_raw/cn_official_legacy/round_04/processed/details/music/357.json,15,ok
4,music,358,,宇宙巫女現る,data_raw/cn_official_legacy/round_04/raw/details/music/358.html,data_raw/cn_official_legacy/round_04/processed/details/music/358.json,15,ok
4,music,359,,忘れがたき、よすがの緑,data_raw/cn_official_legacy/round_04/raw/details/music/359.html,data_raw/cn_official_legacy/round_04/processed/details/music/359.json,15,ok
4,music,360,,兎は舞い降りた,data_raw/cn_official_legacy/round_04/raw/details/music/360.html,data_raw/cn_official_legacy/round_04/processed/details/music/360.json,15,ok
4,music,361,,湖は浄めの月光を映して,data_raw/cn_official_legacy/round_04/raw/details/music/361.html,data_raw/cn_official_legacy/round_04/processed/details/music/361.json,15,ok
4,music,362,,九月のパンプキン,data_raw/cn_official_legacy/round_04/raw/details/music/362.html,data_raw/cn_official_legacy/round_04/processed/details/music/362.json,15,ok
4,music,363,,宇宙を飛ぶ不思議な巫女,data_raw/cn_official_legacy/round_04/raw/details/music/363.html,data_raw/cn_official_legacy/round_04/processed/details/music/363.json,15,ok
4,music,364,,永遠の春夢,data_raw/cn_official_legacy/round_04/raw/details/music/364.html,data_raw/cn_official_legacy/round_04/processed/details/music/364.json,15,ok
4,music,365,,凍り付いた永遠の都,data_raw/cn_official_legacy/round_04/raw/details/music/365.html,data_raw/cn_official_legacy/round_04/processed/details/music/365.json,15,ok
4,music,366,,逆転するホイールオブフォーチュン,data_raw/cn_official_legacy/round_04/raw/details/music/366.html,data_raw/cn_official_legacy/round_04/processed/details/music/366.json,15,ok
4,music,367,,遥か３８万キロのボヤージュ,data_raw/cn_official_legacy/round_04/raw/details/music/367.html,data_raw/cn_official_legacy/round_04/processed/details/music/367.json,15,ok
4,music,368,,星条旗のピエロ,data_raw/cn_official_legacy/round_04/raw/details/music/368.html,data_raw/cn_official_legacy/round_04/processed/details/music/368.json,15,ok
4,music,369,,故郷の星が映る海,data_raw/cn_official_legacy/round_04/raw/details/music/369.html,data_raw/cn_official_legacy/round_04/processed/details/music/369.json,15,ok
4,music,370,,ピュアヒューリーズ ～ 心の在処,data_raw/cn_official_legacy/round_04/raw/details/music/370.html,data_raw/cn_official_legacy/round_04/processed/details/music/370.json,15,ok
4,music,371,,見た事も無い悪夢の世界,data_raw/cn_official_legacy/round_04/raw/details/music/371.html,data_raw/cn_official_legacy/round_04/processed/details/music/371.json,15,ok
4,music,372,,パンデモニックプラネット,data_raw/cn_official_legacy/round_04/raw/details/music/372.html,data_raw/cn_official_legacy/round_04/processed/details/music/372.json,15,ok
4,music,373,,神社から見える月,data_raw/cn_official_legacy/round_04/raw/details/music/373.html,data_raw/cn_official_legacy/round_04/processed/details/music/373.json,15,ok
4,music,374,,宇宙巫女帰還する,data_raw/cn_official_legacy/round_04/raw/details/music/374.html,data_raw/cn_official_legacy/round_04/processed/details/music/374.json,15,ok
4,music,375,,蓬莱伝説,data_raw/cn_official_legacy/round_04/raw/details/music/375.html,data_raw/cn_official_legacy/round_04/processed/details/music/375.json,15,ok
4,music,376,,人形の森,data_raw/cn_official_legacy/round_04/raw/details/music/376.html,data_raw/cn_official_legacy/round_04/processed/details/music/376.json,15,ok
4,music,377,,空飛ぶ巫女の不思議な毎日,data_raw/cn_official_legacy/round_04/raw/details/music/377.html,data_raw/cn_official_legacy/round_04/processed/details/music/377.json,15,ok
4,music,378,,夜のデンデラ野を逝く,data_raw/cn_official_legacy/round_04/raw/details/music/378.html,data_raw/cn_official_legacy/round_04/processed/details/music/378.json,15,ok
4,music,379,,少女秘封倶楽部,data_raw/cn_official_legacy/round_04/raw/details/music/379.html,data_raw/cn_official_legacy/round_04/processed/details/music/379.json,15,ok
4,music,380,,古の冥界寺,data_raw/cn_official_legacy/round_04/raw/details/music/380.html,data_raw/cn_official_legacy/round_04/processed/details/music/380.json,15,ok
4,music,381,,魔術師メリー,data_raw/cn_official_legacy/round_04/raw/details/music/381.html,data_raw/cn_official_legacy/round_04/processed/details/music/381.json,15,ok
4,music,382,,月の妖鳥、化猫の幻,data_raw/cn_official_legacy/round_04/raw/details/music/382.html,data_raw/cn_official_legacy/round_04/processed/details/music/382.json,15,ok
4,music,383,,過去の花 ～ Fairy of Flower,data_raw/cn_official_legacy/round_04/raw/details/music/383.html,data_raw/cn_official_legacy/round_04/processed/details/music/383.json,15,ok
4,music,384,,幻想の永遠祭,data_raw/cn_official_legacy/round_04/raw/details/music/384.html,data_raw/cn_official_legacy/round_04/processed/details/music/384.json,15,ok
4,music,385,,童祭 ～ Innocent Treasures,data_raw/cn_official_legacy/round_04/raw/details/music/385.html,data_raw/cn_official_legacy/round_04/processed/details/music/385.json,15,ok
4,music,386,,華胥の夢,data_raw/cn_official_legacy/round_04/raw/details/music/386.html,data_raw/cn_official_legacy/round_04/processed/details/music/386.json,15,ok
4,music,387,,科学世紀の少年少女,data_raw/cn_official_legacy/round_04/raw/details/music/387.html,data_raw/cn_official_legacy/round_04/processed/details/music/387.json,15,ok
4,music,388,,夢と現の境界,data_raw/cn_official_legacy/round_04/raw/details/music/388.html,data_raw/cn_official_legacy/round_04/processed/details/music/388.json,15,ok
4,music,389,,ヒロシゲ36号 ～ Neo Super-Express,data_raw/cn_official_legacy/round_04/raw/details/music/389.html,data_raw/cn_official_legacy/round_04/processed/details/music/389.json,15,ok
4,music,390,,53ミニッツの青い海,data_raw/cn_official_legacy/round_04/raw/details/music/390.html,data_raw/cn_official_legacy/round_04/processed/details/music/390.json,15,ok
4,music,391,,青木ヶ原の伝説,data_raw/cn_official_legacy/round_04/raw/details/music/391.html,data_raw/cn_official_legacy/round_04/processed/details/music/391.json,15,ok
4,music,392,,最も澄みわたる空と海,data_raw/cn_official_legacy/round_04/raw/details/music/392.html,data_raw/cn_official_legacy/round_04/processed/details/music/392.json,15,ok
4,music,393,,月面ツアーへようこそ,data_raw/cn_official_legacy/round_04/raw/details/music/393.html,data_raw/cn_official_legacy/round_04/processed/details/music/393.json,15,ok
4,music,394,,天空のグリニッジ,data_raw/cn_official_legacy/round_04/raw/details/music/394.html,data_raw/cn_official_legacy/round_04/processed/details/music/394.json,15,ok
4,music,395,,車椅子の未来宇宙,data_raw/cn_official_legacy/round_04/raw/details/music/395.html,data_raw/cn_official_legacy/round_04/processed/details/music/395.json,15,ok
4,music,396,,衛星カフェテラス,data_raw/cn_official_legacy/round_04/raw/details/music/396.html,data_raw/cn_official_legacy/round_04/processed/details/music/396.json,15,ok
4,music,397,,G Free,data_raw/cn_official_legacy/round_04/raw/details/music/397.html,data_raw/cn_official_legacy/round_04/processed/details/music/397.json,15,ok
4,music,398,,大空魔術 ～ Magical Astronomy,data_raw/cn_official_legacy/round_04/raw/details/music/398.html,data_raw/cn_official_legacy/round_04/processed/details/music/398.json,15,ok
4,music,399,,向こう側の月,data_raw/cn_official_legacy/round_04/raw/details/music/399.html,data_raw/cn_official_legacy/round_04/processed/details/music/399.json,15,ok
4,music,400,,未知の花 魅知の旅,data_raw/cn_official_legacy/round_04/raw/details/music/400.html,data_raw/cn_official_legacy/round_04/processed/details/music/400.json,15,ok
4,music,401,,衛星トリフネ,data_raw/cn_official_legacy/round_04/raw/details/music/401.html,data_raw/cn_official_legacy/round_04/processed/details/music/401.json,15,ok
4,music,402,,トロヤ群の密林,data_raw/cn_official_legacy/round_04/raw/details/music/402.html,data_raw/cn_official_legacy/round_04/processed/details/music/402.json,15,ok
4,music,403,,天鳥船神社,data_raw/cn_official_legacy/round_04/raw/details/music/403.html,data_raw/cn_official_legacy/round_04/processed/details/music/403.json,15,ok
4,music,404,,天鳥船神社の結界,data_raw/cn_official_legacy/round_04/raw/details/music/404.html,data_raw/cn_official_legacy/round_04/processed/details/music/404.json,15,ok
4,music,405,,宇宙に浮かぶ幻想郷,data_raw/cn_official_legacy/round_04/raw/details/music/405.html,data_raw/cn_official_legacy/round_04/processed/details/music/405.json,15,ok
4,music,406,,緑のサナトリウム,data_raw/cn_official_legacy/round_04/raw/details/music/406.html,data_raw/cn_official_legacy/round_04/processed/details/music/406.json,15,ok
4,music,407,,牛に引かれて善光寺参り,data_raw/cn_official_legacy/round_04/raw/details/music/407.html,data_raw/cn_official_legacy/round_04/processed/details/music/407.json,15,ok
4,music,408,,アガルタの風,data_raw/cn_official_legacy/round_04/raw/details/music/408.html,data_raw/cn_official_legacy/round_04/processed/details/music/408.json,15,ok
4,music,409,,イザナギオブジェクト,data_raw/cn_official_legacy/round_04/raw/details/music/409.html,data_raw/cn_official_legacy/round_04/processed/details/music/409.json,15,ok
4,music,410,,日本中の不思議を集めて,data_raw/cn_official_legacy/round_04/raw/details/music/410.html,data_raw/cn_official_legacy/round_04/processed/details/music/410.json,15,ok
4,music,411,,テーマ·オブ·イースタンストーリー,data_raw/cn_official_legacy/round_04/raw/details/music/411.html,data_raw/cn_official_legacy/round_04/processed/details/music/411.json,15,ok
4,music,412,,ジャパニーズサーガ,data_raw/cn_official_legacy/round_04/raw/details/music/412.html,data_raw/cn_official_legacy/round_04/processed/details/music/412.json,15,ok
4,music,413,,阿礼の子供,data_raw/cn_official_legacy/round_04/raw/details/music/413.html,data_raw/cn_official_legacy/round_04/processed/details/music/413.json,15,ok
4,music,414,,夜の鳩山を飛ぶ -Power MIX,data_raw/cn_official_legacy/round_04/raw/details/music/414.html,data_raw/cn_official_legacy/round_04/processed/details/music/414.json,15,ok
4,music,415,,妖怪宇宙旅行,data_raw/cn_official_legacy/round_04/raw/details/music/415.html,data_raw/cn_official_legacy/round_04/processed/details/music/415.json,15,ok
4,music,416,,綿月のスペルカード ～ Lunatic Blue,data_raw/cn_official_legacy/round_04/raw/details/music/416.html,data_raw/cn_official_legacy/round_04/processed/details/music/416.json,15,ok
4,music,417,,風神少女,data_raw/cn_official_legacy/round_04/raw/details/music/417.html,data_raw/cn_official_legacy/round_04/processed/details/music/417.json,15,ok
4,music,418,,花映塚 ～ after Higan Retour,data_raw/cn_official_legacy/round_04/raw/details/music/418.html,data_raw/cn_official_legacy/round_04/processed/details/music/418.json,15,ok
4,music,419,,魔法使いの憂鬱,data_raw/cn_official_legacy/round_04/raw/details/music/419.html,data_raw/cn_official_legacy/round_04/processed/details/music/419.json,15,ok
4,music,420,,サニールチルフレクション,data_raw/cn_official_legacy/round_04/raw/details/music/420.html,data_raw/cn_official_legacy/round_04/processed/details/music/420.json,15,ok
4,music,421,,夜だから眠れない,data_raw/cn_official_legacy/round_04/raw/details/music/421.html,data_raw/cn_official_legacy/round_04/processed/details/music/421.json,15,ok
4,music,422,,妖精燦々として,data_raw/cn_official_legacy/round_04/raw/details/music/422.html,data_raw/cn_official_legacy/round_04/processed/details/music/422.json,15,ok
4,music,423,,サニーミルクの紅霧異変,data_raw/cn_official_legacy/round_04/raw/details/music/423.html,data_raw/cn_official_legacy/round_04/processed/details/music/423.json,15,ok
4,music,424,,雪月桜花の国,data_raw/cn_official_legacy/round_04/raw/details/music/424.html,data_raw/cn_official_legacy/round_04/processed/details/music/424.json,15,ok
4,music,425,,スターヴォヤージュ2008,data_raw/cn_official_legacy/round_04/raw/details/music/425.html,data_raw/cn_official_legacy/round_04/processed/details/music/425.json,15,ok
4,music,426,,可愛い大戦争のリフレーン,data_raw/cn_official_legacy/round_04/raw/details/music/426.html,data_raw/cn_official_legacy/round_04/processed/details/music/426.json,15,ok
4,music,427,,フェアリー冒険譚,data_raw/cn_official_legacy/round_04/raw/details/music/427.html,data_raw/cn_official_legacy/round_04/processed/details/music/427.json,15,ok
4,music,428,,二つの世界,data_raw/cn_official_legacy/round_04/raw/details/music/428.html,data_raw/cn_official_legacy/round_04/processed/details/music/428.json,15,ok
4,music,429,,神域のかくれんぼ暮らし,data_raw/cn_official_legacy/round_04/raw/details/music/429.html,data_raw/cn_official_legacy/round_04/processed/details/music/429.json,15,ok
4,music,430,,年中夢中の好奇心,data_raw/cn_official_legacy/round_04/raw/details/music/430.html,data_raw/cn_official_legacy/round_04/processed/details/music/430.json,15,ok
4,music,431,,真夜中のフェアリーダンス,data_raw/cn_official_legacy/round_04/raw/details/music/431.html,data_raw/cn_official_legacy/round_04/processed/details/music/431.json,15,ok
4,music,432,,妖精大戦争 ～ Fairy Wars,data_raw/cn_official_legacy/round_04/raw/details/music/432.html,data_raw/cn_official_legacy/round_04/processed/details/music/432.json,15,ok
4,music,433,,秋霜玉 ～ Clockworks,data_raw/cn_official_legacy/round_04/raw/details/music/433.html,data_raw/cn_official_legacy/round_04/processed/details/music/433.json,15,ok
4,music,434,,フォルスストロベリー,data_raw/cn_official_legacy/round_04/raw/details/music/434.html,data_raw/cn_official_legacy/round_04/processed/details/music/434.json,15,ok
4,music,435,,プリムローズシヴァ,data_raw/cn_official_legacy/round_04/raw/details/music/435.html,data_raw/cn_official_legacy/round_04/processed/details/music/435.json,15,ok
4,music,436,,幻想帝都,data_raw/cn_official_legacy/round_04/raw/details/music/436.html,data_raw/cn_official_legacy/round_04/processed/details/music/436.json,15,ok
4,music,437,,ディザストラスジェミニ,data_raw/cn_official_legacy/round_04/raw/details/music/437.html,data_raw/cn_official_legacy/round_04/processed/details/music/437.json,15,ok
4,music,438,,華の幻想 紅夢の宙,data_raw/cn_official_legacy/round_04/raw/details/music/438.html,data_raw/cn_official_legacy/round_04/processed/details/music/438.json,15,ok
4,music,439,,天空アーミー,data_raw/cn_official_legacy/round_04/raw/details/music/439.html,data_raw/cn_official_legacy/round_04/processed/details/music/439.json,15,ok
4,music,440,,スプートニク幻夜,data_raw/cn_official_legacy/round_04/raw/details/music/440.html,data_raw/cn_official_legacy/round_04/processed/details/music/440.json,15,ok
4,music,441,,機械サーカス ～ Reverie,data_raw/cn_official_legacy/round_04/raw/details/music/441.html,data_raw/cn_official_legacy/round_04/processed/details/music/441.json,15,ok
4,music,442,,カナベラルの夢幻少女,data_raw/cn_official_legacy/round_04/raw/details/music/442.html,data_raw/cn_official_legacy/round_04/processed/details/music/442.json,15,ok
4,music,443,,魔法少女十字軍,data_raw/cn_official_legacy/round_04/raw/details/music/443.html,data_raw/cn_official_legacy/round_04/processed/details/music/443.json,15,ok
4,music,444,,アンティークテラー,data_raw/cn_official_legacy/round_04/raw/details/music/444.html,data_raw/cn_official_legacy/round_04/processed/details/music/444.json,15,ok
4,music,445,,夢機械 ～ Innocent Power,data_raw/cn_official_legacy/round_04/raw/details/music/445.html,data_raw/cn_official_legacy/round_04/processed/details/music/445.json,15,ok
4,music,446,,幻想科学 ～ Doll's Phantom,data_raw/cn_official_legacy/round_04/raw/details/music/446.html,data_raw/cn_official_legacy/round_04/processed/details/music/446.json,15,ok
4,music,447,,少女神性 ～ Pandora's Box,data_raw/cn_official_legacy/round_04/raw/details/music/447.html,data_raw/cn_official_legacy/round_04/processed/details/music/447.json,15,ok
4,music,448,,シルクロードアリス,data_raw/cn_official_legacy/round_04/raw/details/music/448.html,data_raw/cn_official_legacy/round_04/processed/details/music/448.json,15,ok
4,music,449,,魔女達の舞踏会 ～ Magus,data_raw/cn_official_legacy/round_04/raw/details/music/449.html,data_raw/cn_official_legacy/round_04/processed/details/music/449.json,15,ok
4,music,450,,二色蓮花蝶 ～ Ancients,data_raw/cn_official_legacy/round_04/raw/details/music/450.html,data_raw/cn_official_legacy/round_04/processed/details/music/450.json,15,ok
4,music,451,,ハーセルヴズ,data_raw/cn_official_legacy/round_04/raw/details/music/451.html,data_raw/cn_official_legacy/round_04/processed/details/music/451.json,15,ok
4,music,452,,タイトルドメイド,data_raw/cn_official_legacy/round_04/raw/details/music/452.html,data_raw/cn_official_legacy/round_04/processed/details/music/452.json,15,ok
4,music,453,,稀翁玉 ～ Fairy Dance,data_raw/cn_official_legacy/round_04/raw/details/music/453.html,data_raw/cn_official_legacy/round_04/processed/details/music/453.json,15,ok
4,music,454,,天鵝絨少女戰 ～ Velvet Battle,data_raw/cn_official_legacy/round_04/raw/details/music/454.html,data_raw/cn_official_legacy/round_04/processed/details/music/454.json,15,ok
4,music,455,,Castle Explorer -in the Sky-,data_raw/cn_official_legacy/round_04/raw/details/music/455.html,data_raw/cn_official_legacy/round_04/processed/details/music/455.json,15,ok
4,music,456,,オルフェの詩 ～ Pseudoclassic,data_raw/cn_official_legacy/round_04/raw/details/music/456.html,data_raw/cn_official_legacy/round_04/processed/details/music/456.json,15,ok
4,music,457,,新幻想 ～ New Fantasy,data_raw/cn_official_legacy/round_04/raw/details/music/457.html,data_raw/cn_official_legacy/round_04/processed/details/music/457.json,15,ok
4,music,458,,オルレアンの聖騎士,data_raw/cn_official_legacy/round_04/raw/details/music/458.html,data_raw/cn_official_legacy/round_04/processed/details/music/458.json,15,ok
4,music,459,,"My Maid, Sweet Maid",data_raw/cn_official_legacy/round_04/raw/details/music/459.html,data_raw/cn_official_legacy/round_04/processed/details/music/459.json,15,ok
4,music,460,,櫻花之戀塚 ～ Flower of Japan,data_raw/cn_official_legacy/round_04/raw/details/music/460.html,data_raw/cn_official_legacy/round_04/processed/details/music/460.json,15,ok
4,music,461,,乙女戰士 ～ Heart of Valkyrie,data_raw/cn_official_legacy/round_04/raw/details/music/461.html,data_raw/cn_official_legacy/round_04/processed/details/music/461.json,15,ok
4,music,462,,エニグマティクドール ～ God Knows,data_raw/cn_official_legacy/round_04/raw/details/music/462.html,data_raw/cn_official_legacy/round_04/processed/details/music/462.json,15,ok
4,music,463,,Witch of Love Potion,data_raw/cn_official_legacy/round_04/raw/details/music/463.html,data_raw/cn_official_legacy/round_04/processed/details/music/463.json,15,ok
4,music,464,,Magical and Hopeless,data_raw/cn_official_legacy/round_04/raw/details/music/464.html,data_raw/cn_official_legacy/round_04/processed/details/music/464.json,15,ok
4,music,465,,Sacred Battle,data_raw/cn_official_legacy/round_04/raw/details/music/465.html,data_raw/cn_official_legacy/round_04/processed/details/music/465.json,15,ok
4,music,466,,呑んべぇのレムリア,data_raw/cn_official_legacy/round_04/raw/details/music/466.html,data_raw/cn_official_legacy/round_04/processed/details/music/466.json,15,ok
4,music,467,,AN ORDEAL FROM GOD,data_raw/cn_official_legacy/round_04/raw/details/music/467.html,data_raw/cn_official_legacy/round_04/processed/details/music/467.json,15,ok
4,music,468,,キュアリアス上海古牌,data_raw/cn_official_legacy/round_04/raw/details/music/468.html,data_raw/cn_official_legacy/round_04/processed/details/music/468.json,15,ok
4,music,469,,妖々跋扈 ～ Speed Fox!,data_raw/cn_official_legacy/round_04/raw/details/music/469.html,data_raw/cn_official_legacy/round_04/processed/details/music/469.json,15,ok
4,music,470,,宵闇の魔術師,data_raw/cn_official_legacy/round_04/raw/details/music/470.html,data_raw/cn_official_legacy/round_04/processed/details/music/470.json,15,ok
4,music,471,,Magic of Life,data_raw/cn_official_legacy/round_04/raw/details/music/471.html,data_raw/cn_official_legacy/round_04/processed/details/music/471.json,15,ok
4,music,472,,Plastic Space,data_raw/cn_official_legacy/round_04/raw/details/music/472.html,data_raw/cn_official_legacy/round_04/processed/details/music/472.json,15,ok
4,music,473,,Inventive City,data_raw/cn_official_legacy/round_04/raw/details/music/473.html,data_raw/cn_official_legacy/round_04/processed/details/music/473.json,15,ok
4,music,474,,夢幻回廊,data_raw/cn_official_legacy/round_04/raw/details/music/474.html,data_raw/cn_official_legacy/round_04/processed/details/music/474.json,15,ok
4,music,475,,蓬莱幻想 ～ far East,data_raw/cn_official_legacy/round_04/raw/details/music/475.html,data_raw/cn_official_legacy/round_04/processed/details/music/475.json,15,ok
4,music,476,,巨大な影と小さな結末,data_raw/cn_official_legacy/round_04/raw/details/music/476.html,data_raw/cn_official_legacy/round_04/processed/details/music/476.json,15,ok
4,music,477,,心綺楼祭囃子,data_raw/cn_official_legacy/round_04/raw/details/music/477.html,data_raw/cn_official_legacy/round_04/processed/details/music/477.json,15,ok
4,music,478,,演者選択,data_raw/cn_official_legacy/round_04/raw/details/music/478.html,data_raw/cn_official_legacy/round_04/processed/details/music/478.json,15,ok
4,music,479,,使われなかった場所,data_raw/cn_official_legacy/round_04/raw/details/music/479.html,data_raw/cn_official_legacy/round_04/processed/details/music/479.json,15,ok
4,music,480,,ラストワード発動,data_raw/cn_official_legacy/round_04/raw/details/music/480.html,data_raw/cn_official_legacy/round_04/processed/details/music/480.json,15,ok
4,work,1,,东方灵异传,data_raw/cn_official_legacy/round_04/raw/details/work/1.html,data_raw/cn_official_legacy/round_04/processed/details/work/1.json,14,ok
4,work,2,,东方封魔录,data_raw/cn_official_legacy/round_04/raw/details/work/2.html,data_raw/cn_official_legacy/round_04/processed/details/work/2.json,14,ok
4,work,3,,东方梦时空,data_raw/cn_official_legacy/round_04/raw/details/work/3.html,data_raw/cn_official_legacy/round_04/processed/details/work/3.json,14,ok
4,work,4,,东方幻想乡,data_raw/cn_official_legacy/round_04/raw/details/work/4.html,data_raw/cn_official_legacy/round_04/processed/details/work/4.json,14,ok
4,work,5,,东方怪绮谈,data_raw/cn_official_legacy/round_04/raw/details/work/5.html,data_raw/cn_official_legacy/round_04/processed/details/work/5.json,14,ok
4,work,6,,东方红魔乡,data_raw/cn_official_legacy/round_04/raw/details/work/6.html,data_raw/cn_official_legacy/round_04/processed/details/work/6.json,14,ok
4,work,7,,东方妖妖梦,data_raw/cn_official_legacy/round_04/raw/details/work/7.html,data_raw/cn_official_legacy/round_04/processed/details/work/7.json,14,ok
4,work,8,,东方萃梦想,data_raw/cn_official_legacy/round_04/raw/details/work/8.html,data_raw/cn_official_legacy/round_04/processed/details/work/8.json,14,ok
4,work,9,,东方永夜抄,data_raw/cn_official_legacy/round_04/raw/details/work/9.html,data_raw/cn_official_legacy/round_04/processed/details/work/9.json,14,ok
4,work,10,,东方花映塚,data_raw/cn_official_legacy/round_04/raw/details/work/10.html,data_raw/cn_official_legacy/round_04/processed/details/work/10.json,14,ok
4,work,11,,东方文花帖,data_raw/cn_official_legacy/round_04/raw/details/work/11.html,data_raw/cn_official_legacy/round_04/processed/details/work/11.json,14,ok
4,work,12,,东方风神录,data_raw/cn_official_legacy/round_04/raw/details/work/12.html,data_raw/cn_official_legacy/round_04/processed/details/work/12.json,14,ok
4,work,13,,东方绯想天,data_raw/cn_official_legacy/round_04/raw/details/work/13.html,data_raw/cn_official_legacy/round_04/processed/details/work/13.json,14,ok
4,work,14,,东方地灵殿,data_raw/cn_official_legacy/round_04/raw/details/work/14.html,data_raw/cn_official_legacy/round_04/processed/details/work/14.json,14,ok
4,work,15,,东方星莲船,data_raw/cn_official_legacy/round_04/raw/details/work/15.html,data_raw/cn_official_legacy/round_04/processed/details/work/15.json,14,ok
4,work,16,,东方非想天则,data_raw/cn_official_legacy/round_04/raw/details/work/16.html,data_raw/cn_official_legacy/round_04/processed/details/work/16.json,14,ok
4,work,17,,东方文花帖DS,data_raw/cn_official_legacy/round_04/raw/details/work/17.html,data_raw/cn_official_legacy/round_04/processed/details/work/17.json,14,ok
4,work,18,,妖精大战争,data_raw/cn_official_legacy/round_04/raw/details/work/18.html,data_raw/cn_official_legacy/round_04/processed/details/work/18.json,14,ok
4,work,19,,东方神灵庙,data_raw/cn_official_legacy/round_04/raw/details/work/19.html,data_raw/cn_official_legacy/round_04/processed/details/work/19.json,14,ok
4,work,20,,东方心绮楼,data_raw/cn_official_legacy/round_04/raw/details/work/20.html,data_raw/cn_official_legacy/round_04/processed/details/work/20.json,14,ok
4,work,21,,东方辉针城,data_raw/cn_official_legacy/round_04/raw/details/work/21.html,data_raw/cn_official_legacy/round_04/processed/details/work/21.json,14,ok
4,work,22,,弹幕天邪鬼,data_raw/cn_official_legacy/round_04/raw/details/work/22.html,data_raw/cn_official_legacy/round_04/processed/details/work/22.json,14,ok
4,work,23,,东方深秘录,data_raw/cn_official_legacy/round_04/raw/details/work/23.html,data_raw/cn_official_legacy/round_04/processed/details/work/23.json,14,ok
4,work,24,,东方绀珠传,data_raw/cn_official_legacy/round_04/raw/details/work/24.html,data_raw/cn_official_legacy/round_04/processed/details/work/24.json,14,ok
4,work,25,,蓬莱人形（专辑）,data_raw/cn_official_legacy/round_04/raw/details/work/25.html,data_raw/cn_official_legacy/round_04/processed/details/work/25.json,14,ok
4,work,26,,莲台野夜行（专辑）,data_raw/cn_official_legacy/round_04/raw/details/work/26.html,data_raw/cn_official_legacy/round_04/processed/details/work/26.json,14,ok
4,work,27,,梦违科学世纪（专辑）,data_raw/cn_official_legacy/round_04/raw/details/work/27.html,data_raw/cn_official_legacy/round_04/processed/details/work/27.json,14,ok
4,work,28,,卯酉东海道（专辑）,data_raw/cn_official_legacy/round_04/raw/details/work/28.html,data_raw/cn_official_legacy/round_04/processed/details/work/28.json,14,ok
4,work,29,,大空魔术（专辑）,data_raw/cn_official_legacy/round_04/raw/details/work/29.html,data_raw/cn_official_legacy/round_04/processed/details/work/29.json,14,ok
4,work,30,,未知之花 魅知之旅（专辑）,data_raw/cn_official_legacy/round_04/raw/details/work/30.html,data_raw/cn_official_legacy/round_04/processed/details/work/30.json,14,ok
4,work,31,,鸟船遗迹（专辑）,data_raw/cn_official_legacy/round_04/raw/details/work/31.html,data_raw/cn_official_legacy/round_04/processed/details/work/31.json,14,ok
4,work,32,,伊奘诺物质（专辑）,data_raw/cn_official_legacy/round_04/raw/details/work/32.html,data_raw/cn_official_legacy/round_04/processed/details/work/32.json,14,ok
4,work,33,,幺乐团的历史 vol.1（专辑）,data_raw/cn_official_legacy/round_04/raw/details/work/33.html,data_raw/cn_official_legacy/round_04/processed/details/work/33.json,14,ok
4,work,34,,幺乐团的历史 vol.2（专辑）,data_raw/cn_official_legacy/round_04/raw/details/work/34.html,data_raw/cn_official_legacy/round_04/processed/details/work/34.json,14,ok
4,work,35,,幺乐团的历史 vol.3（专辑）,data_raw/cn_official_legacy/round_04/raw/details/work/35.html,data_raw/cn_official_legacy/round_04/processed/details/work/35.json,14,ok
4,work,36,,幺乐团的历史 vol.4（专辑）,data_raw/cn_official_legacy/round_04/raw/details/work/36.html,data_raw/cn_official_legacy/round_04/processed/details/work/36.json,14,ok
4,work,37,,幺乐团的历史 vol.5（专辑）,data_raw/cn_official_legacy/round_04/raw/details/work/37.html,data_raw/cn_official_legacy/round_04/processed/details/work/37.json,14,ok
4,work,38,,幻想曲拔萃（专辑）,data_raw/cn_official_legacy/round_04/raw/details/work/38.html,data_raw/cn_official_legacy/round_04/processed/details/work/38.json,14,ok
4,work,39,,全人类的天乐录（专辑）,data_raw/cn_official_legacy/round_04/raw/details/work/39.html,data_raw/cn_official_legacy/round_04/processed/details/work/39.json,14,ok
4,work,40,,核热造神非想天则（专辑）,data_raw/cn_official_legacy/round_04/raw/details/work/40.html,data_raw/cn_official_legacy/round_04/processed/details/work/40.json,14,ok
4,work,41,,暗黑能乐集心绮楼‎（专辑）,data_raw/cn_official_legacy/round_04/raw/details/work/41.html,data_raw/cn_official_legacy/round_04/processed/details/work/41.json,14,ok
4,work,42,,深秘乐曲集‎（专辑）,data_raw/cn_official_legacy/round_04/raw/details/work/42.html,data_raw/cn_official_legacy/round_04/processed/details/work/42.json,14,ok
4,work,43,,东方香霖堂（书籍）,data_raw/cn_official_legacy/round_04/raw/details/work/43.html,data_raw/cn_official_legacy/round_04/processed/details/work/43.json,14,ok
4,work,44,,东方三月精（书籍）,data_raw/cn_official_legacy/round_04/raw/details/work/44.html,data_raw/cn_official_legacy/round_04/processed/details/work/44.json,14,ok
4,work,45,,东方儚月抄（书籍）,data_raw/cn_official_legacy/round_04/raw/details/work/45.html,data_raw/cn_official_legacy/round_04/processed/details/work/45.json,14,ok
4,work,46,,东方茨歌仙（书籍）,data_raw/cn_official_legacy/round_04/raw/details/work/46.html,data_raw/cn_official_legacy/round_04/processed/details/work/46.json,14,ok
4,work,47,,东方铃奈庵（书籍）,data_raw/cn_official_legacy/round_04/raw/details/work/47.html,data_raw/cn_official_legacy/round_04/processed/details/work/47.json,14,ok
4,work,48,,东方求闻史纪（书籍）,data_raw/cn_official_legacy/round_04/raw/details/work/48.html,data_raw/cn_official_legacy/round_04/processed/details/work/48.json,14,ok
4,work,49,,东方求闻口授（书籍）,data_raw/cn_official_legacy/round_04/raw/details/work/49.html,data_raw/cn_official_legacy/round_04/processed/details/work/49.json,14,ok
4,work,50,,The Grimoire of Marisa（书籍）,data_raw/cn_official_legacy/round_04/raw/details/work/50.html,data_raw/cn_official_legacy/round_04/processed/details/work/50.json,14,ok
4,work,51,,东方文花帖（书籍）,data_raw/cn_official_legacy/round_04/raw/details/work/51.html,data_raw/cn_official_legacy/round_04/processed/details/work/51.json,14,ok
4,work,52,,东方紫香花（书籍）,data_raw/cn_official_legacy/round_04/raw/details/work/52.html,data_raw/cn_official_legacy/round_04/processed/details/work/52.json,14,ok
4,work,53,,东方外来韦编（书籍）,data_raw/cn_official_legacy/round_04/raw/details/work/53.html,data_raw/cn_official_legacy/round_04/processed/details/work/53.json,14,ok
