round_label,scope,node_type,canonical_name,name_cn,name_jp,weighted_degree,unweighted_degree,pagerank,betweenness,k_core,bridge_score,community_id,connected_component_id,algorithm,weight_metric,threshold,min_intersection_count,resolution,random_seed,software_version,official_faction_source,official_faction_note
JP16,character,character,ufo（赤青緑、その他）,飞碟（红、蓝、绿、其他）,UFO（赤・青・緑、その他）,0.0,0,0.0010111223458038425,0.0,0,0.0,C-d2edbe0485888a3a,CC-d2edbe0485888a3a,louvain,intersection_count,100.0,0.0,1.0,20260801,1.0.0,not_used,community labels are structural network results; they are not official factions and do not replace original-setting faction metadata
JP16,character,character,くるみ,胡桃,くるみ,0.0,0,0.0010111223458038425,0.0,0,0.0,C-30b5d045a49ce24e,CC-30b5d045a49ce24e,louvain,intersection_count,100.0,0.0,1.0,20260801,1.0.0,not_used,community labels are structural network results; they are not official factions and do not replace original-setting faction metadata
JP16,character,character,なめえもん,蛞蝓（蛞蝓卫门）,なめえもん,0.0,0,0.0010111223458038425,0.0,0,0.0,C-b185cc47dd0ce263,CC-b185cc47dd0ce263,louvain,intersection_count,100.0,0.0,1.0,20260801,1.0.0,not_used,community labels are structural network results; they are not official factions and do not replace original-setting faction metadata
JP16,character,character,るーこと,留琴,るーこと,0.0,0,0.0010111223458038425,0.0,0,0.0,C-f03c41c67232059b,CC-f03c41c67232059b,louvain,intersection_count,100.0,0.0,1.0,20260801,1.0.0,not_used,community labels are structural network results; they are not official factions and do not replace original-setting faction metadata
JP16,character,character,わかさぎ姫,若鹭姬,わかさぎ姫,245.0,2,0.0013881635917895475,0.0,2,0.0,C-a2ce8b73116eddcc,CC-2b4ec26ae62a7599,louvain,intersection_count,100.0,0.0,1.0,20260801,1.0.0,not_used,community labels are structural network results; they are not official factions and do not replace original-setting faction metadata
JP16,character,character,アリスの人形（上海、蓬莱、大江戸他）,爱丽丝的人偶（上海、蓬莱、大江户等）,アリスの人形（上海、蓬莱、大江戸 他）,144.0,1,0.0011425911703156443,0.0,1,0.0,C-e46490189dfe73ae,CC-2b4ec26ae62a7599,louvain,intersection_count,100.0,0.0,1.0,20260801,1.0.0,not_used,community labels are structural network results; they are not official factions and do not replace original-setting faction metadata
JP16,character,character,アリスマーガトロイド,爱丽丝·玛格特洛依德,アリス・マーガトロイド,10216.0,17,0.01097292084324901,0.0029878153156658004,11,0.35170321064996085,C-e46490189dfe73ae,CC-2b4ec26ae62a7599,louvain,intersection_count,100.0,0.0,1.0,20260801,1.0.0,not_used,community labels are structural network results; they are not official factions and do not replace original-setting faction metadata
JP16,character,character,ウワバミ,蟒蛇,ウワバミ,0.0,0,0.0010111223458038425,0.0,0,0.0,C-2d6d43987405c045,CC-2d6d43987405c045,louvain,intersection_count,100.0,0.0,1.0,20260801,1.0.0,not_used,community labels are structural network results; they are not official factions and do not replace original-setting faction metadata
JP16,character,character,エタニティラルバ,爱塔妮缇拉尔瓦,エタニティラルバ,0.0,0,0.0010111223458038425,0.0,0,0.0,C-cb7d83d36ed9f267,CC-cb7d83d36ed9f267,louvain,intersection_count,100.0,0.0,1.0,20260801,1.0.0,not_used,community labels are structural network results; they are not official factions and do not replace original-setting faction metadata
JP16,character,character,エリス,依莉斯,エリス,0.0,0,0.0010111223458038425,0.0,0,0.0,C-2be04a41251a515f,CC-2be04a41251a515f,louvain,intersection_count,100.0,0.0,1.0,20260801,1.0.0,not_used,community labels are structural network results; they are not official factions and do not replace original-setting faction metadata
JP16,character,character,エリー,艾丽,エリー,0.0,0,0.0010111223458038425,0.0,0,0.0,C-2d8a1b9f89046277,CC-2d8a1b9f89046277,louvain,intersection_count,100.0,0.0,1.0,20260801,1.0.0,not_used,community labels are structural network results; they are not official factions and do not replace original-setting faction metadata
JP16,character,character,エレン,爱莲,エレン,0.0,0,0.0010111223458038425,0.0,0,0.0,C-de9e053a982af7de,CC-de9e053a982af7de,louvain,intersection_count,100.0,0.0,1.0,20260801,1.0.0,not_used,community labels are structural network results; they are not official factions and do not replace original-setting faction metadata
JP16,character,character,オオカミ霊,野狼灵,オオカミ霊,0.0,0,0.0010111223458038425,0.0,0,0.0,C-b6d737bb720dd4db,CC-b6d737bb720dd4db,louvain,intersection_count,100.0,0.0,1.0,20260801,1.0.0,not_used,community labels are structural network results; they are not official factions and do not replace original-setting faction metadata
JP16,character,character,オオワシ霊,大鹫灵,オオワシ霊,0.0,0,0.0010111223458038425,0.0,0,0.0,C-755a4c2153222449,CC-755a4c2153222449,louvain,intersection_count,100.0,0.0,1.0,20260801,1.0.0,not_used,community labels are structural network results; they are not official factions and do not replace original-setting faction metadata
JP16,character,character,オレンジ,奥莲姬,オレンジ,0.0,0,0.0010111223458038425,0.0,0,0.0,C-f3f8d93eb17dc360,CC-f3f8d93eb17dc360,louvain,intersection_count,100.0,0.0,1.0,20260801,1.0.0,not_used,community labels are structural network results; they are not official factions and do not replace original-setting faction metadata
JP16,character,character,カナアナベラル,卡娜·安娜贝拉尔,カナ・アナベラル,0.0,0,0.0010111223458038425,0.0,0,0.0,C-0731c72c42150025,CC-0731c72c42150025,louvain,intersection_count,100.0,0.0,1.0,20260801,1.0.0,not_used,community labels are structural network results; they are not official factions and do not replace original-setting faction metadata
JP16,character,character,カラス（地獄鴉、紫文の使い魔他）,乌鸦（地狱鸦、紫和文的使魔等）,カラス（地獄鴉、紫・文の使い魔 他）,0.0,0,0.0010111223458038425,0.0,0,0.0,C-f000b7ff8b7033c7,CC-f000b7ff8b7033c7,louvain,intersection_count,100.0,0.0,1.0,20260801,1.0.0,not_used,community labels are structural network results; they are not official factions and do not replace original-setting faction metadata
JP16,character,character,カワウソ霊,水獭灵,カワウソ霊,0.0,0,0.0010111223458038425,0.0,0,0.0,C-84eddbd595ad8ecb,CC-84eddbd595ad8ecb,louvain,intersection_count,100.0,0.0,1.0,20260801,1.0.0,not_used,community labels are structural network results; they are not official factions and do not replace original-setting faction metadata
JP16,character,character,キクリ,菊理,キクリ,0.0,0,0.0010111223458038425,0.0,0,0.0,C-30ecec52f9a98b80,CC-30ecec52f9a98b80,louvain,intersection_count,100.0,0.0,1.0,20260801,1.0.0,not_used,community labels are structural network results; they are not official factions and do not replace original-setting faction metadata
JP16,character,character,キスメ,琪斯美,キスメ,0.0,0,0.0010111223458038425,0.0,0,0.0,C-1e6342d4f4f3a0fd,CC-1e6342d4f4f3a0fd,louvain,intersection_count,100.0,0.0,1.0,20260801,1.0.0,not_used,community labels are structural network results; they are not official factions and do not replace original-setting faction metadata
JP16,character,character,クラウンピース,克劳恩皮丝,クラウンピース,2752.0,10,0.00347952407944882,0.0,10,0.4382267441860465,C-d96a91e482b4262b,CC-2b4ec26ae62a7599,louvain,intersection_count,100.0,0.0,1.0,20260801,1.0.0,not_used,community labels are structural network results; they are not official factions and do not replace original-setting faction metadata
JP16,character,character,ケセランパサラン,袈裟罗婆娑罗,ケセランパサラン,0.0,0,0.0010111223458038425,0.0,0,0.0,C-8e088fb587d590c4,CC-8e088fb587d590c4,louvain,intersection_count,100.0,0.0,1.0,20260801,1.0.0,not_used,community labels are structural network results; they are not official factions and do not replace original-setting faction metadata
JP16,character,character,コンガラ,矜羯罗,コンガラ,0.0,0,0.0010111223458038425,0.0,0,0.0,C-e5f10c6972d606cd,CC-e5f10c6972d606cd,louvain,intersection_count,100.0,0.0,1.0,20260801,1.0.0,not_used,community labels are structural network results; they are not official factions and do not replace original-setting faction metadata
JP16,character,character,サニーミルク,桑尼米尔克,サニーミルク,487.0,3,0.005157017651662009,0.0029878153156658004,2,0.2299794661190965,C-645ea487a5746118,CC-2b4ec26ae62a7599,louvain,intersection_count,100.0,0.0,1.0,20260801,1.0.0,not_used,community labels are structural network results; they are not official factions and do not replace original-setting faction metadata
JP16,character,character,サラ,萨拉,サラ,0.0,0,0.0010111223458038425,0.0,0,0.0,C-b2c218e214af19ec,CC-b2c218e214af19ec,louvain,intersection_count,100.0,0.0,1.0,20260801,1.0.0,not_used,community labels are structural network results; they are not official factions and do not replace original-setting faction metadata
JP16,character,character,サリエル,萨丽爱尔,サリエル,0.0,0,0.0010111223458038425,0.0,0,0.0,C-929752ad1e381edc,CC-929752ad1e381edc,louvain,intersection_count,100.0,0.0,1.0,20260801,1.0.0,not_used,community labels are structural network results; they are not official factions and do not replace original-setting faction metadata
JP16,character,character,シンギョク,神玉,シンギョク,0.0,0,0.0010111223458038425,0.0,0,0.0,C-6a46faa43c7160fb,CC-6a46faa43c7160fb,louvain,intersection_count,100.0,0.0,1.0,20260801,1.0.0,not_used,community labels are structural network results; they are not official factions and do not replace original-setting faction metadata
JP16,character,character,スターサファイア,斯塔萨菲雅,スターサファイア,358.0,2,0.004532949816713389,0.0,2,0.0,C-645ea487a5746118,CC-2b4ec26ae62a7599,louvain,intersection_count,100.0,0.0,1.0,20260801,1.0.0,not_used,community labels are structural network results; they are not official factions and do not replace original-setting faction metadata
JP16,character,character,チュパカブラ,卓柏卡布拉,チュパカブラ,0.0,0,0.0010111223458038425,0.0,0,0.0,C-567d6d2f1bd401e8,CC-567d6d2f1bd401e8,louvain,intersection_count,100.0,0.0,1.0,20260801,1.0.0,not_used,community labels are structural network results; they are not official factions and do not replace original-setting faction metadata
JP16,character,character,チルノ,琪露诺,チルノ,6188.0,15,0.007521787519686306,0.004715146045035091,11,0.4028765352294764,C-d96a91e482b4262b,CC-2b4ec26ae62a7599,louvain,intersection_count,100.0,0.0,1.0,20260801,1.0.0,not_used,community labels are structural network results; they are not official factions and do not replace original-setting faction metadata
JP16,character,character,ツチノコ,野槌,ツチノコ,0.0,0,0.0010111223458038425,0.0,0,0.0,C-4d63cff2444f1528,CC-4d63cff2444f1528,louvain,intersection_count,100.0,0.0,1.0,20260801,1.0.0,not_used,community labels are structural network results; they are not official factions and do not replace original-setting faction metadata
JP16,character,character,ドレミースイート,哆来咪·苏伊特,ドレミー・スイート,2028.0,11,0.0030513234422281663,0.0,10,0.4812623274161736,C-36e04441cffd9e4a,CC-2b4ec26ae62a7599,louvain,intersection_count,100.0,0.0,1.0,20260801,1.0.0,not_used,community labels are structural network results; they are not official factions and do not replace original-setting faction metadata
JP16,character,character,ナズーリン,娜兹玲,ナズーリン,1931.0,12,0.003320693123556677,0.0013227307387062136,11,0.6261004660797514,C-a2ce8b73116eddcc,CC-2b4ec26ae62a7599,louvain,intersection_count,100.0,0.0,1.0,20260801,1.0.0,not_used,community labels are structural network results; they are not official factions and do not replace original-setting faction metadata
JP16,character,character,パチュリーノーレッジ,帕秋莉·诺蕾姬,パチュリー・ノーレッジ,7836.0,13,0.007719957915641524,0.0,11,0.35923940786115366,C-e46490189dfe73ae,CC-2b4ec26ae62a7599,louvain,intersection_count,100.0,0.0,1.0,20260801,1.0.0,not_used,community labels are structural network results; they are not official factions and do not replace original-setting faction metadata
JP16,character,character,フランドールスカーレット,芙兰朵露·斯卡蕾特,フランドール・スカーレット,31446.0,46,0.029816313269484123,0.006395792160097104,11,0.5215607708452585,C-d96a91e482b4262b,CC-2b4ec26ae62a7599,louvain,intersection_count,100.0,0.0,1.0,20260801,1.0.0,not_used,community labels are structural network results; they are not official factions and do not replace original-setting faction metadata
JP16,character,character,ヘカーティアラピスラズリ,赫卡提亚·拉碧斯拉祖利,ヘカーティア・ラピスラズリ,3346.0,14,0.004686212308003707,3.112307620485209e-05,10,0.5514046622833234,C-36e04441cffd9e4a,CC-2b4ec26ae62a7599,louvain,intersection_count,100.0,0.0,1.0,20260801,1.0.0,not_used,community labels are structural network results; they are not official factions and do not replace original-setting faction metadata
JP16,character,character,ホフゴブリン,地精,ホフゴブリン,0.0,0,0.0010111223458038425,0.0,0,0.0,C-48787496e342b311,CC-48787496e342b311,louvain,intersection_count,100.0,0.0,1.0,20260801,1.0.0,not_used,community labels are structural network results; they are not official factions and do not replace original-setting faction metadata
JP16,character,character,マイ,舞,マイ,0.0,0,0.0010111223458038425,0.0,0,0.0,C-a9e9309057b6f2d1,CC-a9e9309057b6f2d1,louvain,intersection_count,100.0,0.0,1.0,20260801,1.0.0,not_used,community labels are structural network results; they are not official factions and do not replace original-setting faction metadata
JP16,character,character,マエリベリーハーン,玛艾露贝莉·赫恩,マエリベリー・ハーン,3901.0,13,0.005237987360881349,0.0,11,0.5070494744937195,C-0250a46c3d32674e,CC-2b4ec26ae62a7599,louvain,intersection_count,100.0,0.0,1.0,20260801,1.0.0,not_used,community labels are structural network results; they are not official factions and do not replace original-setting faction metadata
JP16,character,character,ミスティアローレライ,米斯蒂娅·萝蕾拉,ミスティア・ローレライ,1564.0,11,0.002658366855586504,0.0,10,0.15537084398976983,C-d96a91e482b4262b,CC-2b4ec26ae62a7599,louvain,intersection_count,100.0,0.0,1.0,20260801,1.0.0,not_used,community labels are structural network results; they are not official factions and do not replace original-setting faction metadata
JP16,character,character,ミミちゃん,咪咪号,ミミちゃん,0.0,0,0.0010111223458038425,0.0,0,0.0,C-ff4422b097803d03,CC-ff4422b097803d03,louvain,intersection_count,100.0,0.0,1.0,20260801,1.0.0,not_used,community labels are structural network results; they are not official factions and do not replace original-setting faction metadata
JP16,character,character,メディスンメランコリー,梅蒂欣·梅兰可莉,メディスン・メランコリー,305.0,2,0.001268946020712489,0.0,2,0.0,C-d96a91e482b4262b,CC-2b4ec26ae62a7599,louvain,intersection_count,100.0,0.0,1.0,20260801,1.0.0,not_used,community labels are structural network results; they are not official factions and do not replace original-setting faction metadata
JP16,character,character,メルランプリズムリバー,梅露兰·普莉兹姆利巴,メルラン・プリズムリバー,262.0,2,0.0027792739517408255,0.0,2,0.0,C-d96a91e482b4262b,CC-2b4ec26ae62a7599,louvain,intersection_count,100.0,0.0,1.0,20260801,1.0.0,not_used,community labels are structural network results; they are not official factions and do not replace original-setting faction metadata
JP16,character,character,ヤマネ,睡鼠,ヤマネ,0.0,0,0.0010111223458038425,0.0,0,0.0,C-6b35a7a0d473993a,CC-6b35a7a0d473993a,louvain,intersection_count,100.0,0.0,1.0,20260801,1.0.0,not_used,community labels are structural network results; they are not official factions and do not replace original-setting faction metadata
JP16,character,character,ユウゲンマガン,幽幻魔眼,ユウゲンマガン,0.0,0,0.0010111223458038425,0.0,0,0.0,C-0aad526ff5ff5beb,CC-0aad526ff5ff5beb,louvain,intersection_count,100.0,0.0,1.0,20260801,1.0.0,not_used,community labels are structural network results; they are not official factions and do not replace original-setting faction metadata
JP16,character,character,ユキ,雪,ユキ,0.0,0,0.0010111223458038425,0.0,0,0.0,C-fab7efc0e96ed9ad,CC-fab7efc0e96ed9ad,louvain,intersection_count,100.0,0.0,1.0,20260801,1.0.0,not_used,community labels are structural network results; they are not official factions and do not replace original-setting faction metadata
JP16,character,character,リグルナイトバグ,莉格露·奈特巴格,リグル・ナイトバグ,0.0,0,0.0010111223458038425,0.0,0,0.0,C-f9a7b713d6f01333,CC-f9a7b713d6f01333,louvain,intersection_count,100.0,0.0,1.0,20260801,1.0.0,not_used,community labels are structural network results; they are not official factions and do not replace original-setting faction metadata
JP16,character,character,リリカプリズムリバー,莉莉卡·普莉兹姆利巴,リリカ・プリズムリバー,262.0,2,0.0027792739517408255,0.0,2,0.0,C-d96a91e482b4262b,CC-2b4ec26ae62a7599,louvain,intersection_count,100.0,0.0,1.0,20260801,1.0.0,not_used,community labels are structural network results; they are not official factions and do not replace original-setting faction metadata
JP16,character,character,リリーホワイト,莉莉霍瓦特（莉莉白）,リリーホワイト,726.0,6,0.001684000041431336,0.0,6,0.0,C-d96a91e482b4262b,CC-2b4ec26ae62a7599,louvain,intersection_count,100.0,0.0,1.0,20260801,1.0.0,not_used,community labels are structural network results; they are not official factions and do not replace original-setting faction metadata
JP16,character,character,ルイズ,露易兹,ルイズ,0.0,0,0.0010111223458038425,0.0,0,0.0,C-d168266f315edbf2,CC-d168266f315edbf2,louvain,intersection_count,100.0,0.0,1.0,20260801,1.0.0,not_used,community labels are structural network results; they are not official factions and do not replace original-setting faction metadata
JP16,character,character,ルナサプリズムリバー,露娜萨·普莉兹姆利巴,ルナサ・プリズムリバー,721.0,6,0.00371043293694188,0.0029878153156658004,4,0.17614424410540916,C-d96a91e482b4262b,CC-2b4ec26ae62a7599,louvain,intersection_count,100.0,0.0,1.0,20260801,1.0.0,not_used,community labels are structural network results; they are not official factions and do not replace original-setting faction metadata
JP16,character,character,ルナチャイルド,露娜切露德,ルナチャイルド,363.0,2,0.004583231894300741,0.0,2,0.0,C-645ea487a5746118,CC-2b4ec26ae62a7599,louvain,intersection_count,100.0,0.0,1.0,20260801,1.0.0,not_used,community labels are structural network results; they are not official factions and do not replace original-setting faction metadata
JP16,character,character,ルーミア,露米娅,ルーミア,5953.0,13,0.006444617149165785,0.001042623052862545,11,0.35797077103981184,C-d96a91e482b4262b,CC-2b4ec26ae62a7599,louvain,intersection_count,100.0,0.0,1.0,20260801,1.0.0,not_used,community labels are structural network results; they are not official factions and do not replace original-setting faction metadata
JP16,character,character,レイセン,铃仙二号,レイセン,0.0,0,0.0010111223458038425,0.0,0,0.0,C-4cdeb8b363098e29,CC-4cdeb8b363098e29,louvain,intersection_count,100.0,0.0,1.0,20260801,1.0.0,not_used,community labels are structural network results; they are not official factions and do not replace original-setting faction metadata
JP16,character,character,レイラプリズムリバー,蕾拉·普莉兹姆利巴,レイラ・プリズムリバー,0.0,0,0.0010111223458038425,0.0,0,0.0,C-2daef12d1b443624,CC-2daef12d1b443624,louvain,intersection_count,100.0,0.0,1.0,20260801,1.0.0,not_used,community labels are structural network results; they are not official factions and do not replace original-setting faction metadata
JP16,character,character,レティホワイトロック,蕾蒂·霍瓦特洛克,レティ・ホワイトロック,0.0,0,0.0010111223458038425,0.0,0,0.0,C-ce834f73fcbd514b,CC-ce834f73fcbd514b,louvain,intersection_count,100.0,0.0,1.0,20260801,1.0.0,not_used,community labels are structural network results; they are not official factions and do not replace original-setting faction metadata
JP16,character,character,レミリアスカーレット,蕾米莉亚·斯卡蕾特,レミリア・スカーレット,31860.0,49,0.03019534694447517,0.0023497922534663324,11,0.5817011927181419,C-d96a91e482b4262b,CC-2b4ec26ae62a7599,louvain,intersection_count,100.0,0.0,1.0,20260801,1.0.0,not_used,community labels are structural network results; they are not official factions and do not replace original-setting faction metadata
JP16,character,character,丁礼田舞,丁礼田舞,丁礼田舞,169.0,1,0.006740815638692279,0.0,1,0.0,C-38d2e5bdffbe7c21,CC-38d2e5bdffbe7c21,louvain,intersection_count,100.0,0.0,1.0,20260801,1.0.0,not_used,community labels are structural network results; they are not official factions and do not replace original-setting faction metadata
JP16,character,character,万岁乐,万岁乐,万歳楽,0.0,0,0.0010111223458038425,0.0,0,0.0,C-872f68a4c8d79546,CC-872f68a4c8d79546,louvain,intersection_count,100.0,0.0,1.0,20260801,1.0.0,not_used,community labels are structural network results; they are not official factions and do not replace original-setting faction metadata
JP16,character,character,万歳楽,万岁乐,万歳楽,0.0,0,0.0010111223458038425,0.0,0,0.0,C-23434ad721f0815a,CC-23434ad721f0815a,louvain,intersection_count,100.0,0.0,1.0,20260801,1.0.0,not_used,community labels are structural network results; they are not official factions and do not replace original-setting faction metadata
JP16,character,character,上白沢慧音,上白泽慧音,上白沢 慧音,2301.0,12,0.0030325103538423968,0.0,11,0.0,C-e46490189dfe73ae,CC-2b4ec26ae62a7599,louvain,intersection_count,100.0,0.0,1.0,20260801,1.0.0,not_used,community labels are structural network results; they are not official factions and do not replace original-setting faction metadata
JP16,character,character,上白泽慧音,上白泽慧音,上白沢 慧音,0.0,0,0.0010111223458038425,0.0,0,0.0,C-eed0613330b0dba8,CC-eed0613330b0dba8,louvain,intersection_count,100.0,0.0,1.0,20260801,1.0.0,not_used,community labels are structural network results; they are not official factions and do not replace original-setting faction metadata
JP16,character,character,东风谷早苗,东风谷早苗,東風谷 早苗,0.0,0,0.0010111223458038425,0.0,0,0.0,C-5cd2ccc16df041d8,CC-5cd2ccc16df041d8,louvain,intersection_count,100.0,0.0,1.0,20260801,1.0.0,not_used,community labels are structural network results; they are not official factions and do not replace original-setting faction metadata
JP16,character,character,丰聪耳神子,丰聪耳神子,豊聡耳 神子,0.0,0,0.0010111223458038425,0.0,0,0.0,C-acfd93b588f929cb,CC-acfd93b588f929cb,louvain,intersection_count,100.0,0.0,1.0,20260801,1.0.0,not_used,community labels are structural network results; they are not official factions and do not replace original-setting faction metadata
JP16,character,character,乌鸦（地狱鸦、紫和文的使魔等）,乌鸦（地狱鸦、紫和文的使魔等）,カラス（地獄鴉、紫・文の使い魔 他）,0.0,0,0.0010111223458038425,0.0,0,0.0,C-82598f10270577f2,CC-82598f10270577f2,louvain,intersection_count,100.0,0.0,1.0,20260801,1.0.0,not_used,community labels are structural network results; they are not official factions and do not replace original-setting faction metadata
JP16,character,character,九十九八桥,九十九八桥,九十九 八橋,0.0,0,0.0010111223458038425,0.0,0,0.0,C-89da5d501bfc3507,CC-89da5d501bfc3507,louvain,intersection_count,100.0,0.0,1.0,20260801,1.0.0,not_used,community labels are structural network results; they are not official factions and do not replace original-setting faction metadata
JP16,character,character,九十九八橋,九十九八桥,九十九 八橋,106.0,1,0.006740815638692281,0.0,1,0.0,C-40509a9736695bd2,CC-40509a9736695bd2,louvain,intersection_count,100.0,0.0,1.0,20260801,1.0.0,not_used,community labels are structural network results; they are not official factions and do not replace original-setting faction metadata
JP16,character,character,九十九弁々,九十九弁弁,九十九 弁々,106.0,1,0.006740815638692281,0.0,1,0.0,C-40509a9736695bd2,CC-40509a9736695bd2,louvain,intersection_count,100.0,0.0,1.0,20260801,1.0.0,not_used,community labels are structural network results; they are not official factions and do not replace original-setting faction metadata
JP16,character,character,九十九弁弁,九十九弁弁,九十九 弁々,0.0,0,0.0010111223458038425,0.0,0,0.0,C-19e3dd6b70daae3a,CC-19e3dd6b70daae3a,louvain,intersection_count,100.0,0.0,1.0,20260801,1.0.0,not_used,community labels are structural network results; they are not official factions and do not replace original-setting faction metadata
JP16,character,character,二ッ岩マミゾウ,二岩猯藏,二ッ岩 マミゾウ,347.0,3,0.0013101343349960744,0.0,3,0.0,C-e46490189dfe73ae,CC-2b4ec26ae62a7599,louvain,intersection_count,100.0,0.0,1.0,20260801,1.0.0,not_used,community labels are structural network results; they are not official factions and do not replace original-setting faction metadata
JP16,character,character,二岩猯藏,二岩猯藏,二ッ岩 マミゾウ,0.0,0,0.0010111223458038425,0.0,0,0.0,C-ee7da31426484173,CC-ee7da31426484173,louvain,intersection_count,100.0,0.0,1.0,20260801,1.0.0,not_used,community labels are structural network results; they are not official factions and do not replace original-setting faction metadata
JP16,character,character,云居一轮,云居一轮,雲居 一輪,0.0,0,0.0010111223458038425,0.0,0,0.0,C-d9872886e8b81b6d,CC-d9872886e8b81b6d,louvain,intersection_count,100.0,0.0,1.0,20260801,1.0.0,not_used,community labels are structural network results; they are not official factions and do not replace original-setting faction metadata
JP16,character,character,云山,云山,雲山,0.0,0,0.0010111223458038425,0.0,0,0.0,C-659c8ef630edf822,CC-659c8ef630edf822,louvain,intersection_count,100.0,0.0,1.0,20260801,1.0.0,not_used,community labels are structural network results; they are not official factions and do not replace original-setting faction metadata
JP16,character,character,今泉影狼,今泉影狼,今泉 影狼,2257.0,13,0.003755823873790576,0.0014939076578329002,11,0.4776251661497563,C-a2ce8b73116eddcc,CC-2b4ec26ae62a7599,louvain,intersection_count,100.0,0.0,1.0,20260801,1.0.0,not_used,community labels are structural network results; they are not official factions and do not replace original-setting faction metadata
JP16,character,character,仙台四郎（福の神）,仙台四郎（福神）,仙台四郎（福の神）,0.0,0,0.0010111223458038425,0.0,0,0.0,C-742a061b6d1019b1,CC-742a061b6d1019b1,louvain,intersection_count,100.0,0.0,1.0,20260801,1.0.0,not_used,community labels are structural network results; they are not official factions and do not replace original-setting faction metadata
JP16,character,character,仙台四郎（福神）,仙台四郎（福神）,仙台四郎（福の神）,0.0,0,0.0010111223458038425,0.0,0,0.0,C-dcb3d3fc581aa415,CC-dcb3d3fc581aa415,louvain,intersection_count,100.0,0.0,1.0,20260801,1.0.0,not_used,community labels are structural network results; they are not official factions and do not replace original-setting faction metadata
JP16,character,character,伊吹萃香,伊吹萃香,伊吹 萃香,4851.0,13,0.0052494851958684524,0.0,11,0.5112347969490827,C-d96a91e482b4262b,CC-2b4ec26ae62a7599,louvain,intersection_count,100.0,0.0,1.0,20260801,1.0.0,not_used,community labels are structural network results; they are not official factions and do not replace original-setting faction metadata
JP16,character,character,依神女苑,依神女苑,依神女苑,1841.0,10,0.002752499359739375,0.0,10,0.465507876154264,C-d96a91e482b4262b,CC-2b4ec26ae62a7599,louvain,intersection_count,100.0,0.0,1.0,20260801,1.0.0,not_used,community labels are structural network results; they are not official factions and do not replace original-setting faction metadata
JP16,character,character,依神紫苑,依神紫苑,依神紫苑,4717.0,13,0.005246823783162571,0.0004201615287655032,11,0.3676065295738817,C-d96a91e482b4262b,CC-2b4ec26ae62a7599,louvain,intersection_count,100.0,0.0,1.0,20260801,1.0.0,not_used,community labels are structural network results; they are not official factions and do not replace original-setting faction metadata
JP16,character,character,依莉斯,依莉斯,エリス,0.0,0,0.0010111223458038425,0.0,0,0.0,C-c30e20176cafa948,CC-c30e20176cafa948,louvain,intersection_count,100.0,0.0,1.0,20260801,1.0.0,not_used,community labels are structural network results; they are not official factions and do not replace original-setting faction metadata
JP16,character,character,克劳恩皮丝,克劳恩皮丝,クラウンピース,0.0,0,0.0010111223458038425,0.0,0,0.0,C-8cf91a9be4abdf80,CC-8cf91a9be4abdf80,louvain,intersection_count,100.0,0.0,1.0,20260801,1.0.0,not_used,community labels are structural network results; they are not official factions and do not replace original-setting faction metadata
JP16,character,character,兎（玉兎、永遠亭の妖怪兎他）,兔子（玉兔、永远亭的妖怪兔等）,兎（玉兎、永遠亭の妖怪兎 他）,0.0,0,0.0010111223458038425,0.0,0,0.0,C-6b2fb2420c16d43e,CC-6b2fb2420c16d43e,louvain,intersection_count,100.0,0.0,1.0,20260801,1.0.0,not_used,community labels are structural network results; they are not official factions and do not replace original-setting faction metadata
JP16,character,character,兔子（玉兔、永远亭的妖怪兔等）,兔子（玉兔、永远亭的妖怪兔等）,兎（玉兎、永遠亭の妖怪兎 他）,0.0,0,0.0010111223458038425,0.0,0,0.0,C-ed5fe952c9326cef,CC-ed5fe952c9326cef,louvain,intersection_count,100.0,0.0,1.0,20260801,1.0.0,not_used,community labels are structural network results; they are not official factions and do not replace original-setting faction metadata
JP16,character,character,八云紫,八云紫,八雲 紫,0.0,0,0.0010111223458038425,0.0,0,0.0,C-76c003f81b66b867,CC-76c003f81b66b867,louvain,intersection_count,100.0,0.0,1.0,20260801,1.0.0,not_used,community labels are structural network results; they are not official factions and do not replace original-setting faction metadata
JP16,character,character,八云蓝,八云蓝,八雲 藍,0.0,0,0.0010111223458038425,0.0,0,0.0,C-0eea650a7d47da7b,CC-0eea650a7d47da7b,louvain,intersection_count,100.0,0.0,1.0,20260801,1.0.0,not_used,community labels are structural network results; they are not official factions and do not replace original-setting faction metadata
JP16,character,character,八坂神奈子,八坂神奈子,八坂 神奈子,1474.0,10,0.0023972950037372417,0.0,10,0.14789687924016282,C-e46490189dfe73ae,CC-2b4ec26ae62a7599,louvain,intersection_count,100.0,0.0,1.0,20260801,1.0.0,not_used,community labels are structural network results; they are not official factions and do not replace original-setting faction metadata
JP16,character,character,八意永琳,八意永琳,八意 永琳,2599.0,12,0.0034239030735304684,0.0,11,0.0,C-e46490189dfe73ae,CC-2b4ec26ae62a7599,louvain,intersection_count,100.0,0.0,1.0,20260801,1.0.0,not_used,community labels are structural network results; they are not official factions and do not replace original-setting faction metadata
JP16,character,character,八雲紫,八云紫,八雲 紫,10418.0,25,0.011306634536736521,0.0007313922908140241,11,0.36235361873680166,C-e46490189dfe73ae,CC-2b4ec26ae62a7599,louvain,intersection_count,100.0,0.0,1.0,20260801,1.0.0,not_used,community labels are structural network results; they are not official factions and do not replace original-setting faction metadata
JP16,character,character,八雲藍,八云蓝,八雲 藍,3975.0,13,0.004750585086926143,7.780769051213022e-05,11,0.5972327044025157,C-a2ce8b73116eddcc,CC-2b4ec26ae62a7599,louvain,intersection_count,100.0,0.0,1.0,20260801,1.0.0,not_used,community labels are structural network results; they are not official factions and do not replace original-setting faction metadata
JP16,character,character,冈崎梦美,冈崎梦美,岡崎 夢美,0.0,0,0.0010111223458038425,0.0,0,0.0,C-94698c540acc9be4,CC-94698c540acc9be4,louvain,intersection_count,100.0,0.0,1.0,20260801,1.0.0,not_used,community labels are structural network results; they are not official factions and do not replace original-setting faction metadata
JP16,character,character,北白河ちゆり,北白河千百合,北白河 ちゆり,0.0,0,0.0010111223458038425,0.0,0,0.0,C-bbfd391e6561ad07,CC-bbfd391e6561ad07,louvain,intersection_count,100.0,0.0,1.0,20260801,1.0.0,not_used,community labels are structural network results; they are not official factions and do not replace original-setting faction metadata
JP16,character,character,北白河千百合,北白河千百合,北白河 ちゆり,0.0,0,0.0010111223458038425,0.0,0,0.0,C-38c7f46c3d1c988f,CC-38c7f46c3d1c988f,louvain,intersection_count,100.0,0.0,1.0,20260801,1.0.0,not_used,community labels are structural network results; they are not official factions and do not replace original-setting faction metadata
JP16,character,character,十六夜咲夜,十六夜咲夜,十六夜 咲夜,29864.0,46,0.02816334827095128,0.008387669037207637,11,0.42000401821591216,C-e46490189dfe73ae,CC-2b4ec26ae62a7599,louvain,intersection_count,100.0,0.0,1.0,20260801,1.0.0,not_used,community labels are structural network results; they are not official factions and do not replace original-setting faction metadata
JP16,character,character,华扇的宠物（久米、竿打、雷兽（务光）、彭祖、人面犬等）,华扇的宠物（久米、竿打、雷兽（务光）、彭祖、人面犬等）,華扇の動物（久米、竿打、雷獣、彭祖、人面犬 他）,0.0,0,0.0010111223458038425,0.0,0,0.0,C-74870b502322b9d8,CC-74870b502322b9d8,louvain,intersection_count,100.0,0.0,1.0,20260801,1.0.0,not_used,community labels are structural network results; they are not official factions and do not replace original-setting faction metadata
JP16,character,character,卓柏卡布拉,卓柏卡布拉,チュパカブラ,0.0,0,0.0010111223458038425,0.0,0,0.0,C-8ac67e718ab42c4f,CC-8ac67e718ab42c4f,louvain,intersection_count,100.0,0.0,1.0,20260801,1.0.0,not_used,community labels are structural network results; they are not official factions and do not replace original-setting faction metadata
JP16,character,character,博丽灵梦,博丽灵梦,博麗 霊夢,0.0,0,0.0010111223458038425,0.0,0,0.0,C-bd8565912954687c,CC-bd8565912954687c,louvain,intersection_count,100.0,0.0,1.0,20260801,1.0.0,not_used,community labels are structural network results; they are not official factions and do not replace original-setting faction metadata
JP16,character,character,博麗霊夢,博丽灵梦,博麗 霊夢,37207.0,76,0.03734766044796597,0.01616843808842066,11,0.5111403768108151,C-e46490189dfe73ae,CC-2b4ec26ae62a7599,louvain,intersection_count,100.0,0.0,1.0,20260801,1.0.0,not_used,community labels are structural network results; they are not official factions and do not replace original-setting faction metadata
JP16,character,character,卡娜安娜贝拉尔,卡娜·安娜贝拉尔,カナ・アナベラル,0.0,0,0.0010111223458038425,0.0,0,0.0,C-3a3e7af4d548fb3f,CC-3a3e7af4d548fb3f,louvain,intersection_count,100.0,0.0,1.0,20260801,1.0.0,not_used,community labels are structural network results; they are not official factions and do not replace original-setting faction metadata
JP16,character,character,古明地こいし,古明地恋,古明地 こいし,37024.0,73,0.0382755145529844,0.02678140707427522,11,0.5373271391529818,C-d96a91e482b4262b,CC-2b4ec26ae62a7599,louvain,intersection_count,100.0,0.0,1.0,20260801,1.0.0,not_used,community labels are structural network results; they are not official factions and do not replace original-setting faction metadata
JP16,character,character,古明地さとり,古明地觉,古明地 さとり,21002.0,43,0.02098322032862665,0.0012604845862965095,11,0.4618131606513665,C-d96a91e482b4262b,CC-2b4ec26ae62a7599,louvain,intersection_count,100.0,0.0,1.0,20260801,1.0.0,not_used,community labels are structural network results; they are not official factions and do not replace original-setting faction metadata
JP16,character,character,古明地恋,古明地恋,古明地 こいし,0.0,0,0.0010111223458038425,0.0,0,0.0,C-546b5f6e676d4a28,CC-546b5f6e676d4a28,louvain,intersection_count,100.0,0.0,1.0,20260801,1.0.0,not_used,community labels are structural network results; they are not official factions and do not replace original-setting faction metadata
JP16,character,character,古明地觉,古明地觉,古明地 さとり,0.0,0,0.0010111223458038425,0.0,0,0.0,C-92a7e9c8183c40bb,CC-92a7e9c8183c40bb,louvain,intersection_count,100.0,0.0,1.0,20260801,1.0.0,not_used,community labels are structural network results; they are not official factions and do not replace original-setting faction metadata
JP16,character,character,吉吊八千慧,吉吊八千慧,吉弔 八千慧,0.0,0,0.0010111223458038425,0.0,0,0.0,C-07631890cacba765,CC-07631890cacba765,louvain,intersection_count,100.0,0.0,1.0,20260801,1.0.0,not_used,community labels are structural network results; they are not official factions and do not replace original-setting faction metadata
JP16,character,character,吉弔八千慧,吉吊八千慧,吉弔 八千慧,3059.0,15,0.0043462836049279335,0.00031123076204852087,10,0.41353383458646614,C-36e04441cffd9e4a,CC-2b4ec26ae62a7599,louvain,intersection_count,100.0,0.0,1.0,20260801,1.0.0,not_used,community labels are structural network results; they are not official factions and do not replace original-setting faction metadata
JP16,character,character,名無しの本読み妖怪,无名的读书妖怪（朱鹭子）,名無しの本読み妖怪,0.0,0,0.0010111223458038425,0.0,0,0.0,C-262d99debdfaae76,CC-262d99debdfaae76,louvain,intersection_count,100.0,0.0,1.0,20260801,1.0.0,not_used,community labels are structural network results; they are not official factions and do not replace original-setting faction metadata
JP16,character,character,命莲,命莲,命蓮,0.0,0,0.0010111223458038425,0.0,0,0.0,C-0ba84dfb678ff4dc,CC-0ba84dfb678ff4dc,louvain,intersection_count,100.0,0.0,1.0,20260801,1.0.0,not_used,community labels are structural network results; they are not official factions and do not replace original-setting faction metadata
JP16,character,character,命蓮,命莲,命蓮,0.0,0,0.0010111223458038425,0.0,0,0.0,C-91c761776146d234,CC-91c761776146d234,louvain,intersection_count,100.0,0.0,1.0,20260801,1.0.0,not_used,community labels are structural network results; they are not official factions and do not replace original-setting faction metadata
JP16,character,character,咪咪号,咪咪号,ミミちゃん,0.0,0,0.0010111223458038425,0.0,0,0.0,C-897f27991a0de1e7,CC-897f27991a0de1e7,louvain,intersection_count,100.0,0.0,1.0,20260801,1.0.0,not_used,community labels are structural network results; they are not official factions and do not replace original-setting faction metadata
JP16,character,character,哆来咪苏伊特,哆来咪·苏伊特,ドレミー・スイート,0.0,0,0.0010111223458038425,0.0,0,0.0,C-fe1e9ac66f39cb60,CC-fe1e9ac66f39cb60,louvain,intersection_count,100.0,0.0,1.0,20260801,1.0.0,not_used,community labels are structural network results; they are not official factions and do not replace original-setting faction metadata
JP16,character,character,四季映姫ヤマザナドゥ,四季映姬·夜摩仙那度,四季映姫・ヤマザナドゥ,6274.0,15,0.0065978456057347815,0.0014783461197304742,11,0.4800765062161301,C-e46490189dfe73ae,CC-2b4ec26ae62a7599,louvain,intersection_count,100.0,0.0,1.0,20260801,1.0.0,not_used,community labels are structural network results; they are not official factions and do not replace original-setting faction metadata
JP16,character,character,四季映姬夜摩仙那度,四季映姬·夜摩仙那度,四季映姫・ヤマザナドゥ,0.0,0,0.0010111223458038425,0.0,0,0.0,C-6618db9ab9bd3ba5,CC-6618db9ab9bd3ba5,louvain,intersection_count,100.0,0.0,1.0,20260801,1.0.0,not_used,community labels are structural network results; they are not official factions and do not replace original-setting faction metadata
JP16,character,character,因幡てゐ,因幡天为（因幡帝）,因幡 てゐ,1504.0,10,0.002341874550779726,0.0,10,0.5026595744680851,C-d96a91e482b4262b,CC-2b4ec26ae62a7599,louvain,intersection_count,100.0,0.0,1.0,20260801,1.0.0,not_used,community labels are structural network results; they are not official factions and do not replace original-setting faction metadata
JP16,character,character,因幡天为（因幡帝）,因幡天为（因幡帝）,因幡 てゐ,0.0,0,0.0010111223458038425,0.0,0,0.0,C-a53651a6ddb27be8,CC-a53651a6ddb27be8,louvain,intersection_count,100.0,0.0,1.0,20260801,1.0.0,not_used,community labels are structural network results; they are not official factions and do not replace original-setting faction metadata
JP16,character,character,圣白莲,圣白莲,聖 白蓮,0.0,0,0.0010111223458038425,0.0,0,0.0,C-ce2a4ca3e8bfc2a5,CC-ce2a4ca3e8bfc2a5,louvain,intersection_count,100.0,0.0,1.0,20260801,1.0.0,not_used,community labels are structural network results; they are not official factions and do not replace original-setting faction metadata
JP16,character,character,地精,地精,ホフゴブリン,0.0,0,0.0010111223458038425,0.0,0,0.0,C-9ab30b73f75ca174,CC-9ab30b73f75ca174,louvain,intersection_count,100.0,0.0,1.0,20260801,1.0.0,not_used,community labels are structural network results; they are not official factions and do not replace original-setting faction metadata
JP16,character,character,坂田ネムノ,坂田合欢,坂田ネムノ,0.0,0,0.0010111223458038425,0.0,0,0.0,C-dc605e7974e248cb,CC-dc605e7974e248cb,louvain,intersection_count,100.0,0.0,1.0,20260801,1.0.0,not_used,community labels are structural network results; they are not official factions and do not replace original-setting faction metadata
JP16,character,character,坂田合欢,坂田合欢,坂田ネムノ,0.0,0,0.0010111223458038425,0.0,0,0.0,C-b8bd81bd00ca41dd,CC-b8bd81bd00ca41dd,louvain,intersection_count,100.0,0.0,1.0,20260801,1.0.0,not_used,community labels are structural network results; they are not official factions and do not replace original-setting faction metadata
JP16,character,character,埴安神袿姫,埴安神袿姬,埴安神 袿姫,4147.0,16,0.005797841722209834,0.0012916076625013617,10,0.4398360260429226,C-36e04441cffd9e4a,CC-2b4ec26ae62a7599,louvain,intersection_count,100.0,0.0,1.0,20260801,1.0.0,not_used,community labels are structural network results; they are not official factions and do not replace original-setting faction metadata
JP16,character,character,埴安神袿姬,埴安神袿姬,埴安神 袿姫,0.0,0,0.0010111223458038425,0.0,0,0.0,C-c9bd73813dca5b62,CC-c9bd73813dca5b62,louvain,intersection_count,100.0,0.0,1.0,20260801,1.0.0,not_used,community labels are structural network results; they are not official factions and do not replace original-setting faction metadata
JP16,character,character,堀川雷鼓,堀川雷鼓,堀川 雷鼓,317.0,3,0.001338340385098697,0.0,3,0.33753943217665616,C-e46490189dfe73ae,CC-2b4ec26ae62a7599,louvain,intersection_count,100.0,0.0,1.0,20260801,1.0.0,not_used,community labels are structural network results; they are not official factions and do not replace original-setting faction metadata
JP16,character,character,塩屋敷の旦那,盐家老板,塩屋敷の旦那,0.0,0,0.0010111223458038425,0.0,0,0.0,C-456985357a18f83f,CC-456985357a18f83f,louvain,intersection_count,100.0,0.0,1.0,20260801,1.0.0,not_used,community labels are structural network results; they are not official factions and do not replace original-setting faction metadata
JP16,character,character,多々良小傘,多多良小伞,多々良 小傘,5893.0,20,0.0070403605130556265,0.0003890384525606511,11,0.45817071101306633,C-d96a91e482b4262b,CC-2b4ec26ae62a7599,louvain,intersection_count,100.0,0.0,1.0,20260801,1.0.0,not_used,community labels are structural network results; they are not official factions and do not replace original-setting faction metadata
JP16,character,character,多多良小伞,多多良小伞,多々良 小傘,0.0,0,0.0010111223458038425,0.0,0,0.0,C-e9987df783f6d675,CC-e9987df783f6d675,louvain,intersection_count,100.0,0.0,1.0,20260801,1.0.0,not_used,community labels are structural network results; they are not official factions and do not replace original-setting faction metadata
JP16,character,character,夢子,梦子,夢子,0.0,0,0.0010111223458038425,0.0,0,0.0,C-05ea38f21b3f8c0c,CC-05ea38f21b3f8c0c,louvain,intersection_count,100.0,0.0,1.0,20260801,1.0.0,not_used,community labels are structural network results; they are not official factions and do not replace original-setting faction metadata
JP16,character,character,夢月,梦月,夢月,137.0,1,0.006740815638692281,0.0,1,0.0,C-1052c5902695a1a1,CC-1052c5902695a1a1,louvain,intersection_count,100.0,0.0,1.0,20260801,1.0.0,not_used,community labels are structural network results; they are not official factions and do not replace original-setting faction metadata
JP16,character,character,大ナマズ,大鲶鱼,大ナマズ,0.0,0,0.0010111223458038425,0.0,0,0.0,C-2d43fc3b96b5b625,CC-2d43fc3b96b5b625,louvain,intersection_count,100.0,0.0,1.0,20260801,1.0.0,not_used,community labels are structural network results; they are not official factions and do not replace original-setting faction metadata
JP16,character,character,大妖精,大妖精,大妖精,2727.0,13,0.0036342733342619653,0.0,11,0.3270993766043271,C-d96a91e482b4262b,CC-2b4ec26ae62a7599,louvain,intersection_count,100.0,0.0,1.0,20260801,1.0.0,not_used,community labels are structural network results; they are not official factions and do not replace original-setting faction metadata
JP16,character,character,大鲶鱼,大鲶鱼,大ナマズ,0.0,0,0.0010111223458038425,0.0,0,0.0,C-a23873ad249a62e6,CC-a23873ad249a62e6,louvain,intersection_count,100.0,0.0,1.0,20260801,1.0.0,not_used,community labels are structural network results; they are not official factions and do not replace original-setting faction metadata
JP16,character,character,大鹫灵,大鹫灵,オオワシ霊,0.0,0,0.0010111223458038425,0.0,0,0.0,C-bcb6bd19b8f8c633,CC-bcb6bd19b8f8c633,louvain,intersection_count,100.0,0.0,1.0,20260801,1.0.0,not_used,community labels are structural network results; they are not official factions and do not replace original-setting faction metadata
JP16,character,character,天狗（香霖堂の天狗、大天狗他）,天狗（香霖堂的天狗、大天狗等）,天狗（香霖堂の天狗、大天狗 他）,0.0,0,0.0010111223458038425,0.0,0,0.0,C-cb451ce3b1ae5e21,CC-cb451ce3b1ae5e21,louvain,intersection_count,100.0,0.0,1.0,20260801,1.0.0,not_used,community labels are structural network results; they are not official factions and do not replace original-setting faction metadata
JP16,character,character,天狗（香霖堂的天狗、大天狗等）,天狗（香霖堂的天狗、大天狗等）,天狗（香霖堂の天狗、大天狗 他）,0.0,0,0.0010111223458038425,0.0,0,0.0,C-a2f5e4094888243f,CC-a2f5e4094888243f,louvain,intersection_count,100.0,0.0,1.0,20260801,1.0.0,not_used,community labels are structural network results; they are not official factions and do not replace original-setting faction metadata
JP16,character,character,奥莲姬,奥莲姬,オレンジ,0.0,0,0.0010111223458038425,0.0,0,0.0,C-36950a3db9924438,CC-36950a3db9924438,louvain,intersection_count,100.0,0.0,1.0,20260801,1.0.0,not_used,community labels are structural network results; they are not official factions and do not replace original-setting faction metadata
JP16,character,character,奥野田美宵,奥野田美宵,奥野田 美宵,339.0,3,0.0013374788147479362,0.0,3,0.7020648967551623,C-36e04441cffd9e4a,CC-2b4ec26ae62a7599,louvain,intersection_count,100.0,0.0,1.0,20260801,1.0.0,not_used,community labels are structural network results; they are not official factions and do not replace original-setting faction metadata
JP16,character,character,妖精（メイド妖精ひまわり妖精他）,妖精（女仆妖精、向日葵妖精等）,妖精（メイド妖精・ひまわり妖精 他）,0.0,0,0.0010111223458038425,0.0,0,0.0,C-cd8e3666e372c0bf,CC-cd8e3666e372c0bf,louvain,intersection_count,100.0,0.0,1.0,20260801,1.0.0,not_used,community labels are structural network results; they are not official factions and do not replace original-setting faction metadata
JP16,character,character,妖精（女仆妖精、向日葵妖精等）,妖精（女仆妖精、向日葵妖精等）,妖精（メイド妖精・ひまわり妖精 他）,0.0,0,0.0010111223458038425,0.0,0,0.0,C-e09c145982e0068f,CC-e09c145982e0068f,louvain,intersection_count,100.0,0.0,1.0,20260801,1.0.0,not_used,community labels are structural network results; they are not official factions and do not replace original-setting faction metadata
JP16,character,character,姫海棠はたて,姬海棠果,姫海棠 はたて,1314.0,9,0.002150932651561501,0.0,9,0.6552511415525114,C-a2ce8b73116eddcc,CC-2b4ec26ae62a7599,louvain,intersection_count,100.0,0.0,1.0,20260801,1.0.0,not_used,community labels are structural network results; they are not official factions and do not replace original-setting faction metadata
JP16,character,character,姬海棠果,姬海棠果,姫海棠 はたて,0.0,0,0.0010111223458038425,0.0,0,0.0,C-0dbcbdb0945366b5,CC-0dbcbdb0945366b5,louvain,intersection_count,100.0,0.0,1.0,20260801,1.0.0,not_used,community labels are structural network results; they are not official factions and do not replace original-setting faction metadata
JP16,character,character,娜兹玲,娜兹玲,ナズーリン,0.0,0,0.0010111223458038425,0.0,0,0.0,C-003e402ce71a96fa,CC-003e402ce71a96fa,louvain,intersection_count,100.0,0.0,1.0,20260801,1.0.0,not_used,community labels are structural network results; they are not official factions and do not replace original-setting faction metadata
JP16,character,character,嫦娥,嫦娥,嫦娥,0.0,0,0.0010111223458038425,0.0,0,0.0,C-b2f7793c9ab21a3e,CC-b2f7793c9ab21a3e,louvain,intersection_count,100.0,0.0,1.0,20260801,1.0.0,not_used,community labels are structural network results; they are not official factions and do not replace original-setting faction metadata
JP16,character,character,宇佐見菫子,宇佐见堇子,宇佐見 菫子,1835.0,10,0.002759757581899141,0.0,10,0.6512261580381471,C-0250a46c3d32674e,CC-2b4ec26ae62a7599,louvain,intersection_count,100.0,0.0,1.0,20260801,1.0.0,not_used,community labels are structural network results; they are not official factions and do not replace original-setting faction metadata
JP16,character,character,宇佐見蓮子,宇佐见莲子,宇佐見 蓮子,5412.0,14,0.006845895594294751,0.002894446087051244,11,0.6134515890613451,C-0250a46c3d32674e,CC-2b4ec26ae62a7599,louvain,intersection_count,100.0,0.0,1.0,20260801,1.0.0,not_used,community labels are structural network results; they are not official factions and do not replace original-setting faction metadata
JP16,character,character,宇佐见堇子,宇佐见堇子,宇佐見 菫子,0.0,0,0.0010111223458038425,0.0,0,0.0,C-9448815d2cc9483d,CC-9448815d2cc9483d,louvain,intersection_count,100.0,0.0,1.0,20260801,1.0.0,not_used,community labels are structural network results; they are not official factions and do not replace original-setting faction metadata
JP16,character,character,宇佐见莲子,宇佐见莲子,宇佐見 蓮子,0.0,0,0.0010111223458038425,0.0,0,0.0,C-870db39abd7e7ca4,CC-870db39abd7e7ca4,louvain,intersection_count,100.0,0.0,1.0,20260801,1.0.0,not_used,community labels are structural network results; they are not official factions and do not replace original-setting faction metadata
JP16,character,character,宫古芳香,宫古芳香,宮古 芳香,0.0,0,0.0010111223458038425,0.0,0,0.0,C-8892a1e0456c5ae0,CC-8892a1e0456c5ae0,louvain,intersection_count,100.0,0.0,1.0,20260801,1.0.0,not_used,community labels are structural network results; they are not official factions and do not replace original-setting faction metadata
JP16,character,character,宮古芳香,宫古芳香,宮古 芳香,531.0,4,0.0017245603987427864,0.0,4,0.0,C-36e04441cffd9e4a,CC-2b4ec26ae62a7599,louvain,intersection_count,100.0,0.0,1.0,20260801,1.0.0,not_used,community labels are structural network results; they are not official factions and do not replace original-setting faction metadata
JP16,character,character,寅丸星,寅丸星,寅丸 星,267.0,2,0.0013714183532400025,0.0,2,0.40074906367041196,C-a2ce8b73116eddcc,CC-2b4ec26ae62a7599,louvain,intersection_count,100.0,0.0,1.0,20260801,1.0.0,not_used,community labels are structural network results; they are not official factions and do not replace original-setting faction metadata
JP16,character,character,封兽鵺,封兽鵺,封獣 ぬえ,0.0,0,0.0010111223458038425,0.0,0,0.0,C-8a73ca46888bd1cf,CC-8a73ca46888bd1cf,louvain,intersection_count,100.0,0.0,1.0,20260801,1.0.0,not_used,community labels are structural network results; they are not official factions and do not replace original-setting faction metadata
JP16,character,character,封獣ぬえ,封兽鵺,封獣 ぬえ,2830.0,12,0.003624251070615042,1.5561538102426044e-05,11,0.3300353356890459,C-d96a91e482b4262b,CC-2b4ec26ae62a7599,louvain,intersection_count,100.0,0.0,1.0,20260801,1.0.0,not_used,community labels are structural network results; they are not official factions and do not replace original-setting faction metadata
JP16,character,character,射命丸文,射命丸文,射命丸 文,16700.0,40,0.016841161585717038,0.002116369181929942,11,0.868562874251497,C-a2ce8b73116eddcc,CC-2b4ec26ae62a7599,louvain,intersection_count,100.0,0.0,1.0,20260801,1.0.0,not_used,community labels are structural network results; they are not official factions and do not replace original-setting faction metadata
JP16,character,character,小兎姫,小兔姬,小兎姫,0.0,0,0.0010111223458038425,0.0,0,0.0,C-fbd4801c32f76dcb,CC-fbd4801c32f76dcb,louvain,intersection_count,100.0,0.0,1.0,20260801,1.0.0,not_used,community labels are structural network results; they are not official factions and do not replace original-setting faction metadata
JP16,character,character,小兔姬,小兔姬,小兎姫,0.0,0,0.0010111223458038425,0.0,0,0.0,C-b341f7316e9c01d5,CC-b341f7316e9c01d5,louvain,intersection_count,100.0,0.0,1.0,20260801,1.0.0,not_used,community labels are structural network results; they are not official factions and do not replace original-setting faction metadata
JP16,character,character,小恶魔,小恶魔,小悪魔,0.0,0,0.0010111223458038425,0.0,0,0.0,C-c2ba872853f11050,CC-c2ba872853f11050,louvain,intersection_count,100.0,0.0,1.0,20260801,1.0.0,not_used,community labels are structural network results; they are not official factions and do not replace original-setting faction metadata
JP16,character,character,小悪魔,小恶魔,小悪魔,2406.0,11,0.0030682381199910146,0.0,11,0.3632585203657523,C-e46490189dfe73ae,CC-2b4ec26ae62a7599,louvain,intersection_count,100.0,0.0,1.0,20260801,1.0.0,not_used,community labels are structural network results; they are not official factions and do not replace original-setting faction metadata
JP16,character,character,小野塚小町,小野塚小町,小野塚 小町,1708.0,11,0.0025157737085652154,0.0,11,0.09484777517564402,C-e46490189dfe73ae,CC-2b4ec26ae62a7599,louvain,intersection_count,100.0,0.0,1.0,20260801,1.0.0,not_used,community labels are structural network results; they are not official factions and do not replace original-setting faction metadata
JP16,character,character,小鈴の両親,小铃的父母,小鈴の両親,0.0,0,0.0010111223458038425,0.0,0,0.0,C-713bbfad30fc7277,CC-713bbfad30fc7277,louvain,intersection_count,100.0,0.0,1.0,20260801,1.0.0,not_used,community labels are structural network results; they are not official factions and do not replace original-setting faction metadata
JP16,character,character,小铃的父母,小铃的父母,小鈴の両親,0.0,0,0.0010111223458038425,0.0,0,0.0,C-746b1cbf8f77ebff,CC-746b1cbf8f77ebff,louvain,intersection_count,100.0,0.0,1.0,20260801,1.0.0,not_used,community labels are structural network results; they are not official factions and do not replace original-setting faction metadata
JP16,character,character,少名針妙丸,少名针妙丸,少名 針妙丸,1605.0,11,0.0024790810641899205,0.0,10,0.3707165109034268,C-d96a91e482b4262b,CC-2b4ec26ae62a7599,louvain,intersection_count,100.0,0.0,1.0,20260801,1.0.0,not_used,community labels are structural network results; they are not official factions and do not replace original-setting faction metadata
JP16,character,character,少名针妙丸,少名针妙丸,少名 針妙丸,0.0,0,0.0010111223458038425,0.0,0,0.0,C-031d1f6b5154306c,CC-031d1f6b5154306c,louvain,intersection_count,100.0,0.0,1.0,20260801,1.0.0,not_used,community labels are structural network results; they are not official factions and do not replace original-setting faction metadata
JP16,character,character,尔子田里乃,尔子田里乃,爾子田里乃,0.0,0,0.0010111223458038425,0.0,0,0.0,C-e3fc5586abd6023e,CC-e3fc5586abd6023e,louvain,intersection_count,100.0,0.0,1.0,20260801,1.0.0,not_used,community labels are structural network results; they are not official factions and do not replace original-setting faction metadata
JP16,character,character,岡崎夢美,冈崎梦美,岡崎 夢美,265.0,2,0.0013031921411291174,0.0,2,0.0,C-0250a46c3d32674e,CC-2b4ec26ae62a7599,louvain,intersection_count,100.0,0.0,1.0,20260801,1.0.0,not_used,community labels are structural network results; they are not official factions and do not replace original-setting faction metadata
JP16,character,character,岩笠,岩笠,岩笠,0.0,0,0.0010111223458038425,0.0,0,0.0,C-76076e6a11fc84e2,CC-76076e6a11fc84e2,louvain,intersection_count,100.0,0.0,1.0,20260801,1.0.0,not_used,community labels are structural network results; they are not official factions and do not replace original-setting faction metadata
JP16,character,character,帕秋莉诺蕾姬,帕秋莉·诺蕾姬,パチュリー・ノーレッジ,0.0,0,0.0010111223458038425,0.0,0,0.0,C-cdd4af4ae43e7a22,CC-cdd4af4ae43e7a22,louvain,intersection_count,100.0,0.0,1.0,20260801,1.0.0,not_used,community labels are structural network results; they are not official factions and do not replace original-setting faction metadata
JP16,character,character,幻月,幻月,幻月,137.0,1,0.006740815638692281,0.0,1,0.0,C-1052c5902695a1a1,CC-1052c5902695a1a1,louvain,intersection_count,100.0,0.0,1.0,20260801,1.0.0,not_used,community labels are structural network results; they are not official factions and do not replace original-setting faction metadata
JP16,character,character,幽幻魔眼,幽幻魔眼,ユウゲンマガン,0.0,0,0.0010111223458038425,0.0,0,0.0,C-06fede8f483190ce,CC-06fede8f483190ce,louvain,intersection_count,100.0,0.0,1.0,20260801,1.0.0,not_used,community labels are structural network results; they are not official factions and do not replace original-setting faction metadata
JP16,character,character,幽灵（包括怨灵、神灵、旧作的一种杂鱼）,幽灵（包括怨灵、神灵、旧作的一种杂鱼）,幽霊（怨霊、神霊、化け化け含む）,0.0,0,0.0010111223458038425,0.0,0,0.0,C-ec89079bed226f77,CC-ec89079bed226f77,louvain,intersection_count,100.0,0.0,1.0,20260801,1.0.0,not_used,community labels are structural network results; they are not official factions and do not replace original-setting faction metadata
JP16,character,character,幽谷响子,幽谷响子,幽谷 響子,0.0,0,0.0010111223458038425,0.0,0,0.0,C-4a5d353ee16c0385,CC-4a5d353ee16c0385,louvain,intersection_count,100.0,0.0,1.0,20260801,1.0.0,not_used,community labels are structural network results; they are not official factions and do not replace original-setting faction metadata
JP16,character,character,幽谷響子,幽谷响子,幽谷 響子,512.0,4,0.0015619263562938255,0.0,4,0.23828125,C-d96a91e482b4262b,CC-2b4ec26ae62a7599,louvain,intersection_count,100.0,0.0,1.0,20260801,1.0.0,not_used,community labels are structural network results; they are not official factions and do not replace original-setting faction metadata
JP16,character,character,幽霊（怨霊、神霊、化け化け含む）,幽灵（包括怨灵、神灵、旧作的一种杂鱼）,幽霊（怨霊、神霊、化け化け含む）,0.0,0,0.0010111223458038425,0.0,0,0.0,C-21781c8b5f9da51a,CC-21781c8b5f9da51a,louvain,intersection_count,100.0,0.0,1.0,20260801,1.0.0,not_used,community labels are structural network results; they are not official factions and do not replace original-setting faction metadata
JP16,character,character,座敷童,座敷童子,座敷童,0.0,0,0.0010111223458038425,0.0,0,0.0,C-8141016c18ed65a3,CC-8141016c18ed65a3,louvain,intersection_count,100.0,0.0,1.0,20260801,1.0.0,not_used,community labels are structural network results; they are not official factions and do not replace original-setting faction metadata
JP16,character,character,座敷童子,座敷童子,座敷童,0.0,0,0.0010111223458038425,0.0,0,0.0,C-289da650ee608c7a,CC-289da650ee608c7a,louvain,intersection_count,100.0,0.0,1.0,20260801,1.0.0,not_used,community labels are structural network results; they are not official factions and do not replace original-setting faction metadata
JP16,character,character,庭渡久侘歌,庭渡久侘歌,庭渡 久侘歌,1954.0,12,0.002975530704576546,0.0,10,0.6202661207778914,C-36e04441cffd9e4a,CC-2b4ec26ae62a7599,louvain,intersection_count,100.0,0.0,1.0,20260801,1.0.0,not_used,community labels are structural network results; they are not official factions and do not replace original-setting faction metadata
JP16,character,character,影华扇（断善修恶的怪臂茨木童子之臂）,影华扇（断善修恶的怪臂 - 茨木童子之臂）,影華扇（断善修悪の怪腕 - 茨木童子の腕）,0.0,0,0.0010111223458038425,0.0,0,0.0,C-3deca1b8b206817e,CC-3deca1b8b206817e,louvain,intersection_count,100.0,0.0,1.0,20260801,1.0.0,not_used,community labels are structural network results; they are not official factions and do not replace original-setting faction metadata
JP16,character,character,影華扇（断善修悪の怪腕茨木童子の腕）,影华扇（断善修恶的怪臂 - 茨木童子之臂）,影華扇（断善修悪の怪腕 - 茨木童子の腕）,0.0,0,0.0010111223458038425,0.0,0,0.0,C-de1f40175bdad586,CC-de1f40175bdad586,louvain,intersection_count,100.0,0.0,1.0,20260801,1.0.0,not_used,community labels are structural network results; they are not official factions and do not replace original-setting faction metadata
JP16,character,character,戎璎花,戎璎花,戎 瓔花,0.0,0,0.0010111223458038425,0.0,0,0.0,C-4b76ff6e8fd778d1,CC-4b76ff6e8fd778d1,louvain,intersection_count,100.0,0.0,1.0,20260801,1.0.0,not_used,community labels are structural network results; they are not official factions and do not replace original-setting faction metadata
JP16,character,character,戎瓔花,戎璎花,戎 瓔花,0.0,0,0.0010111223458038425,0.0,0,0.0,C-4cebb441f8019116,CC-4cebb441f8019116,louvain,intersection_count,100.0,0.0,1.0,20260801,1.0.0,not_used,community labels are structural network results; they are not official factions and do not replace original-setting faction metadata
JP16,character,character,抗抑郁药大叔（长相酷似周杰伦的村民）,抗抑郁药大叔（长相酷似周杰伦的村民）,抗鬱薬おじさん,0.0,0,0.0010111223458038425,0.0,0,0.0,C-34ca24edc3acc0e2,CC-34ca24edc3acc0e2,louvain,intersection_count,100.0,0.0,1.0,20260801,1.0.0,not_used,community labels are structural network results; they are not official factions and do not replace original-setting faction metadata
JP16,character,character,抗鬱薬おじさん,抗抑郁药大叔（长相酷似周杰伦的村民）,抗鬱薬おじさん,0.0,0,0.0010111223458038425,0.0,0,0.0,C-e0990274f76553d5,CC-e0990274f76553d5,louvain,intersection_count,100.0,0.0,1.0,20260801,1.0.0,not_used,community labels are structural network results; they are not official factions and do not replace original-setting faction metadata
JP16,character,character,摩多罗隐岐奈,摩多罗隐岐奈,摩多羅隠岐奈,0.0,0,0.0010111223458038425,0.0,0,0.0,C-ee45a91b101b2770,CC-ee45a91b101b2770,louvain,intersection_count,100.0,0.0,1.0,20260801,1.0.0,not_used,community labels are structural network results; they are not official factions and do not replace original-setting faction metadata
JP16,character,character,摩多羅隠岐奈,摩多罗隐岐奈,摩多羅隠岐奈,3065.0,11,0.004183495444312454,0.0,10,0.4551386623164764,C-36e04441cffd9e4a,CC-2b4ec26ae62a7599,louvain,intersection_count,100.0,0.0,1.0,20260801,1.0.0,not_used,community labels are structural network results; they are not official factions and do not replace original-setting faction metadata
JP16,character,character,斯塔萨菲雅,斯塔萨菲雅,スターサファイア,0.0,0,0.0010111223458038425,0.0,0,0.0,C-350bfd24d3aacc75,CC-350bfd24d3aacc75,louvain,intersection_count,100.0,0.0,1.0,20260801,1.0.0,not_used,community labels are structural network results; they are not official factions and do not replace original-setting faction metadata
JP16,character,character,无名的读书妖怪（朱鹭子）,无名的读书妖怪（朱鹭子）,名無しの本読み妖怪,0.0,0,0.0010111223458038425,0.0,0,0.0,C-7bb3d02a4a6a0719,CC-7bb3d02a4a6a0719,louvain,intersection_count,100.0,0.0,1.0,20260801,1.0.0,not_used,community labels are structural network results; they are not official factions and do not replace original-setting faction metadata
JP16,character,character,旧作名無し中ボス,旧作的无名道中Boss,旧作名無し中ボス,0.0,0,0.0010111223458038425,0.0,0,0.0,C-0c0e6595a99f0679,CC-0c0e6595a99f0679,louvain,intersection_count,100.0,0.0,1.0,20260801,1.0.0,not_used,community labels are structural network results; they are not official factions and do not replace original-setting faction metadata
JP16,character,character,旧作的无名道中boss,旧作的无名道中Boss,旧作名無し中ボス,0.0,0,0.0010111223458038425,0.0,0,0.0,C-4e6e87253c1a73c6,CC-4e6e87253c1a73c6,louvain,intersection_count,100.0,0.0,1.0,20260801,1.0.0,not_used,community labels are structural network results; they are not official factions and do not replace original-setting faction metadata
JP16,character,character,明罗,明罗,明羅,0.0,0,0.0010111223458038425,0.0,0,0.0,C-1a704e57f33d19cd,CC-1a704e57f33d19cd,louvain,intersection_count,100.0,0.0,1.0,20260801,1.0.0,not_used,community labels are structural network results; they are not official factions and do not replace original-setting faction metadata
JP16,character,character,明羅,明罗,明羅,0.0,0,0.0010111223458038425,0.0,0,0.0,C-6ab514751a34207a,CC-6ab514751a34207a,louvain,intersection_count,100.0,0.0,1.0,20260801,1.0.0,not_used,community labels are structural network results; they are not official factions and do not replace original-setting faction metadata
JP16,character,character,易者,易者,易者,219.0,2,0.0012010452499092734,0.0,2,0.4748858447488584,C-d96a91e482b4262b,CC-2b4ec26ae62a7599,louvain,intersection_count,100.0,0.0,1.0,20260801,1.0.0,not_used,community labels are structural network results; they are not official factions and do not replace original-setting faction metadata
JP16,character,character,星熊勇仪,星熊勇仪,星熊 勇儀,0.0,0,0.0010111223458038425,0.0,0,0.0,C-f38d994a8f1f1ba3,CC-f38d994a8f1f1ba3,louvain,intersection_count,100.0,0.0,1.0,20260801,1.0.0,not_used,community labels are structural network results; they are not official factions and do not replace original-setting faction metadata
JP16,character,character,星熊勇儀,星熊勇仪,星熊 勇儀,1402.0,10,0.002288085974842235,0.0,10,0.3067047075606277,C-e46490189dfe73ae,CC-2b4ec26ae62a7599,louvain,intersection_count,100.0,0.0,1.0,20260801,1.0.0,not_used,community labels are structural network results; they are not official factions and do not replace original-setting faction metadata
JP16,character,character,月の都の門番,月之都的门卫,月の都の門番,0.0,0,0.0010111223458038425,0.0,0,0.0,C-9aa658086ef2fe22,CC-9aa658086ef2fe22,louvain,intersection_count,100.0,0.0,1.0,20260801,1.0.0,not_used,community labels are structural network results; they are not official factions and do not replace original-setting faction metadata
JP16,character,character,月之都的门卫,月之都的门卫,月の都の門番,0.0,0,0.0010111223458038425,0.0,0,0.0,C-922e89c9c5748985,CC-922e89c9c5748985,louvain,intersection_count,100.0,0.0,1.0,20260801,1.0.0,not_used,community labels are structural network results; they are not official factions and do not replace original-setting faction metadata
JP16,character,character,朝仓理香子,朝仓理香子,朝倉 理香子,0.0,0,0.0010111223458038425,0.0,0,0.0,C-1b107fa89b79c831,CC-1b107fa89b79c831,louvain,intersection_count,100.0,0.0,1.0,20260801,1.0.0,not_used,community labels are structural network results; they are not official factions and do not replace original-setting faction metadata
JP16,character,character,朝倉理香子,朝仓理香子,朝倉 理香子,0.0,0,0.0010111223458038425,0.0,0,0.0,C-7e42228fe7e94510,CC-7e42228fe7e94510,louvain,intersection_count,100.0,0.0,1.0,20260801,1.0.0,not_used,community labels are structural network results; they are not official factions and do not replace original-setting faction metadata
JP16,character,character,木花咲耶姫,木花咲耶姬,木花咲耶姫,0.0,0,0.0010111223458038425,0.0,0,0.0,C-99b178a7d9e3c1db,CC-99b178a7d9e3c1db,louvain,intersection_count,100.0,0.0,1.0,20260801,1.0.0,not_used,community labels are structural network results; they are not official factions and do not replace original-setting faction metadata
JP16,character,character,木花咲耶姬,木花咲耶姬,木花咲耶姫,0.0,0,0.0010111223458038425,0.0,0,0.0,C-9b301dfb8bfbe033,CC-9b301dfb8bfbe033,louvain,intersection_count,100.0,0.0,1.0,20260801,1.0.0,not_used,community labels are structural network results; they are not official factions and do not replace original-setting faction metadata
JP16,character,character,本居小鈴,本居小铃,本居 小鈴,2392.0,12,0.00332365535314251,0.0,11,0.6835284280936454,C-0250a46c3d32674e,CC-2b4ec26ae62a7599,louvain,intersection_count,100.0,0.0,1.0,20260801,1.0.0,not_used,community labels are structural network results; they are not official factions and do not replace original-setting faction metadata
JP16,character,character,本居小铃,本居小铃,本居 小鈴,0.0,0,0.0010111223458038425,0.0,0,0.0,C-f2ccef3f7bfd39a2,CC-f2ccef3f7bfd39a2,louvain,intersection_count,100.0,0.0,1.0,20260801,1.0.0,not_used,community labels are structural network results; they are not official factions and do not replace original-setting faction metadata
JP16,character,character,村紗水蜜,村纱水蜜,村紗 水蜜,1260.0,10,0.002139482442161315,0.0,10,0.5992063492063492,C-d96a91e482b4262b,CC-2b4ec26ae62a7599,louvain,intersection_count,100.0,0.0,1.0,20260801,1.0.0,not_used,community labels are structural network results; they are not official factions and do not replace original-setting faction metadata
JP16,character,character,村纱水蜜,村纱水蜜,村紗 水蜜,0.0,0,0.0010111223458038425,0.0,0,0.0,C-5fd2d572cdac7cfb,CC-5fd2d572cdac7cfb,louvain,intersection_count,100.0,0.0,1.0,20260801,1.0.0,not_used,community labels are structural network results; they are not official factions and do not replace original-setting faction metadata
JP16,character,character,村里的人类（在文花帖、求闻史记、铃奈庵等登场的人类）,村里的人类（在文花帖、求闻史记、铃奈庵等登场的人类）,里の人間（文花帖、求聞史紀、鈴奈庵などで登場した人間）,0.0,0,0.0010111223458038425,0.0,0,0.0,C-d1b35f5418c27d4d,CC-d1b35f5418c27d4d,louvain,intersection_count,100.0,0.0,1.0,20260801,1.0.0,not_used,community labels are structural network results; they are not official factions and do not replace original-setting faction metadata
JP16,character,character,杖刀偶磨弓,杖刀偶磨弓,杖刀偶 磨弓,1421.0,9,0.002454263590186535,0.0,9,0.5123152709359606,C-36e04441cffd9e4a,CC-2b4ec26ae62a7599,louvain,intersection_count,100.0,0.0,1.0,20260801,1.0.0,not_used,community labels are structural network results; they are not official factions and do not replace original-setting faction metadata
JP16,character,character,東風谷早苗,东风谷早苗,東風谷 早苗,11980.0,23,0.01178697690662573,0.0009025692099407105,11,0.41719532554257094,C-e46490189dfe73ae,CC-2b4ec26ae62a7599,louvain,intersection_count,100.0,0.0,1.0,20260801,1.0.0,not_used,community labels are structural network results; they are not official factions and do not replace original-setting faction metadata
JP16,character,character,核热造神非想天则,核热造神非想天则,核熱造神ヒソウテンソク,0.0,0,0.0010111223458038425,0.0,0,0.0,C-675e56a5fe2452bc,CC-675e56a5fe2452bc,louvain,intersection_count,100.0,0.0,1.0,20260801,1.0.0,not_used,community labels are structural network results; they are not official factions and do not replace original-setting faction metadata
JP16,character,character,核熱造神ヒソウテンソク,核热造神非想天则,核熱造神ヒソウテンソク,0.0,0,0.0010111223458038425,0.0,0,0.0,C-ca26b9674470f2d8,CC-ca26b9674470f2d8,louvain,intersection_count,100.0,0.0,1.0,20260801,1.0.0,not_used,community labels are structural network results; they are not official factions and do not replace original-setting faction metadata
JP16,character,character,桑尼米尔克,桑尼米尔克,サニーミルク,0.0,0,0.0010111223458038425,0.0,0,0.0,C-0d0912f6aa875732,CC-0d0912f6aa875732,louvain,intersection_count,100.0,0.0,1.0,20260801,1.0.0,not_used,community labels are structural network results; they are not official factions and do not replace original-setting faction metadata
JP16,character,character,梅蒂欣梅兰可莉,梅蒂欣·梅兰可莉,メディスン・メランコリー,0.0,0,0.0010111223458038425,0.0,0,0.0,C-f0ab34c4e68648be,CC-f0ab34c4e68648be,louvain,intersection_count,100.0,0.0,1.0,20260801,1.0.0,not_used,community labels are structural network results; they are not official factions and do not replace original-setting faction metadata
JP16,character,character,梅露兰普莉兹姆利巴,梅露兰·普莉兹姆利巴,メルラン・プリズムリバー,0.0,0,0.0010111223458038425,0.0,0,0.0,C-c71797137d0ca0f1,CC-c71797137d0ca0f1,louvain,intersection_count,100.0,0.0,1.0,20260801,1.0.0,not_used,community labels are structural network results; they are not official factions and do not replace original-setting faction metadata
JP16,character,character,梦子,梦子,夢子,0.0,0,0.0010111223458038425,0.0,0,0.0,C-be99a3cef45629ad,CC-be99a3cef45629ad,louvain,intersection_count,100.0,0.0,1.0,20260801,1.0.0,not_used,community labels are structural network results; they are not official factions and do not replace original-setting faction metadata
JP16,character,character,梦月,梦月,夢月,0.0,0,0.0010111223458038425,0.0,0,0.0,C-f7f1bc497fe76507,CC-f7f1bc497fe76507,louvain,intersection_count,100.0,0.0,1.0,20260801,1.0.0,not_used,community labels are structural network results; they are not official factions and do not replace original-setting faction metadata
JP16,character,character,森近霖之助,森近霖之助,森近 霖之助,1495.0,10,0.0022960086598510995,0.0,10,0.3665551839464883,C-e46490189dfe73ae,CC-2b4ec26ae62a7599,louvain,intersection_count,100.0,0.0,1.0,20260801,1.0.0,not_used,community labels are structural network results; they are not official factions and do not replace original-setting faction metadata
JP16,character,character,橙,橙,橙,2543.0,13,0.003435991509744192,0.0,11,0.6555249705072749,C-a2ce8b73116eddcc,CC-2b4ec26ae62a7599,louvain,intersection_count,100.0,0.0,1.0,20260801,1.0.0,not_used,community labels are structural network results; they are not official factions and do not replace original-setting faction metadata
JP16,character,character,比那名居天子,比那名居天子,比那名居 天子,7546.0,18,0.007816986267987892,0.00045128460497035526,11,0.5724887357540419,C-d96a91e482b4262b,CC-2b4ec26ae62a7599,louvain,intersection_count,100.0,0.0,1.0,20260801,1.0.0,not_used,community labels are structural network results; they are not official factions and do not replace original-setting faction metadata
JP16,character,character,毘沙門天,毘沙门天,毘沙門天,0.0,0,0.0010111223458038425,0.0,0,0.0,C-528494be9633ae85,CC-528494be9633ae85,louvain,intersection_count,100.0,0.0,1.0,20260801,1.0.0,not_used,community labels are structural network results; they are not official factions and do not replace original-setting faction metadata
JP16,character,character,毘沙门天,毘沙门天,毘沙門天,0.0,0,0.0010111223458038425,0.0,0,0.0,C-e67d57399cf42593,CC-e67d57399cf42593,louvain,intersection_count,100.0,0.0,1.0,20260801,1.0.0,not_used,community labels are structural network results; they are not official factions and do not replace original-setting faction metadata
JP16,character,character,毛玉,毛玉,毛玉,0.0,0,0.0010111223458038425,0.0,0,0.0,C-aa63c0d5dda7a158,CC-aa63c0d5dda7a158,louvain,intersection_count,100.0,0.0,1.0,20260801,1.0.0,not_used,community labels are structural network results; they are not official factions and do not replace original-setting faction metadata
JP16,character,character,水桥帕露西,水桥帕露西,水橋 パルスィ,0.0,0,0.0010111223458038425,0.0,0,0.0,C-143b11478080fe72,CC-143b11478080fe72,louvain,intersection_count,100.0,0.0,1.0,20260801,1.0.0,not_used,community labels are structural network results; they are not official factions and do not replace original-setting faction metadata
JP16,character,character,水橋パルスィ,水桥帕露西,水橋 パルスィ,3882.0,16,0.004662641263290239,1.5561538102426044e-05,11,0.5842349304482226,C-d96a91e482b4262b,CC-2b4ec26ae62a7599,louvain,intersection_count,100.0,0.0,1.0,20260801,1.0.0,not_used,community labels are structural network results; they are not official factions and do not replace original-setting faction metadata
JP16,character,character,水江浦岛子（瑞江浦岛子）,水江浦岛子（瑞江浦岛子）,水江浦島子,0.0,0,0.0010111223458038425,0.0,0,0.0,C-993b2be13db1d54b,CC-993b2be13db1d54b,louvain,intersection_count,100.0,0.0,1.0,20260801,1.0.0,not_used,community labels are structural network results; they are not official factions and do not replace original-setting faction metadata
JP16,character,character,水江浦島子,水江浦岛子（瑞江浦岛子）,水江浦島子,0.0,0,0.0010111223458038425,0.0,0,0.0,C-5e52acae94727e0a,CC-5e52acae94727e0a,louvain,intersection_count,100.0,0.0,1.0,20260801,1.0.0,not_used,community labels are structural network results; they are not official factions and do not replace original-setting faction metadata
JP16,character,character,水獭灵,水獭灵,カワウソ霊,0.0,0,0.0010111223458038425,0.0,0,0.0,C-f2148db230356b00,CC-f2148db230356b00,louvain,intersection_count,100.0,0.0,1.0,20260801,1.0.0,not_used,community labels are structural network results; they are not official factions and do not replace original-setting faction metadata
JP16,character,character,永江衣玖,永江衣玖,永江 衣玖,1625.0,11,0.0024638165109212157,0.0,11,0.23753846153846153,C-e46490189dfe73ae,CC-2b4ec26ae62a7599,louvain,intersection_count,100.0,0.0,1.0,20260801,1.0.0,not_used,community labels are structural network results; they are not official factions and do not replace original-setting faction metadata
JP16,character,character,沓頬,沓颊,沓頬,0.0,0,0.0010111223458038425,0.0,0,0.0,C-5deb326e1b11176a,CC-5deb326e1b11176a,louvain,intersection_count,100.0,0.0,1.0,20260801,1.0.0,not_used,community labels are structural network results; they are not official factions and do not replace original-setting faction metadata
JP16,character,character,沓颊,沓颊,沓頬,0.0,0,0.0010111223458038425,0.0,0,0.0,C-47007f07871fb34e,CC-47007f07871fb34e,louvain,intersection_count,100.0,0.0,1.0,20260801,1.0.0,not_used,community labels are structural network results; they are not official factions and do not replace original-setting faction metadata
JP16,character,character,河城にとり,河城荷取,河城 にとり,4338.0,14,0.0048051607605229035,0.0,11,0.5514061779621946,C-d96a91e482b4262b,CC-2b4ec26ae62a7599,louvain,intersection_count,100.0,0.0,1.0,20260801,1.0.0,not_used,community labels are structural network results; they are not official factions and do not replace original-setting faction metadata
JP16,character,character,河城荷取,河城荷取,河城 にとり,0.0,0,0.0010111223458038425,0.0,0,0.0,C-b684781e2ec5be07,CC-b684781e2ec5be07,louvain,intersection_count,100.0,0.0,1.0,20260801,1.0.0,not_used,community labels are structural network results; they are not official factions and do not replace original-setting faction metadata
JP16,character,character,河童（含山童）,河童（含山童）,河童（山童含む）,0.0,0,0.0010111223458038425,0.0,0,0.0,C-9d49733e40e3d143,CC-9d49733e40e3d143,louvain,intersection_count,100.0,0.0,1.0,20260801,1.0.0,not_used,community labels are structural network results; they are not official factions and do not replace original-setting faction metadata
JP16,character,character,河童（山童含む）,河童（含山童）,河童（山童含む）,0.0,0,0.0010111223458038425,0.0,0,0.0,C-37bf205a9eb1778d,CC-37bf205a9eb1778d,louvain,intersection_count,100.0,0.0,1.0,20260801,1.0.0,not_used,community labels are structural network results; they are not official factions and do not replace original-setting faction metadata
JP16,character,character,洩矢諏訪子,洩矢诹访子,洩矢 諏訪子,6044.0,14,0.006410844362669342,0.0004201615287655032,11,0.4760092653871608,C-d96a91e482b4262b,CC-2b4ec26ae62a7599,louvain,intersection_count,100.0,0.0,1.0,20260801,1.0.0,not_used,community labels are structural network results; they are not official factions and do not replace original-setting faction metadata
JP16,character,character,洩矢诹访子,洩矢诹访子,洩矢 諏訪子,0.0,0,0.0010111223458038425,0.0,0,0.0,C-74d7f40dba25e7ed,CC-74d7f40dba25e7ed,louvain,intersection_count,100.0,0.0,1.0,20260801,1.0.0,not_used,community labels are structural network results; they are not official factions and do not replace original-setting faction metadata
JP16,character,character,清兰,清兰,清蘭,0.0,0,0.0010111223458038425,0.0,0,0.0,C-1dc372824f803221,CC-1dc372824f803221,louvain,intersection_count,100.0,0.0,1.0,20260801,1.0.0,not_used,community labels are structural network results; they are not official factions and do not replace original-setting faction metadata
JP16,character,character,清蘭,清兰,清蘭,118.0,1,0.006740815638692281,0.0,1,0.0,C-b13cd68cc1fa8d03,CC-b13cd68cc1fa8d03,louvain,intersection_count,100.0,0.0,1.0,20260801,1.0.0,not_used,community labels are structural network results; they are not official factions and do not replace original-setting faction metadata
JP16,character,character,火焔猫燐,火焰猫燐,火焔猫 燐,3201.0,14,0.004030060979242009,0.0,11,0.5895032802249297,C-a2ce8b73116eddcc,CC-2b4ec26ae62a7599,louvain,intersection_count,100.0,0.0,1.0,20260801,1.0.0,not_used,community labels are structural network results; they are not official factions and do not replace original-setting faction metadata
JP16,character,character,火焰猫燐,火焰猫燐,火焔猫 燐,0.0,0,0.0010111223458038425,0.0,0,0.0,C-68acc9eb4435e4ce,CC-68acc9eb4435e4ce,louvain,intersection_count,100.0,0.0,1.0,20260801,1.0.0,not_used,community labels are structural network results; they are not official factions and do not replace original-setting faction metadata
JP16,character,character,灵乌路空,灵乌路空,霊烏路 空,0.0,0,0.0010111223458038425,0.0,0,0.0,C-bf499b122fb2595a,CC-bf499b122fb2595a,louvain,intersection_count,100.0,0.0,1.0,20260801,1.0.0,not_used,community labels are structural network results; they are not official factions and do not replace original-setting faction metadata
JP16,character,character,烟烟罗,烟烟罗,煙々羅,0.0,0,0.0010111223458038425,0.0,0,0.0,C-b0f2a90aa3d58605,CC-b0f2a90aa3d58605,louvain,intersection_count,100.0,0.0,1.0,20260801,1.0.0,not_used,community labels are structural network results; they are not official factions and do not replace original-setting faction metadata
JP16,character,character,煙々羅,烟烟罗,煙々羅,0.0,0,0.0010111223458038425,0.0,0,0.0,C-1183a77f23364db8,CC-1183a77f23364db8,louvain,intersection_count,100.0,0.0,1.0,20260801,1.0.0,not_used,community labels are structural network results; they are not official factions and do not replace original-setting faction metadata
JP16,character,character,爱丽丝玛格特洛依德,爱丽丝·玛格特洛依德,アリス・マーガトロイド,0.0,0,0.0010111223458038425,0.0,0,0.0,C-52ea7b2d68867651,CC-52ea7b2d68867651,louvain,intersection_count,100.0,0.0,1.0,20260801,1.0.0,not_used,community labels are structural network results; they are not official factions and do not replace original-setting faction metadata
JP16,character,character,爱丽丝的人偶（上海、蓬莱、大江户等）,爱丽丝的人偶（上海、蓬莱、大江户等）,アリスの人形（上海、蓬莱、大江戸 他）,0.0,0,0.0010111223458038425,0.0,0,0.0,C-2f44c05e7702d68a,CC-2f44c05e7702d68a,louvain,intersection_count,100.0,0.0,1.0,20260801,1.0.0,not_used,community labels are structural network results; they are not official factions and do not replace original-setting faction metadata
JP16,character,character,爱塔妮缇拉尔瓦,爱塔妮缇拉尔瓦,エタニティラルバ,0.0,0,0.0010111223458038425,0.0,0,0.0,C-49b1388263c011e8,CC-49b1388263c011e8,louvain,intersection_count,100.0,0.0,1.0,20260801,1.0.0,not_used,community labels are structural network results; they are not official factions and do not replace original-setting faction metadata
JP16,character,character,爱莲,爱莲,エレン,0.0,0,0.0010111223458038425,0.0,0,0.0,C-00aee200f4a00d1e,CC-00aee200f4a00d1e,louvain,intersection_count,100.0,0.0,1.0,20260801,1.0.0,not_used,community labels are structural network results; they are not official factions and do not replace original-setting faction metadata
JP16,character,character,爾子田里乃,尔子田里乃,爾子田里乃,169.0,1,0.006740815638692279,0.0,1,0.0,C-38d2e5bdffbe7c21,CC-38d2e5bdffbe7c21,louvain,intersection_count,100.0,0.0,1.0,20260801,1.0.0,not_used,community labels are structural network results; they are not official factions and do not replace original-setting faction metadata
JP16,character,character,牛崎润美,牛崎润美,牛崎 潤美,0.0,0,0.0010111223458038425,0.0,0,0.0,C-c803f38b28ddad6b,CC-c803f38b28ddad6b,louvain,intersection_count,100.0,0.0,1.0,20260801,1.0.0,not_used,community labels are structural network results; they are not official factions and do not replace original-setting faction metadata
JP16,character,character,牛崎潤美,牛崎润美,牛崎 潤美,0.0,0,0.0010111223458038425,0.0,0,0.0,C-775ff9afdad41727,CC-775ff9afdad41727,louvain,intersection_count,100.0,0.0,1.0,20260801,1.0.0,not_used,community labels are structural network results; they are not official factions and do not replace original-setting faction metadata
JP16,character,character,物部布都,物部布都,物部 布都,3507.0,13,0.004738689971065691,0.0013538538149110658,10,0.6800684345594525,C-36e04441cffd9e4a,CC-2b4ec26ae62a7599,louvain,intersection_count,100.0,0.0,1.0,20260801,1.0.0,not_used,community labels are structural network results; they are not official factions and do not replace original-setting faction metadata
JP16,character,character,犬走椛,犬走椛,犬走 椛,6327.0,18,0.007203198640105631,0.0029566922394609484,11,0.6511774932827564,C-a2ce8b73116eddcc,CC-2b4ec26ae62a7599,louvain,intersection_count,100.0,0.0,1.0,20260801,1.0.0,not_used,community labels are structural network results; they are not official factions and do not replace original-setting faction metadata
JP16,character,character,狐（妖怪狐、年幼的妖狐等）,狐（妖怪狐、年幼的妖狐等）,狐（妖怪狐、狐の子他）,0.0,0,0.0010111223458038425,0.0,0,0.0,C-74d070d14d2cdc30,CC-74d070d14d2cdc30,louvain,intersection_count,100.0,0.0,1.0,20260801,1.0.0,not_used,community labels are structural network results; they are not official factions and do not replace original-setting faction metadata
JP16,character,character,狐（妖怪狐、狐の子他）,狐（妖怪狐、年幼的妖狐等）,狐（妖怪狐、狐の子他）,0.0,0,0.0010111223458038425,0.0,0,0.0,C-c5e742b66f309ba4,CC-c5e742b66f309ba4,louvain,intersection_count,100.0,0.0,1.0,20260801,1.0.0,not_used,community labels are structural network results; they are not official factions and do not replace original-setting faction metadata
JP16,character,character,狸（化け狸、野鉄砲他）,狸（妖怪狸、野铁炮等）,狸（化け狸、野鉄砲他）,0.0,0,0.0010111223458038425,0.0,0,0.0,C-b7da78c347d9d0a9,CC-b7da78c347d9d0a9,louvain,intersection_count,100.0,0.0,1.0,20260801,1.0.0,not_used,community labels are structural network results; they are not official factions and do not replace original-setting faction metadata
JP16,character,character,狸（妖怪狸、野铁炮等）,狸（妖怪狸、野铁炮等）,狸（化け狸、野鉄砲他）,0.0,0,0.0010111223458038425,0.0,0,0.0,C-78d4f475553cd8ff,CC-78d4f475553cd8ff,louvain,intersection_count,100.0,0.0,1.0,20260801,1.0.0,not_used,community labels are structural network results; they are not official factions and do not replace original-setting faction metadata
JP16,character,character,玄爷,玄爷,玄爺,0.0,0,0.0010111223458038425,0.0,0,0.0,C-3260d37e10447d71,CC-3260d37e10447d71,louvain,intersection_count,100.0,0.0,1.0,20260801,1.0.0,not_used,community labels are structural network results; they are not official factions and do not replace original-setting faction metadata
JP16,character,character,玄爺,玄爷,玄爺,0.0,0,0.0010111223458038425,0.0,0,0.0,C-31f1170b107e7ba9,CC-31f1170b107e7ba9,louvain,intersection_count,100.0,0.0,1.0,20260801,1.0.0,not_used,community labels are structural network results; they are not official factions and do not replace original-setting faction metadata
JP16,character,character,玛艾露贝莉赫恩,玛艾露贝莉·赫恩,マエリベリー・ハーン,0.0,0,0.0010111223458038425,0.0,0,0.0,C-818ac51daca1ccf3,CC-818ac51daca1ccf3,louvain,intersection_count,100.0,0.0,1.0,20260801,1.0.0,not_used,community labels are structural network results; they are not official factions and do not replace original-setting faction metadata
JP16,character,character,琪斯美,琪斯美,キスメ,0.0,0,0.0010111223458038425,0.0,0,0.0,C-f36617fb2e8a1127,CC-f36617fb2e8a1127,louvain,intersection_count,100.0,0.0,1.0,20260801,1.0.0,not_used,community labels are structural network results; they are not official factions and do not replace original-setting faction metadata
JP16,character,character,琪露诺,琪露诺,チルノ,0.0,0,0.0010111223458038425,0.0,0,0.0,C-f0b835a5a3cc2f83,CC-f0b835a5a3cc2f83,louvain,intersection_count,100.0,0.0,1.0,20260801,1.0.0,not_used,community labels are structural network results; they are not official factions and do not replace original-setting faction metadata
JP16,character,character,留琴,留琴,るーこと,0.0,0,0.0010111223458038425,0.0,0,0.0,C-a9b4cf6db7b5898c,CC-a9b4cf6db7b5898c,louvain,intersection_count,100.0,0.0,1.0,20260801,1.0.0,not_used,community labels are structural network results; they are not official factions and do not replace original-setting faction metadata
JP16,character,character,盐家老板,盐家老板,塩屋敷の旦那,0.0,0,0.0010111223458038425,0.0,0,0.0,C-48a123a0312d3d8b,CC-48a123a0312d3d8b,louvain,intersection_count,100.0,0.0,1.0,20260801,1.0.0,not_used,community labels are structural network results; they are not official factions and do not replace original-setting faction metadata
JP16,character,character,睡鼠,睡鼠,ヤマネ,0.0,0,0.0010111223458038425,0.0,0,0.0,C-768f08421ef33331,CC-768f08421ef33331,louvain,intersection_count,100.0,0.0,1.0,20260801,1.0.0,not_used,community labels are structural network results; they are not official factions and do not replace original-setting faction metadata
JP16,character,character,矜羯罗,矜羯罗,コンガラ,0.0,0,0.0010111223458038425,0.0,0,0.0,C-ffe8a9a32b438f18,CC-ffe8a9a32b438f18,louvain,intersection_count,100.0,0.0,1.0,20260801,1.0.0,not_used,community labels are structural network results; they are not official factions and do not replace original-setting faction metadata
JP16,character,character,矢田寺成美,矢田寺成美,矢田寺成美,0.0,0,0.0010111223458038425,0.0,0,0.0,C-7ccea2216254bc60,CC-7ccea2216254bc60,louvain,intersection_count,100.0,0.0,1.0,20260801,1.0.0,not_used,community labels are structural network results; they are not official factions and do not replace original-setting faction metadata
JP16,character,character,神玉,神玉,シンギョク,0.0,0,0.0010111223458038425,0.0,0,0.0,C-81a38f324da1a16b,CC-81a38f324da1a16b,louvain,intersection_count,100.0,0.0,1.0,20260801,1.0.0,not_used,community labels are structural network results; they are not official factions and do not replace original-setting faction metadata
JP16,character,character,神綺,神绮,神綺,517.0,4,0.001619254513508328,0.0,4,0.21083172147001933,C-e46490189dfe73ae,CC-2b4ec26ae62a7599,louvain,intersection_count,100.0,0.0,1.0,20260801,1.0.0,not_used,community labels are structural network results; they are not official factions and do not replace original-setting faction metadata
JP16,character,character,神绮,神绮,神綺,0.0,0,0.0010111223458038425,0.0,0,0.0,C-261df15e4c1919a3,CC-261df15e4c1919a3,louvain,intersection_count,100.0,0.0,1.0,20260801,1.0.0,not_used,community labels are structural network results; they are not official factions and do not replace original-setting faction metadata
JP16,character,character,神降ろしの神霊（天照、伊豆能売他）,降神的神灵（天照、伊豆能卖等）,神降ろしの神霊（天照、伊豆能売 他）,0.0,0,0.0010111223458038425,0.0,0,0.0,C-f9d8a75a108b9cf3,CC-f9d8a75a108b9cf3,louvain,intersection_count,100.0,0.0,1.0,20260801,1.0.0,not_used,community labels are structural network results; they are not official factions and do not replace original-setting faction metadata
JP16,character,character,秋穣子,秋穰子,秋 穣子,283.0,1,0.006740815638692282,0.0,1,0.0,C-ba2bb67c2535c72a,CC-ba2bb67c2535c72a,louvain,intersection_count,100.0,0.0,1.0,20260801,1.0.0,not_used,community labels are structural network results; they are not official factions and do not replace original-setting faction metadata
JP16,character,character,秋穰子,秋穰子,秋 穣子,0.0,0,0.0010111223458038425,0.0,0,0.0,C-594a24b7fe5f8160,CC-594a24b7fe5f8160,louvain,intersection_count,100.0,0.0,1.0,20260801,1.0.0,not_used,community labels are structural network results; they are not official factions and do not replace original-setting faction metadata
JP16,character,character,秋静叶,秋静叶,秋 静葉,0.0,0,0.0010111223458038425,0.0,0,0.0,C-ae50c06308ced62a,CC-ae50c06308ced62a,louvain,intersection_count,100.0,0.0,1.0,20260801,1.0.0,not_used,community labels are structural network results; they are not official factions and do not replace original-setting faction metadata
JP16,character,character,秋静葉,秋静叶,秋 静葉,283.0,1,0.006740815638692282,0.0,1,0.0,C-ba2bb67c2535c72a,CC-ba2bb67c2535c72a,louvain,intersection_count,100.0,0.0,1.0,20260801,1.0.0,not_used,community labels are structural network results; they are not official factions and do not replace original-setting faction metadata
JP16,character,character,秦こころ,秦心,秦 こころ,7792.0,15,0.007904663698524586,0.0,11,0.31455338809034905,C-d96a91e482b4262b,CC-2b4ec26ae62a7599,louvain,intersection_count,100.0,0.0,1.0,20260801,1.0.0,not_used,community labels are structural network results; they are not official factions and do not replace original-setting faction metadata
JP16,character,character,秦心,秦心,秦 こころ,0.0,0,0.0010111223458038425,0.0,0,0.0,C-3bf77d0bbdb784bb,CC-3bf77d0bbdb784bb,louvain,intersection_count,100.0,0.0,1.0,20260801,1.0.0,not_used,community labels are structural network results; they are not official factions and do not replace original-setting faction metadata
JP16,character,character,稀神サグメ,稀神探女,稀神 サグメ,3891.0,16,0.004743500312195449,0.0,11,0.7545618093035209,C-36e04441cffd9e4a,CC-2b4ec26ae62a7599,louvain,intersection_count,100.0,0.0,1.0,20260801,1.0.0,not_used,community labels are structural network results; they are not official factions and do not replace original-setting faction metadata
JP16,character,character,稀神探女,稀神探女,稀神 サグメ,0.0,0,0.0010111223458038425,0.0,0,0.0,C-354c35317f1f17fc,CC-354c35317f1f17fc,louvain,intersection_count,100.0,0.0,1.0,20260801,1.0.0,not_used,community labels are structural network results; they are not official factions and do not replace original-setting faction metadata
JP16,character,character,稗田阿求,稗田阿求,稗田 阿求,1880.0,11,0.0028144296574394573,0.0,11,0.6537234042553192,C-0250a46c3d32674e,CC-2b4ec26ae62a7599,louvain,intersection_count,100.0,0.0,1.0,20260801,1.0.0,not_used,community labels are structural network results; they are not official factions and do not replace original-setting faction metadata
JP16,character,character,米斯蒂娅萝蕾拉,米斯蒂娅·萝蕾拉,ミスティア・ローレライ,0.0,0,0.0010111223458038425,0.0,0,0.0,C-a3298fa4978bab44,CC-a3298fa4978bab44,louvain,intersection_count,100.0,0.0,1.0,20260801,1.0.0,not_used,community labels are structural network results; they are not official factions and do not replace original-setting faction metadata
JP16,character,character,紅美鈴,红美铃,紅 美鈴,5920.0,15,0.006349601943236545,0.0013071692006037877,11,0.2375,C-e46490189dfe73ae,CC-2b4ec26ae62a7599,louvain,intersection_count,100.0,0.0,1.0,20260801,1.0.0,not_used,community labels are structural network results; they are not official factions and do not replace original-setting faction metadata
JP16,character,character,純狐,纯狐,純狐,5517.0,19,0.006875113485366132,0.0002178615334339646,10,0.5667935472176908,C-36e04441cffd9e4a,CC-2b4ec26ae62a7599,louvain,intersection_count,100.0,0.0,1.0,20260801,1.0.0,not_used,community labels are structural network results; they are not official factions and do not replace original-setting faction metadata
JP16,character,character,綿月依姫,绵月依姬,綿月 依姫,137.0,1,0.006740815638692281,0.0,1,0.0,C-5c626bfa63d2855b,CC-5c626bfa63d2855b,louvain,intersection_count,100.0,0.0,1.0,20260801,1.0.0,not_used,community labels are structural network results; they are not official factions and do not replace original-setting faction metadata
JP16,character,character,綿月豊姫,绵月丰姬,綿月 豊姫,137.0,1,0.006740815638692281,0.0,1,0.0,C-5c626bfa63d2855b,CC-5c626bfa63d2855b,louvain,intersection_count,100.0,0.0,1.0,20260801,1.0.0,not_used,community labels are structural network results; they are not official factions and do not replace original-setting faction metadata
JP16,character,character,红美铃,红美铃,紅 美鈴,0.0,0,0.0010111223458038425,0.0,0,0.0,C-66cc78b1bcc88f08,CC-66cc78b1bcc88f08,louvain,intersection_count,100.0,0.0,1.0,20260801,1.0.0,not_used,community labels are structural network results; they are not official factions and do not replace original-setting faction metadata
JP16,character,character,纯狐,纯狐,純狐,0.0,0,0.0010111223458038425,0.0,0,0.0,C-ca7c6b0cf4b21dd1,CC-ca7c6b0cf4b21dd1,louvain,intersection_count,100.0,0.0,1.0,20260801,1.0.0,not_used,community labels are structural network results; they are not official factions and do not replace original-setting faction metadata
JP16,character,character,绵月丰姬,绵月丰姬,綿月 豊姫,0.0,0,0.0010111223458038425,0.0,0,0.0,C-6c1071e8eb594f89,CC-6c1071e8eb594f89,louvain,intersection_count,100.0,0.0,1.0,20260801,1.0.0,not_used,community labels are structural network results; they are not official factions and do not replace original-setting faction metadata
JP16,character,character,绵月依姬,绵月依姬,綿月 依姫,0.0,0,0.0010111223458038425,0.0,0,0.0,C-c821f7dac9783d0a,CC-c821f7dac9783d0a,louvain,intersection_count,100.0,0.0,1.0,20260801,1.0.0,not_used,community labels are structural network results; they are not official factions and do not replace original-setting faction metadata
JP16,character,character,聖白蓮,圣白莲,聖 白蓮,3173.0,14,0.004410458076816693,0.00017117691912668648,11,0.18436810589347621,C-e46490189dfe73ae,CC-2b4ec26ae62a7599,louvain,intersection_count,100.0,0.0,1.0,20260801,1.0.0,not_used,community labels are structural network results; they are not official factions and do not replace original-setting faction metadata
JP16,character,character,胡桃,胡桃,くるみ,0.0,0,0.0010111223458038425,0.0,0,0.0,C-e0d1737c9349beef,CC-e0d1737c9349beef,louvain,intersection_count,100.0,0.0,1.0,20260801,1.0.0,not_used,community labels are structural network results; they are not official factions and do not replace original-setting faction metadata
JP16,character,character,舞,舞,マイ,0.0,0,0.0010111223458038425,0.0,0,0.0,C-e18a2d36352f5d98,CC-e18a2d36352f5d98,louvain,intersection_count,100.0,0.0,1.0,20260801,1.0.0,not_used,community labels are structural network results; they are not official factions and do not replace original-setting faction metadata
JP16,character,character,艾丽,艾丽,エリー,0.0,0,0.0010111223458038425,0.0,0,0.0,C-75d988c2f7f66010,CC-75d988c2f7f66010,louvain,intersection_count,100.0,0.0,1.0,20260801,1.0.0,not_used,community labels are structural network results; they are not official factions and do not replace original-setting faction metadata
JP16,character,character,芙兰朵露斯卡蕾特,芙兰朵露·斯卡蕾特,フランドール・スカーレット,0.0,0,0.0010111223458038425,0.0,0,0.0,C-c8bec5ebfe98c990,CC-c8bec5ebfe98c990,louvain,intersection_count,100.0,0.0,1.0,20260801,1.0.0,not_used,community labels are structural network results; they are not official factions and do not replace original-setting faction metadata
JP16,character,character,苏我屠自古,苏我屠自古,蘇我 屠自古,0.0,0,0.0010111223458038425,0.0,0,0.0,C-5b9dc570ffad75c5,CC-5b9dc570ffad75c5,louvain,intersection_count,100.0,0.0,1.0,20260801,1.0.0,not_used,community labels are structural network results; they are not official factions and do not replace original-setting faction metadata
JP16,character,character,若鹭姬,若鹭姬,わかさぎ姫,0.0,0,0.0010111223458038425,0.0,0,0.0,C-85e9429a779c1a3c,CC-85e9429a779c1a3c,louvain,intersection_count,100.0,0.0,1.0,20260801,1.0.0,not_used,community labels are structural network results; they are not official factions and do not replace original-setting faction metadata
JP16,character,character,茨木华扇,茨木华扇,茨木 華扇,0.0,0,0.0010111223458038425,0.0,0,0.0,C-90345a1c257e7806,CC-90345a1c257e7806,louvain,intersection_count,100.0,0.0,1.0,20260801,1.0.0,not_used,community labels are structural network results; they are not official factions and do not replace original-setting faction metadata
JP16,character,character,茨木華扇,茨木华扇,茨木 華扇,3948.0,14,0.0045146641709993265,0.0,11,0.3290273556231003,C-e46490189dfe73ae,CC-2b4ec26ae62a7599,louvain,intersection_count,100.0,0.0,1.0,20260801,1.0.0,not_used,community labels are structural network results; they are not official factions and do not replace original-setting faction metadata
JP16,character,character,莉格露奈特巴格,莉格露·奈特巴格,リグル・ナイトバグ,0.0,0,0.0010111223458038425,0.0,0,0.0,C-0d00feef9a008ef5,CC-0d00feef9a008ef5,louvain,intersection_count,100.0,0.0,1.0,20260801,1.0.0,not_used,community labels are structural network results; they are not official factions and do not replace original-setting faction metadata
JP16,character,character,莉莉卡普莉兹姆利巴,莉莉卡·普莉兹姆利巴,リリカ・プリズムリバー,0.0,0,0.0010111223458038425,0.0,0,0.0,C-87bded1d552c3003,CC-87bded1d552c3003,louvain,intersection_count,100.0,0.0,1.0,20260801,1.0.0,not_used,community labels are structural network results; they are not official factions and do not replace original-setting faction metadata
JP16,character,character,莉莉霍瓦特（莉莉白）,莉莉霍瓦特（莉莉白）,リリーホワイト,0.0,0,0.0010111223458038425,0.0,0,0.0,C-b599b64415f9f1a0,CC-b599b64415f9f1a0,louvain,intersection_count,100.0,0.0,1.0,20260801,1.0.0,not_used,community labels are structural network results; they are not official factions and do not replace original-setting faction metadata
JP16,character,character,菊理,菊理,キクリ,0.0,0,0.0010111223458038425,0.0,0,0.0,C-f33f6927cbcb69dc,CC-f33f6927cbcb69dc,louvain,intersection_count,100.0,0.0,1.0,20260801,1.0.0,not_used,community labels are structural network results; they are not official factions and do not replace original-setting faction metadata
JP16,character,character,華扇の動物（久米、竿打、雷獣、彭祖、人面犬他）,华扇的宠物（久米、竿打、雷兽（务光）、彭祖、人面犬等）,華扇の動物（久米、竿打、雷獣、彭祖、人面犬 他）,0.0,0,0.0010111223458038425,0.0,0,0.0,C-8f100b1065cd8acf,CC-8f100b1065cd8acf,louvain,intersection_count,100.0,0.0,1.0,20260801,1.0.0,not_used,community labels are structural network results; they are not official factions and do not replace original-setting faction metadata
JP16,character,character,萨丽爱尔,萨丽爱尔,サリエル,0.0,0,0.0010111223458038425,0.0,0,0.0,C-ee000f1b9ffdb3a5,CC-ee000f1b9ffdb3a5,louvain,intersection_count,100.0,0.0,1.0,20260801,1.0.0,not_used,community labels are structural network results; they are not official factions and do not replace original-setting faction metadata
JP16,character,character,萨拉,萨拉,サラ,0.0,0,0.0010111223458038425,0.0,0,0.0,C-e7a9ac7a8813999c,CC-e7a9ac7a8813999c,louvain,intersection_count,100.0,0.0,1.0,20260801,1.0.0,not_used,community labels are structural network results; they are not official factions and do not replace original-setting faction metadata
JP16,character,character,蓬莱人形ジャケットイラストの娘,蓬莱人形封面的少女（夹克子）,蓬莱人形ジャケットイラストの娘,0.0,0,0.0010111223458038425,0.0,0,0.0,C-8c568d7b2a223b19,CC-8c568d7b2a223b19,louvain,intersection_count,100.0,0.0,1.0,20260801,1.0.0,not_used,community labels are structural network results; they are not official factions and do not replace original-setting faction metadata
JP16,character,character,蓬莱人形レーベルイラストの娘,蓬莱人形碟面的少女（Label子）,蓬莱人形レーベルイラストの娘,0.0,0,0.0010111223458038425,0.0,0,0.0,C-4abbf4c489beecf8,CC-4abbf4c489beecf8,louvain,intersection_count,100.0,0.0,1.0,20260801,1.0.0,not_used,community labels are structural network results; they are not official factions and do not replace original-setting faction metadata
JP16,character,character,蓬莱人形封面的少女（夹克子）,蓬莱人形封面的少女（夹克子）,蓬莱人形ジャケットイラストの娘,0.0,0,0.0010111223458038425,0.0,0,0.0,C-b16304879a2a63e0,CC-b16304879a2a63e0,louvain,intersection_count,100.0,0.0,1.0,20260801,1.0.0,not_used,community labels are structural network results; they are not official factions and do not replace original-setting faction metadata
JP16,character,character,蓬莱人形碟面的少女（label子）,蓬莱人形碟面的少女（Label子）,蓬莱人形レーベルイラストの娘,0.0,0,0.0010111223458038425,0.0,0,0.0,C-20d72e33be6a9e11,CC-20d72e33be6a9e11,louvain,intersection_count,100.0,0.0,1.0,20260801,1.0.0,not_used,community labels are structural network results; they are not official factions and do not replace original-setting faction metadata
JP16,character,character,蓬莱山輝夜,蓬莱山辉夜,蓬莱山 輝夜,3972.0,13,0.004455381558067407,0.0,11,0.22280966767371602,C-e46490189dfe73ae,CC-2b4ec26ae62a7599,louvain,intersection_count,100.0,0.0,1.0,20260801,1.0.0,not_used,community labels are structural network results; they are not official factions and do not replace original-setting faction metadata
JP16,character,character,蓬莱山辉夜,蓬莱山辉夜,蓬莱山 輝夜,0.0,0,0.0010111223458038425,0.0,0,0.0,C-520f7065dcfcfae0,CC-520f7065dcfcfae0,louvain,intersection_count,100.0,0.0,1.0,20260801,1.0.0,not_used,community labels are structural network results; they are not official factions and do not replace original-setting faction metadata
JP16,character,character,蕾拉普莉兹姆利巴,蕾拉·普莉兹姆利巴,レイラ・プリズムリバー,0.0,0,0.0010111223458038425,0.0,0,0.0,C-6fc59baedf6665b7,CC-6fc59baedf6665b7,louvain,intersection_count,100.0,0.0,1.0,20260801,1.0.0,not_used,community labels are structural network results; they are not official factions and do not replace original-setting faction metadata
JP16,character,character,蕾米莉亚斯卡蕾特,蕾米莉亚·斯卡蕾特,レミリア・スカーレット,0.0,0,0.0010111223458038425,0.0,0,0.0,C-14f86e4d02e10b2b,CC-14f86e4d02e10b2b,louvain,intersection_count,100.0,0.0,1.0,20260801,1.0.0,not_used,community labels are structural network results; they are not official factions and do not replace original-setting faction metadata
JP16,character,character,蕾蒂霍瓦特洛克,蕾蒂·霍瓦特洛克,レティ・ホワイトロック,0.0,0,0.0010111223458038425,0.0,0,0.0,C-163cc82654c7e490,CC-163cc82654c7e490,louvain,intersection_count,100.0,0.0,1.0,20260801,1.0.0,not_used,community labels are structural network results; they are not official factions and do not replace original-setting faction metadata
JP16,character,character,藤原妹紅,藤原妹红,藤原 妹紅,20483.0,52,0.021184504775652296,0.003983753754221067,11,0.5033442366840795,C-e46490189dfe73ae,CC-2b4ec26ae62a7599,louvain,intersection_count,100.0,0.0,1.0,20260801,1.0.0,not_used,community labels are structural network results; they are not official factions and do not replace original-setting faction metadata
JP16,character,character,藤原妹红,藤原妹红,藤原 妹紅,0.0,0,0.0010111223458038425,0.0,0,0.0,C-e68aeee5edfce977,CC-e68aeee5edfce977,louvain,intersection_count,100.0,0.0,1.0,20260801,1.0.0,not_used,community labels are structural network results; they are not official factions and do not replace original-setting faction metadata
JP16,character,character,蘇我屠自古,苏我屠自古,蘇我 屠自古,1697.0,10,0.0030333139949296245,0.0,9,0.40718915733647615,C-36e04441cffd9e4a,CC-2b4ec26ae62a7599,louvain,intersection_count,100.0,0.0,1.0,20260801,1.0.0,not_used,community labels are structural network results; they are not official factions and do not replace original-setting faction metadata
JP16,character,character,蛞蝓（蛞蝓卫门）,蛞蝓（蛞蝓卫门）,なめえもん,0.0,0,0.0010111223458038425,0.0,0,0.0,C-e7d9551d7aef7293,CC-e7d9551d7aef7293,louvain,intersection_count,100.0,0.0,1.0,20260801,1.0.0,not_used,community labels are structural network results; they are not official factions and do not replace original-setting faction metadata
JP16,character,character,蟒蛇,蟒蛇,ウワバミ,0.0,0,0.0010111223458038425,0.0,0,0.0,C-cd6341c95fb3d048,CC-cd6341c95fb3d048,louvain,intersection_count,100.0,0.0,1.0,20260801,1.0.0,not_used,community labels are structural network results; they are not official factions and do not replace original-setting faction metadata
JP16,character,character,袈裟罗婆娑罗,袈裟罗婆娑罗,ケセランパサラン,0.0,0,0.0010111223458038425,0.0,0,0.0,C-ebf1b48fe5fbb6ad,CC-ebf1b48fe5fbb6ad,louvain,intersection_count,100.0,0.0,1.0,20260801,1.0.0,not_used,community labels are structural network results; they are not official factions and do not replace original-setting faction metadata
JP16,character,character,西行寺幽々子,西行寺幽幽子,西行寺 幽々子,11282.0,22,0.011327170206318885,0.0006847076765067459,11,0.260769367133487,C-e46490189dfe73ae,CC-2b4ec26ae62a7599,louvain,intersection_count,100.0,0.0,1.0,20260801,1.0.0,not_used,community labels are structural network results; they are not official factions and do not replace original-setting faction metadata
JP16,character,character,西行寺幽幽子,西行寺幽幽子,西行寺 幽々子,0.0,0,0.0010111223458038425,0.0,0,0.0,C-3aa1a53e78c41c20,CC-3aa1a53e78c41c20,louvain,intersection_count,100.0,0.0,1.0,20260801,1.0.0,not_used,community labels are structural network results; they are not official factions and do not replace original-setting faction metadata
JP16,character,character,豊聡耳神子,丰聪耳神子,豊聡耳 神子,5220.0,18,0.006616025238990248,0.002785515320334262,11,0.6446360153256705,C-36e04441cffd9e4a,CC-2b4ec26ae62a7599,louvain,intersection_count,100.0,0.0,1.0,20260801,1.0.0,not_used,community labels are structural network results; they are not official factions and do not replace original-setting faction metadata
JP16,character,character,赤蛮奇,赤蛮奇,赤蛮奇,1333.0,11,0.0026964808781086685,0.0,10,0.7336834208552138,C-a2ce8b73116eddcc,CC-2b4ec26ae62a7599,louvain,intersection_count,100.0,0.0,1.0,20260801,1.0.0,not_used,community labels are structural network results; they are not official factions and do not replace original-setting faction metadata
JP16,character,character,赫卡提亚拉碧斯拉祖利,赫卡提亚·拉碧斯拉祖利,ヘカーティア・ラピスラズリ,0.0,0,0.0010111223458038425,0.0,0,0.0,C-d0a02ff41f1e1b9c,CC-d0a02ff41f1e1b9c,louvain,intersection_count,100.0,0.0,1.0,20260801,1.0.0,not_used,community labels are structural network results; they are not official factions and do not replace original-setting faction metadata
JP16,character,character,运松翁,运松翁,運松,0.0,0,0.0010111223458038425,0.0,0,0.0,C-6de2b41c5dfb47c4,CC-6de2b41c5dfb47c4,louvain,intersection_count,100.0,0.0,1.0,20260801,1.0.0,not_used,community labels are structural network results; they are not official factions and do not replace original-setting faction metadata
JP16,character,character,運松,运松翁,運松,0.0,0,0.0010111223458038425,0.0,0,0.0,C-19f914327c048b0b,CC-19f914327c048b0b,louvain,intersection_count,100.0,0.0,1.0,20260801,1.0.0,not_used,community labels are structural network results; they are not official factions and do not replace original-setting faction metadata
JP16,character,character,都市伝説の怪異（お菊さん、八尺さま他）,都市传说的怪异（阿菊、八尺大人等）,都市伝説の怪異（お菊さん、八尺さま 他）,0.0,0,0.0010111223458038425,0.0,0,0.0,C-f5730d80641e837e,CC-f5730d80641e837e,louvain,intersection_count,100.0,0.0,1.0,20260801,1.0.0,not_used,community labels are structural network results; they are not official factions and do not replace original-setting faction metadata
JP16,character,character,都市传说的怪异（阿菊、八尺大人等）,都市传说的怪异（阿菊、八尺大人等）,都市伝説の怪異（お菊さん、八尺さま 他）,0.0,0,0.0010111223458038425,0.0,0,0.0,C-eac54f7de8480b9a,CC-eac54f7de8480b9a,louvain,intersection_count,100.0,0.0,1.0,20260801,1.0.0,not_used,community labels are structural network results; they are not official factions and do not replace original-setting faction metadata
JP16,character,character,酒虫,酒虫,酒虫,0.0,0,0.0010111223458038425,0.0,0,0.0,C-66214244b0268806,CC-66214244b0268806,louvain,intersection_count,100.0,0.0,1.0,20260801,1.0.0,not_used,community labels are structural network results; they are not official factions and do not replace original-setting faction metadata
JP16,character,character,里の人間（文花帖、求聞史紀、鈴奈庵などで登場した人間）,村里的人类（在文花帖、求闻史记、铃奈庵等登场的人类）,里の人間（文花帖、求聞史紀、鈴奈庵などで登場した人間）,0.0,0,0.0010111223458038425,0.0,0,0.0,C-754cf78fbb47d1db,CC-754cf78fbb47d1db,louvain,intersection_count,100.0,0.0,1.0,20260801,1.0.0,not_used,community labels are structural network results; they are not official factions and do not replace original-setting faction metadata
JP16,character,character,里香,里香,里香,0.0,0,0.0010111223458038425,0.0,0,0.0,C-e1a2e2e70096d6f6,CC-e1a2e2e70096d6f6,louvain,intersection_count,100.0,0.0,1.0,20260801,1.0.0,not_used,community labels are structural network results; they are not official factions and do not replace original-setting faction metadata
JP16,character,character,野槌,野槌,ツチノコ,0.0,0,0.0010111223458038425,0.0,0,0.0,C-67eba4c105167690,CC-67eba4c105167690,louvain,intersection_count,100.0,0.0,1.0,20260801,1.0.0,not_used,community labels are structural network results; they are not official factions and do not replace original-setting faction metadata
JP16,character,character,野狼灵,野狼灵,オオカミ霊,0.0,0,0.0010111223458038425,0.0,0,0.0,C-d0ccf6f1968058c9,CC-d0ccf6f1968058c9,louvain,intersection_count,100.0,0.0,1.0,20260801,1.0.0,not_used,community labels are structural network results; they are not official factions and do not replace original-setting faction metadata
JP16,character,character,鈴仙優曇華院イナバ,铃仙·优昙华院·因幡,鈴仙・優曇華院・イナバ,9683.0,17,0.009553728950412321,0.0003890384525606511,11,0.35712072704740266,C-e46490189dfe73ae,CC-2b4ec26ae62a7599,louvain,intersection_count,100.0,0.0,1.0,20260801,1.0.0,not_used,community labels are structural network results; they are not official factions and do not replace original-setting faction metadata
JP16,character,character,鈴瑚,铃瑚,鈴瑚,118.0,1,0.006740815638692281,0.0,1,0.0,C-b13cd68cc1fa8d03,CC-b13cd68cc1fa8d03,louvain,intersection_count,100.0,0.0,1.0,20260801,1.0.0,not_used,community labels are structural network results; they are not official factions and do not replace original-setting faction metadata
JP16,character,character,鍵山雛,键山雏,鍵山 雛,2125.0,12,0.0029154605978971974,0.0,11,0.5651764705882353,C-d96a91e482b4262b,CC-2b4ec26ae62a7599,louvain,intersection_count,100.0,0.0,1.0,20260801,1.0.0,not_used,community labels are structural network results; they are not official factions and do not replace original-setting faction metadata
JP16,character,character,铃仙二号,铃仙二号,レイセン,0.0,0,0.0010111223458038425,0.0,0,0.0,C-6f18e909285c95f9,CC-6f18e909285c95f9,louvain,intersection_count,100.0,0.0,1.0,20260801,1.0.0,not_used,community labels are structural network results; they are not official factions and do not replace original-setting faction metadata
JP16,character,character,铃仙优昙华院因幡,铃仙·优昙华院·因幡,鈴仙・優曇華院・イナバ,0.0,0,0.0010111223458038425,0.0,0,0.0,C-46035930e317b450,CC-46035930e317b450,louvain,intersection_count,100.0,0.0,1.0,20260801,1.0.0,not_used,community labels are structural network results; they are not official factions and do not replace original-setting faction metadata
JP16,character,character,铃瑚,铃瑚,鈴瑚,0.0,0,0.0010111223458038425,0.0,0,0.0,C-169a9aec31878c39,CC-169a9aec31878c39,louvain,intersection_count,100.0,0.0,1.0,20260801,1.0.0,not_used,community labels are structural network results; they are not official factions and do not replace original-setting faction metadata
JP16,character,character,键山雏,键山雏,鍵山 雛,0.0,0,0.0010111223458038425,0.0,0,0.0,C-77e66b51b0b807f3,CC-77e66b51b0b807f3,louvain,intersection_count,100.0,0.0,1.0,20260801,1.0.0,not_used,community labels are structural network results; they are not official factions and do not replace original-setting faction metadata
JP16,character,character,降神的神灵（天照、伊豆能卖等）,降神的神灵（天照、伊豆能卖等）,神降ろしの神霊（天照、伊豆能売 他）,0.0,0,0.0010111223458038425,0.0,0,0.0,C-64fd7b8f4964726f,CC-64fd7b8f4964726f,louvain,intersection_count,100.0,0.0,1.0,20260801,1.0.0,not_used,community labels are structural network results; they are not official factions and do not replace original-setting faction metadata
JP16,character,character,雪,雪,ユキ,0.0,0,0.0010111223458038425,0.0,0,0.0,C-71130208680b4ac4,CC-71130208680b4ac4,louvain,intersection_count,100.0,0.0,1.0,20260801,1.0.0,not_used,community labels are structural network results; they are not official factions and do not replace original-setting faction metadata
JP16,character,character,雲居一輪,云居一轮,雲居 一輪,0.0,0,0.0010111223458038425,0.0,0,0.0,C-833e27a0336d4399,CC-833e27a0336d4399,louvain,intersection_count,100.0,0.0,1.0,20260801,1.0.0,not_used,community labels are structural network results; they are not official factions and do not replace original-setting faction metadata
JP16,character,character,雲山,云山,雲山,0.0,0,0.0010111223458038425,0.0,0,0.0,C-7ffc30cd4d86f6d3,CC-7ffc30cd4d86f6d3,louvain,intersection_count,100.0,0.0,1.0,20260801,1.0.0,not_used,community labels are structural network results; they are not official factions and do not replace original-setting faction metadata
JP16,character,character,雾雨魔理沙,雾雨魔理沙,霧雨 魔理沙,0.0,0,0.0010111223458038425,0.0,0,0.0,C-ebf4ab05094509ef,CC-ebf4ab05094509ef,louvain,intersection_count,100.0,0.0,1.0,20260801,1.0.0,not_used,community labels are structural network results; they are not official factions and do not replace original-setting faction metadata
JP16,character,character,霊烏路空,灵乌路空,霊烏路 空,3247.0,11,0.0038604434155008315,0.0,11,0.7489990760702187,C-a2ce8b73116eddcc,CC-2b4ec26ae62a7599,louvain,intersection_count,100.0,0.0,1.0,20260801,1.0.0,not_used,community labels are structural network results; they are not official factions and do not replace original-setting faction metadata
JP16,character,character,霍青娥,霍青娥,霍 青娥,1677.0,10,0.0030442072373926925,4.668461430727813e-05,9,0.44543828264758495,C-36e04441cffd9e4a,CC-2b4ec26ae62a7599,louvain,intersection_count,100.0,0.0,1.0,20260801,1.0.0,not_used,community labels are structural network results; they are not official factions and do not replace original-setting faction metadata
JP16,character,character,霧雨魔理沙,雾雨魔理沙,霧雨 魔理沙,36377.0,75,0.03656986444900033,0.007500661365369353,11,0.5303900816449955,C-e46490189dfe73ae,CC-2b4ec26ae62a7599,louvain,intersection_count,100.0,0.0,1.0,20260801,1.0.0,not_used,community labels are structural network results; they are not official factions and do not replace original-setting faction metadata
JP16,character,character,露娜切露德,露娜切露德,ルナチャイルド,0.0,0,0.0010111223458038425,0.0,0,0.0,C-36c5fbe7ec5c91f4,CC-36c5fbe7ec5c91f4,louvain,intersection_count,100.0,0.0,1.0,20260801,1.0.0,not_used,community labels are structural network results; they are not official factions and do not replace original-setting faction metadata
JP16,character,character,露娜萨普莉兹姆利巴,露娜萨·普莉兹姆利巴,ルナサ・プリズムリバー,0.0,0,0.0010111223458038425,0.0,0,0.0,C-761ee6d34e36b9e6,CC-761ee6d34e36b9e6,louvain,intersection_count,100.0,0.0,1.0,20260801,1.0.0,not_used,community labels are structural network results; they are not official factions and do not replace original-setting faction metadata
JP16,character,character,露易兹,露易兹,ルイズ,0.0,0,0.0010111223458038425,0.0,0,0.0,C-801742e6b80a6ebb,CC-801742e6b80a6ebb,louvain,intersection_count,100.0,0.0,1.0,20260801,1.0.0,not_used,community labels are structural network results; they are not official factions and do not replace original-setting faction metadata
JP16,character,character,露米娅,露米娅,ルーミア,0.0,0,0.0010111223458038425,0.0,0,0.0,C-0b859c7569213548,CC-0b859c7569213548,louvain,intersection_count,100.0,0.0,1.0,20260801,1.0.0,not_used,community labels are structural network results; they are not official factions and do not replace original-setting faction metadata
JP16,character,character,風見幽香,风见幽香,風見 幽香,5174.0,19,0.006250990337367135,0.0,11,0.1561654425976034,C-e46490189dfe73ae,CC-2b4ec26ae62a7599,louvain,intersection_count,100.0,0.0,1.0,20260801,1.0.0,not_used,community labels are structural network results; they are not official factions and do not replace original-setting faction metadata
JP16,character,character,风见幽香,风见幽香,風見 幽香,0.0,0,0.0010111223458038425,0.0,0,0.0,C-733b68f366c40051,CC-733b68f366c40051,louvain,intersection_count,100.0,0.0,1.0,20260801,1.0.0,not_used,community labels are structural network results; they are not official factions and do not replace original-setting faction metadata
JP16,character,character,飞碟（红、蓝、绿、其他）,飞碟（红、蓝、绿、其他）,UFO（赤・青・緑、その他）,0.0,0,0.0010111223458038425,0.0,0,0.0,C-5d2aa5eccee755fb,CC-5d2aa5eccee755fb,louvain,intersection_count,100.0,0.0,1.0,20260801,1.0.0,not_used,community labels are structural network results; they are not official factions and do not replace original-setting faction metadata
JP16,character,character,驪駒早鬼,骊驹早鬼,驪駒 早鬼,1544.0,10,0.002648663807900812,0.0,10,0.31930051813471505,C-36e04441cffd9e4a,CC-2b4ec26ae62a7599,louvain,intersection_count,100.0,0.0,1.0,20260801,1.0.0,not_used,community labels are structural network results; they are not official factions and do not replace original-setting faction metadata
JP16,character,character,骊驹早鬼,骊驹早鬼,驪駒 早鬼,0.0,0,0.0010111223458038425,0.0,0,0.0,C-f95e6d4662d18346,CC-f95e6d4662d18346,louvain,intersection_count,100.0,0.0,1.0,20260801,1.0.0,not_used,community labels are structural network results; they are not official factions and do not replace original-setting faction metadata
JP16,character,character,高丽野阿吽,高丽野阿吽,高麗野あうん,0.0,0,0.0010111223458038425,0.0,0,0.0,C-a4a7750f6426d505,CC-a4a7750f6426d505,louvain,intersection_count,100.0,0.0,1.0,20260801,1.0.0,not_used,community labels are structural network results; they are not official factions and do not replace original-setting faction metadata
JP16,character,character,高麗野あうん,高丽野阿吽,高麗野あうん,606.0,5,0.001545147218141459,0.0,5,0.3696369636963696,C-e46490189dfe73ae,CC-2b4ec26ae62a7599,louvain,intersection_count,100.0,0.0,1.0,20260801,1.0.0,not_used,community labels are structural network results; they are not official factions and do not replace original-setting faction metadata
JP16,character,character,鬼人正邪,鬼人正邪,鬼人 正邪,3957.0,16,0.004913338211212473,0.0,11,0.6542835481425322,C-d96a91e482b4262b,CC-2b4ec26ae62a7599,louvain,intersection_count,100.0,0.0,1.0,20260801,1.0.0,not_used,community labels are structural network results; they are not official factions and do not replace original-setting faction metadata
JP16,character,character,魂魄妖夢,魂魄妖梦,魂魄 妖夢,37362.0,68,0.036504253678409246,0.01635517654564977,11,0.5589368877469086,C-e46490189dfe73ae,CC-2b4ec26ae62a7599,louvain,intersection_count,100.0,0.0,1.0,20260801,1.0.0,not_used,community labels are structural network results; they are not official factions and do not replace original-setting faction metadata
JP16,character,character,魂魄妖忌,魂魄妖忌,魂魄 妖忌,0.0,0,0.0010111223458038425,0.0,0,0.0,C-10c90632b234495c,CC-10c90632b234495c,louvain,intersection_count,100.0,0.0,1.0,20260801,1.0.0,not_used,community labels are structural network results; they are not official factions and do not replace original-setting faction metadata
JP16,character,character,魂魄妖梦,魂魄妖梦,魂魄 妖夢,0.0,0,0.0010111223458038425,0.0,0,0.0,C-88a1bd76729ae9f2,CC-88a1bd76729ae9f2,louvain,intersection_count,100.0,0.0,1.0,20260801,1.0.0,not_used,community labels are structural network results; they are not official factions and do not replace original-setting faction metadata
JP16,character,character,魅魔,魅魔,魅魔,830.0,6,0.001967296027321175,0.0,5,0.0,C-e46490189dfe73ae,CC-2b4ec26ae62a7599,louvain,intersection_count,100.0,0.0,1.0,20260801,1.0.0,not_used,community labels are structural network results; they are not official factions and do not replace original-setting faction metadata
JP16,character,character,黑谷山女,黑谷山女,黒谷 ヤマメ,0.0,0,0.0010111223458038425,0.0,0,0.0,C-af42aa126596ecef,CC-af42aa126596ecef,louvain,intersection_count,100.0,0.0,1.0,20260801,1.0.0,not_used,community labels are structural network results; they are not official factions and do not replace original-setting faction metadata
JP16,character,character,黒谷ヤマメ,黑谷山女,黒谷 ヤマメ,0.0,0,0.0010111223458038425,0.0,0,0.0,C-a1d8bc2828ca3f8d,CC-a1d8bc2828ca3f8d,louvain,intersection_count,100.0,0.0,1.0,20260801,1.0.0,not_used,community labels are structural network results; they are not official factions and do not replace original-setting faction metadata
JP16,character,character,龍（子龍、邪龍他）,龙（子龙、邪龙等）,龍（子龍、邪龍 他）,0.0,0,0.0010111223458038425,0.0,0,0.0,C-2db0487d121f6255,CC-2db0487d121f6255,louvain,intersection_count,100.0,0.0,1.0,20260801,1.0.0,not_used,community labels are structural network results; they are not official factions and do not replace original-setting faction metadata
JP16,character,character,龙（子龙、邪龙等）,龙（子龙、邪龙等）,龍（子龍、邪龍 他）,0.0,0,0.0010111223458038425,0.0,0,0.0,C-309ce0ac9da69d5b,CC-309ce0ac9da69d5b,louvain,intersection_count,100.0,0.0,1.0,20260801,1.0.0,not_used,community labels are structural network results; they are not official factions and do not replace original-setting faction metadata
