keyword,tfidf
变化,0.20964591863941598
変化,0.19467121016517203
中,0.1845881269914629
在,0.15235845402469955
道,0.13614869098518836
神,0.12127873316749908
故事模式专用,0.11519483651625281
500,0.10912907211101977
佐渡的二岩,0.08984825084546401
幻想乡的二岩,0.08984825084546401
介绍,0.08906437732347944
在东方醉蝶华,0.08730325768881582
必,0.08536905786782072
杀,0.08536905786782072
mamizou,0.07487354237122
技能名,0.07181372267912348
消费灵力,0.07181372267912348
宗教倾向,0.07181372267912348
佛,0.07181372267912348
仏,0.07181372267912348
查看日文原文,0.06850321455904133
妖怪狸,0.059898833896976
施展变化程度的能力,0.059898833896976
佐渡の二ッ岩,0.059898833896976
谁也抓不住的狸猫伪装者,0.059898833896976
分福热水浴,0.059898833896976
百鬼妖界之门,0.059898833896976
百鬼妖界の門,0.059898833896976
秀三,0.059898833896976
二岩猯藏的能力,0.059898833896976
击,0.05975834050747449
百鬼夜行绘卷,0.05877903565256517
cp名,0.05514683104833618
alien,0.05514683104833618
capsule,0.05514683104833618
神星符,0.05514683104833618
外面世界,0.05408756722333468
神灵庙,0.053387820867405185
在东方铃奈庵,0.045216600886256945
最终章补遗,0.044924125422732004
幻想郷の二ッ岩,0.044924125422732004
侵略吧,0.044924125422732004
外星妖怪狸,0.044924125422732004
空蝉地藏变化,0.044924125422732004
うつせみ地蔵変化,0.044924125422732004
怪奇送行提灯,0.044924125422732004
怪奇送り提灯,0.044924125422732004
妖怪网切变化,0.044924125422732004
妖怪アミキリ変化,0.044924125422732004
妖怪唐伞变化,0.044924125422732004
