keyword,tfidf
道,0.17463692904353859
神,0.14519245349362786
守旧老爹与前卫少女,0.14147287279922535
必,0.13140271854393298
杀,0.13140271854393298
介绍,0.12303008809738283
拳固,0.10610465459941902
故事模式专用,0.10554255238623857
技能名,0.09211493625914345
消费灵力,0.09211493625914345
宗教倾向,0.09211493625914345
佛,0.09211493625914345
仏,0.09211493625914345
忿怒,0.08842054549951585
400,0.08398743705106657
500,0.08398743705106657
在,0.07892327964478862
八尺大人,0.07073643639961268
時代親父とハイカラ少女,0.07073643639961268
铁拳,0.07073643639961268
神拳,0.07073643639961268
拳符,0.07073643639961268
拳骨,0.07073643639961268
しゃばだば,0.07073643639961268
中,0.06764852540981882
命莲寺,0.06285146258138717
符卡名,0.058416436228517804
必杀,0.056964424026762765
官网角色介绍,0.05499502975871377
击,0.05475113272663875
kumoi,0.05305232729970951
ichirin,0.05305232729970951
驱使入道程度的能力,0.05305232729970951
作为自己的监视眼,0.05305232729970951
守护与被守护的大轮,0.05305232729970951
惊愕,0.05305232729970951
高个的入道使,0.05305232729970951
入道,0.05305232729970951
连打,0.05305232729970951
天空铁锤落,0.05305232729970951
稻妻,0.05305232729970951
带电入道,0.05305232729970951
入道唰,0.05305232729970951
垂云的铁锤,0.05305232729970951
垂雲の鉄槌,0.05305232729970951
一握的浮云,0.05305232729970951
一握りの浮雲,0.05305232729970951
愤怒的驰云,0.05305232729970951
怒りの走雲,0.05305232729970951
岭云的佛光,0.05305232729970951
