keyword,tfidf
想起,0.5192133981326557
回忆,0.39808519099607587
地灵殿,0.11952649353020132
easy,0.08768415226036749
normal,0.0861615367094456
hard,0.08394586852839593
lunatic,0.08322465800591845
读心程度的能力,0.08293441479084913
satori,0.0663475318326793
脑符,0.0663475318326793
fingerprint,0.0663475318326793
心花,0.0663475318326793
komeiji,0.06108392919207715
brain,0.06108392919207715
觉,0.0544525741176853
小此木,0.052560583960516036
mind,0.05208574104478042
eye,0.05208574104478042
さとり,0.04976064887450948
销魂的笑容,0.04976064887450948
听诊器,0.04976064887450948
小五萝莉,0.04976064887450948
少女觉,0.04976064887450948
怨灵也为之惧怯的少女,0.04976064887450948
camera,0.04976064887450948
shy,0.04976064887450948
朦胧记忆中的金阁寺,0.04976064887450948
智灵奇传,0.049191209238486425
噩梦周三,0.04749055330861764
rose,0.045812946894057856
里,0.04390955905505796
level9,0.04083943058826398
地妖符,0.04083943058826398
口授,0.036959715177530904
查看日文原文,0.036289601941714725
10,0.035906540557986893
东方地灵殿,0.035699513896999775
旧地狱,0.035218915245473666
例如,0.0351166038031337
⑤,0.03317376591633965
读心能力,0.03317376591633965
地灵殿之主的威严,0.03317376591633965
觉之瞳,0.03317376591633965
猫耳觉,0.03317376591633965
zun绘巅峰,0.03317376591633965
拖鞋,0.03317376591633965
谜之手短,0.03317376591633965
儿童睡衣,0.03317376591633965
总结,0.03317376591633965
身体强度,0.03317376591633965
