keyword,tfidf
里,0.15230576757924855
制作圣域程度的能力,0.146449333712297
刃符,0.146449333712297
尽符,0.146449333712297
雨符,0.13483094975211488
天空璋设定文档,0.11055208660517007
欢姐,0.10983700028422275
坂田,0.10983700028422275
研符,0.10983700028422275
梦尽,0.10983700028422275
杀人鬼之怀,0.10983700028422275
天空璋,0.09281385200533356
星期四,0.08573225042675221
东方天空璋,0.07879976661759379
我先允许你跑39米,0.0732246668561485
我先让你跑39米,0.0732246668561485
sakata,0.0732246668561485
nemuno,0.0732246668561485
互不相容,0.0732246668561485
跨越浮世门关的山姥,0.0732246668561485
深山的遭遇,0.0732246668561485
隐僻山麓的山姥,0.0732246668561485
疯狂闪耀的鬼菜刀,0.0732246668561485
杀符,0.0732246668561485
穷僻的山姥,0.0732246668561485
interview,0.07187066469737478
幺乐团的历史,0.07163615147053981
查看日文原文,0.06553822234393712
服饰,0.06329378757255452
murder,0.06329378757255452
mountain,0.05527604330258504
星期日,0.05309033487095768
1st,0.05236728497270525
圣域,0.05167540361237241
外貌,0.05167540361237241
称呼,0.047553716308869495
人妖名鉴,0.047432044338305036
天狗,0.04640692600266678
二次设定,0.04298169088232389
秘封噩梦日记,0.04298169088232389
弹幕狂们的黑市,0.04298169088232389
弹幕梦6,0.04174452432877844
ｚｕｎ,0.04174452432877844
星期五,0.039817751153218256
弹幕梦2,0.037622837025275524
东方有一个表情包是关于欢姐的,0.03661233342807425
如图,0.03661233342807425
上面写着我先让你跑39米,0.03661233342807425
近年来网络上出现过,0.03661233342807425
40米大刀,0.03661233342807425
