keyword,tfidf
时间,0.21820147893797953
原因,0.2141524165828984
红魔乡发售后,0.17665400001184195
未确定,0.14721166667653496
原设定衍生,0.1355328039360163
东方书谱,0.12466655216452463
大酱汤,0.08832700000592097
角色游戏内体现,0.08832700000592097
在雾中畅游程度的能力,0.08832700000592097
三无,0.08131968236160977
红魔乡,0.07686323170545377
其他时期产生,0.07292992875278347
包括但不限于,0.06436882273584844
だいようせい,0.05888466667061398
daiyousei,0.05888466667061398
无名组,0.05888466667061398
永夜抄时期产生,0.05888466667061398
笨蛋五人组,0.05888466667061398
一个b,0.05888466667061398
角色像素立绘,0.05888466667061398
大环境创作倾向,0.05888466667061398
角色游戏内设定交叉衍生,0.05888466667061398
永夜抄发售后,0.05888466667061398
非常有实力的妖精,0.05888466667061398
生活在雾之湖附近,0.05888466667061398
读者工学论,0.05888466667061398
2016,0.05888466667061398
二轩目vr,0.05888466667061398
现身于雾中的妖精,0.05888466667061398
幺乐团的历史,0.057607239227120535
黑化,0.05421312157440651
人妻,0.05421312157440651
zun的补充设定,0.05421312157440651
2002年10月11日,0.05421312157440651
2002年12月22日,0.05421312157440651
むむむ,0.05421312157440651
瞬间移动,0.05421312157440651
妖妖梦时期产生,0.05421312157440651
弱气,0.05421312157440651
幻想揭示板,0.052389734100812164
相关剧情,0.050898607580589804
23,0.050535446712000075
未知,0.04832767079208042
隐岐奈,0.04622706248438234
东方红魔乡,0.04608579138169643
中,0.04608579138169643
三月精v,0.042912548490565625
a路线,0.042912548490565625
b路线,0.042912548490565625
c路线,0.042912548490565625
