keyword,tfidf
秘仪,0.3509648714581859
秘儀,0.22166202407885427
摩多罗,0.221083124875654
里,0.18861232493578206
grimoire,0.13644141080111222
usami,0.13644141080111222
matara,0.12930284737933165
秘神摩多罗,0.11083101203942713
扉符,0.11083101203942713
紫,0.098483971357197
of,0.09343290032224767
seasons,0.09235917669952261
究极的绝对秘神,0.09235917669952261
the,0.09134802429499052
星期六,0.0879649002929399
被秘匿的四个季节,0.08503197110602077
all,0.08503197110602077
hidden,0.07983323600337769
障碍之神,0.07388734135961808
okina,0.07388734135961808
在万物背上制作门扉程度的能力,0.07388734135961808
后符,0.07388734135961808
裏,0.07388734135961808
in,0.05998008971373096
天空璋,0.058533628936573004
隐岐奈,0.05800482432790069
star,0.05594763748874894
anarchy,0.05541550601971357
犹格,0.05541550601971357
能乐之神,0.05541550601971357
究極の絶対秘神,0.05541550601971357
後符,0.05541550601971357
绝对秘神的后光,0.05541550601971357
sukha,0.05541550601971357
摩多罗悦乐,0.05541550601971357
障碍,0.05541550601971357
噩梦周六,0.05288743419303275
死刑,0.05101918266361247
hell,0.05061987446580061
魔,0.047984071770984765
bullet,0.047984071770984765
easy,0.046254637788868846
二童子,0.04548047026703741
normal,0.04545143642369554
后户之国,0.04475810999099915
hard,0.04428263993615628
lunatic,0.04390219112497704
东方天空璋,0.04337067005951404
弹幕梦5,0.042948640198775825
故事模式,0.04282914821470159
