keyword,tfidf
仙符,0.15877739006446306
鬼神,0.1449573971244571
凶兆的黑猫,0.1449573971244571
使用妖术程度的能力,0.13120698094276997
官方设定衍生,0.10496558475421598
式神的式神,0.10496558475421598
八云紫符卡,0.09663826474963806
chen,0.09663826474963806
时间,0.0897594743940218
求闻史纪,0.08898717150142825
原因,0.08809384998785541
中的原生设定,0.08240261717511525
鬼符,0.0792367170417248
withered,0.07872418856566199
leaf,0.07872418856566199
翔符,0.07872418856566199
鸣动持国天,0.07872418856566199
人烟稀少的小道等处可见,0.07872418856566199
ちぇぇぇぇぇぇぇん,0.07247869856222855
东方妖妖梦,0.07188194355862468
八云一家,0.06804745288476988
东方文花帖,0.06674751901872292
level6,0.06461031170740436
中的角色设定,0.06180196288133644
星符,0.06180196288133644
漫画,0.06161309447882115
初次登场时期产生,0.05983964959601453
妖妖梦设定文档,0.055556472877903
猫又,0.05248279237710799
首先是怕水,0.05248279237710799
雨天她无法灵活运动,0.05248279237710799
逃到河中的话,0.05248279237710799
她就不会再追来了吧,0.05248279237710799
再来是对木天蓼无抵抗力,0.05248279237710799
将干燥的木天蓼撒向她,0.05248279237710799
她就会失去战意,0.05248279237710799
吓唬人类程度的能力,0.05248279237710799
但还是怕水,0.05248279237710799
她会说人话,0.05248279237710799
在妖妖梦和人妖名鉴中,0.05248279237710799
凶兆の黒猫,0.05248279237710799
凋叶棕,0.05248279237710799
すきま妖怪の式の式,0.05248279237710799
间隙妖怪的式神的式神,0.05248279237710799
被操控的式神猫妖,0.05248279237710799
凤凰卵,0.05248279237710799
式符,0.05248279237710799
阴阳,0.05248279237710799
陰陽,0.05248279237710799
飞翔韦驮天,0.05248279237710799
