keyword,tfidf
土著神,0.21156127088125798
介绍,0.18551757744881997
土着神,0.15867095316094348
神具,0.12341074134740047
源符,0.12341074134740047
b或c,0.11837052372225275
cost,0.10850631341206501
jade,0.10578063544062899
11,0.09838483537860876
风神录设定文档,0.08993630637243372
创造坤程度的能力,0.08815052953385748
土著神的顶点,0.08815052953385748
蛙狩,0.08815052953385748
口授,0.08642540783075067
符卡名,0.08425654237277523
中,0.0827886880027622
蛙符,0.0811572119648631
在,0.07933915933598044
早苗,0.07749818096627356
洩矢的铁轮,0.07052042362708599
祟符,0.07052042362708599
御社宫司大人,0.07052042362708599
姬川,0.07052042362708599
level11,0.06492576957189047
查看日文原文,0.05610475148326961
princess,0.05536164529332854
15,0.053338544915285495
green,0.053234656537056446
moriya,0.052890317720314495
suwako,0.052890317720314495
土着神の頂点,0.052890317720314495
手长足长大人,0.052890317720314495
洩矢の鉄の輪,0.052890317720314495
厌川的翡翠,0.052890317720314495
蛙以口鸣,0.052890317720314495
方致蛇祸,0.052890317720314495
神樱,0.052890317720314495
湛樱花吹雪,0.052890317720314495
mythical,0.052890317720314495
御射军神大人,0.052890317720314495
涂有鲜血的赤蛙塚,0.052890317720314495
噩梦周一,0.050477445733088426
vs,0.048694327178917855
铁轮,0.048694327178917855
非想天则,0.046792487116565265
里,0.04667122680087481
守矢神社,0.04568551031854501
ring,0.043408004280195485
东方风神录,0.0413943440013811
风神录,0.040991545307925814
