keyword,tfidf
秋符,0.1911907098270366
丰裕与收成的象征,0.14833258195661114
掌管丰收程度的能力,0.14833258195661114
potato,0.14833258195661114
风神录,0.12071020021798207
丰收之神,0.11866606556528893
烧芋,0.11866606556528893
sweet,0.10257233072450038
minoriko,0.0889995491739667
实符,0.0889995491739667
warm,0.0889995491739667
color,0.0889995491739667
harvest,0.0889995491739667
aki,0.08193887564015855
人物设定,0.0812975704867944
东方风神录,0.06385046647151582
秋箱子,0.059333032782644464
左侧角色即秋穰子,0.059333032782644464
来增加甜味,0.059333032782644464
在漂浮着果物和农作物的香味时,0.059333032782644464
总是对安静的姐姐保持着优越感,0.059333032782644464
豊かさと稔りの象徴,0.059333032782644464
会受稻田姬的斥责啦,0.059333032782644464
深受村中人类喜爱的神明,0.059333032782644464
无常秋日与少女的心,0.059333032782644464
谷物神的允诺,0.059333032782644464
suite,0.059333032782644464
幺乐团的历史,0.058045878610468934
room,0.058045878610468934
简单,0.05462591709343902
秋之夹击,0.05462591709343902
东方四季家,0.05462591709343902
查看日文原文,0.05310480281854022
漫画,0.05224129074942204
秋,0.04869565266379147
level1,0.04869565266379147
其他二次设定,0.04869565266379147
不人气姐妹,0.04869565266379147
人设与梗,0.04657904967304475
东方文花帖ds,0.04643670288837515
话,0.045962732005763195
2024,0.04323929794185591
第167回,0.04323929794185591
1st,0.04243255680667817
东方风神录特辑,0.041871933983839316
zun彻底采访,0.041871933983839316
第,0.04096653761497547
07,0.035192430521461635
二次设定,0.03482752716628136
弹幕狂们的黑市,0.03482752716628136
