keyword,tfidf
禁忌,0.510743765106919
斯卡蕾特,0.164175259451717
目,0.16416763878436685
芙兰朵露,0.13562304041663578
四重存在,0.09120424376909268
将一切悉数破坏程度的能力,0.09120424376909268
恶魔之妹,0.09120424376909268
禁弹,0.09120424376909268
オーエンは彼女なのか,0.0839686634079757
在红魔馆中见到,0.0839686634079757
owen就是她吗,0.07296339501527416
kagome,0.07296339501527416
forbidden,0.07296339501527416
红魔乡,0.057144271887754144
东方文花帖,0.05710443807016243
红魔馆,0.056903229300697765
备考,0.05518630096117492
吸血鬼,0.055078813677515
最终鬼畜蓝蓝路,0.05472254626145562
laevatein,0.05472254626145562
恋之迷宫,0.05472254626145562
禁弾,0.05472254626145562
fruits,0.05472254626145562
被禁止的游戏,0.05472254626145562
东方红魔乡,0.053535410690777274
噩梦周日,0.052226087464551194
scarlet,0.050381198044785414
红魔符,0.050381198044785414
catastrophe,0.050381198044785414
里,0.04828801334102806
参考度,0.04755019687971321
查看日文原文,0.04716427183794491
13,0.04677341679513397
使用者,0.04615328935862173
史纪,0.04529398948917968
bloody,0.04491174613284846
石油之海,0.044198418826789404
在,0.03925930117323667
中,0.03925930117323667
求闻史纪,0.03866032710122323
红魔乡设定文档,0.03861826603202901
フランドール,0.03648169750763708
自闭和同人女,0.03648169750763708
双标,0.03648169750763708
破坏力,0.03648169750763708
关联与关系,0.03648169750763708
家庭教师,0.03648169750763708
鬼畜组,0.03648169750763708
黑色棒子与尾巴,0.03648169750763708
芙兰与蓝蓝路,0.03648169750763708
