keyword,tfidf
时间,0.1403516419675658
原因,0.13774720247095626
黄帝,0.12309641073935283
竿打,0.12309641073935283
彭祖,0.12309641073935283
故事模式专用,0.11273032011056783
主役茨木华扇,0.10640182341268387
必,0.10526373147567436
杀,0.10526373147567436
猿之手,0.10258034228279402
华狭间的战场,0.10258034228279402
东方茨歌仙,0.09232659365918001
务光,0.08206427382623523
漫画剧情衍生,0.08206427382623523
茨歌仙,0.08187179114774673
击,0.08187179114774673
中,0.07626979476193131
其他时期产生,0.07622877883610821
的工作,0.07555380212549122
包符,0.07555380212549122
角色设定衍生,0.07475603007167908
在,0.07225559503761915
2013,0.06735157781311908
雷符,0.06735157781311908
漫画,0.0642271955889948
茨华仙,0.061548205369676416
百药枡,0.061548205369676416
大鹫,0.061548205369676416
完全体,0.061548205369676416
引导动物程度的能力,0.061548205369676416
威胁,0.061548205369676416
聆听愿望的仙人,0.061548205369676416
独臂有角的仙人,0.061548205369676416
难以逃脱的猿之手,0.061548205369676416
抓取中,0.061548205369676416
必杀,0.06084387396612162
仙人,0.05980482405734327
射,0.058479850819819094
香霖堂,0.05708273512880694
茨歌仙18话,0.05666535159411842
万岁乐,0.05666535159411842
dragon,0.05469147653869445
龙符,0.05320091170634193
龍符,0.05320091170634193
小此木,0.052009122696294034
与,0.05088442408655419
别名,0.050513683359839315
官网角色介绍,0.05034887826775484
东方深秘录,0.048170396691746095
约,0.046461683081388594
