keyword,tfidf
令目标无处可逃程度的能力,0.19095348168760903
豫母都,0.1432151112657068
日狭美,0.1432151112657068
黄泉丑女,0.1432151112657068
地狱的美貌跟踪狂,0.1432151112657068
よもつ,0.09547674084380452
ひさみ,0.09547674084380452
yomotsu,0.09547674084380452
hisami,0.09547674084380452
会用甜言蜜语将不慎接近地狱的倒霉蛋拖入地狱,0.09547674084380452
她便会追到天涯海角,0.09547674084380452
不回首的黄泉路,0.09547674084380452
穷追到天涯海角的黄泉丑女,0.09547674084380452
豫母都日狭美的能力,0.09547674084380452
东方兽王园,0.09340549520610011
幺乐团的历史,0.09340549520610011
最后反而坏了事,0.08790220700147691
地狱,0.08736347264614698
二次设定,0.05604329712366007
兽王园,0.050681421762184854
游戏内说明,0.04905595361092864
由于与,0.04773837042190226
拥有相同的姬发式,0.04773837042190226
被认为是辉夜假扮的,0.04773837042190226
老霖,0.04773837042190226
你是那种一见着了齐刘海黑长发的角色就会喊,0.04773837042190226
好像辉夜,0.04773837042190226
的人吧,0.04773837042190226
配色形似茄子,0.04773837042190226
因而有了相关梗图,0.04773837042190226
茄子都日狭美,0.04773837042190226
连缘灵烈传,0.04773837042190226
马立噤美,0.04773837042190226
骑的那只,0.04773837042190226
谢谢茄子,0.04773837042190226
然而设计元素其实是山葡萄,0.04773837042190226
比较常见的是,0.04773837042190226
植物大战僵尸2,0.04773837042190226
中的的茄子忍者,0.04773837042190226
但其实两者除了配色外并无什么相像之处,0.04773837042190226
因颜色相近而与,0.04773837042190226
果宝特攻,0.04773837042190226
中的夜燕相联系,0.04773837042190226
虽然夜燕是山竹,0.04773837042190226
如果是山葡萄的话某种程度上不如说和花如意联系更紧密,0.04773837042190226
与eva中的初号机配色相似,0.04773837042190226
在原作对话中多次提到想要被上级日白残无呵斥,0.04773837042190226
为此甚至故意将残无的命令错误执行,0.04773837042190226
那么给你点,0.04773837042190226
奖励,0.04773837042190226
