keyword,tfidf
饕餮,0.16015908249162794
什么都能吸收程度的能力,0.11597332789439327
贪欲之兽的记忆,0.11597332789439327
与芙兰朵露,0.09518132865544834
尤魔,0.08697999592079496
yuma,0.08697999592079496
memory,0.08697999592079496
fossil,0.08697999592079496
energy,0.08697999592079496
石油之海场景,0.08697999592079496
旧血池地狱,0.0817854629038549
被废弃的血池地狱场景,0.08007954124581397
刚欲异闻,0.07025218217902182
畜生界,0.06911614819417837
东方刚欲异闻,0.062401589275216475
游戏内说明,0.05958710093172963
与吉吊八千慧和骊驹早鬼的关系,0.057986663947196634
与大鹫灵的关系,0.057986663947196634
斯卡蕾特的关系,0.057986663947196634
黑芝麻糊,0.057986663947196634
星之尤魔,0.057986663947196634
拉面摊摊主,0.057986663947196634
石油大亨,0.057986663947196634
羊头,0.057986663947196634
与吉吊八千慧和骊驹早鬼,0.057986663947196634
与西行寺幽幽子和宫古芳香,0.057986663947196634
与八云蓝和菅牧典,0.057986663947196634
两种大鹫灵,0.057986663947196634
toutetsu,0.057986663947196634
的盟主,0.057986663947196634
她是贪婪的大胃王,0.057986663947196634
坐收渔利,0.057986663947196634
刚欲异闻设定文档,0.057986663947196634
她是畜生界的组织,0.057986663947196634
刚欲同盟的盟主,0.057986663947196634
无论实体还是灵体,0.057986663947196634
有机物还是无机物,0.057986663947196634
任何事物都会被她囫囵吞入肚中,0.057986663947196634
将其转化为自己的力量,0.057986663947196634
她吞下的事物,0.057986663947196634
似乎也会对她的性格造成影响,0.057986663947196634
派遣大鹫灵前往,0.057986663947196634
引来自机,0.057986663947196634
私自占据,0.057986663947196634
战无不胜的刚欲同盟盟主,0.057986663947196634
強欲な獣のメメント,0.057986663947196634
全有机体的记忆,0.057986663947196634
饿扁扁魔神刚欲同盟盟主,0.057986663947196634
宿怨,0.057986663947196634
饕餮尤魔的能力,0.057986663947196634
