keyword,tfidf
介绍,0.16879370490198448
使用剑术程度的能力,0.1598733355418658
till,0.1229794888783583
在,0.12271783846519892
中,0.1203116063384303
when,0.1132230571842226
魂魄,0.11068153999052248
查看日文原文,0.10028622403042338
youmu,0.09838359110268664
konpaku,0.09838359110268664
19,0.09339452562512145
广有射怪鸟事,0.08608564221485081
半人半灵的园艺师,0.08608564221485081
b或c,0.08256981882357846
妖梦,0.07810910581109641
人类与幽灵的混血,0.07378769332701499
半人半灵,0.07378769332701499
半分虚幻的园艺师,0.07378769332701499
temple,0.07378769332701499
技能与符卡,0.06960969662524999
cost,0.06880818235298204
角色设定,0.06421883964685877
ancient,0.06378045524036045
楼观剑,0.06148974443917915
白楼剑,0.06148974443917915
冥界,0.058633264958308395
之后,0.05795658561554725
在妖妖梦,0.05792659622387903
魂符,0.0566115285921113
人符,0.0566115285921113
人鬼,0.0566115285921113
符卡名,0.05343043505681428
使用简易度,0.050551606061385
东方妖妖梦,0.05053087466214073
狱界剑,0.04919179555134332
二百由旬之一闪,0.04919179555134332
园艺师,0.04919179555134332
半分幻の庭師,0.04919179555134332
広有射怪鳥事,0.04919179555134332
人类和幽灵的混血,0.04919179555134332
半人半霊の庭師,0.04919179555134332
断迷剑,0.04919179555134332
獭,0.04917557556146545
鹫,0.04917557556146545
威力,0.04917557556146545
时间,0.049076415640866934
原因,0.04816572764708743
狼,0.04791935813722452
斯卡蕾特,0.04571841040860351
永夜抄,0.045696393720612745
