keyword,tfidf
土蜘蛛,0.11314672745336365
操纵疾病,0.11314672745336365
主要是传染病,0.11314672745336365
细索,0.11314672745336365
犍陀多绳索,0.11314672745336365
桦黄小町,0.11314672745336365
毒符,0.09780153655095243
程度的能力,0.08541252114597717
一般通过山女,0.08486004559002275
kurodani,0.08486004559002275
yamame,0.08486004559002275
昏暗洞窟中明亮的网,0.08486004559002275
被封印的妖怪,0.08486004559002275
瘴符,0.08486004559002275
蜘蛛,0.07812777465678424
lost,0.07812777465678424
东方地灵殿,0.07748450785741087
web,0.07335115241321431
地灵殿,0.07194220322995025
小此木,0.07170796445803505
绰号,0.06964611635854223
place,0.06964611635854223
地灵虹洞,0.06853993633132707
在,0.060880684745108535
土木工程师,0.05657336372668183
人气偶像,0.05657336372668183
四百大妈,0.05657336372668183
与其他角色关系,0.05657336372668183
一设文档,0.05657336372668183
土蜘蛛非常擅长于建筑,0.05657336372668183
这样的描述,0.05657336372668183
在地下的妖怪之间非常有人气,0.05657336372668183
蜘蛛侠,0.05657336372668183
スパイダーマン,0.05657336372668183
操纵疾病程度的能力,0.05657336372668183
心灵手巧又有力气,0.05657336372668183
暗い洞窟の明るい網,0.05657336372668183
封じられた妖怪,0.05657336372668183
与病为邻的蜘蛛,0.05657336372668183
罠符,0.05657336372668183
石窟的蜘蛛巢,0.05657336372668183
filled,0.05657336372668183
miasma,0.05657336372668183
瘴气充溢,0.05657336372668183
毒水,0.05657336372668183
毒蜘蛛,0.05657336372668183
油水,0.05657336372668183
血蜘蛛,0.05657336372668183
昆虫记,0.05657336372668183
东方刚欲异闻,0.05534607704100776
