keyword,textrank
村落,0.301332139302897
妹红,0.2155001609632727
头槌,0.19817376472205722
结社,0.19029669062171908
形态,0.18426081391255003
存在,0.16338723003214928
秘密,0.15994296586977436
创造,0.15637124548031622
有着,0.1428969642283605
文花,0.14179756336448573
对话,0.13751903491681733
吞噬,0.136437324363554
类型,0.13119580433025033
国符,0.1298702266376048
阿求,0.12399674336979971
史纪,0.12080319151152234
拥有,0.11487016886630344
看到,0.11436171632367217
半兽,0.11345722985198244
白色,0.10806782345612001
