keyword,textrank
奇迹,0.5724251396819775
打败,0.3684037494599618
介绍,0.3075491446547994
早苗,0.3064649249833663
风神,0.2887790072539847
进行,0.2803844563904445
魔理,0.27279648138051954
引发,0.24958026091575658
神明,0.24669930764999237
白色,0.24325425884969507
世界,0.232429220340226
巫女,0.22942796547675112
信仰,0.22826997375115168
敌人,0.22735572499450682
发现,0.22467266149046883
雾雨,0.210993096949662
攻击,0.21082303461499188
遇到,0.20983943211681585
东风,0.20746440216323678
之山,0.20151649072529715
