keyword,textrank
魔力,0.5243387022046504
琵琶,0.43963466507484544
姐妹,0.3751721020028979
人气,0.2858715797041946
音符,0.25815765580125444
道具,0.23504304195561915
类型,0.23490860127329394
有着,0.2302265089665413
演奏,0.228594925384471
出场,0.2190220862244916
感觉,0.218190476529872
邪鬼,0.21471234876132228
乐谱,0.20702653146860217
能够,0.2002778127875723
文花,0.19063709778024895
休止符,0.18380664721942586
建议,0.17949120782850658
世界,0.17702837643734762
对话,0.17626934117652546
授权,0.17466390235132212
