keyword,textrank
魔力,0.5283253863062751
姐妹,0.37210880725085954
感觉,0.30069346954832904
人气,0.29239815009454256
类型,0.24014216357342769
琵琶,0.2337841950242295
道具,0.23361073042415081
邪鬼,0.21695840464090282
出场,0.21543298960334742
八桥,0.20290759709889641
演奏,0.20135196957755744
能够,0.20050493924370658
文花,0.19480515936119353
建议,0.18378590389633156
黑色,0.18105503216533667
对话,0.17914046854378773
授权,0.17824884218062106
世界,0.17491485213771707
凭依,0.16983171333231398
