keyword,textrank
变化,0.4029206043003763
美宵,0.24584566199134608
狸猫,0.2154167659786249
凭依,0.210261028457501
告诉,0.20011239943407375
萃香,0.18624922497747212
世界,0.17829804348744452
故事,0.16669676680444162
介绍,0.15758798813624816
发现,0.1500368653293565
进行,0.14905076564298148
狸的,0.1427681447204391
百鬼,0.12976294500732147
神灵,0.12562950397904138
小铃,0.11823988388203675
变成,0.11782921917594354
专用,0.11489287536806117
堇子,0.11426286388025363
夜行,0.11425970682853914
认为,0.11378410796663956
