keyword,textrank
入道,0.5666645904932479
介绍,0.31913636088656006
凭依,0.3168372908472593
进行,0.31337072367597135
故事,0.2550024406586383
对手,0.2547641816855244
神子,0.20217148567222273
位置,0.17111239131076963
守护,0.16677819980321196
不能,0.16393455670873772
有着,0.16243402525204778
雲山,0.16243369982224842
打败,0.15969603028681695
驱使,0.15913930412629926
攻击,0.1567092268931591
技能,0.15627138023449766
模式,0.15389983606984733
调查,0.1489273125460352
少女,0.14177764816277574
僧侣,0.138004816510403
