keyword,textrank
入道,0.28133497391763657
介绍,0.26482542019638583
对手,0.23106345364232242
进行,0.19712964774306116
守护,0.19561794914009775
故事,0.17387720982020177
改变,0.1656076349536803
位置,0.16176308865873446
技能,0.137250693468094
类型,0.13631077618031867
攻击,0.13568249953636688
雲山,0.13254209536923411
变化,0.12335543876579814
铁拳,0.11968414379147085
出现,0.1156553793864645
打败,0.11031322247983133
凭依,0.1102685758976917
装备,0.11024447099380603
大会,0.10961422678879457
模式,0.10527704332239299
