keyword,textrank
萃香,1.0
美宵,0.6764709317888641
宴会,0.33348373729428804
介绍,0.31420159469416226
进行,0.3062041745446728
敌人,0.3021074276073051
魔理,0.24223538924088736
地面,0.24160537344788088
月亮,0.23949544310053364
认为,0.21952957665071013
密度,0.20932865087325647
喝酒,0.20731201161046867
夜行,0.204971825188416
异变,0.19650967229530036
百鬼,0.19618973533641962
发现,0.19576494496911942
力量,0.1934149572187697
调查,0.19208794104299504
攻击,0.18415406066863668
喜欢,0.18279005970011927
