keyword,textrank
凭依,1.0
石油,0.5791527189445345
神女,0.3546347327212602
财产,0.30210941063058416
姐姐,0.28626556565543065
女苑,0.28026545725657354
宴会,0.2523522484514502
金色,0.25031260614415596
故事,0.24659915441918384
堇子,0.24642712007348755
地狱,0.24116741843322492
名鉴,0.23661474490803597
人妖,0.2316039085532176
贪欲,0.22220397977809783
疫病,0.22160578734141373
异变,0.20477677920576418
依神,0.2014434728716702
血池,0.19306197319094545
类型,0.18407863711586808
白色,0.17923036218810104
