keyword,textrank
境界,0.5123385919584058
结界,0.4851142373078896
攻击,0.3318523695829057
介绍,0.2762450374262288
出现,0.273575760883477
界线,0.2602030828912101
进行,0.24107433701611072
对话,0.23865275936580405
世界,0.21356518703713392
操纵,0.20029205891142457
魔理,0.20003271830054986
间隙,0.1921498379337061
画面,0.17514717371866462
异变,0.16916797906268047
妖妖梦,0.15166023578659973
时候,0.14822077177480472
存在,0.14527877709859285
力量,0.1417144236367076
原因,0.14142569242750935
紫色,0.1388423611583834
