keyword,textrank
式神,0.3789088459533084
妖妖梦,0.3462142163433897
时间,0.3199080862946651
史纪,0.3070227964260966
白色,0.29650597058557043
调查,0.2925488573468688
动物,0.28758811835294157
奴隶,0.2864807558913783
九尾,0.28111204629056896
妖兽,0.28061974259679795
计算,0.27066797480717475
需要,0.2496872452881544
进行,0.24933456351086594
凭依,0.24592324175878555
堇子,0.24472985682173987
开始,0.24241150582770585
发现,0.23272385344472385
不会,0.22800570151688848
噩梦,0.22524748604992437
冥界,0.21892288278699348
