keyword,textrank
地灵,0.44950368322936196
对手,0.41971247510899407
凭依,0.3614669835522718
蔷薇,0.3587486050606589
进行,0.32476955372148913
恋恋,0.3181783342524298
存在,0.31140251145528297
魔理,0.30470117819197595
内心,0.3023024548658747
攻击,0.30169457614879724
介绍,0.2973946588015784
读心,0.2716278282922428
无法,0.2689737528741191
希望,0.2466524049451222
姐姐,0.23915847487107753
雾雨,0.23173075574563953
厌恶,0.22826028008095472
开始,0.21924128882547614
不会,0.21465975659811987
宠物,0.20494864547874192
