keyword,textrank
合欢,0.6311323340397724
天空,0.2750685938971345
山姥,0.26793687188309
种族,0.2653120199450765
菜刀,0.2558738224665152
天狗,0.20669253129562964
雾雨,0.20140721482212456
欢姐,0.20109431522522114
感觉,0.19821400740674816
黑市,0.19102002008470617
类型,0.19022508006909472
出现,0.18303827579651025
圣域,0.1729209629828978
对话,0.1706344426783617
有着,0.16794316419665717
魔理,0.15374856177334428
风神,0.15319672085203104
喜欢,0.15301735351923093
进行,0.15139483377461385
文花,0.15124644404998108
