keyword,textrank
黑市,0.6326707123832279
交易,0.4153663382303963
集市,0.40480935596881545
所有权,0.35014653266456264
力量,0.33584721110355736
魔理,0.28353399395379825
类型,0.26484147484565623
部分,0.2614222151271792
拉链,0.2606225566312213
狂们,0.24835647114779077
流通,0.2413847300489553
雾雨,0.23002578783126607
神明,0.2224134315117345
合作,0.2086189203962278
出场,0.20714946816766053
文花,0.20323155605970328
黄色,0.19981711318981507
物品,0.19927068000971432
建议,0.19646901125619884
原因,0.19362203457866173
