keyword,textrank
新闻,0.7651399681517951
照片,0.6619415969530165
念写,0.6270355591727601
海棠,0.5814541343569657
天狗,0.444418587005725
文花,0.3579270972832256
取材,0.35356712119429323
文章,0.28270207647562295
人妖,0.27617593655716216
丸文,0.2729803532205038
射命,0.2705861995905498
怨灵,0.25461800277897895
类型,0.2534886723056104
名鉴,0.24066922565326818
邪鬼,0.23428465315737382
功能,0.23228476789919386
有着,0.2265081037770441
念报,0.21702313807137225
秘密,0.213127403901196
摄影,0.21276696671759937
