keyword,textrank
圣域,0.638105670746513
地狱,0.494978465398569
猿猴,0.47656898094559486
猿神,0.38904559461453103
成为,0.3464809158148737
幽灵,0.32184957771740885
炼酒,0.3113271398301977
残无,0.29864211185303813
类型,0.2847978202952894
兽王,0.27585475167079865
时候,0.2237641698583795
打败,0.21037180480316733
文花,0.20358250187318105
战争,0.19739813290258185
转世,0.19706169134184157
操纵,0.19064121838126813
建议,0.18899728783445047
堕入,0.18419155384019867
授权,0.18217959350599597
