keyword,textrank
天空,0.24560908670992246
起舞,0.2450010182305492
类型,0.23293787551473444
出场,0.22620635060888422
名字,0.2073604422497733
东西,0.20208223179934953
文花,0.19058538708716147
进行,0.1901675757185121
视频,0.18936529367874994
诱导,0.18722254785761128
建议,0.1863331246743819
背景,0.18271963161679675
授权,0.18114773926873792
日记,0.18049150158745716
蝴蝶结,0.1795431958819165
性格,0.17931768129591172
黑色,0.17880438527641704
设计,0.17831887096087504
对话,0.17828710742155612
精神力,0.1703371260553389
