keyword,textrank
响子,1.0
声音,0.6106140950505514
幽谷,0.5793950942456682
反射,0.3452338988090864
经文,0.3315240383795845
神灵,0.3168339533584128
出来,0.3059345634529336
响应,0.2832868434082119
大喊,0.26012669620271844
进行,0.22192454096667386
鸟兽,0.21342018201888602
打扫,0.20401933912329095
类型,0.20026556568816353
口授,0.18620624465756738
回应,0.17690806735832473
组合,0.175745394954413
理解,0.1718808841757415
人物,0.16939794528662597
邪鬼,0.1669937158812975
袭击,0.16269049519251744
