keyword,textrank
璎花,1.0
石头,0.6314509281313745
水母,0.4871583562578667
水子,0.3855302814862869
擅长,0.35802176789140433
起始,0.25329423741731827
类型,0.23433919102374606
形兽,0.22106253986939395
原因,0.215437564428038
出场,0.2107830535207775
偶像,0.20364624449136404
建议,0.19060285693028828
中国,0.19044118824794246
文花,0.1890987041368834
雾雨,0.18725259997397853
授权,0.1847655234873322
发源,0.17896407026261693
对话,0.177717354519518
