keyword,textrank
秘神,0.41473810832797076
天空,0.33949692195778486
季节,0.30761168574519504
门扉,0.2878868627451478
魔理,0.2875337844482766
秘仪,0.2706580319495349
贤者,0.2624582278228176
噩梦,0.2613062055655795
地狱,0.25070670403562756
出场,0.2477264755076695
后户,0.22885618743151245
万物,0.22837121603727562
堇子,0.22217245042111208
认为,0.2217261113685446
知晓,0.21799181130908069
故事,0.21515376407212938
雾雨,0.2048732526143081
能乐,0.2028128000672196
家伙,0.19947083985896508
生命力,0.19768757776160792
