keyword,textrank
地狱,1.0
勇仪,0.7359017012854815
地灵,0.44195917225905734
地底,0.33616228384354846
魔理,0.2777593802358319
力量,0.2699982479268012
红色,0.26397399840971325
雾雨,0.24069238620563926
进行,0.23748720860908393
鬼族,0.2218368304195409
开始,0.21565621108914046
战斗,0.21175134961146597
江山,0.20951515065861437
有着,0.2084363216222156
石油,0.20528842413971507
觉得,0.20139275190027586
口授,0.19692847032696634
告诉,0.19340011271198826
喜欢,0.19299253779853787
黑水,0.19218487637519893
