keyword,textrank
村纱,1.0
幽灵,0.5364237699895266
水蜜,0.4754879701951094
事故,0.37265558916397357
水难,0.3422011592603799
地狱,0.2999579378129561
引发,0.29950484968216484
僧侣,0.27619038324000555
舀子,0.25260711024691573
沉没,0.2472523031073026
船长,0.22257611498691213
血池,0.19656090345841493
魔理,0.16407545835959533
对话,0.1586646748308129
异闻,0.15418314420319076
飞仓,0.14612687466735727
称呼,0.1392007800187691
大海,0.1370049248609311
类型,0.1368548998167968
魔界,0.13618596378140407
