keyword,textrank
折射,0.27401633117686053
战争,0.21331884883243812
光线,0.2008037481103996
史纪,0.1921475419825528
日光,0.1854843185954392
恶作剧,0.16322686910624473
白色,0.15059385136980336
类型,0.14318983698963147
出现,0.13316649513495177
拥有,0.12546177001695383
对方,0.11845455278608102
红色,0.11737487170820642
发现,0.1130602887603932
存在,0.11280395691597345
人物,0.11102584313424939
蝴蝶结,0.11062391249812824
漫画,0.10952722510623367
文花,0.1083538868444917
光符,0.10721585927121852
见到,0.10611022166894093
