keyword,textrank
人偶,0.819711504026741
花映,0.4269962648112178
操纵,0.38290219159593447
史纪,0.3000687789832212
无名,0.26753913039439703
名鉴,0.2603996626836297
幽香,0.257177401505969
速度,0.24377955218107353
之丘,0.23801827292668212
红色,0.23627155873244002
身体,0.23353929269547202
黑色,0.22963991641800532
小町,0.22851796610646521
毒素,0.22312710547796694
解放,0.222046876469439
类型,0.21780872985283561
觉得,0.2173912298817761
人妖,0.2148197357451653
文花,0.20562186492113138
人形,0.20426236543397425
