keyword,textrank
猫咪,0.6335635900787878
妖妖梦,0.5177601343059347
妖术,0.3974488838880372
史纪,0.3850279975019919
状态,0.3736097802760077
式神,0.33972379778980494
凭依,0.3286177097356637
变得,0.31584981144502405
进行,0.2952733178272623
速度,0.2822074952641643
白色,0.26787206970288296
类型,0.24919999937080695
文花,0.23616619892791485
行动,0.23462926873887655
管理,0.23066084336066964
幽灵,0.22551297318544425
有着,0.22066504861224726
衍生,0.21954365839514808
部落,0.2136422052112728
拥有,0.20844486068584753
