keyword,textrank
羽衣,1.0
地震,0.5346137298210649
永江,0.43417930866158366
攻击,0.40693332887716727
使者,0.38560780111159904
进行,0.3424278765232105
不会,0.32751818357405793
介绍,0.31908859664348865
敌人,0.29080897822950524
天女,0.288366994398831
龙神,0.2786352603041874
绯色,0.2666643943532656
打败,0.2600453097318947
噩梦,0.25214811786762453
发生,0.2515882750105818
云中,0.2499651264538263
云层,0.24496592620274593
天子,0.23731222099082072
对手,0.21777172355502447
天界,0.21427028187760536
