keyword,textrank
露诺,0.45635971860981145
天空,0.4097739606655592
蝴蝶,0.3988979931962881
鳞粉,0.2726087175778883
对话,0.20902747167541022
雾雨,0.2046854692537608
图案,0.19789591101702997
成虫,0.19729930228528272
类型,0.19673040638785833
设计,0.1946863300618743
时候,0.194326996172544
黑市,0.1911850274749679
烟花,0.1905438257992363
异变,0.18102432818752798
部分,0.18083828636073815
幼虫,0.17882151953995706
名字,0.17764483472329679
暴走,0.16759323396798548
文花,0.16595491287324118
播撒,0.1615880688746506
