keyword,textrank
重量,0.31451660197208525
形兽,0.28309285484107605
物体,0.27027757750051895
类型,0.24454943551868333
婴儿,0.21996143298745136
授权,0.21356286191607982
白色,0.21016449544842622
文花,0.20346040842772636
雾雨,0.20033484581300026
建议,0.1959428954222764
改变,0.19272290765857256
对话,0.1909119376507659
奶牛,0.19039357045941788
黑市,0.19001946270052042
有着,0.1860151037563991
出场,0.18215164542107098
石像,0.17886486294087217
凭依,0.1787103582069507
禁止,0.17814985206523934
