keyword,textrank
红叶,0.8012231469893504
落叶,0.6214496807528602
神明,0.45615598242814726
风神,0.3936258725218995
姐妹,0.3763226633473794
掌管,0.3291163309794424
枫叶,0.3223391315525066
人气,0.29442560722705136
人物,0.2775673727534366
类型,0.23147022424359406
变得,0.18306228373365963
出场,0.18246643573630625
文花,0.18150619578639346
建议,0.18120718851576947
使用者,0.17902779761323842
对话,0.17825049008548988
授权,0.17801855187506815
魔法书,0.1762765508412499
