keyword,textrank
红魔,0.8915152043869286
吸血鬼,0.6230371125771613
破坏,0.556037046169245
禁忌,0.3283226509245073
妹妹,0.3261474236176813
芙兰,0.31750973868443305
史纪,0.3127721267237697
噩梦,0.2642500069914473
红色,0.24988179345841022
射命,0.24626246538205357
丸文,0.24054010152586278
魔理,0.23163495884919172
鬼畜,0.23141056136012322
地下室,0.23093433654574025
对话,0.22114184215365867
文花,0.22072760470987948
白色,0.216537124203206
姐姐,0.21487408725534296
陨石,0.21024484272758762
无法,0.20907521094986914
