keyword,textrank
来临,0.30572970440697433
出现,0.296332541645442
对话,0.2754356567623659
图案,0.27061371947785745
妖妖梦,0.2636398782484389
白色,0.23545132980561972
类型,0.2314023942728803
史纪,0.2213705340784452
季节,0.21867658854323194
红色,0.2145892319587536
告知,0.21017245846052812
时间,0.20790321791635324
边缘,0.20133619041610348
译名,0.18902134376497512
不会,0.1879574667441045
狂们,0.18293244960504457
