keyword,textrank
仪式,0.37569594354190666
妖妖梦,0.26779569008767423
寒流,0.247609966023813
时候,0.23202463292224257
出现,0.2263226401516766
白色,0.21650277889296973
文花,0.20366464904972434
衍生,0.1934672294456521
类型,0.18660211278434127
战斗,0.18407909943261516
只能,0.16525417890191602
史纪,0.1645329670392019
原因,0.16377297498945906
黑幕,0.16133068909446
咒术,0.14440948684280752
文本,0.1426554730500264
拥有,0.1416474936831291
书籍,0.14139174701642568
异变,0.13902766029630173
建议,0.13784280404418572
