keyword,textrank
幽灵,0.8241722168821651
亡灵,0.5753428971245644
冥界,0.5611207373910603
蝴蝶,0.5088924350376925
死亡,0.4804921716230724
介绍,0.39206445904075593
妖梦,0.39028754780153485
操纵,0.3478862320237574
对话,0.2696333712088024
神灵,0.26083695846298344
樱花,0.2330703188751966
花瓣,0.2328452066744584
攻击,0.22492934258981315
春度,0.22122598169915986
宴会,0.2203043860413824
不会,0.21262971985728432
进行,0.2091752053459385
妖妖梦,0.20536607734052317
无法,0.20148800296246536
开始,0.1952336427852845
