keyword,textrank
地狱,1.0
豫母,0.2523243808528125
类型,0.1926065760675012
目标,0.1855249567359881
堕入,0.18272839581692732
萃香,0.18158014477465104
文花,0.16616789054599232
跟踪,0.15740538997265305
建议,0.15708956954925735
出场,0.15601066110898337
联系,0.15593636283872592
拖入,0.15592386773183206
授权,0.15124683246421064
异变,0.14870402779294647
传送,0.14663181274947684
凭依,0.14428577590600114
报酬,0.13939845049498267
数量,0.13700609423416957
形似,0.13621811821503615
原曲,0.134969519654256
