keyword,textrank
团子,0.8439973262752772
名字,0.34852521971560674
情报,0.2625473223800387
类型,0.2559500038590975
对话,0.22368434595884332
调查,0.21882790502241453
风神,0.21379319569727373
兔子,0.20511908823729275
中国,0.20260953504945398
人物,0.19995164176384644
白色,0.1980841492938693
食物,0.19676630984665958
花纹,0.1956804963538791
文花,0.19557098510701731
建议,0.1890222187051147
日记,0.18507451694945481
授权,0.18471333139518448
射击,0.1795024959208743
