keyword,textrank
出现,0.403454770756868
黑色,0.3903780137604834
文花,0.3826101854241866
魔乡,0.3146649769671144
物质,0.30583232078883255
操纵,0.2997155890824877
影响,0.29911721554019044
丝带,0.29661384781864963
力量,0.23914656037416393
红色,0.23536423133995263
时期,0.22943981742477826
无法,0.22144245818307456
类型,0.21946898892033062
外表,0.21568152316399095
外界,0.20770093258636763
背景,0.20207579851405388
对话,0.1992926420441778
史纪,0.19929024230546197
日光,0.19650619843539194
衍生,0.19237854223615505
