keyword,textrank
幽香,1.0
风见,0.5971065187991712
花映,0.32182743575887834
拥有,0.27439441763504446
战斗,0.2627853657529753
攻击,0.2506876191236522
史纪,0.2447606348183924
操纵,0.23540501664244204
魔炮,0.2153820077315272
不会,0.2058889770623925
花朵,0.2051738645461118
太阳,0.20064963139329592
力量,0.18988196794507484
类型,0.18893152548821934
喜欢,0.1867139586301926
新作,0.18522522805258326
凭依,0.1753100820199977
旧作,0.16089743796840814
文花,0.16016844479908687
异变,0.1589411336679985
