keyword,textrank
畜生,0.6333540578100056
动物,0.49092979451214147
骊驹,0.4432192148197969
野狼,0.4119102401320765
组织,0.4062785579549553
劲牙,0.3901473834320947
地狱,0.3684008190363366
形兽,0.3487443938774573
太子,0.3401502748449096
肌肉,0.3348097307539873
魔理,0.3110081293949011
实力,0.31032570189116127
劲牙组,0.2625556651085195
雾雨,0.2487083341381638
牙组,0.24352604884610557
笨蛋,0.23913989562073865
部下,0.2276755051669591
勁疾技,0.22732991117935747
黑色,0.214236017608741
类型,0.2075021833826931
