keyword,textrank
天空,0.31083325031564357
狮子,0.26089550594001215
雾雨,0.25329288780998066
神兽,0.2519214910666155
发现,0.24671980006858685
魔理,0.24336409318030075
异变,0.22408941099483187
类型,0.2212994798654605
时候,0.21823321172916224
神佛,0.2083934582884717
加入,0.202907234933603
应该,0.19931504249266208
进行,0.19431939336247728
日记,0.1834475636679513
持有,0.18156589599603798
文花,0.17977367642026323
秘封,0.1797426401225165
地方,0.1788268799988554
建议,0.177752690725964
授权,0.17718671472457495
