keyword,textrank
邪鬼,1.0
道具,0.5788068957800204
说明,0.4242377364642169
鬼人,0.3893259268021165
性格,0.29272169175411067
翻转,0.2624087512110414
大会,0.2446171134758176
组成,0.2294859747163601
异变,0.20589343414620248
相反,0.203739634402392
类型,0.20228744009806787
人妖,0.1959362850325027
无敌,0.1958759727720215
名鉴,0.18925794392301298
箭头,0.18673381788802199
出场,0.18262830381991466
进行,0.1708066388214832
时间,0.16926807404464175
联系,0.16520436838301905
下克,0.16289064209621257
