keyword,textrank
幽灵,1.0
妖梦,0.3901466558028903
魂魄,0.38222876744575246
冥界,0.36551122589585405
进行,0.3090727925214447
介绍,0.29590250448366745
剑术,0.2892271434681455
攻击,0.2797485754947432
楼观,0.2681831127221759
打败,0.2548556346949486
时间,0.251999988304607
异变,0.22446831963879393
园艺师,0.22043808056298964
妖妖梦,0.21421088848956432
半灵,0.21362241463069673
对话,0.21039747916002463
白楼,0.2060009049015788
动物,0.19927686451206125
速度,0.1889948739148147
魔理,0.1871226142434697
