keyword,textrank
蜘蛛,1.0
山女,0.6166418445094107
地狱,0.5732816385884185
疾病,0.4060577216418505
地灵,0.3506515108654944
黑谷山,0.29584314147068363
不明,0.2844883368747657
洞窟,0.2609548909179678
原因,0.2330750619363143
操纵,0.21388960405208307
类型,0.19826385060262278
发现,0.19568033709584548
感觉,0.17662233040410105
对话,0.1675040590912103
雾雨,0.1614569995153573
出场,0.16108841449724634
黑色,0.1583066492517145
打败,0.15807553985379366
魔理,0.15605807965509025
黄色,0.15363717097228505
