round,role,category,item_id,url,title,summary_json,source_bytes,sha256
15,detail,character,101,https://toho-vote.info/result15/character/101.php,投票結果：博麗 霊夢 - 第15回 東方Project 人気投票,"[{""kind"":""title"",""text"":""投票結果：博麗 霊夢 - 第15回 東方Project 人気投票"",""numbers"":[]},{""kind"":""item_heading"",""text"":""博麗 霊夢（1位）"",""numbers"":[{""raw"":""1位"",""value"":1,""unit"":""位"",""kind"":""number""}]},{""kind"":""item_statistics"",""text"":""ポイント：6887点 ｜ 得票数：5456票 ｜ 一押し数：1431票 ｜ コメント数：1076件 リストへ戻る"",""numbers"":[{""raw"":""6887点"",""value"":6887,""unit"":""点"",""kind"":""number""},{""raw"":""5456票"",""value"":5456,""unit"":""票"",""kind"":""number""},{""raw"":""1431票"",""value"":1431,""unit"":""票"",""kind"":""number""},{""raw"":""1076件"",""value"":1076,""unit"":""件"",""kind"":""number""}]}]",100983,fac67db93f51d99970d14e6b8e6a19e2fd1004c242894a49276e9d8a41e98185
15,detail,character,102,https://toho-vote.info/result15/character/102.php,投票結果：霧雨 魔理沙 - 第15回 東方Project 人気投票,"[{""kind"":""title"",""text"":""投票結果：霧雨 魔理沙 - 第15回 東方Project 人気投票"",""numbers"":[]},{""kind"":""item_heading"",""text"":""霧雨 魔理沙（2位）"",""numbers"":[{""raw"":""2位"",""value"":2,""unit"":""位"",""kind"":""number""}]},{""kind"":""item_statistics"",""text"":""ポイント：5950点 ｜ 得票数：4899票 ｜ 一押し数：1051票 ｜ コメント数：898件 リストへ戻る"",""numbers"":[{""raw"":""5950点"",""value"":5950,""unit"":""点"",""kind"":""number""},{""raw"":""4899票"",""value"":4899,""unit"":""票"",""kind"":""number""},{""raw"":""1051票"",""value"":1051,""unit"":""票"",""kind"":""number""},{""raw"":""898件"",""value"":898,""unit"":""件"",""kind"":""number""}]}]",96733,91113f48d7118620e6f5b93e869e78e067a38b91271c7c8138c30d5eccb71352
15,detail,character,201,https://toho-vote.info/result15/character/201.php,投票結果：ルーミア - 第15回 東方Project 人気投票,"[{""kind"":""title"",""text"":""投票結果：ルーミア - 第15回 東方Project 人気投票"",""numbers"":[]},{""kind"":""item_heading"",""text"":""ルーミア（25位）"",""numbers"":[{""raw"":""25位"",""value"":25,""unit"":""位"",""kind"":""number""}]},{""kind"":""item_statistics"",""text"":""ポイント：2215点 ｜ 得票数：1853票 ｜ 一押し数：362票 ｜ コメント数：355件 リストへ戻る"",""numbers"":[{""raw"":""2215点"",""value"":2215,""unit"":""点"",""kind"":""number""},{""raw"":""1853票"",""value"":1853,""unit"":""票"",""kind"":""number""},{""raw"":""362票"",""value"":362,""unit"":""票"",""kind"":""number""},{""raw"":""355件"",""value"":355,""unit"":""件"",""kind"":""number""}]}]",42287,beae3f5eab735f49ec522b2df84d78118bf963b02bfa387f13f0adc6eb929221
15,detail,character,202,https://toho-vote.info/result15/character/202.php,投票結果：大妖精 - 第15回 東方Project 人気投票,"[{""kind"":""title"",""text"":""投票結果：大妖精 - 第15回 東方Project 人気投票"",""numbers"":[]},{""kind"":""item_heading"",""text"":""大妖精（56位）"",""numbers"":[{""raw"":""56位"",""value"":56,""unit"":""位"",""kind"":""number""}]},{""kind"":""item_statistics"",""text"":""ポイント：1067点 ｜ 得票数：928票 ｜ 一押し数：139票 ｜ コメント数：155件 リストへ戻る"",""numbers"":[{""raw"":""1067点"",""value"":1067,""unit"":""点"",""kind"":""number""},{""raw"":""928票"",""value"":928,""unit"":""票"",""kind"":""number""},{""raw"":""139票"",""value"":139,""unit"":""票"",""kind"":""number""},{""raw"":""155件"",""value"":155,""unit"":""件"",""kind"":""number""}]}]",29061,ea02865a2ff067d189467bdddda4256b07b284507a18bb65f4c63d69ca816348
15,detail,character,203,https://toho-vote.info/result15/character/203.php,投票結果：チルノ - 第15回 東方Project 人気投票,"[{""kind"":""title"",""text"":""投票結果：チルノ - 第15回 東方Project 人気投票"",""numbers"":[]},{""kind"":""item_heading"",""text"":""チルノ（24位）"",""numbers"":[{""raw"":""24位"",""value"":24,""unit"":""位"",""kind"":""number""}]},{""kind"":""item_statistics"",""text"":""ポイント：2264点 ｜ 得票数：1867票 ｜ 一押し数：397票 ｜ コメント数：406件 リストへ戻る"",""numbers"":[{""raw"":""2264点"",""value"":2264,""unit"":""点"",""kind"":""number""},{""raw"":""1867票"",""value"":1867,""unit"":""票"",""kind"":""number""},{""raw"":""397票"",""value"":397,""unit"":""票"",""kind"":""number""},{""raw"":""406件"",""value"":406,""unit"":""件"",""kind"":""number""}]}]",49758,4554d464e66dccf091b2bb30194d72826d7480383a24914449aedc497a00471a
15,detail,character,204,https://toho-vote.info/result15/character/204.php,投票結果：紅 美鈴 - 第15回 東方Project 人気投票,"[{""kind"":""title"",""text"":""投票結果：紅 美鈴 - 第15回 東方Project 人気投票"",""numbers"":[]},{""kind"":""item_heading"",""text"":""紅 美鈴（22位）"",""numbers"":[{""raw"":""22位"",""value"":22,""unit"":""位"",""kind"":""number""}]},{""kind"":""item_statistics"",""text"":""ポイント：2366点 ｜ 得票数：1985票 ｜ 一押し数：381票 ｜ コメント数：317件 リストへ戻る"",""numbers"":[{""raw"":""2366点"",""value"":2366,""unit"":""点"",""kind"":""number""},{""raw"":""1985票"",""value"":1985,""unit"":""票"",""kind"":""number""},{""raw"":""381票"",""value"":381,""unit"":""票"",""kind"":""number""},{""raw"":""317件"",""value"":317,""unit"":""件"",""kind"":""number""}]}]",41818,f5f59e5dd6608558a581202c6f7345b71b315e711dc8c2b271510188f48b5251
15,detail,character,205,https://toho-vote.info/result15/character/205.php,投票結果：小悪魔 - 第15回 東方Project 人気投票,"[{""kind"":""title"",""text"":""投票結果：小悪魔 - 第15回 東方Project 人気投票"",""numbers"":[]},{""kind"":""item_heading"",""text"":""小悪魔（65位）"",""numbers"":[{""raw"":""65位"",""value"":65,""unit"":""位"",""kind"":""number""}]},{""kind"":""item_statistics"",""text"":""ポイント：862点 ｜ 得票数：786票 ｜ 一押し数：76票 ｜ コメント数：116件 リストへ戻る"",""numbers"":[{""raw"":""862点"",""value"":862,""unit"":""点"",""kind"":""number""},{""raw"":""786票"",""value"":786,""unit"":""票"",""kind"":""number""},{""raw"":""76票"",""value"":76,""unit"":""票"",""kind"":""number""},{""raw"":""116件"",""value"":116,""unit"":""件"",""kind"":""number""}]}]",26439,ad99aa2b533f98a19ee15cd43e96e5677d5a9b7123e3139781a2a93445839d4a
15,detail,character,206,https://toho-vote.info/result15/character/206.php,投票結果：パチュリー・ノーレッジ - 第15回 東方Project 人気投票,"[{""kind"":""title"",""text"":""投票結果：パチュリー・ノーレッジ - 第15回 東方Project 人気投票"",""numbers"":[]},{""kind"":""item_heading"",""text"":""パチュリー・ノーレッジ（20位）"",""numbers"":[{""raw"":""20位"",""value"":20,""unit"":""位"",""kind"":""number""}]},{""kind"":""item_statistics"",""text"":""ポイント：2413点 ｜ 得票数：2072票 ｜ 一押し数：341票 ｜ コメント数：322件 リストへ戻る"",""numbers"":[{""raw"":""2413点"",""value"":2413,""unit"":""点"",""kind"":""number""},{""raw"":""2072票"",""value"":2072,""unit"":""票"",""kind"":""number""},{""raw"":""341票"",""value"":341,""unit"":""票"",""kind"":""number""},{""raw"":""322件"",""value"":322,""unit"":""件"",""kind"":""number""}]}]",42470,ae0555d0e5c2c87ffa32953b4cead57d7db326b40416eca0e8c8937373eef01f
15,detail,character,207,https://toho-vote.info/result15/character/207.php,投票結果：十六夜 咲夜 - 第15回 東方Project 人気投票,"[{""kind"":""title"",""text"":""投票結果：十六夜 咲夜 - 第15回 東方Project 人気投票"",""numbers"":[]},{""kind"":""item_heading"",""text"":""十六夜 咲夜（7位）"",""numbers"":[{""raw"":""7位"",""value"":7,""unit"":""位"",""kind"":""number""}]},{""kind"":""item_statistics"",""text"":""ポイント：5119点 ｜ 得票数：4231票 ｜ 一押し数：888票 ｜ コメント数：684件 リストへ戻る"",""numbers"":[{""raw"":""5119点"",""value"":5119,""unit"":""点"",""kind"":""number""},{""raw"":""4231票"",""value"":4231,""unit"":""票"",""kind"":""number""},{""raw"":""888票"",""value"":888,""unit"":""票"",""kind"":""number""},{""raw"":""684件"",""value"":684,""unit"":""件"",""kind"":""number""}]}]",73923,cccebd5d5cf250dc2f9d57d4dfa271c12c54440417a9fc9ba2bffefc2b31bbfc
15,detail,character,208,https://toho-vote.info/result15/character/208.php,投票結果：レミリア・スカーレット - 第15回 東方Project 人気投票,"[{""kind"":""title"",""text"":""投票結果：レミリア・スカーレット - 第15回 東方Project 人気投票"",""numbers"":[]},{""kind"":""item_heading"",""text"":""レミリア・スカーレット（5位）"",""numbers"":[{""raw"":""5位"",""value"":5,""unit"":""位"",""kind"":""number""}]},{""kind"":""item_statistics"",""text"":""ポイント：5453点 ｜ 得票数：4482票 ｜ 一押し数：971票 ｜ コメント数：738件 リストへ戻る"",""numbers"":[{""raw"":""5453点"",""value"":5453,""unit"":""点"",""kind"":""number""},{""raw"":""4482票"",""value"":4482,""unit"":""票"",""kind"":""number""},{""raw"":""971票"",""value"":971,""unit"":""票"",""kind"":""number""},{""raw"":""738件"",""value"":738,""unit"":""件"",""kind"":""number""}]}]",80903,cbf118cc592d3ca7b2f0bc69c2b0d6719fc2c5ef6a490f33daf51d306b8ab180
15,detail,character,209,https://toho-vote.info/result15/character/209.php,投票結果：フランドール・スカーレット - 第15回 東方Project 人気投票,"[{""kind"":""title"",""text"":""投票結果：フランドール・スカーレット - 第15回 東方Project 人気投票"",""numbers"":[]},{""kind"":""item_heading"",""text"":""フランドール・スカーレット（6位）"",""numbers"":[{""raw"":""6位"",""value"":6,""unit"":""位"",""kind"":""number""}]},{""kind"":""item_statistics"",""text"":""ポイント：5222点 ｜ 得票数：4285票 ｜ 一押し数：937票 ｜ コメント数：769件 リストへ戻る"",""numbers"":[{""raw"":""5222点"",""value"":5222,""unit"":""点"",""kind"":""number""},{""raw"":""4285票"",""value"":4285,""unit"":""票"",""kind"":""number""},{""raw"":""937票"",""value"":937,""unit"":""票"",""kind"":""number""},{""raw"":""769件"",""value"":769,""unit"":""件"",""kind"":""number""}]}]",81429,29a02040d0f5ac5dd570a04bd3690beeec84fed513ec0f7a264fb3b0b701df65
15,detail,character,210,https://toho-vote.info/result15/character/210.php,投票結果：レティ・ホワイトロック - 第15回 東方Project 人気投票,"[{""kind"":""title"",""text"":""投票結果：レティ・ホワイトロック - 第15回 東方Project 人気投票"",""numbers"":[]},{""kind"":""item_heading"",""text"":""レティ・ホワイトロック（99位）"",""numbers"":[{""raw"":""99位"",""value"":99,""unit"":""位"",""kind"":""number""}]},{""kind"":""item_statistics"",""text"":""ポイント：413点 ｜ 得票数：355票 ｜ 一押し数：58票 ｜ コメント数：74件 リストへ戻る"",""numbers"":[{""raw"":""413点"",""value"":413,""unit"":""点"",""kind"":""number""},{""raw"":""355票"",""value"":355,""unit"":""票"",""kind"":""number""},{""raw"":""58票"",""value"":58,""unit"":""票"",""kind"":""number""},{""raw"":""74件"",""value"":74,""unit"":""件"",""kind"":""number""}]}]",21795,92bf178dbc4461fd08a51ce701b6d093a6e35b275e7aa6cf971bf36e15353d5d
15,detail,character,211,https://toho-vote.info/result15/character/211.php,投票結果：橙 - 第15回 東方Project 人気投票,"[{""kind"":""title"",""text"":""投票結果：橙 - 第15回 東方Project 人気投票"",""numbers"":[]},{""kind"":""item_heading"",""text"":""橙（63位）"",""numbers"":[{""raw"":""63位"",""value"":63,""unit"":""位"",""kind"":""number""}]},{""kind"":""item_statistics"",""text"":""ポイント：909点 ｜ 得票数：808票 ｜ 一押し数：101票 ｜ コメント数：173件 リストへ戻る"",""numbers"":[{""raw"":""909点"",""value"":909,""unit"":""点"",""kind"":""number""},{""raw"":""808票"",""value"":808,""unit"":""票"",""kind"":""number""},{""raw"":""101票"",""value"":101,""unit"":""票"",""kind"":""number""},{""raw"":""173件"",""value"":173,""unit"":""件"",""kind"":""number""}]}]",31815,4ede37aa99947d30f4c044180d963b3f9538cb9ddb7088ae15240c2f75275392
15,detail,character,212,https://toho-vote.info/result15/character/212.php,投票結果：アリス・マーガトロイド - 第15回 東方Project 人気投票,"[{""kind"":""title"",""text"":""投票結果：アリス・マーガトロイド - 第15回 東方Project 人気投票"",""numbers"":[]},{""kind"":""item_heading"",""text"":""アリス・マーガトロイド（10位）"",""numbers"":[{""raw"":""10位"",""value"":10,""unit"":""位"",""kind"":""number""}]},{""kind"":""item_statistics"",""text"":""ポイント：3908点 ｜ 得票数：3224票 ｜ 一押し数：684票 ｜ コメント数：542件 リストへ戻る"",""numbers"":[{""raw"":""3908点"",""value"":3908,""unit"":""点"",""kind"":""number""},{""raw"":""3224票"",""value"":3224,""unit"":""票"",""kind"":""number""},{""raw"":""684票"",""value"":684,""unit"":""票"",""kind"":""number""},{""raw"":""542件"",""value"":542,""unit"":""件"",""kind"":""number""}]}]",62083,dbf5093d5cae08bdb52842af1f18768a306e0a967b0e535d7ce0d25241950aee
15,detail,character,213,https://toho-vote.info/result15/character/213.php,投票結果：リリーホワイト - 第15回 東方Project 人気投票,"[{""kind"":""title"",""text"":""投票結果：リリーホワイト - 第15回 東方Project 人気投票"",""numbers"":[]},{""kind"":""item_heading"",""text"":""リリーホワイト（92位）"",""numbers"":[{""raw"":""92位"",""value"":92,""unit"":""位"",""kind"":""number""}]},{""kind"":""item_statistics"",""text"":""ポイント：473点 ｜ 得票数：406票 ｜ 一押し数：67票 ｜ コメント数：104件 リストへ戻る"",""numbers"":[{""raw"":""473点"",""value"":473,""unit"":""点"",""kind"":""number""},{""raw"":""406票"",""value"":406,""unit"":""票"",""kind"":""number""},{""raw"":""67票"",""value"":67,""unit"":""票"",""kind"":""number""},{""raw"":""104件"",""value"":104,""unit"":""件"",""kind"":""number""}]}]",24379,ac0c1cddfff5f8657dd5f23285d3bdd1c4d7b584f1dcbb7bada797f3be1245e3
15,detail,character,214,https://toho-vote.info/result15/character/214.php,投票結果：ルナサ・プリズムリバー - 第15回 東方Project 人気投票,"[{""kind"":""title"",""text"":""投票結果：ルナサ・プリズムリバー - 第15回 東方Project 人気投票"",""numbers"":[]},{""kind"":""item_heading"",""text"":""ルナサ・プリズムリバー（80位）"",""numbers"":[{""raw"":""80位"",""value"":80,""unit"":""位"",""kind"":""number""}]},{""kind"":""item_statistics"",""text"":""ポイント：590点 ｜ 得票数：524票 ｜ 一押し数：66票 ｜ コメント数：93件 リストへ戻る"",""numbers"":[{""raw"":""590点"",""value"":590,""unit"":""点"",""kind"":""number""},{""raw"":""524票"",""value"":524,""unit"":""票"",""kind"":""number""},{""raw"":""66票"",""value"":66,""unit"":""票"",""kind"":""number""},{""raw"":""93件"",""value"":93,""unit"":""件"",""kind"":""number""}]}]",25003,9914f92dbefe19c6e4d6246bfcaa00c5dd85cdc7b895fad559907307ec9b3948
15,detail,character,215,https://toho-vote.info/result15/character/215.php,投票結果：メルラン・プリズムリバー - 第15回 東方Project 人気投票,"[{""kind"":""title"",""text"":""投票結果：メルラン・プリズムリバー - 第15回 東方Project 人気投票"",""numbers"":[]},{""kind"":""item_heading"",""text"":""メルラン・プリズムリバー（109位）"",""numbers"":[{""raw"":""109位"",""value"":109,""unit"":""位"",""kind"":""number""}]},{""kind"":""item_statistics"",""text"":""ポイント：258点 ｜ 得票数：233票 ｜ 一押し数：25票 ｜ コメント数：56件 リストへ戻る"",""numbers"":[{""raw"":""258点"",""value"":258,""unit"":""点"",""kind"":""number""},{""raw"":""233票"",""value"":233,""unit"":""票"",""kind"":""number""},{""raw"":""25票"",""value"":25,""unit"":""票"",""kind"":""number""},{""raw"":""56件"",""value"":56,""unit"":""件"",""kind"":""number""}]}]",22417,dbfbb022b68a3abb4288aa9b87e4958b6d82769226796e21fc4db95e05c56584
15,detail,character,216,https://toho-vote.info/result15/character/216.php,投票結果：リリカ・プリズムリバー - 第15回 東方Project 人気投票,"[{""kind"":""title"",""text"":""投票結果：リリカ・プリズムリバー - 第15回 東方Project 人気投票"",""numbers"":[]},{""kind"":""item_heading"",""text"":""リリカ・プリズムリバー（106位）"",""numbers"":[{""raw"":""106位"",""value"":106,""unit"":""位"",""kind"":""number""}]},{""kind"":""item_statistics"",""text"":""ポイント：291点 ｜ 得票数：256票 ｜ 一押し数：35票 ｜ コメント数：54件 リストへ戻る"",""numbers"":[{""raw"":""291点"",""value"":291,""unit"":""点"",""kind"":""number""},{""raw"":""256票"",""value"":256,""unit"":""票"",""kind"":""number""},{""raw"":""35票"",""value"":35,""unit"":""票"",""kind"":""number""},{""raw"":""54件"",""value"":54,""unit"":""件"",""kind"":""number""}]}]",21769,87c8bbc9f535c3c813ecfa8fc3051b006a543196bba21dd867d9b344cf3cb630
15,detail,character,217,https://toho-vote.info/result15/character/217.php,投票結果：魂魄 妖夢 - 第15回 東方Project 人気投票,"[{""kind"":""title"",""text"":""投票結果：魂魄 妖夢 - 第15回 東方Project 人気投票"",""numbers"":[]},{""kind"":""item_heading"",""text"":""魂魄 妖夢（3位）"",""numbers"":[{""raw"":""3位"",""value"":3,""unit"":""位"",""kind"":""number""}]},{""kind"":""item_statistics"",""text"":""ポイント：5801点 ｜ 得票数：4422票 ｜ 一押し数：1379票 ｜ コメント数：824件 リストへ戻る"",""numbers"":[{""raw"":""5801点"",""value"":5801,""unit"":""点"",""kind"":""number""},{""raw"":""4422票"",""value"":4422,""unit"":""票"",""kind"":""number""},{""raw"":""1379票"",""value"":1379,""unit"":""票"",""kind"":""number""},{""raw"":""824件"",""value"":824,""unit"":""件"",""kind"":""number""}]}]",81277,55042271c87d94fbc0d38aaa83287748613009403e15f3179a5a2bb49038c048
15,detail,character,218,https://toho-vote.info/result15/character/218.php,投票結果：西行寺 幽々子 - 第15回 東方Project 人気投票,"[{""kind"":""title"",""text"":""投票結果：西行寺 幽々子 - 第15回 東方Project 人気投票"",""numbers"":[]},{""kind"":""item_heading"",""text"":""西行寺 幽々子（15位）"",""numbers"":[{""raw"":""15位"",""value"":15,""unit"":""位"",""kind"":""number""}]},{""kind"":""item_statistics"",""text"":""ポイント：3062点 ｜ 得票数：2579票 ｜ 一押し数：483票 ｜ コメント数：405件 リストへ戻る"",""numbers"":[{""raw"":""3062点"",""value"":3062,""unit"":""点"",""kind"":""number""},{""raw"":""2579票"",""value"":2579,""unit"":""票"",""kind"":""number""},{""raw"":""483票"",""value"":483,""unit"":""票"",""kind"":""number""},{""raw"":""405件"",""value"":405,""unit"":""件"",""kind"":""number""}]}]",51556,6c7f2a79a4283c9cfeebf7fb5f22704ef21edb73c2017ba8c80944958591786d
15,detail,character,219,https://toho-vote.info/result15/character/219.php,投票結果：八雲 藍 - 第15回 東方Project 人気投票,"[{""kind"":""title"",""text"":""投票結果：八雲 藍 - 第15回 東方Project 人気投票"",""numbers"":[]},{""kind"":""item_heading"",""text"":""八雲 藍（39位）"",""numbers"":[{""raw"":""39位"",""value"":39,""unit"":""位"",""kind"":""number""}]},{""kind"":""item_statistics"",""text"":""ポイント：1545点 ｜ 得票数：1328票 ｜ 一押し数：217票 ｜ コメント数：215件 リストへ戻る"",""numbers"":[{""raw"":""1545点"",""value"":1545,""unit"":""点"",""kind"":""number""},{""raw"":""1328票"",""value"":1328,""unit"":""票"",""kind"":""number""},{""raw"":""217票"",""value"":217,""unit"":""票"",""kind"":""number""},{""raw"":""215件"",""value"":215,""unit"":""件"",""kind"":""number""}]}]",32413,ee3333c57318995739707ab0afd4ec29cc285df9b93a95c5d5fed6bc05b5aa4a
15,detail,character,220,https://toho-vote.info/result15/character/220.php,投票結果：八雲 紫 - 第15回 東方Project 人気投票,"[{""kind"":""title"",""text"":""投票結果：八雲 紫 - 第15回 東方Project 人気投票"",""numbers"":[]},{""kind"":""item_heading"",""text"":""八雲 紫（12位）"",""numbers"":[{""raw"":""12位"",""value"":12,""unit"":""位"",""kind"":""number""}]},{""kind"":""item_statistics"",""text"":""ポイント：3300点 ｜ 得票数：2837票 ｜ 一押し数：463票 ｜ コメント数：453件 リストへ戻る"",""numbers"":[{""raw"":""3300点"",""value"":3300,""unit"":""点"",""kind"":""number""},{""raw"":""2837票"",""value"":2837,""unit"":""票"",""kind"":""number""},{""raw"":""463票"",""value"":463,""unit"":""票"",""kind"":""number""},{""raw"":""453件"",""value"":453,""unit"":""件"",""kind"":""number""}]}]",59607,68b2f12dcbacae21063902d6fae86903d6adec83079d4166827e1ab69697e218
15,detail,character,221,https://toho-vote.info/result15/character/221.php,投票結果：リグル・ナイトバグ - 第15回 東方Project 人気投票,"[{""kind"":""title"",""text"":""投票結果：リグル・ナイトバグ - 第15回 東方Project 人気投票"",""numbers"":[]},{""kind"":""item_heading"",""text"":""リグル・ナイトバグ（85位）"",""numbers"":[{""raw"":""85位"",""value"":85,""unit"":""位"",""kind"":""number""}]},{""kind"":""item_statistics"",""text"":""ポイント：529点 ｜ 得票数：395票 ｜ 一押し数：134票 ｜ コメント数：124件 リストへ戻る"",""numbers"":[{""raw"":""529点"",""value"":529,""unit"":""点"",""kind"":""number""},{""raw"":""395票"",""value"":395,""unit"":""票"",""kind"":""number""},{""raw"":""134票"",""value"":134,""unit"":""票"",""kind"":""number""},{""raw"":""124件"",""value"":124,""unit"":""件"",""kind"":""number""}]}]",27678,90a30bdfc919a7bb37c173d1b4cf2eeb024f0862b1192fdc06b35464f20dcb4c
15,detail,character,222,https://toho-vote.info/result15/character/222.php,投票結果：ミスティア・ローレライ - 第15回 東方Project 人気投票,"[{""kind"":""title"",""text"":""投票結果：ミスティア・ローレライ - 第15回 東方Project 人気投票"",""numbers"":[]},{""kind"":""item_heading"",""text"":""ミスティア・ローレライ（57位）"",""numbers"":[{""raw"":""57位"",""value"":57,""unit"":""位"",""kind"":""number""}]},{""kind"":""item_statistics"",""text"":""ポイント：1040点 ｜ 得票数：882票 ｜ 一押し数：158票 ｜ コメント数：174件 リストへ戻る"",""numbers"":[{""raw"":""1040点"",""value"":1040,""unit"":""点"",""kind"":""number""},{""raw"":""882票"",""value"":882,""unit"":""票"",""kind"":""number""},{""raw"":""158票"",""value"":158,""unit"":""票"",""kind"":""number""},{""raw"":""174件"",""value"":174,""unit"":""件"",""kind"":""number""}]}]",31110,a381f92ca05b4a997d4a2bbf2a5c79fbcf42234700ff403e9d08445f63aeb988
15,detail,character,223,https://toho-vote.info/result15/character/223.php,投票結果：上白沢 慧音 - 第15回 東方Project 人気投票,"[{""kind"":""title"",""text"":""投票結果：上白沢 慧音 - 第15回 東方Project 人気投票"",""numbers"":[]},{""kind"":""item_heading"",""text"":""上白沢 慧音（54位）"",""numbers"":[{""raw"":""54位"",""value"":54,""unit"":""位"",""kind"":""number""}]},{""kind"":""item_statistics"",""text"":""ポイント：1079点 ｜ 得票数：971票 ｜ 一押し数：108票 ｜ コメント数：136件 リストへ戻る"",""numbers"":[{""raw"":""1079点"",""value"":1079,""unit"":""点"",""kind"":""number""},{""raw"":""971票"",""value"":971,""unit"":""票"",""kind"":""number""},{""raw"":""108票"",""value"":108,""unit"":""票"",""kind"":""number""},{""raw"":""136件"",""value"":136,""unit"":""件"",""kind"":""number""}]}]",27908,b7fe06216fa22410697a1101340dd3a4dec60f4bd0f91f4f9cf60abada79a323
15,detail,character,224,https://toho-vote.info/result15/character/224.php,投票結果：因幡 てゐ - 第15回 東方Project 人気投票,"[{""kind"":""title"",""text"":""投票結果：因幡 てゐ - 第15回 東方Project 人気投票"",""numbers"":[]},{""kind"":""item_heading"",""text"":""因幡 てゐ（70位）"",""numbers"":[{""raw"":""70位"",""value"":70,""unit"":""位"",""kind"":""number""}]},{""kind"":""item_statistics"",""text"":""ポイント：761点 ｜ 得票数：699票 ｜ 一押し数：62票 ｜ コメント数：106件 リストへ戻る"",""numbers"":[{""raw"":""761点"",""value"":761,""unit"":""点"",""kind"":""number""},{""raw"":""699票"",""value"":699,""unit"":""票"",""kind"":""number""},{""raw"":""62票"",""value"":62,""unit"":""票"",""kind"":""number""},{""raw"":""106件"",""value"":106,""unit"":""件"",""kind"":""number""}]}]",23907,0a541d4188d5104399f8f3ebbbc2d06a51c49c85bba3588505c475a0b2a7aa60
15,detail,character,225,https://toho-vote.info/result15/character/225.php,投票結果：鈴仙・優曇華院・イナバ - 第15回 東方Project 人気投票,"[{""kind"":""title"",""text"":""投票結果：鈴仙・優曇華院・イナバ - 第15回 東方Project 人気投票"",""numbers"":[]},{""kind"":""item_heading"",""text"":""鈴仙・優曇華院・イナバ（16位）"",""numbers"":[{""raw"":""16位"",""value"":16,""unit"":""位"",""kind"":""number""}]},{""kind"":""item_statistics"",""text"":""ポイント：2747点 ｜ 得票数：2424票 ｜ 一押し数：323票 ｜ コメント数：397件 リストへ戻る"",""numbers"":[{""raw"":""2747点"",""value"":2747,""unit"":""点"",""kind"":""number""},{""raw"":""2424票"",""value"":2424,""unit"":""票"",""kind"":""number""},{""raw"":""323票"",""value"":323,""unit"":""票"",""kind"":""number""},{""raw"":""397件"",""value"":397,""unit"":""件"",""kind"":""number""}]}]",51603,0559d5acaf6cb769951e593fc494660d4f8ad7a80abb9b1cf9b2a9f9b3c7b3f3
15,detail,character,226,https://toho-vote.info/result15/character/226.php,投票結果：八意 永琳 - 第15回 東方Project 人気投票,"[{""kind"":""title"",""text"":""投票結果：八意 永琳 - 第15回 東方Project 人気投票"",""numbers"":[]},{""kind"":""item_heading"",""text"":""八意 永琳（58位）"",""numbers"":[{""raw"":""58位"",""value"":58,""unit"":""位"",""kind"":""number""}]},{""kind"":""item_statistics"",""text"":""ポイント：1014点 ｜ 得票数：914票 ｜ 一押し数：100票 ｜ コメント数：150件 リストへ戻る"",""numbers"":[{""raw"":""1014点"",""value"":1014,""unit"":""点"",""kind"":""number""},{""raw"":""914票"",""value"":914,""unit"":""票"",""kind"":""number""},{""raw"":""100票"",""value"":100,""unit"":""票"",""kind"":""number""},{""raw"":""150件"",""value"":150,""unit"":""件"",""kind"":""number""}]}]",28900,18acfcd6570b2277bf920b1e16e13f912615d206a3f9332d4c033bd0db799d35
15,detail,character,227,https://toho-vote.info/result15/character/227.php,投票結果：蓬莱山 輝夜 - 第15回 東方Project 人気投票,"[{""kind"":""title"",""text"":""投票結果：蓬莱山 輝夜 - 第15回 東方Project 人気投票"",""numbers"":[]},{""kind"":""item_heading"",""text"":""蓬莱山 輝夜（35位）"",""numbers"":[{""raw"":""35位"",""value"":35,""unit"":""位"",""kind"":""number""}]},{""kind"":""item_statistics"",""text"":""ポイント：1602点 ｜ 得票数：1389票 ｜ 一押し数：213票 ｜ コメント数：207件 リストへ戻る"",""numbers"":[{""raw"":""1602点"",""value"":1602,""unit"":""点"",""kind"":""number""},{""raw"":""1389票"",""value"":1389,""unit"":""票"",""kind"":""number""},{""raw"":""213票"",""value"":213,""unit"":""票"",""kind"":""number""},{""raw"":""207件"",""value"":207,""unit"":""件"",""kind"":""number""}]}]",35139,5257862a778e127959e9b38624e233491ba6dbc05ffd8eb95b6374997455c2d7
15,detail,character,228,https://toho-vote.info/result15/character/228.php,投票結果：藤原 妹紅 - 第15回 東方Project 人気投票,"[{""kind"":""title"",""text"":""投票結果：藤原 妹紅 - 第15回 東方Project 人気投票"",""numbers"":[]},{""kind"":""item_heading"",""text"":""藤原 妹紅（11位）"",""numbers"":[{""raw"":""11位"",""value"":11,""unit"":""位"",""kind"":""number""}]},{""kind"":""item_statistics"",""text"":""ポイント：3823点 ｜ 得票数：3220票 ｜ 一押し数：603票 ｜ コメント数：521件 リストへ戻る"",""numbers"":[{""raw"":""3823点"",""value"":3823,""unit"":""点"",""kind"":""number""},{""raw"":""3220票"",""value"":3220,""unit"":""票"",""kind"":""number""},{""raw"":""603票"",""value"":603,""unit"":""票"",""kind"":""number""},{""raw"":""521件"",""value"":521,""unit"":""件"",""kind"":""number""}]}]",57155,951faa2af59c664f82e7687b75fca79cf50813259bf55d746ffd04867e6833f1
15,detail,character,229,https://toho-vote.info/result15/character/229.php,投票結果：伊吹 萃香 - 第15回 東方Project 人気投票,"[{""kind"":""title"",""text"":""投票結果：伊吹 萃香 - 第15回 東方Project 人気投票"",""numbers"":[]},{""kind"":""item_heading"",""text"":""伊吹 萃香（43位）"",""numbers"":[{""raw"":""43位"",""value"":43,""unit"":""位"",""kind"":""number""}]},{""kind"":""item_statistics"",""text"":""ポイント：1457点 ｜ 得票数：1293票 ｜ 一押し数：164票 ｜ コメント数：186件 リストへ戻る"",""numbers"":[{""raw"":""1457点"",""value"":1457,""unit"":""点"",""kind"":""number""},{""raw"":""1293票"",""value"":1293,""unit"":""票"",""kind"":""number""},{""raw"":""164票"",""value"":164,""unit"":""票"",""kind"":""number""},{""raw"":""186件"",""value"":186,""unit"":""件"",""kind"":""number""}]}]",30619,06229566470ce6f09eeec8cc405ad3903e807903753b59a5007bb3ce97d4c0f3
15,detail,character,230,https://toho-vote.info/result15/character/230.php,投票結果：射命丸 文 - 第15回 東方Project 人気投票,"[{""kind"":""title"",""text"":""投票結果：射命丸 文 - 第15回 東方Project 人気投票"",""numbers"":[]},{""kind"":""item_heading"",""text"":""射命丸 文（9位）"",""numbers"":[{""raw"":""9位"",""value"":9,""unit"":""位"",""kind"":""number""}]},{""kind"":""item_statistics"",""text"":""ポイント：3937点 ｜ 得票数：3312票 ｜ 一押し数：625票 ｜ コメント数：551件 リストへ戻る"",""numbers"":[{""raw"":""3937点"",""value"":3937,""unit"":""点"",""kind"":""number""},{""raw"":""3312票"",""value"":3312,""unit"":""票"",""kind"":""number""},{""raw"":""625票"",""value"":625,""unit"":""票"",""kind"":""number""},{""raw"":""551件"",""value"":551,""unit"":""件"",""kind"":""number""}]}]",61886,41cdf5d8297f232e3afd9dddaf9dc5d63894ed6f5b44088e132dffd89c1fac7e
15,detail,character,231,https://toho-vote.info/result15/character/231.php,投票結果：メディスン・メランコリー - 第15回 東方Project 人気投票,"[{""kind"":""title"",""text"":""投票結果：メディスン・メランコリー - 第15回 東方Project 人気投票"",""numbers"":[]},{""kind"":""item_heading"",""text"":""メディスン・メランコリー（94位）"",""numbers"":[{""raw"":""94位"",""value"":94,""unit"":""位"",""kind"":""number""}]},{""kind"":""item_statistics"",""text"":""ポイント：463点 ｜ 得票数：402票 ｜ 一押し数：61票 ｜ コメント数：82件 リストへ戻る"",""numbers"":[{""raw"":""463点"",""value"":463,""unit"":""点"",""kind"":""number""},{""raw"":""402票"",""value"":402,""unit"":""票"",""kind"":""number""},{""raw"":""61票"",""value"":61,""unit"":""票"",""kind"":""number""},{""raw"":""82件"",""value"":82,""unit"":""件"",""kind"":""number""}]}]",23109,0513e031d7d4d76b5a52d08d606e15cad3432dff31d6427390353732a53cc26f
15,detail,character,232,https://toho-vote.info/result15/character/232.php,投票結果：風見 幽香 - 第15回 東方Project 人気投票,"[{""kind"":""title"",""text"":""投票結果：風見 幽香 - 第15回 東方Project 人気投票"",""numbers"":[]},{""kind"":""item_heading"",""text"":""風見 幽香（27位）"",""numbers"":[{""raw"":""27位"",""value"":27,""unit"":""位"",""kind"":""number""}]},{""kind"":""item_statistics"",""text"":""ポイント：2120点 ｜ 得票数：1816票 ｜ 一押し数：304票 ｜ コメント数：290件 リストへ戻る"",""numbers"":[{""raw"":""2120点"",""value"":2120,""unit"":""点"",""kind"":""number""},{""raw"":""1816票"",""value"":1816,""unit"":""票"",""kind"":""number""},{""raw"":""304票"",""value"":304,""unit"":""票"",""kind"":""number""},{""raw"":""290件"",""value"":290,""unit"":""件"",""kind"":""number""}]}]",39070,5db8857e55b1d53e5c7f9394158b9fd9d9f86695536a29d7017685aa962db1d9
15,detail,character,233,https://toho-vote.info/result15/character/233.php,投票結果：小野塚 小町 - 第15回 東方Project 人気投票,"[{""kind"":""title"",""text"":""投票結果：小野塚 小町 - 第15回 東方Project 人気投票"",""numbers"":[]},{""kind"":""item_heading"",""text"":""小野塚 小町（67位）"",""numbers"":[{""raw"":""67位"",""value"":67,""unit"":""位"",""kind"":""number""}]},{""kind"":""item_statistics"",""text"":""ポイント：850点 ｜ 得票数：776票 ｜ 一押し数：74票 ｜ コメント数：125件 リストへ戻る"",""numbers"":[{""raw"":""850点"",""value"":850,""unit"":""点"",""kind"":""number""},{""raw"":""776票"",""value"":776,""unit"":""票"",""kind"":""number""},{""raw"":""74票"",""value"":74,""unit"":""票"",""kind"":""number""},{""raw"":""125件"",""value"":125,""unit"":""件"",""kind"":""number""}]}]",26135,d415a3cfb2c6d4aabebd519a483fa6ce9fcc2bb68731840ae67d96ba73dd3401
15,detail,character,234,https://toho-vote.info/result15/character/234.php,投票結果：四季映姫・ヤマザナドゥ - 第15回 東方Project 人気投票,"[{""kind"":""title"",""text"":""投票結果：四季映姫・ヤマザナドゥ - 第15回 東方Project 人気投票"",""numbers"":[]},{""kind"":""item_heading"",""text"":""四季映姫・ヤマザナドゥ（23位）"",""numbers"":[{""raw"":""23位"",""value"":23,""unit"":""位"",""kind"":""number""}]},{""kind"":""item_statistics"",""text"":""ポイント：2295点 ｜ 得票数：2000票 ｜ 一押し数：295票 ｜ コメント数：295件 リストへ戻る"",""numbers"":[{""raw"":""2295点"",""value"":2295,""unit"":""点"",""kind"":""number""},{""raw"":""2000票"",""value"":2000,""unit"":""票"",""kind"":""number""},{""raw"":""295票"",""value"":295,""unit"":""票"",""kind"":""number""},{""raw"":""295件"",""value"":295,""unit"":""件"",""kind"":""number""}]}]",39510,6831d6bc6434735387f39d378082bbbde892577e82f3a0a5c82e6f4184c6e648
15,detail,character,235,https://toho-vote.info/result15/character/235.php,投票結果：秋 静葉 - 第15回 東方Project 人気投票,"[{""kind"":""title"",""text"":""投票結果：秋 静葉 - 第15回 東方Project 人気投票"",""numbers"":[]},{""kind"":""item_heading"",""text"":""秋 静葉（81位）"",""numbers"":[{""raw"":""81位"",""value"":81,""unit"":""位"",""kind"":""number""}]},{""kind"":""item_statistics"",""text"":""ポイント：584点 ｜ 得票数：529票 ｜ 一押し数：55票 ｜ コメント数：85件 リストへ戻る"",""numbers"":[{""raw"":""584点"",""value"":584,""unit"":""点"",""kind"":""number""},{""raw"":""529票"",""value"":529,""unit"":""票"",""kind"":""number""},{""raw"":""55票"",""value"":55,""unit"":""票"",""kind"":""number""},{""raw"":""85件"",""value"":85,""unit"":""件"",""kind"":""number""}]}]",22467,ac059ea66730c2a7f217eb3592fc49cb6a5e22e93c4869e94c6f40ca78425c39
15,detail,character,236,https://toho-vote.info/result15/character/236.php,投票結果：秋 穣子 - 第15回 東方Project 人気投票,"[{""kind"":""title"",""text"":""投票結果：秋 穣子 - 第15回 東方Project 人気投票"",""numbers"":[]},{""kind"":""item_heading"",""text"":""秋 穣子（84位）"",""numbers"":[{""raw"":""84位"",""value"":84,""unit"":""位"",""kind"":""number""}]},{""kind"":""item_statistics"",""text"":""ポイント：537点 ｜ 得票数：493票 ｜ 一押し数：44票 ｜ コメント数：89件 リストへ戻る"",""numbers"":[{""raw"":""537点"",""value"":537,""unit"":""点"",""kind"":""number""},{""raw"":""493票"",""value"":493,""unit"":""票"",""kind"":""number""},{""raw"":""44票"",""value"":44,""unit"":""票"",""kind"":""number""},{""raw"":""89件"",""value"":89,""unit"":""件"",""kind"":""number""}]}]",22241,63c4ef39f1b2808aeb669bb73aab014969d6dd3539e40299f4a15bfae898d995
15,detail,character,237,https://toho-vote.info/result15/character/237.php,投票結果：鍵山 雛 - 第15回 東方Project 人気投票,"[{""kind"":""title"",""text"":""投票結果：鍵山 雛 - 第15回 東方Project 人気投票"",""numbers"":[]},{""kind"":""item_heading"",""text"":""鍵山 雛（51位）"",""numbers"":[{""raw"":""51位"",""value"":51,""unit"":""位"",""kind"":""number""}]},{""kind"":""item_statistics"",""text"":""ポイント：1257点 ｜ 得票数：1050票 ｜ 一押し数：207票 ｜ コメント数：181件 リストへ戻る"",""numbers"":[{""raw"":""1257点"",""value"":1257,""unit"":""点"",""kind"":""number""},{""raw"":""1050票"",""value"":1050,""unit"":""票"",""kind"":""number""},{""raw"":""207票"",""value"":207,""unit"":""票"",""kind"":""number""},{""raw"":""181件"",""value"":181,""unit"":""件"",""kind"":""number""}]}]",30835,e5513dfe8f77b9e55bc868e605447af18711b1e0dd4e400d941c31d2a6274a8b
15,detail,character,238,https://toho-vote.info/result15/character/238.php,投票結果：河城 にとり - 第15回 東方Project 人気投票,"[{""kind"":""title"",""text"":""投票結果：河城 にとり - 第15回 東方Project 人気投票"",""numbers"":[]},{""kind"":""item_heading"",""text"":""河城 にとり（37位）"",""numbers"":[{""raw"":""37位"",""value"":37,""unit"":""位"",""kind"":""number""}]},{""kind"":""item_statistics"",""text"":""ポイント：1589点 ｜ 得票数：1375票 ｜ 一押し数：214票 ｜ コメント数：228件 リストへ戻る"",""numbers"":[{""raw"":""1589点"",""value"":1589,""unit"":""点"",""kind"":""number""},{""raw"":""1375票"",""value"":1375,""unit"":""票"",""kind"":""number""},{""raw"":""214票"",""value"":214,""unit"":""票"",""kind"":""number""},{""raw"":""228件"",""value"":228,""unit"":""件"",""kind"":""number""}]}]",35785,4f42598f654da8ead03a3b6e3df38ad145ddbd9d2d1d9d14baff317be86fd1c8
15,detail,character,239,https://toho-vote.info/result15/character/239.php,投票結果：犬走 椛 - 第15回 東方Project 人気投票,"[{""kind"":""title"",""text"":""投票結果：犬走 椛 - 第15回 東方Project 人気投票"",""numbers"":[]},{""kind"":""item_heading"",""text"":""犬走 椛（21位）"",""numbers"":[{""raw"":""21位"",""value"":21,""unit"":""位"",""kind"":""number""}]},{""kind"":""item_statistics"",""text"":""ポイント：2394点 ｜ 得票数：1988票 ｜ 一押し数：406票 ｜ コメント数：363件 リストへ戻る"",""numbers"":[{""raw"":""2394点"",""value"":2394,""unit"":""点"",""kind"":""number""},{""raw"":""1988票"",""value"":1988,""unit"":""票"",""kind"":""number""},{""raw"":""406票"",""value"":406,""unit"":""票"",""kind"":""number""},{""raw"":""363件"",""value"":363,""unit"":""件"",""kind"":""number""}]}]",43166,75db70ccf61493469b8aa92e9e187d86f4e857ad644fbc6c361ea67fcdd7e58e
15,detail,character,240,https://toho-vote.info/result15/character/240.php,投票結果：東風谷 早苗 - 第15回 東方Project 人気投票,"[{""kind"":""title"",""text"":""投票結果：東風谷 早苗 - 第15回 東方Project 人気投票"",""numbers"":[]},{""kind"":""item_heading"",""text"":""東風谷 早苗（13位）"",""numbers"":[{""raw"":""13位"",""value"":13,""unit"":""位"",""kind"":""number""}]},{""kind"":""item_statistics"",""text"":""ポイント：3289点 ｜ 得票数：2773票 ｜ 一押し数：516票 ｜ コメント数：452件 リストへ戻る"",""numbers"":[{""raw"":""3289点"",""value"":3289,""unit"":""点"",""kind"":""number""},{""raw"":""2773票"",""value"":2773,""unit"":""票"",""kind"":""number""},{""raw"":""516票"",""value"":516,""unit"":""票"",""kind"":""number""},{""raw"":""452件"",""value"":452,""unit"":""件"",""kind"":""number""}]}]",56062,c5c6e9ceac5891deec53d166b7048ee000cd7ac2c8c4c339dec14c00d41aab4d
15,detail,character,241,https://toho-vote.info/result15/character/241.php,投票結果：八坂 神奈子 - 第15回 東方Project 人気投票,"[{""kind"":""title"",""text"":""投票結果：八坂 神奈子 - 第15回 東方Project 人気投票"",""numbers"":[]},{""kind"":""item_heading"",""text"":""八坂 神奈子（76位）"",""numbers"":[{""raw"":""76位"",""value"":76,""unit"":""位"",""kind"":""number""}]},{""kind"":""item_statistics"",""text"":""ポイント：685点 ｜ 得票数：611票 ｜ 一押し数：74票 ｜ コメント数：115件 リストへ戻る"",""numbers"":[{""raw"":""685点"",""value"":685,""unit"":""点"",""kind"":""number""},{""raw"":""611票"",""value"":611,""unit"":""票"",""kind"":""number""},{""raw"":""74票"",""value"":74,""unit"":""票"",""kind"":""number""},{""raw"":""115件"",""value"":115,""unit"":""件"",""kind"":""number""}]}]",25824,7f63abb33308c058d073616d1b039886c95a6caf824339e6678942f2149cfb43
15,detail,character,242,https://toho-vote.info/result15/character/242.php,投票結果：洩矢 諏訪子 - 第15回 東方Project 人気投票,"[{""kind"":""title"",""text"":""投票結果：洩矢 諏訪子 - 第15回 東方Project 人気投票"",""numbers"":[]},{""kind"":""item_heading"",""text"":""洩矢 諏訪子（29位）"",""numbers"":[{""raw"":""29位"",""value"":29,""unit"":""位"",""kind"":""number""}]},{""kind"":""item_statistics"",""text"":""ポイント：1945点 ｜ 得票数：1687票 ｜ 一押し数：258票 ｜ コメント数：284件 リストへ戻る"",""numbers"":[{""raw"":""1945点"",""value"":1945,""unit"":""点"",""kind"":""number""},{""raw"":""1687票"",""value"":1687,""unit"":""票"",""kind"":""number""},{""raw"":""258票"",""value"":258,""unit"":""票"",""kind"":""number""},{""raw"":""284件"",""value"":284,""unit"":""件"",""kind"":""number""}]}]",37616,2902f28347ef7c95322cc91c9c950af35c6bda414079a13b0e1419940eceae9a
15,detail,character,243,https://toho-vote.info/result15/character/243.php,投票結果：永江 衣玖 - 第15回 東方Project 人気投票,"[{""kind"":""title"",""text"":""投票結果：永江 衣玖 - 第15回 東方Project 人気投票"",""numbers"":[]},{""kind"":""item_heading"",""text"":""永江 衣玖（55位）"",""numbers"":[{""raw"":""55位"",""value"":55,""unit"":""位"",""kind"":""number""}]},{""kind"":""item_statistics"",""text"":""ポイント：1068点 ｜ 得票数：938票 ｜ 一押し数：130票 ｜ コメント数：171件 リストへ戻る"",""numbers"":[{""raw"":""1068点"",""value"":1068,""unit"":""点"",""kind"":""number""},{""raw"":""938票"",""value"":938,""unit"":""票"",""kind"":""number""},{""raw"":""130票"",""value"":130,""unit"":""票"",""kind"":""number""},{""raw"":""171件"",""value"":171,""unit"":""件"",""kind"":""number""}]}]",30658,00fc16a4a87d13d89e4c42298905f71084003fb5bbdb10c66967d201942a381f
15,detail,character,244,https://toho-vote.info/result15/character/244.php,投票結果：比那名居 天子 - 第15回 東方Project 人気投票,"[{""kind"":""title"",""text"":""投票結果：比那名居 天子 - 第15回 東方Project 人気投票"",""numbers"":[]},{""kind"":""item_heading"",""text"":""比那名居 天子（14位）"",""numbers"":[{""raw"":""14位"",""value"":14,""unit"":""位"",""kind"":""number""}]},{""kind"":""item_statistics"",""text"":""ポイント：3266点 ｜ 得票数：2794票 ｜ 一押し数：472票 ｜ コメント数：447件 リストへ戻る"",""numbers"":[{""raw"":""3266点"",""value"":3266,""unit"":""点"",""kind"":""number""},{""raw"":""2794票"",""value"":2794,""unit"":""票"",""kind"":""number""},{""raw"":""472票"",""value"":472,""unit"":""票"",""kind"":""number""},{""raw"":""447件"",""value"":447,""unit"":""件"",""kind"":""number""}]}]",56698,37981ab481dc2d38b9e0854fea4cf2965a482520103d23350e794009bb486de7
15,detail,character,245,https://toho-vote.info/result15/character/245.php,投票結果：キスメ - 第15回 東方Project 人気投票,"[{""kind"":""title"",""text"":""投票結果：キスメ - 第15回 東方Project 人気投票"",""numbers"":[]},{""kind"":""item_heading"",""text"":""キスメ（115位）"",""numbers"":[{""raw"":""115位"",""value"":115,""unit"":""位"",""kind"":""number""}]},{""kind"":""item_statistics"",""text"":""ポイント：192点 ｜ 得票数：167票 ｜ 一押し数：25票 ｜ コメント数：42件 リストへ戻る"",""numbers"":[{""raw"":""192点"",""value"":192,""unit"":""点"",""kind"":""number""},{""raw"":""167票"",""value"":167,""unit"":""票"",""kind"":""number""},{""raw"":""25票"",""value"":25,""unit"":""票"",""kind"":""number""},{""raw"":""42件"",""value"":42,""unit"":""件"",""kind"":""number""}]}]",20222,b24632e7c86cdb23e2924de42b5e019a4634a7c801d0f07530ea496edf315e66
15,detail,character,246,https://toho-vote.info/result15/character/246.php,投票結果：黒谷 ヤマメ - 第15回 東方Project 人気投票,"[{""kind"":""title"",""text"":""投票結果：黒谷 ヤマメ - 第15回 東方Project 人気投票"",""numbers"":[]},{""kind"":""item_heading"",""text"":""黒谷 ヤマメ（87位）"",""numbers"":[{""raw"":""87位"",""value"":87,""unit"":""位"",""kind"":""number""}]},{""kind"":""item_statistics"",""text"":""ポイント：488点 ｜ 得票数：425票 ｜ 一押し数：63票 ｜ コメント数：87件 リストへ戻る"",""numbers"":[{""raw"":""488点"",""value"":488,""unit"":""点"",""kind"":""number""},{""raw"":""425票"",""value"":425,""unit"":""票"",""kind"":""number""},{""raw"":""63票"",""value"":63,""unit"":""票"",""kind"":""number""},{""raw"":""87件"",""value"":87,""unit"":""件"",""kind"":""number""}]}]",24549,0d103199e0916a1742da4e21a0a3a1d3fc96d4a35fe9d8fae1763c1667e385bd
15,detail,character,247,https://toho-vote.info/result15/character/247.php,投票結果：水橋 パルスィ - 第15回 東方Project 人気投票,"[{""kind"":""title"",""text"":""投票結果：水橋 パルスィ - 第15回 東方Project 人気投票"",""numbers"":[]},{""kind"":""item_heading"",""text"":""水橋 パルスィ（33位）"",""numbers"":[{""raw"":""33位"",""value"":33,""unit"":""位"",""kind"":""number""}]},{""kind"":""item_statistics"",""text"":""ポイント：1666点 ｜ 得票数：1405票 ｜ 一押し数：261票 ｜ コメント数：254件 リストへ戻る"",""numbers"":[{""raw"":""1666点"",""value"":1666,""unit"":""点"",""kind"":""number""},{""raw"":""1405票"",""value"":1405,""unit"":""票"",""kind"":""number""},{""raw"":""261票"",""value"":261,""unit"":""票"",""kind"":""number""},{""raw"":""254件"",""value"":254,""unit"":""件"",""kind"":""number""}]}]",36446,05b0aef892d097c2db26bfbb943f44a2d99466625063aab7a37655a5a0d5eb02
15,detail,character,248,https://toho-vote.info/result15/character/248.php,投票結果：星熊 勇儀 - 第15回 東方Project 人気投票,"[{""kind"":""title"",""text"":""投票結果：星熊 勇儀 - 第15回 東方Project 人気投票"",""numbers"":[]},{""kind"":""item_heading"",""text"":""星熊 勇儀（77位）"",""numbers"":[{""raw"":""77位"",""value"":77,""unit"":""位"",""kind"":""number""}]},{""kind"":""item_statistics"",""text"":""ポイント：675点 ｜ 得票数：618票 ｜ 一押し数：57票 ｜ コメント数：111件 リストへ戻る"",""numbers"":[{""raw"":""675点"",""value"":675,""unit"":""点"",""kind"":""number""},{""raw"":""618票"",""value"":618,""unit"":""票"",""kind"":""number""},{""raw"":""57票"",""value"":57,""unit"":""票"",""kind"":""number""},{""raw"":""111件"",""value"":111,""unit"":""件"",""kind"":""number""}]}]",24666,4344d5940a2ff6d11d41e2cca778529fd9c0fbdaab61a90f7abbb85cc1dfaf4c
15,detail,character,249,https://toho-vote.info/result15/character/249.php,投票結果：古明地 さとり - 第15回 東方Project 人気投票,"[{""kind"":""title"",""text"":""投票結果：古明地 さとり - 第15回 東方Project 人気投票"",""numbers"":[]},{""kind"":""item_heading"",""text"":""古明地 さとり（8位）"",""numbers"":[{""raw"":""8位"",""value"":8,""unit"":""位"",""kind"":""number""}]},{""kind"":""item_statistics"",""text"":""ポイント：4305点 ｜ 得票数：3701票 ｜ 一押し数：604票 ｜ コメント数：598件 リストへ戻る"",""numbers"":[{""raw"":""4305点"",""value"":4305,""unit"":""点"",""kind"":""number""},{""raw"":""3701票"",""value"":3701,""unit"":""票"",""kind"":""number""},{""raw"":""604票"",""value"":604,""unit"":""票"",""kind"":""number""},{""raw"":""598件"",""value"":598,""unit"":""件"",""kind"":""number""}]}]",66604,e1cf01620b1d201e72fe9d6244b1bd2c70331e4fdf0594877c6564f4ebf99e0c
15,detail,character,250,https://toho-vote.info/result15/character/250.php,投票結果：火焔猫 燐 - 第15回 東方Project 人気投票,"[{""kind"":""title"",""text"":""投票結果：火焔猫 燐 - 第15回 東方Project 人気投票"",""numbers"":[]},{""kind"":""item_heading"",""text"":""火焔猫 燐（50位）"",""numbers"":[{""raw"":""50位"",""value"":50,""unit"":""位"",""kind"":""number""}]},{""kind"":""item_statistics"",""text"":""ポイント：1260点 ｜ 得票数：1148票 ｜ 一押し数：112票 ｜ コメント数：193件 リストへ戻る"",""numbers"":[{""raw"":""1260点"",""value"":1260,""unit"":""点"",""kind"":""number""},{""raw"":""1148票"",""value"":1148,""unit"":""票"",""kind"":""number""},{""raw"":""112票"",""value"":112,""unit"":""票"",""kind"":""number""},{""raw"":""193件"",""value"":193,""unit"":""件"",""kind"":""number""}]}]",31008,7a0bb5ad7d811e21dbf015edd6fbcf23baf52cb031a94dd5f0e29ef241163a7e
15,detail,character,251,https://toho-vote.info/result15/character/251.php,投票結果：霊烏路 空 - 第15回 東方Project 人気投票,"[{""kind"":""title"",""text"":""投票結果：霊烏路 空 - 第15回 東方Project 人気投票"",""numbers"":[]},{""kind"":""item_heading"",""text"":""霊烏路 空（32位）"",""numbers"":[{""raw"":""32位"",""value"":32,""unit"":""位"",""kind"":""number""}]},{""kind"":""item_statistics"",""text"":""ポイント：1688点 ｜ 得票数：1462票 ｜ 一押し数：226票 ｜ コメント数：235件 リストへ戻る"",""numbers"":[{""raw"":""1688点"",""value"":1688,""unit"":""点"",""kind"":""number""},{""raw"":""1462票"",""value"":1462,""unit"":""票"",""kind"":""number""},{""raw"":""226票"",""value"":226,""unit"":""票"",""kind"":""number""},{""raw"":""235件"",""value"":235,""unit"":""件"",""kind"":""number""}]}]",33742,b0259d503d77dd39d3ef0713094abf6d0a3ba467d8e4c10457c0569e65dd4c89
15,detail,character,252,https://toho-vote.info/result15/character/252.php,投票結果：古明地 こいし - 第15回 東方Project 人気投票,"[{""kind"":""title"",""text"":""投票結果：古明地 こいし - 第15回 東方Project 人気投票"",""numbers"":[]},{""kind"":""item_heading"",""text"":""古明地 こいし（4位）"",""numbers"":[{""raw"":""4位"",""value"":4,""unit"":""位"",""kind"":""number""}]},{""kind"":""item_statistics"",""text"":""ポイント：5579点 ｜ 得票数：4619票 ｜ 一押し数：960票 ｜ コメント数：777件 リストへ戻る"",""numbers"":[{""raw"":""5579点"",""value"":5579,""unit"":""点"",""kind"":""number""},{""raw"":""4619票"",""value"":4619,""unit"":""票"",""kind"":""number""},{""raw"":""960票"",""value"":960,""unit"":""票"",""kind"":""number""},{""raw"":""777件"",""value"":777,""unit"":""件"",""kind"":""number""}]}]",75862,a1ff7ee6fb4ef8a740d4ec976ee76809688042103c6e703446db487932eeb05b
15,detail,character,253,https://toho-vote.info/result15/character/253.php,投票結果：ナズーリン - 第15回 東方Project 人気投票,"[{""kind"":""title"",""text"":""投票結果：ナズーリン - 第15回 東方Project 人気投票"",""numbers"":[]},{""kind"":""item_heading"",""text"":""ナズーリン（53位）"",""numbers"":[{""raw"":""53位"",""value"":53,""unit"":""位"",""kind"":""number""}]},{""kind"":""item_statistics"",""text"":""ポイント：1119点 ｜ 得票数：981票 ｜ 一押し数：138票 ｜ コメント数：165件 リストへ戻る"",""numbers"":[{""raw"":""1119点"",""value"":1119,""unit"":""点"",""kind"":""number""},{""raw"":""981票"",""value"":981,""unit"":""票"",""kind"":""number""},{""raw"":""138票"",""value"":138,""unit"":""票"",""kind"":""number""},{""raw"":""165件"",""value"":165,""unit"":""件"",""kind"":""number""}]}]",29138,6b9a994a9370f0c9088f1b46f2de59533e166cb50c21ed5b0733420d0e46e207
15,detail,character,254,https://toho-vote.info/result15/character/254.php,投票結果：多々良 小傘 - 第15回 東方Project 人気投票,"[{""kind"":""title"",""text"":""投票結果：多々良 小傘 - 第15回 東方Project 人気投票"",""numbers"":[]},{""kind"":""item_heading"",""text"":""多々良 小傘（19位）"",""numbers"":[{""raw"":""19位"",""value"":19,""unit"":""位"",""kind"":""number""}]},{""kind"":""item_statistics"",""text"":""ポイント：2530点 ｜ 得票数：2167票 ｜ 一押し数：363票 ｜ コメント数：411件 リストへ戻る"",""numbers"":[{""raw"":""2530点"",""value"":2530,""unit"":""点"",""kind"":""number""},{""raw"":""2167票"",""value"":2167,""unit"":""票"",""kind"":""number""},{""raw"":""363票"",""value"":363,""unit"":""票"",""kind"":""number""},{""raw"":""411件"",""value"":411,""unit"":""件"",""kind"":""number""}]}]",49560,d342f32e343ec0d6654a53f6899115757b0c503ccf5b644addc7c037c204a896
15,detail,character,255,https://toho-vote.info/result15/character/255.php,投票結果：雲居 一輪 - 第15回 東方Project 人気投票,"[{""kind"":""title"",""text"":""投票結果：雲居 一輪 - 第15回 東方Project 人気投票"",""numbers"":[]},{""kind"":""item_heading"",""text"":""雲居 一輪（100位）"",""numbers"":[{""raw"":""100位"",""value"":100,""unit"":""位"",""kind"":""number""}]},{""kind"":""item_statistics"",""text"":""ポイント：404点 ｜ 得票数：349票 ｜ 一押し数：55票 ｜ コメント数：65件 リストへ戻る"",""numbers"":[{""raw"":""404点"",""value"":404,""unit"":""点"",""kind"":""number""},{""raw"":""349票"",""value"":349,""unit"":""票"",""kind"":""number""},{""raw"":""55票"",""value"":55,""unit"":""票"",""kind"":""number""},{""raw"":""65件"",""value"":65,""unit"":""件"",""kind"":""number""}]}]",21629,148b19ebe48c21e27d1342a38f6120513af7c5af888a383dafd7a5a487988981
15,detail,character,256,https://toho-vote.info/result15/character/256.php,投票結果：雲山 - 第15回 東方Project 人気投票,"[{""kind"":""title"",""text"":""投票結果：雲山 - 第15回 東方Project 人気投票"",""numbers"":[]},{""kind"":""item_heading"",""text"":""雲山（132位）"",""numbers"":[{""raw"":""132位"",""value"":132,""unit"":""位"",""kind"":""number""}]},{""kind"":""item_statistics"",""text"":""ポイント：76点 ｜ 得票数：71票 ｜ 一押し数：5票 ｜ コメント数：20件 リストへ戻る"",""numbers"":[{""raw"":""76点"",""value"":76,""unit"":""点"",""kind"":""number""},{""raw"":""71票"",""value"":71,""unit"":""票"",""kind"":""number""},{""raw"":""5票"",""value"":5,""unit"":""票"",""kind"":""number""},{""raw"":""20件"",""value"":20,""unit"":""件"",""kind"":""number""}]}]",18357,110d1dad012ea826149045aead9773aac11ae1deec68a7c2955ba3a2fbbf018b
15,detail,character,257,https://toho-vote.info/result15/character/257.php,投票結果：村紗 水蜜 - 第15回 東方Project 人気投票,"[{""kind"":""title"",""text"":""投票結果：村紗 水蜜 - 第15回 東方Project 人気投票"",""numbers"":[]},{""kind"":""item_heading"",""text"":""村紗 水蜜（69位）"",""numbers"":[{""raw"":""69位"",""value"":69,""unit"":""位"",""kind"":""number""}]},{""kind"":""item_statistics"",""text"":""ポイント：762点 ｜ 得票数：677票 ｜ 一押し数：85票 ｜ コメント数：96件 リストへ戻る"",""numbers"":[{""raw"":""762点"",""value"":762,""unit"":""点"",""kind"":""number""},{""raw"":""677票"",""value"":677,""unit"":""票"",""kind"":""number""},{""raw"":""85票"",""value"":85,""unit"":""票"",""kind"":""number""},{""raw"":""96件"",""value"":96,""unit"":""件"",""kind"":""number""}]}]",25254,30a49b56564cfdb74e8982622046eb159ce32286d6bd03946bc013d8c18f4876
15,detail,character,258,https://toho-vote.info/result15/character/258.php,投票結果：寅丸 星 - 第15回 東方Project 人気投票,"[{""kind"":""title"",""text"":""投票結果：寅丸 星 - 第15回 東方Project 人気投票"",""numbers"":[]},{""kind"":""item_heading"",""text"":""寅丸 星（78位）"",""numbers"":[{""raw"":""78位"",""value"":78,""unit"":""位"",""kind"":""number""}]},{""kind"":""item_statistics"",""text"":""ポイント：627点 ｜ 得票数：545票 ｜ 一押し数：82票 ｜ コメント数：98件 リストへ戻る"",""numbers"":[{""raw"":""627点"",""value"":627,""unit"":""点"",""kind"":""number""},{""raw"":""545票"",""value"":545,""unit"":""票"",""kind"":""number""},{""raw"":""82票"",""value"":82,""unit"":""票"",""kind"":""number""},{""raw"":""98件"",""value"":98,""unit"":""件"",""kind"":""number""}]}]",24521,1a32909e67e31ecc2b92a26bcf6de6c2b83a070f4c01c84c7e2c3564653c76c0
15,detail,character,259,https://toho-vote.info/result15/character/259.php,投票結果：聖 白蓮 - 第15回 東方Project 人気投票,"[{""kind"":""title"",""text"":""投票結果：聖 白蓮 - 第15回 東方Project 人気投票"",""numbers"":[]},{""kind"":""item_heading"",""text"":""聖 白蓮（45位）"",""numbers"":[{""raw"":""45位"",""value"":45,""unit"":""位"",""kind"":""number""}]},{""kind"":""item_statistics"",""text"":""ポイント：1393点 ｜ 得票数：1265票 ｜ 一押し数：128票 ｜ コメント数：181件 リストへ戻る"",""numbers"":[{""raw"":""1393点"",""value"":1393,""unit"":""点"",""kind"":""number""},{""raw"":""1265票"",""value"":1265,""unit"":""票"",""kind"":""number""},{""raw"":""128票"",""value"":128,""unit"":""票"",""kind"":""number""},{""raw"":""181件"",""value"":181,""unit"":""件"",""kind"":""number""}]}]",31753,cf95a63d7fe08d9444e5c06dc8628cadc9b0622dfddec550f85a3db3779e6ff7
15,detail,character,260,https://toho-vote.info/result15/character/260.php,投票結果：封獣 ぬえ - 第15回 東方Project 人気投票,"[{""kind"":""title"",""text"":""投票結果：封獣 ぬえ - 第15回 東方Project 人気投票"",""numbers"":[]},{""kind"":""item_heading"",""text"":""封獣 ぬえ（42位）"",""numbers"":[{""raw"":""42位"",""value"":42,""unit"":""位"",""kind"":""number""}]},{""kind"":""item_statistics"",""text"":""ポイント：1462点 ｜ 得票数：1288票 ｜ 一押し数：174票 ｜ コメント数：197件 リストへ戻る"",""numbers"":[{""raw"":""1462点"",""value"":1462,""unit"":""点"",""kind"":""number""},{""raw"":""1288票"",""value"":1288,""unit"":""票"",""kind"":""number""},{""raw"":""174票"",""value"":174,""unit"":""票"",""kind"":""number""},{""raw"":""197件"",""value"":197,""unit"":""件"",""kind"":""number""}]}]",31386,5dd762aa6967dc434a677edd589871961a50afce850ce11fb2bca1d2b06cd457
15,detail,character,261,https://toho-vote.info/result15/character/261.php,投票結果：大ナマズ - 第15回 東方Project 人気投票,"[{""kind"":""title"",""text"":""投票結果：大ナマズ - 第15回 東方Project 人気投票"",""numbers"":[]},{""kind"":""item_heading"",""text"":""大ナマズ（140位）"",""numbers"":[{""raw"":""140位"",""value"":140,""unit"":""位"",""kind"":""number""}]},{""kind"":""item_statistics"",""text"":""ポイント：55点 ｜ 得票数：55票 ｜ 一押し数：0票 ｜ コメント数：10件 リストへ戻る"",""numbers"":[{""raw"":""55点"",""value"":55,""unit"":""点"",""kind"":""number""},{""raw"":""55票"",""value"":55,""unit"":""票"",""kind"":""number""},{""raw"":""0票"",""value"":0,""unit"":""票"",""kind"":""number""},{""raw"":""10件"",""value"":10,""unit"":""件"",""kind"":""number""}]}]",16476,fde3c17d6b0ef43573a27891c21b7b181164f0e4d7d830223ba4e6f485150312
15,detail,character,262,https://toho-vote.info/result15/character/262.php,投票結果：姫海棠 はたて - 第15回 東方Project 人気投票,"[{""kind"":""title"",""text"":""投票結果：姫海棠 はたて - 第15回 東方Project 人気投票"",""numbers"":[]},{""kind"":""item_heading"",""text"":""姫海棠 はたて（62位）"",""numbers"":[{""raw"":""62位"",""value"":62,""unit"":""位"",""kind"":""number""}]},{""kind"":""item_statistics"",""text"":""ポイント：926点 ｜ 得票数：859票 ｜ 一押し数：67票 ｜ コメント数：136件 リストへ戻る"",""numbers"":[{""raw"":""926点"",""value"":926,""unit"":""点"",""kind"":""number""},{""raw"":""859票"",""value"":859,""unit"":""票"",""kind"":""number""},{""raw"":""67票"",""value"":67,""unit"":""票"",""kind"":""number""},{""raw"":""136件"",""value"":136,""unit"":""件"",""kind"":""number""}]}]",28652,962c3140e6a7ab39e95a3915d430b2ff0c61bebfb309dac7929669d2879c0a85
15,detail,character,263,https://toho-vote.info/result15/character/263.php,投票結果：幽谷 響子 - 第15回 東方Project 人気投票,"[{""kind"":""title"",""text"":""投票結果：幽谷 響子 - 第15回 東方Project 人気投票"",""numbers"":[]},{""kind"":""item_heading"",""text"":""幽谷 響子（74位）"",""numbers"":[{""raw"":""74位"",""value"":74,""unit"":""位"",""kind"":""number""}]},{""kind"":""item_statistics"",""text"":""ポイント：719点 ｜ 得票数：667票 ｜ 一押し数：52票 ｜ コメント数：107件 リストへ戻る"",""numbers"":[{""raw"":""719点"",""value"":719,""unit"":""点"",""kind"":""number""},{""raw"":""667票"",""value"":667,""unit"":""票"",""kind"":""number""},{""raw"":""52票"",""value"":52,""unit"":""票"",""kind"":""number""},{""raw"":""107件"",""value"":107,""unit"":""件"",""kind"":""number""}]}]",24232,7c84cb168d542e582a1eb5b719ea546c47054c90c5829cbd3d9e00ab6e2cc1ad
15,detail,character,264,https://toho-vote.info/result15/character/264.php,投票結果：宮古 芳香 - 第15回 東方Project 人気投票,"[{""kind"":""title"",""text"":""投票結果：宮古 芳香 - 第15回 東方Project 人気投票"",""numbers"":[]},{""kind"":""item_heading"",""text"":""宮古 芳香（90位）"",""numbers"":[{""raw"":""90位"",""value"":90,""unit"":""位"",""kind"":""number""}]},{""kind"":""item_statistics"",""text"":""ポイント：479点 ｜ 得票数：436票 ｜ 一押し数：43票 ｜ コメント数：65件 リストへ戻る"",""numbers"":[{""raw"":""479点"",""value"":479,""unit"":""点"",""kind"":""number""},{""raw"":""436票"",""value"":436,""unit"":""票"",""kind"":""number""},{""raw"":""43票"",""value"":43,""unit"":""票"",""kind"":""number""},{""raw"":""65件"",""value"":65,""unit"":""件"",""kind"":""number""}]}]",22481,d721cde1a8ae0be38aa19c493b190c1c30a4077faf85e0129e0e6af88018dd08
15,detail,character,265,https://toho-vote.info/result15/character/265.php,投票結果：霍 青娥 - 第15回 東方Project 人気投票,"[{""kind"":""title"",""text"":""投票結果：霍 青娥 - 第15回 東方Project 人気投票"",""numbers"":[]},{""kind"":""item_heading"",""text"":""霍 青娥（61位）"",""numbers"":[{""raw"":""61位"",""value"":61,""unit"":""位"",""kind"":""number""}]},{""kind"":""item_statistics"",""text"":""ポイント：929点 ｜ 得票数：862票 ｜ 一押し数：67票 ｜ コメント数：129件 リストへ戻る"",""numbers"":[{""raw"":""929点"",""value"":929,""unit"":""点"",""kind"":""number""},{""raw"":""862票"",""value"":862,""unit"":""票"",""kind"":""number""},{""raw"":""67票"",""value"":67,""unit"":""票"",""kind"":""number""},{""raw"":""129件"",""value"":129,""unit"":""件"",""kind"":""number""}]}]",27450,82418b3898205bc18a9442bfc796ce6ac0de2cb0ccd8b2d785c60d5ea02279e6
15,detail,character,266,https://toho-vote.info/result15/character/266.php,投票結果：蘇我 屠自古 - 第15回 東方Project 人気投票,"[{""kind"":""title"",""text"":""投票結果：蘇我 屠自古 - 第15回 東方Project 人気投票"",""numbers"":[]},{""kind"":""item_heading"",""text"":""蘇我 屠自古（68位）"",""numbers"":[{""raw"":""68位"",""value"":68,""unit"":""位"",""kind"":""number""}]},{""kind"":""item_statistics"",""text"":""ポイント：781点 ｜ 得票数：695票 ｜ 一押し数：86票 ｜ コメント数：122件 リストへ戻る"",""numbers"":[{""raw"":""781点"",""value"":781,""unit"":""点"",""kind"":""number""},{""raw"":""695票"",""value"":695,""unit"":""票"",""kind"":""number""},{""raw"":""86票"",""value"":86,""unit"":""票"",""kind"":""number""},{""raw"":""122件"",""value"":122,""unit"":""件"",""kind"":""number""}]}]",27103,74b43cf30a64da735d177cd22705ba1240906bee25f666f9a09bfff188e8bad7
15,detail,character,267,https://toho-vote.info/result15/character/267.php,投票結果：物部 布都 - 第15回 東方Project 人気投票,"[{""kind"":""title"",""text"":""投票結果：物部 布都 - 第15回 東方Project 人気投票"",""numbers"":[]},{""kind"":""item_heading"",""text"":""物部 布都（41位）"",""numbers"":[{""raw"":""41位"",""value"":41,""unit"":""位"",""kind"":""number""}]},{""kind"":""item_statistics"",""text"":""ポイント：1523点 ｜ 得票数：1341票 ｜ 一押し数：182票 ｜ コメント数：225件 リストへ戻る"",""numbers"":[{""raw"":""1523点"",""value"":1523,""unit"":""点"",""kind"":""number""},{""raw"":""1341票"",""value"":1341,""unit"":""票"",""kind"":""number""},{""raw"":""182票"",""value"":182,""unit"":""票"",""kind"":""number""},{""raw"":""225件"",""value"":225,""unit"":""件"",""kind"":""number""}]}]",34248,9f1cdcaec1088a9ea935eae39eac629449bbdf689b665332613e8a271f8ef0c0
15,detail,character,268,https://toho-vote.info/result15/character/268.php,投票結果：豊聡耳 神子 - 第15回 東方Project 人気投票,"[{""kind"":""title"",""text"":""投票結果：豊聡耳 神子 - 第15回 東方Project 人気投票"",""numbers"":[]},{""kind"":""item_heading"",""text"":""豊聡耳 神子（40位）"",""numbers"":[{""raw"":""40位"",""value"":40,""unit"":""位"",""kind"":""number""}]},{""kind"":""item_statistics"",""text"":""ポイント：1532点 ｜ 得票数：1324票 ｜ 一押し数：208票 ｜ コメント数：188件 リストへ戻る"",""numbers"":[{""raw"":""1532点"",""value"":1532,""unit"":""点"",""kind"":""number""},{""raw"":""1324票"",""value"":1324,""unit"":""票"",""kind"":""number""},{""raw"":""208票"",""value"":208,""unit"":""票"",""kind"":""number""},{""raw"":""188件"",""value"":188,""unit"":""件"",""kind"":""number""}]}]",31849,9dbe935c005e2dea8700bfcbada741880a2f913dc4c1912405065bc2c2730a99
15,detail,character,269,https://toho-vote.info/result15/character/269.php,投票結果：二ッ岩 マミゾウ - 第15回 東方Project 人気投票,"[{""kind"":""title"",""text"":""投票結果：二ッ岩 マミゾウ - 第15回 東方Project 人気投票"",""numbers"":[]},{""kind"":""item_heading"",""text"":""二ッ岩 マミゾウ（75位）"",""numbers"":[{""raw"":""75位"",""value"":75,""unit"":""位"",""kind"":""number""}]},{""kind"":""item_statistics"",""text"":""ポイント：688点 ｜ 得票数：642票 ｜ 一押し数：46票 ｜ コメント数：99件 リストへ戻る"",""numbers"":[{""raw"":""688点"",""value"":688,""unit"":""点"",""kind"":""number""},{""raw"":""642票"",""value"":642,""unit"":""票"",""kind"":""number""},{""raw"":""46票"",""value"":46,""unit"":""票"",""kind"":""number""},{""raw"":""99件"",""value"":99,""unit"":""件"",""kind"":""number""}]}]",25516,92e2bea1998fbf7068d5b1e02aeee14c8f996b17e93d2669940fe443ecb4b562
15,detail,character,270,https://toho-vote.info/result15/character/270.php,投票結果：秦 こころ - 第15回 東方Project 人気投票,"[{""kind"":""title"",""text"":""投票結果：秦 こころ - 第15回 東方Project 人気投票"",""numbers"":[]},{""kind"":""item_heading"",""text"":""秦 こころ（17位）"",""numbers"":[{""raw"":""17位"",""value"":17,""unit"":""位"",""kind"":""number""}]},{""kind"":""item_statistics"",""text"":""ポイント：2725点 ｜ 得票数：2490票 ｜ 一押し数：235票 ｜ コメント数：336件 リストへ戻る"",""numbers"":[{""raw"":""2725点"",""value"":2725,""unit"":""点"",""kind"":""number""},{""raw"":""2490票"",""value"":2490,""unit"":""票"",""kind"":""number""},{""raw"":""235票"",""value"":235,""unit"":""票"",""kind"":""number""},{""raw"":""336件"",""value"":336,""unit"":""件"",""kind"":""number""}]}]",45309,e53e5f5e614eb83a99cbdfdcb80e682f896bf39de56d6ef3c5825709796e3857
15,detail,character,271,https://toho-vote.info/result15/character/271.php,投票結果：わかさぎ姫 - 第15回 東方Project 人気投票,"[{""kind"":""title"",""text"":""投票結果：わかさぎ姫 - 第15回 東方Project 人気投票"",""numbers"":[]},{""kind"":""item_heading"",""text"":""わかさぎ姫（86位）"",""numbers"":[{""raw"":""86位"",""value"":86,""unit"":""位"",""kind"":""number""}]},{""kind"":""item_statistics"",""text"":""ポイント：518点 ｜ 得票数：488票 ｜ 一押し数：30票 ｜ コメント数：88件 リストへ戻る"",""numbers"":[{""raw"":""518点"",""value"":518,""unit"":""点"",""kind"":""number""},{""raw"":""488票"",""value"":488,""unit"":""票"",""kind"":""number""},{""raw"":""30票"",""value"":30,""unit"":""票"",""kind"":""number""},{""raw"":""88件"",""value"":88,""unit"":""件"",""kind"":""number""}]}]",25429,e84b73e2795d7aef55e2bd8862c3902196491112b182bf4bb1a492bffafd82a7
15,detail,character,272,https://toho-vote.info/result15/character/272.php,投票結果：赤蛮奇 - 第15回 東方Project 人気投票,"[{""kind"":""title"",""text"":""投票結果：赤蛮奇 - 第15回 東方Project 人気投票"",""numbers"":[]},{""kind"":""item_heading"",""text"":""赤蛮奇（64位）"",""numbers"":[{""raw"":""64位"",""value"":64,""unit"":""位"",""kind"":""number""}]},{""kind"":""item_statistics"",""text"":""ポイント：870点 ｜ 得票数：779票 ｜ 一押し数：91票 ｜ コメント数：145件 リストへ戻る"",""numbers"":[{""raw"":""870点"",""value"":870,""unit"":""点"",""kind"":""number""},{""raw"":""779票"",""value"":779,""unit"":""票"",""kind"":""number""},{""raw"":""91票"",""value"":91,""unit"":""票"",""kind"":""number""},{""raw"":""145件"",""value"":145,""unit"":""件"",""kind"":""number""}]}]",27550,ab1ee5ee1b770e8fe8e8a61ea3f7667d9316a93720ee9f22e64741bab641dc85
15,detail,character,273,https://toho-vote.info/result15/character/273.php,投票結果：今泉 影狼 - 第15回 東方Project 人気投票,"[{""kind"":""title"",""text"":""投票結果：今泉 影狼 - 第15回 東方Project 人気投票"",""numbers"":[]},{""kind"":""item_heading"",""text"":""今泉 影狼（47位）"",""numbers"":[{""raw"":""47位"",""value"":47,""unit"":""位"",""kind"":""number""}]},{""kind"":""item_statistics"",""text"":""ポイント：1331点 ｜ 得票数：1207票 ｜ 一押し数：124票 ｜ コメント数：218件 リストへ戻る"",""numbers"":[{""raw"":""1331点"",""value"":1331,""unit"":""点"",""kind"":""number""},{""raw"":""1207票"",""value"":1207,""unit"":""票"",""kind"":""number""},{""raw"":""124票"",""value"":124,""unit"":""票"",""kind"":""number""},{""raw"":""218件"",""value"":218,""unit"":""件"",""kind"":""number""}]}]",35363,299e55a6731be60b1ca2c86e795b4925c79f3303dee3795a9e92e2739d974097
15,detail,character,274,https://toho-vote.info/result15/character/274.php,投票結果：九十九 弁々 - 第15回 東方Project 人気投票,"[{""kind"":""title"",""text"":""投票結果：九十九 弁々 - 第15回 東方Project 人気投票"",""numbers"":[]},{""kind"":""item_heading"",""text"":""九十九 弁々（101位）"",""numbers"":[{""raw"":""101位"",""value"":101,""unit"":""位"",""kind"":""number""}]},{""kind"":""item_statistics"",""text"":""ポイント：390点 ｜ 得票数：363票 ｜ 一押し数：27票 ｜ コメント数：74件 リストへ戻る"",""numbers"":[{""raw"":""390点"",""value"":390,""unit"":""点"",""kind"":""number""},{""raw"":""363票"",""value"":363,""unit"":""票"",""kind"":""number""},{""raw"":""27票"",""value"":27,""unit"":""票"",""kind"":""number""},{""raw"":""74件"",""value"":74,""unit"":""件"",""kind"":""number""}]}]",23488,31650eb169394ba1c92fc64b661c9d2f6aee0b7dca25784ffce9c742aa30b377
15,detail,character,275,https://toho-vote.info/result15/character/275.php,投票結果：九十九 八橋 - 第15回 東方Project 人気投票,"[{""kind"":""title"",""text"":""投票結果：九十九 八橋 - 第15回 東方Project 人気投票"",""numbers"":[]},{""kind"":""item_heading"",""text"":""九十九 八橋（107位）"",""numbers"":[{""raw"":""107位"",""value"":107,""unit"":""位"",""kind"":""number""}]},{""kind"":""item_statistics"",""text"":""ポイント：289点 ｜ 得票数：251票 ｜ 一押し数：38票 ｜ コメント数：62件 リストへ戻る"",""numbers"":[{""raw"":""289点"",""value"":289,""unit"":""点"",""kind"":""number""},{""raw"":""251票"",""value"":251,""unit"":""票"",""kind"":""number""},{""raw"":""38票"",""value"":38,""unit"":""票"",""kind"":""number""},{""raw"":""62件"",""value"":62,""unit"":""件"",""kind"":""number""}]}]",22953,e6593079a202ea6cbf987234ccc66b68365fcbf8149fe19be3909f14cf9d0e4d
15,detail,character,276,https://toho-vote.info/result15/character/276.php,投票結果：鬼人 正邪 - 第15回 東方Project 人気投票,"[{""kind"":""title"",""text"":""投票結果：鬼人 正邪 - 第15回 東方Project 人気投票"",""numbers"":[]},{""kind"":""item_heading"",""text"":""鬼人 正邪（31位）"",""numbers"":[{""raw"":""31位"",""value"":31,""unit"":""位"",""kind"":""number""}]},{""kind"":""item_statistics"",""text"":""ポイント：1821点 ｜ 得票数：1525票 ｜ 一押し数：296票 ｜ コメント数：301件 リストへ戻る"",""numbers"":[{""raw"":""1821点"",""value"":1821,""unit"":""点"",""kind"":""number""},{""raw"":""1525票"",""value"":1525,""unit"":""票"",""kind"":""number""},{""raw"":""296票"",""value"":296,""unit"":""票"",""kind"":""number""},{""raw"":""301件"",""value"":301,""unit"":""件"",""kind"":""number""}]}]",41301,06411436c77bc07c99680163719e03b411981eac9a265b175fba20a9bd55b95c
15,detail,character,277,https://toho-vote.info/result15/character/277.php,投票結果：少名 針妙丸 - 第15回 東方Project 人気投票,"[{""kind"":""title"",""text"":""投票結果：少名 針妙丸 - 第15回 東方Project 人気投票"",""numbers"":[]},{""kind"":""item_heading"",""text"":""少名 針妙丸（66位）"",""numbers"":[{""raw"":""66位"",""value"":66,""unit"":""位"",""kind"":""number""}]},{""kind"":""item_statistics"",""text"":""ポイント：859点 ｜ 得票数：791票 ｜ 一押し数：68票 ｜ コメント数：148件 リストへ戻る"",""numbers"":[{""raw"":""859点"",""value"":859,""unit"":""点"",""kind"":""number""},{""raw"":""791票"",""value"":791,""unit"":""票"",""kind"":""number""},{""raw"":""68票"",""value"":68,""unit"":""票"",""kind"":""number""},{""raw"":""148件"",""value"":148,""unit"":""件"",""kind"":""number""}]}]",30360,37ce2d258c24cebab28aa73e5f8631e99ceedddfa3b5381fc7751b490d1467f4
15,detail,character,278,https://toho-vote.info/result15/character/278.php,投票結果：堀川 雷鼓 - 第15回 東方Project 人気投票,"[{""kind"":""title"",""text"":""投票結果：堀川 雷鼓 - 第15回 東方Project 人気投票"",""numbers"":[]},{""kind"":""item_heading"",""text"":""堀川 雷鼓（71位）"",""numbers"":[{""raw"":""71位"",""value"":71,""unit"":""位"",""kind"":""number""}]},{""kind"":""item_statistics"",""text"":""ポイント：759点 ｜ 得票数：691票 ｜ 一押し数：68票 ｜ コメント数：118件 リストへ戻る"",""numbers"":[{""raw"":""759点"",""value"":759,""unit"":""点"",""kind"":""number""},{""raw"":""691票"",""value"":691,""unit"":""票"",""kind"":""number""},{""raw"":""68票"",""value"":68,""unit"":""票"",""kind"":""number""},{""raw"":""118件"",""value"":118,""unit"":""件"",""kind"":""number""}]}]",26463,25747f3c6e93f06eaf595eb7ce4863f5869ddbd25c0468722d0b27ad162baf93
15,detail,character,279,https://toho-vote.info/result15/character/279.php,投票結果：宇佐見 菫子 - 第15回 東方Project 人気投票,"[{""kind"":""title"",""text"":""投票結果：宇佐見 菫子 - 第15回 東方Project 人気投票"",""numbers"":[]},{""kind"":""item_heading"",""text"":""宇佐見 菫子（52位）"",""numbers"":[{""raw"":""52位"",""value"":52,""unit"":""位"",""kind"":""number""}]},{""kind"":""item_statistics"",""text"":""ポイント：1175点 ｜ 得票数：1093票 ｜ 一押し数：82票 ｜ コメント数：197件 リストへ戻る"",""numbers"":[{""raw"":""1175点"",""value"":1175,""unit"":""点"",""kind"":""number""},{""raw"":""1093票"",""value"":1093,""unit"":""票"",""kind"":""number""},{""raw"":""82票"",""value"":82,""unit"":""票"",""kind"":""number""},{""raw"":""197件"",""value"":197,""unit"":""件"",""kind"":""number""}]}]",36322,35957661b980d6bd050e6ca4a0572873d40a15f29eff932335ab12b54d24da89
15,detail,character,280,https://toho-vote.info/result15/character/280.php,投票結果：清蘭 - 第15回 東方Project 人気投票,"[{""kind"":""title"",""text"":""投票結果：清蘭 - 第15回 東方Project 人気投票"",""numbers"":[]},{""kind"":""item_heading"",""text"":""清蘭（98位）"",""numbers"":[{""raw"":""98位"",""value"":98,""unit"":""位"",""kind"":""number""}]},{""kind"":""item_statistics"",""text"":""ポイント：439点 ｜ 得票数：412票 ｜ 一押し数：27票 ｜ コメント数：85件 リストへ戻る"",""numbers"":[{""raw"":""439点"",""value"":439,""unit"":""点"",""kind"":""number""},{""raw"":""412票"",""value"":412,""unit"":""票"",""kind"":""number""},{""raw"":""27票"",""value"":27,""unit"":""票"",""kind"":""number""},{""raw"":""85件"",""value"":85,""unit"":""件"",""kind"":""number""}]}]",22971,fbf01959c71af8096c0bb440402a650606d52f3aabe6c693244d30f588b33b1c
15,detail,character,281,https://toho-vote.info/result15/character/281.php,投票結果：鈴瑚 - 第15回 東方Project 人気投票,"[{""kind"":""title"",""text"":""投票結果：鈴瑚 - 第15回 東方Project 人気投票"",""numbers"":[]},{""kind"":""item_heading"",""text"":""鈴瑚（105位）"",""numbers"":[{""raw"":""105位"",""value"":105,""unit"":""位"",""kind"":""number""}]},{""kind"":""item_statistics"",""text"":""ポイント：313点 ｜ 得票数：295票 ｜ 一押し数：18票 ｜ コメント数：56件 リストへ戻る"",""numbers"":[{""raw"":""313点"",""value"":313,""unit"":""点"",""kind"":""number""},{""raw"":""295票"",""value"":295,""unit"":""票"",""kind"":""number""},{""raw"":""18票"",""value"":18,""unit"":""票"",""kind"":""number""},{""raw"":""56件"",""value"":56,""unit"":""件"",""kind"":""number""}]}]",21393,6bc6a5cb8ee42eba8aedc7addf1fbab004f8c0ebeff3ef15d0759049d835eedd
15,detail,character,282,https://toho-vote.info/result15/character/282.php,投票結果：ドレミー・スイート - 第15回 東方Project 人気投票,"[{""kind"":""title"",""text"":""投票結果：ドレミー・スイート - 第15回 東方Project 人気投票"",""numbers"":[]},{""kind"":""item_heading"",""text"":""ドレミー・スイート（38位）"",""numbers"":[{""raw"":""38位"",""value"":38,""unit"":""位"",""kind"":""number""}]},{""kind"":""item_statistics"",""text"":""ポイント：1564点 ｜ 得票数：1426票 ｜ 一押し数：138票 ｜ コメント数：261件 リストへ戻る"",""numbers"":[{""raw"":""1564点"",""value"":1564,""unit"":""点"",""kind"":""number""},{""raw"":""1426票"",""value"":1426,""unit"":""票"",""kind"":""number""},{""raw"":""138票"",""value"":138,""unit"":""票"",""kind"":""number""},{""raw"":""261件"",""value"":261,""unit"":""件"",""kind"":""number""}]}]",38639,044eb9ed7167a55cedde550ca354329dd1830942bc22bf176cb3edd1861a2a60
15,detail,character,283,https://toho-vote.info/result15/character/283.php,投票結果：稀神 サグメ - 第15回 東方Project 人気投票,"[{""kind"":""title"",""text"":""投票結果：稀神 サグメ - 第15回 東方Project 人気投票"",""numbers"":[]},{""kind"":""item_heading"",""text"":""稀神 サグメ（30位）"",""numbers"":[{""raw"":""30位"",""value"":30,""unit"":""位"",""kind"":""number""}]},{""kind"":""item_statistics"",""text"":""ポイント：1856点 ｜ 得票数：1697票 ｜ 一押し数：159票 ｜ コメント数：268件 リストへ戻る"",""numbers"":[{""raw"":""1856点"",""value"":1856,""unit"":""点"",""kind"":""number""},{""raw"":""1697票"",""value"":1697,""unit"":""票"",""kind"":""number""},{""raw"":""159票"",""value"":159,""unit"":""票"",""kind"":""number""},{""raw"":""268件"",""value"":268,""unit"":""件"",""kind"":""number""}]}]",39893,94ee2c5a9faa16d3830c4ebff16189cb010693edaa2e8981423c626267864239
15,detail,character,284,https://toho-vote.info/result15/character/284.php,投票結果：クラウンピース - 第15回 東方Project 人気投票,"[{""kind"":""title"",""text"":""投票結果：クラウンピース - 第15回 東方Project 人気投票"",""numbers"":[]},{""kind"":""item_heading"",""text"":""クラウンピース（44位）"",""numbers"":[{""raw"":""44位"",""value"":44,""unit"":""位"",""kind"":""number""}]},{""kind"":""item_statistics"",""text"":""ポイント：1427点 ｜ 得票数：1349票 ｜ 一押し数：78票 ｜ コメント数：203件 リストへ戻る"",""numbers"":[{""raw"":""1427点"",""value"":1427,""unit"":""点"",""kind"":""number""},{""raw"":""1349票"",""value"":1349,""unit"":""票"",""kind"":""number""},{""raw"":""78票"",""value"":78,""unit"":""票"",""kind"":""number""},{""raw"":""203件"",""value"":203,""unit"":""件"",""kind"":""number""}]}]",32345,f9d7fdfa1cfec50a1263e5ec3d73a0e346456eb5d56f5d1446aa2f98f20b9e5b
15,detail,character,285,https://toho-vote.info/result15/character/285.php,投票結果：純狐 - 第15回 東方Project 人気投票,"[{""kind"":""title"",""text"":""投票結果：純狐 - 第15回 東方Project 人気投票"",""numbers"":[]},{""kind"":""item_heading"",""text"":""純狐（28位）"",""numbers"":[{""raw"":""28位"",""value"":28,""unit"":""位"",""kind"":""number""}]},{""kind"":""item_statistics"",""text"":""ポイント：2100点 ｜ 得票数：1860票 ｜ 一押し数：240票 ｜ コメント数：318件 リストへ戻る"",""numbers"":[{""raw"":""2100点"",""value"":2100,""unit"":""点"",""kind"":""number""},{""raw"":""1860票"",""value"":1860,""unit"":""票"",""kind"":""number""},{""raw"":""240票"",""value"":240,""unit"":""票"",""kind"":""number""},{""raw"":""318件"",""value"":318,""unit"":""件"",""kind"":""number""}]}]",46298,d20503a5f34e14d2ded3a9595036a6fd1cd1ff655552e872bd7334aebe2f458a
15,detail,character,286,https://toho-vote.info/result15/character/286.php,投票結果：ヘカーティア・ラピスラズリ - 第15回 東方Project 人気投票,"[{""kind"":""title"",""text"":""投票結果：ヘカーティア・ラピスラズリ - 第15回 東方Project 人気投票"",""numbers"":[]},{""kind"":""item_heading"",""text"":""ヘカーティア・ラピスラズリ（34位）"",""numbers"":[{""raw"":""34位"",""value"":34,""unit"":""位"",""kind"":""number""}]},{""kind"":""item_statistics"",""text"":""ポイント：1615点 ｜ 得票数：1475票 ｜ 一押し数：140票 ｜ コメント数：299件 リストへ戻る"",""numbers"":[{""raw"":""1615点"",""value"":1615,""unit"":""点"",""kind"":""number""},{""raw"":""1475票"",""value"":1475,""unit"":""票"",""kind"":""number""},{""raw"":""140票"",""value"":140,""unit"":""票"",""kind"":""number""},{""raw"":""299件"",""value"":299,""unit"":""件"",""kind"":""number""}]}]",42451,94017079eaccf3855b92abdcbf8888d00b96adf8f41053292cf2c94e98c4c356
15,detail,character,287,https://toho-vote.info/result15/character/287.php,投票結果：エタニティラルバ - 第15回 東方Project 人気投票,"[{""kind"":""title"",""text"":""投票結果：エタニティラルバ - 第15回 東方Project 人気投票"",""numbers"":[]},{""kind"":""item_heading"",""text"":""エタニティラルバ（93位）"",""numbers"":[{""raw"":""93位"",""value"":93,""unit"":""位"",""kind"":""number""}]},{""kind"":""item_statistics"",""text"":""ポイント：467点 ｜ 得票数：444票 ｜ 一押し数：23票 ｜ コメント数：99件 リストへ戻る"",""numbers"":[{""raw"":""467点"",""value"":467,""unit"":""点"",""kind"":""number""},{""raw"":""444票"",""value"":444,""unit"":""票"",""kind"":""number""},{""raw"":""23票"",""value"":23,""unit"":""票"",""kind"":""number""},{""raw"":""99件"",""value"":99,""unit"":""件"",""kind"":""number""}]}]",27483,6e34e4d77c35eca8b3279c76d2ce6d8c0277691d7b0357d4d4c736ce7db0841a
15,detail,character,288,https://toho-vote.info/result15/character/288.php,投票結果：坂田ネムノ - 第15回 東方Project 人気投票,"[{""kind"":""title"",""text"":""投票結果：坂田ネムノ - 第15回 東方Project 人気投票"",""numbers"":[]},{""kind"":""item_heading"",""text"":""坂田ネムノ（111位）"",""numbers"":[{""raw"":""111位"",""value"":111,""unit"":""位"",""kind"":""number""}]},{""kind"":""item_statistics"",""text"":""ポイント：217点 ｜ 得票数：206票 ｜ 一押し数：11票 ｜ コメント数：47件 リストへ戻る"",""numbers"":[{""raw"":""217点"",""value"":217,""unit"":""点"",""kind"":""number""},{""raw"":""206票"",""value"":206,""unit"":""票"",""kind"":""number""},{""raw"":""11票"",""value"":11,""unit"":""票"",""kind"":""number""},{""raw"":""47件"",""value"":47,""unit"":""件"",""kind"":""number""}]}]",20539,47381ea0cd0fcadffb6cc2c15717d12fa5181ac834c9f93198e20e8aa250cf94
15,detail,character,289,https://toho-vote.info/result15/character/289.php,投票結果：高麗野あうん - 第15回 東方Project 人気投票,"[{""kind"":""title"",""text"":""投票結果：高麗野あうん - 第15回 東方Project 人気投票"",""numbers"":[]},{""kind"":""item_heading"",""text"":""高麗野あうん（60位）"",""numbers"":[{""raw"":""60位"",""value"":60,""unit"":""位"",""kind"":""number""}]},{""kind"":""item_statistics"",""text"":""ポイント：945点 ｜ 得票数：901票 ｜ 一押し数：44票 ｜ コメント数：167件 リストへ戻る"",""numbers"":[{""raw"":""945点"",""value"":945,""unit"":""点"",""kind"":""number""},{""raw"":""901票"",""value"":901,""unit"":""票"",""kind"":""number""},{""raw"":""44票"",""value"":44,""unit"":""票"",""kind"":""number""},{""raw"":""167件"",""value"":167,""unit"":""件"",""kind"":""number""}]}]",29254,ab045d162ffa9318a9b1e6621a342668ee98e38327fea8655886053f436541cb
15,detail,character,290,https://toho-vote.info/result15/character/290.php,投票結果：矢田寺成美 - 第15回 東方Project 人気投票,"[{""kind"":""title"",""text"":""投票結果：矢田寺成美 - 第15回 東方Project 人気投票"",""numbers"":[]},{""kind"":""item_heading"",""text"":""矢田寺成美（96位）"",""numbers"":[{""raw"":""96位"",""value"":96,""unit"":""位"",""kind"":""number""}]},{""kind"":""item_statistics"",""text"":""ポイント：445点 ｜ 得票数：429票 ｜ 一押し数：16票 ｜ コメント数：79件 リストへ戻る"",""numbers"":[{""raw"":""445点"",""value"":445,""unit"":""点"",""kind"":""number""},{""raw"":""429票"",""value"":429,""unit"":""票"",""kind"":""number""},{""raw"":""16票"",""value"":16,""unit"":""票"",""kind"":""number""},{""raw"":""79件"",""value"":79,""unit"":""件"",""kind"":""number""}]}]",22753,542c7d47eaf46bb3815f628df9d85457d52d90d2edd3dffc63659167dd876a00
15,detail,character,291,https://toho-vote.info/result15/character/291.php,投票結果：爾子田里乃 - 第15回 東方Project 人気投票,"[{""kind"":""title"",""text"":""投票結果：爾子田里乃 - 第15回 東方Project 人気投票"",""numbers"":[]},{""kind"":""item_heading"",""text"":""爾子田里乃（95位）"",""numbers"":[{""raw"":""95位"",""value"":95,""unit"":""位"",""kind"":""number""}]},{""kind"":""item_statistics"",""text"":""ポイント：453点 ｜ 得票数：433票 ｜ 一押し数：20票 ｜ コメント数：74件 リストへ戻る"",""numbers"":[{""raw"":""453点"",""value"":453,""unit"":""点"",""kind"":""number""},{""raw"":""433票"",""value"":433,""unit"":""票"",""kind"":""number""},{""raw"":""20票"",""value"":20,""unit"":""票"",""kind"":""number""},{""raw"":""74件"",""value"":74,""unit"":""件"",""kind"":""number""}]}]",22720,bc74baeb397c65045c2f276a29cee7e2912cab2b0cd5e2cdc62a065df5694681
15,detail,character,292,https://toho-vote.info/result15/character/292.php,投票結果：丁礼田舞 - 第15回 東方Project 人気投票,"[{""kind"":""title"",""text"":""投票結果：丁礼田舞 - 第15回 東方Project 人気投票"",""numbers"":[]},{""kind"":""item_heading"",""text"":""丁礼田舞（89位）"",""numbers"":[{""raw"":""89位"",""value"":89,""unit"":""位"",""kind"":""number""}]},{""kind"":""item_statistics"",""text"":""ポイント：487点 ｜ 得票数：470票 ｜ 一押し数：17票 ｜ コメント数：93件 リストへ戻る"",""numbers"":[{""raw"":""487点"",""value"":487,""unit"":""点"",""kind"":""number""},{""raw"":""470票"",""value"":470,""unit"":""票"",""kind"":""number""},{""raw"":""17票"",""value"":17,""unit"":""票"",""kind"":""number""},{""raw"":""93件"",""value"":93,""unit"":""件"",""kind"":""number""}]}]",23911,b42c6a6c4495ab51e455a80c43c8737ad116f6cd14cda864e73292e06d62770e
15,detail,character,293,https://toho-vote.info/result15/character/293.php,投票結果：摩多羅隠岐奈 - 第15回 東方Project 人気投票,"[{""kind"":""title"",""text"":""投票結果：摩多羅隠岐奈 - 第15回 東方Project 人気投票"",""numbers"":[]},{""kind"":""item_heading"",""text"":""摩多羅隠岐奈（48位）"",""numbers"":[{""raw"":""48位"",""value"":48,""unit"":""位"",""kind"":""number""}]},{""kind"":""item_statistics"",""text"":""ポイント：1319点 ｜ 得票数：1222票 ｜ 一押し数：97票 ｜ コメント数：224件 リストへ戻る"",""numbers"":[{""raw"":""1319点"",""value"":1319,""unit"":""点"",""kind"":""number""},{""raw"":""1222票"",""value"":1222,""unit"":""票"",""kind"":""number""},{""raw"":""97票"",""value"":97,""unit"":""票"",""kind"":""number""},{""raw"":""224件"",""value"":224,""unit"":""件"",""kind"":""number""}]}]",38077,a4e221b6c09aae724c759915774e8bf751cf4197668ec5c299aa05d1e52d1872
15,detail,character,294,https://toho-vote.info/result15/character/294.php,投票結果：依神女苑 - 第15回 東方Project 人気投票,"[{""kind"":""title"",""text"":""投票結果：依神女苑 - 第15回 東方Project 人気投票"",""numbers"":[]},{""kind"":""item_heading"",""text"":""依神女苑（36位）"",""numbers"":[{""raw"":""36位"",""value"":36,""unit"":""位"",""kind"":""number""}]},{""kind"":""item_statistics"",""text"":""ポイント：1590点 ｜ 得票数：1472票 ｜ 一押し数：118票 ｜ コメント数：310件 リストへ戻る"",""numbers"":[{""raw"":""1590点"",""value"":1590,""unit"":""点"",""kind"":""number""},{""raw"":""1472票"",""value"":1472,""unit"":""票"",""kind"":""number""},{""raw"":""118票"",""value"":118,""unit"":""票"",""kind"":""number""},{""raw"":""310件"",""value"":310,""unit"":""件"",""kind"":""number""}]}]",50130,889c12cfc9dc181917bb2a0b83eacf2a5dce7c0a9f1b71a943609967f54edfda
15,detail,character,295,https://toho-vote.info/result15/character/295.php,投票結果：依神紫苑 - 第15回 東方Project 人気投票,"[{""kind"":""title"",""text"":""投票結果：依神紫苑 - 第15回 東方Project 人気投票"",""numbers"":[]},{""kind"":""item_heading"",""text"":""依神紫苑（18位）"",""numbers"":[{""raw"":""18位"",""value"":18,""unit"":""位"",""kind"":""number""}]},{""kind"":""item_statistics"",""text"":""ポイント：2586点 ｜ 得票数：2445票 ｜ 一押し数：141票 ｜ コメント数：372件 リストへ戻る"",""numbers"":[{""raw"":""2586点"",""value"":2586,""unit"":""点"",""kind"":""number""},{""raw"":""2445票"",""value"":2445,""unit"":""票"",""kind"":""number""},{""raw"":""141票"",""value"":141,""unit"":""票"",""kind"":""number""},{""raw"":""372件"",""value"":372,""unit"":""件"",""kind"":""number""}]}]",45992,7fbae70559540ffb606b5058badec9412a09c989f23b99c34bb2ee0aa9cf656d
15,detail,character,501,https://toho-vote.info/result15/character/501.php,投票結果：シンギョク - 第15回 東方Project 人気投票,"[{""kind"":""title"",""text"":""投票結果：シンギョク - 第15回 東方Project 人気投票"",""numbers"":[]},{""kind"":""item_heading"",""text"":""シンギョク（143位）"",""numbers"":[{""raw"":""143位"",""value"":143,""unit"":""位"",""kind"":""number""}]},{""kind"":""item_statistics"",""text"":""ポイント：46点 ｜ 得票数：42票 ｜ 一押し数：4票 ｜ コメント数：10件 リストへ戻る"",""numbers"":[{""raw"":""46点"",""value"":46,""unit"":""点"",""kind"":""number""},{""raw"":""42票"",""value"":42,""unit"":""票"",""kind"":""number""},{""raw"":""4票"",""value"":4,""unit"":""票"",""kind"":""number""},{""raw"":""10件"",""value"":10,""unit"":""件"",""kind"":""number""}]}]",17055,df44468b1592e37964f42e9b23694cb6ad7a7e4d21770462bd94945327ffc3e5
15,detail,character,502,https://toho-vote.info/result15/character/502.php,投票結果：ユウゲンマガン - 第15回 東方Project 人気投票,"[{""kind"":""title"",""text"":""投票結果：ユウゲンマガン - 第15回 東方Project 人気投票"",""numbers"":[]},{""kind"":""item_heading"",""text"":""ユウゲンマガン（137位）"",""numbers"":[{""raw"":""137位"",""value"":137,""unit"":""位"",""kind"":""number""}]},{""kind"":""item_statistics"",""text"":""ポイント：64点 ｜ 得票数：57票 ｜ 一押し数：7票 ｜ コメント数：11件 リストへ戻る"",""numbers"":[{""raw"":""64点"",""value"":64,""unit"":""点"",""kind"":""number""},{""raw"":""57票"",""value"":57,""unit"":""票"",""kind"":""number""},{""raw"":""7票"",""value"":7,""unit"":""票"",""kind"":""number""},{""raw"":""11件"",""value"":11,""unit"":""件"",""kind"":""number""}]}]",17317,a0ecc344869b72ccb679320d0214da4432b6ae4c62ae6df401fa8ede89179b2a
15,detail,character,503,https://toho-vote.info/result15/character/503.php,投票結果：エリス - 第15回 東方Project 人気投票,"[{""kind"":""title"",""text"":""投票結果：エリス - 第15回 東方Project 人気投票"",""numbers"":[]},{""kind"":""item_heading"",""text"":""エリス（124位）"",""numbers"":[{""raw"":""124位"",""value"":124,""unit"":""位"",""kind"":""number""}]},{""kind"":""item_statistics"",""text"":""ポイント：117点 ｜ 得票数：107票 ｜ 一押し数：10票 ｜ コメント数：17件 リストへ戻る"",""numbers"":[{""raw"":""117点"",""value"":117,""unit"":""点"",""kind"":""number""},{""raw"":""107票"",""value"":107,""unit"":""票"",""kind"":""number""},{""raw"":""10票"",""value"":10,""unit"":""票"",""kind"":""number""},{""raw"":""17件"",""value"":17,""unit"":""件"",""kind"":""number""}]}]",17547,6fe2214649ccf646caca417b8b874b887f20fc42ccb26dfc5dcf82915f640c28
15,detail,character,504,https://toho-vote.info/result15/character/504.php,投票結果：サリエル - 第15回 東方Project 人気投票,"[{""kind"":""title"",""text"":""投票結果：サリエル - 第15回 東方Project 人気投票"",""numbers"":[]},{""kind"":""item_heading"",""text"":""サリエル（116位）"",""numbers"":[{""raw"":""116位"",""value"":116,""unit"":""位"",""kind"":""number""}]},{""kind"":""item_statistics"",""text"":""ポイント：190点 ｜ 得票数：167票 ｜ 一押し数：23票 ｜ コメント数：36件 リストへ戻る"",""numbers"":[{""raw"":""190点"",""value"":190,""unit"":""点"",""kind"":""number""},{""raw"":""167票"",""value"":167,""unit"":""票"",""kind"":""number""},{""raw"":""23票"",""value"":23,""unit"":""票"",""kind"":""number""},{""raw"":""36件"",""value"":36,""unit"":""件"",""kind"":""number""}]}]",18821,2e7a7c8e859dc25ed938d0c686300ff076f4980948966636cc89d7a925c9843b
15,detail,character,505,https://toho-vote.info/result15/character/505.php,投票結果：キクリ - 第15回 東方Project 人気投票,"[{""kind"":""title"",""text"":""投票結果：キクリ - 第15回 東方Project 人気投票"",""numbers"":[]},{""kind"":""item_heading"",""text"":""キクリ（152位）"",""numbers"":[{""raw"":""152位"",""value"":152,""unit"":""位"",""kind"":""number""}]},{""kind"":""item_statistics"",""text"":""ポイント：36点 ｜ 得票数：32票 ｜ 一押し数：4票 ｜ コメント数：10件 リストへ戻る"",""numbers"":[{""raw"":""36点"",""value"":36,""unit"":""点"",""kind"":""number""},{""raw"":""32票"",""value"":32,""unit"":""票"",""kind"":""number""},{""raw"":""4票"",""value"":4,""unit"":""票"",""kind"":""number""},{""raw"":""10件"",""value"":10,""unit"":""件"",""kind"":""number""}]}]",16651,aa86b41df531d6048e4dda95a4eb908d290b270a5e9f3fea8d365993e4701410
15,detail,character,506,https://toho-vote.info/result15/character/506.php,投票結果：コンガラ - 第15回 東方Project 人気投票,"[{""kind"":""title"",""text"":""投票結果：コンガラ - 第15回 東方Project 人気投票"",""numbers"":[]},{""kind"":""item_heading"",""text"":""コンガラ（127位）"",""numbers"":[{""raw"":""127位"",""value"":127,""unit"":""位"",""kind"":""number""}]},{""kind"":""item_statistics"",""text"":""ポイント：108点 ｜ 得票数：97票 ｜ 一押し数：11票 ｜ コメント数：22件 リストへ戻る"",""numbers"":[{""raw"":""108点"",""value"":108,""unit"":""点"",""kind"":""number""},{""raw"":""97票"",""value"":97,""unit"":""票"",""kind"":""number""},{""raw"":""11票"",""value"":11,""unit"":""票"",""kind"":""number""},{""raw"":""22件"",""value"":22,""unit"":""件"",""kind"":""number""}]}]",17734,c72552a1d7a13a355f1321fc73d8222656e8c7a58bf17d550be1c7cfb8422632
15,detail,character,507,https://toho-vote.info/result15/character/507.php,投票結果：玄爺 - 第15回 東方Project 人気投票,"[{""kind"":""title"",""text"":""投票結果：玄爺 - 第15回 東方Project 人気投票"",""numbers"":[]},{""kind"":""item_heading"",""text"":""玄爺（154位）"",""numbers"":[{""raw"":""154位"",""value"":154,""unit"":""位"",""kind"":""number""}]},{""kind"":""item_statistics"",""text"":""ポイント：34点 ｜ 得票数：34票 ｜ 一押し数：0票 ｜ コメント数：9件 リストへ戻る"",""numbers"":[{""raw"":""34点"",""value"":34,""unit"":""点"",""kind"":""number""},{""raw"":""34票"",""value"":34,""unit"":""票"",""kind"":""number""},{""raw"":""0票"",""value"":0,""unit"":""票"",""kind"":""number""},{""raw"":""9件"",""value"":9,""unit"":""件"",""kind"":""number""}]}]",16470,f3806656d640e6c563c5b3c2c500a694b9283cf541ff926fe72965ce06704b23
15,detail,character,508,https://toho-vote.info/result15/character/508.php,投票結果：里香 - 第15回 東方Project 人気投票,"[{""kind"":""title"",""text"":""投票結果：里香 - 第15回 東方Project 人気投票"",""numbers"":[]},{""kind"":""item_heading"",""text"":""里香（129位）"",""numbers"":[{""raw"":""129位"",""value"":129,""unit"":""位"",""kind"":""number""}]},{""kind"":""item_statistics"",""text"":""ポイント：78点 ｜ 得票数：66票 ｜ 一押し数：12票 ｜ コメント数：21件 リストへ戻る"",""numbers"":[{""raw"":""78点"",""value"":78,""unit"":""点"",""kind"":""number""},{""raw"":""66票"",""value"":66,""unit"":""票"",""kind"":""number""},{""raw"":""12票"",""value"":12,""unit"":""票"",""kind"":""number""},{""raw"":""21件"",""value"":21,""unit"":""件"",""kind"":""number""}]}]",18136,4820871a11621185e0e35a1684ceff9563b685c653a5076409125d82f1ccce50
15,detail,character,509,https://toho-vote.info/result15/character/509.php,投票結果：明羅 - 第15回 東方Project 人気投票,"[{""kind"":""title"",""text"":""投票結果：明羅 - 第15回 東方Project 人気投票"",""numbers"":[]},{""kind"":""item_heading"",""text"":""明羅（134位）"",""numbers"":[{""raw"":""134位"",""value"":134,""unit"":""位"",""kind"":""number""}]},{""kind"":""item_statistics"",""text"":""ポイント：70点 ｜ 得票数：66票 ｜ 一押し数：4票 ｜ コメント数：18件 リストへ戻る"",""numbers"":[{""raw"":""70点"",""value"":70,""unit"":""点"",""kind"":""number""},{""raw"":""66票"",""value"":66,""unit"":""票"",""kind"":""number""},{""raw"":""4票"",""value"":4,""unit"":""票"",""kind"":""number""},{""raw"":""18件"",""value"":18,""unit"":""件"",""kind"":""number""}]}]",17580,fdac1ae6c7f6beaefa3c7a6028c911cc10e7e9f8c0fbfbab0e2271c418a13c92
15,detail,character,510,https://toho-vote.info/result15/character/510.php,投票結果：魅魔 - 第15回 東方Project 人気投票,"[{""kind"":""title"",""text"":""投票結果：魅魔 - 第15回 東方Project 人気投票"",""numbers"":[]},{""kind"":""item_heading"",""text"":""魅魔（87位）"",""numbers"":[{""raw"":""87位"",""value"":87,""unit"":""位"",""kind"":""number""}]},{""kind"":""item_statistics"",""text"":""ポイント：488点 ｜ 得票数：446票 ｜ 一押し数：42票 ｜ コメント数：98件 リストへ戻る"",""numbers"":[{""raw"":""488点"",""value"":488,""unit"":""点"",""kind"":""number""},{""raw"":""446票"",""value"":446,""unit"":""票"",""kind"":""number""},{""raw"":""42票"",""value"":42,""unit"":""票"",""kind"":""number""},{""raw"":""98件"",""value"":98,""unit"":""件"",""kind"":""number""}]}]",23859,07fefaa2a1c2806064f5db1b13f9691de5303473e1da4cdc1781d9e3d1bbdb83
15,detail,character,511,https://toho-vote.info/result15/character/511.php,投票結果：エレン - 第15回 東方Project 人気投票,"[{""kind"":""title"",""text"":""投票結果：エレン - 第15回 東方Project 人気投票"",""numbers"":[]},{""kind"":""item_heading"",""text"":""エレン（121位）"",""numbers"":[{""raw"":""121位"",""value"":121,""unit"":""位"",""kind"":""number""}]},{""kind"":""item_statistics"",""text"":""ポイント：134点 ｜ 得票数：115票 ｜ 一押し数：19票 ｜ コメント数：25件 リストへ戻る"",""numbers"":[{""raw"":""134点"",""value"":134,""unit"":""点"",""kind"":""number""},{""raw"":""115票"",""value"":115,""unit"":""票"",""kind"":""number""},{""raw"":""19票"",""value"":19,""unit"":""票"",""kind"":""number""},{""raw"":""25件"",""value"":25,""unit"":""件"",""kind"":""number""}]}]",18654,4707813725f888f75d5905255e47bc778e86f4b97dd92c9cc48c52300fa0b0dd
15,detail,character,512,https://toho-vote.info/result15/character/512.php,投票結果：小兎姫 - 第15回 東方Project 人気投票,"[{""kind"":""title"",""text"":""投票結果：小兎姫 - 第15回 東方Project 人気投票"",""numbers"":[]},{""kind"":""item_heading"",""text"":""小兎姫（128位）"",""numbers"":[{""raw"":""128位"",""value"":128,""unit"":""位"",""kind"":""number""}]},{""kind"":""item_statistics"",""text"":""ポイント：87点 ｜ 得票数：79票 ｜ 一押し数：8票 ｜ コメント数：14件 リストへ戻る"",""numbers"":[{""raw"":""87点"",""value"":87,""unit"":""点"",""kind"":""number""},{""raw"":""79票"",""value"":79,""unit"":""票"",""kind"":""number""},{""raw"":""8票"",""value"":8,""unit"":""票"",""kind"":""number""},{""raw"":""14件"",""value"":14,""unit"":""件"",""kind"":""number""}]}]",17473,d02d5adbac83cedc6ff09b463c21220cf7028bbe08dccb9b623279bd6ab89666
15,detail,character,513,https://toho-vote.info/result15/character/513.php,投票結果：カナ・アナベラル - 第15回 東方Project 人気投票,"[{""kind"":""title"",""text"":""投票結果：カナ・アナベラル - 第15回 東方Project 人気投票"",""numbers"":[]},{""kind"":""item_heading"",""text"":""カナ・アナベラル（112位）"",""numbers"":[{""raw"":""112位"",""value"":112,""unit"":""位"",""kind"":""number""}]},{""kind"":""item_statistics"",""text"":""ポイント：201点 ｜ 得票数：183票 ｜ 一押し数：18票 ｜ コメント数：32件 リストへ戻る"",""numbers"":[{""raw"":""201点"",""value"":201,""unit"":""点"",""kind"":""number""},{""raw"":""183票"",""value"":183,""unit"":""票"",""kind"":""number""},{""raw"":""18票"",""value"":18,""unit"":""票"",""kind"":""number""},{""raw"":""32件"",""value"":32,""unit"":""件"",""kind"":""number""}]}]",20582,e943a3055cc0d539eb51f702abf965bfe522025f6a4fbfa670bb90066d914c25
15,detail,character,514,https://toho-vote.info/result15/character/514.php,投票結果：朝倉 理香子 - 第15回 東方Project 人気投票,"[{""kind"":""title"",""text"":""投票結果：朝倉 理香子 - 第15回 東方Project 人気投票"",""numbers"":[]},{""kind"":""item_heading"",""text"":""朝倉 理香子（144位）"",""numbers"":[{""raw"":""144位"",""value"":144,""unit"":""位"",""kind"":""number""}]},{""kind"":""item_statistics"",""text"":""ポイント：44点 ｜ 得票数：41票 ｜ 一押し数：3票 ｜ コメント数：9件 リストへ戻る"",""numbers"":[{""raw"":""44点"",""value"":44,""unit"":""点"",""kind"":""number""},{""raw"":""41票"",""value"":41,""unit"":""票"",""kind"":""number""},{""raw"":""3票"",""value"":3,""unit"":""票"",""kind"":""number""},{""raw"":""9件"",""value"":9,""unit"":""件"",""kind"":""number""}]}]",16767,062a94791d1623e8269f35b91c4a95bd7ff9b3933519eaba43cf387f0cfc706a
15,detail,character,515,https://toho-vote.info/result15/character/515.php,投票結果：北白河 ちゆり - 第15回 東方Project 人気投票,"[{""kind"":""title"",""text"":""投票結果：北白河 ちゆり - 第15回 東方Project 人気投票"",""numbers"":[]},{""kind"":""item_heading"",""text"":""北白河 ちゆり（123位）"",""numbers"":[{""raw"":""123位"",""value"":123,""unit"":""位"",""kind"":""number""}]},{""kind"":""item_statistics"",""text"":""ポイント：128点 ｜ 得票数：125票 ｜ 一押し数：3票 ｜ コメント数：28件 リストへ戻る"",""numbers"":[{""raw"":""128点"",""value"":128,""unit"":""点"",""kind"":""number""},{""raw"":""125票"",""value"":125,""unit"":""票"",""kind"":""number""},{""raw"":""3票"",""value"":3,""unit"":""票"",""kind"":""number""},{""raw"":""28件"",""value"":28,""unit"":""件"",""kind"":""number""}]}]",18812,9c2c2a22a7689a85fc7db7464f28b320355712ecd69eb76e2f239d0976b4f470
15,detail,character,516,https://toho-vote.info/result15/character/516.php,投票結果：岡崎 夢美 - 第15回 東方Project 人気投票,"[{""kind"":""title"",""text"":""投票結果：岡崎 夢美 - 第15回 東方Project 人気投票"",""numbers"":[]},{""kind"":""item_heading"",""text"":""岡崎 夢美（83位）"",""numbers"":[{""raw"":""83位"",""value"":83,""unit"":""位"",""kind"":""number""}]},{""kind"":""item_statistics"",""text"":""ポイント：538点 ｜ 得票数：491票 ｜ 一押し数：47票 ｜ コメント数：75件 リストへ戻る"",""numbers"":[{""raw"":""538点"",""value"":538,""unit"":""点"",""kind"":""number""},{""raw"":""491票"",""value"":491,""unit"":""票"",""kind"":""number""},{""raw"":""47票"",""value"":47,""unit"":""票"",""kind"":""number""},{""raw"":""75件"",""value"":75,""unit"":""件"",""kind"":""number""}]}]",21705,caf1a46ed1130477daf89c9dc043224fe71fab9749eb3f16aa0b0b1d0bbbc0d2
15,detail,character,517,https://toho-vote.info/result15/character/517.php,投票結果：オレンジ - 第15回 東方Project 人気投票,"[{""kind"":""title"",""text"":""投票結果：オレンジ - 第15回 東方Project 人気投票"",""numbers"":[]},{""kind"":""item_heading"",""text"":""オレンジ（139位）"",""numbers"":[{""raw"":""139位"",""value"":139,""unit"":""位"",""kind"":""number""}]},{""kind"":""item_statistics"",""text"":""ポイント：57点 ｜ 得票数：51票 ｜ 一押し数：6票 ｜ コメント数：15件 リストへ戻る"",""numbers"":[{""raw"":""57点"",""value"":57,""unit"":""点"",""kind"":""number""},{""raw"":""51票"",""value"":51,""unit"":""票"",""kind"":""number""},{""raw"":""6票"",""value"":6,""unit"":""票"",""kind"":""number""},{""raw"":""15件"",""value"":15,""unit"":""件"",""kind"":""number""}]}]",17653,20a93855267f39b4ab3e551bcb0c38a8c7c9fb0266fa51a4538e130058a07593
15,detail,character,518,https://toho-vote.info/result15/character/518.php,投票結果：くるみ - 第15回 東方Project 人気投票,"[{""kind"":""title"",""text"":""投票結果：くるみ - 第15回 東方Project 人気投票"",""numbers"":[]},{""kind"":""item_heading"",""text"":""くるみ（122位）"",""numbers"":[{""raw"":""122位"",""value"":122,""unit"":""位"",""kind"":""number""}]},{""kind"":""item_statistics"",""text"":""ポイント：130点 ｜ 得票数：120票 ｜ 一押し数：10票 ｜ コメント数：24件 リストへ戻る"",""numbers"":[{""raw"":""130点"",""value"":130,""unit"":""点"",""kind"":""number""},{""raw"":""120票"",""value"":120,""unit"":""票"",""kind"":""number""},{""raw"":""10票"",""value"":10,""unit"":""票"",""kind"":""number""},{""raw"":""24件"",""value"":24,""unit"":""件"",""kind"":""number""}]}]",18566,ef7c9682d4eebcd360c1a4e7913767b65871b6f98d49dc740e26d41dcddca78a
15,detail,character,519,https://toho-vote.info/result15/character/519.php,投票結果：エリー - 第15回 東方Project 人気投票,"[{""kind"":""title"",""text"":""投票結果：エリー - 第15回 東方Project 人気投票"",""numbers"":[]},{""kind"":""item_heading"",""text"":""エリー（131位）"",""numbers"":[{""raw"":""131位"",""value"":131,""unit"":""位"",""kind"":""number""}]},{""kind"":""item_statistics"",""text"":""ポイント：77点 ｜ 得票数：72票 ｜ 一押し数：5票 ｜ コメント数：18件 リストへ戻る"",""numbers"":[{""raw"":""77点"",""value"":77,""unit"":""点"",""kind"":""number""},{""raw"":""72票"",""value"":72,""unit"":""票"",""kind"":""number""},{""raw"":""5票"",""value"":5,""unit"":""票"",""kind"":""number""},{""raw"":""18件"",""value"":18,""unit"":""件"",""kind"":""number""}]}]",17764,9a4171fb82d757194da23c1d611ef83e7d5217795a8cf63e467786f42acde40b
15,detail,character,520,https://toho-vote.info/result15/character/520.php,投票結果：夢月 - 第15回 東方Project 人気投票,"[{""kind"":""title"",""text"":""投票結果：夢月 - 第15回 東方Project 人気投票"",""numbers"":[]},{""kind"":""item_heading"",""text"":""夢月（117位）"",""numbers"":[{""raw"":""117位"",""value"":117,""unit"":""位"",""kind"":""number""}]},{""kind"":""item_statistics"",""text"":""ポイント：184点 ｜ 得票数：177票 ｜ 一押し数：7票 ｜ コメント数：27件 リストへ戻る"",""numbers"":[{""raw"":""184点"",""value"":184,""unit"":""点"",""kind"":""number""},{""raw"":""177票"",""value"":177,""unit"":""票"",""kind"":""number""},{""raw"":""7票"",""value"":7,""unit"":""票"",""kind"":""number""},{""raw"":""27件"",""value"":27,""unit"":""件"",""kind"":""number""}]}]",18160,540e46984def4e68bc4f55ebcef8fd9a7290e94652a17cd383147122f4e94dcd
15,detail,character,521,https://toho-vote.info/result15/character/521.php,投票結果：幻月 - 第15回 東方Project 人気投票,"[{""kind"":""title"",""text"":""投票結果：幻月 - 第15回 東方Project 人気投票"",""numbers"":[]},{""kind"":""item_heading"",""text"":""幻月（103位）"",""numbers"":[{""raw"":""103位"",""value"":103,""unit"":""位"",""kind"":""number""}]},{""kind"":""item_statistics"",""text"":""ポイント：362点 ｜ 得票数：330票 ｜ 一押し数：32票 ｜ コメント数：64件 リストへ戻る"",""numbers"":[{""raw"":""362点"",""value"":362,""unit"":""点"",""kind"":""number""},{""raw"":""330票"",""value"":330,""unit"":""票"",""kind"":""number""},{""raw"":""32票"",""value"":32,""unit"":""票"",""kind"":""number""},{""raw"":""64件"",""value"":64,""unit"":""件"",""kind"":""number""}]}]",22204,81320826b57d17f49e849149f0875f8b8830f5538b4b80895b65c451849fa81d
15,detail,character,522,https://toho-vote.info/result15/character/522.php,投票結果：サラ - 第15回 東方Project 人気投票,"[{""kind"":""title"",""text"":""投票結果：サラ - 第15回 東方Project 人気投票"",""numbers"":[]},{""kind"":""item_heading"",""text"":""サラ（152位）"",""numbers"":[{""raw"":""152位"",""value"":152,""unit"":""位"",""kind"":""number""}]},{""kind"":""item_statistics"",""text"":""ポイント：36点 ｜ 得票数：32票 ｜ 一押し数：4票 ｜ コメント数：9件 リストへ戻る"",""numbers"":[{""raw"":""36点"",""value"":36,""unit"":""点"",""kind"":""number""},{""raw"":""32票"",""value"":32,""unit"":""票"",""kind"":""number""},{""raw"":""4票"",""value"":4,""unit"":""票"",""kind"":""number""},{""raw"":""9件"",""value"":9,""unit"":""件"",""kind"":""number""}]}]",16688,0664e15b8cd826d7d1f53cb3132d22bb992b3dca1d2a7bbff263d873de486628
15,detail,character,523,https://toho-vote.info/result15/character/523.php,投票結果：ルイズ - 第15回 東方Project 人気投票,"[{""kind"":""title"",""text"":""投票結果：ルイズ - 第15回 東方Project 人気投票"",""numbers"":[]},{""kind"":""item_heading"",""text"":""ルイズ（142位）"",""numbers"":[{""raw"":""142位"",""value"":142,""unit"":""位"",""kind"":""number""}]},{""kind"":""item_statistics"",""text"":""ポイント：48点 ｜ 得票数：44票 ｜ 一押し数：4票 ｜ コメント数：12件 リストへ戻る"",""numbers"":[{""raw"":""48点"",""value"":48,""unit"":""点"",""kind"":""number""},{""raw"":""44票"",""value"":44,""unit"":""票"",""kind"":""number""},{""raw"":""4票"",""value"":4,""unit"":""票"",""kind"":""number""},{""raw"":""12件"",""value"":12,""unit"":""件"",""kind"":""number""}]}]",17100,c6eb92a8f4706968269b5f9ee1f00c2665a19122f2cada81113344e6be996e12
15,detail,character,524,https://toho-vote.info/result15/character/524.php,投票結果：ユキ - 第15回 東方Project 人気投票,"[{""kind"":""title"",""text"":""投票結果：ユキ - 第15回 東方Project 人気投票"",""numbers"":[]},{""kind"":""item_heading"",""text"":""ユキ（124位）"",""numbers"":[{""raw"":""124位"",""value"":124,""unit"":""位"",""kind"":""number""}]},{""kind"":""item_statistics"",""text"":""ポイント：117点 ｜ 得票数：105票 ｜ 一押し数：12票 ｜ コメント数：22件 リストへ戻る"",""numbers"":[{""raw"":""117点"",""value"":117,""unit"":""点"",""kind"":""number""},{""raw"":""105票"",""value"":105,""unit"":""票"",""kind"":""number""},{""raw"":""12票"",""value"":12,""unit"":""票"",""kind"":""number""},{""raw"":""22件"",""value"":22,""unit"":""件"",""kind"":""number""}]}]",17638,54bfb7f1a787cf4978724849902e577096e6ae421424e3a673fc2c81aa0ec41a
15,detail,character,525,https://toho-vote.info/result15/character/525.php,投票結果：マイ - 第15回 東方Project 人気投票,"[{""kind"":""title"",""text"":""投票結果：マイ - 第15回 東方Project 人気投票"",""numbers"":[]},{""kind"":""item_heading"",""text"":""マイ（126位）"",""numbers"":[{""raw"":""126位"",""value"":126,""unit"":""位"",""kind"":""number""}]},{""kind"":""item_statistics"",""text"":""ポイント：116点 ｜ 得票数：108票 ｜ 一押し数：8票 ｜ コメント数：20件 リストへ戻る"",""numbers"":[{""raw"":""116点"",""value"":116,""unit"":""点"",""kind"":""number""},{""raw"":""108票"",""value"":108,""unit"":""票"",""kind"":""number""},{""raw"":""8票"",""value"":8,""unit"":""票"",""kind"":""number""},{""raw"":""20件"",""value"":20,""unit"":""件"",""kind"":""number""}]}]",17765,64f647d3e728177c1d4445e4da85ff30f4dd96d4092a0d28d64d675568428bb0
15,detail,character,526,https://toho-vote.info/result15/character/526.php,投票結果：夢子 - 第15回 東方Project 人気投票,"[{""kind"":""title"",""text"":""投票結果：夢子 - 第15回 東方Project 人気投票"",""numbers"":[]},{""kind"":""item_heading"",""text"":""夢子（119位）"",""numbers"":[{""raw"":""119位"",""value"":119,""unit"":""位"",""kind"":""number""}]},{""kind"":""item_statistics"",""text"":""ポイント：174点 ｜ 得票数：161票 ｜ 一押し数：13票 ｜ コメント数：27件 リストへ戻る"",""numbers"":[{""raw"":""174点"",""value"":174,""unit"":""点"",""kind"":""number""},{""raw"":""161票"",""value"":161,""unit"":""票"",""kind"":""number""},{""raw"":""13票"",""value"":13,""unit"":""票"",""kind"":""number""},{""raw"":""27件"",""value"":27,""unit"":""件"",""kind"":""number""}]}]",19299,d94705402d49e633a4eb60d3b4a78e0a22e687e4edfd4f24dd908d9dde436a41
15,detail,character,527,https://toho-vote.info/result15/character/527.php,投票結果：神綺 - 第15回 東方Project 人気投票,"[{""kind"":""title"",""text"":""投票結果：神綺 - 第15回 東方Project 人気投票"",""numbers"":[]},{""kind"":""item_heading"",""text"":""神綺（82位）"",""numbers"":[{""raw"":""82位"",""value"":82,""unit"":""位"",""kind"":""number""}]},{""kind"":""item_statistics"",""text"":""ポイント：567点 ｜ 得票数：535票 ｜ 一押し数：32票 ｜ コメント数：69件 リストへ戻る"",""numbers"":[{""raw"":""567点"",""value"":567,""unit"":""点"",""kind"":""number""},{""raw"":""535票"",""value"":535,""unit"":""票"",""kind"":""number""},{""raw"":""32票"",""value"":32,""unit"":""票"",""kind"":""number""},{""raw"":""69件"",""value"":69,""unit"":""件"",""kind"":""number""}]}]",21099,a3592d4d48b051f452e075a167592a0b1e960b421e2f5325cc6d9f5f63ba5573
15,detail,character,600,https://toho-vote.info/result15/character/600.php,投票結果：蓬莱人形ジャケットイラストの娘 - 第15回 東方Project 人気投票,"[{""kind"":""title"",""text"":""投票結果：蓬莱人形ジャケットイラストの娘 - 第15回 東方Project 人気投票"",""numbers"":[]},{""kind"":""item_heading"",""text"":""蓬莱人形ジャケットイラストの娘（114位）"",""numbers"":[{""raw"":""114位"",""value"":114,""unit"":""位"",""kind"":""number""}]},{""kind"":""item_statistics"",""text"":""ポイント：198点 ｜ 得票数：172票 ｜ 一押し数：26票 ｜ コメント数：47件 リストへ戻る"",""numbers"":[{""raw"":""198点"",""value"":198,""unit"":""点"",""kind"":""number""},{""raw"":""172票"",""value"":172,""unit"":""票"",""kind"":""number""},{""raw"":""26票"",""value"":26,""unit"":""票"",""kind"":""number""},{""raw"":""47件"",""value"":47,""unit"":""件"",""kind"":""number""}]}]",19791,c5cc6f242afed81b792293f7916dd0d17f09f82ad28286a54bbd3b8cb11d697e
15,detail,character,601,https://toho-vote.info/result15/character/601.php,投票結果：蓬莱人形レーベルイラストの娘 - 第15回 東方Project 人気投票,"[{""kind"":""title"",""text"":""投票結果：蓬莱人形レーベルイラストの娘 - 第15回 東方Project 人気投票"",""numbers"":[]},{""kind"":""item_heading"",""text"":""蓬莱人形レーベルイラストの娘（129位）"",""numbers"":[{""raw"":""129位"",""value"":129,""unit"":""位"",""kind"":""number""}]},{""kind"":""item_statistics"",""text"":""ポイント：78点 ｜ 得票数：72票 ｜ 一押し数：6票 ｜ コメント数：28件 リストへ戻る"",""numbers"":[{""raw"":""78点"",""value"":78,""unit"":""点"",""kind"":""number""},{""raw"":""72票"",""value"":72,""unit"":""票"",""kind"":""number""},{""raw"":""6票"",""value"":6,""unit"":""票"",""kind"":""number""},{""raw"":""28件"",""value"":28,""unit"":""件"",""kind"":""number""}]}]",18437,9a3dd3317700088b48242e263d994baa61ddc1e9b6574eccfe53d03ef598cbb2
15,detail,character,602,https://toho-vote.info/result15/character/602.php,投票結果：宇佐見 蓮子 - 第15回 東方Project 人気投票,"[{""kind"":""title"",""text"":""投票結果：宇佐見 蓮子 - 第15回 東方Project 人気投票"",""numbers"":[]},{""kind"":""item_heading"",""text"":""宇佐見 蓮子（26位）"",""numbers"":[{""raw"":""26位"",""value"":26,""unit"":""位"",""kind"":""number""}]},{""kind"":""item_statistics"",""text"":""ポイント：2212点 ｜ 得票数：1968票 ｜ 一押し数：244票 ｜ コメント数：301件 リストへ戻る"",""numbers"":[{""raw"":""2212点"",""value"":2212,""unit"":""点"",""kind"":""number""},{""raw"":""1968票"",""value"":1968,""unit"":""票"",""kind"":""number""},{""raw"":""244票"",""value"":244,""unit"":""票"",""kind"":""number""},{""raw"":""301件"",""value"":301,""unit"":""件"",""kind"":""number""}]}]",41357,345c67896e89983fda28aefa3d2684490324da93344a39e74f44e4cbb256dffa
15,detail,character,603,https://toho-vote.info/result15/character/603.php,投票結果：マエリベリー・ハーン - 第15回 東方Project 人気投票,"[{""kind"":""title"",""text"":""投票結果：マエリベリー・ハーン - 第15回 東方Project 人気投票"",""numbers"":[]},{""kind"":""item_heading"",""text"":""マエリベリー・ハーン（46位）"",""numbers"":[{""raw"":""46位"",""value"":46,""unit"":""位"",""kind"":""number""}]},{""kind"":""item_statistics"",""text"":""ポイント：1348点 ｜ 得票数：1281票 ｜ 一押し数：67票 ｜ コメント数：216件 リストへ戻る"",""numbers"":[{""raw"":""1348点"",""value"":1348,""unit"":""点"",""kind"":""number""},{""raw"":""1281票"",""value"":1281,""unit"":""票"",""kind"":""number""},{""raw"":""67票"",""value"":67,""unit"":""票"",""kind"":""number""},{""raw"":""216件"",""value"":216,""unit"":""件"",""kind"":""number""}]}]",34882,b06cfd51cd2c766f8a00364518ddea35c3b1519bc8cc8a0b86a2e3b2579743c7
15,detail,character,604,https://toho-vote.info/result15/character/604.php,投票結果：稗田 阿求 - 第15回 東方Project 人気投票,"[{""kind"":""title"",""text"":""投票結果：稗田 阿求 - 第15回 東方Project 人気投票"",""numbers"":[]},{""kind"":""item_heading"",""text"":""稗田 阿求（72位）"",""numbers"":[{""raw"":""72位"",""value"":72,""unit"":""位"",""kind"":""number""}]},{""kind"":""item_statistics"",""text"":""ポイント：758点 ｜ 得票数：685票 ｜ 一押し数：73票 ｜ コメント数：116件 リストへ戻る"",""numbers"":[{""raw"":""758点"",""value"":758,""unit"":""点"",""kind"":""number""},{""raw"":""685票"",""value"":685,""unit"":""票"",""kind"":""number""},{""raw"":""73票"",""value"":73,""unit"":""票"",""kind"":""number""},{""raw"":""116件"",""value"":116,""unit"":""件"",""kind"":""number""}]}]",26898,3aed44a21769bef715958075c551b221aacb346b31045c40457a28d74a0de1c1
15,detail,character,605,https://toho-vote.info/result15/character/605.php,投票結果：森近 霖之助 - 第15回 東方Project 人気投票,"[{""kind"":""title"",""text"":""投票結果：森近 霖之助 - 第15回 東方Project 人気投票"",""numbers"":[]},{""kind"":""item_heading"",""text"":""森近 霖之助（79位）"",""numbers"":[{""raw"":""79位"",""value"":79,""unit"":""位"",""kind"":""number""}]},{""kind"":""item_statistics"",""text"":""ポイント：612点 ｜ 得票数：540票 ｜ 一押し数：72票 ｜ コメント数：104件 リストへ戻る"",""numbers"":[{""raw"":""612点"",""value"":612,""unit"":""点"",""kind"":""number""},{""raw"":""540票"",""value"":540,""unit"":""票"",""kind"":""number""},{""raw"":""72票"",""value"":72,""unit"":""票"",""kind"":""number""},{""raw"":""104件"",""value"":104,""unit"":""件"",""kind"":""number""}]}]",24650,c7e2b028b64d67513950d6edc287af399f8812451fe7548b4809b57c2b4d423e
15,detail,character,606,https://toho-vote.info/result15/character/606.php,投票結果：サニーミルク - 第15回 東方Project 人気投票,"[{""kind"":""title"",""text"":""投票結果：サニーミルク - 第15回 東方Project 人気投票"",""numbers"":[]},{""kind"":""item_heading"",""text"":""サニーミルク（104位）"",""numbers"":[{""raw"":""104位"",""value"":104,""unit"":""位"",""kind"":""number""}]},{""kind"":""item_statistics"",""text"":""ポイント：318点 ｜ 得票数：299票 ｜ 一押し数：19票 ｜ コメント数：60件 リストへ戻る"",""numbers"":[{""raw"":""318点"",""value"":318,""unit"":""点"",""kind"":""number""},{""raw"":""299票"",""value"":299,""unit"":""票"",""kind"":""number""},{""raw"":""19票"",""value"":19,""unit"":""票"",""kind"":""number""},{""raw"":""60件"",""value"":60,""unit"":""件"",""kind"":""number""}]}]",21456,c2180a1c0dc8796db43cd41957d1456032b374bd7d39629834013d04bbbd97d4
15,detail,character,607,https://toho-vote.info/result15/character/607.php,投票結果：ルナチャイルド - 第15回 東方Project 人気投票,"[{""kind"":""title"",""text"":""投票結果：ルナチャイルド - 第15回 東方Project 人気投票"",""numbers"":[]},{""kind"":""item_heading"",""text"":""ルナチャイルド（97位）"",""numbers"":[{""raw"":""97位"",""value"":97,""unit"":""位"",""kind"":""number""}]},{""kind"":""item_statistics"",""text"":""ポイント：441点 ｜ 得票数：421票 ｜ 一押し数：20票 ｜ コメント数：92件 リストへ戻る"",""numbers"":[{""raw"":""441点"",""value"":441,""unit"":""点"",""kind"":""number""},{""raw"":""421票"",""value"":421,""unit"":""票"",""kind"":""number""},{""raw"":""20票"",""value"":20,""unit"":""票"",""kind"":""number""},{""raw"":""92件"",""value"":92,""unit"":""件"",""kind"":""number""}]}]",23918,4fa78cea7afbb66029421bc66bf2fb9109c957ab68de95cbcf378ac424f76785
15,detail,character,608,https://toho-vote.info/result15/character/608.php,投票結果：スターサファイア - 第15回 東方Project 人気投票,"[{""kind"":""title"",""text"":""投票結果：スターサファイア - 第15回 東方Project 人気投票"",""numbers"":[]},{""kind"":""item_heading"",""text"":""スターサファイア（102位）"",""numbers"":[{""raw"":""102位"",""value"":102,""unit"":""位"",""kind"":""number""}]},{""kind"":""item_statistics"",""text"":""ポイント：369点 ｜ 得票数：333票 ｜ 一押し数：36票 ｜ コメント数：88件 リストへ戻る"",""numbers"":[{""raw"":""369点"",""value"":369,""unit"":""点"",""kind"":""number""},{""raw"":""333票"",""value"":333,""unit"":""票"",""kind"":""number""},{""raw"":""36票"",""value"":36,""unit"":""票"",""kind"":""number""},{""raw"":""88件"",""value"":88,""unit"":""件"",""kind"":""number""}]}]",26127,b335d4be2167fc37e07c99d8c9ed0b53b77e892c336d2ac0495bc0502ba98fa6
15,detail,character,609,https://toho-vote.info/result15/character/609.php,投票結果：綿月 豊姫 - 第15回 東方Project 人気投票,"[{""kind"":""title"",""text"":""投票結果：綿月 豊姫 - 第15回 東方Project 人気投票"",""numbers"":[]},{""kind"":""item_heading"",""text"":""綿月 豊姫（108位）"",""numbers"":[{""raw"":""108位"",""value"":108,""unit"":""位"",""kind"":""number""}]},{""kind"":""item_statistics"",""text"":""ポイント：285点 ｜ 得票数：252票 ｜ 一押し数：33票 ｜ コメント数：59件 リストへ戻る"",""numbers"":[{""raw"":""285点"",""value"":285,""unit"":""点"",""kind"":""number""},{""raw"":""252票"",""value"":252,""unit"":""票"",""kind"":""number""},{""raw"":""33票"",""value"":33,""unit"":""票"",""kind"":""number""},{""raw"":""59件"",""value"":59,""unit"":""件"",""kind"":""number""}]}]",25055,9ad41fb4e095f3cda39f2a8b13be3221f18309bda07e82881730d32a8fcefec1
15,detail,character,610,https://toho-vote.info/result15/character/610.php,投票結果：綿月 依姫 - 第15回 東方Project 人気投票,"[{""kind"":""title"",""text"":""投票結果：綿月 依姫 - 第15回 東方Project 人気投票"",""numbers"":[]},{""kind"":""item_heading"",""text"":""綿月 依姫（91位）"",""numbers"":[{""raw"":""91位"",""value"":91,""unit"":""位"",""kind"":""number""}]},{""kind"":""item_statistics"",""text"":""ポイント：476点 ｜ 得票数：431票 ｜ 一押し数：45票 ｜ コメント数：85件 リストへ戻る"",""numbers"":[{""raw"":""476点"",""value"":476,""unit"":""点"",""kind"":""number""},{""raw"":""431票"",""value"":431,""unit"":""票"",""kind"":""number""},{""raw"":""45票"",""value"":45,""unit"":""票"",""kind"":""number""},{""raw"":""85件"",""value"":85,""unit"":""件"",""kind"":""number""}]}]",25072,f957d924e1022648b84a1cb1138fbc305151c8464873d3326a6d2550a63008ef
15,detail,character,611,https://toho-vote.info/result15/character/611.php,投票結果：レイセン - 第15回 東方Project 人気投票,"[{""kind"":""title"",""text"":""投票結果：レイセン - 第15回 東方Project 人気投票"",""numbers"":[]},{""kind"":""item_heading"",""text"":""レイセン（118位）"",""numbers"":[{""raw"":""118位"",""value"":118,""unit"":""位"",""kind"":""number""}]},{""kind"":""item_statistics"",""text"":""ポイント：182点 ｜ 得票数：167票 ｜ 一押し数：15票 ｜ コメント数：35件 リストへ戻る"",""numbers"":[{""raw"":""182点"",""value"":182,""unit"":""点"",""kind"":""number""},{""raw"":""167票"",""value"":167,""unit"":""票"",""kind"":""number""},{""raw"":""15票"",""value"":15,""unit"":""票"",""kind"":""number""},{""raw"":""35件"",""value"":35,""unit"":""件"",""kind"":""number""}]}]",19968,8fa70972e5d6b6a0703ff9148153107ad2172e585c8de38edc6dd858b09bce99
15,detail,character,612,https://toho-vote.info/result15/character/612.php,投票結果：茨木 華扇 - 第15回 東方Project 人気投票,"[{""kind"":""title"",""text"":""投票結果：茨木 華扇 - 第15回 東方Project 人気投票"",""numbers"":[]},{""kind"":""item_heading"",""text"":""茨木 華扇（49位）"",""numbers"":[{""raw"":""49位"",""value"":49,""unit"":""位"",""kind"":""number""}]},{""kind"":""item_statistics"",""text"":""ポイント：1275点 ｜ 得票数：1177票 ｜ 一押し数：98票 ｜ コメント数：162件 リストへ戻る"",""numbers"":[{""raw"":""1275点"",""value"":1275,""unit"":""点"",""kind"":""number""},{""raw"":""1177票"",""value"":1177,""unit"":""票"",""kind"":""number""},{""raw"":""98票"",""value"":98,""unit"":""票"",""kind"":""number""},{""raw"":""162件"",""value"":162,""unit"":""件"",""kind"":""number""}]}]",29995,14e2d38b236d3f83416625a89469a6fbe094189419e45e98e2e8ab8b789d4944
15,detail,character,613,https://toho-vote.info/result15/character/613.php,投票結果：本居 小鈴 - 第15回 東方Project 人気投票,"[{""kind"":""title"",""text"":""投票結果：本居 小鈴 - 第15回 東方Project 人気投票"",""numbers"":[]},{""kind"":""item_heading"",""text"":""本居 小鈴（59位）"",""numbers"":[{""raw"":""59位"",""value"":59,""unit"":""位"",""kind"":""number""}]},{""kind"":""item_statistics"",""text"":""ポイント：958点 ｜ 得票数：910票 ｜ 一押し数：48票 ｜ コメント数：135件 リストへ戻る"",""numbers"":[{""raw"":""958点"",""value"":958,""unit"":""点"",""kind"":""number""},{""raw"":""910票"",""value"":910,""unit"":""票"",""kind"":""number""},{""raw"":""48票"",""value"":48,""unit"":""票"",""kind"":""number""},{""raw"":""135件"",""value"":135,""unit"":""件"",""kind"":""number""}]}]",28566,b02d565b8a0b64c428f095124994c8874c285c9bcfa15dbe0f1432bd673eba29
15,detail,character,701,https://toho-vote.info/result15/character/701.php,投票結果：るーこと - 第15回 東方Project 人気投票,"[{""kind"":""title"",""text"":""投票結果：るーこと - 第15回 東方Project 人気投票"",""numbers"":[]},{""kind"":""item_heading"",""text"":""るーこと（135位）"",""numbers"":[{""raw"":""135位"",""value"":135,""unit"":""位"",""kind"":""number""}]},{""kind"":""item_statistics"",""text"":""ポイント：67点 ｜ 得票数：61票 ｜ 一押し数：6票 ｜ コメント数：11件 リストへ戻る"",""numbers"":[{""raw"":""67点"",""value"":67,""unit"":""点"",""kind"":""number""},{""raw"":""61票"",""value"":61,""unit"":""票"",""kind"":""number""},{""raw"":""6票"",""value"":6,""unit"":""票"",""kind"":""number""},{""raw"":""11件"",""value"":11,""unit"":""件"",""kind"":""number""}]}]",16820,9c51a5e6879b0b4cd608f3a0bafea963877a99b1f117dc0a224939c24a5b38d4
15,detail,character,702,https://toho-vote.info/result15/character/702.php,投票結果：ミミちゃん - 第15回 東方Project 人気投票,"[{""kind"":""title"",""text"":""投票結果：ミミちゃん - 第15回 東方Project 人気投票"",""numbers"":[]},{""kind"":""item_heading"",""text"":""ミミちゃん（147位）"",""numbers"":[{""raw"":""147位"",""value"":147,""unit"":""位"",""kind"":""number""}]},{""kind"":""item_statistics"",""text"":""ポイント：42点 ｜ 得票数：37票 ｜ 一押し数：5票 ｜ コメント数：8件 リストへ戻る"",""numbers"":[{""raw"":""42点"",""value"":42,""unit"":""点"",""kind"":""number""},{""raw"":""37票"",""value"":37,""unit"":""票"",""kind"":""number""},{""raw"":""5票"",""value"":5,""unit"":""票"",""kind"":""number""},{""raw"":""8件"",""value"":8,""unit"":""件"",""kind"":""number""}]}]",16408,ab3794ac93951e4b1239b1d3658c5bf530ed548c91e30f31eb6aa1f55d7eb8a2
15,detail,character,703,https://toho-vote.info/result15/character/703.php,投票結果：魂魄 妖忌 - 第15回 東方Project 人気投票,"[{""kind"":""title"",""text"":""投票結果：魂魄 妖忌 - 第15回 東方Project 人気投票"",""numbers"":[]},{""kind"":""item_heading"",""text"":""魂魄 妖忌（133位）"",""numbers"":[{""raw"":""133位"",""value"":133,""unit"":""位"",""kind"":""number""}]},{""kind"":""item_statistics"",""text"":""ポイント：75点 ｜ 得票数：74票 ｜ 一押し数：1票 ｜ コメント数：18件 リストへ戻る"",""numbers"":[{""raw"":""75点"",""value"":75,""unit"":""点"",""kind"":""number""},{""raw"":""74票"",""value"":74,""unit"":""票"",""kind"":""number""},{""raw"":""1票"",""value"":1,""unit"":""票"",""kind"":""number""},{""raw"":""18件"",""value"":18,""unit"":""件"",""kind"":""number""}]}]",17656,8f139ce1df1291227b2a2c990798a12dc019b83ee2dcf36fce2bbd89e330ce96
15,detail,character,704,https://toho-vote.info/result15/character/704.php,投票結果：レイラ・プリズムリバー - 第15回 東方Project 人気投票,"[{""kind"":""title"",""text"":""投票結果：レイラ・プリズムリバー - 第15回 東方Project 人気投票"",""numbers"":[]},{""kind"":""item_heading"",""text"":""レイラ・プリズムリバー（136位）"",""numbers"":[{""raw"":""136位"",""value"":136,""unit"":""位"",""kind"":""number""}]},{""kind"":""item_statistics"",""text"":""ポイント：66点 ｜ 得票数：60票 ｜ 一押し数：6票 ｜ コメント数：8件 リストへ戻る"",""numbers"":[{""raw"":""66点"",""value"":66,""unit"":""点"",""kind"":""number""},{""raw"":""60票"",""value"":60,""unit"":""票"",""kind"":""number""},{""raw"":""6票"",""value"":6,""unit"":""票"",""kind"":""number""},{""raw"":""8件"",""value"":8,""unit"":""件"",""kind"":""number""}]}]",17329,da86cec1217f49ce2518581e32c2d9342a60945471f26ad7e2b6b525b0b474e2
15,detail,character,705,https://toho-vote.info/result15/character/705.php,投票結果：核熱造神ヒソウテンソク - 第15回 東方Project 人気投票,"[{""kind"":""title"",""text"":""投票結果：核熱造神ヒソウテンソク - 第15回 東方Project 人気投票"",""numbers"":[]},{""kind"":""item_heading"",""text"":""核熱造神ヒソウテンソク（149位）"",""numbers"":[{""raw"":""149位"",""value"":149,""unit"":""位"",""kind"":""number""}]},{""kind"":""item_statistics"",""text"":""ポイント：37点 ｜ 得票数：37票 ｜ 一押し数：0票 ｜ コメント数：6件 リストへ戻る"",""numbers"":[{""raw"":""37点"",""value"":37,""unit"":""点"",""kind"":""number""},{""raw"":""37票"",""value"":37,""unit"":""票"",""kind"":""number""},{""raw"":""0票"",""value"":0,""unit"":""票"",""kind"":""number""},{""raw"":""6件"",""value"":6,""unit"":""件"",""kind"":""number""}]}]",16731,8cf68fc81069d4aabfb197b431dd9f4560794533a0d42ac8b3c133eb68e612ff
15,detail,character,706,https://toho-vote.info/result15/character/706.php,投票結果：命蓮 - 第15回 東方Project 人気投票,"[{""kind"":""title"",""text"":""投票結果：命蓮 - 第15回 東方Project 人気投票"",""numbers"":[]},{""kind"":""item_heading"",""text"":""命蓮（169位）"",""numbers"":[{""raw"":""169位"",""value"":169,""unit"":""位"",""kind"":""number""}]},{""kind"":""item_statistics"",""text"":""ポイント：13点 ｜ 得票数：13票 ｜ 一押し数：0票 ｜ コメント数：2件 リストへ戻る"",""numbers"":[{""raw"":""13点"",""value"":13,""unit"":""点"",""kind"":""number""},{""raw"":""13票"",""value"":13,""unit"":""票"",""kind"":""number""},{""raw"":""0票"",""value"":0,""unit"":""票"",""kind"":""number""},{""raw"":""2件"",""value"":2,""unit"":""件"",""kind"":""number""}]}]",16296,b02ddb74d019cf8d9ebfecf2b7b30c7a01ecc8a4cfdd43f292376c8282c8fb50
15,detail,character,707,https://toho-vote.info/result15/character/707.php,投票結果：毘沙門天 - 第15回 東方Project 人気投票,"[{""kind"":""title"",""text"":""投票結果：毘沙門天 - 第15回 東方Project 人気投票"",""numbers"":[]},{""kind"":""item_heading"",""text"":""毘沙門天（183位）"",""numbers"":[{""raw"":""183位"",""value"":183,""unit"":""位"",""kind"":""number""}]},{""kind"":""item_statistics"",""text"":""ポイント：4点 ｜ 得票数：4票 ｜ 一押し数：0票 ｜ コメント数：1件 リストへ戻る"",""numbers"":[{""raw"":""4点"",""value"":4,""unit"":""点"",""kind"":""number""},{""raw"":""4票"",""value"":4,""unit"":""票"",""kind"":""number""},{""raw"":""0票"",""value"":0,""unit"":""票"",""kind"":""number""},{""raw"":""1件"",""value"":1,""unit"":""件"",""kind"":""number""}]}]",15992,33fe3c1a23fb71523443764ff83bc46e286e5471786f85c92e16b5d0e6bbd9ed
15,detail,character,708,https://toho-vote.info/result15/character/708.php,投票結果：嫦娥 - 第15回 東方Project 人気投票,"[{""kind"":""title"",""text"":""投票結果：嫦娥 - 第15回 東方Project 人気投票"",""numbers"":[]},{""kind"":""item_heading"",""text"":""嫦娥（149位）"",""numbers"":[{""raw"":""149位"",""value"":149,""unit"":""位"",""kind"":""number""}]},{""kind"":""item_statistics"",""text"":""ポイント：37点 ｜ 得票数：35票 ｜ 一押し数：2票 ｜ コメント数：11件 リストへ戻る"",""numbers"":[{""raw"":""37点"",""value"":37,""unit"":""点"",""kind"":""number""},{""raw"":""35票"",""value"":35,""unit"":""票"",""kind"":""number""},{""raw"":""2票"",""value"":2,""unit"":""票"",""kind"":""number""},{""raw"":""11件"",""value"":11,""unit"":""件"",""kind"":""number""}]}]",17006,e0a07f45aad8ece1f301ab80ead0991f7833ceae32e4903b33dc213782958ee6
15,detail,character,800,https://toho-vote.info/result15/character/800.php,投票結果：名無しの本読み妖怪 - 第15回 東方Project 人気投票,"[{""kind"":""title"",""text"":""投票結果：名無しの本読み妖怪 - 第15回 東方Project 人気投票"",""numbers"":[]},{""kind"":""item_heading"",""text"":""名無しの本読み妖怪（110位）"",""numbers"":[{""raw"":""110位"",""value"":110,""unit"":""位"",""kind"":""number""}]},{""kind"":""item_statistics"",""text"":""ポイント：223点 ｜ 得票数：202票 ｜ 一押し数：21票 ｜ コメント数：31件 リストへ戻る"",""numbers"":[{""raw"":""223点"",""value"":223,""unit"":""点"",""kind"":""number""},{""raw"":""202票"",""value"":202,""unit"":""票"",""kind"":""number""},{""raw"":""21票"",""value"":21,""unit"":""票"",""kind"":""number""},{""raw"":""31件"",""value"":31,""unit"":""件"",""kind"":""number""}]}]",18808,76544905b1437c6cb90f9cd9d2ff8a7c915b59ec6da29cc2f5662fd56f9a99a5
15,detail,character,801,https://toho-vote.info/result15/character/801.php,投票結果：ツチノコ - 第15回 東方Project 人気投票,"[{""kind"":""title"",""text"":""投票結果：ツチノコ - 第15回 東方Project 人気投票"",""numbers"":[]},{""kind"":""item_heading"",""text"":""ツチノコ（155位）"",""numbers"":[{""raw"":""155位"",""value"":155,""unit"":""位"",""kind"":""number""}]},{""kind"":""item_statistics"",""text"":""ポイント：32点 ｜ 得票数：29票 ｜ 一押し数：3票 ｜ コメント数：5件 リストへ戻る"",""numbers"":[{""raw"":""32点"",""value"":32,""unit"":""点"",""kind"":""number""},{""raw"":""29票"",""value"":29,""unit"":""票"",""kind"":""number""},{""raw"":""3票"",""value"":3,""unit"":""票"",""kind"":""number""},{""raw"":""5件"",""value"":5,""unit"":""件"",""kind"":""number""}]}]",16381,e3783c7c6ddc69db16da0b666193413d01fe235e1d25946f12f1a8c015726669
15,detail,character,802,https://toho-vote.info/result15/character/802.php,投票結果：酒虫 - 第15回 東方Project 人気投票,"[{""kind"":""title"",""text"":""投票結果：酒虫 - 第15回 東方Project 人気投票"",""numbers"":[]},{""kind"":""item_heading"",""text"":""酒虫（162位）"",""numbers"":[{""raw"":""162位"",""value"":162,""unit"":""位"",""kind"":""number""}]},{""kind"":""item_statistics"",""text"":""ポイント：22点 ｜ 得票数：21票 ｜ 一押し数：1票 ｜ コメント数：8件 リストへ戻る"",""numbers"":[{""raw"":""22点"",""value"":22,""unit"":""点"",""kind"":""number""},{""raw"":""21票"",""value"":21,""unit"":""票"",""kind"":""number""},{""raw"":""1票"",""value"":1,""unit"":""票"",""kind"":""number""},{""raw"":""8件"",""value"":8,""unit"":""件"",""kind"":""number""}]}]",16291,983f5561b49a2e4c1e9a2fea0b7ac68e5ea0d15a1a33338fc327a6fd7277cd3e
15,detail,character,806,https://toho-vote.info/result15/character/806.php,投票結果：月の都の門番 - 第15回 東方Project 人気投票,"[{""kind"":""title"",""text"":""投票結果：月の都の門番 - 第15回 東方Project 人気投票"",""numbers"":[]},{""kind"":""item_heading"",""text"":""月の都の門番（177位）"",""numbers"":[{""raw"":""177位"",""value"":177,""unit"":""位"",""kind"":""number""}]},{""kind"":""item_statistics"",""text"":""ポイント：7点 ｜ 得票数：7票 ｜ 一押し数：0票 ｜ コメント数：3件 リストへ戻る"",""numbers"":[{""raw"":""7点"",""value"":7,""unit"":""点"",""kind"":""number""},{""raw"":""7票"",""value"":7,""unit"":""票"",""kind"":""number""},{""raw"":""0票"",""value"":0,""unit"":""票"",""kind"":""number""},{""raw"":""3件"",""value"":3,""unit"":""件"",""kind"":""number""}]}]",16683,e7d4d84f1219f5b19c062783f348f2b6e90ffbdd6f957df6ad0ee5f281d1d6e9
15,detail,character,807,https://toho-vote.info/result15/character/807.php,投票結果：水江浦島子 - 第15回 東方Project 人気投票,"[{""kind"":""title"",""text"":""投票結果：水江浦島子 - 第15回 東方Project 人気投票"",""numbers"":[]},{""kind"":""item_heading"",""text"":""水江浦島子（173位）"",""numbers"":[{""raw"":""173位"",""value"":173,""unit"":""位"",""kind"":""number""}]},{""kind"":""item_statistics"",""text"":""ポイント：10点 ｜ 得票数：7票 ｜ 一押し数：3票 ｜ コメント数：3件 リストへ戻る"",""numbers"":[{""raw"":""10点"",""value"":10,""unit"":""点"",""kind"":""number""},{""raw"":""7票"",""value"":7,""unit"":""票"",""kind"":""number""},{""raw"":""3票"",""value"":3,""unit"":""票"",""kind"":""number""},{""raw"":""3件"",""value"":3,""unit"":""件"",""kind"":""number""}]}]",16254,8b20351b4a24b4878ede0565795b164fa0fbc3658e3ea2e891998e52fed0ee3a
15,detail,character,808,https://toho-vote.info/result15/character/808.php,投票結果：岩笠 - 第15回 東方Project 人気投票,"[{""kind"":""title"",""text"":""投票結果：岩笠 - 第15回 東方Project 人気投票"",""numbers"":[]},{""kind"":""item_heading"",""text"":""岩笠（164位）"",""numbers"":[{""raw"":""164位"",""value"":164,""unit"":""位"",""kind"":""number""}]},{""kind"":""item_statistics"",""text"":""ポイント：20点 ｜ 得票数：17票 ｜ 一押し数：3票 ｜ コメント数：8件 リストへ戻る"",""numbers"":[{""raw"":""20点"",""value"":20,""unit"":""点"",""kind"":""number""},{""raw"":""17票"",""value"":17,""unit"":""票"",""kind"":""number""},{""raw"":""3票"",""value"":3,""unit"":""票"",""kind"":""number""},{""raw"":""8件"",""value"":8,""unit"":""件"",""kind"":""number""}]}]",16861,df1d5915a8755a7a89bdb734b64d8c609e0cba0c9176eaa4952bea9e8e06366f
15,detail,character,809,https://toho-vote.info/result15/character/809.php,投票結果：木花咲耶姫 - 第15回 東方Project 人気投票,"[{""kind"":""title"",""text"":""投票結果：木花咲耶姫 - 第15回 東方Project 人気投票"",""numbers"":[]},{""kind"":""item_heading"",""text"":""木花咲耶姫（174位）"",""numbers"":[{""raw"":""174位"",""value"":174,""unit"":""位"",""kind"":""number""}]},{""kind"":""item_statistics"",""text"":""ポイント：9点 ｜ 得票数：9票 ｜ 一押し数：0票 ｜ コメント数：2件 リストへ戻る"",""numbers"":[{""raw"":""9点"",""value"":9,""unit"":""点"",""kind"":""number""},{""raw"":""9票"",""value"":9,""unit"":""票"",""kind"":""number""},{""raw"":""0票"",""value"":0,""unit"":""票"",""kind"":""number""},{""raw"":""2件"",""value"":2,""unit"":""件"",""kind"":""number""}]}]",16098,8ab0288691fbf6e3060a337759a2e0c6a2788dc4a00f39ce1abe467eaf3b05b3
15,detail,character,810,https://toho-vote.info/result15/character/810.php,投票結果：仙台四郎（福の神） - 第15回 東方Project 人気投票,"[{""kind"":""title"",""text"":""投票結果：仙台四郎（福の神） - 第15回 東方Project 人気投票"",""numbers"":[]},{""kind"":""item_heading"",""text"":""仙台四郎（福の神）（171位）"",""numbers"":[{""raw"":""171位"",""value"":171,""unit"":""位"",""kind"":""number""}]},{""kind"":""item_statistics"",""text"":""ポイント：12点 ｜ 得票数：12票 ｜ 一押し数：0票 ｜ コメント数：2件 リストへ戻る"",""numbers"":[{""raw"":""12点"",""value"":12,""unit"":""点"",""kind"":""number""},{""raw"":""12票"",""value"":12,""unit"":""票"",""kind"":""number""},{""raw"":""0票"",""value"":0,""unit"":""票"",""kind"":""number""},{""raw"":""2件"",""value"":2,""unit"":""件"",""kind"":""number""}]}]",16273,659cd9d0e58031a07208c3571e8e129c1be1362cba36fb36ee55cf1d5ae4e9b0
15,detail,character,811,https://toho-vote.info/result15/character/811.php,投票結果：運松 - 第15回 東方Project 人気投票,"[{""kind"":""title"",""text"":""投票結果：運松 - 第15回 東方Project 人気投票"",""numbers"":[]},{""kind"":""item_heading"",""text"":""運松（174位）"",""numbers"":[{""raw"":""174位"",""value"":174,""unit"":""位"",""kind"":""number""}]},{""kind"":""item_statistics"",""text"":""ポイント：9点 ｜ 得票数：7票 ｜ 一押し数：2票 ｜ コメント数：3件 リストへ戻る"",""numbers"":[{""raw"":""9点"",""value"":9,""unit"":""点"",""kind"":""number""},{""raw"":""7票"",""value"":7,""unit"":""票"",""kind"":""number""},{""raw"":""2票"",""value"":2,""unit"":""票"",""kind"":""number""},{""raw"":""3件"",""value"":3,""unit"":""件"",""kind"":""number""}]}]",16189,e3977953b90205be4585c952a7ae4bc2086d8cfffa3118295330aa3b12d90ba9
15,detail,character,812,https://toho-vote.info/result15/character/812.php,投票結果：座敷童 - 第15回 東方Project 人気投票,"[{""kind"":""title"",""text"":""投票結果：座敷童 - 第15回 東方Project 人気投票"",""numbers"":[]},{""kind"":""item_heading"",""text"":""座敷童（179位）"",""numbers"":[{""raw"":""179位"",""value"":179,""unit"":""位"",""kind"":""number""}]},{""kind"":""item_statistics"",""text"":""ポイント：6点 ｜ 得票数：6票 ｜ 一押し数：0票 ｜ コメント数：2件 リストへ戻る"",""numbers"":[{""raw"":""6点"",""value"":6,""unit"":""点"",""kind"":""number""},{""raw"":""6票"",""value"":6,""unit"":""票"",""kind"":""number""},{""raw"":""0票"",""value"":0,""unit"":""票"",""kind"":""number""},{""raw"":""2件"",""value"":2,""unit"":""件"",""kind"":""number""}]}]",16112,52715dcc188e181db1b7afbea350077c74a5e88f9cefd0bcf50df449503466f2
15,detail,character,813,https://toho-vote.info/result15/character/813.php,投票結果：ホフゴブリン - 第15回 東方Project 人気投票,"[{""kind"":""title"",""text"":""投票結果：ホフゴブリン - 第15回 東方Project 人気投票"",""numbers"":[]},{""kind"":""item_heading"",""text"":""ホフゴブリン（166位）"",""numbers"":[{""raw"":""166位"",""value"":166,""unit"":""位"",""kind"":""number""}]},{""kind"":""item_statistics"",""text"":""ポイント：19点 ｜ 得票数：18票 ｜ 一押し数：1票 ｜ コメント数：1件 リストへ戻る"",""numbers"":[{""raw"":""19点"",""value"":19,""unit"":""点"",""kind"":""number""},{""raw"":""18票"",""value"":18,""unit"":""票"",""kind"":""number""},{""raw"":""1票"",""value"":1,""unit"":""票"",""kind"":""number""},{""raw"":""1件"",""value"":1,""unit"":""件"",""kind"":""number""}]}]",16210,ab513ef38c97d8120118fd7b6e0f0bf0a69bd767b5b54620f3d43a76fbab871d
15,detail,character,814,https://toho-vote.info/result15/character/814.php,投票結果：万歳楽 - 第15回 東方Project 人気投票,"[{""kind"":""title"",""text"":""投票結果：万歳楽 - 第15回 東方Project 人気投票"",""numbers"":[]},{""kind"":""item_heading"",""text"":""万歳楽（169位）"",""numbers"":[{""raw"":""169位"",""value"":169,""unit"":""位"",""kind"":""number""}]},{""kind"":""item_statistics"",""text"":""ポイント：13点 ｜ 得票数：13票 ｜ 一押し数：0票 ｜ コメント数：0件 リストへ戻る"",""numbers"":[{""raw"":""13点"",""value"":13,""unit"":""点"",""kind"":""number""},{""raw"":""13票"",""value"":13,""unit"":""票"",""kind"":""number""},{""raw"":""0票"",""value"":0,""unit"":""票"",""kind"":""number""},{""raw"":""0件"",""value"":0,""unit"":""件"",""kind"":""number""}]}]",16148,f2abad394a9868f8354b4e4ae13868db0f370329ae719c1dab0534453c543336
15,detail,character,815,https://toho-vote.info/result15/character/815.php,投票結果：ヤマネ - 第15回 東方Project 人気投票,"[{""kind"":""title"",""text"":""投票結果：ヤマネ - 第15回 東方Project 人気投票"",""numbers"":[]},{""kind"":""item_heading"",""text"":""ヤマネ（176位）"",""numbers"":[{""raw"":""176位"",""value"":176,""unit"":""位"",""kind"":""number""}]},{""kind"":""item_statistics"",""text"":""ポイント：8点 ｜ 得票数：6票 ｜ 一押し数：2票 ｜ コメント数：2件 リストへ戻る"",""numbers"":[{""raw"":""8点"",""value"":8,""unit"":""点"",""kind"":""number""},{""raw"":""6票"",""value"":6,""unit"":""票"",""kind"":""number""},{""raw"":""2票"",""value"":2,""unit"":""票"",""kind"":""number""},{""raw"":""2件"",""value"":2,""unit"":""件"",""kind"":""number""}]}]",16170,01bb4d6dbee024460b32a9203df6e87207bd0fe23856535e52d6476cfa9b191c
15,detail,character,816,https://toho-vote.info/result15/character/816.php,投票結果：ケセランパサラン - 第15回 東方Project 人気投票,"[{""kind"":""title"",""text"":""投票結果：ケセランパサラン - 第15回 東方Project 人気投票"",""numbers"":[]},{""kind"":""item_heading"",""text"":""ケセランパサラン（167位）"",""numbers"":[{""raw"":""167位"",""value"":167,""unit"":""位"",""kind"":""number""}]},{""kind"":""item_statistics"",""text"":""ポイント：15点 ｜ 得票数：15票 ｜ 一押し数：0票 ｜ コメント数：3件 リストへ戻る"",""numbers"":[{""raw"":""15点"",""value"":15,""unit"":""点"",""kind"":""number""},{""raw"":""15票"",""value"":15,""unit"":""票"",""kind"":""number""},{""raw"":""0票"",""value"":0,""unit"":""票"",""kind"":""number""},{""raw"":""3件"",""value"":3,""unit"":""件"",""kind"":""number""}]}]",16146,c79b30e04eb630b20f4a6d951d5061cd029027bc17de6258e2754edb7c4b2cba
15,detail,character,840,https://toho-vote.info/result15/character/840.php,投票結果：小鈴の両親 - 第15回 東方Project 人気投票,"[{""kind"":""title"",""text"":""投票結果：小鈴の両親 - 第15回 東方Project 人気投票"",""numbers"":[]},{""kind"":""item_heading"",""text"":""小鈴の両親（181位）"",""numbers"":[{""raw"":""181位"",""value"":181,""unit"":""位"",""kind"":""number""}]},{""kind"":""item_statistics"",""text"":""ポイント：5点 ｜ 得票数：5票 ｜ 一押し数：0票 ｜ コメント数：1件 リストへ戻る"",""numbers"":[{""raw"":""5点"",""value"":5,""unit"":""点"",""kind"":""number""},{""raw"":""5票"",""value"":5,""unit"":""票"",""kind"":""number""},{""raw"":""0票"",""value"":0,""unit"":""票"",""kind"":""number""},{""raw"":""1件"",""value"":1,""unit"":""件"",""kind"":""number""}]}]",15949,bbdf1d35136bdebbcb1d107b7197c1502363cbedadfb6f3bdc391b45ec30db39
15,detail,character,841,https://toho-vote.info/result15/character/841.php,投票結果：煙々羅 - 第15回 東方Project 人気投票,"[{""kind"":""title"",""text"":""投票結果：煙々羅 - 第15回 東方Project 人気投票"",""numbers"":[]},{""kind"":""item_heading"",""text"":""煙々羅（185位）"",""numbers"":[{""raw"":""185位"",""value"":185,""unit"":""位"",""kind"":""number""}]},{""kind"":""item_statistics"",""text"":""ポイント：1点 ｜ 得票数：1票 ｜ 一押し数：0票 ｜ コメント数：0件 リストへ戻る"",""numbers"":[{""raw"":""1点"",""value"":1,""unit"":""点"",""kind"":""number""},{""raw"":""1票"",""value"":1,""unit"":""票"",""kind"":""number""},{""raw"":""0票"",""value"":0,""unit"":""票"",""kind"":""number""},{""raw"":""0件"",""value"":0,""unit"":""件"",""kind"":""number""}]}]",15682,cb9d4d1bea1d760f2e2043a6a65e5988bde02d3f6d81f8345978ab63e9700066
15,detail,character,842,https://toho-vote.info/result15/character/842.php,投票結果：チュパカブラ - 第15回 東方Project 人気投票,"[{""kind"":""title"",""text"":""投票結果：チュパカブラ - 第15回 東方Project 人気投票"",""numbers"":[]},{""kind"":""item_heading"",""text"":""チュパカブラ（156位）"",""numbers"":[{""raw"":""156位"",""value"":156,""unit"":""位"",""kind"":""number""}]},{""kind"":""item_statistics"",""text"":""ポイント：25点 ｜ 得票数：24票 ｜ 一押し数：1票 ｜ コメント数：2件 リストへ戻る"",""numbers"":[{""raw"":""25点"",""value"":25,""unit"":""点"",""kind"":""number""},{""raw"":""24票"",""value"":24,""unit"":""票"",""kind"":""number""},{""raw"":""1票"",""value"":1,""unit"":""票"",""kind"":""number""},{""raw"":""2件"",""value"":2,""unit"":""件"",""kind"":""number""}]}]",16186,baf2ab5d2cc88f6c0d98130c64c28bdfc8f8d7dba67b79181be9c5c79b247fed
15,detail,character,843,https://toho-vote.info/result15/character/843.php,投票結果：沓頬 - 第15回 東方Project 人気投票,"[{""kind"":""title"",""text"":""投票結果：沓頬 - 第15回 東方Project 人気投票"",""numbers"":[]},{""kind"":""item_heading"",""text"":""沓頬（185位）"",""numbers"":[{""raw"":""185位"",""value"":185,""unit"":""位"",""kind"":""number""}]},{""kind"":""item_statistics"",""text"":""ポイント：1点 ｜ 得票数：1票 ｜ 一押し数：0票 ｜ コメント数：1件 リストへ戻る"",""numbers"":[{""raw"":""1点"",""value"":1,""unit"":""点"",""kind"":""number""},{""raw"":""1票"",""value"":1,""unit"":""票"",""kind"":""number""},{""raw"":""0票"",""value"":0,""unit"":""票"",""kind"":""number""},{""raw"":""1件"",""value"":1,""unit"":""件"",""kind"":""number""}]}]",15904,63561c5d32f8ef2bd84aab055bdec39d828088dd5e3a239da702abe597036ee3
15,detail,character,844,https://toho-vote.info/result15/character/844.php,投票結果：ウワバミ - 第15回 東方Project 人気投票,"[{""kind"":""title"",""text"":""投票結果：ウワバミ - 第15回 東方Project 人気投票"",""numbers"":[]},{""kind"":""item_heading"",""text"":""ウワバミ（159位）"",""numbers"":[{""raw"":""159位"",""value"":159,""unit"":""位"",""kind"":""number""}]},{""kind"":""item_statistics"",""text"":""ポイント：24点 ｜ 得票数：24票 ｜ 一押し数：0票 ｜ コメント数：2件 リストへ戻る"",""numbers"":[{""raw"":""24点"",""value"":24,""unit"":""点"",""kind"":""number""},{""raw"":""24票"",""value"":24,""unit"":""票"",""kind"":""number""},{""raw"":""0票"",""value"":0,""unit"":""票"",""kind"":""number""},{""raw"":""2件"",""value"":2,""unit"":""件"",""kind"":""number""}]}]",16181,63f85a9aa51b67eca861c8de7b409658fa2c52b402da397e3eeddcb8f7d57127
15,detail,character,845,https://toho-vote.info/result15/character/845.php,投票結果：易者 - 第15回 東方Project 人気投票,"[{""kind"":""title"",""text"":""投票結果：易者 - 第15回 東方Project 人気投票"",""numbers"":[]},{""kind"":""item_heading"",""text"":""易者（73位）"",""numbers"":[{""raw"":""73位"",""value"":73,""unit"":""位"",""kind"":""number""}]},{""kind"":""item_statistics"",""text"":""ポイント：756点 ｜ 得票数：708票 ｜ 一押し数：48票 ｜ コメント数：196件 リストへ戻る"",""numbers"":[{""raw"":""756点"",""value"":756,""unit"":""点"",""kind"":""number""},{""raw"":""708票"",""value"":708,""unit"":""票"",""kind"":""number""},{""raw"":""48票"",""value"":48,""unit"":""票"",""kind"":""number""},{""raw"":""196件"",""value"":196,""unit"":""件"",""kind"":""number""}]}]",34876,763f16109d07de4b6b43ca8e7357a9a779a4eb34ad721a13583444801a49f3f7
15,detail,character,846,https://toho-vote.info/result15/character/846.php,投票結果：抗鬱薬おじさん - 第15回 東方Project 人気投票,"[{""kind"":""title"",""text"":""投票結果：抗鬱薬おじさん - 第15回 東方Project 人気投票"",""numbers"":[]},{""kind"":""item_heading"",""text"":""抗鬱薬おじさん（120位）"",""numbers"":[{""raw"":""120位"",""value"":120,""unit"":""位"",""kind"":""number""}]},{""kind"":""item_statistics"",""text"":""ポイント：163点 ｜ 得票数：157票 ｜ 一押し数：6票 ｜ コメント数：37件 リストへ戻る"",""numbers"":[{""raw"":""163点"",""value"":163,""unit"":""点"",""kind"":""number""},{""raw"":""157票"",""value"":157,""unit"":""票"",""kind"":""number""},{""raw"":""6票"",""value"":6,""unit"":""票"",""kind"":""number""},{""raw"":""37件"",""value"":37,""unit"":""件"",""kind"":""number""}]}]",19476,30780a25aac79961ac00dbaa5118b610564e0f7933713e50cf16e3d60b721551
15,detail,character,847,https://toho-vote.info/result15/character/847.php,投票結果：なめえもん - 第15回 東方Project 人気投票,"[{""kind"":""title"",""text"":""投票結果：なめえもん - 第15回 東方Project 人気投票"",""numbers"":[]},{""kind"":""item_heading"",""text"":""なめえもん（145位）"",""numbers"":[{""raw"":""145位"",""value"":145,""unit"":""位"",""kind"":""number""}]},{""kind"":""item_statistics"",""text"":""ポイント：43点 ｜ 得票数：42票 ｜ 一押し数：1票 ｜ コメント数：12件 リストへ戻る"",""numbers"":[{""raw"":""43点"",""value"":43,""unit"":""点"",""kind"":""number""},{""raw"":""42票"",""value"":42,""unit"":""票"",""kind"":""number""},{""raw"":""1票"",""value"":1,""unit"":""票"",""kind"":""number""},{""raw"":""12件"",""value"":12,""unit"":""件"",""kind"":""number""}]}]",17280,25ed53c29803c47919336d9b77b38f1ae6d6dae97bd49d570eb71eab9e727473
15,detail,character,848,https://toho-vote.info/result15/character/848.php,投票結果：塩屋敷の旦那 - 第15回 東方Project 人気投票,"[{""kind"":""title"",""text"":""投票結果：塩屋敷の旦那 - 第15回 東方Project 人気投票"",""numbers"":[]},{""kind"":""item_heading"",""text"":""塩屋敷の旦那（184位）"",""numbers"":[{""raw"":""184位"",""value"":184,""unit"":""位"",""kind"":""number""}]},{""kind"":""item_statistics"",""text"":""ポイント：2点 ｜ 得票数：2票 ｜ 一押し数：0票 ｜ コメント数：0件 リストへ戻る"",""numbers"":[{""raw"":""2点"",""value"":2,""unit"":""点"",""kind"":""number""},{""raw"":""2票"",""value"":2,""unit"":""票"",""kind"":""number""},{""raw"":""0票"",""value"":0,""unit"":""票"",""kind"":""number""},{""raw"":""0件"",""value"":0,""unit"":""件"",""kind"":""number""}]}]",15917,e8c0241ea69a1efae65846a84ce017b5e788857ad17fec6d643ec5c9b2bf2210
15,detail,character,901,https://toho-vote.info/result15/character/901.php,投票結果：妖精（メイド妖精・ひまわり妖精 他） - 第15回 東方Project 人気投票,"[{""kind"":""title"",""text"":""投票結果：妖精（メイド妖精・ひまわり妖精 他） - 第15回 東方Project 人気投票"",""numbers"":[]},{""kind"":""item_heading"",""text"":""妖精（メイド妖精・ひまわり妖精 他）（141位）"",""numbers"":[{""raw"":""141位"",""value"":141,""unit"":""位"",""kind"":""number""}]},{""kind"":""item_statistics"",""text"":""ポイント：53点 ｜ 得票数：50票 ｜ 一押し数：3票 ｜ コメント数：20件 リストへ戻る"",""numbers"":[{""raw"":""53点"",""value"":53,""unit"":""点"",""kind"":""number""},{""raw"":""50票"",""value"":50,""unit"":""票"",""kind"":""number""},{""raw"":""3票"",""value"":3,""unit"":""票"",""kind"":""number""},{""raw"":""20件"",""value"":20,""unit"":""件"",""kind"":""number""}]}]",18262,200e16cfabea378f413d89b11d66bf6bbc90be72e3d08372e680658183f1db8f
15,detail,character,902,https://toho-vote.info/result15/character/902.php,投票結果：幽霊（怨霊、神霊、化け化け含む） - 第15回 東方Project 人気投票,"[{""kind"":""title"",""text"":""投票結果：幽霊（怨霊、神霊、化け化け含む） - 第15回 東方Project 人気投票"",""numbers"":[]},{""kind"":""item_heading"",""text"":""幽霊（怨霊、神霊、化け化け含む）（181位）"",""numbers"":[{""raw"":""181位"",""value"":181,""unit"":""位"",""kind"":""number""}]},{""kind"":""item_statistics"",""text"":""ポイント：5点 ｜ 得票数：5票 ｜ 一押し数：0票 ｜ コメント数：2件 リストへ戻る"",""numbers"":[{""raw"":""5点"",""value"":5,""unit"":""点"",""kind"":""number""},{""raw"":""5票"",""value"":5,""unit"":""票"",""kind"":""number""},{""raw"":""0票"",""value"":0,""unit"":""票"",""kind"":""number""},{""raw"":""2件"",""value"":2,""unit"":""件"",""kind"":""number""}]}]",16068,5f1dec5f6f0a34fc14763c7cf66f3d0c1f251aafbecc254dd0e66208a2c10b97
15,detail,character,903,https://toho-vote.info/result15/character/903.php,投票結果：毛玉 - 第15回 東方Project 人気投票,"[{""kind"":""title"",""text"":""投票結果：毛玉 - 第15回 東方Project 人気投票"",""numbers"":[]},{""kind"":""item_heading"",""text"":""毛玉（137位）"",""numbers"":[{""raw"":""137位"",""value"":137,""unit"":""位"",""kind"":""number""}]},{""kind"":""item_statistics"",""text"":""ポイント：64点 ｜ 得票数：64票 ｜ 一押し数：0票 ｜ コメント数：16件 リストへ戻る"",""numbers"":[{""raw"":""64点"",""value"":64,""unit"":""点"",""kind"":""number""},{""raw"":""64票"",""value"":64,""unit"":""票"",""kind"":""number""},{""raw"":""0票"",""value"":0,""unit"":""票"",""kind"":""number""},{""raw"":""16件"",""value"":16,""unit"":""件"",""kind"":""number""}]}]",17633,2adf50ca32ec9ad9b3485a6b596bca0be81a3b859f39fb6a81954d13f7115760
15,detail,character,904,https://toho-vote.info/result15/character/904.php,投票結果：UFO（赤・青・緑、その他） - 第15回 東方Project 人気投票,"[{""kind"":""title"",""text"":""投票結果：UFO（赤・青・緑、その他） - 第15回 東方Project 人気投票"",""numbers"":[]},{""kind"":""item_heading"",""text"":""UFO（赤・青・緑、その他）（145位）"",""numbers"":[{""raw"":""145位"",""value"":145,""unit"":""位"",""kind"":""number""}]},{""kind"":""item_statistics"",""text"":""ポイント：43点 ｜ 得票数：41票 ｜ 一押し数：2票 ｜ コメント数：13件 リストへ戻る"",""numbers"":[{""raw"":""43点"",""value"":43,""unit"":""点"",""kind"":""number""},{""raw"":""41票"",""value"":41,""unit"":""票"",""kind"":""number""},{""raw"":""2票"",""value"":2,""unit"":""票"",""kind"":""number""},{""raw"":""13件"",""value"":13,""unit"":""件"",""kind"":""number""}]}]",17855,ffb53f0cef9c19630ce3ee1ba87147df71e6474cee6032216e191a407047858f
15,detail,character,921,https://toho-vote.info/result15/character/921.php,投票結果：兎（玉兎、永遠亭の妖怪兎 他） - 第15回 東方Project 人気投票,"[{""kind"":""title"",""text"":""投票結果：兎（玉兎、永遠亭の妖怪兎 他） - 第15回 東方Project 人気投票"",""numbers"":[]},{""kind"":""item_heading"",""text"":""兎（玉兎、永遠亭の妖怪兎 他）（161位）"",""numbers"":[{""raw"":""161位"",""value"":161,""unit"":""位"",""kind"":""number""}]},{""kind"":""item_statistics"",""text"":""ポイント：23点 ｜ 得票数：22票 ｜ 一押し数：1票 ｜ コメント数：8件 リストへ戻る"",""numbers"":[{""raw"":""23点"",""value"":23,""unit"":""点"",""kind"":""number""},{""raw"":""22票"",""value"":22,""unit"":""票"",""kind"":""number""},{""raw"":""1票"",""value"":1,""unit"":""票"",""kind"":""number""},{""raw"":""8件"",""value"":8,""unit"":""件"",""kind"":""number""}]}]",16838,67ed1373944e72a13ef6a594eb0cc16a36c34dc02400f2d88dd20e8c06049486
15,detail,character,922,https://toho-vote.info/result15/character/922.php,投票結果：狸（化け狸、野鉄砲他） - 第15回 東方Project 人気投票,"[{""kind"":""title"",""text"":""投票結果：狸（化け狸、野鉄砲他） - 第15回 東方Project 人気投票"",""numbers"":[]},{""kind"":""item_heading"",""text"":""狸（化け狸、野鉄砲他）（179位）"",""numbers"":[{""raw"":""179位"",""value"":179,""unit"":""位"",""kind"":""number""}]},{""kind"":""item_statistics"",""text"":""ポイント：6点 ｜ 得票数：6票 ｜ 一押し数：0票 ｜ コメント数：2件 リストへ戻る"",""numbers"":[{""raw"":""6点"",""value"":6,""unit"":""点"",""kind"":""number""},{""raw"":""6票"",""value"":6,""unit"":""票"",""kind"":""number""},{""raw"":""0票"",""value"":0,""unit"":""票"",""kind"":""number""},{""raw"":""2件"",""value"":2,""unit"":""件"",""kind"":""number""}]}]",16220,d22a4684309fc6070103bb25f47b06ea8618ae16edbc5a422d7dad383a35c1d0
15,detail,character,923,https://toho-vote.info/result15/character/923.php,投票結果：狐（妖怪狐、狐の子他） - 第15回 東方Project 人気投票,"[{""kind"":""title"",""text"":""投票結果：狐（妖怪狐、狐の子他） - 第15回 東方Project 人気投票"",""numbers"":[]},{""kind"":""item_heading"",""text"":""狐（妖怪狐、狐の子他）（156位）"",""numbers"":[{""raw"":""156位"",""value"":156,""unit"":""位"",""kind"":""number""}]},{""kind"":""item_statistics"",""text"":""ポイント：25点 ｜ 得票数：25票 ｜ 一押し数：0票 ｜ コメント数：5件 リストへ戻る"",""numbers"":[{""raw"":""25点"",""value"":25,""unit"":""点"",""kind"":""number""},{""raw"":""25票"",""value"":25,""unit"":""票"",""kind"":""number""},{""raw"":""0票"",""value"":0,""unit"":""票"",""kind"":""number""},{""raw"":""5件"",""value"":5,""unit"":""件"",""kind"":""number""}]}]",16555,f944259d6e2cb1a55774e96bcbe8de2130c9079c70692affe0dc387718020f9a
15,detail,character,924,https://toho-vote.info/result15/character/924.php,投票結果：カラス（地獄鴉、紫・文の使い魔 他） - 第15回 東方Project 人気投票,"[{""kind"":""title"",""text"":""投票結果：カラス（地獄鴉、紫・文の使い魔 他） - 第15回 東方Project 人気投票"",""numbers"":[]},{""kind"":""item_heading"",""text"":""カラス（地獄鴉、紫・文の使い魔 他）（163位）"",""numbers"":[{""raw"":""163位"",""value"":163,""unit"":""位"",""kind"":""number""}]},{""kind"":""item_statistics"",""text"":""ポイント：21点 ｜ 得票数：21票 ｜ 一押し数：0票 ｜ コメント数：5件 リストへ戻る"",""numbers"":[{""raw"":""21点"",""value"":21,""unit"":""点"",""kind"":""number""},{""raw"":""21票"",""value"":21,""unit"":""票"",""kind"":""number""},{""raw"":""0票"",""value"":0,""unit"":""票"",""kind"":""number""},{""raw"":""5件"",""value"":5,""unit"":""件"",""kind"":""number""}]}]",16363,4314fddb642836b658ee3ac205275357c0e12dfdbc76d6dcf52a791e9bf3f4fd
15,detail,character,941,https://toho-vote.info/result15/character/941.php,投票結果：河童（山童含む） - 第15回 東方Project 人気投票,"[{""kind"":""title"",""text"":""投票結果：河童（山童含む） - 第15回 東方Project 人気投票"",""numbers"":[]},{""kind"":""item_heading"",""text"":""河童（山童含む）（159位）"",""numbers"":[{""raw"":""159位"",""value"":159,""unit"":""位"",""kind"":""number""}]},{""kind"":""item_statistics"",""text"":""ポイント：24点 ｜ 得票数：22票 ｜ 一押し数：2票 ｜ コメント数：9件 リストへ戻る"",""numbers"":[{""raw"":""24点"",""value"":24,""unit"":""点"",""kind"":""number""},{""raw"":""22票"",""value"":22,""unit"":""票"",""kind"":""number""},{""raw"":""2票"",""value"":2,""unit"":""票"",""kind"":""number""},{""raw"":""9件"",""value"":9,""unit"":""件"",""kind"":""number""}]}]",16695,034d5507ed8aa68da79c48ce0639b4a04a3f381bb4a15b6c7fc703bf18bdf145
15,detail,character,942,https://toho-vote.info/result15/character/942.php,投票結果：天狗（香霖堂の天狗、大天狗 他） - 第15回 東方Project 人気投票,"[{""kind"":""title"",""text"":""投票結果：天狗（香霖堂の天狗、大天狗 他） - 第15回 東方Project 人気投票"",""numbers"":[]},{""kind"":""item_heading"",""text"":""天狗（香霖堂の天狗、大天狗 他）（164位）"",""numbers"":[{""raw"":""164位"",""value"":164,""unit"":""位"",""kind"":""number""}]},{""kind"":""item_statistics"",""text"":""ポイント：20点 ｜ 得票数：18票 ｜ 一押し数：2票 ｜ コメント数：7件 リストへ戻る"",""numbers"":[{""raw"":""20点"",""value"":20,""unit"":""点"",""kind"":""number""},{""raw"":""18票"",""value"":18,""unit"":""票"",""kind"":""number""},{""raw"":""2票"",""value"":2,""unit"":""票"",""kind"":""number""},{""raw"":""7件"",""value"":7,""unit"":""件"",""kind"":""number""}]}]",16877,3fdc08badf353aca2fc0817670f38e09792d0183a3619d027b8e670e726ec3e3
15,detail,character,943,https://toho-vote.info/result15/character/943.php,投票結果：龍（子龍、邪龍 他） - 第15回 東方Project 人気投票,"[{""kind"":""title"",""text"":""投票結果：龍（子龍、邪龍 他） - 第15回 東方Project 人気投票"",""numbers"":[]},{""kind"":""item_heading"",""text"":""龍（子龍、邪龍 他）（156位）"",""numbers"":[{""raw"":""156位"",""value"":156,""unit"":""位"",""kind"":""number""}]},{""kind"":""item_statistics"",""text"":""ポイント：25点 ｜ 得票数：22票 ｜ 一押し数：3票 ｜ コメント数：7件 リストへ戻る"",""numbers"":[{""raw"":""25点"",""value"":25,""unit"":""点"",""kind"":""number""},{""raw"":""22票"",""value"":22,""unit"":""票"",""kind"":""number""},{""raw"":""3票"",""value"":3,""unit"":""票"",""kind"":""number""},{""raw"":""7件"",""value"":7,""unit"":""件"",""kind"":""number""}]}]",16831,23e85d2c4c59a81a334275a32198e6b8014c5af8ea8d4d5e94ae6b8c849c886e
15,detail,character,951,https://toho-vote.info/result15/character/951.php,投票結果：里の人間（文花帖、求聞史紀、鈴奈庵などで登場した人間） - 第15回 東方Project 人気投票,"[{""kind"":""title"",""text"":""投票結果：里の人間（文花帖、求聞史紀、鈴奈庵などで登場した人間） - 第15回 東方Project 人気投票"",""numbers"":[]},{""kind"":""item_heading"",""text"":""里の人間（文花帖、求聞史紀、鈴奈庵などで登場した人間）（168位）"",""numbers"":[{""raw"":""168位"",""value"":168,""unit"":""位"",""kind"":""number""}]},{""kind"":""item_statistics"",""text"":""ポイント：14点 ｜ 得票数：13票 ｜ 一押し数：1票 ｜ コメント数：9件 リストへ戻る"",""numbers"":[{""raw"":""14点"",""value"":14,""unit"":""点"",""kind"":""number""},{""raw"":""13票"",""value"":13,""unit"":""票"",""kind"":""number""},{""raw"":""1票"",""value"":1,""unit"":""票"",""kind"":""number""},{""raw"":""9件"",""value"":9,""unit"":""件"",""kind"":""number""}]}]",17106,7a5355df84cfb9d271f5ea43271b18f3cd6ff643f4911cc92a0ab0a5ab483fd6
15,detail,character,961,https://toho-vote.info/result15/character/961.php,投票結果：アリスの人形（上海、蓬莱、大江戸 他） - 第15回 東方Project 人気投票,"[{""kind"":""title"",""text"":""投票結果：アリスの人形（上海、蓬莱、大江戸 他） - 第15回 東方Project 人気投票"",""numbers"":[]},{""kind"":""item_heading"",""text"":""アリスの人形（上海、蓬莱、大江戸 他）（112位）"",""numbers"":[{""raw"":""112位"",""value"":112,""unit"":""位"",""kind"":""number""}]},{""kind"":""item_statistics"",""text"":""ポイント：201点 ｜ 得票数：191票 ｜ 一押し数：10票 ｜ コメント数：41件 リストへ戻る"",""numbers"":[{""raw"":""201点"",""value"":201,""unit"":""点"",""kind"":""number""},{""raw"":""191票"",""value"":191,""unit"":""票"",""kind"":""number""},{""raw"":""10票"",""value"":10,""unit"":""票"",""kind"":""number""},{""raw"":""41件"",""value"":41,""unit"":""件"",""kind"":""number""}]}]",18458,b06714e8d41e5ddf0a669d9be30d7182188c3417a8c76ec99f5bbccbc17bc52c
15,detail,character,962,https://toho-vote.info/result15/character/962.php,投票結果：華扇の動物（久米、竿打、雷獣、彭祖、人面犬 他） - 第15回 東方Project 人気投票,"[{""kind"":""title"",""text"":""投票結果：華扇の動物（久米、竿打、雷獣、彭祖、人面犬 他） - 第15回 東方Project 人気投票"",""numbers"":[]},{""kind"":""item_heading"",""text"":""華扇の動物（久米、竿打、雷獣、彭祖、人面犬 他）（171位）"",""numbers"":[{""raw"":""171位"",""value"":171,""unit"":""位"",""kind"":""number""}]},{""kind"":""item_statistics"",""text"":""ポイント：12点 ｜ 得票数：12票 ｜ 一押し数：0票 ｜ コメント数：3件 リストへ戻る"",""numbers"":[{""raw"":""12点"",""value"":12,""unit"":""点"",""kind"":""number""},{""raw"":""12票"",""value"":12,""unit"":""票"",""kind"":""number""},{""raw"":""0票"",""value"":0,""unit"":""票"",""kind"":""number""},{""raw"":""3件"",""value"":3,""unit"":""件"",""kind"":""number""}]}]",16323,2f07f4408a4477b6d03fd11652000f9c83d070042a548b2c59b8beda3fd76410
15,detail,character,963,https://toho-vote.info/result15/character/963.php,投票結果：神降ろしの神霊（天照、伊豆能売 他） - 第15回 東方Project 人気投票,"[{""kind"":""title"",""text"":""投票結果：神降ろしの神霊（天照、伊豆能売 他） - 第15回 東方Project 人気投票"",""numbers"":[]},{""kind"":""item_heading"",""text"":""神降ろしの神霊（天照、伊豆能売 他）（177位）"",""numbers"":[{""raw"":""177位"",""value"":177,""unit"":""位"",""kind"":""number""}]},{""kind"":""item_statistics"",""text"":""ポイント：7点 ｜ 得票数：7票 ｜ 一押し数：0票 ｜ コメント数：4件 リストへ戻る"",""numbers"":[{""raw"":""7点"",""value"":7,""unit"":""点"",""kind"":""number""},{""raw"":""7票"",""value"":7,""unit"":""票"",""kind"":""number""},{""raw"":""0票"",""value"":0,""unit"":""票"",""kind"":""number""},{""raw"":""4件"",""value"":4,""unit"":""件"",""kind"":""number""}]}]",16699,cecd34ced15a21bfcd4bca879e50ecb559ce72d06663082aef947a540837c43d
15,detail,character,964,https://toho-vote.info/result15/character/964.php,投票結果：都市伝説の怪異（お菊さん、八尺さま 他） - 第15回 東方Project 人気投票,"[{""kind"":""title"",""text"":""投票結果：都市伝説の怪異（お菊さん、八尺さま 他） - 第15回 東方Project 人気投票"",""numbers"":[]},{""kind"":""item_heading"",""text"":""都市伝説の怪異（お菊さん、八尺さま 他）（149位）"",""numbers"":[{""raw"":""149位"",""value"":149,""unit"":""位"",""kind"":""number""}]},{""kind"":""item_statistics"",""text"":""ポイント：37点 ｜ 得票数：31票 ｜ 一押し数：6票 ｜ コメント数：11件 リストへ戻る"",""numbers"":[{""raw"":""37点"",""value"":37,""unit"":""点"",""kind"":""number""},{""raw"":""31票"",""value"":31,""unit"":""票"",""kind"":""number""},{""raw"":""6票"",""value"":6,""unit"":""票"",""kind"":""number""},{""raw"":""11件"",""value"":11,""unit"":""件"",""kind"":""number""}]}]",16983,7caac0289d64180c4461a93939aa47be65c87fb65decce7653e00ae87ce12bd6
15,detail,character,965,https://toho-vote.info/result15/character/965.php,投票結果：旧作名無し中ボス - 第15回 東方Project 人気投票,"[{""kind"":""title"",""text"":""投票結果：旧作名無し中ボス - 第15回 東方Project 人気投票"",""numbers"":[]},{""kind"":""item_heading"",""text"":""旧作名無し中ボス（148位）"",""numbers"":[{""raw"":""148位"",""value"":148,""unit"":""位"",""kind"":""number""}]},{""kind"":""item_statistics"",""text"":""ポイント：38点 ｜ 得票数：34票 ｜ 一押し数：4票 ｜ コメント数：13件 リストへ戻る"",""numbers"":[{""raw"":""38点"",""value"":38,""unit"":""点"",""kind"":""number""},{""raw"":""34票"",""value"":34,""unit"":""票"",""kind"":""number""},{""raw"":""4票"",""value"":4,""unit"":""票"",""kind"":""number""},{""raw"":""13件"",""value"":13,""unit"":""件"",""kind"":""number""}]}]",17294,0b9e80284d0667809310fed841ab2db02071595472e6773691d7a32a953f34b3
15,detail,music,1001,https://toho-vote.info/result15/music/1001.php,投票結果：赤より紅い夢 - 第15回 東方Project 人気投票,"[{""kind"":""title"",""text"":""投票結果：赤より紅い夢 - 第15回 東方Project 人気投票"",""numbers"":[]},{""kind"":""item_heading"",""text"":""赤より紅い夢（115位）"",""numbers"":[{""raw"":""115位"",""value"":115,""unit"":""位"",""kind"":""number""}]},{""kind"":""item_statistics"",""text"":""ポイント：392点 ｜ 得票数：342票 ｜ 一押し数：50票 ｜ コメント数：28件 リストへ戻る"",""numbers"":[{""raw"":""392点"",""value"":392,""unit"":""点"",""kind"":""number""},{""raw"":""342票"",""value"":342,""unit"":""票"",""kind"":""number""},{""raw"":""50票"",""value"":50,""unit"":""票"",""kind"":""number""},{""raw"":""28件"",""value"":28,""unit"":""件"",""kind"":""number""}]}]",18647,3bc231707f881b3f426ba194604201a45c5361f993715cc1a3b978ab38861dec
15,detail,music,1002,https://toho-vote.info/result15/music/1002.php,投票結果：ほおずきみたいに紅い魂 - 第15回 東方Project 人気投票,"[{""kind"":""title"",""text"":""投票結果：ほおずきみたいに紅い魂 - 第15回 東方Project 人気投票"",""numbers"":[]},{""kind"":""item_heading"",""text"":""ほおずきみたいに紅い魂（92位）"",""numbers"":[{""raw"":""92位"",""value"":92,""unit"":""位"",""kind"":""number""}]},{""kind"":""item_statistics"",""text"":""ポイント：566点 ｜ 得票数：502票 ｜ 一押し数：64票 ｜ コメント数：34件 リストへ戻る"",""numbers"":[{""raw"":""566点"",""value"":566,""unit"":""点"",""kind"":""number""},{""raw"":""502票"",""value"":502,""unit"":""票"",""kind"":""number""},{""raw"":""64票"",""value"":64,""unit"":""票"",""kind"":""number""},{""raw"":""34件"",""value"":34,""unit"":""件"",""kind"":""number""}]}]",19017,049a27a7f3b47ed40caa625ec9b92ec87646ce60e0c0ad11c46423c98eaa5070
15,detail,music,1003,https://toho-vote.info/result15/music/1003.php,投票結果：妖魔夜行 - 第15回 東方Project 人気投票,"[{""kind"":""title"",""text"":""投票結果：妖魔夜行 - 第15回 東方Project 人気投票"",""numbers"":[]},{""kind"":""item_heading"",""text"":""妖魔夜行（37位）"",""numbers"":[{""raw"":""37位"",""value"":37,""unit"":""位"",""kind"":""number""}]},{""kind"":""item_statistics"",""text"":""ポイント：1192点 ｜ 得票数：1018票 ｜ 一押し数：174票 ｜ コメント数：84件 リストへ戻る"",""numbers"":[{""raw"":""1192点"",""value"":1192,""unit"":""点"",""kind"":""number""},{""raw"":""1018票"",""value"":1018,""unit"":""票"",""kind"":""number""},{""raw"":""174票"",""value"":174,""unit"":""票"",""kind"":""number""},{""raw"":""84件"",""value"":84,""unit"":""件"",""kind"":""number""}]}]",23022,888915259a563bf71c0bcf6ecb42af863e32e71bc1e911c8556568343545691b
15,detail,music,1004,https://toho-vote.info/result15/music/1004.php,投票結果：ルーネイトエルフ - 第15回 東方Project 人気投票,"[{""kind"":""title"",""text"":""投票結果：ルーネイトエルフ - 第15回 東方Project 人気投票"",""numbers"":[]},{""kind"":""item_heading"",""text"":""ルーネイトエルフ（99位）"",""numbers"":[{""raw"":""99位"",""value"":99,""unit"":""位"",""kind"":""number""}]},{""kind"":""item_statistics"",""text"":""ポイント：508点 ｜ 得票数：452票 ｜ 一押し数：56票 ｜ コメント数：45件 リストへ戻る"",""numbers"":[{""raw"":""508点"",""value"":508,""unit"":""点"",""kind"":""number""},{""raw"":""452票"",""value"":452,""unit"":""票"",""kind"":""number""},{""raw"":""56票"",""value"":56,""unit"":""票"",""kind"":""number""},{""raw"":""45件"",""value"":45,""unit"":""件"",""kind"":""number""}]}]",20675,2c8127114bee2930a43e311847cb441dfa3e61ceeed2672621f95683f61ed6e1
15,detail,music,1005,https://toho-vote.info/result15/music/1005.php,投票結果：おてんば恋娘 - 第15回 東方Project 人気投票,"[{""kind"":""title"",""text"":""投票結果：おてんば恋娘 - 第15回 東方Project 人気投票"",""numbers"":[]},{""kind"":""item_heading"",""text"":""おてんば恋娘（25位）"",""numbers"":[{""raw"":""25位"",""value"":25,""unit"":""位"",""kind"":""number""}]},{""kind"":""item_statistics"",""text"":""ポイント：1515点 ｜ 得票数：1173票 ｜ 一押し数：210票 ｜ コメント数：128件 リストへ戻る"",""numbers"":[{""raw"":""1515点"",""value"":1515,""unit"":""点"",""kind"":""number""},{""raw"":""1173票"",""value"":1173,""unit"":""票"",""kind"":""number""},{""raw"":""210票"",""value"":210,""unit"":""票"",""kind"":""number""},{""raw"":""128件"",""value"":128,""unit"":""件"",""kind"":""number""}]}]",27826,41c2101f097a3ed06e0630f613daab21df8445c109a3ef8a3b45e28a6daac30a
15,detail,music,1006,https://toho-vote.info/result15/music/1006.php,投票結果：上海紅茶館 ～ Chinese Tea - 第15回 東方Project 人気投票,"[{""kind"":""title"",""text"":""投票結果：上海紅茶館 ～ Chinese Tea - 第15回 東方Project 人気投票"",""numbers"":[]},{""kind"":""item_heading"",""text"":""上海紅茶館 ～ Chinese Tea（9位）"",""numbers"":[{""raw"":""9位"",""value"":9,""unit"":""位"",""kind"":""number""}]},{""kind"":""item_statistics"",""text"":""ポイント：3118点 ｜ 得票数：2444票 ｜ 一押し数：505票 ｜ コメント数：213件 リストへ戻る"",""numbers"":[{""raw"":""3118点"",""value"":3118,""unit"":""点"",""kind"":""number""},{""raw"":""2444票"",""value"":2444,""unit"":""票"",""kind"":""number""},{""raw"":""505票"",""value"":505,""unit"":""票"",""kind"":""number""},{""raw"":""213件"",""value"":213,""unit"":""件"",""kind"":""number""}]}]",35617,da7c4180013fae48a14a2ef70671622b2423a134ed27dbd3f332d4679668ce9d
15,detail,music,1007,https://toho-vote.info/result15/music/1007.php,投票結果：明治十七年の上海アリス - 第15回 東方Project 人気投票,"[{""kind"":""title"",""text"":""投票結果：明治十七年の上海アリス - 第15回 東方Project 人気投票"",""numbers"":[]},{""kind"":""item_heading"",""text"":""明治十七年の上海アリス（35位）"",""numbers"":[{""raw"":""35位"",""value"":35,""unit"":""位"",""kind"":""number""}]},{""kind"":""item_statistics"",""text"":""ポイント：1236点 ｜ 得票数：991票 ｜ 一押し数：154票 ｜ コメント数：72件 リストへ戻る"",""numbers"":[{""raw"":""1236点"",""value"":1236,""unit"":""点"",""kind"":""number""},{""raw"":""991票"",""value"":991,""unit"":""票"",""kind"":""number""},{""raw"":""154票"",""value"":154,""unit"":""票"",""kind"":""number""},{""raw"":""72件"",""value"":72,""unit"":""件"",""kind"":""number""}]}]",24503,b034a1c436c8c700415c7413f73c8dbfd919265cdce28bc1c0925cb2d7053cb8
15,detail,music,1008,https://toho-vote.info/result15/music/1008.php,投票結果：ヴワル魔法図書館 - 第15回 東方Project 人気投票,"[{""kind"":""title"",""text"":""投票結果：ヴワル魔法図書館 - 第15回 東方Project 人気投票"",""numbers"":[]},{""kind"":""item_heading"",""text"":""ヴワル魔法図書館（109位）"",""numbers"":[{""raw"":""109位"",""value"":109,""unit"":""位"",""kind"":""number""}]},{""kind"":""item_statistics"",""text"":""ポイント：434点 ｜ 得票数：322票 ｜ 一押し数：33票 ｜ コメント数：21件 リストへ戻る"",""numbers"":[{""raw"":""434点"",""value"":434,""unit"":""点"",""kind"":""number""},{""raw"":""322票"",""value"":322,""unit"":""票"",""kind"":""number""},{""raw"":""33票"",""value"":33,""unit"":""票"",""kind"":""number""},{""raw"":""21件"",""value"":21,""unit"":""件"",""kind"":""number""}]}]",18805,d5661783e2c6fc18d008a1de5786c1bfd537fa6d2a1f37f99dfea968174674ef
15,detail,music,1009,https://toho-vote.info/result15/music/1009.php,投票結果：ラクトガール ～ 少女密室 - 第15回 東方Project 人気投票,"[{""kind"":""title"",""text"":""投票結果：ラクトガール ～ 少女密室 - 第15回 東方Project 人気投票"",""numbers"":[]},{""kind"":""item_heading"",""text"":""ラクトガール ～ 少女密室（56位）"",""numbers"":[{""raw"":""56位"",""value"":56,""unit"":""位"",""kind"":""number""}]},{""kind"":""item_statistics"",""text"":""ポイント：923点 ｜ 得票数：704票 ｜ 一押し数：95票 ｜ コメント数：43件 リストへ戻る"",""numbers"":[{""raw"":""923点"",""value"":923,""unit"":""点"",""kind"":""number""},{""raw"":""704票"",""value"":704,""unit"":""票"",""kind"":""number""},{""raw"":""95票"",""value"":95,""unit"":""票"",""kind"":""number""},{""raw"":""43件"",""value"":43,""unit"":""件"",""kind"":""number""}]}]",21432,f4f57c1dda7c909161f1b4f972dec08d33f305bb12962e6e613f1ce4755b91a0
15,detail,music,1010,https://toho-vote.info/result15/music/1010.php,投票結果：メイドと血の懐中時計 - 第15回 東方Project 人気投票,"[{""kind"":""title"",""text"":""投票結果：メイドと血の懐中時計 - 第15回 東方Project 人気投票"",""numbers"":[]},{""kind"":""item_heading"",""text"":""メイドと血の懐中時計（54位）"",""numbers"":[{""raw"":""54位"",""value"":54,""unit"":""位"",""kind"":""number""}]},{""kind"":""item_statistics"",""text"":""ポイント：936点 ｜ 得票数：777票 ｜ 一押し数：82票 ｜ コメント数：58件 リストへ戻る"",""numbers"":[{""raw"":""936点"",""value"":936,""unit"":""点"",""kind"":""number""},{""raw"":""777票"",""value"":777,""unit"":""票"",""kind"":""number""},{""raw"":""82票"",""value"":82,""unit"":""票"",""kind"":""number""},{""raw"":""58件"",""value"":58,""unit"":""件"",""kind"":""number""}]}]",22628,2a0e0dd6fbc6c477d47c92e71aebd1211740e39b3c81677f040ef5161ef93748
15,detail,music,1011,https://toho-vote.info/result15/music/1011.php,投票結果：月時計 ～ ルナ・ダイアル - 第15回 東方Project 人気投票,"[{""kind"":""title"",""text"":""投票結果：月時計 ～ ルナ・ダイアル - 第15回 東方Project 人気投票"",""numbers"":[]},{""kind"":""item_heading"",""text"":""月時計 ～ ルナ・ダイアル（19位）"",""numbers"":[{""raw"":""19位"",""value"":19,""unit"":""位"",""kind"":""number""}]},{""kind"":""item_statistics"",""text"":""ポイント：1969点 ｜ 得票数：1574票 ｜ 一押し数：234票 ｜ コメント数：124件 リストへ戻る"",""numbers"":[{""raw"":""1969点"",""value"":1969,""unit"":""点"",""kind"":""number""},{""raw"":""1574票"",""value"":1574,""unit"":""票"",""kind"":""number""},{""raw"":""234票"",""value"":234,""unit"":""票"",""kind"":""number""},{""raw"":""124件"",""value"":124,""unit"":""件"",""kind"":""number""}]}]",28395,d51fd24596aa00ff818b7751ae42357a3d955605cad3aa2aae035f6bf36a7c40
15,detail,music,1012,https://toho-vote.info/result15/music/1012.php,投票結果：ツェペシュの幼き末裔 - 第15回 東方Project 人気投票,"[{""kind"":""title"",""text"":""投票結果：ツェペシュの幼き末裔 - 第15回 東方Project 人気投票"",""numbers"":[]},{""kind"":""item_heading"",""text"":""ツェペシュの幼き末裔（152位）"",""numbers"":[{""raw"":""152位"",""value"":152,""unit"":""位"",""kind"":""number""}]},{""kind"":""item_statistics"",""text"":""ポイント：282点 ｜ 得票数：268票 ｜ 一押し数：14票 ｜ コメント数：28件 リストへ戻る"",""numbers"":[{""raw"":""282点"",""value"":282,""unit"":""点"",""kind"":""number""},{""raw"":""268票"",""value"":268,""unit"":""票"",""kind"":""number""},{""raw"":""14票"",""value"":14,""unit"":""票"",""kind"":""number""},{""raw"":""28件"",""value"":28,""unit"":""件"",""kind"":""number""}]}]",19034,b54c4c04548a827d4c8f00ce0d83c43cf8518f9b1700acbc84b80c13df0ba88e
15,detail,music,1013,https://toho-vote.info/result15/music/1013.php,投票結果：亡き王女の為のセプテット - 第15回 東方Project 人気投票,"[{""kind"":""title"",""text"":""投票結果：亡き王女の為のセプテット - 第15回 東方Project 人気投票"",""numbers"":[]},{""kind"":""item_heading"",""text"":""亡き王女の為のセプテット（1位）"",""numbers"":[{""raw"":""1位"",""value"":1,""unit"":""位"",""kind"":""number""}]},{""kind"":""item_statistics"",""text"":""ポイント：5757点 ｜ 得票数：4300票 ｜ 一押し数：1158票 ｜ コメント数：389件 リストへ戻る"",""numbers"":[{""raw"":""5757点"",""value"":5757,""unit"":""点"",""kind"":""number""},{""raw"":""4300票"",""value"":4300,""unit"":""票"",""kind"":""number""},{""raw"":""1158票"",""value"":1158,""unit"":""票"",""kind"":""number""},{""raw"":""389件"",""value"":389,""unit"":""件"",""kind"":""number""}]}]",50561,463496e3d1084b8a75975bd11f6d42dd778cfbc5dc249a40e6edfeb6d035bf6c
15,detail,music,1014,https://toho-vote.info/result15/music/1014.php,投票結果：魔法少女達の百年祭 - 第15回 東方Project 人気投票,"[{""kind"":""title"",""text"":""投票結果：魔法少女達の百年祭 - 第15回 東方Project 人気投票"",""numbers"":[]},{""kind"":""item_heading"",""text"":""魔法少女達の百年祭（26位）"",""numbers"":[{""raw"":""26位"",""value"":26,""unit"":""位"",""kind"":""number""}]},{""kind"":""item_statistics"",""text"":""ポイント：1501点 ｜ 得票数：1359票 ｜ 一押し数：142票 ｜ コメント数：104件 リストへ戻る"",""numbers"":[{""raw"":""1501点"",""value"":1501,""unit"":""点"",""kind"":""number""},{""raw"":""1359票"",""value"":1359,""unit"":""票"",""kind"":""number""},{""raw"":""142票"",""value"":142,""unit"":""票"",""kind"":""number""},{""raw"":""104件"",""value"":104,""unit"":""件"",""kind"":""number""}]}]",25550,1f46594dd2a138650be0aceabac1d184687b90bd6628f70ee39ac9f14665773d
15,detail,music,1015,https://toho-vote.info/result15/music/1015.php,投票結果：U.N.オーエンは彼女なのか？ - 第15回 東方Project 人気投票,"[{""kind"":""title"",""text"":""投票結果：U.N.オーエンは彼女なのか？ - 第15回 東方Project 人気投票"",""numbers"":[]},{""kind"":""item_heading"",""text"":""U.N.オーエンは彼女なのか？（2位）"",""numbers"":[{""raw"":""2位"",""value"":2,""unit"":""位"",""kind"":""number""}]},{""kind"":""item_statistics"",""text"":""ポイント：5529点 ｜ 得票数：4322票 ｜ 一押し数：1152票 ｜ コメント数：384件 リストへ戻る"",""numbers"":[{""raw"":""5529点"",""value"":5529,""unit"":""点"",""kind"":""number""},{""raw"":""4322票"",""value"":4322,""unit"":""票"",""kind"":""number""},{""raw"":""1152票"",""value"":1152,""unit"":""票"",""kind"":""number""},{""raw"":""384件"",""value"":384,""unit"":""件"",""kind"":""number""}]}]",48909,b16091476005a57bd5457749bfd7c5989ea189c8fa4dd3b625c4674bcc5dc238
15,detail,music,1016,https://toho-vote.info/result15/music/1016.php,投票結果：紅より儚い永遠 - 第15回 東方Project 人気投票,"[{""kind"":""title"",""text"":""投票結果：紅より儚い永遠 - 第15回 東方Project 人気投票"",""numbers"":[]},{""kind"":""item_heading"",""text"":""紅より儚い永遠（231位）"",""numbers"":[{""raw"":""231位"",""value"":231,""unit"":""位"",""kind"":""number""}]},{""kind"":""item_statistics"",""text"":""ポイント：114点 ｜ 得票数：105票 ｜ 一押し数：9票 ｜ コメント数：7件 リストへ戻る"",""numbers"":[{""raw"":""114点"",""value"":114,""unit"":""点"",""kind"":""number""},{""raw"":""105票"",""value"":105,""unit"":""票"",""kind"":""number""},{""raw"":""9票"",""value"":9,""unit"":""票"",""kind"":""number""},{""raw"":""7件"",""value"":7,""unit"":""件"",""kind"":""number""}]}]",16758,a440ae9db086e08c4e60144e000f45e250783fe6f73a4810c12f1cbc491f5fff
15,detail,music,1017,https://toho-vote.info/result15/music/1017.php,投票結果：紅楼 ～ Eastern Dream... - 第15回 東方Project 人気投票,"[{""kind"":""title"",""text"":""投票結果：紅楼 ～ Eastern Dream... - 第15回 東方Project 人気投票"",""numbers"":[]},{""kind"":""item_heading"",""text"":""紅楼 ～ Eastern Dream...（58位）"",""numbers"":[{""raw"":""58位"",""value"":58,""unit"":""位"",""kind"":""number""}]},{""kind"":""item_statistics"",""text"":""ポイント：881点 ｜ 得票数：804票 ｜ 一押し数：77票 ｜ コメント数：83件 リストへ戻る"",""numbers"":[{""raw"":""881点"",""value"":881,""unit"":""点"",""kind"":""number""},{""raw"":""804票"",""value"":804,""unit"":""票"",""kind"":""number""},{""raw"":""77票"",""value"":77,""unit"":""票"",""kind"":""number""},{""raw"":""83件"",""value"":83,""unit"":""件"",""kind"":""number""}]}]",23759,0aa27fc1410ee693adad42fe20cea8015695576f6b12d32f12eff7ac9f73c116
15,detail,music,1018,https://toho-vote.info/result15/music/1018.php,投票結果：妖々夢 ～ Snow or Cherry Petal - 第15回 東方Project 人気投票,"[{""kind"":""title"",""text"":""投票結果：妖々夢 ～ Snow or Cherry Petal - 第15回 東方Project 人気投票"",""numbers"":[]},{""kind"":""item_heading"",""text"":""妖々夢 ～ Snow or Cherry Petal（177位）"",""numbers"":[{""raw"":""177位"",""value"":177,""unit"":""位"",""kind"":""number""}]},{""kind"":""item_statistics"",""text"":""ポイント：210点 ｜ 得票数：196票 ｜ 一押し数：14票 ｜ コメント数：10件 リストへ戻る"",""numbers"":[{""raw"":""210点"",""value"":210,""unit"":""点"",""kind"":""number""},{""raw"":""196票"",""value"":196,""unit"":""票"",""kind"":""number""},{""raw"":""14票"",""value"":14,""unit"":""票"",""kind"":""number""},{""raw"":""10件"",""value"":10,""unit"":""件"",""kind"":""number""}]}]",17152,9b24bc84605ba597197b876915985d178e2d761908b145e36d0595cbde310145
15,detail,music,1019,https://toho-vote.info/result15/music/1019.php,投票結果：無何有の郷 ～ Deep Mountain - 第15回 東方Project 人気投票,"[{""kind"":""title"",""text"":""投票結果：無何有の郷 ～ Deep Mountain - 第15回 東方Project 人気投票"",""numbers"":[]},{""kind"":""item_heading"",""text"":""無何有の郷 ～ Deep Mountain（105位）"",""numbers"":[{""raw"":""105位"",""value"":105,""unit"":""位"",""kind"":""number""}]},{""kind"":""item_statistics"",""text"":""ポイント：461点 ｜ 得票数：420票 ｜ 一押し数：41票 ｜ コメント数：45件 リストへ戻る"",""numbers"":[{""raw"":""461点"",""value"":461,""unit"":""点"",""kind"":""number""},{""raw"":""420票"",""value"":420,""unit"":""票"",""kind"":""number""},{""raw"":""41票"",""value"":41,""unit"":""票"",""kind"":""number""},{""raw"":""45件"",""value"":45,""unit"":""件"",""kind"":""number""}]}]",20343,4e0385ff2ba54cb3add4d6870a801c4488aee86dfc12430d8760c9608d1171f3
15,detail,music,1020,https://toho-vote.info/result15/music/1020.php,投票結果：クリスタライズシルバー - 第15回 東方Project 人気投票,"[{""kind"":""title"",""text"":""投票結果：クリスタライズシルバー - 第15回 東方Project 人気投票"",""numbers"":[]},{""kind"":""item_heading"",""text"":""クリスタライズシルバー（171位）"",""numbers"":[{""raw"":""171位"",""value"":171,""unit"":""位"",""kind"":""number""}]},{""kind"":""item_statistics"",""text"":""ポイント：225点 ｜ 得票数：206票 ｜ 一押し数：19票 ｜ コメント数：21件 リストへ戻る"",""numbers"":[{""raw"":""225点"",""value"":225,""unit"":""点"",""kind"":""number""},{""raw"":""206票"",""value"":206,""unit"":""票"",""kind"":""number""},{""raw"":""19票"",""value"":19,""unit"":""票"",""kind"":""number""},{""raw"":""21件"",""value"":21,""unit"":""件"",""kind"":""number""}]}]",18043,703485aaa3a3251b4cb52c9937564d399903453dee7524f82bdf6f048d9528b5
15,detail,music,1021,https://toho-vote.info/result15/music/1021.php,投票結果：遠野幻想物語 - 第15回 東方Project 人気投票,"[{""kind"":""title"",""text"":""投票結果：遠野幻想物語 - 第15回 東方Project 人気投票"",""numbers"":[]},{""kind"":""item_heading"",""text"":""遠野幻想物語（41位）"",""numbers"":[{""raw"":""41位"",""value"":41,""unit"":""位"",""kind"":""number""}]},{""kind"":""item_statistics"",""text"":""ポイント：1135点 ｜ 得票数：1020票 ｜ 一押し数：115票 ｜ コメント数：85件 リストへ戻る"",""numbers"":[{""raw"":""1135点"",""value"":1135,""unit"":""点"",""kind"":""number""},{""raw"":""1020票"",""value"":1020,""unit"":""票"",""kind"":""number""},{""raw"":""115票"",""value"":115,""unit"":""票"",""kind"":""number""},{""raw"":""85件"",""value"":85,""unit"":""件"",""kind"":""number""}]}]",23322,7b4c92f685d6e6fd1a5450c05ad8159188ef5a4f58c1aadaf71b89b442713611
15,detail,music,1022,https://toho-vote.info/result15/music/1022.php,投票結果：ティアオイエツォン(withered leaf) - 第15回 東方Project 人気投票,"[{""kind"":""title"",""text"":""投票結果：ティアオイエツォン(withered leaf) - 第15回 東方Project 人気投票"",""numbers"":[]},{""kind"":""item_heading"",""text"":""ティアオイエツォン(withered leaf)（166位）"",""numbers"":[{""raw"":""166位"",""value"":166,""unit"":""位"",""kind"":""number""}]},{""kind"":""item_statistics"",""text"":""ポイント：235点 ｜ 得票数：215票 ｜ 一押し数：20票 ｜ コメント数：21件 リストへ戻る"",""numbers"":[{""raw"":""235点"",""value"":235,""unit"":""点"",""kind"":""number""},{""raw"":""215票"",""value"":215,""unit"":""票"",""kind"":""number""},{""raw"":""20票"",""value"":20,""unit"":""票"",""kind"":""number""},{""raw"":""21件"",""value"":21,""unit"":""件"",""kind"":""number""}]}]",17949,6cc0ef865197330b988b4017a873dcc58cae568ba4636f01ee8ba7776bb391d6
15,detail,music,1023,https://toho-vote.info/result15/music/1023.php,投票結果：ブクレシュティの人形師 - 第15回 東方Project 人気投票,"[{""kind"":""title"",""text"":""投票結果：ブクレシュティの人形師 - 第15回 東方Project 人気投票"",""numbers"":[]},{""kind"":""item_heading"",""text"":""ブクレシュティの人形師（94位）"",""numbers"":[{""raw"":""94位"",""value"":94,""unit"":""位"",""kind"":""number""}]},{""kind"":""item_statistics"",""text"":""ポイント：557点 ｜ 得票数：395票 ｜ 一押し数：55票 ｜ コメント数：31件 リストへ戻る"",""numbers"":[{""raw"":""557点"",""value"":557,""unit"":""点"",""kind"":""number""},{""raw"":""395票"",""value"":395,""unit"":""票"",""kind"":""number""},{""raw"":""55票"",""value"":55,""unit"":""票"",""kind"":""number""},{""raw"":""31件"",""value"":31,""unit"":""件"",""kind"":""number""}]}]",19878,60dc43397ac2542733141ce0e43b155938816a9b78eed18333bcf21a3fe59671
15,detail,music,1025,https://toho-vote.info/result15/music/1025.php,投票結果：天空の花の都 - 第15回 東方Project 人気投票,"[{""kind"":""title"",""text"":""投票結果：天空の花の都 - 第15回 東方Project 人気投票"",""numbers"":[]},{""kind"":""item_heading"",""text"":""天空の花の都（79位）"",""numbers"":[{""raw"":""79位"",""value"":79,""unit"":""位"",""kind"":""number""}]},{""kind"":""item_statistics"",""text"":""ポイント：659点 ｜ 得票数：583票 ｜ 一押し数：76票 ｜ コメント数：66件 リストへ戻る"",""numbers"":[{""raw"":""659点"",""value"":659,""unit"":""点"",""kind"":""number""},{""raw"":""583票"",""value"":583,""unit"":""票"",""kind"":""number""},{""raw"":""76票"",""value"":76,""unit"":""票"",""kind"":""number""},{""raw"":""66件"",""value"":66,""unit"":""件"",""kind"":""number""}]}]",23141,54119988ef1fb020aa8d8a5dbeb4f0561c7e418654fcee32a21d4a90cef10c7b
15,detail,music,1026,https://toho-vote.info/result15/music/1026.php,投票結果：幽霊楽団 ～ Phantom Ensemble - 第15回 東方Project 人気投票,"[{""kind"":""title"",""text"":""投票結果：幽霊楽団 ～ Phantom Ensemble - 第15回 東方Project 人気投票"",""numbers"":[]},{""kind"":""item_heading"",""text"":""幽霊楽団 ～ Phantom Ensemble（15位）"",""numbers"":[{""raw"":""15位"",""value"":15,""unit"":""位"",""kind"":""number""}]},{""kind"":""item_statistics"",""text"":""ポイント：2336点 ｜ 得票数：1846票 ｜ 一押し数：289票 ｜ コメント数：195件 リストへ戻る"",""numbers"":[{""raw"":""2336点"",""value"":2336,""unit"":""点"",""kind"":""number""},{""raw"":""1846票"",""value"":1846,""unit"":""票"",""kind"":""number""},{""raw"":""289票"",""value"":289,""unit"":""票"",""kind"":""number""},{""raw"":""195件"",""value"":195,""unit"":""件"",""kind"":""number""}]}]",34583,f357648cef45960dee219e13a496586a3ae295e1602aa21b62ce4824cc97d309
15,detail,music,1027,https://toho-vote.info/result15/music/1027.php,投票結果：東方妖々夢 ～ Ancient Temple - 第15回 東方Project 人気投票,"[{""kind"":""title"",""text"":""投票結果：東方妖々夢 ～ Ancient Temple - 第15回 東方Project 人気投票"",""numbers"":[]},{""kind"":""item_heading"",""text"":""東方妖々夢 ～ Ancient Temple（59位）"",""numbers"":[{""raw"":""59位"",""value"":59,""unit"":""位"",""kind"":""number""}]},{""kind"":""item_statistics"",""text"":""ポイント：869点 ｜ 得票数：644票 ｜ 一押し数：108票 ｜ コメント数：62件 リストへ戻る"",""numbers"":[{""raw"":""869点"",""value"":869,""unit"":""点"",""kind"":""number""},{""raw"":""644票"",""value"":644,""unit"":""票"",""kind"":""number""},{""raw"":""108票"",""value"":108,""unit"":""票"",""kind"":""number""},{""raw"":""62件"",""value"":62,""unit"":""件"",""kind"":""number""}]}]",22430,f2e621e88debc2832d0b5c1422fd1edd98827fc868c1f48aa28e6b7793601da4
15,detail,music,1028,https://toho-vote.info/result15/music/1028.php,投票結果：広有射怪鳥事 ～ Till When? - 第15回 東方Project 人気投票,"[{""kind"":""title"",""text"":""投票結果：広有射怪鳥事 ～ Till When? - 第15回 東方Project 人気投票"",""numbers"":[]},{""kind"":""item_heading"",""text"":""広有射怪鳥事 ～ Till When?（51位）"",""numbers"":[{""raw"":""51位"",""value"":51,""unit"":""位"",""kind"":""number""}]},{""kind"":""item_statistics"",""text"":""ポイント：1003点 ｜ 得票数：755票 ｜ 一押し数：124票 ｜ コメント数：58件 リストへ戻る"",""numbers"":[{""raw"":""1003点"",""value"":1003,""unit"":""点"",""kind"":""number""},{""raw"":""755票"",""value"":755,""unit"":""票"",""kind"":""number""},{""raw"":""124票"",""value"":124,""unit"":""票"",""kind"":""number""},{""raw"":""58件"",""value"":58,""unit"":""件"",""kind"":""number""}]}]",22238,b328aeab56a2a3ea2a32cc2afa98b1f66943c20a78fd477f2686290f3c25d578
15,detail,music,1029,https://toho-vote.info/result15/music/1029.php,投票結果：アルティメットトゥルース - 第15回 東方Project 人気投票,"[{""kind"":""title"",""text"":""投票結果：アルティメットトゥルース - 第15回 東方Project 人気投票"",""numbers"":[]},{""kind"":""item_heading"",""text"":""アルティメットトゥルース（97位）"",""numbers"":[{""raw"":""97位"",""value"":97,""unit"":""位"",""kind"":""number""}]},{""kind"":""item_statistics"",""text"":""ポイント：522点 ｜ 得票数：478票 ｜ 一押し数：44票 ｜ コメント数：53件 リストへ戻る"",""numbers"":[{""raw"":""522点"",""value"":522,""unit"":""点"",""kind"":""number""},{""raw"":""478票"",""value"":478,""unit"":""票"",""kind"":""number""},{""raw"":""44票"",""value"":44,""unit"":""票"",""kind"":""number""},{""raw"":""53件"",""value"":53,""unit"":""件"",""kind"":""number""}]}]",21622,c05cc515f433abe52428a11dd3ac371089f5b31f678f518ed01df936c0a3bc5d
15,detail,music,1030,https://toho-vote.info/result15/music/1030.php,投票結果：幽雅に咲かせ、墨染の桜 ～ Border of Life - 第15回 東方Project 人気投票,"[{""kind"":""title"",""text"":""投票結果：幽雅に咲かせ、墨染の桜 ～ Border of Life - 第15回 東方Project 人気投票"",""numbers"":[]},{""kind"":""item_heading"",""text"":""幽雅に咲かせ、墨染の桜 ～ Border of Life（5位）"",""numbers"":[{""raw"":""5位"",""value"":5,""unit"":""位"",""kind"":""number""}]},{""kind"":""item_statistics"",""text"":""ポイント：3625点 ｜ 得票数：2874票 ｜ 一押し数：507票 ｜ コメント数：247件 リストへ戻る"",""numbers"":[{""raw"":""3625点"",""value"":3625,""unit"":""点"",""kind"":""number""},{""raw"":""2874票"",""value"":2874,""unit"":""票"",""kind"":""number""},{""raw"":""507票"",""value"":507,""unit"":""票"",""kind"":""number""},{""raw"":""247件"",""value"":247,""unit"":""件"",""kind"":""number""}]}]",40057,f0c07635c1d0e5907173438cc04c14f76d9c0d858a94039e6bad6b61b2974253
15,detail,music,1031,https://toho-vote.info/result15/music/1031.php,投票結果：ボーダーオブライフ - 第15回 東方Project 人気投票,"[{""kind"":""title"",""text"":""投票結果：ボーダーオブライフ - 第15回 東方Project 人気投票"",""numbers"":[]},{""kind"":""item_heading"",""text"":""ボーダーオブライフ（68位）"",""numbers"":[{""raw"":""68位"",""value"":68,""unit"":""位"",""kind"":""number""}]},{""kind"":""item_statistics"",""text"":""ポイント：782点 ｜ 得票数：722票 ｜ 一押し数：60票 ｜ コメント数：81件 リストへ戻る"",""numbers"":[{""raw"":""782点"",""value"":782,""unit"":""点"",""kind"":""number""},{""raw"":""722票"",""value"":722,""unit"":""票"",""kind"":""number""},{""raw"":""60票"",""value"":60,""unit"":""票"",""kind"":""number""},{""raw"":""81件"",""value"":81,""unit"":""件"",""kind"":""number""}]}]",24082,966dcabc0f0915cb5f60d0618b5664627ae23e93ffa0f067ebee4937d94d4ea1
15,detail,music,1032,https://toho-vote.info/result15/music/1032.php,投票結果：妖々跋扈 - 第15回 東方Project 人気投票,"[{""kind"":""title"",""text"":""投票結果：妖々跋扈 - 第15回 東方Project 人気投票"",""numbers"":[]},{""kind"":""item_heading"",""text"":""妖々跋扈（181位）"",""numbers"":[{""raw"":""181位"",""value"":181,""unit"":""位"",""kind"":""number""}]},{""kind"":""item_statistics"",""text"":""ポイント：194点 ｜ 得票数：177票 ｜ 一押し数：17票 ｜ コメント数：18件 リストへ戻る"",""numbers"":[{""raw"":""194点"",""value"":194,""unit"":""点"",""kind"":""number""},{""raw"":""177票"",""value"":177,""unit"":""票"",""kind"":""number""},{""raw"":""17票"",""value"":17,""unit"":""票"",""kind"":""number""},{""raw"":""18件"",""value"":18,""unit"":""件"",""kind"":""number""}]}]",18069,186d8b4a865f8e47141dd645771888029581faf87f2d178788f6f4278e8bff9e
15,detail,music,1033,https://toho-vote.info/result15/music/1033.php,投票結果：少女幻葬 ～ Necro-Fantasy - 第15回 東方Project 人気投票,"[{""kind"":""title"",""text"":""投票結果：少女幻葬 ～ Necro-Fantasy - 第15回 東方Project 人気投票"",""numbers"":[]},{""kind"":""item_heading"",""text"":""少女幻葬 ～ Necro-Fantasy（84位）"",""numbers"":[{""raw"":""84位"",""value"":84,""unit"":""位"",""kind"":""number""}]},{""kind"":""item_statistics"",""text"":""ポイント：626点 ｜ 得票数：529票 ｜ 一押し数：68票 ｜ コメント数：59件 リストへ戻る"",""numbers"":[{""raw"":""626点"",""value"":626,""unit"":""点"",""kind"":""number""},{""raw"":""529票"",""value"":529,""unit"":""票"",""kind"":""number""},{""raw"":""68票"",""value"":68,""unit"":""票"",""kind"":""number""},{""raw"":""59件"",""value"":59,""unit"":""件"",""kind"":""number""}]}]",21864,204478988252b717671a0dd24144a75dbed97eda9cf0bf57cbab363ef0e4002e
15,detail,music,1034,https://toho-vote.info/result15/music/1034.php,投票結果：妖々跋扈 ～ Who done it! - 第15回 東方Project 人気投票,"[{""kind"":""title"",""text"":""投票結果：妖々跋扈 ～ Who done it! - 第15回 東方Project 人気投票"",""numbers"":[]},{""kind"":""item_heading"",""text"":""妖々跋扈 ～ Who done it!（165位）"",""numbers"":[{""raw"":""165位"",""value"":165,""unit"":""位"",""kind"":""number""}]},{""kind"":""item_statistics"",""text"":""ポイント：237点 ｜ 得票数：191票 ｜ 一押し数：14票 ｜ コメント数：19件 リストへ戻る"",""numbers"":[{""raw"":""237点"",""value"":237,""unit"":""点"",""kind"":""number""},{""raw"":""191票"",""value"":191,""unit"":""票"",""kind"":""number""},{""raw"":""14票"",""value"":14,""unit"":""票"",""kind"":""number""},{""raw"":""19件"",""value"":19,""unit"":""件"",""kind"":""number""}]}]",19018,f3dedb96ed572b378a1865abade45d431d67d7d40dc7c75cecf3b938579001f3
15,detail,music,1035,https://toho-vote.info/result15/music/1035.php,投票結果：ネクロファンタジア - 第15回 東方Project 人気投票,"[{""kind"":""title"",""text"":""投票結果：ネクロファンタジア - 第15回 東方Project 人気投票"",""numbers"":[]},{""kind"":""item_heading"",""text"":""ネクロファンタジア（7位）"",""numbers"":[{""raw"":""7位"",""value"":7,""unit"":""位"",""kind"":""number""}]},{""kind"":""item_statistics"",""text"":""ポイント：3355点 ｜ 得票数：2760票 ｜ 一押し数：398票 ｜ コメント数：248件 リストへ戻る"",""numbers"":[{""raw"":""3355点"",""value"":3355,""unit"":""点"",""kind"":""number""},{""raw"":""2760票"",""value"":2760,""unit"":""票"",""kind"":""number""},{""raw"":""398票"",""value"":398,""unit"":""票"",""kind"":""number""},{""raw"":""248件"",""value"":248,""unit"":""件"",""kind"":""number""}]}]",40495,504fb117f3474ed9fcebc113fe91682162ac1dbbf082c02dd497197042eee727
15,detail,music,1036,https://toho-vote.info/result15/music/1036.php,投票結果：春風の夢 - 第15回 東方Project 人気投票,"[{""kind"":""title"",""text"":""投票結果：春風の夢 - 第15回 東方Project 人気投票"",""numbers"":[]},{""kind"":""item_heading"",""text"":""春風の夢（414位）"",""numbers"":[{""raw"":""414位"",""value"":414,""unit"":""位"",""kind"":""number""}]},{""kind"":""item_statistics"",""text"":""ポイント：13点 ｜ 得票数：13票 ｜ 一押し数：0票 ｜ コメント数：0件 リストへ戻る"",""numbers"":[{""raw"":""13点"",""value"":13,""unit"":""点"",""kind"":""number""},{""raw"":""13票"",""value"":13,""unit"":""票"",""kind"":""number""},{""raw"":""0票"",""value"":0,""unit"":""票"",""kind"":""number""},{""raw"":""0件"",""value"":0,""unit"":""件"",""kind"":""number""}]}]",16254,fc7ed763c78b53f99114b431b006bc7376279fcab3d5e884f96e95a2aec46048
15,detail,music,1037,https://toho-vote.info/result15/music/1037.php,投票結果：さくらさくら ～ Japanize Dream... - 第15回 東方Project 人気投票,"[{""kind"":""title"",""text"":""投票結果：さくらさくら ～ Japanize Dream... - 第15回 東方Project 人気投票"",""numbers"":[]},{""kind"":""item_heading"",""text"":""さくらさくら ～ Japanize Dream...（116位）"",""numbers"":[{""raw"":""116位"",""value"":116,""unit"":""位"",""kind"":""number""}]},{""kind"":""item_statistics"",""text"":""ポイント：388点 ｜ 得票数：368票 ｜ 一押し数：20票 ｜ コメント数：25件 リストへ戻る"",""numbers"":[{""raw"":""388点"",""value"":388,""unit"":""点"",""kind"":""number""},{""raw"":""368票"",""value"":368,""unit"":""票"",""kind"":""number""},{""raw"":""20票"",""value"":20,""unit"":""票"",""kind"":""number""},{""raw"":""25件"",""value"":25,""unit"":""件"",""kind"":""number""}]}]",18669,ce2f1b33e36cc4a28f765b508a27553279991d936567de573e2434a807914783
15,detail,music,1038,https://toho-vote.info/result15/music/1038.php,投票結果：永夜抄 ～ Eastern Night. - 第15回 東方Project 人気投票,"[{""kind"":""title"",""text"":""投票結果：永夜抄 ～ Eastern Night. - 第15回 東方Project 人気投票"",""numbers"":[]},{""kind"":""item_heading"",""text"":""永夜抄 ～ Eastern Night.（224位）"",""numbers"":[{""raw"":""224位"",""value"":224,""unit"":""位"",""kind"":""number""}]},{""kind"":""item_statistics"",""text"":""ポイント：119点 ｜ 得票数：111票 ｜ 一押し数：8票 ｜ コメント数：9件 リストへ戻る"",""numbers"":[{""raw"":""119点"",""value"":119,""unit"":""点"",""kind"":""number""},{""raw"":""111票"",""value"":111,""unit"":""票"",""kind"":""number""},{""raw"":""8票"",""value"":8,""unit"":""票"",""kind"":""number""},{""raw"":""9件"",""value"":9,""unit"":""件"",""kind"":""number""}]}]",17259,82f9867d897b29834603476b2eb3866933ba1840cb48ca30b27ed4185b52779d
15,detail,music,1039,https://toho-vote.info/result15/music/1039.php,投票結果：幻視の夜 ～ Ghostly Eyes - 第15回 東方Project 人気投票,"[{""kind"":""title"",""text"":""投票結果：幻視の夜 ～ Ghostly Eyes - 第15回 東方Project 人気投票"",""numbers"":[]},{""kind"":""item_heading"",""text"":""幻視の夜 ～ Ghostly Eyes（205位）"",""numbers"":[{""raw"":""205位"",""value"":205,""unit"":""位"",""kind"":""number""}]},{""kind"":""item_statistics"",""text"":""ポイント：146点 ｜ 得票数：129票 ｜ 一押し数：12票 ｜ コメント数：18件 リストへ戻る"",""numbers"":[{""raw"":""146点"",""value"":146,""unit"":""点"",""kind"":""number""},{""raw"":""129票"",""value"":129,""unit"":""票"",""kind"":""number""},{""raw"":""12票"",""value"":12,""unit"":""票"",""kind"":""number""},{""raw"":""18件"",""value"":18,""unit"":""件"",""kind"":""number""}]}]",18500,104bca629c1ccd279e5f8dbdd8f0c35e57bad097906ee2f8ba2e5d16d8032903
15,detail,music,1040,https://toho-vote.info/result15/music/1040.php,投票結果：蠢々秋月 ～ Mooned Insect - 第15回 東方Project 人気投票,"[{""kind"":""title"",""text"":""投票結果：蠢々秋月 ～ Mooned Insect - 第15回 東方Project 人気投票"",""numbers"":[]},{""kind"":""item_heading"",""text"":""蠢々秋月 ～ Mooned Insect（164位）"",""numbers"":[{""raw"":""164位"",""value"":164,""unit"":""位"",""kind"":""number""}]},{""kind"":""item_statistics"",""text"":""ポイント：238点 ｜ 得票数：203票 ｜ 一押し数：35票 ｜ コメント数：21件 リストへ戻る"",""numbers"":[{""raw"":""238点"",""value"":238,""unit"":""点"",""kind"":""number""},{""raw"":""203票"",""value"":203,""unit"":""票"",""kind"":""number""},{""raw"":""35票"",""value"":35,""unit"":""票"",""kind"":""number""},{""raw"":""21件"",""value"":21,""unit"":""件"",""kind"":""number""}]}]",17725,e97147cf5f43baa71d3827f45c1c2b9b181730716e595e6a4cb44ea0d2efe12d
15,detail,music,1041,https://toho-vote.info/result15/music/1041.php,投票結果：夜雀の歌声 ～ Night Bird - 第15回 東方Project 人気投票,"[{""kind"":""title"",""text"":""投票結果：夜雀の歌声 ～ Night Bird - 第15回 東方Project 人気投票"",""numbers"":[]},{""kind"":""item_heading"",""text"":""夜雀の歌声 ～ Night Bird（161位）"",""numbers"":[{""raw"":""161位"",""value"":161,""unit"":""位"",""kind"":""number""}]},{""kind"":""item_statistics"",""text"":""ポイント：241点 ｜ 得票数：227票 ｜ 一押し数：14票 ｜ コメント数：23件 リストへ戻る"",""numbers"":[{""raw"":""241点"",""value"":241,""unit"":""点"",""kind"":""number""},{""raw"":""227票"",""value"":227,""unit"":""票"",""kind"":""number""},{""raw"":""14票"",""value"":14,""unit"":""票"",""kind"":""number""},{""raw"":""23件"",""value"":23,""unit"":""件"",""kind"":""number""}]}]",18080,752cdb0d159e9c4f58080cd5305d115d68d465bf86f1bebc8f2457d357f7d404
15,detail,music,1042,https://toho-vote.info/result15/music/1042.php,投票結果：もう歌しか聞こえない - 第15回 東方Project 人気投票,"[{""kind"":""title"",""text"":""投票結果：もう歌しか聞こえない - 第15回 東方Project 人気投票"",""numbers"":[]},{""kind"":""item_heading"",""text"":""もう歌しか聞こえない（66位）"",""numbers"":[{""raw"":""66位"",""value"":66,""unit"":""位"",""kind"":""number""}]},{""kind"":""item_statistics"",""text"":""ポイント：783点 ｜ 得票数：634票 ｜ 一押し数：50票 ｜ コメント数：44件 リストへ戻る"",""numbers"":[{""raw"":""783点"",""value"":783,""unit"":""点"",""kind"":""number""},{""raw"":""634票"",""value"":634,""unit"":""票"",""kind"":""number""},{""raw"":""50票"",""value"":50,""unit"":""票"",""kind"":""number""},{""raw"":""44件"",""value"":44,""unit"":""件"",""kind"":""number""}]}]",20680,748b141c457caeff06a099d5b72cd99db9317d6c0773bafd5f90118433a4773e
15,detail,music,1043,https://toho-vote.info/result15/music/1043.php,投票結果：懐かしき東方の血 ～ Old World - 第15回 東方Project 人気投票,"[{""kind"":""title"",""text"":""投票結果：懐かしき東方の血 ～ Old World - 第15回 東方Project 人気投票"",""numbers"":[]},{""kind"":""item_heading"",""text"":""懐かしき東方の血 ～ Old World（93位）"",""numbers"":[{""raw"":""93位"",""value"":93,""unit"":""位"",""kind"":""number""}]},{""kind"":""item_statistics"",""text"":""ポイント：562点 ｜ 得票数：526票 ｜ 一押し数：36票 ｜ コメント数：44件 リストへ戻る"",""numbers"":[{""raw"":""562点"",""value"":562,""unit"":""点"",""kind"":""number""},{""raw"":""526票"",""value"":526,""unit"":""票"",""kind"":""number""},{""raw"":""36票"",""value"":36,""unit"":""票"",""kind"":""number""},{""raw"":""44件"",""value"":44,""unit"":""件"",""kind"":""number""}]}]",20169,fc64764541fb93bc81f7879ee3d38d74549485886f10eff00654461dbab8c13b
15,detail,music,1044,https://toho-vote.info/result15/music/1044.php,投票結果：プレインエイジア - 第15回 東方Project 人気投票,"[{""kind"":""title"",""text"":""投票結果：プレインエイジア - 第15回 東方Project 人気投票"",""numbers"":[]},{""kind"":""item_heading"",""text"":""プレインエイジア（86位）"",""numbers"":[{""raw"":""86位"",""value"":86,""unit"":""位"",""kind"":""number""}]},{""kind"":""item_statistics"",""text"":""ポイント：618点 ｜ 得票数：570票 ｜ 一押し数：48票 ｜ コメント数：41件 リストへ戻る"",""numbers"":[{""raw"":""618点"",""value"":618,""unit"":""点"",""kind"":""number""},{""raw"":""570票"",""value"":570,""unit"":""票"",""kind"":""number""},{""raw"":""48票"",""value"":48,""unit"":""票"",""kind"":""number""},{""raw"":""41件"",""value"":41,""unit"":""件"",""kind"":""number""}]}]",19717,4ddd7f319f20427bb24a5eaf2aa8c93219ff1b4b62ef403072df6c6b5700d566
15,detail,music,1045,https://toho-vote.info/result15/music/1045.php,投票結果：永夜の報い ～ Imperishable Night - 第15回 東方Project 人気投票,"[{""kind"":""title"",""text"":""投票結果：永夜の報い ～ Imperishable Night - 第15回 東方Project 人気投票"",""numbers"":[]},{""kind"":""item_heading"",""text"":""永夜の報い ～ Imperishable Night（146位）"",""numbers"":[{""raw"":""146位"",""value"":146,""unit"":""位"",""kind"":""number""}]},{""kind"":""item_statistics"",""text"":""ポイント：315点 ｜ 得票数：278票 ｜ 一押し数：24票 ｜ コメント数：31件 リストへ戻る"",""numbers"":[{""raw"":""315点"",""value"":315,""unit"":""点"",""kind"":""number""},{""raw"":""278票"",""value"":278,""unit"":""票"",""kind"":""number""},{""raw"":""24票"",""value"":24,""unit"":""票"",""kind"":""number""},{""raw"":""31件"",""value"":31,""unit"":""件"",""kind"":""number""}]}]",20470,ce6da37143709557ce8709284aaed5caec534105352feb5b7a3b8e4f37da7191
15,detail,music,1048,https://toho-vote.info/result15/music/1048.php,投票結果：シンデレラケージ ～ Kagome-Kagome - 第15回 東方Project 人気投票,"[{""kind"":""title"",""text"":""投票結果：シンデレラケージ ～ Kagome-Kagome - 第15回 東方Project 人気投票"",""numbers"":[]},{""kind"":""item_heading"",""text"":""シンデレラケージ ～ Kagome-Kagome（74位）"",""numbers"":[{""raw"":""74位"",""value"":74,""unit"":""位"",""kind"":""number""}]},{""kind"":""item_statistics"",""text"":""ポイント：720点 ｜ 得票数：677票 ｜ 一押し数：43票 ｜ コメント数：58件 リストへ戻る"",""numbers"":[{""raw"":""720点"",""value"":720,""unit"":""点"",""kind"":""number""},{""raw"":""677票"",""value"":677,""unit"":""票"",""kind"":""number""},{""raw"":""43票"",""value"":43,""unit"":""票"",""kind"":""number""},{""raw"":""58件"",""value"":58,""unit"":""件"",""kind"":""number""}]}]",23835,43de8a3525f77cdc3c757fd07da9c8fa2230d16057da6df1ff45a19f1bbfbce1
15,detail,music,1049,https://toho-vote.info/result15/music/1049.php,投票結果：狂気の瞳 ～ Invisible Full Moon - 第15回 東方Project 人気投票,"[{""kind"":""title"",""text"":""投票結果：狂気の瞳 ～ Invisible Full Moon - 第15回 東方Project 人気投票"",""numbers"":[]},{""kind"":""item_heading"",""text"":""狂気の瞳 ～ Invisible Full Moon（36位）"",""numbers"":[{""raw"":""36位"",""value"":36,""unit"":""位"",""kind"":""number""}]},{""kind"":""item_statistics"",""text"":""ポイント：1195点 ｜ 得票数：824票 ｜ 一押し数：91票 ｜ コメント数：94件 リストへ戻る"",""numbers"":[{""raw"":""1195点"",""value"":1195,""unit"":""点"",""kind"":""number""},{""raw"":""824票"",""value"":824,""unit"":""票"",""kind"":""number""},{""raw"":""91票"",""value"":91,""unit"":""票"",""kind"":""number""},{""raw"":""94件"",""value"":94,""unit"":""件"",""kind"":""number""}]}]",24834,78ddd4c17422287b8cf99ed4f5bcc82b65cf2daed95750b60f3522831ecff9e6
15,detail,music,1050,https://toho-vote.info/result15/music/1050.php,投票結果：ヴォヤージュ1969 - 第15回 東方Project 人気投票,"[{""kind"":""title"",""text"":""投票結果：ヴォヤージュ1969 - 第15回 東方Project 人気投票"",""numbers"":[]},{""kind"":""item_heading"",""text"":""ヴォヤージュ1969（78位）"",""numbers"":[{""raw"":""78位"",""value"":78,""unit"":""位"",""kind"":""number""}]},{""kind"":""item_statistics"",""text"":""ポイント：676点 ｜ 得票数：591票 ｜ 一押し数：53票 ｜ コメント数：54件 リストへ戻る"",""numbers"":[{""raw"":""676点"",""value"":676,""unit"":""点"",""kind"":""number""},{""raw"":""591票"",""value"":591,""unit"":""票"",""kind"":""number""},{""raw"":""53票"",""value"":53,""unit"":""票"",""kind"":""number""},{""raw"":""54件"",""value"":54,""unit"":""件"",""kind"":""number""}]}]",21706,4a39afd30afe81ec14d7201a7b7d48af3f2036fef0e595356ca258c419d422a0
15,detail,music,1051,https://toho-vote.info/result15/music/1051.php,投票結果：千年幻想郷 ～ History of the Moon - 第15回 東方Project 人気投票,"[{""kind"":""title"",""text"":""投票結果：千年幻想郷 ～ History of the Moon - 第15回 東方Project 人気投票"",""numbers"":[]},{""kind"":""item_heading"",""text"":""千年幻想郷 ～ History of the Moon（20位）"",""numbers"":[{""raw"":""20位"",""value"":20,""unit"":""位"",""kind"":""number""}]},{""kind"":""item_statistics"",""text"":""ポイント：1904点 ｜ 得票数：1662票 ｜ 一押し数：218票 ｜ コメント数：157件 リストへ戻る"",""numbers"":[{""raw"":""1904点"",""value"":1904,""unit"":""点"",""kind"":""number""},{""raw"":""1662票"",""value"":1662,""unit"":""票"",""kind"":""number""},{""raw"":""218票"",""value"":218,""unit"":""票"",""kind"":""number""},{""raw"":""157件"",""value"":157,""unit"":""件"",""kind"":""number""}]}]",32087,dad0c368b06537ff44cb61809b287ef62983cbcbd3b9647c6396c13bc49e9794
15,detail,music,1052,https://toho-vote.info/result15/music/1052.php,投票結果：竹取飛翔 ～ Lunatic Princess - 第15回 東方Project 人気投票,"[{""kind"":""title"",""text"":""投票結果：竹取飛翔 ～ Lunatic Princess - 第15回 東方Project 人気投票"",""numbers"":[]},{""kind"":""item_heading"",""text"":""竹取飛翔 ～ Lunatic Princess（21位）"",""numbers"":[{""raw"":""21位"",""value"":21,""unit"":""位"",""kind"":""number""}]},{""kind"":""item_statistics"",""text"":""ポイント：1874点 ｜ 得票数：1658票 ｜ 一押し数：177票 ｜ コメント数：159件 リストへ戻る"",""numbers"":[{""raw"":""1874点"",""value"":1874,""unit"":""点"",""kind"":""number""},{""raw"":""1658票"",""value"":1658,""unit"":""票"",""kind"":""number""},{""raw"":""177票"",""value"":177,""unit"":""票"",""kind"":""number""},{""raw"":""159件"",""value"":159,""unit"":""件"",""kind"":""number""}]}]",31652,6c5320caf1b11aa1f44fa08cd722773db0c87547a7b923408a62e16911182667
15,detail,music,1053,https://toho-vote.info/result15/music/1053.php,投票結果：ヴォヤージュ1970 - 第15回 東方Project 人気投票,"[{""kind"":""title"",""text"":""投票結果：ヴォヤージュ1970 - 第15回 東方Project 人気投票"",""numbers"":[]},{""kind"":""item_heading"",""text"":""ヴォヤージュ1970（121位）"",""numbers"":[{""raw"":""121位"",""value"":121,""unit"":""位"",""kind"":""number""}]},{""kind"":""item_statistics"",""text"":""ポイント：375点 ｜ 得票数：346票 ｜ 一押し数：29票 ｜ コメント数：31件 リストへ戻る"",""numbers"":[{""raw"":""375点"",""value"":375,""unit"":""点"",""kind"":""number""},{""raw"":""346票"",""value"":346,""unit"":""票"",""kind"":""number""},{""raw"":""29票"",""value"":29,""unit"":""票"",""kind"":""number""},{""raw"":""31件"",""value"":31,""unit"":""件"",""kind"":""number""}]}]",18955,01239014e3c434ae491f96ad80eb0a7fd19e21529ef9155ea83deb2c78915877
15,detail,music,1054,https://toho-vote.info/result15/music/1054.php,投票結果：エクステンドアッシュ ～ 蓬莱人 - 第15回 東方Project 人気投票,"[{""kind"":""title"",""text"":""投票結果：エクステンドアッシュ ～ 蓬莱人 - 第15回 東方Project 人気投票"",""numbers"":[]},{""kind"":""item_heading"",""text"":""エクステンドアッシュ ～ 蓬莱人（104位）"",""numbers"":[{""raw"":""104位"",""value"":104,""unit"":""位"",""kind"":""number""}]},{""kind"":""item_statistics"",""text"":""ポイント：470点 ｜ 得票数：439票 ｜ 一押し数：31票 ｜ コメント数：51件 リストへ戻る"",""numbers"":[{""raw"":""470点"",""value"":470,""unit"":""点"",""kind"":""number""},{""raw"":""439票"",""value"":439,""unit"":""票"",""kind"":""number""},{""raw"":""31票"",""value"":31,""unit"":""票"",""kind"":""number""},{""raw"":""51件"",""value"":51,""unit"":""件"",""kind"":""number""}]}]",20554,8c6c2faabbe3b7fd0ad3a982db17dbf444d4de21d8c998382375979b18759fef
15,detail,music,1055,https://toho-vote.info/result15/music/1055.php,投票結果：月まで届け、不死の煙 - 第15回 東方Project 人気投票,"[{""kind"":""title"",""text"":""投票結果：月まで届け、不死の煙 - 第15回 東方Project 人気投票"",""numbers"":[]},{""kind"":""item_heading"",""text"":""月まで届け、不死の煙（6位）"",""numbers"":[{""raw"":""6位"",""value"":6,""unit"":""位"",""kind"":""number""}]},{""kind"":""item_statistics"",""text"":""ポイント：3416点 ｜ 得票数：2875票 ｜ 一押し数：422票 ｜ コメント数：226件 リストへ戻る"",""numbers"":[{""raw"":""3416点"",""value"":3416,""unit"":""点"",""kind"":""number""},{""raw"":""2875票"",""value"":2875,""unit"":""票"",""kind"":""number""},{""raw"":""422票"",""value"":422,""unit"":""票"",""kind"":""number""},{""raw"":""226件"",""value"":226,""unit"":""件"",""kind"":""number""}]}]",36165,551a1a833df33fc22fce3ce5153c3a44c1ff15487e129336f461064930b13dc6
15,detail,music,1056,https://toho-vote.info/result15/music/1056.php,投票結果：月見草 - 第15回 東方Project 人気投票,"[{""kind"":""title"",""text"":""投票結果：月見草 - 第15回 東方Project 人気投票"",""numbers"":[]},{""kind"":""item_heading"",""text"":""月見草（323位）"",""numbers"":[{""raw"":""323位"",""value"":323,""unit"":""位"",""kind"":""number""}]},{""kind"":""item_statistics"",""text"":""ポイント：41点 ｜ 得票数：41票 ｜ 一押し数：0票 ｜ コメント数：2件 リストへ戻る"",""numbers"":[{""raw"":""41点"",""value"":41,""unit"":""点"",""kind"":""number""},{""raw"":""41票"",""value"":41,""unit"":""票"",""kind"":""number""},{""raw"":""0票"",""value"":0,""unit"":""票"",""kind"":""number""},{""raw"":""2件"",""value"":2,""unit"":""件"",""kind"":""number""}]}]",16348,b84c1225d74ff7feefbbfe8d5177dd8d2884797b2daf199c877f528f0c9c56d3
15,detail,music,1058,https://toho-vote.info/result15/music/1058.php,投票結果：東方妖怪小町 - 第15回 東方Project 人気投票,"[{""kind"":""title"",""text"":""投票結果：東方妖怪小町 - 第15回 東方Project 人気投票"",""numbers"":[]},{""kind"":""item_heading"",""text"":""東方妖怪小町（145位）"",""numbers"":[{""raw"":""145位"",""value"":145,""unit"":""位"",""kind"":""number""}]},{""kind"":""item_statistics"",""text"":""ポイント：319点 ｜ 得票数：302票 ｜ 一押し数：17票 ｜ コメント数：28件 リストへ戻る"",""numbers"":[{""raw"":""319点"",""value"":319,""unit"":""点"",""kind"":""number""},{""raw"":""302票"",""value"":302,""unit"":""票"",""kind"":""number""},{""raw"":""17票"",""value"":17,""unit"":""票"",""kind"":""number""},{""raw"":""28件"",""value"":28,""unit"":""件"",""kind"":""number""}]}]",18934,791c42bdfe0226fb1e89ed5836d04067659687320543f5d215e5816f5c36d820
15,detail,music,1059,https://toho-vote.info/result15/music/1059.php,投票結果：萃夢想 - 第15回 東方Project 人気投票,"[{""kind"":""title"",""text"":""投票結果：萃夢想 - 第15回 東方Project 人気投票"",""numbers"":[]},{""kind"":""item_heading"",""text"":""萃夢想（126位）"",""numbers"":[{""raw"":""126位"",""value"":126,""unit"":""位"",""kind"":""number""}]},{""kind"":""item_statistics"",""text"":""ポイント：358点 ｜ 得票数：299票 ｜ 一押し数：28票 ｜ コメント数：26件 リストへ戻る"",""numbers"":[{""raw"":""358点"",""value"":358,""unit"":""点"",""kind"":""number""},{""raw"":""299票"",""value"":299,""unit"":""票"",""kind"":""number""},{""raw"":""28票"",""value"":28,""unit"":""票"",""kind"":""number""},{""raw"":""26件"",""value"":26,""unit"":""件"",""kind"":""number""}]}]",19298,bd33d199c36fa68ad8270b4d68b9f19691f95d2685033adda5d76a3ed83956a2
15,detail,music,1060,https://toho-vote.info/result15/music/1060.php,投票結果：東方妖恋談 - 第15回 東方Project 人気投票,"[{""kind"":""title"",""text"":""投票結果：東方妖恋談 - 第15回 東方Project 人気投票"",""numbers"":[]},{""kind"":""item_heading"",""text"":""東方妖恋談（189位）"",""numbers"":[{""raw"":""189位"",""value"":189,""unit"":""位"",""kind"":""number""}]},{""kind"":""item_statistics"",""text"":""ポイント：175点 ｜ 得票数：39票 ｜ 一押し数：8票 ｜ コメント数：19件 リストへ戻る"",""numbers"":[{""raw"":""175点"",""value"":175,""unit"":""点"",""kind"":""number""},{""raw"":""39票"",""value"":39,""unit"":""票"",""kind"":""number""},{""raw"":""8票"",""value"":8,""unit"":""票"",""kind"":""number""},{""raw"":""19件"",""value"":19,""unit"":""件"",""kind"":""number""}]}]",17827,b92fff9fd546c7d3e8d7fe0eb5022b01d6c5a0709f7cb5a08eb1560f76ee1504
15,detail,music,1063,https://toho-vote.info/result15/music/1063.php,投票結果：魔女達の舞踏会 - 第15回 東方Project 人気投票,"[{""kind"":""title"",""text"":""投票結果：魔女達の舞踏会 - 第15回 東方Project 人気投票"",""numbers"":[]},{""kind"":""item_heading"",""text"":""魔女達の舞踏会（137位）"",""numbers"":[{""raw"":""137位"",""value"":137,""unit"":""位"",""kind"":""number""}]},{""kind"":""item_statistics"",""text"":""ポイント：331点 ｜ 得票数：147票 ｜ 一押し数：20票 ｜ コメント数：31件 リストへ戻る"",""numbers"":[{""raw"":""331点"",""value"":331,""unit"":""点"",""kind"":""number""},{""raw"":""147票"",""value"":147,""unit"":""票"",""kind"":""number""},{""raw"":""20票"",""value"":20,""unit"":""票"",""kind"":""number""},{""raw"":""31件"",""value"":31,""unit"":""件"",""kind"":""number""}]}]",19364,d70117ec85a69e59c901e9ca1ae80634581590bd97918eee86d136804a3bd35c
15,detail,music,1067,https://toho-vote.info/result15/music/1067.php,投票結果：人形裁判 - 第15回 東方Project 人気投票,"[{""kind"":""title"",""text"":""投票結果：人形裁判 - 第15回 東方Project 人気投票"",""numbers"":[]},{""kind"":""item_heading"",""text"":""人形裁判（34位）"",""numbers"":[{""raw"":""34位"",""value"":34,""unit"":""位"",""kind"":""number""}]},{""kind"":""item_statistics"",""text"":""ポイント：1238点 ｜ 得票数：101票 ｜ 一押し数：111票 ｜ コメント数：84件 リストへ戻る"",""numbers"":[{""raw"":""1238点"",""value"":1238,""unit"":""点"",""kind"":""number""},{""raw"":""101票"",""value"":101,""unit"":""票"",""kind"":""number""},{""raw"":""111票"",""value"":111,""unit"":""票"",""kind"":""number""},{""raw"":""84件"",""value"":84,""unit"":""件"",""kind"":""number""}]}]",21985,05aeee312441221adb33c46a777901e4899e033383cb3f57132b39ffa15782fd
15,detail,music,1074,https://toho-vote.info/result15/music/1074.php,投票結果：Demystify Feast - 第15回 東方Project 人気投票,"[{""kind"":""title"",""text"":""投票結果：Demystify Feast - 第15回 東方Project 人気投票"",""numbers"":[]},{""kind"":""item_heading"",""text"":""Demystify Feast（75位）"",""numbers"":[{""raw"":""75位"",""value"":75,""unit"":""位"",""kind"":""number""}]},{""kind"":""item_statistics"",""text"":""ポイント：695点 ｜ 得票数：424票 ｜ 一押し数：55票 ｜ コメント数：92件 リストへ戻る"",""numbers"":[{""raw"":""695点"",""value"":695,""unit"":""点"",""kind"":""number""},{""raw"":""424票"",""value"":424,""unit"":""票"",""kind"":""number""},{""raw"":""55票"",""value"":55,""unit"":""票"",""kind"":""number""},{""raw"":""92件"",""value"":92,""unit"":""件"",""kind"":""number""}]}]",25065,2508742bb73dcc7b1d720eb38028b787d9b72127c92c218bc2cbed4f1b562d7b
15,detail,music,1076,https://toho-vote.info/result15/music/1076.php,投票結果：御伽の国の鬼が島 ～ Missing Power - 第15回 東方Project 人気投票,"[{""kind"":""title"",""text"":""投票結果：御伽の国の鬼が島 ～ Missing Power - 第15回 東方Project 人気投票"",""numbers"":[]},{""kind"":""item_heading"",""text"":""御伽の国の鬼が島 ～ Missing Power（118位）"",""numbers"":[{""raw"":""118位"",""value"":118,""unit"":""位"",""kind"":""number""}]},{""kind"":""item_statistics"",""text"":""ポイント：386点 ｜ 得票数：360票 ｜ 一押し数：26票 ｜ コメント数：45件 リストへ戻る"",""numbers"":[{""raw"":""386点"",""value"":386,""unit"":""点"",""kind"":""number""},{""raw"":""360票"",""value"":360,""unit"":""票"",""kind"":""number""},{""raw"":""26票"",""value"":26,""unit"":""票"",""kind"":""number""},{""raw"":""45件"",""value"":45,""unit"":""件"",""kind"":""number""}]}]",21113,6b8d029460682c68107d932066ef3e0277dd5299307e1f39fc18d2fe1d7b1861
15,detail,music,1077,https://toho-vote.info/result15/music/1077.php,投票結果：夏明き - 第15回 東方Project 人気投票,"[{""kind"":""title"",""text"":""投票結果：夏明き - 第15回 東方Project 人気投票"",""numbers"":[]},{""kind"":""item_heading"",""text"":""夏明き（461位）"",""numbers"":[{""raw"":""461位"",""value"":461,""unit"":""位"",""kind"":""number""}]},{""kind"":""item_statistics"",""text"":""ポイント：6点 ｜ 得票数：6票 ｜ 一押し数：0票 ｜ コメント数：3件 リストへ戻る"",""numbers"":[{""raw"":""6点"",""value"":6,""unit"":""点"",""kind"":""number""},{""raw"":""6票"",""value"":6,""unit"":""票"",""kind"":""number""},{""raw"":""0票"",""value"":0,""unit"":""票"",""kind"":""number""},{""raw"":""3件"",""value"":3,""unit"":""件"",""kind"":""number""}]}]",16353,37acb91e21630f886a4a82ad8dc2b800a61f64e569ba9b50aa48ae028e023f1a
15,detail,music,1078,https://toho-vote.info/result15/music/1078.php,投票結果：東方萃夢想 - 第15回 東方Project 人気投票,"[{""kind"":""title"",""text"":""投票結果：東方萃夢想 - 第15回 東方Project 人気投票"",""numbers"":[]},{""kind"":""item_heading"",""text"":""東方萃夢想（122位）"",""numbers"":[{""raw"":""122位"",""value"":122,""unit"":""位"",""kind"":""number""}]},{""kind"":""item_statistics"",""text"":""ポイント：373点 ｜ 得票数：338票 ｜ 一押し数：35票 ｜ コメント数：29件 リストへ戻る"",""numbers"":[{""raw"":""373点"",""value"":373,""unit"":""点"",""kind"":""number""},{""raw"":""338票"",""value"":338,""unit"":""票"",""kind"":""number""},{""raw"":""35票"",""value"":35,""unit"":""票"",""kind"":""number""},{""raw"":""29件"",""value"":29,""unit"":""件"",""kind"":""number""}]}]",18982,95b3a54b06e86b855de27ac185e61824382b08e94dd06eefffb1b50fb2e22ab4
15,detail,music,1080,https://toho-vote.info/result15/music/1080.php,投票結果：月輪 - 第15回 東方Project 人気投票,"[{""kind"":""title"",""text"":""投票結果：月輪 - 第15回 東方Project 人気投票"",""numbers"":[]},{""kind"":""item_heading"",""text"":""月輪（519位）"",""numbers"":[{""raw"":""519位"",""value"":519,""unit"":""位"",""kind"":""number""}]},{""kind"":""item_statistics"",""text"":""ポイント：1点 ｜ 得票数：1票 ｜ 一押し数：0票 ｜ コメント数：0件 リストへ戻る"",""numbers"":[{""raw"":""1点"",""value"":1,""unit"":""点"",""kind"":""number""},{""raw"":""1票"",""value"":1,""unit"":""票"",""kind"":""number""},{""raw"":""0票"",""value"":0,""unit"":""票"",""kind"":""number""},{""raw"":""0件"",""value"":0,""unit"":""件"",""kind"":""number""}]}]",15906,7c5f25b40427cc25d16114a3f978897d0a318e99ebbf3250f8eef8c2b8447afa
15,detail,music,1081,https://toho-vote.info/result15/music/1081.php,投票結果：遍参 - 第15回 東方Project 人気投票,"[{""kind"":""title"",""text"":""投票結果：遍参 - 第15回 東方Project 人気投票"",""numbers"":[]},{""kind"":""item_heading"",""text"":""遍参（461位）"",""numbers"":[{""raw"":""461位"",""value"":461,""unit"":""位"",""kind"":""number""}]},{""kind"":""item_statistics"",""text"":""ポイント：6点 ｜ 得票数：6票 ｜ 一押し数：0票 ｜ コメント数：1件 リストへ戻る"",""numbers"":[{""raw"":""6点"",""value"":6,""unit"":""点"",""kind"":""number""},{""raw"":""6票"",""value"":6,""unit"":""票"",""kind"":""number""},{""raw"":""0票"",""value"":0,""unit"":""票"",""kind"":""number""},{""raw"":""1件"",""value"":1,""unit"":""件"",""kind"":""number""}]}]",16037,6d024e3827bb095e8ca9b82d1c1dbdce7b415e39bac493f172ec197c8b2cd925
15,detail,music,1082,https://toho-vote.info/result15/music/1082.php,投票結果：裏心 - 第15回 東方Project 人気投票,"[{""kind"":""title"",""text"":""投票結果：裏心 - 第15回 東方Project 人気投票"",""numbers"":[]},{""kind"":""item_heading"",""text"":""裏心（519位）"",""numbers"":[{""raw"":""519位"",""value"":519,""unit"":""位"",""kind"":""number""}]},{""kind"":""item_statistics"",""text"":""ポイント：1点 ｜ 得票数：1票 ｜ 一押し数：0票 ｜ コメント数：0件 リストへ戻る"",""numbers"":[{""raw"":""1点"",""value"":1,""unit"":""点"",""kind"":""number""},{""raw"":""1票"",""value"":1,""unit"":""票"",""kind"":""number""},{""raw"":""0票"",""value"":0,""unit"":""票"",""kind"":""number""},{""raw"":""0件"",""value"":0,""unit"":""件"",""kind"":""number""}]}]",15929,d026278cc70ad6e7838b3ce50c422d7c19b78850cd9a6b7970dca1d011f256b1
15,detail,music,1083,https://toho-vote.info/result15/music/1083.php,投票結果：Intermezzo - 第15回 東方Project 人気投票,"[{""kind"":""title"",""text"":""投票結果：Intermezzo - 第15回 東方Project 人気投票"",""numbers"":[]},{""kind"":""item_heading"",""text"":""Intermezzo（505位）"",""numbers"":[{""raw"":""505位"",""value"":505,""unit"":""位"",""kind"":""number""}]},{""kind"":""item_statistics"",""text"":""ポイント：2点 ｜ 得票数：1票 ｜ 一押し数：1票 ｜ コメント数：0件 リストへ戻る"",""numbers"":[{""raw"":""2点"",""value"":2,""unit"":""点"",""kind"":""number""},{""raw"":""1票"",""value"":1,""unit"":""票"",""kind"":""number""},{""raw"":""1票"",""value"":1,""unit"":""票"",""kind"":""number""},{""raw"":""0件"",""value"":0,""unit"":""件"",""kind"":""number""}]}]",15698,3ffc0e5427df5812d2c84902f0c39503eb81e39ccfdb5ed443c78fde4831e104
15,detail,music,1084,https://toho-vote.info/result15/music/1084.php,投票結果：あゆのかぜ - 第15回 東方Project 人気投票,"[{""kind"":""title"",""text"":""投票結果：あゆのかぜ - 第15回 東方Project 人気投票"",""numbers"":[]},{""kind"":""item_heading"",""text"":""あゆのかぜ（423位）"",""numbers"":[{""raw"":""423位"",""value"":423,""unit"":""位"",""kind"":""number""}]},{""kind"":""item_statistics"",""text"":""ポイント：11点 ｜ 得票数：10票 ｜ 一押し数：1票 ｜ コメント数：2件 リストへ戻る"",""numbers"":[{""raw"":""11点"",""value"":11,""unit"":""点"",""kind"":""number""},{""raw"":""10票"",""value"":10,""unit"":""票"",""kind"":""number""},{""raw"":""1票"",""value"":1,""unit"":""票"",""kind"":""number""},{""raw"":""2件"",""value"":2,""unit"":""件"",""kind"":""number""}]}]",16132,4fd5c0a0aef66334e98703da715eb444c67fd6f3d4fc7345cf29b515554e9ea2
15,detail,music,1085,https://toho-vote.info/result15/music/1085.php,投票結果：森閑 - 第15回 東方Project 人気投票,"[{""kind"":""title"",""text"":""投票結果：森閑 - 第15回 東方Project 人気投票"",""numbers"":[]},{""kind"":""item_heading"",""text"":""森閑（461位）"",""numbers"":[{""raw"":""461位"",""value"":461,""unit"":""位"",""kind"":""number""}]},{""kind"":""item_statistics"",""text"":""ポイント：6点 ｜ 得票数：6票 ｜ 一押し数：0票 ｜ コメント数：0件 リストへ戻る"",""numbers"":[{""raw"":""6点"",""value"":6,""unit"":""点"",""kind"":""number""},{""raw"":""6票"",""value"":6,""unit"":""票"",""kind"":""number""},{""raw"":""0票"",""value"":0,""unit"":""票"",""kind"":""number""},{""raw"":""0件"",""value"":0,""unit"":""件"",""kind"":""number""}]}]",15945,d4fc743768f6a1df83df88d5db8b12f6707536a1b795553509f457e47e75b624
15,detail,music,1086,https://toho-vote.info/result15/music/1086.php,投票結果：仰空 - 第15回 東方Project 人気投票,"[{""kind"":""title"",""text"":""投票結果：仰空 - 第15回 東方Project 人気投票"",""numbers"":[]},{""kind"":""item_heading"",""text"":""仰空（261位）"",""numbers"":[{""raw"":""261位"",""value"":261,""unit"":""位"",""kind"":""number""}]},{""kind"":""item_statistics"",""text"":""ポイント：76点 ｜ 得票数：71票 ｜ 一押し数：5票 ｜ コメント数：9件 リストへ戻る"",""numbers"":[{""raw"":""76点"",""value"":76,""unit"":""点"",""kind"":""number""},{""raw"":""71票"",""value"":71,""unit"":""票"",""kind"":""number""},{""raw"":""5票"",""value"":5,""unit"":""票"",""kind"":""number""},{""raw"":""9件"",""value"":9,""unit"":""件"",""kind"":""number""}]}]",16963,e28ac94b5319918434fd29014ae753528006128501203facbd85604d164e3292
15,detail,music,1087,https://toho-vote.info/result15/music/1087.php,投票結果：幽境 - 第15回 東方Project 人気投票,"[{""kind"":""title"",""text"":""投票結果：幽境 - 第15回 東方Project 人気投票"",""numbers"":[]},{""kind"":""item_heading"",""text"":""幽境（489位）"",""numbers"":[{""raw"":""489位"",""value"":489,""unit"":""位"",""kind"":""number""}]},{""kind"":""item_statistics"",""text"":""ポイント：3点 ｜ 得票数：3票 ｜ 一押し数：0票 ｜ コメント数：0件 リストへ戻る"",""numbers"":[{""raw"":""3点"",""value"":3,""unit"":""点"",""kind"":""number""},{""raw"":""3票"",""value"":3,""unit"":""票"",""kind"":""number""},{""raw"":""0票"",""value"":0,""unit"":""票"",""kind"":""number""},{""raw"":""0件"",""value"":0,""unit"":""件"",""kind"":""number""}]}]",16039,75d66f18a918126e519df62212f5fcb0f8b74a6628bbddbf669001efcb733871
15,detail,music,1088,https://toho-vote.info/result15/music/1088.php,投票結果：珍客 - 第15回 東方Project 人気投票,"[{""kind"":""title"",""text"":""投票結果：珍客 - 第15回 東方Project 人気投票"",""numbers"":[]},{""kind"":""item_heading"",""text"":""珍客（418位）"",""numbers"":[{""raw"":""418位"",""value"":418,""unit"":""位"",""kind"":""number""}]},{""kind"":""item_statistics"",""text"":""ポイント：12点 ｜ 得票数：12票 ｜ 一押し数：0票 ｜ コメント数：3件 リストへ戻る"",""numbers"":[{""raw"":""12点"",""value"":12,""unit"":""点"",""kind"":""number""},{""raw"":""12票"",""value"":12,""unit"":""票"",""kind"":""number""},{""raw"":""0票"",""value"":0,""unit"":""票"",""kind"":""number""},{""raw"":""3件"",""value"":3,""unit"":""件"",""kind"":""number""}]}]",16137,60d63dd5e8ebfbd2cc7ef569932814119693c0e4c91691aae8c5e4215819ea6f
15,detail,music,1089,https://toho-vote.info/result15/music/1089.php,投票結果：紅夜 - 第15回 東方Project 人気投票,"[{""kind"":""title"",""text"":""投票結果：紅夜 - 第15回 東方Project 人気投票"",""numbers"":[]},{""kind"":""item_heading"",""text"":""紅夜（472位）"",""numbers"":[{""raw"":""472位"",""value"":472,""unit"":""位"",""kind"":""number""}]},{""kind"":""item_statistics"",""text"":""ポイント：5点 ｜ 得票数：5票 ｜ 一押し数：0票 ｜ コメント数：1件 リストへ戻る"",""numbers"":[{""raw"":""5点"",""value"":5,""unit"":""点"",""kind"":""number""},{""raw"":""5票"",""value"":5,""unit"":""票"",""kind"":""number""},{""raw"":""0票"",""value"":0,""unit"":""票"",""kind"":""number""},{""raw"":""1件"",""value"":1,""unit"":""件"",""kind"":""number""}]}]",15951,34dff966221a4ff1c9c339b7c1de04e695ca4473fcfc15c12fbbc4155f2679c9
15,detail,music,1090,https://toho-vote.info/result15/music/1090.php,投票結果：戦迅 - 第15回 東方Project 人気投票,"[{""kind"":""title"",""text"":""投票結果：戦迅 - 第15回 東方Project 人気投票"",""numbers"":[]},{""kind"":""item_heading"",""text"":""戦迅（383位）"",""numbers"":[{""raw"":""383位"",""value"":383,""unit"":""位"",""kind"":""number""}]},{""kind"":""item_statistics"",""text"":""ポイント：20点 ｜ 得票数：19票 ｜ 一押し数：1票 ｜ コメント数：0件 リストへ戻る"",""numbers"":[{""raw"":""20点"",""value"":20,""unit"":""点"",""kind"":""number""},{""raw"":""19票"",""value"":19,""unit"":""票"",""kind"":""number""},{""raw"":""1票"",""value"":1,""unit"":""票"",""kind"":""number""},{""raw"":""0件"",""value"":0,""unit"":""件"",""kind"":""number""}]}]",16031,5e4b338cf16b99274fdea6e84493bc2193a4f711fda3c5d2fc316236ba194052
15,detail,music,1091,https://toho-vote.info/result15/music/1091.php,投票結果：禍機 - 第15回 東方Project 人気投票,"[{""kind"":""title"",""text"":""投票結果：禍機 - 第15回 東方Project 人気投票"",""numbers"":[]},{""kind"":""item_heading"",""text"":""禍機（472位）"",""numbers"":[{""raw"":""472位"",""value"":472,""unit"":""位"",""kind"":""number""}]},{""kind"":""item_statistics"",""text"":""ポイント：5点 ｜ 得票数：5票 ｜ 一押し数：0票 ｜ コメント数：0件 リストへ戻る"",""numbers"":[{""raw"":""5点"",""value"":5,""unit"":""点"",""kind"":""number""},{""raw"":""5票"",""value"":5,""unit"":""票"",""kind"":""number""},{""raw"":""0票"",""value"":0,""unit"":""票"",""kind"":""number""},{""raw"":""0件"",""value"":0,""unit"":""件"",""kind"":""number""}]}]",15914,4be5f5699e6a2330af0c695e85f8d48aa07a9fd1fd127480bcf8066e547ca6f1
15,detail,music,1092,https://toho-vote.info/result15/music/1092.php,投票結果：砕月 - 第15回 東方Project 人気投票,"[{""kind"":""title"",""text"":""投票結果：砕月 - 第15回 東方Project 人気投票"",""numbers"":[]},{""kind"":""item_heading"",""text"":""砕月（10位）"",""numbers"":[{""raw"":""10位"",""value"":10,""unit"":""位"",""kind"":""number""}]},{""kind"":""item_statistics"",""text"":""ポイント：2796点 ｜ 得票数：2024票 ｜ 一押し数：250票 ｜ コメント数：190件 リストへ戻る"",""numbers"":[{""raw"":""2796点"",""value"":2796,""unit"":""点"",""kind"":""number""},{""raw"":""2024票"",""value"":2024,""unit"":""票"",""kind"":""number""},{""raw"":""250票"",""value"":250,""unit"":""票"",""kind"":""number""},{""raw"":""190件"",""value"":190,""unit"":""件"",""kind"":""number""}]}]",31226,fe4ad072e27a11ce7a1099f7e51434df7fba4072f2e71c258c4067154ca842af
15,detail,music,1094,https://toho-vote.info/result15/music/1094.php,投票結果：春色小径 ～ Colorful Path - 第15回 東方Project 人気投票,"[{""kind"":""title"",""text"":""投票結果：春色小径 ～ Colorful Path - 第15回 東方Project 人気投票"",""numbers"":[]},{""kind"":""item_heading"",""text"":""春色小径 ～ Colorful Path（142位）"",""numbers"":[{""raw"":""142位"",""value"":142,""unit"":""位"",""kind"":""number""}]},{""kind"":""item_statistics"",""text"":""ポイント：325点 ｜ 得票数：258票 ｜ 一押し数：27票 ｜ コメント数：24件 リストへ戻る"",""numbers"":[{""raw"":""325点"",""value"":325,""unit"":""点"",""kind"":""number""},{""raw"":""258票"",""value"":258,""unit"":""票"",""kind"":""number""},{""raw"":""27票"",""value"":27,""unit"":""票"",""kind"":""number""},{""raw"":""24件"",""value"":24,""unit"":""件"",""kind"":""number""}]}]",18976,4708a88dc2490b851cef624082c3af96aa2c1f1c28034805325c9dddd6cdba9e
15,detail,music,1095,https://toho-vote.info/result15/music/1095.php,投票結果：オリエンタルダークフライト - 第15回 東方Project 人気投票,"[{""kind"":""title"",""text"":""投票結果：オリエンタルダークフライト - 第15回 東方Project 人気投票"",""numbers"":[]},{""kind"":""item_heading"",""text"":""オリエンタルダークフライト（128位）"",""numbers"":[{""raw"":""128位"",""value"":128,""unit"":""位"",""kind"":""number""}]},{""kind"":""item_statistics"",""text"":""ポイント：355点 ｜ 得票数：329票 ｜ 一押し数：26票 ｜ コメント数：32件 リストへ戻る"",""numbers"":[{""raw"":""355点"",""value"":355,""unit"":""点"",""kind"":""number""},{""raw"":""329票"",""value"":329,""unit"":""票"",""kind"":""number""},{""raw"":""26票"",""value"":26,""unit"":""票"",""kind"":""number""},{""raw"":""32件"",""value"":32,""unit"":""件"",""kind"":""number""}]}]",19377,a699997090ed48f5397e203581ea161b7fbea1b84f6576d83d7d295833940f70
15,detail,music,1096,https://toho-vote.info/result15/music/1096.php,投票結果：フラワリングナイト - 第15回 東方Project 人気投票,"[{""kind"":""title"",""text"":""投票結果：フラワリングナイト - 第15回 東方Project 人気投票"",""numbers"":[]},{""kind"":""item_heading"",""text"":""フラワリングナイト（32位）"",""numbers"":[{""raw"":""32位"",""value"":32,""unit"":""位"",""kind"":""number""}]},{""kind"":""item_statistics"",""text"":""ポイント：1370点 ｜ 得票数：986票 ｜ 一押し数：93票 ｜ コメント数：87件 リストへ戻る"",""numbers"":[{""raw"":""1370点"",""value"":1370,""unit"":""点"",""kind"":""number""},{""raw"":""986票"",""value"":986,""unit"":""票"",""kind"":""number""},{""raw"":""93票"",""value"":93,""unit"":""票"",""kind"":""number""},{""raw"":""87件"",""value"":87,""unit"":""件"",""kind"":""number""}]}]",24073,89d10c707f56f2f6d6bb73c82570209c7caa3f2d2df9691b3239e779f2ccadc2
15,detail,music,1102,https://toho-vote.info/result15/music/1102.php,投票結果：お宇佐さまの素い幡 - 第15回 東方Project 人気投票,"[{""kind"":""title"",""text"":""投票結果：お宇佐さまの素い幡 - 第15回 東方Project 人気投票"",""numbers"":[]},{""kind"":""item_heading"",""text"":""お宇佐さまの素い幡（204位）"",""numbers"":[{""raw"":""204位"",""value"":204,""unit"":""位"",""kind"":""number""}]},{""kind"":""item_statistics"",""text"":""ポイント：147点 ｜ 得票数：125票 ｜ 一押し数：12票 ｜ コメント数：11件 リストへ戻る"",""numbers"":[{""raw"":""147点"",""value"":147,""unit"":""点"",""kind"":""number""},{""raw"":""125票"",""value"":125,""unit"":""票"",""kind"":""number""},{""raw"":""12票"",""value"":12,""unit"":""票"",""kind"":""number""},{""raw"":""11件"",""value"":11,""unit"":""件"",""kind"":""number""}]}]",17683,41348d29c81125ac34773001a2b8830623e9144783badf94bcb6e73d6fd5e654
15,detail,music,1104,https://toho-vote.info/result15/music/1104.php,投票結果：ポイズンボディ ～ Forsaken Doll - 第15回 東方Project 人気投票,"[{""kind"":""title"",""text"":""投票結果：ポイズンボディ ～ Forsaken Doll - 第15回 東方Project 人気投票"",""numbers"":[]},{""kind"":""item_heading"",""text"":""ポイズンボディ ～ Forsaken Doll（211位）"",""numbers"":[{""raw"":""211位"",""value"":211,""unit"":""位"",""kind"":""number""}]},{""kind"":""item_statistics"",""text"":""ポイント：132点 ｜ 得票数：121票 ｜ 一押し数：11票 ｜ コメント数：16件 リストへ戻る"",""numbers"":[{""raw"":""132点"",""value"":132,""unit"":""点"",""kind"":""number""},{""raw"":""121票"",""value"":121,""unit"":""票"",""kind"":""number""},{""raw"":""11票"",""value"":11,""unit"":""票"",""kind"":""number""},{""raw"":""16件"",""value"":16,""unit"":""件"",""kind"":""number""}]}]",17570,e254245c2a699738015f44c9aeffebd7558945e21cb8a6bdf250b5276bb46da4
15,detail,music,1105,https://toho-vote.info/result15/music/1105.php,投票結果：今昔幻想郷 ～ Flower Land - 第15回 東方Project 人気投票,"[{""kind"":""title"",""text"":""投票結果：今昔幻想郷 ～ Flower Land - 第15回 東方Project 人気投票"",""numbers"":[]},{""kind"":""item_heading"",""text"":""今昔幻想郷 ～ Flower Land（124位）"",""numbers"":[{""raw"":""124位"",""value"":124,""unit"":""位"",""kind"":""number""}]},{""kind"":""item_statistics"",""text"":""ポイント：361点 ｜ 得票数：328票 ｜ 一押し数：33票 ｜ コメント数：30件 リストへ戻る"",""numbers"":[{""raw"":""361点"",""value"":361,""unit"":""点"",""kind"":""number""},{""raw"":""328票"",""value"":328,""unit"":""票"",""kind"":""number""},{""raw"":""33票"",""value"":33,""unit"":""票"",""kind"":""number""},{""raw"":""30件"",""value"":30,""unit"":""件"",""kind"":""number""}]}]",19478,fd116a9a4bf34d37b75cc54aa930286422f2cd7b8ff1ccfe53ab6f07a0a5a765
15,detail,music,1106,https://toho-vote.info/result15/music/1106.php,投票結果：彼岸帰航 ～ Riverside View - 第15回 東方Project 人気投票,"[{""kind"":""title"",""text"":""投票結果：彼岸帰航 ～ Riverside View - 第15回 東方Project 人気投票"",""numbers"":[]},{""kind"":""item_heading"",""text"":""彼岸帰航 ～ Riverside View（101位）"",""numbers"":[{""raw"":""101位"",""value"":101,""unit"":""位"",""kind"":""number""}]},{""kind"":""item_statistics"",""text"":""ポイント：491点 ｜ 得票数：379票 ｜ 一押し数：35票 ｜ コメント数：29件 リストへ戻る"",""numbers"":[{""raw"":""491点"",""value"":491,""unit"":""点"",""kind"":""number""},{""raw"":""379票"",""value"":379,""unit"":""票"",""kind"":""number""},{""raw"":""35票"",""value"":35,""unit"":""票"",""kind"":""number""},{""raw"":""29件"",""value"":29,""unit"":""件"",""kind"":""number""}]}]",19981,886d6f7ad2167a4703b21639a966871841697aed2e2b8d7a7a181da0e00e10ed
15,detail,music,1107,https://toho-vote.info/result15/music/1107.php,投票結果：六十年目の東方裁判 ～ Fate of Sixty Years - 第15回 東方Project 人気投票,"[{""kind"":""title"",""text"":""投票結果：六十年目の東方裁判 ～ Fate of Sixty Years - 第15回 東方Project 人気投票"",""numbers"":[]},{""kind"":""item_heading"",""text"":""六十年目の東方裁判 ～ Fate of Sixty Years（33位）"",""numbers"":[{""raw"":""33位"",""value"":33,""unit"":""位"",""kind"":""number""}]},{""kind"":""item_statistics"",""text"":""ポイント：1307点 ｜ 得票数：1160票 ｜ 一押し数：109票 ｜ コメント数：83件 リストへ戻る"",""numbers"":[{""raw"":""1307点"",""value"":1307,""unit"":""点"",""kind"":""number""},{""raw"":""1160票"",""value"":1160,""unit"":""票"",""kind"":""number""},{""raw"":""109票"",""value"":109,""unit"":""票"",""kind"":""number""},{""raw"":""83件"",""value"":83,""unit"":""件"",""kind"":""number""}]}]",25709,6fad38d26521d5bc06757e9417a86c9868bc764fd2c838267e2b3404bc50dd15
15,detail,music,1108,https://toho-vote.info/result15/music/1108.php,投票結果：花の映る塚 - 第15回 東方Project 人気投票,"[{""kind"":""title"",""text"":""投票結果：花の映る塚 - 第15回 東方Project 人気投票"",""numbers"":[]},{""kind"":""item_heading"",""text"":""花の映る塚（366位）"",""numbers"":[{""raw"":""366位"",""value"":366,""unit"":""位"",""kind"":""number""}]},{""kind"":""item_statistics"",""text"":""ポイント：27点 ｜ 得票数：27票 ｜ 一押し数：0票 ｜ コメント数：2件 リストへ戻る"",""numbers"":[{""raw"":""27点"",""value"":27,""unit"":""点"",""kind"":""number""},{""raw"":""27票"",""value"":27,""unit"":""票"",""kind"":""number""},{""raw"":""0票"",""value"":0,""unit"":""票"",""kind"":""number""},{""raw"":""2件"",""value"":2,""unit"":""件"",""kind"":""number""}]}]",16282,8fd4758c490367c458793c7de51c5d475d966552fc224ae7fd4979dea111aaee
15,detail,music,1109,https://toho-vote.info/result15/music/1109.php,投票結果：此岸の塚 - 第15回 東方Project 人気投票,"[{""kind"":""title"",""text"":""投票結果：此岸の塚 - 第15回 東方Project 人気投票"",""numbers"":[]},{""kind"":""item_heading"",""text"":""此岸の塚（402位）"",""numbers"":[{""raw"":""402位"",""value"":402,""unit"":""位"",""kind"":""number""}]},{""kind"":""item_statistics"",""text"":""ポイント：16点 ｜ 得票数：16票 ｜ 一押し数：0票 ｜ コメント数：2件 リストへ戻る"",""numbers"":[{""raw"":""16点"",""value"":16,""unit"":""点"",""kind"":""number""},{""raw"":""16票"",""value"":16,""unit"":""票"",""kind"":""number""},{""raw"":""0票"",""value"":0,""unit"":""票"",""kind"":""number""},{""raw"":""2件"",""value"":2,""unit"":""件"",""kind"":""number""}]}]",16261,6ae7a3cd18ec3998b1414a3aedb35feeed34b7623e370ff0c2bcf1243c9705c0
15,detail,music,1110,https://toho-vote.info/result15/music/1110.php,投票結果：花は幻想のままに - 第15回 東方Project 人気投票,"[{""kind"":""title"",""text"":""投票結果：花は幻想のままに - 第15回 東方Project 人気投票"",""numbers"":[]},{""kind"":""item_heading"",""text"":""花は幻想のままに（195位）"",""numbers"":[{""raw"":""195位"",""value"":195,""unit"":""位"",""kind"":""number""}]},{""kind"":""item_statistics"",""text"":""ポイント：163点 ｜ 得票数：151票 ｜ 一押し数：12票 ｜ コメント数：23件 リストへ戻る"",""numbers"":[{""raw"":""163点"",""value"":163,""unit"":""点"",""kind"":""number""},{""raw"":""151票"",""value"":151,""unit"":""票"",""kind"":""number""},{""raw"":""12票"",""value"":12,""unit"":""票"",""kind"":""number""},{""raw"":""23件"",""value"":23,""unit"":""件"",""kind"":""number""}]}]",18489,5c6049b6fda7863523af1856117ab76e38053b126f5d512b4e5c68b5b2443d9f
15,detail,music,1111,https://toho-vote.info/result15/music/1111.php,投票結果：魂の花 ～ Another Dream... - 第15回 東方Project 人気投票,"[{""kind"":""title"",""text"":""投票結果：魂の花 ～ Another Dream... - 第15回 東方Project 人気投票"",""numbers"":[]},{""kind"":""item_heading"",""text"":""魂の花 ～ Another Dream...（350位）"",""numbers"":[{""raw"":""350位"",""value"":350,""unit"":""位"",""kind"":""number""}]},{""kind"":""item_statistics"",""text"":""ポイント：32点 ｜ 得票数：30票 ｜ 一押し数：2票 ｜ コメント数：4件 リストへ戻る"",""numbers"":[{""raw"":""32点"",""value"":32,""unit"":""点"",""kind"":""number""},{""raw"":""30票"",""value"":30,""unit"":""票"",""kind"":""number""},{""raw"":""2票"",""value"":2,""unit"":""票"",""kind"":""number""},{""raw"":""4件"",""value"":4,""unit"":""件"",""kind"":""number""}]}]",16843,a4fa9339eca015c97b9fb683d70b54e97a6f33e69386bb44abbb937b5e2ed889
15,detail,music,1112,https://toho-vote.info/result15/music/1112.php,投票結果：天狗の手帖 ～ Mysterious Note - 第15回 東方Project 人気投票,"[{""kind"":""title"",""text"":""投票結果：天狗の手帖 ～ Mysterious Note - 第15回 東方Project 人気投票"",""numbers"":[]},{""kind"":""item_heading"",""text"":""天狗の手帖 ～ Mysterious Note（283位）"",""numbers"":[{""raw"":""283位"",""value"":283,""unit"":""位"",""kind"":""number""}]},{""kind"":""item_statistics"",""text"":""ポイント：57点 ｜ 得票数：56票 ｜ 一押し数：1票 ｜ コメント数：3件 リストへ戻る"",""numbers"":[{""raw"":""57点"",""value"":57,""unit"":""点"",""kind"":""number""},{""raw"":""56票"",""value"":56,""unit"":""票"",""kind"":""number""},{""raw"":""1票"",""value"":1,""unit"":""票"",""kind"":""number""},{""raw"":""3件"",""value"":3,""unit"":""件"",""kind"":""number""}]}]",16496,2e090ac4298783d15f7f496d78f131cd03a8f6e52cf977f404b9661b9db23a77
15,detail,music,1113,https://toho-vote.info/result15/music/1113.php,投票結果：風の循環 ～ Wind Tour - 第15回 東方Project 人気投票,"[{""kind"":""title"",""text"":""投票結果：風の循環 ～ Wind Tour - 第15回 東方Project 人気投票"",""numbers"":[]},{""kind"":""item_heading"",""text"":""風の循環 ～ Wind Tour（317位）"",""numbers"":[{""raw"":""317位"",""value"":317,""unit"":""位"",""kind"":""number""}]},{""kind"":""item_statistics"",""text"":""ポイント：43点 ｜ 得票数：43票 ｜ 一押し数：0票 ｜ コメント数：8件 リストへ戻る"",""numbers"":[{""raw"":""43点"",""value"":43,""unit"":""点"",""kind"":""number""},{""raw"":""43票"",""value"":43,""unit"":""票"",""kind"":""number""},{""raw"":""0票"",""value"":0,""unit"":""票"",""kind"":""number""},{""raw"":""8件"",""value"":8,""unit"":""件"",""kind"":""number""}]}]",16911,1486b6626512324c6f9ab087f6969f21190f413882a76e3cd39b6acfbd747ec5
15,detail,music,1114,https://toho-vote.info/result15/music/1114.php,投票結果：天狗が見ている ～ Black Eyes - 第15回 東方Project 人気投票,"[{""kind"":""title"",""text"":""投票結果：天狗が見ている ～ Black Eyes - 第15回 東方Project 人気投票"",""numbers"":[]},{""kind"":""item_heading"",""text"":""天狗が見ている ～ Black Eyes（274位）"",""numbers"":[{""raw"":""274位"",""value"":274,""unit"":""位"",""kind"":""number""}]},{""kind"":""item_statistics"",""text"":""ポイント：61点 ｜ 得票数：58票 ｜ 一押し数：3票 ｜ コメント数：4件 リストへ戻る"",""numbers"":[{""raw"":""61点"",""value"":61,""unit"":""点"",""kind"":""number""},{""raw"":""58票"",""value"":58,""unit"":""票"",""kind"":""number""},{""raw"":""3票"",""value"":3,""unit"":""票"",""kind"":""number""},{""raw"":""4件"",""value"":4,""unit"":""件"",""kind"":""number""}]}]",16600,48c912cee22ef4ac9d9ccdca3187a2e9a4d42ff85d0169db3e70ca91babde662
15,detail,music,1115,https://toho-vote.info/result15/music/1115.php,投票結果：東の国の眠らない夜 - 第15回 東方Project 人気投票,"[{""kind"":""title"",""text"":""投票結果：東の国の眠らない夜 - 第15回 東方Project 人気投票"",""numbers"":[]},{""kind"":""item_heading"",""text"":""東の国の眠らない夜（65位）"",""numbers"":[{""raw"":""65位"",""value"":65,""unit"":""位"",""kind"":""number""}]},{""kind"":""item_statistics"",""text"":""ポイント：796点 ｜ 得票数：635票 ｜ 一押し数：64票 ｜ コメント数：50件 リストへ戻る"",""numbers"":[{""raw"":""796点"",""value"":796,""unit"":""点"",""kind"":""number""},{""raw"":""635票"",""value"":635,""unit"":""票"",""kind"":""number""},{""raw"":""64票"",""value"":64,""unit"":""票"",""kind"":""number""},{""raw"":""50件"",""value"":50,""unit"":""件"",""kind"":""number""}]}]",21008,7fb8c92b62d7468a476619306ecef1f8fc6ed22ed8dfdd298ca606cfdafd834c
15,detail,music,1116,https://toho-vote.info/result15/music/1116.php,投票結果：レトロスペクティブ京都 - 第15回 東方Project 人気投票,"[{""kind"":""title"",""text"":""投票結果：レトロスペクティブ京都 - 第15回 東方Project 人気投票"",""numbers"":[]},{""kind"":""item_heading"",""text"":""レトロスペクティブ京都（106位）"",""numbers"":[{""raw"":""106位"",""value"":106,""unit"":""位"",""kind"":""number""}]},{""kind"":""item_statistics"",""text"":""ポイント：454点 ｜ 得票数：401票 ｜ 一押し数：22票 ｜ コメント数：47件 リストへ戻る"",""numbers"":[{""raw"":""454点"",""value"":454,""unit"":""点"",""kind"":""number""},{""raw"":""401票"",""value"":401,""unit"":""票"",""kind"":""number""},{""raw"":""22票"",""value"":22,""unit"":""票"",""kind"":""number""},{""raw"":""47件"",""value"":47,""unit"":""件"",""kind"":""number""}]}]",20815,b685f5c8a9598a1752814c6cf4d4a86079f5fe3f9ccff23e82d4c661a53463d3
15,detail,music,1117,https://toho-vote.info/result15/music/1117.php,投票結果：風神少女 - 第15回 東方Project 人気投票,"[{""kind"":""title"",""text"":""投票結果：風神少女 - 第15回 東方Project 人気投票"",""numbers"":[]},{""kind"":""item_heading"",""text"":""風神少女（31位）"",""numbers"":[{""raw"":""31位"",""value"":31,""unit"":""位"",""kind"":""number""}]},{""kind"":""item_statistics"",""text"":""ポイント：1380点 ｜ 得票数：795票 ｜ 一押し数：160票 ｜ コメント数：104件 リストへ戻る"",""numbers"":[{""raw"":""1380点"",""value"":1380,""unit"":""点"",""kind"":""number""},{""raw"":""795票"",""value"":795,""unit"":""票"",""kind"":""number""},{""raw"":""160票"",""value"":160,""unit"":""票"",""kind"":""number""},{""raw"":""104件"",""value"":104,""unit"":""件"",""kind"":""number""}]}]",25554,6e706dea85a2fe67b80a2366b915a4b571363a17a667bdfc905888bb56ac377f
15,detail,music,1118,https://toho-vote.info/result15/music/1118.php,投票結果：封印されし神々 - 第15回 東方Project 人気投票,"[{""kind"":""title"",""text"":""投票結果：封印されし神々 - 第15回 東方Project 人気投票"",""numbers"":[]},{""kind"":""item_heading"",""text"":""封印されし神々（251位）"",""numbers"":[{""raw"":""251位"",""value"":251,""unit"":""位"",""kind"":""number""}]},{""kind"":""item_statistics"",""text"":""ポイント：87点 ｜ 得票数：81票 ｜ 一押し数：6票 ｜ コメント数：14件 リストへ戻る"",""numbers"":[{""raw"":""87点"",""value"":87,""unit"":""点"",""kind"":""number""},{""raw"":""81票"",""value"":81,""unit"":""票"",""kind"":""number""},{""raw"":""6票"",""value"":6,""unit"":""票"",""kind"":""number""},{""raw"":""14件"",""value"":14,""unit"":""件"",""kind"":""number""}]}]",17819,2b09923f76675d24901fe3b7b27458a18f5513d7b7b1e6097b7bfd75c626b90c
15,detail,music,1119,https://toho-vote.info/result15/music/1119.php,投票結果：人恋し神様 ～ Romantic Fall - 第15回 東方Project 人気投票,"[{""kind"":""title"",""text"":""投票結果：人恋し神様 ～ Romantic Fall - 第15回 東方Project 人気投票"",""numbers"":[]},{""kind"":""item_heading"",""text"":""人恋し神様 ～ Romantic Fall（187位）"",""numbers"":[{""raw"":""187位"",""value"":187,""unit"":""位"",""kind"":""number""}]},{""kind"":""item_statistics"",""text"":""ポイント：180点 ｜ 得票数：165票 ｜ 一押し数：15票 ｜ コメント数：23件 リストへ戻る"",""numbers"":[{""raw"":""180点"",""value"":180,""unit"":""点"",""kind"":""number""},{""raw"":""165票"",""value"":165,""unit"":""票"",""kind"":""number""},{""raw"":""15票"",""value"":15,""unit"":""票"",""kind"":""number""},{""raw"":""23件"",""value"":23,""unit"":""件"",""kind"":""number""}]}]",18881,6693c43408d9e2c8ab19fd0432bf73a75c35d7f306eb2692f76ffb1bdcbf8fcd
15,detail,music,1120,https://toho-vote.info/result15/music/1120.php,投票結果：稲田姫様に叱られるから - 第15回 東方Project 人気投票,"[{""kind"":""title"",""text"":""投票結果：稲田姫様に叱られるから - 第15回 東方Project 人気投票"",""numbers"":[]},{""kind"":""item_heading"",""text"":""稲田姫様に叱られるから（71位）"",""numbers"":[{""raw"":""71位"",""value"":71,""unit"":""位"",""kind"":""number""}]},{""kind"":""item_statistics"",""text"":""ポイント：739点 ｜ 得票数：700票 ｜ 一押し数：39票 ｜ コメント数：58件 リストへ戻る"",""numbers"":[{""raw"":""739点"",""value"":739,""unit"":""点"",""kind"":""number""},{""raw"":""700票"",""value"":700,""unit"":""票"",""kind"":""number""},{""raw"":""39票"",""value"":39,""unit"":""票"",""kind"":""number""},{""raw"":""58件"",""value"":58,""unit"":""件"",""kind"":""number""}]}]",20788,22e4064d5b152eb1dad0545d56757f7c3ad27f606d4a5d071013cb0ff4fa8837
15,detail,music,1121,https://toho-vote.info/result15/music/1121.php,投票結果：厄神様の通り道 ～ Dark Road - 第15回 東方Project 人気投票,"[{""kind"":""title"",""text"":""投票結果：厄神様の通り道 ～ Dark Road - 第15回 東方Project 人気投票"",""numbers"":[]},{""kind"":""item_heading"",""text"":""厄神様の通り道 ～ Dark Road（80位）"",""numbers"":[{""raw"":""80位"",""value"":80,""unit"":""位"",""kind"":""number""}]},{""kind"":""item_statistics"",""text"":""ポイント：653点 ｜ 得票数：603票 ｜ 一押し数：50票 ｜ コメント数：54件 リストへ戻る"",""numbers"":[{""raw"":""653点"",""value"":653,""unit"":""点"",""kind"":""number""},{""raw"":""603票"",""value"":603,""unit"":""票"",""kind"":""number""},{""raw"":""50票"",""value"":50,""unit"":""票"",""kind"":""number""},{""raw"":""54件"",""value"":54,""unit"":""件"",""kind"":""number""}]}]",20545,6563e8f627b9bf00b7763f6980b4c061ed79067eacd095a72f59e8a1d332ada7
15,detail,music,1122,https://toho-vote.info/result15/music/1122.php,投票結果：運命のダークサイド - 第15回 東方Project 人気投票,"[{""kind"":""title"",""text"":""投票結果：運命のダークサイド - 第15回 東方Project 人気投票"",""numbers"":[]},{""kind"":""item_heading"",""text"":""運命のダークサイド（57位）"",""numbers"":[{""raw"":""57位"",""value"":57,""unit"":""位"",""kind"":""number""}]},{""kind"":""item_statistics"",""text"":""ポイント：899点 ｜ 得票数：825票 ｜ 一押し数：74票 ｜ コメント数：71件 リストへ戻る"",""numbers"":[{""raw"":""899点"",""value"":899,""unit"":""点"",""kind"":""number""},{""raw"":""825票"",""value"":825,""unit"":""票"",""kind"":""number""},{""raw"":""74票"",""value"":74,""unit"":""票"",""kind"":""number""},{""raw"":""71件"",""value"":71,""unit"":""件"",""kind"":""number""}]}]",21600,7ab1d2a433ef3ffe5f83015092574df406c172620e42dea72264eb79d42373b8
15,detail,music,1123,https://toho-vote.info/result15/music/1123.php,投票結果：神々が恋した幻想郷 - 第15回 東方Project 人気投票,"[{""kind"":""title"",""text"":""投票結果：神々が恋した幻想郷 - 第15回 東方Project 人気投票"",""numbers"":[]},{""kind"":""item_heading"",""text"":""神々が恋した幻想郷（8位）"",""numbers"":[{""raw"":""8位"",""value"":8,""unit"":""位"",""kind"":""number""}]},{""kind"":""item_statistics"",""text"":""ポイント：3196点 ｜ 得票数：2844票 ｜ 一押し数：352票 ｜ コメント数：234件 リストへ戻る"",""numbers"":[{""raw"":""3196点"",""value"":3196,""unit"":""点"",""kind"":""number""},{""raw"":""2844票"",""value"":2844,""unit"":""票"",""kind"":""number""},{""raw"":""352票"",""value"":352,""unit"":""票"",""kind"":""number""},{""raw"":""234件"",""value"":234,""unit"":""件"",""kind"":""number""}]}]",37182,8d70d04e8d00da8dc7a8df48f8e1a9597916fa5f917abd021b20fdddd24e8060
15,detail,music,1124,https://toho-vote.info/result15/music/1124.php,投票結果：芥川龍之介の河童 ～ Candid Friend - 第15回 東方Project 人気投票,"[{""kind"":""title"",""text"":""投票結果：芥川龍之介の河童 ～ Candid Friend - 第15回 東方Project 人気投票"",""numbers"":[]},{""kind"":""item_heading"",""text"":""芥川龍之介の河童 ～ Candid Friend（47位）"",""numbers"":[{""raw"":""47位"",""value"":47,""unit"":""位"",""kind"":""number""}]},{""kind"":""item_statistics"",""text"":""ポイント：1046点 ｜ 得票数：866票 ｜ 一押し数：85票 ｜ コメント数：66件 リストへ戻る"",""numbers"":[{""raw"":""1046点"",""value"":1046,""unit"":""点"",""kind"":""number""},{""raw"":""866票"",""value"":866,""unit"":""票"",""kind"":""number""},{""raw"":""85票"",""value"":85,""unit"":""票"",""kind"":""number""},{""raw"":""66件"",""value"":66,""unit"":""件"",""kind"":""number""}]}]",22174,af343eb4dedb2693d33fa5d9f60f5abf67b2adc5bd6817c82b054f3fe74d55ae
15,detail,music,1125,https://toho-vote.info/result15/music/1125.php,投票結果：フォールオブフォール ～ 秋めく滝 - 第15回 東方Project 人気投票,"[{""kind"":""title"",""text"":""投票結果：フォールオブフォール ～ 秋めく滝 - 第15回 東方Project 人気投票"",""numbers"":[]},{""kind"":""item_heading"",""text"":""フォールオブフォール ～ 秋めく滝（30位）"",""numbers"":[{""raw"":""30位"",""value"":30,""unit"":""位"",""kind"":""number""}]},{""kind"":""item_statistics"",""text"":""ポイント：1400点 ｜ 得票数：1246票 ｜ 一押し数：154票 ｜ コメント数：126件 リストへ戻る"",""numbers"":[{""raw"":""1400点"",""value"":1400,""unit"":""点"",""kind"":""number""},{""raw"":""1246票"",""value"":1246,""unit"":""票"",""kind"":""number""},{""raw"":""154票"",""value"":154,""unit"":""票"",""kind"":""number""},{""raw"":""126件"",""value"":126,""unit"":""件"",""kind"":""number""}]}]",27408,406dcbbbcdb06cee95803d638a7b722e445aec1a6a787c5ee552925e8fed93cf
15,detail,music,1126,https://toho-vote.info/result15/music/1126.php,投票結果：妖怪の山 ～ Mysterious Mountain - 第15回 東方Project 人気投票,"[{""kind"":""title"",""text"":""投票結果：妖怪の山 ～ Mysterious Mountain - 第15回 東方Project 人気投票"",""numbers"":[]},{""kind"":""item_heading"",""text"":""妖怪の山 ～ Mysterious Mountain（44位）"",""numbers"":[{""raw"":""44位"",""value"":44,""unit"":""位"",""kind"":""number""}]},{""kind"":""item_statistics"",""text"":""ポイント：1074点 ｜ 得票数：895票 ｜ 一押し数：98票 ｜ コメント数：101件 リストへ戻る"",""numbers"":[{""raw"":""1074点"",""value"":1074,""unit"":""点"",""kind"":""number""},{""raw"":""895票"",""value"":895,""unit"":""票"",""kind"":""number""},{""raw"":""98票"",""value"":98,""unit"":""票"",""kind"":""number""},{""raw"":""101件"",""value"":101,""unit"":""件"",""kind"":""number""}]}]",27524,b1aca63bbe198ec1769697ab958abcf3e79b7ef10fe9207e42ebbef0fad6e2f2
15,detail,music,1127,https://toho-vote.info/result15/music/1127.php,投票結果：少女が見た日本の原風景 - 第15回 東方Project 人気投票,"[{""kind"":""title"",""text"":""投票結果：少女が見た日本の原風景 - 第15回 東方Project 人気投票"",""numbers"":[]},{""kind"":""item_heading"",""text"":""少女が見た日本の原風景（61位）"",""numbers"":[{""raw"":""61位"",""value"":61,""unit"":""位"",""kind"":""number""}]},{""kind"":""item_statistics"",""text"":""ポイント：862点 ｜ 得票数：781票 ｜ 一押し数：81票 ｜ コメント数：75件 リストへ戻る"",""numbers"":[{""raw"":""862点"",""value"":862,""unit"":""点"",""kind"":""number""},{""raw"":""781票"",""value"":781,""unit"":""票"",""kind"":""number""},{""raw"":""81票"",""value"":81,""unit"":""票"",""kind"":""number""},{""raw"":""75件"",""value"":75,""unit"":""件"",""kind"":""number""}]}]",24499,122bc99fb65b9d3f40ae411bedc0ea206f0516a63234913026179f3aea8ae805
15,detail,music,1128,https://toho-vote.info/result15/music/1128.php,投票結果：信仰は儚き人間の為に - 第15回 東方Project 人気投票,"[{""kind"":""title"",""text"":""投票結果：信仰は儚き人間の為に - 第15回 東方Project 人気投票"",""numbers"":[]},{""kind"":""item_heading"",""text"":""信仰は儚き人間の為に（23位）"",""numbers"":[{""raw"":""23位"",""value"":23,""unit"":""位"",""kind"":""number""}]},{""kind"":""item_statistics"",""text"":""ポイント：1681点 ｜ 得票数：1442票 ｜ 一押し数：158票 ｜ コメント数：123件 リストへ戻る"",""numbers"":[{""raw"":""1681点"",""value"":1681,""unit"":""点"",""kind"":""number""},{""raw"":""1442票"",""value"":1442,""unit"":""票"",""kind"":""number""},{""raw"":""158票"",""value"":158,""unit"":""票"",""kind"":""number""},{""raw"":""123件"",""value"":123,""unit"":""件"",""kind"":""number""}]}]",28109,3c09b1afa8753dbe5c5bb3af4bb4c6ee2957c01d97d65ecb5d0c76a276e0219a
15,detail,music,1129,https://toho-vote.info/result15/music/1129.php,投票結果：御柱の墓場 ～ Grave of Being - 第15回 東方Project 人気投票,"[{""kind"":""title"",""text"":""投票結果：御柱の墓場 ～ Grave of Being - 第15回 東方Project 人気投票"",""numbers"":[]},{""kind"":""item_heading"",""text"":""御柱の墓場 ～ Grave of Being（188位）"",""numbers"":[{""raw"":""188位"",""value"":188,""unit"":""位"",""kind"":""number""}]},{""kind"":""item_statistics"",""text"":""ポイント：178点 ｜ 得票数：170票 ｜ 一押し数：8票 ｜ コメント数：27件 リストへ戻る"",""numbers"":[{""raw"":""178点"",""value"":178,""unit"":""点"",""kind"":""number""},{""raw"":""170票"",""value"":170,""unit"":""票"",""kind"":""number""},{""raw"":""8票"",""value"":8,""unit"":""票"",""kind"":""number""},{""raw"":""27件"",""value"":27,""unit"":""件"",""kind"":""number""}]}]",18926,51510b3215736258273ec6f59d536adfb7f6dacf996776f29111500d063aa9f4
15,detail,music,1130,https://toho-vote.info/result15/music/1130.php,投票結果：神さびた古戦場 ～ Suwa Foughten Field - 第15回 東方Project 人気投票,"[{""kind"":""title"",""text"":""投票結果：神さびた古戦場 ～ Suwa Foughten Field - 第15回 東方Project 人気投票"",""numbers"":[]},{""kind"":""item_heading"",""text"":""神さびた古戦場 ～ Suwa Foughten Field（62位）"",""numbers"":[{""raw"":""62位"",""value"":62,""unit"":""位"",""kind"":""number""}]},{""kind"":""item_statistics"",""text"":""ポイント：854点 ｜ 得票数：793票 ｜ 一押し数：61票 ｜ コメント数：74件 リストへ戻る"",""numbers"":[{""raw"":""854点"",""value"":854,""unit"":""点"",""kind"":""number""},{""raw"":""793票"",""value"":793,""unit"":""票"",""kind"":""number""},{""raw"":""61票"",""value"":61,""unit"":""票"",""kind"":""number""},{""raw"":""74件"",""value"":74,""unit"":""件"",""kind"":""number""}]}]",22668,569bd09a0cf201067a4a0037b4c65f6cad73c873d366a70a644f620564a6b121
15,detail,music,1131,https://toho-vote.info/result15/music/1131.php,投票結果：明日ハレの日、ケの昨日 - 第15回 東方Project 人気投票,"[{""kind"":""title"",""text"":""投票結果：明日ハレの日、ケの昨日 - 第15回 東方Project 人気投票"",""numbers"":[]},{""kind"":""item_heading"",""text"":""明日ハレの日、ケの昨日（43位）"",""numbers"":[{""raw"":""43位"",""value"":43,""unit"":""位"",""kind"":""number""}]},{""kind"":""item_statistics"",""text"":""ポイント：1128点 ｜ 得票数：918票 ｜ 一押し数：93票 ｜ コメント数：110件 リストへ戻る"",""numbers"":[{""raw"":""1128点"",""value"":1128,""unit"":""点"",""kind"":""number""},{""raw"":""918票"",""value"":918,""unit"":""票"",""kind"":""number""},{""raw"":""93票"",""value"":93,""unit"":""票"",""kind"":""number""},{""raw"":""110件"",""value"":110,""unit"":""件"",""kind"":""number""}]}]",28626,89e348aec5ded1407bfa5428f9f8d1edf516145500e9296032c2b9a2604c93d1
15,detail,music,1132,https://toho-vote.info/result15/music/1132.php,投票結果：ネイティブフェイス - 第15回 東方Project 人気投票,"[{""kind"":""title"",""text"":""投票結果：ネイティブフェイス - 第15回 東方Project 人気投票"",""numbers"":[]},{""kind"":""item_heading"",""text"":""ネイティブフェイス（18位）"",""numbers"":[{""raw"":""18位"",""value"":18,""unit"":""位"",""kind"":""number""}]},{""kind"":""item_statistics"",""text"":""ポイント：1982点 ｜ 得票数：1794票 ｜ 一押し数：188票 ｜ コメント数：164件 リストへ戻る"",""numbers"":[{""raw"":""1982点"",""value"":1982,""unit"":""点"",""kind"":""number""},{""raw"":""1794票"",""value"":1794,""unit"":""票"",""kind"":""number""},{""raw"":""188票"",""value"":188,""unit"":""票"",""kind"":""number""},{""raw"":""164件"",""value"":164,""unit"":""件"",""kind"":""number""}]}]",30536,e7fc06b883ef1b268008a13e2b30a39f91383226b4d7823a623ab205696c09eb
15,detail,music,1133,https://toho-vote.info/result15/music/1133.php,投票結果：麓の神社 - 第15回 東方Project 人気投票,"[{""kind"":""title"",""text"":""投票結果：麓の神社 - 第15回 東方Project 人気投票"",""numbers"":[]},{""kind"":""item_heading"",""text"":""麓の神社（359位）"",""numbers"":[{""raw"":""359位"",""value"":359,""unit"":""位"",""kind"":""number""}]},{""kind"":""item_statistics"",""text"":""ポイント：30点 ｜ 得票数：28票 ｜ 一押し数：2票 ｜ コメント数：5件 リストへ戻る"",""numbers"":[{""raw"":""30点"",""value"":30,""unit"":""点"",""kind"":""number""},{""raw"":""28票"",""value"":28,""unit"":""票"",""kind"":""number""},{""raw"":""2票"",""value"":2,""unit"":""票"",""kind"":""number""},{""raw"":""5件"",""value"":5,""unit"":""件"",""kind"":""number""}]}]",16395,3358fe819cbc3cfd5545f7e930419d2cedc3527ec64394e9202e2984a5652b4f
15,detail,music,1134,https://toho-vote.info/result15/music/1134.php,投票結果：神は恵みの雨を降らす ～ Sylphid Dream - 第15回 東方Project 人気投票,"[{""kind"":""title"",""text"":""投票結果：神は恵みの雨を降らす ～ Sylphid Dream - 第15回 東方Project 人気投票"",""numbers"":[]},{""kind"":""item_heading"",""text"":""神は恵みの雨を降らす ～ Sylphid Dream（331位）"",""numbers"":[{""raw"":""331位"",""value"":331,""unit"":""位"",""kind"":""number""}]},{""kind"":""item_statistics"",""text"":""ポイント：38点 ｜ 得票数：37票 ｜ 一押し数：1票 ｜ コメント数：8件 リストへ戻る"",""numbers"":[{""raw"":""38点"",""value"":38,""unit"":""点"",""kind"":""number""},{""raw"":""37票"",""value"":37,""unit"":""票"",""kind"":""number""},{""raw"":""1票"",""value"":1,""unit"":""票"",""kind"":""number""},{""raw"":""8件"",""value"":8,""unit"":""件"",""kind"":""number""}]}]",17409,05907c97a0713549214ebbc9d40584263e30a36f804ef426761c198027d7b7c3
15,detail,music,1135,https://toho-vote.info/result15/music/1135.php,投票結果：プレイヤーズスコア - 第15回 東方Project 人気投票,"[{""kind"":""title"",""text"":""投票結果：プレイヤーズスコア - 第15回 東方Project 人気投票"",""numbers"":[]},{""kind"":""item_heading"",""text"":""プレイヤーズスコア（338位）"",""numbers"":[{""raw"":""338位"",""value"":338,""unit"":""位"",""kind"":""number""}]},{""kind"":""item_statistics"",""text"":""ポイント：36点 ｜ 得票数：16票 ｜ 一押し数：1票 ｜ コメント数：5件 リストへ戻る"",""numbers"":[{""raw"":""36点"",""value"":36,""unit"":""点"",""kind"":""number""},{""raw"":""16票"",""value"":16,""unit"":""票"",""kind"":""number""},{""raw"":""1票"",""value"":1,""unit"":""票"",""kind"":""number""},{""raw"":""5件"",""value"":5,""unit"":""件"",""kind"":""number""}]}]",17771,e29bc36089768e74b731509c65ac7893e1bd0429bbb5f1671ce76b8dc3262bac
15,detail,music,1136,https://toho-vote.info/result15/music/1136.php,投票結果：緋想天 - 第15回 東方Project 人気投票,"[{""kind"":""title"",""text"":""投票結果：緋想天 - 第15回 東方Project 人気投票"",""numbers"":[]},{""kind"":""item_heading"",""text"":""緋想天（153位）"",""numbers"":[{""raw"":""153位"",""value"":153,""unit"":""位"",""kind"":""number""}]},{""kind"":""item_statistics"",""text"":""ポイント：278点 ｜ 得票数：251票 ｜ 一押し数：27票 ｜ コメント数：22件 リストへ戻る"",""numbers"":[{""raw"":""278点"",""value"":278,""unit"":""点"",""kind"":""number""},{""raw"":""251票"",""value"":251,""unit"":""票"",""kind"":""number""},{""raw"":""27票"",""value"":27,""unit"":""票"",""kind"":""number""},{""raw"":""22件"",""value"":22,""unit"":""件"",""kind"":""number""}]}]",18673,4fc96380b4e184b972cc94958b2a843c954e72e9b94e1e7bcc192f0776443d31
15,detail,music,1137,https://toho-vote.info/result15/music/1137.php,投票結果：日常坐臥 - 第15回 東方Project 人気投票,"[{""kind"":""title"",""text"":""投票結果：日常坐臥 - 第15回 東方Project 人気投票"",""numbers"":[]},{""kind"":""item_heading"",""text"":""日常坐臥（435位）"",""numbers"":[{""raw"":""435位"",""value"":435,""unit"":""位"",""kind"":""number""}]},{""kind"":""item_statistics"",""text"":""ポイント：9点 ｜ 得票数：9票 ｜ 一押し数：0票 ｜ コメント数：1件 リストへ戻る"",""numbers"":[{""raw"":""9点"",""value"":9,""unit"":""点"",""kind"":""number""},{""raw"":""9票"",""value"":9,""unit"":""票"",""kind"":""number""},{""raw"":""0票"",""value"":0,""unit"":""票"",""kind"":""number""},{""raw"":""1件"",""value"":1,""unit"":""件"",""kind"":""number""}]}]",16135,c42bcf74d6162be211c18ae240fde67dbbe3ffdd3f2a25192f8a0b3e022fbb8d
15,detail,music,1138,https://toho-vote.info/result15/music/1138.php,投票結果：地の色は黄色 - 第15回 東方Project 人気投票,"[{""kind"":""title"",""text"":""投票結果：地の色は黄色 - 第15回 東方Project 人気投票"",""numbers"":[]},{""kind"":""item_heading"",""text"":""地の色は黄色（169位）"",""numbers"":[{""raw"":""169位"",""value"":169,""unit"":""位"",""kind"":""number""}]},{""kind"":""item_statistics"",""text"":""ポイント：226点 ｜ 得票数：182票 ｜ 一押し数：7票 ｜ コメント数：17件 リストへ戻る"",""numbers"":[{""raw"":""226点"",""value"":226,""unit"":""点"",""kind"":""number""},{""raw"":""182票"",""value"":182,""unit"":""票"",""kind"":""number""},{""raw"":""7票"",""value"":7,""unit"":""票"",""kind"":""number""},{""raw"":""17件"",""value"":17,""unit"":""件"",""kind"":""number""}]}]",18360,e94a053f4cce5cd3f3db2ac9de6a6cda93550128e817f4f37cd7f77f00599693
15,detail,music,1139,https://toho-vote.info/result15/music/1139.php,投票結果：甲論乙駁 - 第15回 東方Project 人気投票,"[{""kind"":""title"",""text"":""投票結果：甲論乙駁 - 第15回 東方Project 人気投票"",""numbers"":[]},{""kind"":""item_heading"",""text"":""甲論乙駁（268位）"",""numbers"":[{""raw"":""268位"",""value"":268,""unit"":""位"",""kind"":""number""}]},{""kind"":""item_statistics"",""text"":""ポイント：71点 ｜ 得票数：68票 ｜ 一押し数：3票 ｜ コメント数：7件 リストへ戻る"",""numbers"":[{""raw"":""71点"",""value"":71,""unit"":""点"",""kind"":""number""},{""raw"":""68票"",""value"":68,""unit"":""票"",""kind"":""number""},{""raw"":""3票"",""value"":3,""unit"":""票"",""kind"":""number""},{""raw"":""7件"",""value"":7,""unit"":""件"",""kind"":""number""}]}]",16837,b2aaf94c35e525b7d05acbab5d02bb6a5e6913613e452847c7db0d615ac1bdc4
15,detail,music,1140,https://toho-vote.info/result15/music/1140.php,投票結果：風光明媚 - 第15回 東方Project 人気投票,"[{""kind"":""title"",""text"":""投票結果：風光明媚 - 第15回 東方Project 人気投票"",""numbers"":[]},{""kind"":""item_heading"",""text"":""風光明媚（519位）"",""numbers"":[{""raw"":""519位"",""value"":519,""unit"":""位"",""kind"":""number""}]},{""kind"":""item_statistics"",""text"":""ポイント：1点 ｜ 得票数：1票 ｜ 一押し数：0票 ｜ コメント数：0件 リストへ戻る"",""numbers"":[{""raw"":""1点"",""value"":1,""unit"":""点"",""kind"":""number""},{""raw"":""1票"",""value"":1,""unit"":""票"",""kind"":""number""},{""raw"":""0票"",""value"":0,""unit"":""票"",""kind"":""number""},{""raw"":""0件"",""value"":0,""unit"":""件"",""kind"":""number""}]}]",15843,6f40f7e1f5aa2f131a4fd2284c65a9346b40013f18e32f496ef4efd3d8c26c35
15,detail,music,1141,https://toho-vote.info/result15/music/1141.php,投票結果：香る樹葉花 - 第15回 東方Project 人気投票,"[{""kind"":""title"",""text"":""投票結果：香る樹葉花 - 第15回 東方Project 人気投票"",""numbers"":[]},{""kind"":""item_heading"",""text"":""香る樹葉花（269位）"",""numbers"":[{""raw"":""269位"",""value"":269,""unit"":""位"",""kind"":""number""}]},{""kind"":""item_statistics"",""text"":""ポイント：69点 ｜ 得票数：44票 ｜ 一押し数：3票 ｜ コメント数：2件 リストへ戻る"",""numbers"":[{""raw"":""69点"",""value"":69,""unit"":""点"",""kind"":""number""},{""raw"":""44票"",""value"":44,""unit"":""票"",""kind"":""number""},{""raw"":""3票"",""value"":3,""unit"":""票"",""kind"":""number""},{""raw"":""2件"",""value"":2,""unit"":""件"",""kind"":""number""}]}]",17200,d57f4fdf70ae38b745f3f4f49ff79e6e94fa04c6523ab874fde9bd39b0b89ac4
15,detail,music,1142,https://toho-vote.info/result15/music/1142.php,投票結果：踊る水飛沫 - 第15回 東方Project 人気投票,"[{""kind"":""title"",""text"":""投票結果：踊る水飛沫 - 第15回 東方Project 人気投票"",""numbers"":[]},{""kind"":""item_heading"",""text"":""踊る水飛沫（281位）"",""numbers"":[{""raw"":""281位"",""value"":281,""unit"":""位"",""kind"":""number""}]},{""kind"":""item_statistics"",""text"":""ポイント：59点 ｜ 得票数：56票 ｜ 一押し数：3票 ｜ コメント数：5件 リストへ戻る"",""numbers"":[{""raw"":""59点"",""value"":59,""unit"":""点"",""kind"":""number""},{""raw"":""56票"",""value"":56,""unit"":""票"",""kind"":""number""},{""raw"":""3票"",""value"":3,""unit"":""票"",""kind"":""number""},{""raw"":""5件"",""value"":5,""unit"":""件"",""kind"":""number""}]}]",16590,bc38261f0edc036d2aa32d5666dc80803984765c435bd3df13506113d2880ae0
15,detail,music,1143,https://toho-vote.info/result15/music/1143.php,投票結果：以魚駆蠅 - 第15回 東方Project 人気投票,"[{""kind"":""title"",""text"":""投票結果：以魚駆蠅 - 第15回 東方Project 人気投票"",""numbers"":[]},{""kind"":""item_heading"",""text"":""以魚駆蠅（505位）"",""numbers"":[{""raw"":""505位"",""value"":505,""unit"":""位"",""kind"":""number""}]},{""kind"":""item_statistics"",""text"":""ポイント：2点 ｜ 得票数：2票 ｜ 一押し数：0票 ｜ コメント数：0件 リストへ戻る"",""numbers"":[{""raw"":""2点"",""value"":2,""unit"":""点"",""kind"":""number""},{""raw"":""2票"",""value"":2,""unit"":""票"",""kind"":""number""},{""raw"":""0票"",""value"":0,""unit"":""票"",""kind"":""number""},{""raw"":""0件"",""value"":0,""unit"":""件"",""kind"":""number""}]}]",15855,56427546ead4345a3de99e942ff3e269d981926007f96c19bfc73b2344d8eff4
15,detail,music,1144,https://toho-vote.info/result15/music/1144.php,投票結果：放縦不羈 - 第15回 東方Project 人気投票,"[{""kind"":""title"",""text"":""投票結果：放縦不羈 - 第15回 東方Project 人気投票"",""numbers"":[]},{""kind"":""item_heading"",""text"":""放縦不羈（519位）"",""numbers"":[{""raw"":""519位"",""value"":519,""unit"":""位"",""kind"":""number""}]},{""kind"":""item_statistics"",""text"":""ポイント：1点 ｜ 得票数：1票 ｜ 一押し数：0票 ｜ コメント数：0件 リストへ戻る"",""numbers"":[{""raw"":""1点"",""value"":1,""unit"":""点"",""kind"":""number""},{""raw"":""1票"",""value"":1,""unit"":""票"",""kind"":""number""},{""raw"":""0票"",""value"":0,""unit"":""票"",""kind"":""number""},{""raw"":""0件"",""value"":0,""unit"":""件"",""kind"":""number""}]}]",15677,703bbf4b676d6a1ca543ccafbabaacd16902df15636cde6d26ad9e29b70c8425
15,detail,music,1145,https://toho-vote.info/result15/music/1145.php,投票結果：嘲りの遊戯 - 第15回 東方Project 人気投票,"[{""kind"":""title"",""text"":""投票結果：嘲りの遊戯 - 第15回 東方Project 人気投票"",""numbers"":[]},{""kind"":""item_heading"",""text"":""嘲りの遊戯（402位）"",""numbers"":[{""raw"":""402位"",""value"":402,""unit"":""位"",""kind"":""number""}]},{""kind"":""item_statistics"",""text"":""ポイント：16点 ｜ 得票数：16票 ｜ 一押し数：0票 ｜ コメント数：2件 リストへ戻る"",""numbers"":[{""raw"":""16点"",""value"":16,""unit"":""点"",""kind"":""number""},{""raw"":""16票"",""value"":16,""unit"":""票"",""kind"":""number""},{""raw"":""0票"",""value"":0,""unit"":""票"",""kind"":""number""},{""raw"":""2件"",""value"":2,""unit"":""件"",""kind"":""number""}]}]",16214,d38f7f32f3657290ef597fc672d6a6d70442241cd1deecf31db6cf5b9c866650
15,detail,music,1146,https://toho-vote.info/result15/music/1146.php,投票結果：冷吟閑酔 - 第15回 東方Project 人気投票,"[{""kind"":""title"",""text"":""投票結果：冷吟閑酔 - 第15回 東方Project 人気投票"",""numbers"":[]},{""kind"":""item_heading"",""text"":""冷吟閑酔（397位）"",""numbers"":[{""raw"":""397位"",""value"":397,""unit"":""位"",""kind"":""number""}]},{""kind"":""item_statistics"",""text"":""ポイント：17点 ｜ 得票数：14票 ｜ 一押し数：3票 ｜ コメント数：1件 リストへ戻る"",""numbers"":[{""raw"":""17点"",""value"":17,""unit"":""点"",""kind"":""number""},{""raw"":""14票"",""value"":14,""unit"":""票"",""kind"":""number""},{""raw"":""3票"",""value"":3,""unit"":""票"",""kind"":""number""},{""raw"":""1件"",""value"":1,""unit"":""件"",""kind"":""number""}]}]",15872,4ee74add3282644eff4288e8051c07f32892eca55c30fea566772626663c0e05
15,detail,music,1147,https://toho-vote.info/result15/music/1147.php,投票結果：雲外蒼天 - 第15回 東方Project 人気投票,"[{""kind"":""title"",""text"":""投票結果：雲外蒼天 - 第15回 東方Project 人気投票"",""numbers"":[]},{""kind"":""item_heading"",""text"":""雲外蒼天（360位）"",""numbers"":[{""raw"":""360位"",""value"":360,""unit"":""位"",""kind"":""number""}]},{""kind"":""item_statistics"",""text"":""ポイント：29点 ｜ 得票数：28票 ｜ 一押し数：1票 ｜ コメント数：3件 リストへ戻る"",""numbers"":[{""raw"":""29点"",""value"":29,""unit"":""点"",""kind"":""number""},{""raw"":""28票"",""value"":28,""unit"":""票"",""kind"":""number""},{""raw"":""1票"",""value"":1,""unit"":""票"",""kind"":""number""},{""raw"":""3件"",""value"":3,""unit"":""件"",""kind"":""number""}]}]",16491,7aa68a500276c7fc19eaaa5b09364ad84f4246e80978bce985ff548d03fedd78
15,detail,music,1148,https://toho-vote.info/result15/music/1148.php,投票結果：黒い海に紅く ～ Legendary Fish - 第15回 東方Project 人気投票,"[{""kind"":""title"",""text"":""投票結果：黒い海に紅く ～ Legendary Fish - 第15回 東方Project 人気投票"",""numbers"":[]},{""kind"":""item_heading"",""text"":""黒い海に紅く ～ Legendary Fish（168位）"",""numbers"":[{""raw"":""168位"",""value"":168,""unit"":""位"",""kind"":""number""}]},{""kind"":""item_statistics"",""text"":""ポイント：228点 ｜ 得票数：210票 ｜ 一押し数：18票 ｜ コメント数：26件 リストへ戻る"",""numbers"":[{""raw"":""228点"",""value"":228,""unit"":""点"",""kind"":""number""},{""raw"":""210票"",""value"":210,""unit"":""票"",""kind"":""number""},{""raw"":""18票"",""value"":18,""unit"":""票"",""kind"":""number""},{""raw"":""26件"",""value"":26,""unit"":""件"",""kind"":""number""}]}]",18321,08841a6039f48843e3ed5dd3ab20c798eb3041f2c6e297b1d7d1b60054c303ac
15,detail,music,1149,https://toho-vote.info/result15/music/1149.php,投票結果：天衣無縫 - 第15回 東方Project 人気投票,"[{""kind"":""title"",""text"":""投票結果：天衣無縫 - 第15回 東方Project 人気投票"",""numbers"":[]},{""kind"":""item_heading"",""text"":""天衣無縫（131位）"",""numbers"":[{""raw"":""131位"",""value"":131,""unit"":""位"",""kind"":""number""}]},{""kind"":""item_statistics"",""text"":""ポイント：347点 ｜ 得票数：265票 ｜ 一押し数：25票 ｜ コメント数：31件 リストへ戻る"",""numbers"":[{""raw"":""347点"",""value"":347,""unit"":""点"",""kind"":""number""},{""raw"":""265票"",""value"":265,""unit"":""票"",""kind"":""number""},{""raw"":""25票"",""value"":25,""unit"":""票"",""kind"":""number""},{""raw"":""31件"",""value"":31,""unit"":""件"",""kind"":""number""}]}]",19804,392cec523fe251e32a73116ff24bd53d7dbfb44db0534767e72f442b3201e20e
15,detail,music,1150,https://toho-vote.info/result15/music/1150.php,投票結果：有頂天変 ～ Wonderful Heaven - 第15回 東方Project 人気投票,"[{""kind"":""title"",""text"":""投票結果：有頂天変 ～ Wonderful Heaven - 第15回 東方Project 人気投票"",""numbers"":[]},{""kind"":""item_heading"",""text"":""有頂天変 ～ Wonderful Heaven（50位）"",""numbers"":[{""raw"":""50位"",""value"":50,""unit"":""位"",""kind"":""number""}]},{""kind"":""item_statistics"",""text"":""ポイント：1011点 ｜ 得票数：860票 ｜ 一押し数：86票 ｜ コメント数：76件 リストへ戻る"",""numbers"":[{""raw"":""1011点"",""value"":1011,""unit"":""点"",""kind"":""number""},{""raw"":""860票"",""value"":860,""unit"":""票"",""kind"":""number""},{""raw"":""86票"",""value"":86,""unit"":""票"",""kind"":""number""},{""raw"":""76件"",""value"":76,""unit"":""件"",""kind"":""number""}]}]",24100,617b26dfef76deb6c07d18b516ec0678223c64c4e47b82175c1e3529252435ad
15,detail,music,1151,https://toho-vote.info/result15/music/1151.php,投票結果：幼心地の有頂天 - 第15回 東方Project 人気投票,"[{""kind"":""title"",""text"":""投票結果：幼心地の有頂天 - 第15回 東方Project 人気投票"",""numbers"":[]},{""kind"":""item_heading"",""text"":""幼心地の有頂天（112位）"",""numbers"":[{""raw"":""112位"",""value"":112,""unit"":""位"",""kind"":""number""}]},{""kind"":""item_statistics"",""text"":""ポイント：400点 ｜ 得票数：365票 ｜ 一押し数：35票 ｜ コメント数：43件 リストへ戻る"",""numbers"":[{""raw"":""400点"",""value"":400,""unit"":""点"",""kind"":""number""},{""raw"":""365票"",""value"":365,""unit"":""票"",""kind"":""number""},{""raw"":""35票"",""value"":35,""unit"":""票"",""kind"":""number""},{""raw"":""43件"",""value"":43,""unit"":""件"",""kind"":""number""}]}]",19931,9c011cc81de7bf201b3cf6b4a2b9fdd7e433063bf4592702a9a2188f89c370e7
15,detail,music,1152,https://toho-vote.info/result15/music/1152.php,投票結果：暮色蒼然 - 第15回 東方Project 人気投票,"[{""kind"":""title"",""text"":""投票結果：暮色蒼然 - 第15回 東方Project 人気投票"",""numbers"":[]},{""kind"":""item_heading"",""text"":""暮色蒼然（328位）"",""numbers"":[{""raw"":""328位"",""value"":328,""unit"":""位"",""kind"":""number""}]},{""kind"":""item_statistics"",""text"":""ポイント：39点 ｜ 得票数：38票 ｜ 一押し数：1票 ｜ コメント数：3件 リストへ戻る"",""numbers"":[{""raw"":""39点"",""value"":39,""unit"":""点"",""kind"":""number""},{""raw"":""38票"",""value"":38,""unit"":""票"",""kind"":""number""},{""raw"":""1票"",""value"":1,""unit"":""票"",""kind"":""number""},{""raw"":""3件"",""value"":3,""unit"":""件"",""kind"":""number""}]}]",16230,9b566a159e78f7297297ea37f4dde45f644aba157e6d1c6684f4f25b72fc05da
15,detail,music,1153,https://toho-vote.info/result15/music/1153.php,投票結果：東方緋想天 - 第15回 東方Project 人気投票,"[{""kind"":""title"",""text"":""投票結果：東方緋想天 - 第15回 東方Project 人気投票"",""numbers"":[]},{""kind"":""item_heading"",""text"":""東方緋想天（100位）"",""numbers"":[{""raw"":""100位"",""value"":100,""unit"":""位"",""kind"":""number""}]},{""kind"":""item_statistics"",""text"":""ポイント：501点 ｜ 得票数：464票 ｜ 一押し数：37票 ｜ コメント数：43件 リストへ戻る"",""numbers"":[{""raw"":""501点"",""value"":501,""unit"":""点"",""kind"":""number""},{""raw"":""464票"",""value"":464,""unit"":""票"",""kind"":""number""},{""raw"":""37票"",""value"":37,""unit"":""票"",""kind"":""number""},{""raw"":""43件"",""value"":43,""unit"":""件"",""kind"":""number""}]}]",20177,7c2e04be88864fe3861a7bba7d294c370bbbc85c435ce2e0f087db2a63e32c6d
15,detail,music,1155,https://toho-vote.info/result15/music/1155.php,投票結果：星の器 ～ Casket of Star - 第15回 東方Project 人気投票,"[{""kind"":""title"",""text"":""投票結果：星の器 ～ Casket of Star - 第15回 東方Project 人気投票"",""numbers"":[]},{""kind"":""item_heading"",""text"":""星の器 ～ Casket of Star（129位）"",""numbers"":[{""raw"":""129位"",""value"":129,""unit"":""位"",""kind"":""number""}]},{""kind"":""item_statistics"",""text"":""ポイント：352点 ｜ 得票数：142票 ｜ 一押し数：20票 ｜ コメント数：25件 リストへ戻る"",""numbers"":[{""raw"":""352点"",""value"":352,""unit"":""点"",""kind"":""number""},{""raw"":""142票"",""value"":142,""unit"":""票"",""kind"":""number""},{""raw"":""20票"",""value"":20,""unit"":""票"",""kind"":""number""},{""raw"":""25件"",""value"":25,""unit"":""件"",""kind"":""number""}]}]",18929,355f74ca953b95529f327b4ccd2dfac0bcf6f73b6a716d86429a6f013f63ae34
15,detail,music,1162,https://toho-vote.info/result15/music/1162.php,投票結果：夜が降りてくる - 第15回 東方Project 人気投票,"[{""kind"":""title"",""text"":""投票結果：夜が降りてくる - 第15回 東方Project 人気投票"",""numbers"":[]},{""kind"":""item_heading"",""text"":""夜が降りてくる（77位）"",""numbers"":[{""raw"":""77位"",""value"":77,""unit"":""位"",""kind"":""number""}]},{""kind"":""item_statistics"",""text"":""ポイント：692点 ｜ 得票数：61票 ｜ 一押し数：42票 ｜ コメント数：54件 リストへ戻る"",""numbers"":[{""raw"":""692点"",""value"":692,""unit"":""点"",""kind"":""number""},{""raw"":""61票"",""value"":61,""unit"":""票"",""kind"":""number""},{""raw"":""42票"",""value"":42,""unit"":""票"",""kind"":""number""},{""raw"":""54件"",""value"":54,""unit"":""件"",""kind"":""number""}]}]",21042,e878fb8147345b07c73a1fcfcb068654c2ded6b20aba0b1df23a6748ae0e36c7
15,detail,music,1167,https://toho-vote.info/result15/music/1167.php,投票結果：地霊達の起床 - 第15回 東方Project 人気投票,"[{""kind"":""title"",""text"":""投票結果：地霊達の起床 - 第15回 東方Project 人気投票"",""numbers"":[]},{""kind"":""item_heading"",""text"":""地霊達の起床（260位）"",""numbers"":[{""raw"":""260位"",""value"":260,""unit"":""位"",""kind"":""number""}]},{""kind"":""item_statistics"",""text"":""ポイント：77点 ｜ 得票数：76票 ｜ 一押し数：1票 ｜ コメント数：7件 リストへ戻る"",""numbers"":[{""raw"":""77点"",""value"":77,""unit"":""点"",""kind"":""number""},{""raw"":""76票"",""value"":76,""unit"":""票"",""kind"":""number""},{""raw"":""1票"",""value"":1,""unit"":""票"",""kind"":""number""},{""raw"":""7件"",""value"":7,""unit"":""件"",""kind"":""number""}]}]",16793,50e90a241cea7b7150f9f03b14b242a3a5d09cd43ae81d9bda2ff4fb532691f4
15,detail,music,1168,https://toho-vote.info/result15/music/1168.php,投票結果：暗闇の風穴 - 第15回 東方Project 人気投票,"[{""kind"":""title"",""text"":""投票結果：暗闇の風穴 - 第15回 東方Project 人気投票"",""numbers"":[]},{""kind"":""item_heading"",""text"":""暗闇の風穴（191位）"",""numbers"":[{""raw"":""191位"",""value"":191,""unit"":""位"",""kind"":""number""}]},{""kind"":""item_statistics"",""text"":""ポイント：172点 ｜ 得票数：159票 ｜ 一押し数：13票 ｜ コメント数：16件 リストへ戻る"",""numbers"":[{""raw"":""172点"",""value"":172,""unit"":""点"",""kind"":""number""},{""raw"":""159票"",""value"":159,""unit"":""票"",""kind"":""number""},{""raw"":""13票"",""value"":13,""unit"":""票"",""kind"":""number""},{""raw"":""16件"",""value"":16,""unit"":""件"",""kind"":""number""}]}]",17802,88f07764018bb9ac5c6bea7a26f2828667e8b4ab06a1b29c0f6791c0cdd67117
15,detail,music,1169,https://toho-vote.info/result15/music/1169.php,投票結果：封じられた妖怪 ～ Lost Place - 第15回 東方Project 人気投票,"[{""kind"":""title"",""text"":""投票結果：封じられた妖怪 ～ Lost Place - 第15回 東方Project 人気投票"",""numbers"":[]},{""kind"":""item_heading"",""text"":""封じられた妖怪 ～ Lost Place（225位）"",""numbers"":[{""raw"":""225位"",""value"":225,""unit"":""位"",""kind"":""number""}]},{""kind"":""item_statistics"",""text"":""ポイント：117点 ｜ 得票数：105票 ｜ 一押し数：12票 ｜ コメント数：13件 リストへ戻る"",""numbers"":[{""raw"":""117点"",""value"":117,""unit"":""点"",""kind"":""number""},{""raw"":""105票"",""value"":105,""unit"":""票"",""kind"":""number""},{""raw"":""12票"",""value"":12,""unit"":""票"",""kind"":""number""},{""raw"":""13件"",""value"":13,""unit"":""件"",""kind"":""number""}]}]",17187,10139db9cbbaf5a8d398762fdc6520be4b79c196d47694d0c676e914fa066ea1
15,detail,music,1170,https://toho-vote.info/result15/music/1170.php,投票結果：渡る者の途絶えた橋 - 第15回 東方Project 人気投票,"[{""kind"":""title"",""text"":""投票結果：渡る者の途絶えた橋 - 第15回 東方Project 人気投票"",""numbers"":[]},{""kind"":""item_heading"",""text"":""渡る者の途絶えた橋（175位）"",""numbers"":[{""raw"":""175位"",""value"":175,""unit"":""位"",""kind"":""number""}]},{""kind"":""item_statistics"",""text"":""ポイント：217点 ｜ 得票数：202票 ｜ 一押し数：15票 ｜ コメント数：22件 リストへ戻る"",""numbers"":[{""raw"":""217点"",""value"":217,""unit"":""点"",""kind"":""number""},{""raw"":""202票"",""value"":202,""unit"":""票"",""kind"":""number""},{""raw"":""15票"",""value"":15,""unit"":""票"",""kind"":""number""},{""raw"":""22件"",""value"":22,""unit"":""件"",""kind"":""number""}]}]",18256,7fbb8d3c8735b0c0185c537733d6408731032e8a591a6f09ceabaf7e97cce071
15,detail,music,1171,https://toho-vote.info/result15/music/1171.php,投票結果：緑眼のジェラシー - 第15回 東方Project 人気投票,"[{""kind"":""title"",""text"":""投票結果：緑眼のジェラシー - 第15回 東方Project 人気投票"",""numbers"":[]},{""kind"":""item_heading"",""text"":""緑眼のジェラシー（66位）"",""numbers"":[{""raw"":""66位"",""value"":66,""unit"":""位"",""kind"":""number""}]},{""kind"":""item_statistics"",""text"":""ポイント：783点 ｜ 得票数：693票 ｜ 一押し数：90票 ｜ コメント数：72件 リストへ戻る"",""numbers"":[{""raw"":""783点"",""value"":783,""unit"":""点"",""kind"":""number""},{""raw"":""693票"",""value"":693,""unit"":""票"",""kind"":""number""},{""raw"":""90票"",""value"":90,""unit"":""票"",""kind"":""number""},{""raw"":""72件"",""value"":72,""unit"":""件"",""kind"":""number""}]}]",22301,5a54b0a3ff4d16ffee6a3501a3560c3732ea59be3eef2396cb921ee158804569
15,detail,music,1172,https://toho-vote.info/result15/music/1172.php,投票結果：旧地獄街道を行く - 第15回 東方Project 人気投票,"[{""kind"":""title"",""text"":""投票結果：旧地獄街道を行く - 第15回 東方Project 人気投票"",""numbers"":[]},{""kind"":""item_heading"",""text"":""旧地獄街道を行く（130位）"",""numbers"":[{""raw"":""130位"",""value"":130,""unit"":""位"",""kind"":""number""}]},{""kind"":""item_statistics"",""text"":""ポイント：348点 ｜ 得票数：334票 ｜ 一押し数：14票 ｜ コメント数：23件 リストへ戻る"",""numbers"":[{""raw"":""348点"",""value"":348,""unit"":""点"",""kind"":""number""},{""raw"":""334票"",""value"":334,""unit"":""票"",""kind"":""number""},{""raw"":""14票"",""value"":14,""unit"":""票"",""kind"":""number""},{""raw"":""23件"",""value"":23,""unit"":""件"",""kind"":""number""}]}]",18132,26f3b1c5b87662a3577ec701c2c54054e3773d3285d71482a6e40f5d2a4e409f
15,detail,music,1173,https://toho-vote.info/result15/music/1173.php,投票結果：華のさかづき大江山 - 第15回 東方Project 人気投票,"[{""kind"":""title"",""text"":""投票結果：華のさかづき大江山 - 第15回 東方Project 人気投票"",""numbers"":[]},{""kind"":""item_heading"",""text"":""華のさかづき大江山（133位）"",""numbers"":[{""raw"":""133位"",""value"":133,""unit"":""位"",""kind"":""number""}]},{""kind"":""item_statistics"",""text"":""ポイント：340点 ｜ 得票数：317票 ｜ 一押し数：23票 ｜ コメント数：30件 リストへ戻る"",""numbers"":[{""raw"":""340点"",""value"":340,""unit"":""点"",""kind"":""number""},{""raw"":""317票"",""value"":317,""unit"":""票"",""kind"":""number""},{""raw"":""23票"",""value"":23,""unit"":""票"",""kind"":""number""},{""raw"":""30件"",""value"":30,""unit"":""件"",""kind"":""number""}]}]",18793,d091cb95e767ac9dc3bc958261ddd2619aa2adfd87a21ee2aaed2f1eaf90b405
15,detail,music,1174,https://toho-vote.info/result15/music/1174.php,投票結果：ハートフェルトファンシー - 第15回 東方Project 人気投票,"[{""kind"":""title"",""text"":""投票結果：ハートフェルトファンシー - 第15回 東方Project 人気投票"",""numbers"":[]},{""kind"":""item_heading"",""text"":""ハートフェルトファンシー（127位）"",""numbers"":[{""raw"":""127位"",""value"":127,""unit"":""位"",""kind"":""number""}]},{""kind"":""item_statistics"",""text"":""ポイント：356点 ｜ 得票数：322票 ｜ 一押し数：22票 ｜ コメント数：39件 リストへ戻る"",""numbers"":[{""raw"":""356点"",""value"":356,""unit"":""点"",""kind"":""number""},{""raw"":""322票"",""value"":322,""unit"":""票"",""kind"":""number""},{""raw"":""22票"",""value"":22,""unit"":""票"",""kind"":""number""},{""raw"":""39件"",""value"":39,""unit"":""件"",""kind"":""number""}]}]",21142,4793eb4dd224164f7207ba317ad3a4f7c1faf29ece5f978fdeed7cf605a89c47
15,detail,music,1175,https://toho-vote.info/result15/music/1175.php,投票結果：少女さとり ～ 3rd eye - 第15回 東方Project 人気投票,"[{""kind"":""title"",""text"":""投票結果：少女さとり ～ 3rd eye - 第15回 東方Project 人気投票"",""numbers"":[{""raw"":""3"",""value"":3,""unit"":null,""kind"":""number""}]},{""kind"":""item_heading"",""text"":""少女さとり ～ 3rd eye（14位）"",""numbers"":[{""raw"":""3"",""value"":3,""unit"":null,""kind"":""number""},{""raw"":""14位"",""value"":14,""unit"":""位"",""kind"":""number""}]},{""kind"":""item_statistics"",""text"":""ポイント：2342点 ｜ 得票数：2059票 ｜ 一押し数：283票 ｜ コメント数：140件 リストへ戻る"",""numbers"":[{""raw"":""2342点"",""value"":2342,""unit"":""点"",""kind"":""number""},{""raw"":""2059票"",""value"":2059,""unit"":""票"",""kind"":""number""},{""raw"":""283票"",""value"":283,""unit"":""票"",""kind"":""number""},{""raw"":""140件"",""value"":140,""unit"":""件"",""kind"":""number""}]}]",28309,f9545739783bdb2265717926e9ce44152cb1b9100f5b33c14478f8d4d99f9d8d
15,detail,music,1176,https://toho-vote.info/result15/music/1176.php,投票結果：廃獄ララバイ - 第15回 東方Project 人気投票,"[{""kind"":""title"",""text"":""投票結果：廃獄ララバイ - 第15回 東方Project 人気投票"",""numbers"":[]},{""kind"":""item_heading"",""text"":""廃獄ララバイ（42位）"",""numbers"":[{""raw"":""42位"",""value"":42,""unit"":""位"",""kind"":""number""}]},{""kind"":""item_statistics"",""text"":""ポイント：1133点 ｜ 得票数：1030票 ｜ 一押し数：103票 ｜ コメント数：97件 リストへ戻る"",""numbers"":[{""raw"":""1133点"",""value"":1133,""unit"":""点"",""kind"":""number""},{""raw"":""1030票"",""value"":1030,""unit"":""票"",""kind"":""number""},{""raw"":""103票"",""value"":103,""unit"":""票"",""kind"":""number""},{""raw"":""97件"",""value"":97,""unit"":""件"",""kind"":""number""}]}]",24895,3fb6b58aefa61e5452479ffc7cc5436c968051812e23085b6465a808e1aeb806
15,detail,music,1177,https://toho-vote.info/result15/music/1177.php,投票結果：死体旅行 ～ Be of good cheer! - 第15回 東方Project 人気投票,"[{""kind"":""title"",""text"":""投票結果：死体旅行 ～ Be of good cheer! - 第15回 東方Project 人気投票"",""numbers"":[]},{""kind"":""item_heading"",""text"":""死体旅行 ～ Be of good cheer!（111位）"",""numbers"":[{""raw"":""111位"",""value"":111,""unit"":""位"",""kind"":""number""}]},{""kind"":""item_statistics"",""text"":""ポイント：405点 ｜ 得票数：379票 ｜ 一押し数：26票 ｜ コメント数：30件 リストへ戻る"",""numbers"":[{""raw"":""405点"",""value"":405,""unit"":""点"",""kind"":""number""},{""raw"":""379票"",""value"":379,""unit"":""票"",""kind"":""number""},{""raw"":""26票"",""value"":26,""unit"":""票"",""kind"":""number""},{""raw"":""30件"",""value"":30,""unit"":""件"",""kind"":""number""}]}]",18919,28edc834fe90056174e922275a0adeaa4c6e6e7889f9d54b5942d6ff0d517793
15,detail,music,1178,https://toho-vote.info/result15/music/1178.php,投票結果：業火マントル - 第15回 東方Project 人気投票,"[{""kind"":""title"",""text"":""投票結果：業火マントル - 第15回 東方Project 人気投票"",""numbers"":[]},{""kind"":""item_heading"",""text"":""業火マントル（180位）"",""numbers"":[{""raw"":""180位"",""value"":180,""unit"":""位"",""kind"":""number""}]},{""kind"":""item_statistics"",""text"":""ポイント：200点 ｜ 得票数：193票 ｜ 一押し数：7票 ｜ コメント数：22件 リストへ戻る"",""numbers"":[{""raw"":""200点"",""value"":200,""unit"":""点"",""kind"":""number""},{""raw"":""193票"",""value"":193,""unit"":""票"",""kind"":""number""},{""raw"":""7票"",""value"":7,""unit"":""票"",""kind"":""number""},{""raw"":""22件"",""value"":22,""unit"":""件"",""kind"":""number""}]}]",18732,8697096a606ece88714d78085a8c671d70ce56a723bc63e68b13d55db8b9d1a3
15,detail,music,1179,https://toho-vote.info/result15/music/1179.php,投票結果：霊知の太陽信仰 ～ Nuclear Fusion - 第15回 東方Project 人気投票,"[{""kind"":""title"",""text"":""投票結果：霊知の太陽信仰 ～ Nuclear Fusion - 第15回 東方Project 人気投票"",""numbers"":[]},{""kind"":""item_heading"",""text"":""霊知の太陽信仰 ～ Nuclear Fusion（28位）"",""numbers"":[{""raw"":""28位"",""value"":28,""unit"":""位"",""kind"":""number""}]},{""kind"":""item_statistics"",""text"":""ポイント：1437点 ｜ 得票数：1226票 ｜ 一押し数：145票 ｜ コメント数：112件 リストへ戻る"",""numbers"":[{""raw"":""1437点"",""value"":1437,""unit"":""点"",""kind"":""number""},{""raw"":""1226票"",""value"":1226,""unit"":""票"",""kind"":""number""},{""raw"":""145票"",""value"":145,""unit"":""票"",""kind"":""number""},{""raw"":""112件"",""value"":112,""unit"":""件"",""kind"":""number""}]}]",26048,1dc8fa24db492e23749ec0268606ea243e4ff5542bbc06195cc88b7bfbbb2896
15,detail,music,1180,https://toho-vote.info/result15/music/1180.php,投票結果：ラストリモート - 第15回 東方Project 人気投票,"[{""kind"":""title"",""text"":""投票結果：ラストリモート - 第15回 東方Project 人気投票"",""numbers"":[]},{""kind"":""item_heading"",""text"":""ラストリモート（17位）"",""numbers"":[{""raw"":""17位"",""value"":17,""unit"":""位"",""kind"":""number""}]},{""kind"":""item_statistics"",""text"":""ポイント：1992点 ｜ 得票数：1808票 ｜ 一押し数：184票 ｜ コメント数：140件 リストへ戻る"",""numbers"":[{""raw"":""1992点"",""value"":1992,""unit"":""点"",""kind"":""number""},{""raw"":""1808票"",""value"":1808,""unit"":""票"",""kind"":""number""},{""raw"":""184票"",""value"":184,""unit"":""票"",""kind"":""number""},{""raw"":""140件"",""value"":140,""unit"":""件"",""kind"":""number""}]}]",29447,484e1846f22e0e21691a276197520b9bfb5f8cf56ba0efb2a11aef365954c5dd
15,detail,music,1181,https://toho-vote.info/result15/music/1181.php,投票結果：ハルトマンの妖怪少女 - 第15回 東方Project 人気投票,"[{""kind"":""title"",""text"":""投票結果：ハルトマンの妖怪少女 - 第15回 東方Project 人気投票"",""numbers"":[]},{""kind"":""item_heading"",""text"":""ハルトマンの妖怪少女（4位）"",""numbers"":[{""raw"":""4位"",""value"":4,""unit"":""位"",""kind"":""number""}]},{""kind"":""item_statistics"",""text"":""ポイント：3686点 ｜ 得票数：2790票 ｜ 一押し数：484票 ｜ コメント数：267件 リストへ戻る"",""numbers"":[{""raw"":""3686点"",""value"":3686,""unit"":""点"",""kind"":""number""},{""raw"":""2790票"",""value"":2790,""unit"":""票"",""kind"":""number""},{""raw"":""484票"",""value"":484,""unit"":""票"",""kind"":""number""},{""raw"":""267件"",""value"":267,""unit"":""件"",""kind"":""number""}]}]",42771,95c129552b684406bc18e4812ab343b2ed17bd91c787e348b946117fc63d5d7b
15,detail,music,1182,https://toho-vote.info/result15/music/1182.php,投票結果：地霊達の帰宅 - 第15回 東方Project 人気投票,"[{""kind"":""title"",""text"":""投票結果：地霊達の帰宅 - 第15回 東方Project 人気投票"",""numbers"":[]},{""kind"":""item_heading"",""text"":""地霊達の帰宅（356位）"",""numbers"":[{""raw"":""356位"",""value"":356,""unit"":""位"",""kind"":""number""}]},{""kind"":""item_statistics"",""text"":""ポイント：31点 ｜ 得票数：29票 ｜ 一押し数：2票 ｜ コメント数：6件 リストへ戻る"",""numbers"":[{""raw"":""31点"",""value"":31,""unit"":""点"",""kind"":""number""},{""raw"":""29票"",""value"":29,""unit"":""票"",""kind"":""number""},{""raw"":""2票"",""value"":2,""unit"":""票"",""kind"":""number""},{""raw"":""6件"",""value"":6,""unit"":""件"",""kind"":""number""}]}]",16698,42b6d144a61bd13dbdd8ad00396d2c2906bcffdd1ab43f957f7d67d6c56da635
15,detail,music,1183,https://toho-vote.info/result15/music/1183.php,投票結果：エネルギー黎明 ～ Future Dream... - 第15回 東方Project 人気投票,"[{""kind"":""title"",""text"":""投票結果：エネルギー黎明 ～ Future Dream... - 第15回 東方Project 人気投票"",""numbers"":[]},{""kind"":""item_heading"",""text"":""エネルギー黎明 ～ Future Dream...（350位）"",""numbers"":[{""raw"":""350位"",""value"":350,""unit"":""位"",""kind"":""number""}]},{""kind"":""item_statistics"",""text"":""ポイント：32点 ｜ 得票数：30票 ｜ 一押し数：2票 ｜ コメント数：3件 リストへ戻る"",""numbers"":[{""raw"":""32点"",""value"":32,""unit"":""点"",""kind"":""number""},{""raw"":""30票"",""value"":30,""unit"":""票"",""kind"":""number""},{""raw"":""2票"",""value"":2,""unit"":""票"",""kind"":""number""},{""raw"":""3件"",""value"":3,""unit"":""件"",""kind"":""number""}]}]",16542,22bc854431691b48f3084d9c4394d67fc404cc98d43747b029b6a6abf26167f7
15,detail,music,1185,https://toho-vote.info/result15/music/1185.php,投票結果：青空の影 - 第15回 東方Project 人気投票,"[{""kind"":""title"",""text"":""投票結果：青空の影 - 第15回 東方Project 人気投票"",""numbers"":[]},{""kind"":""item_heading"",""text"":""青空の影（350位）"",""numbers"":[{""raw"":""350位"",""value"":350,""unit"":""位"",""kind"":""number""}]},{""kind"":""item_statistics"",""text"":""ポイント：32点 ｜ 得票数：28票 ｜ 一押し数：4票 ｜ コメント数：6件 リストへ戻る"",""numbers"":[{""raw"":""32点"",""value"":32,""unit"":""点"",""kind"":""number""},{""raw"":""28票"",""value"":28,""unit"":""票"",""kind"":""number""},{""raw"":""4票"",""value"":4,""unit"":""票"",""kind"":""number""},{""raw"":""6件"",""value"":6,""unit"":""件"",""kind"":""number""}]}]",16561,f93a17d0c8ece850aa00fa445a24ccfdbb4b169915361c4cf190f3c79cc864b5
15,detail,music,1186,https://toho-vote.info/result15/music/1186.php,投票結果：春の湊に - 第15回 東方Project 人気投票,"[{""kind"":""title"",""text"":""投票結果：春の湊に - 第15回 東方Project 人気投票"",""numbers"":[]},{""kind"":""item_heading"",""text"":""春の湊に（38位）"",""numbers"":[{""raw"":""38位"",""value"":38,""unit"":""位"",""kind"":""number""}]},{""kind"":""item_statistics"",""text"":""ポイント：1151点 ｜ 得票数：1059票 ｜ 一押し数：92票 ｜ コメント数：111件 リストへ戻る"",""numbers"":[{""raw"":""1151点"",""value"":1151,""unit"":""点"",""kind"":""number""},{""raw"":""1059票"",""value"":1059,""unit"":""票"",""kind"":""number""},{""raw"":""92票"",""value"":92,""unit"":""票"",""kind"":""number""},{""raw"":""111件"",""value"":111,""unit"":""件"",""kind"":""number""}]}]",26795,a952f5757d34a26df40429d4f4767951dbbd2ec92d87de626ba7405c965ea104
15,detail,music,1187,https://toho-vote.info/result15/music/1187.php,投票結果：小さな小さな賢将 - 第15回 東方Project 人気投票,"[{""kind"":""title"",""text"":""投票結果：小さな小さな賢将 - 第15回 東方Project 人気投票"",""numbers"":[]},{""kind"":""item_heading"",""text"":""小さな小さな賢将（151位）"",""numbers"":[{""raw"":""151位"",""value"":151,""unit"":""位"",""kind"":""number""}]},{""kind"":""item_statistics"",""text"":""ポイント：294点 ｜ 得票数：277票 ｜ 一押し数：17票 ｜ コメント数：20件 リストへ戻る"",""numbers"":[{""raw"":""294点"",""value"":294,""unit"":""点"",""kind"":""number""},{""raw"":""277票"",""value"":277,""unit"":""票"",""kind"":""number""},{""raw"":""17票"",""value"":17,""unit"":""票"",""kind"":""number""},{""raw"":""20件"",""value"":20,""unit"":""件"",""kind"":""number""}]}]",17958,d8db0206c7ae48358b3c0e65e7c56b912f52bfd20970ee8b2e3eecd8a186b20f
15,detail,music,1188,https://toho-vote.info/result15/music/1188.php,投票結果：閉ざせし雲の通い路 - 第15回 東方Project 人気投票,"[{""kind"":""title"",""text"":""投票結果：閉ざせし雲の通い路 - 第15回 東方Project 人気投票"",""numbers"":[]},{""kind"":""item_heading"",""text"":""閉ざせし雲の通い路（313位）"",""numbers"":[{""raw"":""313位"",""value"":313,""unit"":""位"",""kind"":""number""}]},{""kind"":""item_statistics"",""text"":""ポイント：44点 ｜ 得票数：38票 ｜ 一押し数：6票 ｜ コメント数：6件 リストへ戻る"",""numbers"":[{""raw"":""44点"",""value"":44,""unit"":""点"",""kind"":""number""},{""raw"":""38票"",""value"":38,""unit"":""票"",""kind"":""number""},{""raw"":""6票"",""value"":6,""unit"":""票"",""kind"":""number""},{""raw"":""6件"",""value"":6,""unit"":""件"",""kind"":""number""}]}]",16589,32dddb3d3ceb0d3f7c77e06de57b608d80c1026a50f319674fd4850635a35d00
15,detail,music,1189,https://toho-vote.info/result15/music/1189.php,投票結果：万年置き傘にご注意を - 第15回 東方Project 人気投票,"[{""kind"":""title"",""text"":""投票結果：万年置き傘にご注意を - 第15回 東方Project 人気投票"",""numbers"":[]},{""kind"":""item_heading"",""text"":""万年置き傘にご注意を（96位）"",""numbers"":[{""raw"":""96位"",""value"":96,""unit"":""位"",""kind"":""number""}]},{""kind"":""item_statistics"",""text"":""ポイント：530点 ｜ 得票数：494票 ｜ 一押し数：36票 ｜ コメント数：45件 リストへ戻る"",""numbers"":[{""raw"":""530点"",""value"":530,""unit"":""点"",""kind"":""number""},{""raw"":""494票"",""value"":494,""unit"":""票"",""kind"":""number""},{""raw"":""36票"",""value"":36,""unit"":""票"",""kind"":""number""},{""raw"":""45件"",""value"":45,""unit"":""件"",""kind"":""number""}]}]",20547,460f8d58d7e7e91528966dc995fa67dcfe854bf7afb0decfa58fda313707f807
15,detail,music,1190,https://toho-vote.info/result15/music/1190.php,投票結果：スカイルーイン - 第15回 東方Project 人気投票,"[{""kind"":""title"",""text"":""投票結果：スカイルーイン - 第15回 東方Project 人気投票"",""numbers"":[]},{""kind"":""item_heading"",""text"":""スカイルーイン（253位）"",""numbers"":[{""raw"":""253位"",""value"":253,""unit"":""位"",""kind"":""number""}]},{""kind"":""item_statistics"",""text"":""ポイント：84点 ｜ 得票数：80票 ｜ 一押し数：4票 ｜ コメント数：13件 リストへ戻る"",""numbers"":[{""raw"":""84点"",""value"":84,""unit"":""点"",""kind"":""number""},{""raw"":""80票"",""value"":80,""unit"":""票"",""kind"":""number""},{""raw"":""4票"",""value"":4,""unit"":""票"",""kind"":""number""},{""raw"":""13件"",""value"":13,""unit"":""件"",""kind"":""number""}]}]",17273,b7064d07149a34236feac47e8799bbac5eb8e46cdf0c8fc36ecacdeb2a1e4d65
15,detail,music,1191,https://toho-vote.info/result15/music/1191.php,投票結果：時代親父とハイカラ少女 - 第15回 東方Project 人気投票,"[{""kind"":""title"",""text"":""投票結果：時代親父とハイカラ少女 - 第15回 東方Project 人気投票"",""numbers"":[]},{""kind"":""item_heading"",""text"":""時代親父とハイカラ少女（210位）"",""numbers"":[{""raw"":""210位"",""value"":210,""unit"":""位"",""kind"":""number""}]},{""kind"":""item_statistics"",""text"":""ポイント：135点 ｜ 得票数：105票 ｜ 一押し数：7票 ｜ コメント数：14件 リストへ戻る"",""numbers"":[{""raw"":""135点"",""value"":135,""unit"":""点"",""kind"":""number""},{""raw"":""105票"",""value"":105,""unit"":""票"",""kind"":""number""},{""raw"":""7票"",""value"":7,""unit"":""票"",""kind"":""number""},{""raw"":""14件"",""value"":14,""unit"":""件"",""kind"":""number""}]}]",18258,726f9e8172bf83b4d5fbe93ed07d7b81fe634871111d515ec834d70f98ce3eb4
15,detail,music,1192,https://toho-vote.info/result15/music/1192.php,投票結果：幽霊客船の時空を越えた旅 - 第15回 東方Project 人気投票,"[{""kind"":""title"",""text"":""投票結果：幽霊客船の時空を越えた旅 - 第15回 東方Project 人気投票"",""numbers"":[]},{""kind"":""item_heading"",""text"":""幽霊客船の時空を越えた旅（102位）"",""numbers"":[{""raw"":""102位"",""value"":102,""unit"":""位"",""kind"":""number""}]},{""kind"":""item_statistics"",""text"":""ポイント：473点 ｜ 得票数：444票 ｜ 一押し数：29票 ｜ コメント数：48件 リストへ戻る"",""numbers"":[{""raw"":""473点"",""value"":473,""unit"":""点"",""kind"":""number""},{""raw"":""444票"",""value"":444,""unit"":""票"",""kind"":""number""},{""raw"":""29票"",""value"":29,""unit"":""票"",""kind"":""number""},{""raw"":""48件"",""value"":48,""unit"":""件"",""kind"":""number""}]}]",20568,6ec64427089d679cb2c90cf963d4ff8b69b098511db5fff0c6dea0f34706604e
15,detail,music,1193,https://toho-vote.info/result15/music/1193.php,投票結果：キャプテン・ムラサ - 第15回 東方Project 人気投票,"[{""kind"":""title"",""text"":""投票結果：キャプテン・ムラサ - 第15回 東方Project 人気投票"",""numbers"":[]},{""kind"":""item_heading"",""text"":""キャプテン・ムラサ（154位）"",""numbers"":[{""raw"":""154位"",""value"":154,""unit"":""位"",""kind"":""number""}]},{""kind"":""item_statistics"",""text"":""ポイント：274点 ｜ 得票数：255票 ｜ 一押し数：19票 ｜ コメント数：23件 リストへ戻る"",""numbers"":[{""raw"":""274点"",""value"":274,""unit"":""点"",""kind"":""number""},{""raw"":""255票"",""value"":255,""unit"":""票"",""kind"":""number""},{""raw"":""19票"",""value"":19,""unit"":""票"",""kind"":""number""},{""raw"":""23件"",""value"":23,""unit"":""件"",""kind"":""number""}]}]",18811,12c274b85588df62815933e28140b88799ef34a4de05e54220fc4024cd1596e5
15,detail,music,1194,https://toho-vote.info/result15/music/1194.php,投票結果：魔界地方都市エソテリア - 第15回 東方Project 人気投票,"[{""kind"":""title"",""text"":""投票結果：魔界地方都市エソテリア - 第15回 東方Project 人気投票"",""numbers"":[]},{""kind"":""item_heading"",""text"":""魔界地方都市エソテリア（161位）"",""numbers"":[{""raw"":""161位"",""value"":161,""unit"":""位"",""kind"":""number""}]},{""kind"":""item_statistics"",""text"":""ポイント：241点 ｜ 得票数：215票 ｜ 一押し数：11票 ｜ コメント数：39件 リストへ戻る"",""numbers"":[{""raw"":""241点"",""value"":241,""unit"":""点"",""kind"":""number""},{""raw"":""215票"",""value"":215,""unit"":""票"",""kind"":""number""},{""raw"":""11票"",""value"":11,""unit"":""票"",""kind"":""number""},{""raw"":""39件"",""value"":39,""unit"":""件"",""kind"":""number""}]}]",21515,6799254508865f113ab97299f92fdf61ec21046cdf5ee31c5d76ae42775c84c1
15,detail,music,1195,https://toho-vote.info/result15/music/1195.php,投票結果：虎柄の毘沙門天 - 第15回 東方Project 人気投票,"[{""kind"":""title"",""text"":""投票結果：虎柄の毘沙門天 - 第15回 東方Project 人気投票"",""numbers"":[]},{""kind"":""item_heading"",""text"":""虎柄の毘沙門天（143位）"",""numbers"":[{""raw"":""143位"",""value"":143,""unit"":""位"",""kind"":""number""}]},{""kind"":""item_statistics"",""text"":""ポイント：324点 ｜ 得票数：298票 ｜ 一押し数：26票 ｜ コメント数：32件 リストへ戻る"",""numbers"":[{""raw"":""324点"",""value"":324,""unit"":""点"",""kind"":""number""},{""raw"":""298票"",""value"":298,""unit"":""票"",""kind"":""number""},{""raw"":""26票"",""value"":26,""unit"":""票"",""kind"":""number""},{""raw"":""32件"",""value"":32,""unit"":""件"",""kind"":""number""}]}]",19869,fb39cbbe5efd35d516f6902b763e78b6596df00de8d0fa89c382641828b27b5b
15,detail,music,1196,https://toho-vote.info/result15/music/1196.php,投票結果：法界の火 - 第15回 東方Project 人気投票,"[{""kind"":""title"",""text"":""投票結果：法界の火 - 第15回 東方Project 人気投票"",""numbers"":[]},{""kind"":""item_heading"",""text"":""法界の火（146位）"",""numbers"":[{""raw"":""146位"",""value"":146,""unit"":""位"",""kind"":""number""}]},{""kind"":""item_statistics"",""text"":""ポイント：315点 ｜ 得票数：300票 ｜ 一押し数：15票 ｜ コメント数：36件 リストへ戻る"",""numbers"":[{""raw"":""315点"",""value"":315,""unit"":""点"",""kind"":""number""},{""raw"":""300票"",""value"":300,""unit"":""票"",""kind"":""number""},{""raw"":""15票"",""value"":15,""unit"":""票"",""kind"":""number""},{""raw"":""36件"",""value"":36,""unit"":""件"",""kind"":""number""}]}]",20250,ff2626deeea0b3b53ea33bf4593ac1949ebd9f8bab77c86838558dcd281ada2c
15,detail,music,1197,https://toho-vote.info/result15/music/1197.php,投票結果：感情の摩天楼 ～ Cosmic Mind - 第15回 東方Project 人気投票,"[{""kind"":""title"",""text"":""投票結果：感情の摩天楼 ～ Cosmic Mind - 第15回 東方Project 人気投票"",""numbers"":[]},{""kind"":""item_heading"",""text"":""感情の摩天楼 ～ Cosmic Mind（16位）"",""numbers"":[{""raw"":""16位"",""value"":16,""unit"":""位"",""kind"":""number""}]},{""kind"":""item_statistics"",""text"":""ポイント：2221点 ｜ 得票数：1845票 ｜ 一押し数：216票 ｜ コメント数：188件 リストへ戻る"",""numbers"":[{""raw"":""2221点"",""value"":2221,""unit"":""点"",""kind"":""number""},{""raw"":""1845票"",""value"":1845,""unit"":""票"",""kind"":""number""},{""raw"":""216票"",""value"":216,""unit"":""票"",""kind"":""number""},{""raw"":""188件"",""value"":188,""unit"":""件"",""kind"":""number""}]}]",34869,e094b59b980bf7febdad23b29f79b336862de76999958a479f81209591d9656b
15,detail,music,1198,https://toho-vote.info/result15/music/1198.php,投票結果：夜空のユーフォーロマンス - 第15回 東方Project 人気投票,"[{""kind"":""title"",""text"":""投票結果：夜空のユーフォーロマンス - 第15回 東方Project 人気投票"",""numbers"":[]},{""kind"":""item_heading"",""text"":""夜空のユーフォーロマンス（108位）"",""numbers"":[{""raw"":""108位"",""value"":108,""unit"":""位"",""kind"":""number""}]},{""kind"":""item_statistics"",""text"":""ポイント：443点 ｜ 得票数：356票 ｜ 一押し数：50票 ｜ コメント数：59件 リストへ戻る"",""numbers"":[{""raw"":""443点"",""value"":443,""unit"":""点"",""kind"":""number""},{""raw"":""356票"",""value"":356,""unit"":""票"",""kind"":""number""},{""raw"":""50票"",""value"":50,""unit"":""票"",""kind"":""number""},{""raw"":""59件"",""value"":59,""unit"":""件"",""kind"":""number""}]}]",22595,20efc3c214dffb3bf3dbbd16bff5bc10f24acbcd6d2d28536f565005f9874f56
15,detail,music,1199,https://toho-vote.info/result15/music/1199.php,投票結果：平安のエイリアン - 第15回 東方Project 人気投票,"[{""kind"":""title"",""text"":""投票結果：平安のエイリアン - 第15回 東方Project 人気投票"",""numbers"":[]},{""kind"":""item_heading"",""text"":""平安のエイリアン（45位）"",""numbers"":[{""raw"":""45位"",""value"":45,""unit"":""位"",""kind"":""number""}]},{""kind"":""item_statistics"",""text"":""ポイント：1061点 ｜ 得票数：989票 ｜ 一押し数：72票 ｜ コメント数：78件 リストへ戻る"",""numbers"":[{""raw"":""1061点"",""value"":1061,""unit"":""点"",""kind"":""number""},{""raw"":""989票"",""value"":989,""unit"":""票"",""kind"":""number""},{""raw"":""72票"",""value"":72,""unit"":""票"",""kind"":""number""},{""raw"":""78件"",""value"":78,""unit"":""件"",""kind"":""number""}]}]",22939,476580a0c8e65578a69c6a2cc48d4cb96cd8b1929f3d5f0cf373a02b08a57e8e
15,detail,music,1200,https://toho-vote.info/result15/music/1200.php,投票結果：妖怪寺 - 第15回 東方Project 人気投票,"[{""kind"":""title"",""text"":""投票結果：妖怪寺 - 第15回 東方Project 人気投票"",""numbers"":[]},{""kind"":""item_heading"",""text"":""妖怪寺（452位）"",""numbers"":[{""raw"":""452位"",""value"":452,""unit"":""位"",""kind"":""number""}]},{""kind"":""item_statistics"",""text"":""ポイント：7点 ｜ 得票数：7票 ｜ 一押し数：0票 ｜ コメント数：1件 リストへ戻る"",""numbers"":[{""raw"":""7点"",""value"":7,""unit"":""点"",""kind"":""number""},{""raw"":""7票"",""value"":7,""unit"":""票"",""kind"":""number""},{""raw"":""0票"",""value"":0,""unit"":""票"",""kind"":""number""},{""raw"":""1件"",""value"":1,""unit"":""件"",""kind"":""number""}]}]",16049,bb7edac8d10bdda55945a496c193e6a4244a853110c87f1c2f81d2e201de798e
15,detail,music,1201,https://toho-vote.info/result15/music/1201.php,投票結果：空の帰り道 ～ Sky Dream - 第15回 東方Project 人気投票,"[{""kind"":""title"",""text"":""投票結果：空の帰り道 ～ Sky Dream - 第15回 東方Project 人気投票"",""numbers"":[]},{""kind"":""item_heading"",""text"":""空の帰り道 ～ Sky Dream（298位）"",""numbers"":[{""raw"":""298位"",""value"":298,""unit"":""位"",""kind"":""number""}]},{""kind"":""item_statistics"",""text"":""ポイント：51点 ｜ 得票数：50票 ｜ 一押し数：1票 ｜ コメント数：10件 リストへ戻る"",""numbers"":[{""raw"":""51点"",""value"":51,""unit"":""点"",""kind"":""number""},{""raw"":""50票"",""value"":50,""unit"":""票"",""kind"":""number""},{""raw"":""1票"",""value"":1,""unit"":""票"",""kind"":""number""},{""raw"":""10件"",""value"":10,""unit"":""件"",""kind"":""number""}]}]",17097,1b7c105c55fe8b4c5514aa2de8ca9e43cf340ce4cfae2763269afa83d197b079
15,detail,music,1203,https://toho-vote.info/result15/music/1203.php,投票結果：君はあの影を見たか - 第15回 東方Project 人気投票,"[{""kind"":""title"",""text"":""投票結果：君はあの影を見たか - 第15回 東方Project 人気投票"",""numbers"":[]},{""kind"":""item_heading"",""text"":""君はあの影を見たか（199位）"",""numbers"":[{""raw"":""199位"",""value"":199,""unit"":""位"",""kind"":""number""}]},{""kind"":""item_statistics"",""text"":""ポイント：159点 ｜ 得票数：146票 ｜ 一押し数：13票 ｜ コメント数：16件 リストへ戻る"",""numbers"":[{""raw"":""159点"",""value"":159,""unit"":""点"",""kind"":""number""},{""raw"":""146票"",""value"":146,""unit"":""票"",""kind"":""number""},{""raw"":""13票"",""value"":13,""unit"":""票"",""kind"":""number""},{""raw"":""16件"",""value"":16,""unit"":""件"",""kind"":""number""}]}]",18072,9cef2814c0442d1b1396de1aca68a57474e6ab8407982d83c934aba6a2135d25
15,detail,music,1205,https://toho-vote.info/result15/music/1205.php,投票結果：伝説の巨神 - 第15回 東方Project 人気投票,"[{""kind"":""title"",""text"":""投票結果：伝説の巨神 - 第15回 東方Project 人気投票"",""numbers"":[]},{""kind"":""item_heading"",""text"":""伝説の巨神（481位）"",""numbers"":[{""raw"":""481位"",""value"":481,""unit"":""位"",""kind"":""number""}]},{""kind"":""item_statistics"",""text"":""ポイント：4点 ｜ 得票数：4票 ｜ 一押し数：0票 ｜ コメント数：2件 リストへ戻る"",""numbers"":[{""raw"":""4点"",""value"":4,""unit"":""点"",""kind"":""number""},{""raw"":""4票"",""value"":4,""unit"":""票"",""kind"":""number""},{""raw"":""0票"",""value"":0,""unit"":""票"",""kind"":""number""},{""raw"":""2件"",""value"":2,""unit"":""件"",""kind"":""number""}]}]",15978,b5dc158631d7e9ee0a9f0db3990ca0a84a76a0d96e9e8998da4a6ef2dfe1032b
15,detail,music,1206,https://toho-vote.info/result15/music/1206.php,投票結果：ぼくらの非想天則 - 第15回 東方Project 人気投票,"[{""kind"":""title"",""text"":""投票結果：ぼくらの非想天則 - 第15回 東方Project 人気投票"",""numbers"":[]},{""kind"":""item_heading"",""text"":""ぼくらの非想天則（155位）"",""numbers"":[{""raw"":""155位"",""value"":155,""unit"":""位"",""kind"":""number""}]},{""kind"":""item_statistics"",""text"":""ポイント：264点 ｜ 得票数：256票 ｜ 一押し数：8票 ｜ コメント数：27件 リストへ戻る"",""numbers"":[{""raw"":""264点"",""value"":264,""unit"":""点"",""kind"":""number""},{""raw"":""256票"",""value"":256,""unit"":""票"",""kind"":""number""},{""raw"":""8票"",""value"":8,""unit"":""票"",""kind"":""number""},{""raw"":""27件"",""value"":27,""unit"":""件"",""kind"":""number""}]}]",17958,e56799614b38b323b72efd3e930583fbde8fbbe507cde5240cefd1c9c1e594f7
15,detail,music,1207,https://toho-vote.info/result15/music/1207.php,投票結果：人形のある風景 - 第15回 東方Project 人気投票,"[{""kind"":""title"",""text"":""投票結果：人形のある風景 - 第15回 東方Project 人気投票"",""numbers"":[]},{""kind"":""item_heading"",""text"":""人形のある風景（389位）"",""numbers"":[{""raw"":""389位"",""value"":389,""unit"":""位"",""kind"":""number""}]},{""kind"":""item_statistics"",""text"":""ポイント：19点 ｜ 得票数：19票 ｜ 一押し数：0票 ｜ コメント数：3件 リストへ戻る"",""numbers"":[{""raw"":""19点"",""value"":19,""unit"":""点"",""kind"":""number""},{""raw"":""19票"",""value"":19,""unit"":""票"",""kind"":""number""},{""raw"":""0票"",""value"":0,""unit"":""票"",""kind"":""number""},{""raw"":""3件"",""value"":3,""unit"":""件"",""kind"":""number""}]}]",16471,51ca2ab3b61eaecbc7db775c970ae352546c46b1ccc12f2a16557b750de6ac9c
15,detail,music,1208,https://toho-vote.info/result15/music/1208.php,投票結果：悠久の蒸気機関 - 第15回 東方Project 人気投票,"[{""kind"":""title"",""text"":""投票結果：悠久の蒸気機関 - 第15回 東方Project 人気投票"",""numbers"":[]},{""kind"":""item_heading"",""text"":""悠久の蒸気機関（144位）"",""numbers"":[{""raw"":""144位"",""value"":144,""unit"":""位"",""kind"":""number""}]},{""kind"":""item_statistics"",""text"":""ポイント：321点 ｜ 得票数：234票 ｜ 一押し数：18票 ｜ コメント数：33件 リストへ戻る"",""numbers"":[{""raw"":""321点"",""value"":321,""unit"":""点"",""kind"":""number""},{""raw"":""234票"",""value"":234,""unit"":""票"",""kind"":""number""},{""raw"":""18票"",""value"":18,""unit"":""票"",""kind"":""number""},{""raw"":""33件"",""value"":33,""unit"":""件"",""kind"":""number""}]}]",19831,1d1e8b9374c862e3dbc923d09d6ac7f3db10800548ecc4e7607b4655bb77246b
15,detail,music,1216,https://toho-vote.info/result15/music/1216.php,投票結果：the Grimoire of Alice - 第15回 東方Project 人気投票,"[{""kind"":""title"",""text"":""投票結果：the Grimoire of Alice - 第15回 東方Project 人気投票"",""numbers"":[]},{""kind"":""item_heading"",""text"":""the Grimoire of Alice（98位）"",""numbers"":[{""raw"":""98位"",""value"":98,""unit"":""位"",""kind"":""number""}]},{""kind"":""item_statistics"",""text"":""ポイント：517点 ｜ 得票数：99票 ｜ 一押し数：37票 ｜ コメント数：40件 リストへ戻る"",""numbers"":[{""raw"":""517点"",""value"":517,""unit"":""点"",""kind"":""number""},{""raw"":""99票"",""value"":99,""unit"":""票"",""kind"":""number""},{""raw"":""37票"",""value"":37,""unit"":""票"",""kind"":""number""},{""raw"":""40件"",""value"":40,""unit"":""件"",""kind"":""number""}]}]",19409,1a38719a3a32da7a55be475656493e64cfc96bf7115efdaee23135a66d4a9793
15,detail,music,1220,https://toho-vote.info/result15/music/1220.php,投票結果：空に浮かぶ物体X - 第15回 東方Project 人気投票,"[{""kind"":""title"",""text"":""投票結果：空に浮かぶ物体X - 第15回 東方Project 人気投票"",""numbers"":[]},{""kind"":""item_heading"",""text"":""空に浮かぶ物体X（383位）"",""numbers"":[{""raw"":""383位"",""value"":383,""unit"":""位"",""kind"":""number""}]},{""kind"":""item_statistics"",""text"":""ポイント：20点 ｜ 得票数：19票 ｜ 一押し数：1票 ｜ コメント数：2件 リストへ戻る"",""numbers"":[{""raw"":""20点"",""value"":20,""unit"":""点"",""kind"":""number""},{""raw"":""19票"",""value"":19,""unit"":""票"",""kind"":""number""},{""raw"":""1票"",""value"":1,""unit"":""票"",""kind"":""number""},{""raw"":""2件"",""value"":2,""unit"":""件"",""kind"":""number""}]}]",16367,9de1525a9f169de9a464ac4c003eb17c8d0854b491969f857387dda08b3cee39
15,detail,music,1221,https://toho-vote.info/result15/music/1221.php,投票結果：巨大な影と小さな結末 - 第15回 東方Project 人気投票,"[{""kind"":""title"",""text"":""投票結果：巨大な影と小さな結末 - 第15回 東方Project 人気投票"",""numbers"":[]},{""kind"":""item_heading"",""text"":""巨大な影と小さな結末（364位）"",""numbers"":[{""raw"":""364位"",""value"":364,""unit"":""位"",""kind"":""number""}]},{""kind"":""item_statistics"",""text"":""ポイント：28点 ｜ 得票数：26票 ｜ 一押し数：2票 ｜ コメント数：3件 リストへ戻る"",""numbers"":[{""raw"":""28点"",""value"":28,""unit"":""点"",""kind"":""number""},{""raw"":""26票"",""value"":26,""unit"":""票"",""kind"":""number""},{""raw"":""2票"",""value"":2,""unit"":""票"",""kind"":""number""},{""raw"":""3件"",""value"":3,""unit"":""件"",""kind"":""number""}]}]",16338,e6d9b5a929bae6a36d000c730b3d1a15cbdbcc591e80eb0d2b4655009739d9e5
15,detail,music,1222,https://toho-vote.info/result15/music/1222.php,投票結果：ニュースハウンド - 第15回 東方Project 人気投票,"[{""kind"":""title"",""text"":""投票結果：ニュースハウンド - 第15回 東方Project 人気投票"",""numbers"":[]},{""kind"":""item_heading"",""text"":""ニュースハウンド（423位）"",""numbers"":[{""raw"":""423位"",""value"":423,""unit"":""位"",""kind"":""number""}]},{""kind"":""item_statistics"",""text"":""ポイント：11点 ｜ 得票数：11票 ｜ 一押し数：0票 ｜ コメント数：0件 リストへ戻る"",""numbers"":[{""raw"":""11点"",""value"":11,""unit"":""点"",""kind"":""number""},{""raw"":""11票"",""value"":11,""unit"":""票"",""kind"":""number""},{""raw"":""0票"",""value"":0,""unit"":""票"",""kind"":""number""},{""raw"":""0件"",""value"":0,""unit"":""件"",""kind"":""number""}]}]",16775,4aa9e60c83f344e338387eaef48f35462acb4799d7b0ce9638cafdc2c787d10a
15,detail,music,1223,https://toho-vote.info/result15/music/1223.php,投票結果：あなたの町の怪事件 - 第15回 東方Project 人気投票,"[{""kind"":""title"",""text"":""投票結果：あなたの町の怪事件 - 第15回 東方Project 人気投票"",""numbers"":[]},{""kind"":""item_heading"",""text"":""あなたの町の怪事件（211位）"",""numbers"":[{""raw"":""211位"",""value"":211,""unit"":""位"",""kind"":""number""}]},{""kind"":""item_statistics"",""text"":""ポイント：132点 ｜ 得票数：127票 ｜ 一押し数：5票 ｜ コメント数：13件 リストへ戻る"",""numbers"":[{""raw"":""132点"",""value"":132,""unit"":""点"",""kind"":""number""},{""raw"":""127票"",""value"":127,""unit"":""票"",""kind"":""number""},{""raw"":""5票"",""value"":5,""unit"":""票"",""kind"":""number""},{""raw"":""13件"",""value"":13,""unit"":""件"",""kind"":""number""}]}]",17600,3d56beec53e65d88c1567d393142e12c69ad797a350cf996c5107bd328bc85a4
15,detail,music,1224,https://toho-vote.info/result15/music/1224.php,投票結果：妖怪モダンコロニー - 第15回 東方Project 人気投票,"[{""kind"":""title"",""text"":""投票結果：妖怪モダンコロニー - 第15回 東方Project 人気投票"",""numbers"":[]},{""kind"":""item_heading"",""text"":""妖怪モダンコロニー（244位）"",""numbers"":[{""raw"":""244位"",""value"":244,""unit"":""位"",""kind"":""number""}]},{""kind"":""item_statistics"",""text"":""ポイント：97点 ｜ 得票数：78票 ｜ 一押し数：7票 ｜ コメント数：12件 リストへ戻る"",""numbers"":[{""raw"":""97点"",""value"":97,""unit"":""点"",""kind"":""number""},{""raw"":""78票"",""value"":78,""unit"":""票"",""kind"":""number""},{""raw"":""7票"",""value"":7,""unit"":""票"",""kind"":""number""},{""raw"":""12件"",""value"":12,""unit"":""件"",""kind"":""number""}]}]",18418,74a09ac20467294a3cebce92ec8c722200f435b3ff53f2ae5526cff82f71e0c9
15,detail,music,1225,https://toho-vote.info/result15/music/1225.php,投票結果：ネメシスの要塞 - 第15回 東方Project 人気投票,"[{""kind"":""title"",""text"":""投票結果：ネメシスの要塞 - 第15回 東方Project 人気投票"",""numbers"":[]},{""kind"":""item_heading"",""text"":""ネメシスの要塞（373位）"",""numbers"":[{""raw"":""373位"",""value"":373,""unit"":""位"",""kind"":""number""}]},{""kind"":""item_statistics"",""text"":""ポイント：25点 ｜ 得票数：24票 ｜ 一押し数：1票 ｜ コメント数：3件 リストへ戻る"",""numbers"":[{""raw"":""25点"",""value"":25,""unit"":""点"",""kind"":""number""},{""raw"":""24票"",""value"":24,""unit"":""票"",""kind"":""number""},{""raw"":""1票"",""value"":1,""unit"":""票"",""kind"":""number""},{""raw"":""3件"",""value"":3,""unit"":""件"",""kind"":""number""}]}]",16417,853503bc094c0ba26c3d15a1466f8e5ca5e6d088b96c94792e01491d516ae7d3
15,detail,music,1226,https://toho-vote.info/result15/music/1226.php,投票結果：無間の鐘 ～ Infinite Nightmare - 第15回 東方Project 人気投票,"[{""kind"":""title"",""text"":""投票結果：無間の鐘 ～ Infinite Nightmare - 第15回 東方Project 人気投票"",""numbers"":[]},{""kind"":""item_heading"",""text"":""無間の鐘 ～ Infinite Nightmare（87位）"",""numbers"":[{""raw"":""87位"",""value"":87,""unit"":""位"",""kind"":""number""}]},{""kind"":""item_statistics"",""text"":""ポイント：614点 ｜ 得票数：506票 ｜ 一押し数：49票 ｜ コメント数：59件 リストへ戻る"",""numbers"":[{""raw"":""614点"",""value"":614,""unit"":""点"",""kind"":""number""},{""raw"":""506票"",""value"":506,""unit"":""票"",""kind"":""number""},{""raw"":""49票"",""value"":49,""unit"":""票"",""kind"":""number""},{""raw"":""59件"",""value"":59,""unit"":""件"",""kind"":""number""}]}]",23491,5b06d56fdc2e7f63b1215e3127f4decdf24bf063cf9f0ddfdd8a37c938f65b99
15,detail,music,1228,https://toho-vote.info/result15/music/1228.php,投票結果：春の氷精 - 第15回 東方Project 人気投票,"[{""kind"":""title"",""text"":""投票結果：春の氷精 - 第15回 東方Project 人気投票"",""numbers"":[]},{""kind"":""item_heading"",""text"":""春の氷精（381位）"",""numbers"":[{""raw"":""381位"",""value"":381,""unit"":""位"",""kind"":""number""}]},{""kind"":""item_statistics"",""text"":""ポイント：22点 ｜ 得票数：22票 ｜ 一押し数：0票 ｜ コメント数：2件 リストへ戻る"",""numbers"":[{""raw"":""22点"",""value"":22,""unit"":""点"",""kind"":""number""},{""raw"":""22票"",""value"":22,""unit"":""票"",""kind"":""number""},{""raw"":""0票"",""value"":0,""unit"":""票"",""kind"":""number""},{""raw"":""2件"",""value"":2,""unit"":""件"",""kind"":""number""}]}]",16161,1f8ea94d99d61b1d07a55cc7b26acea53e3ee3cf7c9c7ec6f404e2e8cd394211
15,detail,music,1229,https://toho-vote.info/result15/music/1229.php,投票結果：可愛い大戦争のリフレーン - 第15回 東方Project 人気投票,"[{""kind"":""title"",""text"":""投票結果：可愛い大戦争のリフレーン - 第15回 東方Project 人気投票"",""numbers"":[]},{""kind"":""item_heading"",""text"":""可愛い大戦争のリフレーン（261位）"",""numbers"":[{""raw"":""261位"",""value"":261,""unit"":""位"",""kind"":""number""}]},{""kind"":""item_statistics"",""text"":""ポイント：76点 ｜ 得票数：56票 ｜ 一押し数：1票 ｜ コメント数：9件 リストへ戻る"",""numbers"":[{""raw"":""76点"",""value"":76,""unit"":""点"",""kind"":""number""},{""raw"":""56票"",""value"":56,""unit"":""票"",""kind"":""number""},{""raw"":""1票"",""value"":1,""unit"":""票"",""kind"":""number""},{""raw"":""9件"",""value"":9,""unit"":""件"",""kind"":""number""}]}]",17651,093f5e0168752525b5763247521c386a881579278431e9de42557321d5665d30
15,detail,music,1230,https://toho-vote.info/result15/music/1230.php,投票結果：いたずらに命をかけて - 第15回 東方Project 人気投票,"[{""kind"":""title"",""text"":""投票結果：いたずらに命をかけて - 第15回 東方Project 人気投票"",""numbers"":[]},{""kind"":""item_heading"",""text"":""いたずらに命をかけて（214位）"",""numbers"":[{""raw"":""214位"",""value"":214,""unit"":""位"",""kind"":""number""}]},{""kind"":""item_statistics"",""text"":""ポイント：129点 ｜ 得票数：125票 ｜ 一押し数：4票 ｜ コメント数：12件 リストへ戻る"",""numbers"":[{""raw"":""129点"",""value"":129,""unit"":""点"",""kind"":""number""},{""raw"":""125票"",""value"":125,""unit"":""票"",""kind"":""number""},{""raw"":""4票"",""value"":4,""unit"":""票"",""kind"":""number""},{""raw"":""12件"",""value"":12,""unit"":""件"",""kind"":""number""}]}]",17333,c6f134eb2940f4a2eb9f651a5e58f2923f58a8ed758f0ffc859ea17ccc0b3049
15,detail,music,1231,https://toho-vote.info/result15/music/1231.php,投票結果：年中夢中の好奇心 - 第15回 東方Project 人気投票,"[{""kind"":""title"",""text"":""投票結果：年中夢中の好奇心 - 第15回 東方Project 人気投票"",""numbers"":[]},{""kind"":""item_heading"",""text"":""年中夢中の好奇心（222位）"",""numbers"":[{""raw"":""222位"",""value"":222,""unit"":""位"",""kind"":""number""}]},{""kind"":""item_statistics"",""text"":""ポイント：121点 ｜ 得票数：90票 ｜ 一押し数：3票 ｜ コメント数：18件 リストへ戻る"",""numbers"":[{""raw"":""121点"",""value"":121,""unit"":""点"",""kind"":""number""},{""raw"":""90票"",""value"":90,""unit"":""票"",""kind"":""number""},{""raw"":""3票"",""value"":3,""unit"":""票"",""kind"":""number""},{""raw"":""18件"",""value"":18,""unit"":""件"",""kind"":""number""}]}]",18207,d425dbcb0d6145b24b51355d4c759b9fa78ed04ea3401dfeda0a5ca731f8d8ea
15,detail,music,1232,https://toho-vote.info/result15/music/1232.php,投票結果：真夜中のフェアリーダンス - 第15回 東方Project 人気投票,"[{""kind"":""title"",""text"":""投票結果：真夜中のフェアリーダンス - 第15回 東方Project 人気投票"",""numbers"":[]},{""kind"":""item_heading"",""text"":""真夜中のフェアリーダンス（156位）"",""numbers"":[{""raw"":""156位"",""value"":156,""unit"":""位"",""kind"":""number""}]},{""kind"":""item_statistics"",""text"":""ポイント：257点 ｜ 得票数：191票 ｜ 一押し数：15票 ｜ コメント数：26件 リストへ戻る"",""numbers"":[{""raw"":""257点"",""value"":257,""unit"":""点"",""kind"":""number""},{""raw"":""191票"",""value"":191,""unit"":""票"",""kind"":""number""},{""raw"":""15票"",""value"":15,""unit"":""票"",""kind"":""number""},{""raw"":""26件"",""value"":26,""unit"":""件"",""kind"":""number""}]}]",19108,efd117254854bd365709f1e3b54a680f049ea6b3872b70040f67ecb05a84e9ce
15,detail,music,1233,https://toho-vote.info/result15/music/1233.php,投票結果：妖精大戦争 ～ Fairy Wars - 第15回 東方Project 人気投票,"[{""kind"":""title"",""text"":""投票結果：妖精大戦争 ～ Fairy Wars - 第15回 東方Project 人気投票"",""numbers"":[]},{""kind"":""item_heading"",""text"":""妖精大戦争 ～ Fairy Wars（157位）"",""numbers"":[{""raw"":""157位"",""value"":157,""unit"":""位"",""kind"":""number""}]},{""kind"":""item_statistics"",""text"":""ポイント：256点 ｜ 得票数：203票 ｜ 一押し数：15票 ｜ コメント数：32件 リストへ戻る"",""numbers"":[{""raw"":""256点"",""value"":256,""unit"":""点"",""kind"":""number""},{""raw"":""203票"",""value"":203,""unit"":""票"",""kind"":""number""},{""raw"":""15票"",""value"":15,""unit"":""票"",""kind"":""number""},{""raw"":""32件"",""value"":32,""unit"":""件"",""kind"":""number""}]}]",19701,67b628ac8ff76aec8f7f3c2771e99fe80f77198a45045ba44f3327dcdbbf8e6d
15,detail,music,1234,https://toho-vote.info/result15/music/1234.php,投票結果：ルーズレイン - 第15回 東方Project 人気投票,"[{""kind"":""title"",""text"":""投票結果：ルーズレイン - 第15回 東方Project 人気投票"",""numbers"":[]},{""kind"":""item_heading"",""text"":""ルーズレイン（223位）"",""numbers"":[{""raw"":""223位"",""value"":223,""unit"":""位"",""kind"":""number""}]},{""kind"":""item_statistics"",""text"":""ポイント：120点 ｜ 得票数：111票 ｜ 一押し数：9票 ｜ コメント数：13件 リストへ戻る"",""numbers"":[{""raw"":""120点"",""value"":120,""unit"":""点"",""kind"":""number""},{""raw"":""111票"",""value"":111,""unit"":""票"",""kind"":""number""},{""raw"":""9票"",""value"":9,""unit"":""票"",""kind"":""number""},{""raw"":""13件"",""value"":13,""unit"":""件"",""kind"":""number""}]}]",17433,1460449379f94e6c7222c70edba43aa58db46496dd54d5b5705b8a81cd740951
15,detail,music,1235,https://toho-vote.info/result15/music/1235.php,投票結果：メイガスナイト - 第15回 東方Project 人気投票,"[{""kind"":""title"",""text"":""投票結果：メイガスナイト - 第15回 東方Project 人気投票"",""numbers"":[]},{""kind"":""item_heading"",""text"":""メイガスナイト（29位）"",""numbers"":[{""raw"":""29位"",""value"":29,""unit"":""位"",""kind"":""number""}]},{""kind"":""item_statistics"",""text"":""ポイント：1424点 ｜ 得票数：969票 ｜ 一押し数：104票 ｜ コメント数：127件 リストへ戻る"",""numbers"":[{""raw"":""1424点"",""value"":1424,""unit"":""点"",""kind"":""number""},{""raw"":""969票"",""value"":969,""unit"":""票"",""kind"":""number""},{""raw"":""104票"",""value"":104,""unit"":""票"",""kind"":""number""},{""raw"":""127件"",""value"":127,""unit"":""件"",""kind"":""number""}]}]",28186,16178ee7a2d50eb48115b1afe7766c748259661fcaa72668b31eb90750caf29a
15,detail,music,1236,https://toho-vote.info/result15/music/1236.php,投票結果：春の氷精 - 静 - - 第15回 東方Project 人気投票,"[{""kind"":""title"",""text"":""投票結果：春の氷精 - 静 - - 第15回 東方Project 人気投票"",""numbers"":[]},{""kind"":""item_heading"",""text"":""春の氷精 - 静 -（452位）"",""numbers"":[{""raw"":""452位"",""value"":452,""unit"":""位"",""kind"":""number""}]},{""kind"":""item_statistics"",""text"":""ポイント：7点 ｜ 得票数：7票 ｜ 一押し数：0票 ｜ コメント数：0件 リストへ戻る"",""numbers"":[{""raw"":""7点"",""value"":7,""unit"":""点"",""kind"":""number""},{""raw"":""7票"",""value"":7,""unit"":""票"",""kind"":""number""},{""raw"":""0票"",""value"":0,""unit"":""票"",""kind"":""number""},{""raw"":""0件"",""value"":0,""unit"":""件"",""kind"":""number""}]}]",16122,4f78813d8a839a2d123270f3ebf4b7dbdec19c003696d20907e5c7f00dcddedc
15,detail,music,1238,https://toho-vote.info/result15/music/1238.php,投票結果：欲深き霊魂 - 第15回 東方Project 人気投票,"[{""kind"":""title"",""text"":""投票結果：欲深き霊魂 - 第15回 東方Project 人気投票"",""numbers"":[]},{""kind"":""item_heading"",""text"":""欲深き霊魂（318位）"",""numbers"":[{""raw"":""318位"",""value"":318,""unit"":""位"",""kind"":""number""}]},{""kind"":""item_statistics"",""text"":""ポイント：42点 ｜ 得票数：40票 ｜ 一押し数：2票 ｜ コメント数：7件 リストへ戻る"",""numbers"":[{""raw"":""42点"",""value"":42,""unit"":""点"",""kind"":""number""},{""raw"":""40票"",""value"":40,""unit"":""票"",""kind"":""number""},{""raw"":""2票"",""value"":2,""unit"":""票"",""kind"":""number""},{""raw"":""7件"",""value"":7,""unit"":""件"",""kind"":""number""}]}]",16283,2bc208eee6f5a917d1a4dd8b865f42427c5563819de95f2bbceed60ba026d751
15,detail,music,1239,https://toho-vote.info/result15/music/1239.php,投票結果：死霊の夜桜 - 第15回 東方Project 人気投票,"[{""kind"":""title"",""text"":""投票結果：死霊の夜桜 - 第15回 東方Project 人気投票"",""numbers"":[]},{""kind"":""item_heading"",""text"":""死霊の夜桜（82位）"",""numbers"":[{""raw"":""82位"",""value"":82,""unit"":""位"",""kind"":""number""}]},{""kind"":""item_statistics"",""text"":""ポイント：631点 ｜ 得票数：569票 ｜ 一押し数：62票 ｜ コメント数：84件 リストへ戻る"",""numbers"":[{""raw"":""631点"",""value"":631,""unit"":""点"",""kind"":""number""},{""raw"":""569票"",""value"":569,""unit"":""票"",""kind"":""number""},{""raw"":""62票"",""value"":62,""unit"":""票"",""kind"":""number""},{""raw"":""84件"",""value"":84,""unit"":""件"",""kind"":""number""}]}]",24905,46acf6295e1474136246f56aedf8166e33a3f8501499b6760c379b8c9a70a7a4
15,detail,music,1240,https://toho-vote.info/result15/music/1240.php,投票結果：ゴーストリード - 第15回 東方Project 人気投票,"[{""kind"":""title"",""text"":""投票結果：ゴーストリード - 第15回 東方Project 人気投票"",""numbers"":[]},{""kind"":""item_heading"",""text"":""ゴーストリード（266位）"",""numbers"":[{""raw"":""266位"",""value"":266,""unit"":""位"",""kind"":""number""}]},{""kind"":""item_statistics"",""text"":""ポイント：73点 ｜ 得票数：72票 ｜ 一押し数：1票 ｜ コメント数：5件 リストへ戻る"",""numbers"":[{""raw"":""73点"",""value"":73,""unit"":""点"",""kind"":""number""},{""raw"":""72票"",""value"":72,""unit"":""票"",""kind"":""number""},{""raw"":""1票"",""value"":1,""unit"":""票"",""kind"":""number""},{""raw"":""5件"",""value"":5,""unit"":""件"",""kind"":""number""}]}]",16543,6f82b3a513ffc60c8ca9ab0142595048831dc50b89c382a6ffd8ceceb016ce82
15,detail,music,1241,https://toho-vote.info/result15/music/1241.php,投票結果：妖怪寺へようこそ - 第15回 東方Project 人気投票,"[{""kind"":""title"",""text"":""投票結果：妖怪寺へようこそ - 第15回 東方Project 人気投票"",""numbers"":[]},{""kind"":""item_heading"",""text"":""妖怪寺へようこそ（313位）"",""numbers"":[{""raw"":""313位"",""value"":313,""unit"":""位"",""kind"":""number""}]},{""kind"":""item_statistics"",""text"":""ポイント：44点 ｜ 得票数：40票 ｜ 一押し数：4票 ｜ コメント数：9件 リストへ戻る"",""numbers"":[{""raw"":""44点"",""value"":44,""unit"":""点"",""kind"":""number""},{""raw"":""40票"",""value"":40,""unit"":""票"",""kind"":""number""},{""raw"":""4票"",""value"":4,""unit"":""票"",""kind"":""number""},{""raw"":""9件"",""value"":9,""unit"":""件"",""kind"":""number""}]}]",16906,23b7fdcd52f3382ab5dfd0c00835ba2b7f18abcb53d1374cb5e5e8fce69df570
15,detail,music,1242,https://toho-vote.info/result15/music/1242.php,投票結果：門前の妖怪小娘 - 第15回 東方Project 人気投票,"[{""kind"":""title"",""text"":""投票結果：門前の妖怪小娘 - 第15回 東方Project 人気投票"",""numbers"":[]},{""kind"":""item_heading"",""text"":""門前の妖怪小娘（309位）"",""numbers"":[{""raw"":""309位"",""value"":309,""unit"":""位"",""kind"":""number""}]},{""kind"":""item_statistics"",""text"":""ポイント：47点 ｜ 得票数：44票 ｜ 一押し数：3票 ｜ コメント数：5件 リストへ戻る"",""numbers"":[{""raw"":""47点"",""value"":47,""unit"":""点"",""kind"":""number""},{""raw"":""44票"",""value"":44,""unit"":""票"",""kind"":""number""},{""raw"":""3票"",""value"":3,""unit"":""票"",""kind"":""number""},{""raw"":""5件"",""value"":5,""unit"":""件"",""kind"":""number""}]}]",16530,7d648c42c15e86d54cedc7ff7fca0ff8e45f07ade09f8aea2d34e5afde778d5e
15,detail,music,1243,https://toho-vote.info/result15/music/1243.php,投票結果：素敵な墓場で暮しましょ - 第15回 東方Project 人気投票,"[{""kind"":""title"",""text"":""投票結果：素敵な墓場で暮しましょ - 第15回 東方Project 人気投票"",""numbers"":[]},{""kind"":""item_heading"",""text"":""素敵な墓場で暮しましょ（184位）"",""numbers"":[{""raw"":""184位"",""value"":184,""unit"":""位"",""kind"":""number""}]},{""kind"":""item_statistics"",""text"":""ポイント：182点 ｜ 得票数：146票 ｜ 一押し数：11票 ｜ コメント数：16件 リストへ戻る"",""numbers"":[{""raw"":""182点"",""value"":182,""unit"":""点"",""kind"":""number""},{""raw"":""146票"",""value"":146,""unit"":""票"",""kind"":""number""},{""raw"":""11票"",""value"":11,""unit"":""票"",""kind"":""number""},{""raw"":""16件"",""value"":16,""unit"":""件"",""kind"":""number""}]}]",18159,ac4a337f823be0475fc8a537db026e20b2ec68458caffbb0146035b8ee7093ab
15,detail,music,1244,https://toho-vote.info/result15/music/1244.php,投票結果：リジッドパラダイス - 第15回 東方Project 人気投票,"[{""kind"":""title"",""text"":""投票結果：リジッドパラダイス - 第15回 東方Project 人気投票"",""numbers"":[]},{""kind"":""item_heading"",""text"":""リジッドパラダイス（185位）"",""numbers"":[{""raw"":""185位"",""value"":185,""unit"":""位"",""kind"":""number""}]},{""kind"":""item_statistics"",""text"":""ポイント：181点 ｜ 得票数：168票 ｜ 一押し数：13票 ｜ コメント数：16件 リストへ戻る"",""numbers"":[{""raw"":""181点"",""value"":181,""unit"":""点"",""kind"":""number""},{""raw"":""168票"",""value"":168,""unit"":""票"",""kind"":""number""},{""raw"":""13票"",""value"":13,""unit"":""票"",""kind"":""number""},{""raw"":""16件"",""value"":16,""unit"":""件"",""kind"":""number""}]}]",17683,ef0972704d3dd567aca1b7a0db589c127e836f25dd4c023e3ca4dd3745f65fb6
15,detail,music,1245,https://toho-vote.info/result15/music/1245.php,投票結果：デザイアドライブ - 第15回 東方Project 人気投票,"[{""kind"":""title"",""text"":""投票結果：デザイアドライブ - 第15回 東方Project 人気投票"",""numbers"":[]},{""kind"":""item_heading"",""text"":""デザイアドライブ（22位）"",""numbers"":[{""raw"":""22位"",""value"":22,""unit"":""位"",""kind"":""number""}]},{""kind"":""item_statistics"",""text"":""ポイント：1853点 ｜ 得票数：1630票 ｜ 一押し数：161票 ｜ コメント数：125件 リストへ戻る"",""numbers"":[{""raw"":""1853点"",""value"":1853,""unit"":""点"",""kind"":""number""},{""raw"":""1630票"",""value"":1630,""unit"":""票"",""kind"":""number""},{""raw"":""161票"",""value"":161,""unit"":""票"",""kind"":""number""},{""raw"":""125件"",""value"":125,""unit"":""件"",""kind"":""number""}]}]",27571,87e238b10b6277124237104399e853370d232aefdd4cfad69d5ed093b61cae57
15,detail,music,1246,https://toho-vote.info/result15/music/1246.php,投票結果：古きユアンシェン - 第15回 東方Project 人気投票,"[{""kind"":""title"",""text"":""投票結果：古きユアンシェン - 第15回 東方Project 人気投票"",""numbers"":[]},{""kind"":""item_heading"",""text"":""古きユアンシェン（64位）"",""numbers"":[{""raw"":""64位"",""value"":64,""unit"":""位"",""kind"":""number""}]},{""kind"":""item_statistics"",""text"":""ポイント：826点 ｜ 得票数：755票 ｜ 一押し数：52票 ｜ コメント数：79件 リストへ戻る"",""numbers"":[{""raw"":""826点"",""value"":826,""unit"":""点"",""kind"":""number""},{""raw"":""755票"",""value"":755,""unit"":""票"",""kind"":""number""},{""raw"":""52票"",""value"":52,""unit"":""票"",""kind"":""number""},{""raw"":""79件"",""value"":79,""unit"":""件"",""kind"":""number""}]}]",23631,06869110726ace42a159f60c754ce2eea10cb4c42851334cf208783a80339dd7
15,detail,music,1247,https://toho-vote.info/result15/music/1247.php,投票結果：夢殿大祀廟 - 第15回 東方Project 人気投票,"[{""kind"":""title"",""text"":""投票結果：夢殿大祀廟 - 第15回 東方Project 人気投票"",""numbers"":[]},{""kind"":""item_heading"",""text"":""夢殿大祀廟（163位）"",""numbers"":[{""raw"":""163位"",""value"":163,""unit"":""位"",""kind"":""number""}]},{""kind"":""item_statistics"",""text"":""ポイント：239点 ｜ 得票数：214票 ｜ 一押し数：25票 ｜ コメント数：34件 リストへ戻る"",""numbers"":[{""raw"":""239点"",""value"":239,""unit"":""点"",""kind"":""number""},{""raw"":""214票"",""value"":214,""unit"":""票"",""kind"":""number""},{""raw"":""25票"",""value"":25,""unit"":""票"",""kind"":""number""},{""raw"":""34件"",""value"":34,""unit"":""件"",""kind"":""number""}]}]",19924,e133c8791d530e7a2fb53063df13593a335a08dfdfca86558abbbd5569528e75
15,detail,music,1248,https://toho-vote.info/result15/music/1248.php,投票結果：大神神話伝 - 第15回 東方Project 人気投票,"[{""kind"":""title"",""text"":""投票結果：大神神話伝 - 第15回 東方Project 人気投票"",""numbers"":[]},{""kind"":""item_heading"",""text"":""大神神話伝（141位）"",""numbers"":[{""raw"":""141位"",""value"":141,""unit"":""位"",""kind"":""number""}]},{""kind"":""item_statistics"",""text"":""ポイント：328点 ｜ 得票数：236票 ｜ 一押し数：32票 ｜ コメント数：44件 リストへ戻る"",""numbers"":[{""raw"":""328点"",""value"":328,""unit"":""点"",""kind"":""number""},{""raw"":""236票"",""value"":236,""unit"":""票"",""kind"":""number""},{""raw"":""32票"",""value"":32,""unit"":""票"",""kind"":""number""},{""raw"":""44件"",""value"":44,""unit"":""件"",""kind"":""number""}]}]",21891,f71a9ad976dc58a81a60724e33d775687a8d6042b433ffdee333b2598a120c8e
15,detail,music,1249,https://toho-vote.info/result15/music/1249.php,投票結果：小さな欲望の星空 - 第15回 東方Project 人気投票,"[{""kind"":""title"",""text"":""投票結果：小さな欲望の星空 - 第15回 東方Project 人気投票"",""numbers"":[]},{""kind"":""item_heading"",""text"":""小さな欲望の星空（247位）"",""numbers"":[{""raw"":""247位"",""value"":247,""unit"":""位"",""kind"":""number""}]},{""kind"":""item_statistics"",""text"":""ポイント：90点 ｜ 得票数：84票 ｜ 一押し数：6票 ｜ コメント数：15件 リストへ戻る"",""numbers"":[{""raw"":""90点"",""value"":90,""unit"":""点"",""kind"":""number""},{""raw"":""84票"",""value"":84,""unit"":""票"",""kind"":""number""},{""raw"":""6票"",""value"":6,""unit"":""票"",""kind"":""number""},{""raw"":""15件"",""value"":15,""unit"":""件"",""kind"":""number""}]}]",17841,326d1b49d2f7c3cefb2bcc70bbc3d5f36a6fc62a7285a97b1b64c95e5841279e
15,detail,music,1250,https://toho-vote.info/result15/music/1250.php,投票結果：聖徳伝説 ～ True Administrator - 第15回 東方Project 人気投票,"[{""kind"":""title"",""text"":""投票結果：聖徳伝説 ～ True Administrator - 第15回 東方Project 人気投票"",""numbers"":[]},{""kind"":""item_heading"",""text"":""聖徳伝説 ～ True Administrator（55位）"",""numbers"":[{""raw"":""55位"",""value"":55,""unit"":""位"",""kind"":""number""}]},{""kind"":""item_statistics"",""text"":""ポイント：933点 ｜ 得票数：656票 ｜ 一押し数：99票 ｜ コメント数：93件 リストへ戻る"",""numbers"":[{""raw"":""933点"",""value"":933,""unit"":""点"",""kind"":""number""},{""raw"":""656票"",""value"":656,""unit"":""票"",""kind"":""number""},{""raw"":""99票"",""value"":99,""unit"":""票"",""kind"":""number""},{""raw"":""93件"",""value"":93,""unit"":""件"",""kind"":""number""}]}]",27018,544ef1c9355449a5d7bb6e9843a6acbf80e5c7d165bd8a8b0faa2f873e2eb739
15,detail,music,1251,https://toho-vote.info/result15/music/1251.php,投票結果：妖怪裏参道 - 第15回 東方Project 人気投票,"[{""kind"":""title"",""text"":""投票結果：妖怪裏参道 - 第15回 東方Project 人気投票"",""numbers"":[]},{""kind"":""item_heading"",""text"":""妖怪裏参道（209位）"",""numbers"":[{""raw"":""209位"",""value"":209,""unit"":""位"",""kind"":""number""}]},{""kind"":""item_statistics"",""text"":""ポイント：136点 ｜ 得票数：113票 ｜ 一押し数：4票 ｜ コメント数：20件 リストへ戻る"",""numbers"":[{""raw"":""136点"",""value"":136,""unit"":""点"",""kind"":""number""},{""raw"":""113票"",""value"":113,""unit"":""票"",""kind"":""number""},{""raw"":""4票"",""value"":4,""unit"":""票"",""kind"":""number""},{""raw"":""20件"",""value"":20,""unit"":""件"",""kind"":""number""}]}]",18626,a70c038eb3a59f363f01a54892a200c66e2845abc858055e50f80de80bd7b07f
15,detail,music,1252,https://toho-vote.info/result15/music/1252.php,投票結果：佐渡の二ッ岩 - 第15回 東方Project 人気投票,"[{""kind"":""title"",""text"":""投票結果：佐渡の二ッ岩 - 第15回 東方Project 人気投票"",""numbers"":[]},{""kind"":""item_heading"",""text"":""佐渡の二ッ岩（116位）"",""numbers"":[{""raw"":""116位"",""value"":116,""unit"":""位"",""kind"":""number""}]},{""kind"":""item_statistics"",""text"":""ポイント：388点 ｜ 得票数：317票 ｜ 一押し数：20票 ｜ コメント数：33件 リストへ戻る"",""numbers"":[{""raw"":""388点"",""value"":388,""unit"":""点"",""kind"":""number""},{""raw"":""317票"",""value"":317,""unit"":""票"",""kind"":""number""},{""raw"":""20票"",""value"":20,""unit"":""票"",""kind"":""number""},{""raw"":""33件"",""value"":33,""unit"":""件"",""kind"":""number""}]}]",20303,0c79a31029d5bc060dec5fbaaf1d57463c1931827b874601bb636125e7a42d48
15,detail,music,1254,https://toho-vote.info/result15/music/1254.php,投票結果：デザイアドリーム - 第15回 東方Project 人気投票,"[{""kind"":""title"",""text"":""投票結果：デザイアドリーム - 第15回 東方Project 人気投票"",""numbers"":[]},{""kind"":""item_heading"",""text"":""デザイアドリーム（255位）"",""numbers"":[{""raw"":""255位"",""value"":255,""unit"":""位"",""kind"":""number""}]},{""kind"":""item_statistics"",""text"":""ポイント：82点 ｜ 得票数：76票 ｜ 一押し数：6票 ｜ コメント数：10件 リストへ戻る"",""numbers"":[{""raw"":""82点"",""value"":82,""unit"":""点"",""kind"":""number""},{""raw"":""76票"",""value"":76,""unit"":""票"",""kind"":""number""},{""raw"":""6票"",""value"":6,""unit"":""票"",""kind"":""number""},{""raw"":""10件"",""value"":10,""unit"":""件"",""kind"":""number""}]}]",17235,803b6e0e40235677dc63c2f639a8c604ff65447a19e3cff026adde917a1aa92c
15,detail,music,1265,https://toho-vote.info/result15/music/1265.php,投票結果：幻想郷の二ッ岩 - 第15回 東方Project 人気投票,"[{""kind"":""title"",""text"":""投票結果：幻想郷の二ッ岩 - 第15回 東方Project 人気投票"",""numbers"":[]},{""kind"":""item_heading"",""text"":""幻想郷の二ッ岩（255位）"",""numbers"":[{""raw"":""255位"",""value"":255,""unit"":""位"",""kind"":""number""}]},{""kind"":""item_statistics"",""text"":""ポイント：82点 ｜ 得票数：46票 ｜ 一押し数：2票 ｜ コメント数：6件 リストへ戻る"",""numbers"":[{""raw"":""82点"",""value"":82,""unit"":""点"",""kind"":""number""},{""raw"":""46票"",""value"":46,""unit"":""票"",""kind"":""number""},{""raw"":""2票"",""value"":2,""unit"":""票"",""kind"":""number""},{""raw"":""6件"",""value"":6,""unit"":""件"",""kind"":""number""}]}]",17259,be6e590733c0e57a2716aeb1ce4d9db89aab58099bfc6d1f6459bfa9b7f23af7
15,detail,music,1266,https://toho-vote.info/result15/music/1266.php,投票結果：亡失のエモーション - 第15回 東方Project 人気投票,"[{""kind"":""title"",""text"":""投票結果：亡失のエモーション - 第15回 東方Project 人気投票"",""numbers"":[]},{""kind"":""item_heading"",""text"":""亡失のエモーション（72位）"",""numbers"":[{""raw"":""72位"",""value"":72,""unit"":""位"",""kind"":""number""}]},{""kind"":""item_statistics"",""text"":""ポイント：731点 ｜ 得票数：557票 ｜ 一押し数：56票 ｜ コメント数：62件 リストへ戻る"",""numbers"":[{""raw"":""731点"",""value"":731,""unit"":""点"",""kind"":""number""},{""raw"":""557票"",""value"":557,""unit"":""票"",""kind"":""number""},{""raw"":""56票"",""value"":56,""unit"":""票"",""kind"":""number""},{""raw"":""62件"",""value"":62,""unit"":""件"",""kind"":""number""}]}]",23568,5d0aa872fd928ff819870d864078e5ba34f598173e36649f2473083a93ce8950
15,detail,music,1267,https://toho-vote.info/result15/music/1267.php,投票結果：塵界不変のペシミズム - 第15回 東方Project 人気投票,"[{""kind"":""title"",""text"":""投票結果：塵界不変のペシミズム - 第15回 東方Project 人気投票"",""numbers"":[]},{""kind"":""item_heading"",""text"":""塵界不変のペシミズム（395位）"",""numbers"":[{""raw"":""395位"",""value"":395,""unit"":""位"",""kind"":""number""}]},{""kind"":""item_statistics"",""text"":""ポイント：18点 ｜ 得票数：17票 ｜ 一押し数：1票 ｜ コメント数：1件 リストへ戻る"",""numbers"":[{""raw"":""18点"",""value"":18,""unit"":""点"",""kind"":""number""},{""raw"":""17票"",""value"":17,""unit"":""票"",""kind"":""number""},{""raw"":""1票"",""value"":1,""unit"":""票"",""kind"":""number""},{""raw"":""1件"",""value"":1,""unit"":""件"",""kind"":""number""}]}]",16246,a3757f41c73639e92d67f536d763b7dad05964dd813a8bba5c6a55d4e6f6e5a2
15,detail,music,1268,https://toho-vote.info/result15/music/1268.php,投票結果：心綺楼囃子 - 第15回 東方Project 人気投票,"[{""kind"":""title"",""text"":""投票結果：心綺楼囃子 - 第15回 東方Project 人気投票"",""numbers"":[]},{""kind"":""item_heading"",""text"":""心綺楼囃子（213位）"",""numbers"":[{""raw"":""213位"",""value"":213,""unit"":""位"",""kind"":""number""}]},{""kind"":""item_statistics"",""text"":""ポイント：130点 ｜ 得票数：77票 ｜ 一押し数：8票 ｜ コメント数：10件 リストへ戻る"",""numbers"":[{""raw"":""130点"",""value"":130,""unit"":""点"",""kind"":""number""},{""raw"":""77票"",""value"":77,""unit"":""票"",""kind"":""number""},{""raw"":""8票"",""value"":8,""unit"":""票"",""kind"":""number""},{""raw"":""10件"",""value"":10,""unit"":""件"",""kind"":""number""}]}]",18483,b4284f7645ef7e04c076754429b49de4b580c25e7a295ca0ee033d3c9517f942
15,detail,music,1269,https://toho-vote.info/result15/music/1269.php,投票結果：人気のある場所 - 第15回 東方Project 人気投票,"[{""kind"":""title"",""text"":""投票結果：人気のある場所 - 第15回 東方Project 人気投票"",""numbers"":[]},{""kind"":""item_heading"",""text"":""人気のある場所（442位）"",""numbers"":[{""raw"":""442位"",""value"":442,""unit"":""位"",""kind"":""number""}]},{""kind"":""item_statistics"",""text"":""ポイント：8点 ｜ 得票数：8票 ｜ 一押し数：0票 ｜ コメント数：3件 リストへ戻る"",""numbers"":[{""raw"":""8点"",""value"":8,""unit"":""点"",""kind"":""number""},{""raw"":""8票"",""value"":8,""unit"":""票"",""kind"":""number""},{""raw"":""0票"",""value"":0,""unit"":""票"",""kind"":""number""},{""raw"":""3件"",""value"":3,""unit"":""件"",""kind"":""number""}]}]",16742,240a344978e17b3605f82941a05751f3b9e1daee9241763d2970586b70af9eba
15,detail,music,1270,https://toho-vote.info/result15/music/1270.php,投票結果：人気のない場所 - 第15回 東方Project 人気投票,"[{""kind"":""title"",""text"":""投票結果：人気のない場所 - 第15回 東方Project 人気投票"",""numbers"":[]},{""kind"":""item_heading"",""text"":""人気のない場所（481位）"",""numbers"":[{""raw"":""481位"",""value"":481,""unit"":""位"",""kind"":""number""}]},{""kind"":""item_statistics"",""text"":""ポイント：4点 ｜ 得票数：4票 ｜ 一押し数：0票 ｜ コメント数：2件 リストへ戻る"",""numbers"":[{""raw"":""4点"",""value"":4,""unit"":""点"",""kind"":""number""},{""raw"":""4票"",""value"":4,""unit"":""票"",""kind"":""number""},{""raw"":""0票"",""value"":0,""unit"":""票"",""kind"":""number""},{""raw"":""2件"",""value"":2,""unit"":""件"",""kind"":""number""}]}]",16158,5aae9072e7cbea6921e1151a981db449cd5cbe7d3490a8759d5201dedcddd054
15,detail,music,1271,https://toho-vote.info/result15/music/1271.php,投票結果：丑三つ時の里 - 第15回 東方Project 人気投票,"[{""kind"":""title"",""text"":""投票結果：丑三つ時の里 - 第15回 東方Project 人気投票"",""numbers"":[]},{""kind"":""item_heading"",""text"":""丑三つ時の里（489位）"",""numbers"":[{""raw"":""489位"",""value"":489,""unit"":""位"",""kind"":""number""}]},{""kind"":""item_statistics"",""text"":""ポイント：3点 ｜ 得票数：3票 ｜ 一押し数：0票 ｜ コメント数：0件 リストへ戻る"",""numbers"":[{""raw"":""3点"",""value"":3,""unit"":""点"",""kind"":""number""},{""raw"":""3票"",""value"":3,""unit"":""票"",""kind"":""number""},{""raw"":""0票"",""value"":0,""unit"":""票"",""kind"":""number""},{""raw"":""0件"",""value"":0,""unit"":""件"",""kind"":""number""}]}]",16096,12aa1a312caed75e4e4d115e4076909ef6e303ab6558d127d19656461eb4b13e
15,detail,music,1272,https://toho-vote.info/result15/music/1272.php,投票結果：本日の一面記事 - 第15回 東方Project 人気投票,"[{""kind"":""title"",""text"":""投票結果：本日の一面記事 - 第15回 東方Project 人気投票"",""numbers"":[]},{""kind"":""item_heading"",""text"":""本日の一面記事（519位）"",""numbers"":[{""raw"":""519位"",""value"":519,""unit"":""位"",""kind"":""number""}]},{""kind"":""item_statistics"",""text"":""ポイント：1点 ｜ 得票数：1票 ｜ 一押し数：0票 ｜ コメント数：0件 リストへ戻る"",""numbers"":[{""raw"":""1点"",""value"":1,""unit"":""点"",""kind"":""number""},{""raw"":""1票"",""value"":1,""unit"":""票"",""kind"":""number""},{""raw"":""0票"",""value"":0,""unit"":""票"",""kind"":""number""},{""raw"":""0件"",""value"":0,""unit"":""件"",""kind"":""number""}]}]",15941,d15c3697640fa40d0ed1ed0ebca6ea2cfcc0088d89fe102009db014b8d685a69
15,detail,music,1273,https://toho-vote.info/result15/music/1273.php,投票結果：暁雲 - 第15回 東方Project 人気投票,"[{""kind"":""title"",""text"":""投票結果：暁雲 - 第15回 東方Project 人気投票"",""numbers"":[]},{""kind"":""item_heading"",""text"":""暁雲（402位）"",""numbers"":[{""raw"":""402位"",""value"":402,""unit"":""位"",""kind"":""number""}]},{""kind"":""item_statistics"",""text"":""ポイント：16点 ｜ 得票数：14票 ｜ 一押し数：2票 ｜ コメント数：2件 リストへ戻る"",""numbers"":[{""raw"":""16点"",""value"":16,""unit"":""点"",""kind"":""number""},{""raw"":""14票"",""value"":14,""unit"":""票"",""kind"":""number""},{""raw"":""2票"",""value"":2,""unit"":""票"",""kind"":""number""},{""raw"":""2件"",""value"":2,""unit"":""件"",""kind"":""number""}]}]",16421,6241da1805bebf8bfa0aeff3efa51221e0bdb332fd5e4aa060f0dcb66819f9cd
15,detail,music,1274,https://toho-vote.info/result15/music/1274.php,投票結果：官板黄昏新聞 - 第15回 東方Project 人気投票,"[{""kind"":""title"",""text"":""投票結果：官板黄昏新聞 - 第15回 東方Project 人気投票"",""numbers"":[]},{""kind"":""item_heading"",""text"":""官板黄昏新聞（461位）"",""numbers"":[{""raw"":""461位"",""value"":461,""unit"":""位"",""kind"":""number""}]},{""kind"":""item_statistics"",""text"":""ポイント：6点 ｜ 得票数：6票 ｜ 一押し数：0票 ｜ コメント数：1件 リストへ戻る"",""numbers"":[{""raw"":""6点"",""value"":6,""unit"":""点"",""kind"":""number""},{""raw"":""6票"",""value"":6,""unit"":""票"",""kind"":""number""},{""raw"":""0票"",""value"":0,""unit"":""票"",""kind"":""number""},{""raw"":""1件"",""value"":1,""unit"":""件"",""kind"":""number""}]}]",16177,a676e26ea85920e876e56df2561af001c0770f024be1fbc8e4beeb0311a40687
15,detail,music,1275,https://toho-vote.info/result15/music/1275.php,投票結果：演者選択 - 第15回 東方Project 人気投票,"[{""kind"":""title"",""text"":""投票結果：演者選択 - 第15回 東方Project 人気投票"",""numbers"":[]},{""kind"":""item_heading"",""text"":""演者選択（489位）"",""numbers"":[{""raw"":""489位"",""value"":489,""unit"":""位"",""kind"":""number""}]},{""kind"":""item_statistics"",""text"":""ポイント：3点 ｜ 得票数：3票 ｜ 一押し数：0票 ｜ コメント数：0件 リストへ戻る"",""numbers"":[{""raw"":""3点"",""value"":3,""unit"":""点"",""kind"":""number""},{""raw"":""3票"",""value"":3,""unit"":""票"",""kind"":""number""},{""raw"":""0票"",""value"":0,""unit"":""票"",""kind"":""number""},{""raw"":""0件"",""value"":0,""unit"":""件"",""kind"":""number""}]}]",16048,ecd94e5b79240b13fc224b4bc49c23ef323f30f962d3c74af43ec1617f30ab30
15,detail,music,1276,https://toho-vote.info/result15/music/1276.php,投票結果：不思議なお祓い棒 - 第15回 東方Project 人気投票,"[{""kind"":""title"",""text"":""投票結果：不思議なお祓い棒 - 第15回 東方Project 人気投票"",""numbers"":[]},{""kind"":""item_heading"",""text"":""不思議なお祓い棒（73位）"",""numbers"":[{""raw"":""73位"",""value"":73,""unit"":""位"",""kind"":""number""}]},{""kind"":""item_statistics"",""text"":""ポイント：728点 ｜ 得票数：667票 ｜ 一押し数：61票 ｜ コメント数：107件 リストへ戻る"",""numbers"":[{""raw"":""728点"",""value"":728,""unit"":""点"",""kind"":""number""},{""raw"":""667票"",""value"":667,""unit"":""票"",""kind"":""number""},{""raw"":""61票"",""value"":61,""unit"":""票"",""kind"":""number""},{""raw"":""107件"",""value"":107,""unit"":""件"",""kind"":""number""}]}]",28018,a4ba4b2866db0d4a80b71a424a6a71a2efa01d9680ce47fd3d8aec6e9424df59
15,detail,music,1277,https://toho-vote.info/result15/music/1277.php,投票結果：ミストレイク - 第15回 東方Project 人気投票,"[{""kind"":""title"",""text"":""投票結果：ミストレイク - 第15回 東方Project 人気投票"",""numbers"":[]},{""kind"":""item_heading"",""text"":""ミストレイク（182位）"",""numbers"":[{""raw"":""182位"",""value"":182,""unit"":""位"",""kind"":""number""}]},{""kind"":""item_statistics"",""text"":""ポイント：188点 ｜ 得票数：178票 ｜ 一押し数：10票 ｜ コメント数：19件 リストへ戻る"",""numbers"":[{""raw"":""188点"",""value"":188,""unit"":""点"",""kind"":""number""},{""raw"":""178票"",""value"":178,""unit"":""票"",""kind"":""number""},{""raw"":""10票"",""value"":10,""unit"":""票"",""kind"":""number""},{""raw"":""19件"",""value"":19,""unit"":""件"",""kind"":""number""}]}]",18197,9795334ab81172888067ecd905b01adc8649529d1a4bb2ff87f7ba9706933ba3
15,detail,music,1278,https://toho-vote.info/result15/music/1278.php,投票結果：秘境のマーメイド - 第15回 東方Project 人気投票,"[{""kind"":""title"",""text"":""投票結果：秘境のマーメイド - 第15回 東方Project 人気投票"",""numbers"":[]},{""kind"":""item_heading"",""text"":""秘境のマーメイド（192位）"",""numbers"":[{""raw"":""192位"",""value"":192,""unit"":""位"",""kind"":""number""}]},{""kind"":""item_statistics"",""text"":""ポイント：171点 ｜ 得票数：138票 ｜ 一押し数：9票 ｜ コメント数：14件 リストへ戻る"",""numbers"":[{""raw"":""171点"",""value"":171,""unit"":""点"",""kind"":""number""},{""raw"":""138票"",""value"":138,""unit"":""票"",""kind"":""number""},{""raw"":""9票"",""value"":9,""unit"":""票"",""kind"":""number""},{""raw"":""14件"",""value"":14,""unit"":""件"",""kind"":""number""}]}]",18004,2c044d6605b8fd8eebffe5521f4ca4e3a8fdc825759da951f434fa4fcf4929ec
15,detail,music,1279,https://toho-vote.info/result15/music/1279.php,投票結果：運河を行き交う人妖 - 第15回 東方Project 人気投票,"[{""kind"":""title"",""text"":""投票結果：運河を行き交う人妖 - 第15回 東方Project 人気投票"",""numbers"":[]},{""kind"":""item_heading"",""text"":""運河を行き交う人妖（343位）"",""numbers"":[{""raw"":""343位"",""value"":343,""unit"":""位"",""kind"":""number""}]},{""kind"":""item_statistics"",""text"":""ポイント：35点 ｜ 得票数：31票 ｜ 一押し数：2票 ｜ コメント数：7件 リストへ戻る"",""numbers"":[{""raw"":""35点"",""value"":35,""unit"":""点"",""kind"":""number""},{""raw"":""31票"",""value"":31,""unit"":""票"",""kind"":""number""},{""raw"":""2票"",""value"":2,""unit"":""票"",""kind"":""number""},{""raw"":""7件"",""value"":7,""unit"":""件"",""kind"":""number""}]}]",17548,90ac716e08fdd9e005c9c4a1dd3525aef8b811adb3552c6ec678cc768a9459b2
15,detail,music,1280,https://toho-vote.info/result15/music/1280.php,投票結果：柳の下のデュラハン - 第15回 東方Project 人気投票,"[{""kind"":""title"",""text"":""投票結果：柳の下のデュラハン - 第15回 東方Project 人気投票"",""numbers"":[]},{""kind"":""item_heading"",""text"":""柳の下のデュラハン（167位）"",""numbers"":[{""raw"":""167位"",""value"":167,""unit"":""位"",""kind"":""number""}]},{""kind"":""item_statistics"",""text"":""ポイント：232点 ｜ 得票数：218票 ｜ 一押し数：14票 ｜ コメント数：21件 リストへ戻る"",""numbers"":[{""raw"":""232点"",""value"":232,""unit"":""点"",""kind"":""number""},{""raw"":""218票"",""value"":218,""unit"":""票"",""kind"":""number""},{""raw"":""14票"",""value"":14,""unit"":""票"",""kind"":""number""},{""raw"":""21件"",""value"":21,""unit"":""件"",""kind"":""number""}]}]",17673,0c426c38a9b9d9f39b5c8956c5e23aa2db14382bc84826d45bda6e3e7121a108
15,detail,music,1281,https://toho-vote.info/result15/music/1281.php,投票結果：満月の竹林 - 第15回 東方Project 人気投票,"[{""kind"":""title"",""text"":""投票結果：満月の竹林 - 第15回 東方Project 人気投票"",""numbers"":[]},{""kind"":""item_heading"",""text"":""満月の竹林（113位）"",""numbers"":[{""raw"":""113位"",""value"":113,""unit"":""位"",""kind"":""number""}]},{""kind"":""item_statistics"",""text"":""ポイント：399点 ｜ 得票数：362票 ｜ 一押し数：37票 ｜ コメント数：46件 リストへ戻る"",""numbers"":[{""raw"":""399点"",""value"":399,""unit"":""点"",""kind"":""number""},{""raw"":""362票"",""value"":362,""unit"":""票"",""kind"":""number""},{""raw"":""37票"",""value"":37,""unit"":""票"",""kind"":""number""},{""raw"":""46件"",""value"":46,""unit"":""件"",""kind"":""number""}]}]",21038,6f58f65464e1d5c58b36f16557def8e0e50d660c71f74a3f01fd9c149a199656
15,detail,music,1282,https://toho-vote.info/result15/music/1282.php,投票結果：孤独なウェアウルフ - 第15回 東方Project 人気投票,"[{""kind"":""title"",""text"":""投票結果：孤独なウェアウルフ - 第15回 東方Project 人気投票"",""numbers"":[]},{""kind"":""item_heading"",""text"":""孤独なウェアウルフ（201位）"",""numbers"":[{""raw"":""201位"",""value"":201,""unit"":""位"",""kind"":""number""}]},{""kind"":""item_statistics"",""text"":""ポイント：157点 ｜ 得票数：145票 ｜ 一押し数：12票 ｜ コメント数：13件 リストへ戻る"",""numbers"":[{""raw"":""157点"",""value"":157,""unit"":""点"",""kind"":""number""},{""raw"":""145票"",""value"":145,""unit"":""票"",""kind"":""number""},{""raw"":""12票"",""value"":12,""unit"":""票"",""kind"":""number""},{""raw"":""13件"",""value"":13,""unit"":""件"",""kind"":""number""}]}]",17028,d2f6a86ad8141550bf0771bf93861f71627e1e474584fc519eb4dae3f08c118c
15,detail,music,1283,https://toho-vote.info/result15/music/1283.php,投票結果：マジカルストーム - 第15回 東方Project 人気投票,"[{""kind"":""title"",""text"":""投票結果：マジカルストーム - 第15回 東方Project 人気投票"",""numbers"":[]},{""kind"":""item_heading"",""text"":""マジカルストーム（287位）"",""numbers"":[{""raw"":""287位"",""value"":287,""unit"":""位"",""kind"":""number""}]},{""kind"":""item_statistics"",""text"":""ポイント：55点 ｜ 得票数：55票 ｜ 一押し数：0票 ｜ コメント数：9件 リストへ戻る"",""numbers"":[{""raw"":""55点"",""value"":55,""unit"":""点"",""kind"":""number""},{""raw"":""55票"",""value"":55,""unit"":""票"",""kind"":""number""},{""raw"":""0票"",""value"":0,""unit"":""票"",""kind"":""number""},{""raw"":""9件"",""value"":9,""unit"":""件"",""kind"":""number""}]}]",16790,ef95df86d48a62a10f48147e19a460b3bc70a13e23df2d3667e05154e9207e95
15,detail,music,1284,https://toho-vote.info/result15/music/1284.php,投票結果：幻想浄瑠璃 - 第15回 東方Project 人気投票,"[{""kind"":""title"",""text"":""投票結果：幻想浄瑠璃 - 第15回 東方Project 人気投票"",""numbers"":[]},{""kind"":""item_heading"",""text"":""幻想浄瑠璃（89位）"",""numbers"":[{""raw"":""89位"",""value"":89,""unit"":""位"",""kind"":""number""}]},{""kind"":""item_statistics"",""text"":""ポイント：580点 ｜ 得票数：477票 ｜ 一押し数：53票 ｜ コメント数：52件 リストへ戻る"",""numbers"":[{""raw"":""580点"",""value"":580,""unit"":""点"",""kind"":""number""},{""raw"":""477票"",""value"":477,""unit"":""票"",""kind"":""number""},{""raw"":""53票"",""value"":53,""unit"":""票"",""kind"":""number""},{""raw"":""52件"",""value"":52,""unit"":""件"",""kind"":""number""}]}]",22499,cb247ba26f24f881ed1a2f60f04f4814d7f7869cdc0f61431190ca1b0ab24a93
15,detail,music,1285,https://toho-vote.info/result15/music/1285.php,投票結果：空中に沈む輝針城 - 第15回 東方Project 人気投票,"[{""kind"":""title"",""text"":""投票結果：空中に沈む輝針城 - 第15回 東方Project 人気投票"",""numbers"":[]},{""kind"":""item_heading"",""text"":""空中に沈む輝針城（174位）"",""numbers"":[{""raw"":""174位"",""value"":174,""unit"":""位"",""kind"":""number""}]},{""kind"":""item_statistics"",""text"":""ポイント：221点 ｜ 得票数：193票 ｜ 一押し数：20票 ｜ コメント数：28件 リストへ戻る"",""numbers"":[{""raw"":""221点"",""value"":221,""unit"":""点"",""kind"":""number""},{""raw"":""193票"",""value"":193,""unit"":""票"",""kind"":""number""},{""raw"":""20票"",""value"":20,""unit"":""票"",""kind"":""number""},{""raw"":""28件"",""value"":28,""unit"":""件"",""kind"":""number""}]}]",20442,847034cff8f33bf30f72ff81804486097e023ba3ea3c870ebf405038a2fc9370
15,detail,music,1286,https://toho-vote.info/result15/music/1286.php,投票結果：リバースイデオロギー - 第15回 東方Project 人気投票,"[{""kind"":""title"",""text"":""投票結果：リバースイデオロギー - 第15回 東方Project 人気投票"",""numbers"":[]},{""kind"":""item_heading"",""text"":""リバースイデオロギー（63位）"",""numbers"":[{""raw"":""63位"",""value"":63,""unit"":""位"",""kind"":""number""}]},{""kind"":""item_statistics"",""text"":""ポイント：845点 ｜ 得票数：633票 ｜ 一押し数：65票 ｜ コメント数：45件 リストへ戻る"",""numbers"":[{""raw"":""845点"",""value"":845,""unit"":""点"",""kind"":""number""},{""raw"":""633票"",""value"":633,""unit"":""票"",""kind"":""number""},{""raw"":""65票"",""value"":65,""unit"":""票"",""kind"":""number""},{""raw"":""45件"",""value"":45,""unit"":""件"",""kind"":""number""}]}]",20958,ce932368bfc91a34061870a665063f90308846acc7c00bf15d8736f0e3cda9b5
15,detail,music,1287,https://toho-vote.info/result15/music/1287.php,投票結果：針小棒大の天守閣 - 第15回 東方Project 人気投票,"[{""kind"":""title"",""text"":""投票結果：針小棒大の天守閣 - 第15回 東方Project 人気投票"",""numbers"":[]},{""kind"":""item_heading"",""text"":""針小棒大の天守閣（356位）"",""numbers"":[{""raw"":""356位"",""value"":356,""unit"":""位"",""kind"":""number""}]},{""kind"":""item_statistics"",""text"":""ポイント：31点 ｜ 得票数：30票 ｜ 一押し数：1票 ｜ コメント数：5件 リストへ戻る"",""numbers"":[{""raw"":""31点"",""value"":31,""unit"":""点"",""kind"":""number""},{""raw"":""30票"",""value"":30,""unit"":""票"",""kind"":""number""},{""raw"":""1票"",""value"":1,""unit"":""票"",""kind"":""number""},{""raw"":""5件"",""value"":5,""unit"":""件"",""kind"":""number""}]}]",16582,1b7a87d26b49ddfb8ee9dc6e72b04c1939a789b9c869a24e7089b2d6c9e638b0
15,detail,music,1288,https://toho-vote.info/result15/music/1288.php,投票結果：輝く針の小人族 ～ Little Princess - 第15回 東方Project 人気投票,"[{""kind"":""title"",""text"":""投票結果：輝く針の小人族 ～ Little Princess - 第15回 東方Project 人気投票"",""numbers"":[]},{""kind"":""item_heading"",""text"":""輝く針の小人族 ～ Little Princess（11位）"",""numbers"":[{""raw"":""11位"",""value"":11,""unit"":""位"",""kind"":""number""}]},{""kind"":""item_statistics"",""text"":""ポイント：2722点 ｜ 得票数：2214票 ｜ 一押し数：358票 ｜ コメント数：255件 リストへ戻る"",""numbers"":[{""raw"":""2722点"",""value"":2722,""unit"":""点"",""kind"":""number""},{""raw"":""2214票"",""value"":2214,""unit"":""票"",""kind"":""number""},{""raw"":""358票"",""value"":358,""unit"":""票"",""kind"":""number""},{""raw"":""255件"",""value"":255,""unit"":""件"",""kind"":""number""}]}]",41544,d942eadccf1a6f1ad6a3e42ccba41d1bfc2ad40efaa9ef5ca6d47dbe8656fedc
15,detail,music,1289,https://toho-vote.info/result15/music/1289.php,投票結果：魔力の雷雲 - 第15回 東方Project 人気投票,"[{""kind"":""title"",""text"":""投票結果：魔力の雷雲 - 第15回 東方Project 人気投票"",""numbers"":[]},{""kind"":""item_heading"",""text"":""魔力の雷雲（285位）"",""numbers"":[{""raw"":""285位"",""value"":285,""unit"":""位"",""kind"":""number""}]},{""kind"":""item_statistics"",""text"":""ポイント：56点 ｜ 得票数：54票 ｜ 一押し数：2票 ｜ コメント数：7件 リストへ戻る"",""numbers"":[{""raw"":""56点"",""value"":56,""unit"":""点"",""kind"":""number""},{""raw"":""54票"",""value"":54,""unit"":""票"",""kind"":""number""},{""raw"":""2票"",""value"":2,""unit"":""票"",""kind"":""number""},{""raw"":""7件"",""value"":7,""unit"":""件"",""kind"":""number""}]}]",16764,f8150e784bbb7f4e90eed1ba064a5163f93978d15d5ab298c74a03c87cf53304
15,detail,music,1290,https://toho-vote.info/result15/music/1290.php,投票結果：始原のビート ～ Pristine Beat - 第15回 東方Project 人気投票,"[{""kind"":""title"",""text"":""投票結果：始原のビート ～ Pristine Beat - 第15回 東方Project 人気投票"",""numbers"":[]},{""kind"":""item_heading"",""text"":""始原のビート ～ Pristine Beat（48位）"",""numbers"":[{""raw"":""48位"",""value"":48,""unit"":""位"",""kind"":""number""}]},{""kind"":""item_statistics"",""text"":""ポイント：1041点 ｜ 得票数：957票 ｜ 一押し数：84票 ｜ コメント数：98件 リストへ戻る"",""numbers"":[{""raw"":""1041点"",""value"":1041,""unit"":""点"",""kind"":""number""},{""raw"":""957票"",""value"":957,""unit"":""票"",""kind"":""number""},{""raw"":""84票"",""value"":84,""unit"":""票"",""kind"":""number""},{""raw"":""98件"",""value"":98,""unit"":""件"",""kind"":""number""}]}]",25141,e6aa82747ed0660af1afd6da80a219cdfb03182967951d379d604530d02945df
15,detail,music,1291,https://toho-vote.info/result15/music/1291.php,投票結果：小槌の魔力 - 第15回 東方Project 人気投票,"[{""kind"":""title"",""text"":""投票結果：小槌の魔力 - 第15回 東方Project 人気投票"",""numbers"":[]},{""kind"":""item_heading"",""text"":""小槌の魔力（423位）"",""numbers"":[{""raw"":""423位"",""value"":423,""unit"":""位"",""kind"":""number""}]},{""kind"":""item_statistics"",""text"":""ポイント：11点 ｜ 得票数：11票 ｜ 一押し数：0票 ｜ コメント数：2件 リストへ戻る"",""numbers"":[{""raw"":""11点"",""value"":11,""unit"":""点"",""kind"":""number""},{""raw"":""11票"",""value"":11,""unit"":""票"",""kind"":""number""},{""raw"":""0票"",""value"":0,""unit"":""票"",""kind"":""number""},{""raw"":""2件"",""value"":2,""unit"":""件"",""kind"":""number""}]}]",16302,ddbc65a0aff8f3c68659f29547876ff7c95950d51c29b16143fb2f162723a344
15,detail,music,1292,https://toho-vote.info/result15/music/1292.php,投票結果：不思議な不思議な道具達 - 第15回 東方Project 人気投票,"[{""kind"":""title"",""text"":""投票結果：不思議な不思議な道具達 - 第15回 東方Project 人気投票"",""numbers"":[]},{""kind"":""item_heading"",""text"":""不思議な不思議な道具達（259位）"",""numbers"":[{""raw"":""259位"",""value"":259,""unit"":""位"",""kind"":""number""}]},{""kind"":""item_statistics"",""text"":""ポイント：78点 ｜ 得票数：75票 ｜ 一押し数：3票 ｜ コメント数：13件 リストへ戻る"",""numbers"":[{""raw"":""78点"",""value"":78,""unit"":""点"",""kind"":""number""},{""raw"":""75票"",""value"":75,""unit"":""票"",""kind"":""number""},{""raw"":""3票"",""value"":3,""unit"":""票"",""kind"":""number""},{""raw"":""13件"",""value"":13,""unit"":""件"",""kind"":""number""}]}]",17982,1d3777fd2e524501141e9bff6031b3c2c2dc0aec66a31e55801bfda58fbf2e6b
15,detail,music,1294,https://toho-vote.info/result15/music/1294.php,投票結果：反則の狼煙を上げろ - 第15回 東方Project 人気投票,"[{""kind"":""title"",""text"":""投票結果：反則の狼煙を上げろ - 第15回 東方Project 人気投票"",""numbers"":[]},{""kind"":""item_heading"",""text"":""反則の狼煙を上げろ（346位）"",""numbers"":[{""raw"":""346位"",""value"":346,""unit"":""位"",""kind"":""number""}]},{""kind"":""item_statistics"",""text"":""ポイント：34点 ｜ 得票数：31票 ｜ 一押し数：3票 ｜ コメント数：0件 リストへ戻る"",""numbers"":[{""raw"":""34点"",""value"":34,""unit"":""点"",""kind"":""number""},{""raw"":""31票"",""value"":31,""unit"":""票"",""kind"":""number""},{""raw"":""3票"",""value"":3,""unit"":""票"",""kind"":""number""},{""raw"":""0件"",""value"":0,""unit"":""件"",""kind"":""number""}]}]",16184,527455933fb809ab0f0b4efc69129bb3f9e4c0d7dd9361d7eec8d8922c7894ac
15,detail,music,1296,https://toho-vote.info/result15/music/1296.php,投票結果：不可能弾幕には反則を - 第15回 東方Project 人気投票,"[{""kind"":""title"",""text"":""投票結果：不可能弾幕には反則を - 第15回 東方Project 人気投票"",""numbers"":[]},{""kind"":""item_heading"",""text"":""不可能弾幕には反則を（243位）"",""numbers"":[{""raw"":""243位"",""value"":243,""unit"":""位"",""kind"":""number""}]},{""kind"":""item_statistics"",""text"":""ポイント：98点 ｜ 得票数：89票 ｜ 一押し数：9票 ｜ コメント数：17件 リストへ戻る"",""numbers"":[{""raw"":""98点"",""value"":98,""unit"":""点"",""kind"":""number""},{""raw"":""89票"",""value"":89,""unit"":""票"",""kind"":""number""},{""raw"":""9票"",""value"":9,""unit"":""票"",""kind"":""number""},{""raw"":""17件"",""value"":17,""unit"":""件"",""kind"":""number""}]}]",17563,09ada16d16465d88db27349394eaea1641b820e5eaf87e0fbd1f64d561ccc26c
15,detail,music,1298,https://toho-vote.info/result15/music/1298.php,投票結果：ミッドナイトスペルカード - 第15回 東方Project 人気投票,"[{""kind"":""title"",""text"":""投票結果：ミッドナイトスペルカード - 第15回 東方Project 人気投票"",""numbers"":[]},{""kind"":""item_heading"",""text"":""ミッドナイトスペルカード（383位）"",""numbers"":[{""raw"":""383位"",""value"":383,""unit"":""位"",""kind"":""number""}]},{""kind"":""item_statistics"",""text"":""ポイント：20点 ｜ 得票数：18票 ｜ 一押し数：2票 ｜ コメント数：1件 リストへ戻る"",""numbers"":[{""raw"":""20点"",""value"":20,""unit"":""点"",""kind"":""number""},{""raw"":""18票"",""value"":18,""unit"":""票"",""kind"":""number""},{""raw"":""2票"",""value"":2,""unit"":""票"",""kind"":""number""},{""raw"":""1件"",""value"":1,""unit"":""件"",""kind"":""number""}]}]",16277,bc3e36c43dde58a13ae33f12cdfaa550e0845927c0e97d967aef19455f232d7e
15,detail,music,1300,https://toho-vote.info/result15/music/1300.php,投票結果：ロマンチック逃飛行 - 第15回 東方Project 人気投票,"[{""kind"":""title"",""text"":""投票結果：ロマンチック逃飛行 - 第15回 東方Project 人気投票"",""numbers"":[]},{""kind"":""item_heading"",""text"":""ロマンチック逃飛行（214位）"",""numbers"":[{""raw"":""214位"",""value"":214,""unit"":""位"",""kind"":""number""}]},{""kind"":""item_statistics"",""text"":""ポイント：129点 ｜ 得票数：126票 ｜ 一押し数：3票 ｜ コメント数：20件 リストへ戻る"",""numbers"":[{""raw"":""129点"",""value"":129,""unit"":""点"",""kind"":""number""},{""raw"":""126票"",""value"":126,""unit"":""票"",""kind"":""number""},{""raw"":""3票"",""value"":3,""unit"":""票"",""kind"":""number""},{""raw"":""20件"",""value"":20,""unit"":""件"",""kind"":""number""}]}]",18031,533bbaf18db22b3c500414f396354d04047893a453df509ba8f54026509d02cb
15,detail,music,1302,https://toho-vote.info/result15/music/1302.php,投票結果：永遠の三日天下 - 第15回 東方Project 人気投票,"[{""kind"":""title"",""text"":""投票結果：永遠の三日天下 - 第15回 東方Project 人気投票"",""numbers"":[]},{""kind"":""item_heading"",""text"":""永遠の三日天下（123位）"",""numbers"":[{""raw"":""123位"",""value"":123,""unit"":""位"",""kind"":""number""}]},{""kind"":""item_statistics"",""text"":""ポイント：372点 ｜ 得票数：336票 ｜ 一押し数：19票 ｜ コメント数：34件 リストへ戻る"",""numbers"":[{""raw"":""372点"",""value"":372,""unit"":""点"",""kind"":""number""},{""raw"":""336票"",""value"":336,""unit"":""票"",""kind"":""number""},{""raw"":""19票"",""value"":19,""unit"":""票"",""kind"":""number""},{""raw"":""34件"",""value"":34,""unit"":""件"",""kind"":""number""}]}]",20081,2d55ae870663fb037cf9bf8918ca56bda75de47a1e5d605faf39395cdb43925e
15,detail,music,1315,https://toho-vote.info/result15/music/1315.php,投票結果：心揺さぶる都市伝説 - 第15回 東方Project 人気投票,"[{""kind"":""title"",""text"":""投票結果：心揺さぶる都市伝説 - 第15回 東方Project 人気投票"",""numbers"":[]},{""kind"":""item_heading"",""text"":""心揺さぶる都市伝説（383位）"",""numbers"":[{""raw"":""383位"",""value"":383,""unit"":""位"",""kind"":""number""}]},{""kind"":""item_statistics"",""text"":""ポイント：20点 ｜ 得票数：19票 ｜ 一押し数：1票 ｜ コメント数：2件 リストへ戻る"",""numbers"":[{""raw"":""20点"",""value"":20,""unit"":""点"",""kind"":""number""},{""raw"":""19票"",""value"":19,""unit"":""票"",""kind"":""number""},{""raw"":""1票"",""value"":1,""unit"":""票"",""kind"":""number""},{""raw"":""2件"",""value"":2,""unit"":""件"",""kind"":""number""}]}]",16185,1fe9e7f30f571fafecd2951f06360467c8b2a3adc77050f6de2832390f25e7e3
15,detail,music,1316,https://toho-vote.info/result15/music/1316.php,投票結果：幻想郷ふしぎ発見 - 第15回 東方Project 人気投票,"[{""kind"":""title"",""text"":""投票結果：幻想郷ふしぎ発見 - 第15回 東方Project 人気投票"",""numbers"":[]},{""kind"":""item_heading"",""text"":""幻想郷ふしぎ発見（452位）"",""numbers"":[{""raw"":""452位"",""value"":452,""unit"":""位"",""kind"":""number""}]},{""kind"":""item_statistics"",""text"":""ポイント：7点 ｜ 得票数：7票 ｜ 一押し数：0票 ｜ コメント数：1件 リストへ戻る"",""numbers"":[{""raw"":""7点"",""value"":7,""unit"":""点"",""kind"":""number""},{""raw"":""7票"",""value"":7,""unit"":""票"",""kind"":""number""},{""raw"":""0票"",""value"":0,""unit"":""票"",""kind"":""number""},{""raw"":""1件"",""value"":1,""unit"":""件"",""kind"":""number""}]}]",16008,a41aa9a49c0f00b35d1ab1a0c616c0274daeb0ea2943149d4df1dda1d366d48e
15,detail,music,1317,https://toho-vote.info/result15/music/1317.php,投票結果：ボールのある日常 - 第15回 東方Project 人気投票,"[{""kind"":""title"",""text"":""投票結果：ボールのある日常 - 第15回 東方Project 人気投票"",""numbers"":[]},{""kind"":""item_heading"",""text"":""ボールのある日常（519位）"",""numbers"":[{""raw"":""519位"",""value"":519,""unit"":""位"",""kind"":""number""}]},{""kind"":""item_statistics"",""text"":""ポイント：1点 ｜ 得票数：1票 ｜ 一押し数：0票 ｜ コメント数：0件 リストへ戻る"",""numbers"":[{""raw"":""1点"",""value"":1,""unit"":""点"",""kind"":""number""},{""raw"":""1票"",""value"":1,""unit"":""票"",""kind"":""number""},{""raw"":""0票"",""value"":0,""unit"":""票"",""kind"":""number""},{""raw"":""0件"",""value"":0,""unit"":""件"",""kind"":""number""}]}]",16017,cb4026edb0005b782a4ecf62970dec8df3d3014c2a2726a51647d3d5cccc26e1
15,detail,music,1318,https://toho-vote.info/result15/music/1318.php,投票結果：顕現した伝承の形 - 第15回 東方Project 人気投票,"[{""kind"":""title"",""text"":""投票結果：顕現した伝承の形 - 第15回 東方Project 人気投票"",""numbers"":[]},{""kind"":""item_heading"",""text"":""顕現した伝承の形（472位）"",""numbers"":[{""raw"":""472位"",""value"":472,""unit"":""位"",""kind"":""number""}]},{""kind"":""item_statistics"",""text"":""ポイント：5点 ｜ 得票数：4票 ｜ 一押し数：1票 ｜ コメント数：1件 リストへ戻る"",""numbers"":[{""raw"":""5点"",""value"":5,""unit"":""点"",""kind"":""number""},{""raw"":""4票"",""value"":4,""unit"":""票"",""kind"":""number""},{""raw"":""1票"",""value"":1,""unit"":""票"",""kind"":""number""},{""raw"":""1件"",""value"":1,""unit"":""件"",""kind"":""number""}]}]",16108,68ac687020f67583e687891f502ba885d27594ee610eb0f2bdf163d555180e3c
15,detail,music,1319,https://toho-vote.info/result15/music/1319.php,投票結果：時代の風の訪れ - 第15回 東方Project 人気投票,"[{""kind"":""title"",""text"":""投票結果：時代の風の訪れ - 第15回 東方Project 人気投票"",""numbers"":[]},{""kind"":""item_heading"",""text"":""時代の風の訪れ（505位）"",""numbers"":[{""raw"":""505位"",""value"":505,""unit"":""位"",""kind"":""number""}]},{""kind"":""item_statistics"",""text"":""ポイント：2点 ｜ 得票数：2票 ｜ 一押し数：0票 ｜ コメント数：0件 リストへ戻る"",""numbers"":[{""raw"":""2点"",""value"":2,""unit"":""点"",""kind"":""number""},{""raw"":""2票"",""value"":2,""unit"":""票"",""kind"":""number""},{""raw"":""0票"",""value"":0,""unit"":""票"",""kind"":""number""},{""raw"":""0件"",""value"":0,""unit"":""件"",""kind"":""number""}]}]",15944,de7544bed2231d2433b8b52b5fd217d3efb691e11ec976a4a6283ec4e4cf9d29
15,detail,music,1320,https://toho-vote.info/result15/music/1320.php,投票結果：価値がわからない - 第15回 東方Project 人気投票,"[{""kind"":""title"",""text"":""投票結果：価値がわからない - 第15回 東方Project 人気投票"",""numbers"":[]},{""kind"":""item_heading"",""text"":""価値がわからない（442位）"",""numbers"":[{""raw"":""442位"",""value"":442,""unit"":""位"",""kind"":""number""}]},{""kind"":""item_statistics"",""text"":""ポイント：8点 ｜ 得票数：6票 ｜ 一押し数：2票 ｜ コメント数：0件 リストへ戻る"",""numbers"":[{""raw"":""8点"",""value"":8,""unit"":""点"",""kind"":""number""},{""raw"":""6票"",""value"":6,""unit"":""票"",""kind"":""number""},{""raw"":""2票"",""value"":2,""unit"":""票"",""kind"":""number""},{""raw"":""0件"",""value"":0,""unit"":""件"",""kind"":""number""}]}]",16052,28807e415463e4d629fd0837ac34ea84dba389c0502041ce78478c198792141b
15,detail,music,1321,https://toho-vote.info/result15/music/1321.php,投票結果：可能性を信じて - 第15回 東方Project 人気投票,"[{""kind"":""title"",""text"":""投票結果：可能性を信じて - 第15回 東方Project 人気投票"",""numbers"":[]},{""kind"":""item_heading"",""text"":""可能性を信じて（505位）"",""numbers"":[{""raw"":""505位"",""value"":505,""unit"":""位"",""kind"":""number""}]},{""kind"":""item_statistics"",""text"":""ポイント：2点 ｜ 得票数：2票 ｜ 一押し数：0票 ｜ コメント数：1件 リストへ戻る"",""numbers"":[{""raw"":""2点"",""value"":2,""unit"":""点"",""kind"":""number""},{""raw"":""2票"",""value"":2,""unit"":""票"",""kind"":""number""},{""raw"":""0票"",""value"":0,""unit"":""票"",""kind"":""number""},{""raw"":""1件"",""value"":1,""unit"":""件"",""kind"":""number""}]}]",16126,6aa5c9d6b41947976e7e58465523f6f73d7b806108b98ad4764284c58ae4b506
15,detail,music,1322,https://toho-vote.info/result15/music/1322.php,投票結果：真実を知る者 - 第15回 東方Project 人気投票,"[{""kind"":""title"",""text"":""投票結果：真実を知る者 - 第15回 東方Project 人気投票"",""numbers"":[]},{""kind"":""item_heading"",""text"":""真実を知る者（519位）"",""numbers"":[{""raw"":""519位"",""value"":519,""unit"":""位"",""kind"":""number""}]},{""kind"":""item_statistics"",""text"":""ポイント：1点 ｜ 得票数：1票 ｜ 一押し数：0票 ｜ コメント数：0件 リストへ戻る"",""numbers"":[{""raw"":""1点"",""value"":1,""unit"":""点"",""kind"":""number""},{""raw"":""1票"",""value"":1,""unit"":""票"",""kind"":""number""},{""raw"":""0票"",""value"":0,""unit"":""票"",""kind"":""number""},{""raw"":""0件"",""value"":0,""unit"":""件"",""kind"":""number""}]}]",16011,3fd6d50b5bf5306e8429d7e579cc060cbda6952ca96618a0f751d6d9082479d0
15,detail,music,1323,https://toho-vote.info/result15/music/1323.php,投票結果：外界フォークロア - 第15回 東方Project 人気投票,"[{""kind"":""title"",""text"":""投票結果：外界フォークロア - 第15回 東方Project 人気投票"",""numbers"":[]},{""kind"":""item_heading"",""text"":""外界フォークロア（306位）"",""numbers"":[{""raw"":""306位"",""value"":306,""unit"":""位"",""kind"":""number""}]},{""kind"":""item_statistics"",""text"":""ポイント：49点 ｜ 得票数：26票 ｜ 一押し数：1票 ｜ コメント数：5件 リストへ戻る"",""numbers"":[{""raw"":""49点"",""value"":49,""unit"":""点"",""kind"":""number""},{""raw"":""26票"",""value"":26,""unit"":""票"",""kind"":""number""},{""raw"":""1票"",""value"":1,""unit"":""票"",""kind"":""number""},{""raw"":""5件"",""value"":5,""unit"":""件"",""kind"":""number""}]}]",17469,916ba26c6e28d6f236938d252f5853b76022cdce09149882273bdd2e014eb2f2
15,detail,music,1324,https://toho-vote.info/result15/music/1324.php,投票結果：各々の結末 - 第15回 東方Project 人気投票,"[{""kind"":""title"",""text"":""投票結果：各々の結末 - 第15回 東方Project 人気投票"",""numbers"":[]},{""kind"":""item_heading"",""text"":""各々の結末（489位）"",""numbers"":[{""raw"":""489位"",""value"":489,""unit"":""位"",""kind"":""number""}]},{""kind"":""item_statistics"",""text"":""ポイント：3点 ｜ 得票数：2票 ｜ 一押し数：1票 ｜ コメント数：0件 リストへ戻る"",""numbers"":[{""raw"":""3点"",""value"":3,""unit"":""点"",""kind"":""number""},{""raw"":""2票"",""value"":2,""unit"":""票"",""kind"":""number""},{""raw"":""1票"",""value"":1,""unit"":""票"",""kind"":""number""},{""raw"":""0件"",""value"":0,""unit"":""件"",""kind"":""number""}]}]",15997,e81d11ba5348fed93c672c318f3184b9a33ea3c40b79a19a7e01fb4fe95fffe6
15,detail,music,1325,https://toho-vote.info/result15/music/1325.php,投票結果：明かされる深秘 - 第15回 東方Project 人気投票,"[{""kind"":""title"",""text"":""投票結果：明かされる深秘 - 第15回 東方Project 人気投票"",""numbers"":[]},{""kind"":""item_heading"",""text"":""明かされる深秘（414位）"",""numbers"":[{""raw"":""414位"",""value"":414,""unit"":""位"",""kind"":""number""}]},{""kind"":""item_statistics"",""text"":""ポイント：13点 ｜ 得票数：12票 ｜ 一押し数：1票 ｜ コメント数：3件 リストへ戻る"",""numbers"":[{""raw"":""13点"",""value"":13,""unit"":""点"",""kind"":""number""},{""raw"":""12票"",""value"":12,""unit"":""票"",""kind"":""number""},{""raw"":""1票"",""value"":1,""unit"":""票"",""kind"":""number""},{""raw"":""3件"",""value"":3,""unit"":""件"",""kind"":""number""}]}]",16290,db78d5ff80234ea67f768426b7989165d27a5fe49ca88615ca4493e82948e4c2
15,detail,music,1326,https://toho-vote.info/result15/music/1326.php,投票結果：オカルトアラカルト - 第15回 東方Project 人気投票,"[{""kind"":""title"",""text"":""投票結果：オカルトアラカルト - 第15回 東方Project 人気投票"",""numbers"":[]},{""kind"":""item_heading"",""text"":""オカルトアラカルト（318位）"",""numbers"":[{""raw"":""318位"",""value"":318,""unit"":""位"",""kind"":""number""}]},{""kind"":""item_statistics"",""text"":""ポイント：42点 ｜ 得票数：29票 ｜ 一押し数：1票 ｜ コメント数：4件 リストへ戻る"",""numbers"":[{""raw"":""42点"",""value"":42,""unit"":""点"",""kind"":""number""},{""raw"":""29票"",""value"":29,""unit"":""票"",""kind"":""number""},{""raw"":""1票"",""value"":1,""unit"":""票"",""kind"":""number""},{""raw"":""4件"",""value"":4,""unit"":""件"",""kind"":""number""}]}]",17335,d741768cce45d2b9cbf534c98f23640bbb7a2fdd5d91b970269d17c5450bda24
15,detail,music,1327,https://toho-vote.info/result15/music/1327.php,投票結果：七玉蒐集ショウダウン - 第15回 東方Project 人気投票,"[{""kind"":""title"",""text"":""投票結果：七玉蒐集ショウダウン - 第15回 東方Project 人気投票"",""numbers"":[]},{""kind"":""item_heading"",""text"":""七玉蒐集ショウダウン（431位）"",""numbers"":[{""raw"":""431位"",""value"":431,""unit"":""位"",""kind"":""number""}]},{""kind"":""item_statistics"",""text"":""ポイント：10点 ｜ 得票数：9票 ｜ 一押し数：1票 ｜ コメント数：2件 リストへ戻る"",""numbers"":[{""raw"":""10点"",""value"":10,""unit"":""点"",""kind"":""number""},{""raw"":""9票"",""value"":9,""unit"":""票"",""kind"":""number""},{""raw"":""1票"",""value"":1,""unit"":""票"",""kind"":""number""},{""raw"":""2件"",""value"":2,""unit"":""件"",""kind"":""number""}]}]",16345,6e4b3576ee0372c97a67243d92c551e87cb7061c719b46bee52fbb1abb917b6f
15,detail,music,1328,https://toho-vote.info/result15/music/1328.php,投票結果：公正なる奪い合い - 第15回 東方Project 人気投票,"[{""kind"":""title"",""text"":""投票結果：公正なる奪い合い - 第15回 東方Project 人気投票"",""numbers"":[]},{""kind"":""item_heading"",""text"":""公正なる奪い合い（442位）"",""numbers"":[{""raw"":""442位"",""value"":442,""unit"":""位"",""kind"":""number""}]},{""kind"":""item_statistics"",""text"":""ポイント：8点 ｜ 得票数：8票 ｜ 一押し数：0票 ｜ コメント数：0件 リストへ戻る"",""numbers"":[{""raw"":""8点"",""value"":8,""unit"":""点"",""kind"":""number""},{""raw"":""8票"",""value"":8,""unit"":""票"",""kind"":""number""},{""raw"":""0票"",""value"":0,""unit"":""票"",""kind"":""number""},{""raw"":""0件"",""value"":0,""unit"":""件"",""kind"":""number""}]}]",15841,0da5b37c34f11b8c8eba90a56eb4b3b4ac2953cd90a4297c6a11d727308e9d1f
15,detail,music,1329,https://toho-vote.info/result15/music/1329.php,投票結果：対蹠地の鐘 - 第15回 東方Project 人気投票,"[{""kind"":""title"",""text"":""投票結果：対蹠地の鐘 - 第15回 東方Project 人気投票"",""numbers"":[]},{""kind"":""item_heading"",""text"":""対蹠地の鐘（350位）"",""numbers"":[{""raw"":""350位"",""value"":350,""unit"":""位"",""kind"":""number""}]},{""kind"":""item_statistics"",""text"":""ポイント：32点 ｜ 得票数：18票 ｜ 一押し数：1票 ｜ コメント数：4件 リストへ戻る"",""numbers"":[{""raw"":""32点"",""value"":32,""unit"":""点"",""kind"":""number""},{""raw"":""18票"",""value"":18,""unit"":""票"",""kind"":""number""},{""raw"":""1票"",""value"":1,""unit"":""票"",""kind"":""number""},{""raw"":""4件"",""value"":4,""unit"":""件"",""kind"":""number""}]}]",17360,44c8ad71741f014fd9c7954ae31a76a439e8b4ff596c45bb86a57289a4861b1a
15,detail,music,1330,https://toho-vote.info/result15/music/1330.php,投票結果：竹林インフレイム - 第15回 東方Project 人気投票,"[{""kind"":""title"",""text"":""投票結果：竹林インフレイム - 第15回 東方Project 人気投票"",""numbers"":[]},{""kind"":""item_heading"",""text"":""竹林インフレイム（232位）"",""numbers"":[{""raw"":""232位"",""value"":232,""unit"":""位"",""kind"":""number""}]},{""kind"":""item_statistics"",""text"":""ポイント：113点 ｜ 得票数：105票 ｜ 一押し数：8票 ｜ コメント数：10件 リストへ戻る"",""numbers"":[{""raw"":""113点"",""value"":113,""unit"":""点"",""kind"":""number""},{""raw"":""105票"",""value"":105,""unit"":""票"",""kind"":""number""},{""raw"":""8票"",""value"":8,""unit"":""票"",""kind"":""number""},{""raw"":""10件"",""value"":10,""unit"":""件"",""kind"":""number""}]}]",17841,533a2f032479a57c6add7fac5c494b924ecf7cfc9938b8b591a17ce447392df1
15,detail,music,1331,https://toho-vote.info/result15/music/1331.php,投票結果：華狭間のバトルフィールド - 第15回 東方Project 人気投票,"[{""kind"":""title"",""text"":""投票結果：華狭間のバトルフィールド - 第15回 東方Project 人気投票"",""numbers"":[]},{""kind"":""item_heading"",""text"":""華狭間のバトルフィールド（172位）"",""numbers"":[{""raw"":""172位"",""value"":172,""unit"":""位"",""kind"":""number""}]},{""kind"":""item_statistics"",""text"":""ポイント：224点 ｜ 得票数：163票 ｜ 一押し数：16票 ｜ コメント数：29件 リストへ戻る"",""numbers"":[{""raw"":""224点"",""value"":224,""unit"":""点"",""kind"":""number""},{""raw"":""163票"",""value"":163,""unit"":""票"",""kind"":""number""},{""raw"":""16票"",""value"":16,""unit"":""票"",""kind"":""number""},{""raw"":""29件"",""value"":29,""unit"":""件"",""kind"":""number""}]}]",20086,28d2c654ee39b885ff057443a8e459ef3f21466e1073568f98e6e015dce82b10
15,detail,music,1332,https://toho-vote.info/result15/music/1332.php,投票結果：ラストオカルティズム ～ 現し世の秘術師 - 第15回 東方Project 人気投票,"[{""kind"":""title"",""text"":""投票結果：ラストオカルティズム ～ 現し世の秘術師 - 第15回 東方Project 人気投票"",""numbers"":[]},{""kind"":""item_heading"",""text"":""ラストオカルティズム ～ 現し世の秘術師（69位）"",""numbers"":[{""raw"":""69位"",""value"":69,""unit"":""位"",""kind"":""number""}]},{""kind"":""item_statistics"",""text"":""ポイント：755点 ｜ 得票数：610票 ｜ 一押し数：48票 ｜ コメント数：78件 リストへ戻る"",""numbers"":[{""raw"":""755点"",""value"":755,""unit"":""点"",""kind"":""number""},{""raw"":""610票"",""value"":610,""unit"":""票"",""kind"":""number""},{""raw"":""48票"",""value"":48,""unit"":""票"",""kind"":""number""},{""raw"":""78件"",""value"":78,""unit"":""件"",""kind"":""number""}]}]",26159,0743eb9bdc59ffeea40a36614d2207d5befc819d36a368d011bfbb7e9ed92523
15,detail,music,1333,https://toho-vote.info/result15/music/1333.php,投票結果：宇宙巫女現る - 第15回 東方Project 人気投票,"[{""kind"":""title"",""text"":""投票結果：宇宙巫女現る - 第15回 東方Project 人気投票"",""numbers"":[]},{""kind"":""item_heading"",""text"":""宇宙巫女現る（309位）"",""numbers"":[{""raw"":""309位"",""value"":309,""unit"":""位"",""kind"":""number""}]},{""kind"":""item_statistics"",""text"":""ポイント：47点 ｜ 得票数：47票 ｜ 一押し数：0票 ｜ コメント数：7件 リストへ戻る"",""numbers"":[{""raw"":""47点"",""value"":47,""unit"":""点"",""kind"":""number""},{""raw"":""47票"",""value"":47,""unit"":""票"",""kind"":""number""},{""raw"":""0票"",""value"":0,""unit"":""票"",""kind"":""number""},{""raw"":""7件"",""value"":7,""unit"":""件"",""kind"":""number""}]}]",16969,21cc30f7fd21672c311a6f3d9eaef64065da0d9bc04ce773d802077a3771c490
15,detail,music,1334,https://toho-vote.info/result15/music/1334.php,投票結果：忘れがたき、よすがの緑 - 第15回 東方Project 人気投票,"[{""kind"":""title"",""text"":""投票結果：忘れがたき、よすがの緑 - 第15回 東方Project 人気投票"",""numbers"":[]},{""kind"":""item_heading"",""text"":""忘れがたき、よすがの緑（193位）"",""numbers"":[{""raw"":""193位"",""value"":193,""unit"":""位"",""kind"":""number""}]},{""kind"":""item_statistics"",""text"":""ポイント：166点 ｜ 得票数：160票 ｜ 一押し数：6票 ｜ コメント数：26件 リストへ戻る"",""numbers"":[{""raw"":""166点"",""value"":166,""unit"":""点"",""kind"":""number""},{""raw"":""160票"",""value"":160,""unit"":""票"",""kind"":""number""},{""raw"":""6票"",""value"":6,""unit"":""票"",""kind"":""number""},{""raw"":""26件"",""value"":26,""unit"":""件"",""kind"":""number""}]}]",18568,c57c7b04fd05a9ce50e4625a4509d45e6a00e73229cb613be6a9dbb28ff5a46f
15,detail,music,1335,https://toho-vote.info/result15/music/1335.php,投票結果：兎は舞い降りた - 第15回 東方Project 人気投票,"[{""kind"":""title"",""text"":""投票結果：兎は舞い降りた - 第15回 東方Project 人気投票"",""numbers"":[]},{""kind"":""item_heading"",""text"":""兎は舞い降りた（114位）"",""numbers"":[{""raw"":""114位"",""value"":114,""unit"":""位"",""kind"":""number""}]},{""kind"":""item_statistics"",""text"":""ポイント：396点 ｜ 得票数：327票 ｜ 一押し数：26票 ｜ コメント数：47件 リストへ戻る"",""numbers"":[{""raw"":""396点"",""value"":396,""unit"":""点"",""kind"":""number""},{""raw"":""327票"",""value"":327,""unit"":""票"",""kind"":""number""},{""raw"":""26票"",""value"":26,""unit"":""票"",""kind"":""number""},{""raw"":""47件"",""value"":47,""unit"":""件"",""kind"":""number""}]}]",22040,497dd81df602824f02336d3d2cc679755d6bc865f7906dfcbecc09fdbbe23f36
15,detail,music,1336,https://toho-vote.info/result15/music/1336.php,投票結果：湖は浄めの月光を映して - 第15回 東方Project 人気投票,"[{""kind"":""title"",""text"":""投票結果：湖は浄めの月光を映して - 第15回 東方Project 人気投票"",""numbers"":[]},{""kind"":""item_heading"",""text"":""湖は浄めの月光を映して（278位）"",""numbers"":[{""raw"":""278位"",""value"":278,""unit"":""位"",""kind"":""number""}]},{""kind"":""item_statistics"",""text"":""ポイント：60点 ｜ 得票数：59票 ｜ 一押し数：1票 ｜ コメント数：13件 リストへ戻る"",""numbers"":[{""raw"":""60点"",""value"":60,""unit"":""点"",""kind"":""number""},{""raw"":""59票"",""value"":59,""unit"":""票"",""kind"":""number""},{""raw"":""1票"",""value"":1,""unit"":""票"",""kind"":""number""},{""raw"":""13件"",""value"":13,""unit"":""件"",""kind"":""number""}]}]",17387,384295d22bfdc32e06d239e05f3cd47d6b69b37127c7dd251220f40f09df20d4
15,detail,music,1337,https://toho-vote.info/result15/music/1337.php,投票結果：九月のパンプキン - 第15回 東方Project 人気投票,"[{""kind"":""title"",""text"":""投票結果：九月のパンプキン - 第15回 東方Project 人気投票"",""numbers"":[]},{""kind"":""item_heading"",""text"":""九月のパンプキン（137位）"",""numbers"":[{""raw"":""137位"",""value"":137,""unit"":""位"",""kind"":""number""}]},{""kind"":""item_statistics"",""text"":""ポイント：331点 ｜ 得票数：291票 ｜ 一押し数：12票 ｜ コメント数：34件 リストへ戻る"",""numbers"":[{""raw"":""331点"",""value"":331,""unit"":""点"",""kind"":""number""},{""raw"":""291票"",""value"":291,""unit"":""票"",""kind"":""number""},{""raw"":""12票"",""value"":12,""unit"":""票"",""kind"":""number""},{""raw"":""34件"",""value"":34,""unit"":""件"",""kind"":""number""}]}]",20821,992b38758660cfb14ac40f63504c85058984cd48469b10d8772c9b0fef22d2e1
15,detail,music,1338,https://toho-vote.info/result15/music/1338.php,投票結果：宇宙を飛ぶ不思議な巫女 - 第15回 東方Project 人気投票,"[{""kind"":""title"",""text"":""投票結果：宇宙を飛ぶ不思議な巫女 - 第15回 東方Project 人気投票"",""numbers"":[]},{""kind"":""item_heading"",""text"":""宇宙を飛ぶ不思議な巫女（220位）"",""numbers"":[{""raw"":""220位"",""value"":220,""unit"":""位"",""kind"":""number""}]},{""kind"":""item_statistics"",""text"":""ポイント：124点 ｜ 得票数：114票 ｜ 一押し数：10票 ｜ コメント数：17件 リストへ戻る"",""numbers"":[{""raw"":""124点"",""value"":124,""unit"":""点"",""kind"":""number""},{""raw"":""114票"",""value"":114,""unit"":""票"",""kind"":""number""},{""raw"":""10票"",""value"":10,""unit"":""票"",""kind"":""number""},{""raw"":""17件"",""value"":17,""unit"":""件"",""kind"":""number""}]}]",18764,d5c0147bb59ad9a25d25ee931e407e884cf10ee716ba3110c832294962e2191e
15,detail,music,1339,https://toho-vote.info/result15/music/1339.php,投票結果：永遠の春夢 - 第15回 東方Project 人気投票,"[{""kind"":""title"",""text"":""投票結果：永遠の春夢 - 第15回 東方Project 人気投票"",""numbers"":[]},{""kind"":""item_heading"",""text"":""永遠の春夢（59位）"",""numbers"":[{""raw"":""59位"",""value"":59,""unit"":""位"",""kind"":""number""}]},{""kind"":""item_statistics"",""text"":""ポイント：869点 ｜ 得票数：729票 ｜ 一押し数：72票 ｜ コメント数：102件 リストへ戻る"",""numbers"":[{""raw"":""869点"",""value"":869,""unit"":""点"",""kind"":""number""},{""raw"":""729票"",""value"":729,""unit"":""票"",""kind"":""number""},{""raw"":""72票"",""value"":72,""unit"":""票"",""kind"":""number""},{""raw"":""102件"",""value"":102,""unit"":""件"",""kind"":""number""}]}]",25915,931422e68cbaa5a67d19bd9396c2842c475526b9097ababd93737c14e80d23db
15,detail,music,1340,https://toho-vote.info/result15/music/1340.php,投票結果：凍り付いた永遠の都 - 第15回 東方Project 人気投票,"[{""kind"":""title"",""text"":""投票結果：凍り付いた永遠の都 - 第15回 東方Project 人気投票"",""numbers"":[]},{""kind"":""item_heading"",""text"":""凍り付いた永遠の都（119位）"",""numbers"":[{""raw"":""119位"",""value"":119,""unit"":""位"",""kind"":""number""}]},{""kind"":""item_statistics"",""text"":""ポイント：380点 ｜ 得票数：324票 ｜ 一押し数：24票 ｜ コメント数：46件 リストへ戻る"",""numbers"":[{""raw"":""380点"",""value"":380,""unit"":""点"",""kind"":""number""},{""raw"":""324票"",""value"":324,""unit"":""票"",""kind"":""number""},{""raw"":""24票"",""value"":24,""unit"":""票"",""kind"":""number""},{""raw"":""46件"",""value"":46,""unit"":""件"",""kind"":""number""}]}]",22042,b938b30d20885ba3535ce164c1c2b9c1674905efefc35eaac077c7b8f1036e84
15,detail,music,1341,https://toho-vote.info/result15/music/1341.php,投票結果：逆転するホイールオブフォーチュン - 第15回 東方Project 人気投票,"[{""kind"":""title"",""text"":""投票結果：逆転するホイールオブフォーチュン - 第15回 東方Project 人気投票"",""numbers"":[]},{""kind"":""item_heading"",""text"":""逆転するホイールオブフォーチュン（132位）"",""numbers"":[{""raw"":""132位"",""value"":132,""unit"":""位"",""kind"":""number""}]},{""kind"":""item_statistics"",""text"":""ポイント：346点 ｜ 得票数：322票 ｜ 一押し数：24票 ｜ コメント数：25件 リストへ戻る"",""numbers"":[{""raw"":""346点"",""value"":346,""unit"":""点"",""kind"":""number""},{""raw"":""322票"",""value"":322,""unit"":""票"",""kind"":""number""},{""raw"":""24票"",""value"":24,""unit"":""票"",""kind"":""number""},{""raw"":""25件"",""value"":25,""unit"":""件"",""kind"":""number""}]}]",18482,6c89bfda31059b0aa2f5217bf53cf5392e40782fedbc85c06f2b0402ea0a3b54
15,detail,music,1342,https://toho-vote.info/result15/music/1342.php,投票結果：遥か38万キロのボヤージュ - 第15回 東方Project 人気投票,"[{""kind"":""title"",""text"":""投票結果：遥か38万キロのボヤージュ - 第15回 東方Project 人気投票"",""numbers"":[]},{""kind"":""item_heading"",""text"":""遥か38万キロのボヤージュ（91位）"",""numbers"":[{""raw"":""91位"",""value"":91,""unit"":""位"",""kind"":""number""}]},{""kind"":""item_statistics"",""text"":""ポイント：569点 ｜ 得票数：532票 ｜ 一押し数：37票 ｜ コメント数：66件 リストへ戻る"",""numbers"":[{""raw"":""569点"",""value"":569,""unit"":""点"",""kind"":""number""},{""raw"":""532票"",""value"":532,""unit"":""票"",""kind"":""number""},{""raw"":""37票"",""value"":37,""unit"":""票"",""kind"":""number""},{""raw"":""66件"",""value"":66,""unit"":""件"",""kind"":""number""}]}]",23392,455977205275d1296c8770a837329f86a6eeacd26b90385748c1aa4f88eeff0d
15,detail,music,1343,https://toho-vote.info/result15/music/1343.php,投票結果：星条旗のピエロ - 第15回 東方Project 人気投票,"[{""kind"":""title"",""text"":""投票結果：星条旗のピエロ - 第15回 東方Project 人気投票"",""numbers"":[]},{""kind"":""item_heading"",""text"":""星条旗のピエロ（39位）"",""numbers"":[{""raw"":""39位"",""value"":39,""unit"":""位"",""kind"":""number""}]},{""kind"":""item_statistics"",""text"":""ポイント：1147点 ｜ 得票数：1104票 ｜ 一押し数：43票 ｜ コメント数：103件 リストへ戻る"",""numbers"":[{""raw"":""1147点"",""value"":1147,""unit"":""点"",""kind"":""number""},{""raw"":""1104票"",""value"":1104,""unit"":""票"",""kind"":""number""},{""raw"":""43票"",""value"":43,""unit"":""票"",""kind"":""number""},{""raw"":""103件"",""value"":103,""unit"":""件"",""kind"":""number""}]}]",25312,646addd124d02f2adb11c7c6f2fec8a3582bbf626dda7b7f6ce00fbe9ac85c5c
15,detail,music,1344,https://toho-vote.info/result15/music/1344.php,投票結果：故郷の星が映る海 - 第15回 東方Project 人気投票,"[{""kind"":""title"",""text"":""投票結果：故郷の星が映る海 - 第15回 東方Project 人気投票"",""numbers"":[]},{""kind"":""item_heading"",""text"":""故郷の星が映る海（70位）"",""numbers"":[{""raw"":""70位"",""value"":70,""unit"":""位"",""kind"":""number""}]},{""kind"":""item_statistics"",""text"":""ポイント：747点 ｜ 得票数：662票 ｜ 一押し数：40票 ｜ コメント数：107件 リストへ戻る"",""numbers"":[{""raw"":""747点"",""value"":747,""unit"":""点"",""kind"":""number""},{""raw"":""662票"",""value"":662,""unit"":""票"",""kind"":""number""},{""raw"":""40票"",""value"":40,""unit"":""票"",""kind"":""number""},{""raw"":""107件"",""value"":107,""unit"":""件"",""kind"":""number""}]}]",30406,dee53b05ffb92e755565ff93dd51758aba83f892a96aa4e809f887a788f39275
15,detail,music,1345,https://toho-vote.info/result15/music/1345.php,投票結果：ピュアヒューリーズ ～ 心の在処 - 第15回 東方Project 人気投票,"[{""kind"":""title"",""text"":""投票結果：ピュアヒューリーズ ～ 心の在処 - 第15回 東方Project 人気投票"",""numbers"":[]},{""kind"":""item_heading"",""text"":""ピュアヒューリーズ ～ 心の在処（3位）"",""numbers"":[{""raw"":""3位"",""value"":3,""unit"":""位"",""kind"":""number""}]},{""kind"":""item_statistics"",""text"":""ポイント：4232点 ｜ 得票数：3268票 ｜ 一押し数：796票 ｜ コメント数：466件 リストへ戻る"",""numbers"":[{""raw"":""4232点"",""value"":4232,""unit"":""点"",""kind"":""number""},{""raw"":""3268票"",""value"":3268,""unit"":""票"",""kind"":""number""},{""raw"":""796票"",""value"":796,""unit"":""票"",""kind"":""number""},{""raw"":""466件"",""value"":466,""unit"":""件"",""kind"":""number""}]}]",63293,d573e18f55d1d75e54a338ff58060cae3e372bd81b223e4d7b1f817ead9d425b
15,detail,music,1346,https://toho-vote.info/result15/music/1346.php,投票結果：見た事も無い悪夢の世界 - 第15回 東方Project 人気投票,"[{""kind"":""title"",""text"":""投票結果：見た事も無い悪夢の世界 - 第15回 東方Project 人気投票"",""numbers"":[]},{""kind"":""item_heading"",""text"":""見た事も無い悪夢の世界（176位）"",""numbers"":[{""raw"":""176位"",""value"":176,""unit"":""位"",""kind"":""number""}]},{""kind"":""item_statistics"",""text"":""ポイント：214点 ｜ 得票数：201票 ｜ 一押し数：13票 ｜ コメント数：25件 リストへ戻る"",""numbers"":[{""raw"":""214点"",""value"":214,""unit"":""点"",""kind"":""number""},{""raw"":""201票"",""value"":201,""unit"":""票"",""kind"":""number""},{""raw"":""13票"",""value"":13,""unit"":""票"",""kind"":""number""},{""raw"":""25件"",""value"":25,""unit"":""件"",""kind"":""number""}]}]",19057,d1adc979afa8d8fb29992f861d6ae19da81abaf4fb60d3021a1a169839ec47e1
15,detail,music,1347,https://toho-vote.info/result15/music/1347.php,投票結果：パンデモニックプラネット - 第15回 東方Project 人気投票,"[{""kind"":""title"",""text"":""投票結果：パンデモニックプラネット - 第15回 東方Project 人気投票"",""numbers"":[]},{""kind"":""item_heading"",""text"":""パンデモニックプラネット（53位）"",""numbers"":[{""raw"":""53位"",""value"":53,""unit"":""位"",""kind"":""number""}]},{""kind"":""item_statistics"",""text"":""ポイント：937点 ｜ 得票数：823票 ｜ 一押し数：63票 ｜ コメント数：121件 リストへ戻る"",""numbers"":[{""raw"":""937点"",""value"":937,""unit"":""点"",""kind"":""number""},{""raw"":""823票"",""value"":823,""unit"":""票"",""kind"":""number""},{""raw"":""63票"",""value"":63,""unit"":""票"",""kind"":""number""},{""raw"":""121件"",""value"":121,""unit"":""件"",""kind"":""number""}]}]",27996,ca961a76aa46613de12d961773ce41b838f477d940398c34a9e6d9cd91c09679
15,detail,music,1348,https://toho-vote.info/result15/music/1348.php,投票結果：神社から見える月 - 第15回 東方Project 人気投票,"[{""kind"":""title"",""text"":""投票結果：神社から見える月 - 第15回 東方Project 人気投票"",""numbers"":[]},{""kind"":""item_heading"",""text"":""神社から見える月（431位）"",""numbers"":[{""raw"":""431位"",""value"":431,""unit"":""位"",""kind"":""number""}]},{""kind"":""item_statistics"",""text"":""ポイント：10点 ｜ 得票数：10票 ｜ 一押し数：0票 ｜ コメント数：1件 リストへ戻る"",""numbers"":[{""raw"":""10点"",""value"":10,""unit"":""点"",""kind"":""number""},{""raw"":""10票"",""value"":10,""unit"":""票"",""kind"":""number""},{""raw"":""0票"",""value"":0,""unit"":""票"",""kind"":""number""},{""raw"":""1件"",""value"":1,""unit"":""件"",""kind"":""number""}]}]",16059,acf0641eac2264d1e09ee9d8040ecd1579dc57ee8d2090b844652258e51d8100
15,detail,music,1349,https://toho-vote.info/result15/music/1349.php,投票結果：宇宙巫女帰還する - 第15回 東方Project 人気投票,"[{""kind"":""title"",""text"":""投票結果：宇宙巫女帰還する - 第15回 東方Project 人気投票"",""numbers"":[]},{""kind"":""item_heading"",""text"":""宇宙巫女帰還する（414位）"",""numbers"":[{""raw"":""414位"",""value"":414,""unit"":""位"",""kind"":""number""}]},{""kind"":""item_statistics"",""text"":""ポイント：13点 ｜ 得票数：13票 ｜ 一押し数：0票 ｜ コメント数：5件 リストへ戻る"",""numbers"":[{""raw"":""13点"",""value"":13,""unit"":""点"",""kind"":""number""},{""raw"":""13票"",""value"":13,""unit"":""票"",""kind"":""number""},{""raw"":""0票"",""value"":0,""unit"":""票"",""kind"":""number""},{""raw"":""5件"",""value"":5,""unit"":""件"",""kind"":""number""}]}]",16585,ff9ea97d3f55812326b2ae989ec015d31e8eccd0678732d9aa0454f5f0234d9e
15,detail,music,1359,https://toho-vote.info/result15/music/1359.php,投票結果：桜舞い散る天空 - 第15回 東方Project 人気投票,"[{""kind"":""title"",""text"":""投票結果：桜舞い散る天空 - 第15回 東方Project 人気投票"",""numbers"":[]},{""kind"":""item_heading"",""text"":""桜舞い散る天空（296位）"",""numbers"":[{""raw"":""296位"",""value"":296,""unit"":""位"",""kind"":""number""}]},{""kind"":""item_statistics"",""text"":""ポイント：52点 ｜ 得票数：51票 ｜ 一押し数：1票 ｜ コメント数：9件 リストへ戻る"",""numbers"":[{""raw"":""52点"",""value"":52,""unit"":""点"",""kind"":""number""},{""raw"":""51票"",""value"":51,""unit"":""票"",""kind"":""number""},{""raw"":""1票"",""value"":1,""unit"":""票"",""kind"":""number""},{""raw"":""9件"",""value"":9,""unit"":""件"",""kind"":""number""}]}]",16946,335191e9f278820d0e95f06cefe9b9b2f238fca7b81ff20cfccc6efc66518d85
15,detail,music,1360,https://toho-vote.info/result15/music/1360.php,投票結果：希望の星は青霄に昇る - 第15回 東方Project 人気投票,"[{""kind"":""title"",""text"":""投票結果：希望の星は青霄に昇る - 第15回 東方Project 人気投票"",""numbers"":[]},{""kind"":""item_heading"",""text"":""希望の星は青霄に昇る（133位）"",""numbers"":[{""raw"":""133位"",""value"":133,""unit"":""位"",""kind"":""number""}]},{""kind"":""item_statistics"",""text"":""ポイント：340点 ｜ 得票数：328票 ｜ 一押し数：12票 ｜ コメント数：48件 リストへ戻る"",""numbers"":[{""raw"":""340点"",""value"":340,""unit"":""点"",""kind"":""number""},{""raw"":""328票"",""value"":328,""unit"":""票"",""kind"":""number""},{""raw"":""12票"",""value"":12,""unit"":""票"",""kind"":""number""},{""raw"":""48件"",""value"":48,""unit"":""件"",""kind"":""number""}]}]",22234,316642e559ceea989bd40c623f1e815bb3a5ada16a462d028991d1251fc8f197
15,detail,music,1361,https://toho-vote.info/result15/music/1361.php,投票結果：真夏の妖精の夢 - 第15回 東方Project 人気投票,"[{""kind"":""title"",""text"":""投票結果：真夏の妖精の夢 - 第15回 東方Project 人気投票"",""numbers"":[]},{""kind"":""item_heading"",""text"":""真夏の妖精の夢（226位）"",""numbers"":[{""raw"":""226位"",""value"":226,""unit"":""位"",""kind"":""number""}]},{""kind"":""item_statistics"",""text"":""ポイント：116点 ｜ 得票数：110票 ｜ 一押し数：6票 ｜ コメント数：18件 リストへ戻る"",""numbers"":[{""raw"":""116点"",""value"":116,""unit"":""点"",""kind"":""number""},{""raw"":""110票"",""value"":110,""unit"":""票"",""kind"":""number""},{""raw"":""6票"",""value"":6,""unit"":""票"",""kind"":""number""},{""raw"":""18件"",""value"":18,""unit"":""件"",""kind"":""number""}]}]",18514,f71a7ceb846840ba79a535c8587bd2a17e9359bd2afcf22eccc8548b47012cc7
15,detail,music,1362,https://toho-vote.info/result15/music/1362.php,投票結果：色無き風は妖怪の山に - 第15回 東方Project 人気投票,"[{""kind"":""title"",""text"":""投票結果：色無き風は妖怪の山に - 第15回 東方Project 人気投票"",""numbers"":[]},{""kind"":""item_heading"",""text"":""色無き風は妖怪の山に（346位）"",""numbers"":[{""raw"":""346位"",""value"":346,""unit"":""位"",""kind"":""number""}]},{""kind"":""item_statistics"",""text"":""ポイント：34点 ｜ 得票数：33票 ｜ 一押し数：1票 ｜ コメント数：10件 リストへ戻る"",""numbers"":[{""raw"":""34点"",""value"":34,""unit"":""点"",""kind"":""number""},{""raw"":""33票"",""value"":33,""unit"":""票"",""kind"":""number""},{""raw"":""1票"",""value"":1,""unit"":""票"",""kind"":""number""},{""raw"":""10件"",""value"":10,""unit"":""件"",""kind"":""number""}]}]",17847,581ae86d803898cc952c6a07bfbba8bbdc4c1f437456e136e5bc3187f4a5c914
15,detail,music,1363,https://toho-vote.info/result15/music/1363.php,投票結果：山奥のエンカウンター - 第15回 東方Project 人気投票,"[{""kind"":""title"",""text"":""投票結果：山奥のエンカウンター - 第15回 東方Project 人気投票"",""numbers"":[]},{""kind"":""item_heading"",""text"":""山奥のエンカウンター（311位）"",""numbers"":[{""raw"":""311位"",""value"":311,""unit"":""位"",""kind"":""number""}]},{""kind"":""item_statistics"",""text"":""ポイント：46点 ｜ 得票数：46票 ｜ 一押し数：0票 ｜ コメント数：2件 リストへ戻る"",""numbers"":[{""raw"":""46点"",""value"":46,""unit"":""点"",""kind"":""number""},{""raw"":""46票"",""value"":46,""unit"":""票"",""kind"":""number""},{""raw"":""0票"",""value"":0,""unit"":""票"",""kind"":""number""},{""raw"":""2件"",""value"":2,""unit"":""件"",""kind"":""number""}]}]",16428,147226210ec6f7f8e016b5b431444f8cb46ce98c94b15cfaa530372214209ee4
15,detail,music,1364,https://toho-vote.info/result15/music/1364.php,投票結果：桜色の海を泳いで - 第15回 東方Project 人気投票,"[{""kind"":""title"",""text"":""投票結果：桜色の海を泳いで - 第15回 東方Project 人気投票"",""numbers"":[]},{""kind"":""item_heading"",""text"":""桜色の海を泳いで（216位）"",""numbers"":[{""raw"":""216位"",""value"":216,""unit"":""位"",""kind"":""number""}]},{""kind"":""item_statistics"",""text"":""ポイント：125点 ｜ 得票数：119票 ｜ 一押し数：6票 ｜ コメント数：24件 リストへ戻る"",""numbers"":[{""raw"":""125点"",""value"":125,""unit"":""点"",""kind"":""number""},{""raw"":""119票"",""value"":119,""unit"":""票"",""kind"":""number""},{""raw"":""6票"",""value"":6,""unit"":""票"",""kind"":""number""},{""raw"":""24件"",""value"":24,""unit"":""件"",""kind"":""number""}]}]",18917,897d0bb927540a38742355e202bfa4d836644573ba5652d9efeef25223b58761
15,detail,music,1365,https://toho-vote.info/result15/music/1365.php,投票結果：一対の神獣 - 第15回 東方Project 人気投票,"[{""kind"":""title"",""text"":""投票結果：一対の神獣 - 第15回 東方Project 人気投票"",""numbers"":[]},{""kind"":""item_heading"",""text"":""一対の神獣（183位）"",""numbers"":[{""raw"":""183位"",""value"":183,""unit"":""位"",""kind"":""number""}]},{""kind"":""item_statistics"",""text"":""ポイント：184点 ｜ 得票数：176票 ｜ 一押し数：8票 ｜ コメント数：19件 リストへ戻る"",""numbers"":[{""raw"":""184点"",""value"":184,""unit"":""点"",""kind"":""number""},{""raw"":""176票"",""value"":176,""unit"":""票"",""kind"":""number""},{""raw"":""8票"",""value"":8,""unit"":""票"",""kind"":""number""},{""raw"":""19件"",""value"":19,""unit"":""件"",""kind"":""number""}]}]",18534,e7af45d9fb6e2a279c5e75b957e6ae4a9d97143b66238aee5f475a2edb7638e3
15,detail,music,1366,https://toho-vote.info/result15/music/1366.php,投票結果：幻想のホワイトトラベラー - 第15回 東方Project 人気投票,"[{""kind"":""title"",""text"":""投票結果：幻想のホワイトトラベラー - 第15回 東方Project 人気投票"",""numbers"":[]},{""kind"":""item_heading"",""text"":""幻想のホワイトトラベラー（85位）"",""numbers"":[{""raw"":""85位"",""value"":85,""unit"":""位"",""kind"":""number""}]},{""kind"":""item_statistics"",""text"":""ポイント：623点 ｜ 得票数：573票 ｜ 一押し数：50票 ｜ コメント数：82件 リストへ戻る"",""numbers"":[{""raw"":""623点"",""value"":623,""unit"":""点"",""kind"":""number""},{""raw"":""573票"",""value"":573,""unit"":""票"",""kind"":""number""},{""raw"":""50票"",""value"":50,""unit"":""票"",""kind"":""number""},{""raw"":""82件"",""value"":82,""unit"":""件"",""kind"":""number""}]}]",25923,277c0c1c71f607ee2ab9bdcf6241a29549f124343fb66e85dd014b9bce667e2a
15,detail,music,1367,https://toho-vote.info/result15/music/1367.php,投票結果：魔法の笠地蔵 - 第15回 東方Project 人気投票,"[{""kind"":""title"",""text"":""投票結果：魔法の笠地蔵 - 第15回 東方Project 人気投票"",""numbers"":[]},{""kind"":""item_heading"",""text"":""魔法の笠地蔵（216位）"",""numbers"":[{""raw"":""216位"",""value"":216,""unit"":""位"",""kind"":""number""}]},{""kind"":""item_statistics"",""text"":""ポイント：125点 ｜ 得票数：120票 ｜ 一押し数：5票 ｜ コメント数：15件 リストへ戻る"",""numbers"":[{""raw"":""125点"",""value"":125,""unit"":""点"",""kind"":""number""},{""raw"":""120票"",""value"":120,""unit"":""票"",""kind"":""number""},{""raw"":""5票"",""value"":5,""unit"":""票"",""kind"":""number""},{""raw"":""15件"",""value"":15,""unit"":""件"",""kind"":""number""}]}]",17651,3656a79aa27a6934aed97547dc0851a8565fb3711940fb0d2917fd2427f08282
15,detail,music,1368,https://toho-vote.info/result15/music/1368.php,投票結果：禁断の扉の向こうは、この世かあの世か - 第15回 東方Project 人気投票,"[{""kind"":""title"",""text"":""投票結果：禁断の扉の向こうは、この世かあの世か - 第15回 東方Project 人気投票"",""numbers"":[]},{""kind"":""item_heading"",""text"":""禁断の扉の向こうは、この世かあの世か（238位）"",""numbers"":[{""raw"":""238位"",""value"":238,""unit"":""位"",""kind"":""number""}]},{""kind"":""item_statistics"",""text"":""ポイント：102点 ｜ 得票数：96票 ｜ 一押し数：6票 ｜ コメント数：12件 リストへ戻る"",""numbers"":[{""raw"":""102点"",""value"":102,""unit"":""点"",""kind"":""number""},{""raw"":""96票"",""value"":96,""unit"":""票"",""kind"":""number""},{""raw"":""6票"",""value"":6,""unit"":""票"",""kind"":""number""},{""raw"":""12件"",""value"":12,""unit"":""件"",""kind"":""number""}]}]",18194,f1c7d67dc2c877effb27f9ae15826d69246b2c0e603ee0f08b1fb2c93ec376cf
15,detail,music,1369,https://toho-vote.info/result15/music/1369.php,投票結果：クレイジーバックダンサーズ - 第15回 東方Project 人気投票,"[{""kind"":""title"",""text"":""投票結果：クレイジーバックダンサーズ - 第15回 東方Project 人気投票"",""numbers"":[]},{""kind"":""item_heading"",""text"":""クレイジーバックダンサーズ（49位）"",""numbers"":[{""raw"":""49位"",""value"":49,""unit"":""位"",""kind"":""number""}]},{""kind"":""item_statistics"",""text"":""ポイント：1013点 ｜ 得票数：962票 ｜ 一押し数：51票 ｜ コメント数：92件 リストへ戻る"",""numbers"":[{""raw"":""1013点"",""value"":1013,""unit"":""点"",""kind"":""number""},{""raw"":""962票"",""value"":962,""unit"":""票"",""kind"":""number""},{""raw"":""51票"",""value"":51,""unit"":""票"",""kind"":""number""},{""raw"":""92件"",""value"":92,""unit"":""件"",""kind"":""number""}]}]",24191,a88b34049fd24384110ff1a607c93d89f5090772438af479041b541c77387adb
15,detail,music,1370,https://toho-vote.info/result15/music/1370.php,投票結果：イントゥ・バックドア - 第15回 東方Project 人気投票,"[{""kind"":""title"",""text"":""投票結果：イントゥ・バックドア - 第15回 東方Project 人気投票"",""numbers"":[]},{""kind"":""item_heading"",""text"":""イントゥ・バックドア（274位）"",""numbers"":[{""raw"":""274位"",""value"":274,""unit"":""位"",""kind"":""number""}]},{""kind"":""item_statistics"",""text"":""ポイント：61点 ｜ 得票数：57票 ｜ 一押し数：4票 ｜ コメント数：10件 リストへ戻る"",""numbers"":[{""raw"":""61点"",""value"":61,""unit"":""点"",""kind"":""number""},{""raw"":""57票"",""value"":57,""unit"":""票"",""kind"":""number""},{""raw"":""4票"",""value"":4,""unit"":""票"",""kind"":""number""},{""raw"":""10件"",""value"":10,""unit"":""件"",""kind"":""number""}]}]",17654,1d17c9f9c285f60e01056b1a091899fd07753eb04327d1ae9d65fb33859ba025
15,detail,music,1371,https://toho-vote.info/result15/music/1371.php,投票結果：秘匿されたフォーシーズンズ - 第15回 東方Project 人気投票,"[{""kind"":""title"",""text"":""投票結果：秘匿されたフォーシーズンズ - 第15回 東方Project 人気投票"",""numbers"":[]},{""kind"":""item_heading"",""text"":""秘匿されたフォーシーズンズ（40位）"",""numbers"":[{""raw"":""40位"",""value"":40,""unit"":""位"",""kind"":""number""}]},{""kind"":""item_statistics"",""text"":""ポイント：1146点 ｜ 得票数：1016票 ｜ 一押し数：77票 ｜ コメント数：130件 リストへ戻る"",""numbers"":[{""raw"":""1146点"",""value"":1146,""unit"":""点"",""kind"":""number""},{""raw"":""1016票"",""value"":1016,""unit"":""票"",""kind"":""number""},{""raw"":""77票"",""value"":77,""unit"":""票"",""kind"":""number""},{""raw"":""130件"",""value"":130,""unit"":""件"",""kind"":""number""}]}]",31276,121c253751224c3e3c2de03e49945670cc31e26f0cc45e7e5e08387defe0319b
15,detail,music,1372,https://toho-vote.info/result15/music/1372.php,投票結果：もうドアには入れない - 第15回 東方Project 人気投票,"[{""kind"":""title"",""text"":""投票結果：もうドアには入れない - 第15回 東方Project 人気投票"",""numbers"":[]},{""kind"":""item_heading"",""text"":""もうドアには入れない（244位）"",""numbers"":[{""raw"":""244位"",""value"":244,""unit"":""位"",""kind"":""number""}]},{""kind"":""item_statistics"",""text"":""ポイント：97点 ｜ 得票数：94票 ｜ 一押し数：3票 ｜ コメント数：14件 リストへ戻る"",""numbers"":[{""raw"":""97点"",""value"":97,""unit"":""点"",""kind"":""number""},{""raw"":""94票"",""value"":94,""unit"":""票"",""kind"":""number""},{""raw"":""3票"",""value"":3,""unit"":""票"",""kind"":""number""},{""raw"":""14件"",""value"":14,""unit"":""件"",""kind"":""number""}]}]",18159,0438a1d26d992728f52e01029fcf548ff83da3fd0cc9a183e1aa6db67c62df14
15,detail,music,1373,https://toho-vote.info/result15/music/1373.php,投票結果：秘神マターラ ～ Hidden Star in All Seasons. - 第15回 東方Project 人気投票,"[{""kind"":""title"",""text"":""投票結果：秘神マターラ ～ Hidden Star in All Seasons. - 第15回 東方Project 人気投票"",""numbers"":[]},{""kind"":""item_heading"",""text"":""秘神マターラ ～ Hidden Star in All Seasons.（27位）"",""numbers"":[{""raw"":""27位"",""value"":27,""unit"":""位"",""kind"":""number""}]},{""kind"":""item_statistics"",""text"":""ポイント：1481点 ｜ 得票数：1341票 ｜ 一押し数：140票 ｜ コメント数：178件 リストへ戻る"",""numbers"":[{""raw"":""1481点"",""value"":1481,""unit"":""点"",""kind"":""number""},{""raw"":""1341票"",""value"":1341,""unit"":""票"",""kind"":""number""},{""raw"":""140票"",""value"":140,""unit"":""票"",""kind"":""number""},{""raw"":""178件"",""value"":178,""unit"":""件"",""kind"":""number""}]}]",33498,dc060eeca6665bbf1e79e0308a486a81b9c67f60542aee25f29979d296d26f47
15,detail,music,1374,https://toho-vote.info/result15/music/1374.php,投票結果：不自然な自然 - 第15回 東方Project 人気投票,"[{""kind"":""title"",""text"":""投票結果：不自然な自然 - 第15回 東方Project 人気投票"",""numbers"":[]},{""kind"":""item_heading"",""text"":""不自然な自然（505位）"",""numbers"":[{""raw"":""505位"",""value"":505,""unit"":""位"",""kind"":""number""}]},{""kind"":""item_statistics"",""text"":""ポイント：2点 ｜ 得票数：2票 ｜ 一押し数：0票 ｜ コメント数：0件 リストへ戻る"",""numbers"":[{""raw"":""2点"",""value"":2,""unit"":""点"",""kind"":""number""},{""raw"":""2票"",""value"":2,""unit"":""票"",""kind"":""number""},{""raw"":""0票"",""value"":0,""unit"":""票"",""kind"":""number""},{""raw"":""0件"",""value"":0,""unit"":""件"",""kind"":""number""}]}]",15977,211afff5f4d75d56e6b0fca30d051b7d466b49441e7f1781e1a035b8e98a7cf4
15,detail,music,1375,https://toho-vote.info/result15/music/1375.php,投票結果：白い旅人 - 第15回 東方Project 人気投票,"[{""kind"":""title"",""text"":""投票結果：白い旅人 - 第15回 東方Project 人気投票"",""numbers"":[]},{""kind"":""item_heading"",""text"":""白い旅人（287位）"",""numbers"":[{""raw"":""287位"",""value"":287,""unit"":""位"",""kind"":""number""}]},{""kind"":""item_statistics"",""text"":""ポイント：55点 ｜ 得票数：54票 ｜ 一押し数：1票 ｜ コメント数：3件 リストへ戻る"",""numbers"":[{""raw"":""55点"",""value"":55,""unit"":""点"",""kind"":""number""},{""raw"":""54票"",""value"":54,""unit"":""票"",""kind"":""number""},{""raw"":""1票"",""value"":1,""unit"":""票"",""kind"":""number""},{""raw"":""3件"",""value"":3,""unit"":""件"",""kind"":""number""}]}]",16538,ae5352111db6bd28798672c27abf07d72ead30a7f5f1413d723ca79db2432c4d
15,detail,music,1378,https://toho-vote.info/result15/music/1378.php,投票結果：マッシュルーム・ワルツ - 第15回 東方Project 人気投票,"[{""kind"":""title"",""text"":""投票結果：マッシュルーム・ワルツ - 第15回 東方Project 人気投票"",""numbers"":[]},{""kind"":""item_heading"",""text"":""マッシュルーム・ワルツ（382位）"",""numbers"":[{""raw"":""382位"",""value"":382,""unit"":""位"",""kind"":""number""}]},{""kind"":""item_statistics"",""text"":""ポイント：21点 ｜ 得票数：21票 ｜ 一押し数：0票 ｜ コメント数：4件 リストへ戻る"",""numbers"":[{""raw"":""21点"",""value"":21,""unit"":""点"",""kind"":""number""},{""raw"":""21票"",""value"":21,""unit"":""票"",""kind"":""number""},{""raw"":""0票"",""value"":0,""unit"":""票"",""kind"":""number""},{""raw"":""4件"",""value"":4,""unit"":""件"",""kind"":""number""}]}]",16519,ac07465f287dd6c771da5c2d73342db1c78ea8d2ae3071f74bb1b73ba4ecaadc
15,detail,music,1379,https://toho-vote.info/result15/music/1379.php,投票結果：聖輦船空を往く - 第15回 東方Project 人気投票,"[{""kind"":""title"",""text"":""投票結果：聖輦船空を往く - 第15回 東方Project 人気投票"",""numbers"":[]},{""kind"":""item_heading"",""text"":""聖輦船空を往く（452位）"",""numbers"":[{""raw"":""452位"",""value"":452,""unit"":""位"",""kind"":""number""}]},{""kind"":""item_statistics"",""text"":""ポイント：7点 ｜ 得票数：6票 ｜ 一押し数：1票 ｜ コメント数：0件 リストへ戻る"",""numbers"":[{""raw"":""7点"",""value"":7,""unit"":""点"",""kind"":""number""},{""raw"":""6票"",""value"":6,""unit"":""票"",""kind"":""number""},{""raw"":""1票"",""value"":1,""unit"":""票"",""kind"":""number""},{""raw"":""0件"",""value"":0,""unit"":""件"",""kind"":""number""}]}]",15986,e0a24d602508796e2128594f55d5a01932fc5a3b4f5c44fd1f0559fd295ad380
15,detail,music,1380,https://toho-vote.info/result15/music/1380.php,投票結果：法力の下の平等 - 第15回 東方Project 人気投票,"[{""kind"":""title"",""text"":""投票結果：法力の下の平等 - 第15回 東方Project 人気投票"",""numbers"":[]},{""kind"":""item_heading"",""text"":""法力の下の平等（481位）"",""numbers"":[{""raw"":""481位"",""value"":481,""unit"":""位"",""kind"":""number""}]},{""kind"":""item_statistics"",""text"":""ポイント：4点 ｜ 得票数：4票 ｜ 一押し数：0票 ｜ コメント数：1件 リストへ戻る"",""numbers"":[{""raw"":""4点"",""value"":4,""unit"":""点"",""kind"":""number""},{""raw"":""4票"",""value"":4,""unit"":""票"",""kind"":""number""},{""raw"":""0票"",""value"":0,""unit"":""票"",""kind"":""number""},{""raw"":""1件"",""value"":1,""unit"":""件"",""kind"":""number""}]}]",16102,648a2e550f1f6358feeff02742a36890a2b43e8779aa4f1ec9e555153e932390
15,detail,music,1381,https://toho-vote.info/result15/music/1381.php,投票結果：恒常不変の参廟祀 - 第15回 東方Project 人気投票,"[{""kind"":""title"",""text"":""投票結果：恒常不変の参廟祀 - 第15回 東方Project 人気投票"",""numbers"":[]},{""kind"":""item_heading"",""text"":""恒常不変の参廟祀（505位）"",""numbers"":[{""raw"":""505位"",""value"":505,""unit"":""位"",""kind"":""number""}]},{""kind"":""item_statistics"",""text"":""ポイント：2点 ｜ 得票数：2票 ｜ 一押し数：0票 ｜ コメント数：0件 リストへ戻る"",""numbers"":[{""raw"":""2点"",""value"":2,""unit"":""点"",""kind"":""number""},{""raw"":""2票"",""value"":2,""unit"":""票"",""kind"":""number""},{""raw"":""0票"",""value"":0,""unit"":""票"",""kind"":""number""},{""raw"":""0件"",""value"":0,""unit"":""件"",""kind"":""number""}]}]",15792,773bf46e0305942b6ead0560bbaff085ba992472100efc0a1f8ce731ffee1545
15,detail,music,1382,https://toho-vote.info/result15/music/1382.php,投票結果：光輝く天球儀 - 第15回 東方Project 人気投票,"[{""kind"":""title"",""text"":""投票結果：光輝く天球儀 - 第15回 東方Project 人気投票"",""numbers"":[]},{""kind"":""item_heading"",""text"":""光輝く天球儀（328位）"",""numbers"":[{""raw"":""328位"",""value"":328,""unit"":""位"",""kind"":""number""}]},{""kind"":""item_statistics"",""text"":""ポイント：39点 ｜ 得票数：36票 ｜ 一押し数：3票 ｜ コメント数：4件 リストへ戻る"",""numbers"":[{""raw"":""39点"",""value"":39,""unit"":""点"",""kind"":""number""},{""raw"":""36票"",""value"":36,""unit"":""票"",""kind"":""number""},{""raw"":""3票"",""value"":3,""unit"":""票"",""kind"":""number""},{""raw"":""4件"",""value"":4,""unit"":""件"",""kind"":""number""}]}]",16612,5625e339b40c6bc7e3ad4f80a107cd0303dce502318a000f96c7adb143b4668b
15,detail,music,1383,https://toho-vote.info/result15/music/1383.php,投票結果：沢の河童の技術力 - 第15回 東方Project 人気投票,"[{""kind"":""title"",""text"":""投票結果：沢の河童の技術力 - 第15回 東方Project 人気投票"",""numbers"":[]},{""kind"":""item_heading"",""text"":""沢の河童の技術力（481位）"",""numbers"":[{""raw"":""481位"",""value"":481,""unit"":""位"",""kind"":""number""}]},{""kind"":""item_statistics"",""text"":""ポイント：4点 ｜ 得票数：4票 ｜ 一押し数：0票 ｜ コメント数：0件 リストへ戻る"",""numbers"":[{""raw"":""4点"",""value"":4,""unit"":""点"",""kind"":""number""},{""raw"":""4票"",""value"":4,""unit"":""票"",""kind"":""number""},{""raw"":""0票"",""value"":0,""unit"":""票"",""kind"":""number""},{""raw"":""0件"",""value"":0,""unit"":""件"",""kind"":""number""}]}]",16061,53a62d8e609a184b8932eecc0ee87b43daa5bd3b508580770eae3cd546dbf8e1
15,detail,music,1384,https://toho-vote.info/result15/music/1384.php,投票結果：地底に咲く薔薇 - 第15回 東方Project 人気投票,"[{""kind"":""title"",""text"":""投票結果：地底に咲く薔薇 - 第15回 東方Project 人気投票"",""numbers"":[]},{""kind"":""item_heading"",""text"":""地底に咲く薔薇（364位）"",""numbers"":[{""raw"":""364位"",""value"":364,""unit"":""位"",""kind"":""number""}]},{""kind"":""item_statistics"",""text"":""ポイント：28点 ｜ 得票数：27票 ｜ 一押し数：1票 ｜ コメント数：4件 リストへ戻る"",""numbers"":[{""raw"":""28点"",""value"":28,""unit"":""点"",""kind"":""number""},{""raw"":""27票"",""value"":27,""unit"":""票"",""kind"":""number""},{""raw"":""1票"",""value"":1,""unit"":""票"",""kind"":""number""},{""raw"":""4件"",""value"":4,""unit"":""件"",""kind"":""number""}]}]",16572,2e3798c20aeb074666737eb9639ae174b08f65c603b9f5f37e6310a8bde8995d
15,detail,music,1385,https://toho-vote.info/result15/music/1385.php,投票結果：深緑の狸森にて - 第15回 東方Project 人気投票,"[{""kind"":""title"",""text"":""投票結果：深緑の狸森にて - 第15回 東方Project 人気投票"",""numbers"":[]},{""kind"":""item_heading"",""text"":""深緑の狸森にて（481位）"",""numbers"":[{""raw"":""481位"",""value"":481,""unit"":""位"",""kind"":""number""}]},{""kind"":""item_statistics"",""text"":""ポイント：4点 ｜ 得票数：4票 ｜ 一押し数：0票 ｜ コメント数：1件 リストへ戻る"",""numbers"":[{""raw"":""4点"",""value"":4,""unit"":""点"",""kind"":""number""},{""raw"":""4票"",""value"":4,""unit"":""票"",""kind"":""number""},{""raw"":""0票"",""value"":0,""unit"":""票"",""kind"":""number""},{""raw"":""1件"",""value"":1,""unit"":""件"",""kind"":""number""}]}]",15981,4d85fc9435a7f935d7720f73ecc21c1dd130e02789dd94ef3b1f5feacced4a4a
15,detail,music,1387,https://toho-vote.info/result15/music/1387.php,投票結果：不滅のレッドソウル - 第15回 東方Project 人気投票,"[{""kind"":""title"",""text"":""投票結果：不滅のレッドソウル - 第15回 東方Project 人気投票"",""numbers"":[]},{""kind"":""item_heading"",""text"":""不滅のレッドソウル（375位）"",""numbers"":[{""raw"":""375位"",""value"":375,""unit"":""位"",""kind"":""number""}]},{""kind"":""item_statistics"",""text"":""ポイント：24点 ｜ 得票数：23票 ｜ 一押し数：1票 ｜ コメント数：2件 リストへ戻る"",""numbers"":[{""raw"":""24点"",""value"":24,""unit"":""点"",""kind"":""number""},{""raw"":""23票"",""value"":23,""unit"":""票"",""kind"":""number""},{""raw"":""1票"",""value"":1,""unit"":""票"",""kind"":""number""},{""raw"":""2件"",""value"":2,""unit"":""件"",""kind"":""number""}]}]",16340,a6574c2dff41ae2a2a5d609cf38af2b8d26e1c8cbdced1f44362578ccaca6102
15,detail,music,1388,https://toho-vote.info/result15/music/1388.php,投票結果：落日に生える逆さ城 - 第15回 東方Project 人気投票,"[{""kind"":""title"",""text"":""投票結果：落日に生える逆さ城 - 第15回 東方Project 人気投票"",""numbers"":[]},{""kind"":""item_heading"",""text"":""落日に生える逆さ城（452位）"",""numbers"":[{""raw"":""452位"",""value"":452,""unit"":""位"",""kind"":""number""}]},{""kind"":""item_statistics"",""text"":""ポイント：7点 ｜ 得票数：7票 ｜ 一押し数：0票 ｜ コメント数：1件 リストへ戻る"",""numbers"":[{""raw"":""7点"",""value"":7,""unit"":""点"",""kind"":""number""},{""raw"":""7票"",""value"":7,""unit"":""票"",""kind"":""number""},{""raw"":""0票"",""value"":0,""unit"":""票"",""kind"":""number""},{""raw"":""1件"",""value"":1,""unit"":""件"",""kind"":""number""}]}]",16334,f07d658fefca2622bdf4f24db3679124a01129b9f686bba7e83c601e4b3350eb
15,detail,music,1389,https://toho-vote.info/result15/music/1389.php,投票結果：千の試練を超えて - 第15回 東方Project 人気投票,"[{""kind"":""title"",""text"":""投票結果：千の試練を超えて - 第15回 東方Project 人気投票"",""numbers"":[]},{""kind"":""item_heading"",""text"":""千の試練を超えて（402位）"",""numbers"":[{""raw"":""402位"",""value"":402,""unit"":""位"",""kind"":""number""}]},{""kind"":""item_statistics"",""text"":""ポイント：16点 ｜ 得票数：16票 ｜ 一押し数：0票 ｜ コメント数：2件 リストへ戻る"",""numbers"":[{""raw"":""16点"",""value"":16,""unit"":""点"",""kind"":""number""},{""raw"":""16票"",""value"":16,""unit"":""票"",""kind"":""number""},{""raw"":""0票"",""value"":0,""unit"":""票"",""kind"":""number""},{""raw"":""2件"",""value"":2,""unit"":""件"",""kind"":""number""}]}]",16786,f2b7d7390e428ada8dda75a1aee0c8527264a68cd249516f8d714a6c56b99237
15,detail,music,1391,https://toho-vote.info/result15/music/1391.php,投票結果：永遠に続く回廊 - 第15回 東方Project 人気投票,"[{""kind"":""title"",""text"":""投票結果：永遠に続く回廊 - 第15回 東方Project 人気投票"",""numbers"":[]},{""kind"":""item_heading"",""text"":""永遠に続く回廊（431位）"",""numbers"":[{""raw"":""431位"",""value"":431,""unit"":""位"",""kind"":""number""}]},{""kind"":""item_statistics"",""text"":""ポイント：10点 ｜ 得票数：10票 ｜ 一押し数：0票 ｜ コメント数：2件 リストへ戻る"",""numbers"":[{""raw"":""10点"",""value"":10,""unit"":""点"",""kind"":""number""},{""raw"":""10票"",""value"":10,""unit"":""票"",""kind"":""number""},{""raw"":""0票"",""value"":0,""unit"":""票"",""kind"":""number""},{""raw"":""2件"",""value"":2,""unit"":""件"",""kind"":""number""}]}]",16310,2f142f1c3f92c53200c92282af6e295065a4ac3de521c8ea427423e0e1db127b
15,detail,music,1392,https://toho-vote.info/result15/music/1392.php,投票結果：スリープシープ・パレード - 第15回 東方Project 人気投票,"[{""kind"":""title"",""text"":""投票結果：スリープシープ・パレード - 第15回 東方Project 人気投票"",""numbers"":[]},{""kind"":""item_heading"",""text"":""スリープシープ・パレード（261位）"",""numbers"":[{""raw"":""261位"",""value"":261,""unit"":""位"",""kind"":""number""}]},{""kind"":""item_statistics"",""text"":""ポイント：76点 ｜ 得票数：75票 ｜ 一押し数：1票 ｜ コメント数：17件 リストへ戻る"",""numbers"":[{""raw"":""76点"",""value"":76,""unit"":""点"",""kind"":""number""},{""raw"":""75票"",""value"":75,""unit"":""票"",""kind"":""number""},{""raw"":""1票"",""value"":1,""unit"":""票"",""kind"":""number""},{""raw"":""17件"",""value"":17,""unit"":""件"",""kind"":""number""}]}]",17889,9be0e242d415886d46873da091f133d6fe9fa94d4bec1868ca6b197104ef5024
15,detail,music,1394,https://toho-vote.info/result15/music/1394.php,投票結果：憑坐は夢と現の間に ～ Necro-Fantasia - 第15回 東方Project 人気投票,"[{""kind"":""title"",""text"":""投票結果：憑坐は夢と現の間に ～ Necro-Fantasia - 第15回 東方Project 人気投票"",""numbers"":[]},{""kind"":""item_heading"",""text"":""憑坐は夢と現の間に ～ Necro-Fantasia（160位）"",""numbers"":[{""raw"":""160位"",""value"":160,""unit"":""位"",""kind"":""number""}]},{""kind"":""item_statistics"",""text"":""ポイント：246点 ｜ 得票数：229票 ｜ 一押し数：17票 ｜ コメント数：28件 リストへ戻る"",""numbers"":[{""raw"":""246点"",""value"":246,""unit"":""点"",""kind"":""number""},{""raw"":""229票"",""value"":229,""unit"":""票"",""kind"":""number""},{""raw"":""17票"",""value"":17,""unit"":""票"",""kind"":""number""},{""raw"":""28件"",""value"":28,""unit"":""件"",""kind"":""number""}]}]",19604,18d380b4bd492840e486b9ad683657c665a1cad5f70c85c2a2629f3a56e12248
15,detail,music,1395,https://toho-vote.info/result15/music/1395.php,投票結果：今宵は飄逸なエゴイスト(Live ver) ～ Egoistic Flowers. - 第15回 東方Project 人気投票,"[{""kind"":""title"",""text"":""投票結果：今宵は飄逸なエゴイスト(Live ver) ～ Egoistic Flowers. - 第15回 東方Project 人気投票"",""numbers"":[]},{""kind"":""item_heading"",""text"":""今宵は飄逸なエゴイスト(Live ver) ～ Egoistic Flowers.（13位）"",""numbers"":[{""raw"":""13位"",""value"":13,""unit"":""位"",""kind"":""number""}]},{""kind"":""item_statistics"",""text"":""ポイント：2468点 ｜ 得票数：2195票 ｜ 一押し数：273票 ｜ コメント数：239件 リストへ戻る"",""numbers"":[{""raw"":""2468点"",""value"":2468,""unit"":""点"",""kind"":""number""},{""raw"":""2195票"",""value"":2195,""unit"":""票"",""kind"":""number""},{""raw"":""273票"",""value"":273,""unit"":""票"",""kind"":""number""},{""raw"":""239件"",""value"":239,""unit"":""件"",""kind"":""number""}]}]",43039,638c2494a1992f8fc51ff5d2a53c16734ddbb9a0933a300472265da22b0cb1cc
15,detail,music,1407,https://toho-vote.info/result15/music/1407.php,投票結果：憑依投合 - 第15回 東方Project 人気投票,"[{""kind"":""title"",""text"":""投票結果：憑依投合 - 第15回 東方Project 人気投票"",""numbers"":[]},{""kind"":""item_heading"",""text"":""憑依投合（519位）"",""numbers"":[{""raw"":""519位"",""value"":519,""unit"":""位"",""kind"":""number""}]},{""kind"":""item_statistics"",""text"":""ポイント：1点 ｜ 得票数：1票 ｜ 一押し数：0票 ｜ コメント数：0件 リストへ戻る"",""numbers"":[{""raw"":""1点"",""value"":1,""unit"":""点"",""kind"":""number""},{""raw"":""1票"",""value"":1,""unit"":""票"",""kind"":""number""},{""raw"":""0票"",""value"":0,""unit"":""票"",""kind"":""number""},{""raw"":""0件"",""value"":0,""unit"":""件"",""kind"":""number""}]}]",15909,a7b1c8f644fe89076a83361cd501a40e6af7d2e388394577d3e37047d042d112
15,detail,music,1409,https://toho-vote.info/result15/music/1409.php,投票結果：合縁奇縁 - 第15回 東方Project 人気投票,"[{""kind"":""title"",""text"":""投票結果：合縁奇縁 - 第15回 東方Project 人気投票"",""numbers"":[]},{""kind"":""item_heading"",""text"":""合縁奇縁（489位）"",""numbers"":[{""raw"":""489位"",""value"":489,""unit"":""位"",""kind"":""number""}]},{""kind"":""item_statistics"",""text"":""ポイント：3点 ｜ 得票数：3票 ｜ 一押し数：0票 ｜ コメント数：1件 リストへ戻る"",""numbers"":[{""raw"":""3点"",""value"":3,""unit"":""点"",""kind"":""number""},{""raw"":""3票"",""value"":3,""unit"":""票"",""kind"":""number""},{""raw"":""0票"",""value"":0,""unit"":""票"",""kind"":""number""},{""raw"":""1件"",""value"":1,""unit"":""件"",""kind"":""number""}]}]",15968,8a1f113899c4951196d2b430bf43f27e60171e6ae239bb3802beb35313c8aaa4
15,detail,music,1410,https://toho-vote.info/result15/music/1410.php,投票結果：異心同体 - 第15回 東方Project 人気投票,"[{""kind"":""title"",""text"":""投票結果：異心同体 - 第15回 東方Project 人気投票"",""numbers"":[]},{""kind"":""item_heading"",""text"":""異心同体（505位）"",""numbers"":[{""raw"":""505位"",""value"":505,""unit"":""位"",""kind"":""number""}]},{""kind"":""item_statistics"",""text"":""ポイント：2点 ｜ 得票数：2票 ｜ 一押し数：0票 ｜ コメント数：0件 リストへ戻る"",""numbers"":[{""raw"":""2点"",""value"":2,""unit"":""点"",""kind"":""number""},{""raw"":""2票"",""value"":2,""unit"":""票"",""kind"":""number""},{""raw"":""0票"",""value"":0,""unit"":""票"",""kind"":""number""},{""raw"":""0件"",""value"":0,""unit"":""件"",""kind"":""number""}]}]",15923,c2ee1eabcd588a610f0b55411b6d024cc9c415f968d7e08b74f5d0b1057ee72f
15,detail,music,1411,https://toho-vote.info/result15/music/1411.php,投票結果：壮言大語 - 第15回 東方Project 人気投票,"[{""kind"":""title"",""text"":""投票結果：壮言大語 - 第15回 東方Project 人気投票"",""numbers"":[]},{""kind"":""item_heading"",""text"":""壮言大語（505位）"",""numbers"":[{""raw"":""505位"",""value"":505,""unit"":""位"",""kind"":""number""}]},{""kind"":""item_statistics"",""text"":""ポイント：2点 ｜ 得票数：2票 ｜ 一押し数：0票 ｜ コメント数：1件 リストへ戻る"",""numbers"":[{""raw"":""2点"",""value"":2,""unit"":""点"",""kind"":""number""},{""raw"":""2票"",""value"":2,""unit"":""票"",""kind"":""number""},{""raw"":""0票"",""value"":0,""unit"":""票"",""kind"":""number""},{""raw"":""1件"",""value"":1,""unit"":""件"",""kind"":""number""}]}]",15786,3c0ec0a4f961bc3d6caf575c422d0f54eace0c7be40aa0517dcec06193a975ea
15,detail,music,1412,https://toho-vote.info/result15/music/1412.php,投票結果：知略縦横 - 第15回 東方Project 人気投票,"[{""kind"":""title"",""text"":""投票結果：知略縦横 - 第15回 東方Project 人気投票"",""numbers"":[]},{""kind"":""item_heading"",""text"":""知略縦横（489位）"",""numbers"":[{""raw"":""489位"",""value"":489,""unit"":""位"",""kind"":""number""}]},{""kind"":""item_statistics"",""text"":""ポイント：3点 ｜ 得票数：3票 ｜ 一押し数：0票 ｜ コメント数：0件 リストへ戻る"",""numbers"":[{""raw"":""3点"",""value"":3,""unit"":""点"",""kind"":""number""},{""raw"":""3票"",""value"":3,""unit"":""票"",""kind"":""number""},{""raw"":""0票"",""value"":0,""unit"":""票"",""kind"":""number""},{""raw"":""0件"",""value"":0,""unit"":""件"",""kind"":""number""}]}]",15998,c9f2af583b4d493b262beb275bf9f8670817143eb4b0d7305cdfa735411ecd44
15,detail,music,1414,https://toho-vote.info/result15/music/1414.php,投票結果：開演間近 - 第15回 東方Project 人気投票,"[{""kind"":""title"",""text"":""投票結果：開演間近 - 第15回 東方Project 人気投票"",""numbers"":[]},{""kind"":""item_heading"",""text"":""開演間近（435位）"",""numbers"":[{""raw"":""435位"",""value"":435,""unit"":""位"",""kind"":""number""}]},{""kind"":""item_statistics"",""text"":""ポイント：9点 ｜ 得票数：8票 ｜ 一押し数：1票 ｜ コメント数：1件 リストへ戻る"",""numbers"":[{""raw"":""9点"",""value"":9,""unit"":""点"",""kind"":""number""},{""raw"":""8票"",""value"":8,""unit"":""票"",""kind"":""number""},{""raw"":""1票"",""value"":1,""unit"":""票"",""kind"":""number""},{""raw"":""1件"",""value"":1,""unit"":""件"",""kind"":""number""}]}]",16225,8c4a3dd91d73e05fd95d47884e5d353720990be9c1234691f7a84d170e511f54
15,detail,music,1416,https://toho-vote.info/result15/music/1416.php,投票結果：行雲流水 - 第15回 東方Project 人気投票,"[{""kind"":""title"",""text"":""投票結果：行雲流水 - 第15回 東方Project 人気投票"",""numbers"":[]},{""kind"":""item_heading"",""text"":""行雲流水（489位）"",""numbers"":[{""raw"":""489位"",""value"":489,""unit"":""位"",""kind"":""number""}]},{""kind"":""item_statistics"",""text"":""ポイント：3点 ｜ 得票数：3票 ｜ 一押し数：0票 ｜ コメント数：0件 リストへ戻る"",""numbers"":[{""raw"":""3点"",""value"":3,""unit"":""点"",""kind"":""number""},{""raw"":""3票"",""value"":3,""unit"":""票"",""kind"":""number""},{""raw"":""0票"",""value"":0,""unit"":""票"",""kind"":""number""},{""raw"":""0件"",""value"":0,""unit"":""件"",""kind"":""number""}]}]",16153,971fde0d3102e4346ad8d0aa45e4850bcf6c3c290825ab59c9729cb303998793
15,detail,music,1425,https://toho-vote.info/result15/music/1425.php,投票結果：悪夢日記 - 第15回 東方Project 人気投票,"[{""kind"":""title"",""text"":""投票結果：悪夢日記 - 第15回 東方Project 人気投票"",""numbers"":[]},{""kind"":""item_heading"",""text"":""悪夢日記（331位）"",""numbers"":[{""raw"":""331位"",""value"":331,""unit"":""位"",""kind"":""number""}]},{""kind"":""item_statistics"",""text"":""ポイント：38点 ｜ 得票数：37票 ｜ 一押し数：1票 ｜ コメント数：7件 リストへ戻る"",""numbers"":[{""raw"":""38点"",""value"":38,""unit"":""点"",""kind"":""number""},{""raw"":""37票"",""value"":37,""unit"":""票"",""kind"":""number""},{""raw"":""1票"",""value"":1,""unit"":""票"",""kind"":""number""},{""raw"":""7件"",""value"":7,""unit"":""件"",""kind"":""number""}]}]",17234,18e06cbf88a8bd066413e88471daa86c7ada4fefca68978eb05f0c7918de92e4
15,detail,music,1426,https://toho-vote.info/result15/music/1426.php,投票結果：ルーシッドドリーマー - 第15回 東方Project 人気投票,"[{""kind"":""title"",""text"":""投票結果：ルーシッドドリーマー - 第15回 東方Project 人気投票"",""numbers"":[]},{""kind"":""item_heading"",""text"":""ルーシッドドリーマー（389位）"",""numbers"":[{""raw"":""389位"",""value"":389,""unit"":""位"",""kind"":""number""}]},{""kind"":""item_statistics"",""text"":""ポイント：19点 ｜ 得票数：19票 ｜ 一押し数：0票 ｜ コメント数：6件 リストへ戻る"",""numbers"":[{""raw"":""19点"",""value"":19,""unit"":""点"",""kind"":""number""},{""raw"":""19票"",""value"":19,""unit"":""票"",""kind"":""number""},{""raw"":""0票"",""value"":0,""unit"":""票"",""kind"":""number""},{""raw"":""6件"",""value"":6,""unit"":""件"",""kind"":""number""}]}]",16873,df7210c29b89ef76ca3db634b0257f893411ef4fba3d97f50b6cc7bad77a0336
15,detail,music,1427,https://toho-vote.info/result15/music/1427.php,投票結果：ルナティックドリーマー - 第15回 東方Project 人気投票,"[{""kind"":""title"",""text"":""投票結果：ルナティックドリーマー - 第15回 東方Project 人気投票"",""numbers"":[]},{""kind"":""item_heading"",""text"":""ルナティックドリーマー（189位）"",""numbers"":[{""raw"":""189位"",""value"":189,""unit"":""位"",""kind"":""number""}]},{""kind"":""item_statistics"",""text"":""ポイント：175点 ｜ 得票数：168票 ｜ 一押し数：7票 ｜ コメント数：30件 リストへ戻る"",""numbers"":[{""raw"":""175点"",""value"":175,""unit"":""点"",""kind"":""number""},{""raw"":""168票"",""value"":168,""unit"":""票"",""kind"":""number""},{""raw"":""7票"",""value"":7,""unit"":""票"",""kind"":""number""},{""raw"":""30件"",""value"":30,""unit"":""件"",""kind"":""number""}]}]",20082,4d22fd6fe9891a0da320995c4429fd52259c25a980d7d40ca1a1d596f8457139
15,detail,music,1428,https://toho-vote.info/result15/music/1428.php,投票結果：ナイトメアダイアリー - 第15回 東方Project 人気投票,"[{""kind"":""title"",""text"":""投票結果：ナイトメアダイアリー - 第15回 東方Project 人気投票"",""numbers"":[]},{""kind"":""item_heading"",""text"":""ナイトメアダイアリー（120位）"",""numbers"":[{""raw"":""120位"",""value"":120,""unit"":""位"",""kind"":""number""}]},{""kind"":""item_statistics"",""text"":""ポイント：378点 ｜ 得票数：351票 ｜ 一押し数：27票 ｜ コメント数：76件 リストへ戻る"",""numbers"":[{""raw"":""378点"",""value"":378,""unit"":""点"",""kind"":""number""},{""raw"":""351票"",""value"":351,""unit"":""票"",""kind"":""number""},{""raw"":""27票"",""value"":27,""unit"":""票"",""kind"":""number""},{""raw"":""76件"",""value"":76,""unit"":""件"",""kind"":""number""}]}]",26452,750c6deba6277fd159a9ee5d846918f5df6c9d518d374f18ad6a347a677e8b4f
15,detail,music,1991,https://toho-vote.info/result15/music/1991.php,投票結果：使われなかった場所 - 第15回 東方Project 人気投票,"[{""kind"":""title"",""text"":""投票結果：使われなかった場所 - 第15回 東方Project 人気投票"",""numbers"":[]},{""kind"":""item_heading"",""text"":""使われなかった場所（489位）"",""numbers"":[{""raw"":""489位"",""value"":489,""unit"":""位"",""kind"":""number""}]},{""kind"":""item_statistics"",""text"":""ポイント：3点 ｜ 得票数：3票 ｜ 一押し数：0票 ｜ コメント数：1件 リストへ戻る"",""numbers"":[{""raw"":""3点"",""value"":3,""unit"":""点"",""kind"":""number""},{""raw"":""3票"",""value"":3,""unit"":""票"",""kind"":""number""},{""raw"":""0票"",""value"":0,""unit"":""票"",""kind"":""number""},{""raw"":""1件"",""value"":1,""unit"":""件"",""kind"":""number""}]}]",16162,6155c59ae1c17517122f4452a22184d445b055e97506b1059f24d5e3670fb935
15,detail,music,2001,https://toho-vote.info/result15/music/2001.php,投票結果：A Sacred Lot - 第15回 東方Project 人気投票,"[{""kind"":""title"",""text"":""投票結果：A Sacred Lot - 第15回 東方Project 人気投票"",""numbers"":[]},{""kind"":""item_heading"",""text"":""A Sacred Lot（366位）"",""numbers"":[{""raw"":""366位"",""value"":366,""unit"":""位"",""kind"":""number""}]},{""kind"":""item_statistics"",""text"":""ポイント：27点 ｜ 得票数：27票 ｜ 一押し数：0票 ｜ コメント数：4件 リストへ戻る"",""numbers"":[{""raw"":""27点"",""value"":27,""unit"":""点"",""kind"":""number""},{""raw"":""27票"",""value"":27,""unit"":""票"",""kind"":""number""},{""raw"":""0票"",""value"":0,""unit"":""票"",""kind"":""number""},{""raw"":""4件"",""value"":4,""unit"":""件"",""kind"":""number""}]}]",16154,be98aea06a8601d831a65f3c6dda44da578a5850f1ddd643cd6ff92e7ab47b39
15,detail,music,2002,https://toho-vote.info/result15/music/2002.php,投票結果：永遠の巫女 - 第15回 東方Project 人気投票,"[{""kind"":""title"",""text"":""投票結果：永遠の巫女 - 第15回 東方Project 人気投票"",""numbers"":[]},{""kind"":""item_heading"",""text"":""永遠の巫女（124位）"",""numbers"":[{""raw"":""124位"",""value"":124,""unit"":""位"",""kind"":""number""}]},{""kind"":""item_statistics"",""text"":""ポイント：361点 ｜ 得票数：158票 ｜ 一押し数：47票 ｜ コメント数：49件 リストへ戻る"",""numbers"":[{""raw"":""361点"",""value"":361,""unit"":""点"",""kind"":""number""},{""raw"":""158票"",""value"":158,""unit"":""票"",""kind"":""number""},{""raw"":""47票"",""value"":47,""unit"":""票"",""kind"":""number""},{""raw"":""49件"",""value"":49,""unit"":""件"",""kind"":""number""}]}]",22318,076b5d250aa7b054cd2cbf8666ce4af04b66d828425bfc973e4fb94f63006eca
15,detail,music,2003,https://toho-vote.info/result15/music/2003.php,投票結果：The Positive and Negative - 第15回 東方Project 人気投票,"[{""kind"":""title"",""text"":""投票結果：The Positive and Negative - 第15回 東方Project 人気投票"",""numbers"":[]},{""kind"":""item_heading"",""text"":""The Positive and Negative（397位）"",""numbers"":[{""raw"":""397位"",""value"":397,""unit"":""位"",""kind"":""number""}]},{""kind"":""item_statistics"",""text"":""ポイント：17点 ｜ 得票数：15票 ｜ 一押し数：2票 ｜ コメント数：2件 リストへ戻る"",""numbers"":[{""raw"":""17点"",""value"":17,""unit"":""点"",""kind"":""number""},{""raw"":""15票"",""value"":15,""unit"":""票"",""kind"":""number""},{""raw"":""2票"",""value"":2,""unit"":""票"",""kind"":""number""},{""raw"":""2件"",""value"":2,""unit"":""件"",""kind"":""number""}]}]",16420,f0dfb448be210ca9d37edee5c3d7727ba5613fdb8363a8877a1aa9d1fad81a63
15,detail,music,2004,https://toho-vote.info/result15/music/2004.php,投票結果：Highly Responsive to Prayers - 第15回 東方Project 人気投票,"[{""kind"":""title"",""text"":""投票結果：Highly Responsive to Prayers - 第15回 東方Project 人気投票"",""numbers"":[]},{""kind"":""item_heading"",""text"":""Highly Responsive to Prayers（472位）"",""numbers"":[{""raw"":""472位"",""value"":472,""unit"":""位"",""kind"":""number""}]},{""kind"":""item_statistics"",""text"":""ポイント：5点 ｜ 得票数：5票 ｜ 一押し数：0票 ｜ コメント数：0件 リストへ戻る"",""numbers"":[{""raw"":""5点"",""value"":5,""unit"":""点"",""kind"":""number""},{""raw"":""5票"",""value"":5,""unit"":""票"",""kind"":""number""},{""raw"":""0票"",""value"":0,""unit"":""票"",""kind"":""number""},{""raw"":""0件"",""value"":0,""unit"":""件"",""kind"":""number""}]}]",15960,9db646a6bd68bf7970580e577b8dbe35d461734c62854225cf37492364f0f07f
15,detail,music,2005,https://toho-vote.info/result15/music/2005.php,投票結果：東方怪奇談 - 第15回 東方Project 人気投票,"[{""kind"":""title"",""text"":""投票結果：東方怪奇談 - 第15回 東方Project 人気投票"",""numbers"":[]},{""kind"":""item_heading"",""text"":""東方怪奇談（318位）"",""numbers"":[{""raw"":""318位"",""value"":318,""unit"":""位"",""kind"":""number""}]},{""kind"":""item_statistics"",""text"":""ポイント：42点 ｜ 得票数：22票 ｜ 一押し数：3票 ｜ コメント数：8件 リストへ戻る"",""numbers"":[{""raw"":""42点"",""value"":42,""unit"":""点"",""kind"":""number""},{""raw"":""22票"",""value"":22,""unit"":""票"",""kind"":""number""},{""raw"":""3票"",""value"":3,""unit"":""票"",""kind"":""number""},{""raw"":""8件"",""value"":8,""unit"":""件"",""kind"":""number""}]}]",17224,85258f8a4c9c2c5b8c5b55b3cc0194515060fc02a713bb9780c5a6c3fcfc6515
15,detail,music,2006,https://toho-vote.info/result15/music/2006.php,投票結果：天使伝説 - 第15回 東方Project 人気投票,"[{""kind"":""title"",""text"":""投票結果：天使伝説 - 第15回 東方Project 人気投票"",""numbers"":[]},{""kind"":""item_heading"",""text"":""天使伝説（383位）"",""numbers"":[{""raw"":""383位"",""value"":383,""unit"":""位"",""kind"":""number""}]},{""kind"":""item_statistics"",""text"":""ポイント：20点 ｜ 得票数：20票 ｜ 一押し数：0票 ｜ コメント数：0件 リストへ戻る"",""numbers"":[{""raw"":""20点"",""value"":20,""unit"":""点"",""kind"":""number""},{""raw"":""20票"",""value"":20,""unit"":""票"",""kind"":""number""},{""raw"":""0票"",""value"":0,""unit"":""票"",""kind"":""number""},{""raw"":""0件"",""value"":0,""unit"":""件"",""kind"":""number""}]}]",15982,9586f87148924183c7423c33431066441c81eec79a35aefa065f5d5e63cb1e4e
15,detail,music,2007,https://toho-vote.info/result15/music/2007.php,投票結果：Oriental Magician - 第15回 東方Project 人気投票,"[{""kind"":""title"",""text"":""投票結果：Oriental Magician - 第15回 東方Project 人気投票"",""numbers"":[]},{""kind"":""item_heading"",""text"":""Oriental Magician（461位）"",""numbers"":[{""raw"":""461位"",""value"":461,""unit"":""位"",""kind"":""number""}]},{""kind"":""item_statistics"",""text"":""ポイント：6点 ｜ 得票数：5票 ｜ 一押し数：1票 ｜ コメント数：0件 リストへ戻る"",""numbers"":[{""raw"":""6点"",""value"":6,""unit"":""点"",""kind"":""number""},{""raw"":""5票"",""value"":5,""unit"":""票"",""kind"":""number""},{""raw"":""1票"",""value"":1,""unit"":""票"",""kind"":""number""},{""raw"":""0件"",""value"":0,""unit"":""件"",""kind"":""number""}]}]",15890,4aab5d3220a45055be1794d4ee0530a8c97f4b7d0a12dbd4874d8d89150afc91
15,detail,music,2008,https://toho-vote.info/result15/music/2008.php,投票結果：破邪の小太刀 - 第15回 東方Project 人気投票,"[{""kind"":""title"",""text"":""投票結果：破邪の小太刀 - 第15回 東方Project 人気投票"",""numbers"":[]},{""kind"":""item_heading"",""text"":""破邪の小太刀（414位）"",""numbers"":[{""raw"":""414位"",""value"":414,""unit"":""位"",""kind"":""number""}]},{""kind"":""item_statistics"",""text"":""ポイント：13点 ｜ 得票数：13票 ｜ 一押し数：0票 ｜ コメント数：2件 リストへ戻る"",""numbers"":[{""raw"":""13点"",""value"":13,""unit"":""点"",""kind"":""number""},{""raw"":""13票"",""value"":13,""unit"":""票"",""kind"":""number""},{""raw"":""0票"",""value"":0,""unit"":""票"",""kind"":""number""},{""raw"":""2件"",""value"":2,""unit"":""件"",""kind"":""number""}]}]",16188,169565f7241d091703a63f9b99ced7c6722df1cf420d831014947ad33cba423e
15,detail,music,2009,https://toho-vote.info/result15/music/2009.php,投票結果：魔鏡 - 第15回 東方Project 人気投票,"[{""kind"":""title"",""text"":""投票結果：魔鏡 - 第15回 東方Project 人気投票"",""numbers"":[]},{""kind"":""item_heading"",""text"":""魔鏡（308位）"",""numbers"":[{""raw"":""308位"",""value"":308,""unit"":""位"",""kind"":""number""}]},{""kind"":""item_statistics"",""text"":""ポイント：48点 ｜ 得票数：45票 ｜ 一押し数：3票 ｜ コメント数：7件 リストへ戻る"",""numbers"":[{""raw"":""48点"",""value"":48,""unit"":""点"",""kind"":""number""},{""raw"":""45票"",""value"":45,""unit"":""票"",""kind"":""number""},{""raw"":""3票"",""value"":3,""unit"":""票"",""kind"":""number""},{""raw"":""7件"",""value"":7,""unit"":""件"",""kind"":""number""}]}]",16795,44ddeed60ec84443863fc0c7e696da00f416b58fff29c65d09077c93489b21cf
15,detail,music,2010,https://toho-vote.info/result15/music/2010.php,投票結果：the Legend of KAGE - 第15回 東方Project 人気投票,"[{""kind"":""title"",""text"":""投票結果：the Legend of KAGE - 第15回 東方Project 人気投票"",""numbers"":[]},{""kind"":""item_heading"",""text"":""the Legend of KAGE（431位）"",""numbers"":[{""raw"":""431位"",""value"":431,""unit"":""位"",""kind"":""number""}]},{""kind"":""item_statistics"",""text"":""ポイント：10点 ｜ 得票数：9票 ｜ 一押し数：1票 ｜ コメント数：2件 リストへ戻る"",""numbers"":[{""raw"":""10点"",""value"":10,""unit"":""点"",""kind"":""number""},{""raw"":""9票"",""value"":9,""unit"":""票"",""kind"":""number""},{""raw"":""1票"",""value"":1,""unit"":""票"",""kind"":""number""},{""raw"":""2件"",""value"":2,""unit"":""件"",""kind"":""number""}]}]",16293,7b3fba3747fd91cdb58dfde77c59b640f1f61f349f91081adcec36bc4cbeedb9
15,detail,music,2011,https://toho-vote.info/result15/music/2011.php,投票結果：いざ、倒れ逝くその時まで - 第15回 東方Project 人気投票,"[{""kind"":""title"",""text"":""投票結果：いざ、倒れ逝くその時まで - 第15回 東方Project 人気投票"",""numbers"":[]},{""kind"":""item_heading"",""text"":""いざ、倒れ逝くその時まで（133位）"",""numbers"":[{""raw"":""133位"",""value"":133,""unit"":""位"",""kind"":""number""}]},{""kind"":""item_statistics"",""text"":""ポイント：340点 ｜ 得票数：317票 ｜ 一押し数：23票 ｜ コメント数：39件 リストへ戻る"",""numbers"":[{""raw"":""340点"",""value"":340,""unit"":""点"",""kind"":""number""},{""raw"":""317票"",""value"":317,""unit"":""票"",""kind"":""number""},{""raw"":""23票"",""value"":23,""unit"":""票"",""kind"":""number""},{""raw"":""39件"",""value"":39,""unit"":""件"",""kind"":""number""}]}]",19502,5fbc19be18c04b5be3d3a04d999629f9c821b2c13189e9d209a972502a3e7960
15,detail,music,2012,https://toho-vote.info/result15/music/2012.php,投票結果：Civilization of Magic - 第15回 東方Project 人気投票,"[{""kind"":""title"",""text"":""投票結果：Civilization of Magic - 第15回 東方Project 人気投票"",""numbers"":[]},{""kind"":""item_heading"",""text"":""Civilization of Magic（304位）"",""numbers"":[{""raw"":""304位"",""value"":304,""unit"":""位"",""kind"":""number""}]},{""kind"":""item_statistics"",""text"":""ポイント：50点 ｜ 得票数：45票 ｜ 一押し数：5票 ｜ コメント数：5件 リストへ戻る"",""numbers"":[{""raw"":""50点"",""value"":50,""unit"":""点"",""kind"":""number""},{""raw"":""45票"",""value"":45,""unit"":""票"",""kind"":""number""},{""raw"":""5票"",""value"":5,""unit"":""票"",""kind"":""number""},{""raw"":""5件"",""value"":5,""unit"":""件"",""kind"":""number""}]}]",16605,6682f91922b371341079b06343fdb72084e5f248489fe6dacd7da91e6dc62106
15,detail,music,2013,https://toho-vote.info/result15/music/2013.php,投票結果：星幽剣士（星幽天使） - 第15回 東方Project 人気投票,"[{""kind"":""title"",""text"":""投票結果：星幽剣士（星幽天使） - 第15回 東方Project 人気投票"",""numbers"":[]},{""kind"":""item_heading"",""text"":""星幽剣士（星幽天使）（261位）"",""numbers"":[{""raw"":""261位"",""value"":261,""unit"":""位"",""kind"":""number""}]},{""kind"":""item_statistics"",""text"":""ポイント：76点 ｜ 得票数：71票 ｜ 一押し数：5票 ｜ コメント数：9件 リストへ戻る"",""numbers"":[{""raw"":""76点"",""value"":76,""unit"":""点"",""kind"":""number""},{""raw"":""71票"",""value"":71,""unit"":""票"",""kind"":""number""},{""raw"":""5票"",""value"":5,""unit"":""票"",""kind"":""number""},{""raw"":""9件"",""value"":9,""unit"":""件"",""kind"":""number""}]}]",16867,f3b832c3d8de19ef9733234109f59d72c304e0614d939f74342f3775127ffc59
15,detail,music,2014,https://toho-vote.info/result15/music/2014.php,投票結果：アイリス - 第15回 東方Project 人気投票,"[{""kind"":""title"",""text"":""投票結果：アイリス - 第15回 東方Project 人気投票"",""numbers"":[]},{""kind"":""item_heading"",""text"":""アイリス（423位）"",""numbers"":[{""raw"":""423位"",""value"":423,""unit"":""位"",""kind"":""number""}]},{""kind"":""item_statistics"",""text"":""ポイント：11点 ｜ 得票数：11票 ｜ 一押し数：0票 ｜ コメント数：0件 リストへ戻る"",""numbers"":[{""raw"":""11点"",""value"":11,""unit"":""点"",""kind"":""number""},{""raw"":""11票"",""value"":11,""unit"":""票"",""kind"":""number""},{""raw"":""0票"",""value"":0,""unit"":""票"",""kind"":""number""},{""raw"":""0件"",""value"":0,""unit"":""件"",""kind"":""number""}]}]",15937,64738405fc5c81709091a760c5fdfa87eb31d647b82af1bc1b6b6522d56f6674
15,detail,music,2015,https://toho-vote.info/result15/music/2015.php,投票結果：風の神社 - 第15回 東方Project 人気投票,"[{""kind"":""title"",""text"":""投票結果：風の神社 - 第15回 東方Project 人気投票"",""numbers"":[]},{""kind"":""item_heading"",""text"":""風の神社（323位）"",""numbers"":[{""raw"":""323位"",""value"":323,""unit"":""位"",""kind"":""number""}]},{""kind"":""item_statistics"",""text"":""ポイント：41点 ｜ 得票数：38票 ｜ 一押し数：3票 ｜ コメント数：12件 リストへ戻る"",""numbers"":[{""raw"":""41点"",""value"":41,""unit"":""点"",""kind"":""number""},{""raw"":""38票"",""value"":38,""unit"":""票"",""kind"":""number""},{""raw"":""3票"",""value"":3,""unit"":""票"",""kind"":""number""},{""raw"":""12件"",""value"":12,""unit"":""件"",""kind"":""number""}]}]",17039,01e90f0f7113c22e0a6d87d5a2436cf82c7a8337fda7c271c3876fd312e25edf
15,detail,music,2016,https://toho-vote.info/result15/music/2016.php,投票結果：東方封魔録 ～ 浄土曼荼羅 - 第15回 東方Project 人気投票,"[{""kind"":""title"",""text"":""投票結果：東方封魔録 ～ 浄土曼荼羅 - 第15回 東方Project 人気投票"",""numbers"":[]},{""kind"":""item_heading"",""text"":""東方封魔録 ～ 浄土曼荼羅（442位）"",""numbers"":[{""raw"":""442位"",""value"":442,""unit"":""位"",""kind"":""number""}]},{""kind"":""item_statistics"",""text"":""ポイント：8点 ｜ 得票数：8票 ｜ 一押し数：0票 ｜ コメント数：2件 リストへ戻る"",""numbers"":[{""raw"":""8点"",""value"":8,""unit"":""点"",""kind"":""number""},{""raw"":""8票"",""value"":8,""unit"":""票"",""kind"":""number""},{""raw"":""0票"",""value"":0,""unit"":""票"",""kind"":""number""},{""raw"":""2件"",""value"":2,""unit"":""件"",""kind"":""number""}]}]",16197,848e354f70b2e238fda67efd0653540a09dcc9b1ec9b2f7639d0afe6840e24c6
15,detail,music,2017,https://toho-vote.info/result15/music/2017.php,投票結果：博麗 ～ Eastern Wind - 第15回 東方Project 人気投票,"[{""kind"":""title"",""text"":""投票結果：博麗 ～ Eastern Wind - 第15回 東方Project 人気投票"",""numbers"":[]},{""kind"":""item_heading"",""text"":""博麗 ～ Eastern Wind（350位）"",""numbers"":[{""raw"":""350位"",""value"":350,""unit"":""位"",""kind"":""number""}]},{""kind"":""item_statistics"",""text"":""ポイント：32点 ｜ 得票数：30票 ｜ 一押し数：2票 ｜ コメント数：5件 リストへ戻る"",""numbers"":[{""raw"":""32点"",""value"":32,""unit"":""点"",""kind"":""number""},{""raw"":""30票"",""value"":30,""unit"":""票"",""kind"":""number""},{""raw"":""2票"",""value"":2,""unit"":""票"",""kind"":""number""},{""raw"":""5件"",""value"":5,""unit"":""件"",""kind"":""number""}]}]",16801,df8bdbff4fc7e0c34788e909166a7e97eeb9686baccc89e6247f77ba5e2f4d67
15,detail,music,2018,https://toho-vote.info/result15/music/2018.php,投票結果：She's in a temper!! - 第15回 東方Project 人気投票,"[{""kind"":""title"",""text"":""投票結果：She's in a temper!! - 第15回 東方Project 人気投票"",""numbers"":[]},{""kind"":""item_heading"",""text"":""She's in a temper!!（411位）"",""numbers"":[{""raw"":""411位"",""value"":411,""unit"":""位"",""kind"":""number""}]},{""kind"":""item_statistics"",""text"":""ポイント：14点 ｜ 得票数：13票 ｜ 一押し数：1票 ｜ コメント数：3件 リストへ戻る"",""numbers"":[{""raw"":""14点"",""value"":14,""unit"":""点"",""kind"":""number""},{""raw"":""13票"",""value"":13,""unit"":""票"",""kind"":""number""},{""raw"":""1票"",""value"":1,""unit"":""票"",""kind"":""number""},{""raw"":""3件"",""value"":3,""unit"":""件"",""kind"":""number""}]}]",16803,6a36951190fad462deaa6d0b4417abb39fe32a31d856c1e89282cd56f2244e10
15,detail,music,2019,https://toho-vote.info/result15/music/2019.php,投票結果：End of Daylight - 第15回 東方Project 人気投票,"[{""kind"":""title"",""text"":""投票結果：End of Daylight - 第15回 東方Project 人気投票"",""numbers"":[]},{""kind"":""item_heading"",""text"":""End of Daylight（338位）"",""numbers"":[{""raw"":""338位"",""value"":338,""unit"":""位"",""kind"":""number""}]},{""kind"":""item_statistics"",""text"":""ポイント：36点 ｜ 得票数：34票 ｜ 一押し数：2票 ｜ コメント数：9件 リストへ戻る"",""numbers"":[{""raw"":""36点"",""value"":36,""unit"":""点"",""kind"":""number""},{""raw"":""34票"",""value"":34,""unit"":""票"",""kind"":""number""},{""raw"":""2票"",""value"":2,""unit"":""票"",""kind"":""number""},{""raw"":""9件"",""value"":9,""unit"":""件"",""kind"":""number""}]}]",16579,f8269f41cd9c84aa8252077609cdf065deb7a3e62935c701b6dfe0ec1799bad7
15,detail,music,2020,https://toho-vote.info/result15/music/2020.php,投票結果：やみのちから - 第15回 東方Project 人気投票,"[{""kind"":""title"",""text"":""投票結果：やみのちから - 第15回 東方Project 人気投票"",""numbers"":[]},{""kind"":""item_heading"",""text"":""やみのちから（407位）"",""numbers"":[{""raw"":""407位"",""value"":407,""unit"":""位"",""kind"":""number""}]},{""kind"":""item_statistics"",""text"":""ポイント：15点 ｜ 得票数：15票 ｜ 一押し数：0票 ｜ コメント数：1件 リストへ戻る"",""numbers"":[{""raw"":""15点"",""value"":15,""unit"":""点"",""kind"":""number""},{""raw"":""15票"",""value"":15,""unit"":""票"",""kind"":""number""},{""raw"":""0票"",""value"":0,""unit"":""票"",""kind"":""number""},{""raw"":""1件"",""value"":1,""unit"":""件"",""kind"":""number""}]}]",16110,ed851e61dfe95fd857012914db32d81a486dcf0420bc85d32610eaeeb9bfa81e
15,detail,music,2021,https://toho-vote.info/result15/music/2021.php,投票結果：幻夢界 - 第15回 東方Project 人気投票,"[{""kind"":""title"",""text"":""投票結果：幻夢界 - 第15回 東方Project 人気投票"",""numbers"":[]},{""kind"":""item_heading"",""text"":""幻夢界（397位）"",""numbers"":[{""raw"":""397位"",""value"":397,""unit"":""位"",""kind"":""number""}]},{""kind"":""item_statistics"",""text"":""ポイント：17点 ｜ 得票数：15票 ｜ 一押し数：2票 ｜ コメント数：3件 リストへ戻る"",""numbers"":[{""raw"":""17点"",""value"":17,""unit"":""点"",""kind"":""number""},{""raw"":""15票"",""value"":15,""unit"":""票"",""kind"":""number""},{""raw"":""2票"",""value"":2,""unit"":""票"",""kind"":""number""},{""raw"":""3件"",""value"":3,""unit"":""件"",""kind"":""number""}]}]",16232,b4ac7ebab0d47862ee855aaa93c004cb60b11f414edbaf30617dea9ca0c54cb7
15,detail,music,2022,https://toho-vote.info/result15/music/2022.php,投票結果：死を賭して - 第15回 東方Project 人気投票,"[{""kind"":""title"",""text"":""投票結果：死を賭して - 第15回 東方Project 人気投票"",""numbers"":[]},{""kind"":""item_heading"",""text"":""死を賭して（489位）"",""numbers"":[{""raw"":""489位"",""value"":489,""unit"":""位"",""kind"":""number""}]},{""kind"":""item_statistics"",""text"":""ポイント：3点 ｜ 得票数：3票 ｜ 一押し数：0票 ｜ コメント数：0件 リストへ戻る"",""numbers"":[{""raw"":""3点"",""value"":3,""unit"":""点"",""kind"":""number""},{""raw"":""3票"",""value"":3,""unit"":""票"",""kind"":""number""},{""raw"":""0票"",""value"":0,""unit"":""票"",""kind"":""number""},{""raw"":""0件"",""value"":0,""unit"":""件"",""kind"":""number""}]}]",15988,e1b7dd87cb41bf9c66118ec9767859f4d849fec81c1ddecf0c8c080a6e078edc
15,detail,music,2023,https://toho-vote.info/result15/music/2023.php,投票結果：ひもろぎ、むらさきにもえ - 第15回 東方Project 人気投票,"[{""kind"":""title"",""text"":""投票結果：ひもろぎ、むらさきにもえ - 第15回 東方Project 人気投票"",""numbers"":[]},{""kind"":""item_heading"",""text"":""ひもろぎ、むらさきにもえ（366位）"",""numbers"":[{""raw"":""366位"",""value"":366,""unit"":""位"",""kind"":""number""}]},{""kind"":""item_statistics"",""text"":""ポイント：27点 ｜ 得票数：24票 ｜ 一押し数：3票 ｜ コメント数：3件 リストへ戻る"",""numbers"":[{""raw"":""27点"",""value"":27,""unit"":""点"",""kind"":""number""},{""raw"":""24票"",""value"":24,""unit"":""票"",""kind"":""number""},{""raw"":""3票"",""value"":3,""unit"":""票"",""kind"":""number""},{""raw"":""3件"",""value"":3,""unit"":""件"",""kind"":""number""}]}]",16350,abcb0ad4be72a6e39984a269de0e8dff81a5c93d7d6939cce83f8b9f939e0883
15,detail,music,2025,https://toho-vote.info/result15/music/2025.php,投票結果：東方封魔録 ～ 幽幻乱舞 - 第15回 東方Project 人気投票,"[{""kind"":""title"",""text"":""投票結果：東方封魔録 ～ 幽幻乱舞 - 第15回 東方Project 人気投票"",""numbers"":[]},{""kind"":""item_heading"",""text"":""東方封魔録 ～ 幽幻乱舞（435位）"",""numbers"":[{""raw"":""435位"",""value"":435,""unit"":""位"",""kind"":""number""}]},{""kind"":""item_statistics"",""text"":""ポイント：9点 ｜ 得票数：9票 ｜ 一押し数：0票 ｜ コメント数：1件 リストへ戻る"",""numbers"":[{""raw"":""9点"",""value"":9,""unit"":""点"",""kind"":""number""},{""raw"":""9票"",""value"":9,""unit"":""票"",""kind"":""number""},{""raw"":""0票"",""value"":0,""unit"":""票"",""kind"":""number""},{""raw"":""1件"",""value"":1,""unit"":""件"",""kind"":""number""}]}]",16083,7bbe48ca9288ebc69f83b5fd7da3b32036c5662e7c82b0416a5bc8bf0b783898
15,detail,music,2026,https://toho-vote.info/result15/music/2026.php,投票結果：Complete Darkness - 第15回 東方Project 人気投票,"[{""kind"":""title"",""text"":""投票結果：Complete Darkness - 第15回 東方Project 人気投票"",""numbers"":[]},{""kind"":""item_heading"",""text"":""Complete Darkness（216位）"",""numbers"":[{""raw"":""216位"",""value"":216,""unit"":""位"",""kind"":""number""}]},{""kind"":""item_statistics"",""text"":""ポイント：125点 ｜ 得票数：113票 ｜ 一押し数：12票 ｜ コメント数：13件 リストへ戻る"",""numbers"":[{""raw"":""125点"",""value"":125,""unit"":""点"",""kind"":""number""},{""raw"":""113票"",""value"":113,""unit"":""票"",""kind"":""number""},{""raw"":""12票"",""value"":12,""unit"":""票"",""kind"":""number""},{""raw"":""13件"",""value"":13,""unit"":""件"",""kind"":""number""}]}]",17369,8fc587c99beb0722225783ae3837f16eb61bb1aa4138244634b07505c67784d0
15,detail,music,2027,https://toho-vote.info/result15/music/2027.php,投票結果：エキストララブ - 第15回 東方Project 人気投票,"[{""kind"":""title"",""text"":""投票結果：エキストララブ - 第15回 東方Project 人気投票"",""numbers"":[]},{""kind"":""item_heading"",""text"":""エキストララブ（402位）"",""numbers"":[{""raw"":""402位"",""value"":402,""unit"":""位"",""kind"":""number""}]},{""kind"":""item_statistics"",""text"":""ポイント：16点 ｜ 得票数：16票 ｜ 一押し数：0票 ｜ コメント数：2件 リストへ戻る"",""numbers"":[{""raw"":""16点"",""value"":16,""unit"":""点"",""kind"":""number""},{""raw"":""16票"",""value"":16,""unit"":""票"",""kind"":""number""},{""raw"":""0票"",""value"":0,""unit"":""票"",""kind"":""number""},{""raw"":""2件"",""value"":2,""unit"":""件"",""kind"":""number""}]}]",16510,eee5f4d8ec6d416cfe610bcbb5ffd35a54cb61cd6aab150678c6f5cda89c8de2
15,detail,music,2028,https://toho-vote.info/result15/music/2028.php,投票結果：戦車むすめのみるゆめ - 第15回 東方Project 人気投票,"[{""kind"":""title"",""text"":""投票結果：戦車むすめのみるゆめ - 第15回 東方Project 人気投票"",""numbers"":[]},{""kind"":""item_heading"",""text"":""戦車むすめのみるゆめ（296位）"",""numbers"":[{""raw"":""296位"",""value"":296,""unit"":""位"",""kind"":""number""}]},{""kind"":""item_statistics"",""text"":""ポイント：52点 ｜ 得票数：47票 ｜ 一押し数：5票 ｜ コメント数：10件 リストへ戻る"",""numbers"":[{""raw"":""52点"",""value"":52,""unit"":""点"",""kind"":""number""},{""raw"":""47票"",""value"":47,""unit"":""票"",""kind"":""number""},{""raw"":""5票"",""value"":5,""unit"":""票"",""kind"":""number""},{""raw"":""10件"",""value"":10,""unit"":""件"",""kind"":""number""}]}]",17225,3b61a8aee924b512d150881c8a04661448550788305b40b40bdf5bd192c99924
15,detail,music,2029,https://toho-vote.info/result15/music/2029.php,投票結果：遠野の森 - 第15回 東方Project 人気投票,"[{""kind"":""title"",""text"":""投票結果：遠野の森 - 第15回 東方Project 人気投票"",""numbers"":[]},{""kind"":""item_heading"",""text"":""遠野の森（481位）"",""numbers"":[{""raw"":""481位"",""value"":481,""unit"":""位"",""kind"":""number""}]},{""kind"":""item_statistics"",""text"":""ポイント：4点 ｜ 得票数：3票 ｜ 一押し数：1票 ｜ コメント数：1件 リストへ戻る"",""numbers"":[{""raw"":""4点"",""value"":4,""unit"":""点"",""kind"":""number""},{""raw"":""3票"",""value"":3,""unit"":""票"",""kind"":""number""},{""raw"":""1票"",""value"":1,""unit"":""票"",""kind"":""number""},{""raw"":""1件"",""value"":1,""unit"":""件"",""kind"":""number""}]}]",15869,442f8567dbec95e57b8d9cd113a487d93896fda1910c0fda69eeb28796de86ae
15,detail,music,2030,https://toho-vote.info/result15/music/2030.php,投票結果：昔話わんだーらんど - 第15回 東方Project 人気投票,"[{""kind"":""title"",""text"":""投票結果：昔話わんだーらんど - 第15回 東方Project 人気投票"",""numbers"":[]},{""kind"":""item_heading"",""text"":""昔話わんだーらんど（377位）"",""numbers"":[{""raw"":""377位"",""value"":377,""unit"":""位"",""kind"":""number""}]},{""kind"":""item_statistics"",""text"":""ポイント：23点 ｜ 得票数：21票 ｜ 一押し数：2票 ｜ コメント数：1件 リストへ戻る"",""numbers"":[{""raw"":""23点"",""value"":23,""unit"":""点"",""kind"":""number""},{""raw"":""21票"",""value"":21,""unit"":""票"",""kind"":""number""},{""raw"":""2票"",""value"":2,""unit"":""票"",""kind"":""number""},{""raw"":""1件"",""value"":1,""unit"":""件"",""kind"":""number""}]}]",16215,b3741ca0797b98a9320238215c47a1dfb0a561dff99ebd3622383e487bb47013
15,detail,music,2031,https://toho-vote.info/result15/music/2031.php,投票結果：博麗神社境内 - 第15回 東方Project 人気投票,"[{""kind"":""title"",""text"":""投票結果：博麗神社境内 - 第15回 東方Project 人気投票"",""numbers"":[]},{""kind"":""item_heading"",""text"":""博麗神社境内（397位）"",""numbers"":[{""raw"":""397位"",""value"":397,""unit"":""位"",""kind"":""number""}]},{""kind"":""item_statistics"",""text"":""ポイント：17点 ｜ 得票数：17票 ｜ 一押し数：0票 ｜ コメント数：4件 リストへ戻る"",""numbers"":[{""raw"":""17点"",""value"":17,""unit"":""点"",""kind"":""number""},{""raw"":""17票"",""value"":17,""unit"":""票"",""kind"":""number""},{""raw"":""0票"",""value"":0,""unit"":""票"",""kind"":""number""},{""raw"":""4件"",""value"":4,""unit"":""件"",""kind"":""number""}]}]",16336,3e6b38f6267ab0b9c134c80856beb59b1ef913388f41266ac78dc3a45cfc4288
15,detail,music,2032,https://toho-vote.info/result15/music/2032.php,投票結果：陽落ちて - 第15回 東方Project 人気投票,"[{""kind"":""title"",""text"":""投票結果：陽落ちて - 第15回 東方Project 人気投票"",""numbers"":[]},{""kind"":""item_heading"",""text"":""陽落ちて（505位）"",""numbers"":[{""raw"":""505位"",""value"":505,""unit"":""位"",""kind"":""number""}]},{""kind"":""item_statistics"",""text"":""ポイント：2点 ｜ 得票数：2票 ｜ 一押し数：0票 ｜ コメント数：1件 リストへ戻る"",""numbers"":[{""raw"":""2点"",""value"":2,""unit"":""点"",""kind"":""number""},{""raw"":""2票"",""value"":2,""unit"":""票"",""kind"":""number""},{""raw"":""0票"",""value"":0,""unit"":""票"",""kind"":""number""},{""raw"":""1件"",""value"":1,""unit"":""件"",""kind"":""number""}]}]",16037,704581807f65d491587e828a34b5742436a5a1422e949eea16e523f7c4e2534a
15,detail,music,2033,https://toho-vote.info/result15/music/2033.php,投票結果：封魔終演 - 第15回 東方Project 人気投票,"[{""kind"":""title"",""text"":""投票結果：封魔終演 - 第15回 東方Project 人気投票"",""numbers"":[]},{""kind"":""item_heading"",""text"":""封魔終演（481位）"",""numbers"":[{""raw"":""481位"",""value"":481,""unit"":""位"",""kind"":""number""}]},{""kind"":""item_statistics"",""text"":""ポイント：4点 ｜ 得票数：4票 ｜ 一押し数：0票 ｜ コメント数：0件 リストへ戻る"",""numbers"":[{""raw"":""4点"",""value"":4,""unit"":""点"",""kind"":""number""},{""raw"":""4票"",""value"":4,""unit"":""票"",""kind"":""number""},{""raw"":""0票"",""value"":0,""unit"":""票"",""kind"":""number""},{""raw"":""0件"",""value"":0,""unit"":""件"",""kind"":""number""}]}]",15862,4b1f078126a61d1d9f1ddf3dd2e548af3f409d236fa4766864f93c1d34f3419b
15,detail,music,2034,https://toho-vote.info/result15/music/2034.php,投票結果：夢は時空を越えて - 第15回 東方Project 人気投票,"[{""kind"":""title"",""text"":""投票結果：夢は時空を越えて - 第15回 東方Project 人気投票"",""numbers"":[]},{""kind"":""item_heading"",""text"":""夢は時空を越えて（326位）"",""numbers"":[{""raw"":""326位"",""value"":326,""unit"":""位"",""kind"":""number""}]},{""kind"":""item_statistics"",""text"":""ポイント：40点 ｜ 得票数：38票 ｜ 一押し数：2票 ｜ コメント数：4件 リストへ戻る"",""numbers"":[{""raw"":""40点"",""value"":40,""unit"":""点"",""kind"":""number""},{""raw"":""38票"",""value"":38,""unit"":""票"",""kind"":""number""},{""raw"":""2票"",""value"":2,""unit"":""票"",""kind"":""number""},{""raw"":""4件"",""value"":4,""unit"":""件"",""kind"":""number""}]}]",16366,de2f02f4167077fddfe079750642c86cfd58220a77a0e83dc38f11dfaa221e00
15,detail,music,2035,https://toho-vote.info/result15/music/2035.php,投票結果：Selection - 第15回 東方Project 人気投票,"[{""kind"":""title"",""text"":""投票結果：Selection - 第15回 東方Project 人気投票"",""numbers"":[]},{""kind"":""item_heading"",""text"":""Selection（472位）"",""numbers"":[{""raw"":""472位"",""value"":472,""unit"":""位"",""kind"":""number""}]},{""kind"":""item_statistics"",""text"":""ポイント：5点 ｜ 得票数：5票 ｜ 一押し数：0票 ｜ コメント数：2件 リストへ戻る"",""numbers"":[{""raw"":""5点"",""value"":5,""unit"":""点"",""kind"":""number""},{""raw"":""5票"",""value"":5,""unit"":""票"",""kind"":""number""},{""raw"":""0票"",""value"":0,""unit"":""票"",""kind"":""number""},{""raw"":""2件"",""value"":2,""unit"":""件"",""kind"":""number""}]}]",16063,29a591039862385113da93042803f171dd7234e0e0c0c5f8b8adae4f4e2d008d
15,detail,music,2038,https://toho-vote.info/result15/music/2038.php,投票結果：Dim. Dream - 第15回 東方Project 人気投票,"[{""kind"":""title"",""text"":""投票結果：Dim. Dream - 第15回 東方Project 人気投票"",""numbers"":[]},{""kind"":""item_heading"",""text"":""Dim. Dream（290位）"",""numbers"":[{""raw"":""290位"",""value"":290,""unit"":""位"",""kind"":""number""}]},{""kind"":""item_statistics"",""text"":""ポイント：53点 ｜ 得票数：50票 ｜ 一押し数：3票 ｜ コメント数：8件 リストへ戻る"",""numbers"":[{""raw"":""53点"",""value"":53,""unit"":""点"",""kind"":""number""},{""raw"":""50票"",""value"":50,""unit"":""票"",""kind"":""number""},{""raw"":""3票"",""value"":3,""unit"":""票"",""kind"":""number""},{""raw"":""8件"",""value"":8,""unit"":""件"",""kind"":""number""}]}]",16904,0a32474fab72acd108b2bc08f470232109c48a3144eb4bd88f94376786e894f8
15,detail,music,2039,https://toho-vote.info/result15/music/2039.php,投票結果：Tabula rasa ～ 空白少女 - 第15回 東方Project 人気投票,"[{""kind"":""title"",""text"":""投票結果：Tabula rasa ～ 空白少女 - 第15回 東方Project 人気投票"",""numbers"":[]},{""kind"":""item_heading"",""text"":""Tabula rasa ～ 空白少女（221位）"",""numbers"":[{""raw"":""221位"",""value"":221,""unit"":""位"",""kind"":""number""}]},{""kind"":""item_statistics"",""text"":""ポイント：123点 ｜ 得票数：113票 ｜ 一押し数：10票 ｜ コメント数：22件 リストへ戻る"",""numbers"":[{""raw"":""123点"",""value"":123,""unit"":""点"",""kind"":""number""},{""raw"":""113票"",""value"":113,""unit"":""票"",""kind"":""number""},{""raw"":""10票"",""value"":10,""unit"":""票"",""kind"":""number""},{""raw"":""22件"",""value"":22,""unit"":""件"",""kind"":""number""}]}]",18226,5f4d8472ec66bf5a2ff712a5e4157e3f8b3a8b79d72892303751be69581b4402
15,detail,music,2040,https://toho-vote.info/result15/music/2040.php,投票結果：Maniacal Princess - 第15回 東方Project 人気投票,"[{""kind"":""title"",""text"":""投票結果：Maniacal Princess - 第15回 東方Project 人気投票"",""numbers"":[]},{""kind"":""item_heading"",""text"":""Maniacal Princess（377位）"",""numbers"":[{""raw"":""377位"",""value"":377,""unit"":""位"",""kind"":""number""}]},{""kind"":""item_statistics"",""text"":""ポイント：23点 ｜ 得票数：21票 ｜ 一押し数：2票 ｜ コメント数：7件 リストへ戻る"",""numbers"":[{""raw"":""23点"",""value"":23,""unit"":""点"",""kind"":""number""},{""raw"":""21票"",""value"":21,""unit"":""票"",""kind"":""number""},{""raw"":""2票"",""value"":2,""unit"":""票"",""kind"":""number""},{""raw"":""7件"",""value"":7,""unit"":""件"",""kind"":""number""}]}]",16843,a6a2607452b8afac9b695a9158b289f05a4ef471b5315fed4b7a53231fd913dd
15,detail,music,2041,https://toho-vote.info/result15/music/2041.php,投票結果：夢消失 ～ Lost Dream - 第15回 東方Project 人気投票,"[{""kind"":""title"",""text"":""投票結果：夢消失 ～ Lost Dream - 第15回 東方Project 人気投票"",""numbers"":[]},{""kind"":""item_heading"",""text"":""夢消失 ～ Lost Dream（88位）"",""numbers"":[{""raw"":""88位"",""value"":88,""unit"":""位"",""kind"":""number""}]},{""kind"":""item_statistics"",""text"":""ポイント：581点 ｜ 得票数：529票 ｜ 一押し数：52票 ｜ コメント数：50件 リストへ戻る"",""numbers"":[{""raw"":""581点"",""value"":581,""unit"":""点"",""kind"":""number""},{""raw"":""529票"",""value"":529,""unit"":""票"",""kind"":""number""},{""raw"":""52票"",""value"":52,""unit"":""票"",""kind"":""number""},{""raw"":""50件"",""value"":50,""unit"":""件"",""kind"":""number""}]}]",21549,ae289b55fdce4c29721dfaa66f8d3947c91eaa914b43392e111f7c0413252766
15,detail,music,2042,https://toho-vote.info/result15/music/2042.php,投票結果：夢幻遊戯 ～ Dream War - 第15回 東方Project 人気投票,"[{""kind"":""title"",""text"":""投票結果：夢幻遊戯 ～ Dream War - 第15回 東方Project 人気投票"",""numbers"":[]},{""kind"":""item_heading"",""text"":""夢幻遊戯 ～ Dream War（350位）"",""numbers"":[{""raw"":""350位"",""value"":350,""unit"":""位"",""kind"":""number""}]},{""kind"":""item_statistics"",""text"":""ポイント：32点 ｜ 得票数：29票 ｜ 一押し数：3票 ｜ コメント数：5件 リストへ戻る"",""numbers"":[{""raw"":""32点"",""value"":32,""unit"":""点"",""kind"":""number""},{""raw"":""29票"",""value"":29,""unit"":""票"",""kind"":""number""},{""raw"":""3票"",""value"":3,""unit"":""票"",""kind"":""number""},{""raw"":""5件"",""value"":5,""unit"":""件"",""kind"":""number""}]}]",16761,42e0cefe8f7cef3bebb586c4384302aafceedde05150f42bbe2b3759eb07354d
15,detail,music,2043,https://toho-vote.info/result15/music/2043.php,投票結果：魔法決戦！ ～ Fight it out! - 第15回 東方Project 人気投票,"[{""kind"":""title"",""text"":""投票結果：魔法決戦！ ～ Fight it out! - 第15回 東方Project 人気投票"",""numbers"":[]},{""kind"":""item_heading"",""text"":""魔法決戦！ ～ Fight it out!（423位）"",""numbers"":[{""raw"":""423位"",""value"":423,""unit"":""位"",""kind"":""number""}]},{""kind"":""item_statistics"",""text"":""ポイント：11点 ｜ 得票数：11票 ｜ 一押し数：0票 ｜ コメント数：2件 リストへ戻る"",""numbers"":[{""raw"":""11点"",""value"":11,""unit"":""点"",""kind"":""number""},{""raw"":""11票"",""value"":11,""unit"":""票"",""kind"":""number""},{""raw"":""0票"",""value"":0,""unit"":""票"",""kind"":""number""},{""raw"":""2件"",""value"":2,""unit"":""件"",""kind"":""number""}]}]",16261,d168a963d38c3ff13082f3a1c46a9304210b4d9c14f18997dee8b4bc2fd6c9aa
15,detail,music,2044,https://toho-vote.info/result15/music/2044.php,投票結果：Sailor of Time - 第15回 東方Project 人気投票,"[{""kind"":""title"",""text"":""投票結果：Sailor of Time - 第15回 東方Project 人気投票"",""numbers"":[]},{""kind"":""item_heading"",""text"":""Sailor of Time（318位）"",""numbers"":[{""raw"":""318位"",""value"":318,""unit"":""位"",""kind"":""number""}]},{""kind"":""item_statistics"",""text"":""ポイント：42点 ｜ 得票数：39票 ｜ 一押し数：3票 ｜ コメント数：6件 リストへ戻る"",""numbers"":[{""raw"":""42点"",""value"":42,""unit"":""点"",""kind"":""number""},{""raw"":""39票"",""value"":39,""unit"":""票"",""kind"":""number""},{""raw"":""3票"",""value"":3,""unit"":""票"",""kind"":""number""},{""raw"":""6件"",""value"":6,""unit"":""件"",""kind"":""number""}]}]",16492,a35127f892c59da1e76e8f6a4ce4c0f0086d6667770958481e99cb5955a99bee
15,detail,music,2045,https://toho-vote.info/result15/music/2045.php,投票結果：Strawberry Crisis!! - 第15回 東方Project 人気投票,"[{""kind"":""title"",""text"":""投票結果：Strawberry Crisis!! - 第15回 東方Project 人気投票"",""numbers"":[]},{""kind"":""item_heading"",""text"":""Strawberry Crisis!!（136位）"",""numbers"":[{""raw"":""136位"",""value"":136,""unit"":""位"",""kind"":""number""}]},{""kind"":""item_statistics"",""text"":""ポイント：334点 ｜ 得票数：314票 ｜ 一押し数：20票 ｜ コメント数：40件 リストへ戻る"",""numbers"":[{""raw"":""334点"",""value"":334,""unit"":""点"",""kind"":""number""},{""raw"":""314票"",""value"":314,""unit"":""票"",""kind"":""number""},{""raw"":""20票"",""value"":20,""unit"":""票"",""kind"":""number""},{""raw"":""40件"",""value"":40,""unit"":""件"",""kind"":""number""}]}]",19396,74edab9cc2a03194313ee1a1e9e759a8bb381ea4291766d81ec10068bed3afdb
15,detail,music,2046,https://toho-vote.info/result15/music/2046.php,投票結果：非統一魔法世界論 - 第15回 東方Project 人気投票,"[{""kind"":""title"",""text"":""投票結果：非統一魔法世界論 - 第15回 東方Project 人気投票"",""numbers"":[]},{""kind"":""item_heading"",""text"":""非統一魔法世界論（407位）"",""numbers"":[{""raw"":""407位"",""value"":407,""unit"":""位"",""kind"":""number""}]},{""kind"":""item_statistics"",""text"":""ポイント：15点 ｜ 得票数：15票 ｜ 一押し数：0票 ｜ コメント数：2件 リストへ戻る"",""numbers"":[{""raw"":""15点"",""value"":15,""unit"":""点"",""kind"":""number""},{""raw"":""15票"",""value"":15,""unit"":""票"",""kind"":""number""},{""raw"":""0票"",""value"":0,""unit"":""票"",""kind"":""number""},{""raw"":""2件"",""value"":2,""unit"":""件"",""kind"":""number""}]}]",16047,4d09b7f4c60c7801f2b13d77b9c34a4f432d7569b104480430b8427237b23115
15,detail,music,2047,https://toho-vote.info/result15/music/2047.php,投票結果：魔法鐘愛 - 第15回 東方Project 人気投票,"[{""kind"":""title"",""text"":""投票結果：魔法鐘愛 - 第15回 東方Project 人気投票"",""numbers"":[]},{""kind"":""item_heading"",""text"":""魔法鐘愛（442位）"",""numbers"":[{""raw"":""442位"",""value"":442,""unit"":""位"",""kind"":""number""}]},{""kind"":""item_statistics"",""text"":""ポイント：8点 ｜ 得票数：8票 ｜ 一押し数：0票 ｜ コメント数：2件 リストへ戻る"",""numbers"":[{""raw"":""8点"",""value"":8,""unit"":""点"",""kind"":""number""},{""raw"":""8票"",""value"":8,""unit"":""票"",""kind"":""number""},{""raw"":""0票"",""value"":0,""unit"":""票"",""kind"":""number""},{""raw"":""2件"",""value"":2,""unit"":""件"",""kind"":""number""}]}]",16133,dd0baea9e0f63673b5062af9cd1cf8449fed5615e64d5d82d6feaf17d3e605e0
15,detail,music,2048,https://toho-vote.info/result15/music/2048.php,投票結果：久遠の夢 - 第15回 東方Project 人気投票,"[{""kind"":""title"",""text"":""投票結果：久遠の夢 - 第15回 東方Project 人気投票"",""numbers"":[]},{""kind"":""item_heading"",""text"":""久遠の夢（489位）"",""numbers"":[{""raw"":""489位"",""value"":489,""unit"":""位"",""kind"":""number""}]},{""kind"":""item_statistics"",""text"":""ポイント：3点 ｜ 得票数：2票 ｜ 一押し数：1票 ｜ コメント数：0件 リストへ戻る"",""numbers"":[{""raw"":""3点"",""value"":3,""unit"":""点"",""kind"":""number""},{""raw"":""2票"",""value"":2,""unit"":""票"",""kind"":""number""},{""raw"":""1票"",""value"":1,""unit"":""票"",""kind"":""number""},{""raw"":""0件"",""value"":0,""unit"":""件"",""kind"":""number""}]}]",15796,96a68989e9ea212353dac9508622bf8fc21526f63d05463f0b35669af80506ef
15,detail,music,2049,https://toho-vote.info/result15/music/2049.php,投票結果：東方の青い空 - 第15回 東方Project 人気投票,"[{""kind"":""title"",""text"":""投票結果：東方の青い空 - 第15回 東方Project 人気投票"",""numbers"":[]},{""kind"":""item_heading"",""text"":""東方の青い空（505位）"",""numbers"":[{""raw"":""505位"",""value"":505,""unit"":""位"",""kind"":""number""}]},{""kind"":""item_statistics"",""text"":""ポイント：2点 ｜ 得票数：2票 ｜ 一押し数：0票 ｜ コメント数：0件 リストへ戻る"",""numbers"":[{""raw"":""2点"",""value"":2,""unit"":""点"",""kind"":""number""},{""raw"":""2票"",""value"":2,""unit"":""票"",""kind"":""number""},{""raw"":""0票"",""value"":0,""unit"":""票"",""kind"":""number""},{""raw"":""0件"",""value"":0,""unit"":""件"",""kind"":""number""}]}]",15781,eda3cf2b2e45a7774e385ce35e45f239888795c630847aa3697d7b8068a53265
15,detail,music,2050,https://toho-vote.info/result15/music/2050.php,投票結果：永遠の満月 - 第15回 東方Project 人気投票,"[{""kind"":""title"",""text"":""投票結果：永遠の満月 - 第15回 東方Project 人気投票"",""numbers"":[]},{""kind"":""item_heading"",""text"":""永遠の満月（411位）"",""numbers"":[{""raw"":""411位"",""value"":411,""unit"":""位"",""kind"":""number""}]},{""kind"":""item_statistics"",""text"":""ポイント：14点 ｜ 得票数：13票 ｜ 一押し数：1票 ｜ コメント数：0件 リストへ戻る"",""numbers"":[{""raw"":""14点"",""value"":14,""unit"":""点"",""kind"":""number""},{""raw"":""13票"",""value"":13,""unit"":""票"",""kind"":""number""},{""raw"":""1票"",""value"":1,""unit"":""票"",""kind"":""number""},{""raw"":""0件"",""value"":0,""unit"":""件"",""kind"":""number""}]}]",16043,3c47d57141e2cf7a0a833fcd2daccfada882e5caf8e3c18cd9d3c3a808009ed4
15,detail,music,2051,https://toho-vote.info/result15/music/2051.php,投票結果：Maple Dream... - 第15回 東方Project 人気投票,"[{""kind"":""title"",""text"":""投票結果：Maple Dream... - 第15回 東方Project 人気投票"",""numbers"":[]},{""kind"":""item_heading"",""text"":""Maple Dream...（360位）"",""numbers"":[{""raw"":""360位"",""value"":360,""unit"":""位"",""kind"":""number""}]},{""kind"":""item_statistics"",""text"":""ポイント：29点 ｜ 得票数：27票 ｜ 一押し数：2票 ｜ コメント数：5件 リストへ戻る"",""numbers"":[{""raw"":""29点"",""value"":29,""unit"":""点"",""kind"":""number""},{""raw"":""27票"",""value"":27,""unit"":""票"",""kind"":""number""},{""raw"":""2票"",""value"":2,""unit"":""票"",""kind"":""number""},{""raw"":""5件"",""value"":5,""unit"":""件"",""kind"":""number""}]}]",16321,203ff869987d3e9ec9b79fd2a385db1249d566c461e1ec1648a15f945f780ee2
15,detail,music,2052,https://toho-vote.info/result15/music/2052.php,投票結果：霊人の休日 - 第15回 東方Project 人気投票,"[{""kind"":""title"",""text"":""投票結果：霊人の休日 - 第15回 東方Project 人気投票"",""numbers"":[]},{""kind"":""item_heading"",""text"":""霊人の休日（472位）"",""numbers"":[{""raw"":""472位"",""value"":472,""unit"":""位"",""kind"":""number""}]},{""kind"":""item_statistics"",""text"":""ポイント：5点 ｜ 得票数：4票 ｜ 一押し数：1票 ｜ コメント数：1件 リストへ戻る"",""numbers"":[{""raw"":""5点"",""value"":5,""unit"":""点"",""kind"":""number""},{""raw"":""4票"",""value"":4,""unit"":""票"",""kind"":""number""},{""raw"":""1票"",""value"":1,""unit"":""票"",""kind"":""number""},{""raw"":""1件"",""value"":1,""unit"":""件"",""kind"":""number""}]}]",15968,8a3c1aa8277ce002a1c4e22c4082784a1fd100d68ce313fbbd33ef58adcc713b
15,detail,music,2053,https://toho-vote.info/result15/music/2053.php,投票結果：勝利デモ - 第15回 東方Project 人気投票,"[{""kind"":""title"",""text"":""投票結果：勝利デモ - 第15回 東方Project 人気投票"",""numbers"":[]},{""kind"":""item_heading"",""text"":""勝利デモ（519位）"",""numbers"":[{""raw"":""519位"",""value"":519,""unit"":""位"",""kind"":""number""}]},{""kind"":""item_statistics"",""text"":""ポイント：1点 ｜ 得票数：1票 ｜ 一押し数：0票 ｜ コメント数：1件 リストへ戻る"",""numbers"":[{""raw"":""1点"",""value"":1,""unit"":""点"",""kind"":""number""},{""raw"":""1票"",""value"":1,""unit"":""票"",""kind"":""number""},{""raw"":""0票"",""value"":0,""unit"":""票"",""kind"":""number""},{""raw"":""1件"",""value"":1,""unit"":""件"",""kind"":""number""}]}]",16187,5c7019ac17704bc9653089da7d7048a22504054003a39fa8d48584604bc85bf3
15,detail,music,2054,https://toho-vote.info/result15/music/2054.php,投票結果：ゲームオーバー - 第15回 東方Project 人気投票,"[{""kind"":""title"",""text"":""投票結果：ゲームオーバー - 第15回 東方Project 人気投票"",""numbers"":[]},{""kind"":""item_heading"",""text"":""ゲームオーバー（519位）"",""numbers"":[{""raw"":""519位"",""value"":519,""unit"":""位"",""kind"":""number""}]},{""kind"":""item_statistics"",""text"":""ポイント：1点 ｜ 得票数：1票 ｜ 一押し数：0票 ｜ コメント数：0件 リストへ戻る"",""numbers"":[{""raw"":""1点"",""value"":1,""unit"":""点"",""kind"":""number""},{""raw"":""1票"",""value"":1,""unit"":""票"",""kind"":""number""},{""raw"":""0票"",""value"":0,""unit"":""票"",""kind"":""number""},{""raw"":""0件"",""value"":0,""unit"":""件"",""kind"":""number""}]}]",15934,728902991b927433b7af19f93bbffcac70e119f61265f2fefc15cb290f28ae6c
15,detail,music,2055,https://toho-vote.info/result15/music/2055.php,投票結果：時の風 - 第15回 東方Project 人気投票,"[{""kind"":""title"",""text"":""投票結果：時の風 - 第15回 東方Project 人気投票"",""numbers"":[]},{""kind"":""item_heading"",""text"":""時の風（442位）"",""numbers"":[{""raw"":""442位"",""value"":442,""unit"":""位"",""kind"":""number""}]},{""kind"":""item_statistics"",""text"":""ポイント：8点 ｜ 得票数：8票 ｜ 一押し数：0票 ｜ コメント数：2件 リストへ戻る"",""numbers"":[{""raw"":""8点"",""value"":8,""unit"":""点"",""kind"":""number""},{""raw"":""8票"",""value"":8,""unit"":""票"",""kind"":""number""},{""raw"":""0票"",""value"":0,""unit"":""票"",""kind"":""number""},{""raw"":""2件"",""value"":2,""unit"":""件"",""kind"":""number""}]}]",16047,ed9c484715fa4a1cd8d41b2a088f782eadcb44d863d202a661dab57a4845aa10
15,detail,music,2056,https://toho-vote.info/result15/music/2056.php,投票結果：スターボウドリーム - 第15回 東方Project 人気投票,"[{""kind"":""title"",""text"":""投票結果：スターボウドリーム - 第15回 東方Project 人気投票"",""numbers"":[]},{""kind"":""item_heading"",""text"":""スターボウドリーム（418位）"",""numbers"":[{""raw"":""418位"",""value"":418,""unit"":""位"",""kind"":""number""}]},{""kind"":""item_statistics"",""text"":""ポイント：12点 ｜ 得票数：12票 ｜ 一押し数：0票 ｜ コメント数：2件 リストへ戻る"",""numbers"":[{""raw"":""12点"",""value"":12,""unit"":""点"",""kind"":""number""},{""raw"":""12票"",""value"":12,""unit"":""票"",""kind"":""number""},{""raw"":""0票"",""value"":0,""unit"":""票"",""kind"":""number""},{""raw"":""2件"",""value"":2,""unit"":""件"",""kind"":""number""}]}]",16341,4c5ca495fdbd0e681ec3ecbc5c848915b03384af6ea4c322a98e1c32c2a62837
15,detail,music,2057,https://toho-vote.info/result15/music/2057.php,投票結果：Phantasmagoria - 第15回 東方Project 人気投票,"[{""kind"":""title"",""text"":""投票結果：Phantasmagoria - 第15回 東方Project 人気投票"",""numbers"":[]},{""kind"":""item_heading"",""text"":""Phantasmagoria（395位）"",""numbers"":[{""raw"":""395位"",""value"":395,""unit"":""位"",""kind"":""number""}]},{""kind"":""item_statistics"",""text"":""ポイント：18点 ｜ 得票数：16票 ｜ 一押し数：2票 ｜ コメント数：3件 リストへ戻る"",""numbers"":[{""raw"":""18点"",""value"":18,""unit"":""点"",""kind"":""number""},{""raw"":""16票"",""value"":16,""unit"":""票"",""kind"":""number""},{""raw"":""2票"",""value"":2,""unit"":""票"",""kind"":""number""},{""raw"":""3件"",""value"":3,""unit"":""件"",""kind"":""number""}]}]",16287,275763726e8d50ce981c78b540597016131229aa5b761222a556a871710c797a
15,detail,music,2058,https://toho-vote.info/result15/music/2058.php,投票結果：幻想郷 ～ Lotus Land Story - 第15回 東方Project 人気投票,"[{""kind"":""title"",""text"":""投票結果：幻想郷 ～ Lotus Land Story - 第15回 東方Project 人気投票"",""numbers"":[]},{""kind"":""item_heading"",""text"":""幻想郷 ～ Lotus Land Story（461位）"",""numbers"":[{""raw"":""461位"",""value"":461,""unit"":""位"",""kind"":""number""}]},{""kind"":""item_statistics"",""text"":""ポイント：6点 ｜ 得票数：6票 ｜ 一押し数：0票 ｜ コメント数：2件 リストへ戻る"",""numbers"":[{""raw"":""6点"",""value"":6,""unit"":""点"",""kind"":""number""},{""raw"":""6票"",""value"":6,""unit"":""票"",""kind"":""number""},{""raw"":""0票"",""value"":0,""unit"":""票"",""kind"":""number""},{""raw"":""2件"",""value"":2,""unit"":""件"",""kind"":""number""}]}]",16108,662f14ff0d3f0b333762d269e988189a494cc4d299fcc7f8a2af49498f20ed73
15,detail,music,2059,https://toho-vote.info/result15/music/2059.php,投票結果：Witching Dream - 第15回 東方Project 人気投票,"[{""kind"":""title"",""text"":""投票結果：Witching Dream - 第15回 東方Project 人気投票"",""numbers"":[]},{""kind"":""item_heading"",""text"":""Witching Dream（298位）"",""numbers"":[{""raw"":""298位"",""value"":298,""unit"":""位"",""kind"":""number""}]},{""kind"":""item_statistics"",""text"":""ポイント：51点 ｜ 得票数：46票 ｜ 一押し数：5票 ｜ コメント数：8件 リストへ戻る"",""numbers"":[{""raw"":""51点"",""value"":51,""unit"":""点"",""kind"":""number""},{""raw"":""46票"",""value"":46,""unit"":""票"",""kind"":""number""},{""raw"":""5票"",""value"":5,""unit"":""票"",""kind"":""number""},{""raw"":""8件"",""value"":8,""unit"":""件"",""kind"":""number""}]}]",16601,0bc06dd7b3dbf8e118654f9d82bc24e2ce43b5a5f71ae8d63a45fd84a8b37aee
15,detail,music,2060,https://toho-vote.info/result15/music/2060.php,投票結果：Selene's light - 第15回 東方Project 人気投票,"[{""kind"":""title"",""text"":""投票結果：Selene's light - 第15回 東方Project 人気投票"",""numbers"":[]},{""kind"":""item_heading"",""text"":""Selene's light（442位）"",""numbers"":[{""raw"":""442位"",""value"":442,""unit"":""位"",""kind"":""number""}]},{""kind"":""item_statistics"",""text"":""ポイント：8点 ｜ 得票数：8票 ｜ 一押し数：0票 ｜ コメント数：2件 リストへ戻る"",""numbers"":[{""raw"":""8点"",""value"":8,""unit"":""点"",""kind"":""number""},{""raw"":""8票"",""value"":8,""unit"":""票"",""kind"":""number""},{""raw"":""0票"",""value"":0,""unit"":""票"",""kind"":""number""},{""raw"":""2件"",""value"":2,""unit"":""件"",""kind"":""number""}]}]",16192,57de3f8626fef5538289eb4ccb9d0218f9efec2fbbc34529e14fceecdb975f1f
15,detail,music,2061,https://toho-vote.info/result15/music/2061.php,投票結果：装飾戦 ～ Decoration Battle - 第15回 東方Project 人気投票,"[{""kind"":""title"",""text"":""投票結果：装飾戦 ～ Decoration Battle - 第15回 東方Project 人気投票"",""numbers"":[]},{""kind"":""item_heading"",""text"":""装飾戦 ～ Decoration Battle（338位）"",""numbers"":[{""raw"":""338位"",""value"":338,""unit"":""位"",""kind"":""number""}]},{""kind"":""item_statistics"",""text"":""ポイント：36点 ｜ 得票数：33票 ｜ 一押し数：3票 ｜ コメント数：5件 リストへ戻る"",""numbers"":[{""raw"":""36点"",""value"":36,""unit"":""点"",""kind"":""number""},{""raw"":""33票"",""value"":33,""unit"":""票"",""kind"":""number""},{""raw"":""3票"",""value"":3,""unit"":""票"",""kind"":""number""},{""raw"":""5件"",""value"":5,""unit"":""件"",""kind"":""number""}]}]",16588,e2463e74c0bfd451b1c4d6f1dd18f6148df7d016e20d0fd3fe79e7fa4654bef6
15,detail,music,2062,https://toho-vote.info/result15/music/2062.php,投票結果：Break the Sabbath - 第15回 東方Project 人気投票,"[{""kind"":""title"",""text"":""投票結果：Break the Sabbath - 第15回 東方Project 人気投票"",""numbers"":[]},{""kind"":""item_heading"",""text"":""Break the Sabbath（461位）"",""numbers"":[{""raw"":""461位"",""value"":461,""unit"":""位"",""kind"":""number""}]},{""kind"":""item_statistics"",""text"":""ポイント：6点 ｜ 得票数：6票 ｜ 一押し数：0票 ｜ コメント数：1件 リストへ戻る"",""numbers"":[{""raw"":""6点"",""value"":6,""unit"":""点"",""kind"":""number""},{""raw"":""6票"",""value"":6,""unit"":""票"",""kind"":""number""},{""raw"":""0票"",""value"":0,""unit"":""票"",""kind"":""number""},{""raw"":""1件"",""value"":1,""unit"":""件"",""kind"":""number""}]}]",16141,8b4a1afb36d21e871c931a6b7f82dc7889af53566b59e1ed418de3d40fd5747d
15,detail,music,2063,https://toho-vote.info/result15/music/2063.php,投票結果：紅響曲 ～ Scarlet Phoneme - 第15回 東方Project 人気投票,"[{""kind"":""title"",""text"":""投票結果：紅響曲 ～ Scarlet Phoneme - 第15回 東方Project 人気投票"",""numbers"":[]},{""kind"":""item_heading"",""text"":""紅響曲 ～ Scarlet Phoneme（328位）"",""numbers"":[{""raw"":""328位"",""value"":328,""unit"":""位"",""kind"":""number""}]},{""kind"":""item_statistics"",""text"":""ポイント：39点 ｜ 得票数：37票 ｜ 一押し数：2票 ｜ コメント数：8件 リストへ戻る"",""numbers"":[{""raw"":""39点"",""value"":39,""unit"":""点"",""kind"":""number""},{""raw"":""37票"",""value"":37,""unit"":""票"",""kind"":""number""},{""raw"":""2票"",""value"":2,""unit"":""票"",""kind"":""number""},{""raw"":""8件"",""value"":8,""unit"":""件"",""kind"":""number""}]}]",17002,3335a8d385d248ffbf2a214c23670c9107f238ba3ec8bf7f5b878274a34a29e4
15,detail,music,2064,https://toho-vote.info/result15/music/2064.php,投票結果：Bad Apple!! - 第15回 東方Project 人気投票,"[{""kind"":""title"",""text"":""投票結果：Bad Apple!! - 第15回 東方Project 人気投票"",""numbers"":[]},{""kind"":""item_heading"",""text"":""Bad Apple!!（110位）"",""numbers"":[{""raw"":""110位"",""value"":110,""unit"":""位"",""kind"":""number""}]},{""kind"":""item_statistics"",""text"":""ポイント：431点 ｜ 得票数：407票 ｜ 一押し数：24票 ｜ コメント数：46件 リストへ戻る"",""numbers"":[{""raw"":""431点"",""value"":431,""unit"":""点"",""kind"":""number""},{""raw"":""407票"",""value"":407,""unit"":""票"",""kind"":""number""},{""raw"":""24票"",""value"":24,""unit"":""票"",""kind"":""number""},{""raw"":""46件"",""value"":46,""unit"":""件"",""kind"":""number""}]}]",19991,5e9d9c95d09ba72ae133ab85a3f428cef4cdc972cf877693229f1eecad8f3227
15,detail,music,2065,https://toho-vote.info/result15/music/2065.php,投票結果：霊戦 ～ Perdition crisis - 第15回 東方Project 人気投票,"[{""kind"":""title"",""text"":""投票結果：霊戦 ～ Perdition crisis - 第15回 東方Project 人気投票"",""numbers"":[]},{""kind"":""item_heading"",""text"":""霊戦 ～ Perdition crisis（370位）"",""numbers"":[{""raw"":""370位"",""value"":370,""unit"":""位"",""kind"":""number""}]},{""kind"":""item_statistics"",""text"":""ポイント：26点 ｜ 得票数：25票 ｜ 一押し数：1票 ｜ コメント数：3件 リストへ戻る"",""numbers"":[{""raw"":""26点"",""value"":26,""unit"":""点"",""kind"":""number""},{""raw"":""25票"",""value"":25,""unit"":""票"",""kind"":""number""},{""raw"":""1票"",""value"":1,""unit"":""票"",""kind"":""number""},{""raw"":""3件"",""value"":3,""unit"":""件"",""kind"":""number""}]}]",16294,a22c1b1ed1bd4cb0589b2371ebce86787c438d40e34c3c673d1a764840eadb12
15,detail,music,2066,https://toho-vote.info/result15/music/2066.php,投票結果：アリスマエステラ - 第15回 東方Project 人気投票,"[{""kind"":""title"",""text"":""投票結果：アリスマエステラ - 第15回 東方Project 人気投票"",""numbers"":[]},{""kind"":""item_heading"",""text"":""アリスマエステラ（158位）"",""numbers"":[{""raw"":""158位"",""value"":158,""unit"":""位"",""kind"":""number""}]},{""kind"":""item_statistics"",""text"":""ポイント：253点 ｜ 得票数：232票 ｜ 一押し数：21票 ｜ コメント数：31件 リストへ戻る"",""numbers"":[{""raw"":""253点"",""value"":253,""unit"":""点"",""kind"":""number""},{""raw"":""232票"",""value"":232,""unit"":""票"",""kind"":""number""},{""raw"":""21票"",""value"":21,""unit"":""票"",""kind"":""number""},{""raw"":""31件"",""value"":31,""unit"":""件"",""kind"":""number""}]}]",18635,d547d278f183cabbbebdbf3b0eaa551b4783b22af8f4de325981cecd301c952f
15,detail,music,2069,https://toho-vote.info/result15/music/2069.php,投票結果：Lotus Love - 第15回 東方Project 人気投票,"[{""kind"":""title"",""text"":""投票結果：Lotus Love - 第15回 東方Project 人気投票"",""numbers"":[]},{""kind"":""item_heading"",""text"":""Lotus Love（298位）"",""numbers"":[{""raw"":""298位"",""value"":298,""unit"":""位"",""kind"":""number""}]},{""kind"":""item_statistics"",""text"":""ポイント：51点 ｜ 得票数：46票 ｜ 一押し数：5票 ｜ コメント数：6件 リストへ戻る"",""numbers"":[{""raw"":""51点"",""value"":51,""unit"":""点"",""kind"":""number""},{""raw"":""46票"",""value"":46,""unit"":""票"",""kind"":""number""},{""raw"":""5票"",""value"":5,""unit"":""票"",""kind"":""number""},{""raw"":""6件"",""value"":6,""unit"":""件"",""kind"":""number""}]}]",16501,79cd88ef3047b031e9746fc13d0cddb4971f1acf3d4bdcaa6312a3115153ab7c
15,detail,music,2070,https://toho-vote.info/result15/music/2070.php,投票結果：眠れる恐怖 ～ Sleeping Terror - 第15回 東方Project 人気投票,"[{""kind"":""title"",""text"":""投票結果：眠れる恐怖 ～ Sleeping Terror - 第15回 東方Project 人気投票"",""numbers"":[]},{""kind"":""item_heading"",""text"":""眠れる恐怖 ～ Sleeping Terror（235位）"",""numbers"":[{""raw"":""235位"",""value"":235,""unit"":""位"",""kind"":""number""}]},{""kind"":""item_statistics"",""text"":""ポイント：110点 ｜ 得票数：100票 ｜ 一押し数：10票 ｜ コメント数：8件 リストへ戻る"",""numbers"":[{""raw"":""110点"",""value"":110,""unit"":""点"",""kind"":""number""},{""raw"":""100票"",""value"":100,""unit"":""票"",""kind"":""number""},{""raw"":""10票"",""value"":10,""unit"":""票"",""kind"":""number""},{""raw"":""8件"",""value"":8,""unit"":""件"",""kind"":""number""}]}]",17016,79c258dd77dd3026eebe3f59ca41ad597146fec7b2daf02f37eb18cb23add6d5
15,detail,music,2071,https://toho-vote.info/result15/music/2071.php,投票結果：Dream Land - 第15回 東方Project 人気投票,"[{""kind"":""title"",""text"":""投票結果：Dream Land - 第15回 東方Project 人気投票"",""numbers"":[]},{""kind"":""item_heading"",""text"":""Dream Land（356位）"",""numbers"":[{""raw"":""356位"",""value"":356,""unit"":""位"",""kind"":""number""}]},{""kind"":""item_statistics"",""text"":""ポイント：31点 ｜ 得票数：29票 ｜ 一押し数：2票 ｜ コメント数：3件 リストへ戻る"",""numbers"":[{""raw"":""31点"",""value"":31,""unit"":""点"",""kind"":""number""},{""raw"":""29票"",""value"":29,""unit"":""票"",""kind"":""number""},{""raw"":""2票"",""value"":2,""unit"":""票"",""kind"":""number""},{""raw"":""3件"",""value"":3,""unit"":""件"",""kind"":""number""}]}]",16285,75b170e84e84d7385d1848c54f388bdda68e15ed71057dd14a6689221ce77373
15,detail,music,2072,https://toho-vote.info/result15/music/2072.php,投票結果：幽夢 ～ Inanimate Dream - 第15回 東方Project 人気投票,"[{""kind"":""title"",""text"":""投票結果：幽夢 ～ Inanimate Dream - 第15回 東方Project 人気投票"",""numbers"":[]},{""kind"":""item_heading"",""text"":""幽夢 ～ Inanimate Dream（150位）"",""numbers"":[{""raw"":""150位"",""value"":150,""unit"":""位"",""kind"":""number""}]},{""kind"":""item_statistics"",""text"":""ポイント：297点 ｜ 得票数：269票 ｜ 一押し数：28票 ｜ コメント数：31件 リストへ戻る"",""numbers"":[{""raw"":""297点"",""value"":297,""unit"":""点"",""kind"":""number""},{""raw"":""269票"",""value"":269,""unit"":""票"",""kind"":""number""},{""raw"":""28票"",""value"":28,""unit"":""票"",""kind"":""number""},{""raw"":""31件"",""value"":31,""unit"":""件"",""kind"":""number""}]}]",19733,3980df65f90aeb0ffd138d7daa1c1092fc82b8961bf15719b1a4c40c68e158c4
15,detail,music,2073,https://toho-vote.info/result15/music/2073.php,投票結果：禁じざるをえない遊戯 - 第15回 東方Project 人気投票,"[{""kind"":""title"",""text"":""投票結果：禁じざるをえない遊戯 - 第15回 東方Project 人気投票"",""numbers"":[]},{""kind"":""item_heading"",""text"":""禁じざるをえない遊戯（290位）"",""numbers"":[{""raw"":""290位"",""value"":290,""unit"":""位"",""kind"":""number""}]},{""kind"":""item_statistics"",""text"":""ポイント：53点 ｜ 得票数：52票 ｜ 一押し数：1票 ｜ コメント数：2件 リストへ戻る"",""numbers"":[{""raw"":""53点"",""value"":53,""unit"":""点"",""kind"":""number""},{""raw"":""52票"",""value"":52,""unit"":""票"",""kind"":""number""},{""raw"":""1票"",""value"":1,""unit"":""票"",""kind"":""number""},{""raw"":""2件"",""value"":2,""unit"":""件"",""kind"":""number""}]}]",16426,9f6dcc85ac4493ea385d7fb18218eee8bc3169e323e54e9c5efd466fa7e15e8c
15,detail,music,2074,https://toho-vote.info/result15/music/2074.php,投票結果：メイド幻想 ～ Icemilk Magic - 第15回 東方Project 人気投票,"[{""kind"":""title"",""text"":""投票結果：メイド幻想 ～ Icemilk Magic - 第15回 東方Project 人気投票"",""numbers"":[]},{""kind"":""item_heading"",""text"":""メイド幻想 ～ Icemilk Magic（326位）"",""numbers"":[{""raw"":""326位"",""value"":326,""unit"":""位"",""kind"":""number""}]},{""kind"":""item_statistics"",""text"":""ポイント：40点 ｜ 得票数：39票 ｜ 一押し数：1票 ｜ コメント数：2件 リストへ戻る"",""numbers"":[{""raw"":""40点"",""value"":40,""unit"":""点"",""kind"":""number""},{""raw"":""39票"",""value"":39,""unit"":""票"",""kind"":""number""},{""raw"":""1票"",""value"":1,""unit"":""票"",""kind"":""number""},{""raw"":""2件"",""value"":2,""unit"":""件"",""kind"":""number""}]}]",16211,8d6a22ed026e84feec77b08d4e3a2c30ac470f521998bb1d130eeb854636ea67
15,detail,music,2075,https://toho-vote.info/result15/music/2075.php,投票結果：かわいい悪魔 ～ Innocence - 第15回 東方Project 人気投票,"[{""kind"":""title"",""text"":""投票結果：かわいい悪魔 ～ Innocence - 第15回 東方Project 人気投票"",""numbers"":[]},{""kind"":""item_heading"",""text"":""かわいい悪魔 ～ Innocence（199位）"",""numbers"":[{""raw"":""199位"",""value"":199,""unit"":""位"",""kind"":""number""}]},{""kind"":""item_statistics"",""text"":""ポイント：159点 ｜ 得票数：150票 ｜ 一押し数：9票 ｜ コメント数：16件 リストへ戻る"",""numbers"":[{""raw"":""159点"",""value"":159,""unit"":""点"",""kind"":""number""},{""raw"":""150票"",""value"":150,""unit"":""票"",""kind"":""number""},{""raw"":""9票"",""value"":9,""unit"":""票"",""kind"":""number""},{""raw"":""16件"",""value"":16,""unit"":""件"",""kind"":""number""}]}]",17637,ea510e13751fe44674ea34326d4856394b64998f34e73f5146b3bb2114b82023
15,detail,music,2076,https://toho-vote.info/result15/music/2076.php,投票結果：Days - 第15回 東方Project 人気投票,"[{""kind"":""title"",""text"":""投票結果：Days - 第15回 東方Project 人気投票"",""numbers"":[]},{""kind"":""item_heading"",""text"":""Days（489位）"",""numbers"":[{""raw"":""489位"",""value"":489,""unit"":""位"",""kind"":""number""}]},{""kind"":""item_statistics"",""text"":""ポイント：3点 ｜ 得票数：3票 ｜ 一押し数：0票 ｜ コメント数：1件 リストへ戻る"",""numbers"":[{""raw"":""3点"",""value"":3,""unit"":""点"",""kind"":""number""},{""raw"":""3票"",""value"":3,""unit"":""票"",""kind"":""number""},{""raw"":""0票"",""value"":0,""unit"":""票"",""kind"":""number""},{""raw"":""1件"",""value"":1,""unit"":""件"",""kind"":""number""}]}]",16233,51d66577cd16ecaee7ce431ff90ff3e685fd0247175902f5c2109f13db1738e6
15,detail,music,2077,https://toho-vote.info/result15/music/2077.php,投票結果：Peaceful - 第15回 東方Project 人気投票,"[{""kind"":""title"",""text"":""投票結果：Peaceful - 第15回 東方Project 人気投票"",""numbers"":[]},{""kind"":""item_heading"",""text"":""Peaceful（489位）"",""numbers"":[{""raw"":""489位"",""value"":489,""unit"":""位"",""kind"":""number""}]},{""kind"":""item_statistics"",""text"":""ポイント：3点 ｜ 得票数：2票 ｜ 一押し数：1票 ｜ コメント数：0件 リストへ戻る"",""numbers"":[{""raw"":""3点"",""value"":3,""unit"":""点"",""kind"":""number""},{""raw"":""2票"",""value"":2,""unit"":""票"",""kind"":""number""},{""raw"":""1票"",""value"":1,""unit"":""票"",""kind"":""number""},{""raw"":""0件"",""value"":0,""unit"":""件"",""kind"":""number""}]}]",15741,d126c88b8f9b21807125cf94fb2b2a8dc52eb19bc96e1e540b827b0a97a7af28
15,detail,music,2078,https://toho-vote.info/result15/music/2078.php,投票結果：Arcadian Dream - 第15回 東方Project 人気投票,"[{""kind"":""title"",""text"":""投票結果：Arcadian Dream - 第15回 東方Project 人気投票"",""numbers"":[]},{""kind"":""item_heading"",""text"":""Arcadian Dream（481位）"",""numbers"":[{""raw"":""481位"",""value"":481,""unit"":""位"",""kind"":""number""}]},{""kind"":""item_statistics"",""text"":""ポイント：4点 ｜ 得票数：4票 ｜ 一押し数：0票 ｜ コメント数：1件 リストへ戻る"",""numbers"":[{""raw"":""4点"",""value"":4,""unit"":""点"",""kind"":""number""},{""raw"":""4票"",""value"":4,""unit"":""票"",""kind"":""number""},{""raw"":""0票"",""value"":0,""unit"":""票"",""kind"":""number""},{""raw"":""1件"",""value"":1,""unit"":""件"",""kind"":""number""}]}]",15914,273ddfeb433742df41593b14e4c68949a5c6fb90a669e9849fa9bc99d92e7c30
15,detail,music,2079,https://toho-vote.info/result15/music/2079.php,投票結果：幻想の住人 - 第15回 東方Project 人気投票,"[{""kind"":""title"",""text"":""投票結果：幻想の住人 - 第15回 東方Project 人気投票"",""numbers"":[]},{""kind"":""item_heading"",""text"":""幻想の住人（489位）"",""numbers"":[{""raw"":""489位"",""value"":489,""unit"":""位"",""kind"":""number""}]},{""kind"":""item_statistics"",""text"":""ポイント：3点 ｜ 得票数：3票 ｜ 一押し数：0票 ｜ コメント数：2件 リストへ戻る"",""numbers"":[{""raw"":""3点"",""value"":3,""unit"":""点"",""kind"":""number""},{""raw"":""3票"",""value"":3,""unit"":""票"",""kind"":""number""},{""raw"":""0票"",""value"":0,""unit"":""票"",""kind"":""number""},{""raw"":""2件"",""value"":2,""unit"":""件"",""kind"":""number""}]}]",16308,b095912d194b7b47f56557e380074d04bd9bc4dfdd2da7805f84bd75b60e5ed5
15,detail,music,2080,https://toho-vote.info/result15/music/2080.php,投票結果：Lotus Road - 第15回 東方Project 人気投票,"[{""kind"":""title"",""text"":""投票結果：Lotus Road - 第15回 東方Project 人気投票"",""numbers"":[]},{""kind"":""item_heading"",""text"":""Lotus Road（489位）"",""numbers"":[{""raw"":""489位"",""value"":489,""unit"":""位"",""kind"":""number""}]},{""kind"":""item_statistics"",""text"":""ポイント：3点 ｜ 得票数：2票 ｜ 一押し数：1票 ｜ コメント数：1件 リストへ戻る"",""numbers"":[{""raw"":""3点"",""value"":3,""unit"":""点"",""kind"":""number""},{""raw"":""2票"",""value"":2,""unit"":""票"",""kind"":""number""},{""raw"":""1票"",""value"":1,""unit"":""票"",""kind"":""number""},{""raw"":""1件"",""value"":1,""unit"":""件"",""kind"":""number""}]}]",15945,d6f7b7f724f5ded1446a9926b2c4c4856df8630c226b71c64b3981fffa24788f
15,detail,music,2081,https://toho-vote.info/result15/music/2081.php,投票結果：Dreamy pilot - 第15回 東方Project 人気投票,"[{""kind"":""title"",""text"":""投票結果：Dreamy pilot - 第15回 東方Project 人気投票"",""numbers"":[]},{""kind"":""item_heading"",""text"":""Dreamy pilot（373位）"",""numbers"":[{""raw"":""373位"",""value"":373,""unit"":""位"",""kind"":""number""}]},{""kind"":""item_statistics"",""text"":""ポイント：25点 ｜ 得票数：24票 ｜ 一押し数：1票 ｜ コメント数：8件 リストへ戻る"",""numbers"":[{""raw"":""25点"",""value"":25,""unit"":""点"",""kind"":""number""},{""raw"":""24票"",""value"":24,""unit"":""票"",""kind"":""number""},{""raw"":""1票"",""value"":1,""unit"":""票"",""kind"":""number""},{""raw"":""8件"",""value"":8,""unit"":""件"",""kind"":""number""}]}]",16856,c3b84fefaa713b742faa2a7471c1e6ddd26c43789ebae78f5350176fea751737
15,detail,music,2082,https://toho-vote.info/result15/music/2082.php,投票結果：Incomplete Plot - 第15回 東方Project 人気投票,"[{""kind"":""title"",""text"":""投票結果：Incomplete Plot - 第15回 東方Project 人気投票"",""numbers"":[]},{""kind"":""item_heading"",""text"":""Incomplete Plot（489位）"",""numbers"":[{""raw"":""489位"",""value"":489,""unit"":""位"",""kind"":""number""}]},{""kind"":""item_statistics"",""text"":""ポイント：3点 ｜ 得票数：3票 ｜ 一押し数：0票 ｜ コメント数：2件 リストへ戻る"",""numbers"":[{""raw"":""3点"",""value"":3,""unit"":""点"",""kind"":""number""},{""raw"":""3票"",""value"":3,""unit"":""票"",""kind"":""number""},{""raw"":""0票"",""value"":0,""unit"":""票"",""kind"":""number""},{""raw"":""2件"",""value"":2,""unit"":""件"",""kind"":""number""}]}]",15992,dde4fb38618d7d9ff107c179bcd1c1571f5b79c8bc388de2664ccb6fbb392277
15,detail,music,2083,https://toho-vote.info/result15/music/2083.php,投票結果：Border Land - 第15回 東方Project 人気投票,"[{""kind"":""title"",""text"":""投票結果：Border Land - 第15回 東方Project 人気投票"",""numbers"":[]},{""kind"":""item_heading"",""text"":""Border Land（489位）"",""numbers"":[{""raw"":""489位"",""value"":489,""unit"":""位"",""kind"":""number""}]},{""kind"":""item_statistics"",""text"":""ポイント：3点 ｜ 得票数：3票 ｜ 一押し数：0票 ｜ コメント数：0件 リストへ戻る"",""numbers"":[{""raw"":""3点"",""value"":3,""unit"":""点"",""kind"":""number""},{""raw"":""3票"",""value"":3,""unit"":""票"",""kind"":""number""},{""raw"":""0票"",""value"":0,""unit"":""票"",""kind"":""number""},{""raw"":""0件"",""value"":0,""unit"":""件"",""kind"":""number""}]}]",16014,fa848365094d7fb30f449daa199b9d60f2074aa240296d2c5cfa3fbde75096b4
15,detail,music,2084,https://toho-vote.info/result15/music/2084.php,投票結果：Magic Shop of Raspberry - 第15回 東方Project 人気投票,"[{""kind"":""title"",""text"":""投票結果：Magic Shop of Raspberry - 第15回 東方Project 人気投票"",""numbers"":[]},{""kind"":""item_heading"",""text"":""Magic Shop of Raspberry（333位）"",""numbers"":[{""raw"":""333位"",""value"":333,""unit"":""位"",""kind"":""number""}]},{""kind"":""item_statistics"",""text"":""ポイント：37点 ｜ 得票数：37票 ｜ 一押し数：0票 ｜ コメント数：8件 リストへ戻る"",""numbers"":[{""raw"":""37点"",""value"":37,""unit"":""点"",""kind"":""number""},{""raw"":""37票"",""value"":37,""unit"":""票"",""kind"":""number""},{""raw"":""0票"",""value"":0,""unit"":""票"",""kind"":""number""},{""raw"":""8件"",""value"":8,""unit"":""件"",""kind"":""number""}]}]",16892,7dc924cd061b55131cfa5e0916326e8a6acf29d7f1fe06a124a3c815942f0e01
15,detail,music,2085,https://toho-vote.info/result15/music/2085.php,投票結果：Crescent Dream - 第15回 東方Project 人気投票,"[{""kind"":""title"",""text"":""投票結果：Crescent Dream - 第15回 東方Project 人気投票"",""numbers"":[]},{""kind"":""item_heading"",""text"":""Crescent Dream（389位）"",""numbers"":[{""raw"":""389位"",""value"":389,""unit"":""位"",""kind"":""number""}]},{""kind"":""item_statistics"",""text"":""ポイント：19点 ｜ 得票数：17票 ｜ 一押し数：2票 ｜ コメント数：5件 リストへ戻る"",""numbers"":[{""raw"":""19点"",""value"":19,""unit"":""点"",""kind"":""number""},{""raw"":""17票"",""value"":17,""unit"":""票"",""kind"":""number""},{""raw"":""2票"",""value"":2,""unit"":""票"",""kind"":""number""},{""raw"":""5件"",""value"":5,""unit"":""件"",""kind"":""number""}]}]",17089,ab3cb56a54b49bd206c1c7aeb265c08540cdc6b40e37d3b3af45e3e8cc5e2522
15,detail,music,2086,https://toho-vote.info/result15/music/2086.php,投票結果：怪綺談 ～ Mystic Square - 第15回 東方Project 人気投票,"[{""kind"":""title"",""text"":""投票結果：怪綺談 ～ Mystic Square - 第15回 東方Project 人気投票"",""numbers"":[]},{""kind"":""item_heading"",""text"":""怪綺談 ～ Mystic Square（435位）"",""numbers"":[{""raw"":""435位"",""value"":435,""unit"":""位"",""kind"":""number""}]},{""kind"":""item_statistics"",""text"":""ポイント：9点 ｜ 得票数：9票 ｜ 一押し数：0票 ｜ コメント数：1件 リストへ戻る"",""numbers"":[{""raw"":""9点"",""value"":9,""unit"":""点"",""kind"":""number""},{""raw"":""9票"",""value"":9,""unit"":""票"",""kind"":""number""},{""raw"":""0票"",""value"":0,""unit"":""票"",""kind"":""number""},{""raw"":""1件"",""value"":1,""unit"":""件"",""kind"":""number""}]}]",15957,ef979064723aee7f56f264607b8155b66ad59b90ff94da8450fafead3cd514b3
15,detail,music,2087,https://toho-vote.info/result15/music/2087.php,投票結果：Dream Express - 第15回 東方Project 人気投票,"[{""kind"":""title"",""text"":""投票結果：Dream Express - 第15回 東方Project 人気投票"",""numbers"":[]},{""kind"":""item_heading"",""text"":""Dream Express（312位）"",""numbers"":[{""raw"":""312位"",""value"":312,""unit"":""位"",""kind"":""number""}]},{""kind"":""item_statistics"",""text"":""ポイント：45点 ｜ 得票数：39票 ｜ 一押し数：6票 ｜ コメント数：8件 リストへ戻る"",""numbers"":[{""raw"":""45点"",""value"":45,""unit"":""点"",""kind"":""number""},{""raw"":""39票"",""value"":39,""unit"":""票"",""kind"":""number""},{""raw"":""6票"",""value"":6,""unit"":""票"",""kind"":""number""},{""raw"":""8件"",""value"":8,""unit"":""件"",""kind"":""number""}]}]",16831,6c120fd46ae0765af0d13cf6db74a03f0564e68094e049cdecf292563e0a2623
15,detail,music,2088,https://toho-vote.info/result15/music/2088.php,投票結果：魔法陣 ～ Magic Square - 第15回 東方Project 人気投票,"[{""kind"":""title"",""text"":""投票結果：魔法陣 ～ Magic Square - 第15回 東方Project 人気投票"",""numbers"":[]},{""kind"":""item_heading"",""text"":""魔法陣 ～ Magic Square（472位）"",""numbers"":[{""raw"":""472位"",""value"":472,""unit"":""位"",""kind"":""number""}]},{""kind"":""item_statistics"",""text"":""ポイント：5点 ｜ 得票数：5票 ｜ 一押し数：0票 ｜ コメント数：0件 リストへ戻る"",""numbers"":[{""raw"":""5点"",""value"":5,""unit"":""点"",""kind"":""number""},{""raw"":""5票"",""value"":5,""unit"":""票"",""kind"":""number""},{""raw"":""0票"",""value"":0,""unit"":""票"",""kind"":""number""},{""raw"":""0件"",""value"":0,""unit"":""件"",""kind"":""number""}]}]",15832,98d2431f772fdc89bd8b7ca3befa3662e40d3b32f11fdb29296fb1f000dd91be
15,detail,music,2089,https://toho-vote.info/result15/music/2089.php,投票結果：夢想時空 - 第15回 東方Project 人気投票,"[{""kind"":""title"",""text"":""投票結果：夢想時空 - 第15回 東方Project 人気投票"",""numbers"":[]},{""kind"":""item_heading"",""text"":""夢想時空（383位）"",""numbers"":[{""raw"":""383位"",""value"":383,""unit"":""位"",""kind"":""number""}]},{""kind"":""item_statistics"",""text"":""ポイント：20点 ｜ 得票数：17票 ｜ 一押し数：3票 ｜ コメント数：2件 リストへ戻る"",""numbers"":[{""raw"":""20点"",""value"":20,""unit"":""点"",""kind"":""number""},{""raw"":""17票"",""value"":17,""unit"":""票"",""kind"":""number""},{""raw"":""3票"",""value"":3,""unit"":""票"",""kind"":""number""},{""raw"":""2件"",""value"":2,""unit"":""件"",""kind"":""number""}]}]",16175,7b84f86b83a7761175eecdecfa6915d34b2c9f49f24fae134cf5a6bf00086f82
15,detail,music,2090,https://toho-vote.info/result15/music/2090.php,投票結果：霊天 ～ Spiritual Heaven - 第15回 東方Project 人気投票,"[{""kind"":""title"",""text"":""投票結果：霊天 ～ Spiritual Heaven - 第15回 東方Project 人気投票"",""numbers"":[]},{""kind"":""item_heading"",""text"":""霊天 ～ Spiritual Heaven（435位）"",""numbers"":[{""raw"":""435位"",""value"":435,""unit"":""位"",""kind"":""number""}]},{""kind"":""item_statistics"",""text"":""ポイント：9点 ｜ 得票数：8票 ｜ 一押し数：1票 ｜ コメント数：2件 リストへ戻る"",""numbers"":[{""raw"":""9点"",""value"":9,""unit"":""点"",""kind"":""number""},{""raw"":""8票"",""value"":8,""unit"":""票"",""kind"":""number""},{""raw"":""1票"",""value"":1,""unit"":""票"",""kind"":""number""},{""raw"":""2件"",""value"":2,""unit"":""件"",""kind"":""number""}]}]",16110,1206f4862d384c96f236eb11c7570f4af32c17177c384880ab9b103fabe5194e
15,detail,music,2091,https://toho-vote.info/result15/music/2091.php,投票結果：Romantic Children - 第15回 東方Project 人気投票,"[{""kind"":""title"",""text"":""投票結果：Romantic Children - 第15回 東方Project 人気投票"",""numbers"":[]},{""kind"":""item_heading"",""text"":""Romantic Children（173位）"",""numbers"":[{""raw"":""173位"",""value"":173,""unit"":""位"",""kind"":""number""}]},{""kind"":""item_statistics"",""text"":""ポイント：223点 ｜ 得票数：209票 ｜ 一押し数：14票 ｜ コメント数：36件 リストへ戻る"",""numbers"":[{""raw"":""223点"",""value"":223,""unit"":""点"",""kind"":""number""},{""raw"":""209票"",""value"":209,""unit"":""票"",""kind"":""number""},{""raw"":""14票"",""value"":14,""unit"":""票"",""kind"":""number""},{""raw"":""36件"",""value"":36,""unit"":""件"",""kind"":""number""}]}]",19646,e35f883699aad0819c0d0e267dc3d0bc34cac3d9eef1a1d901e9e41141eeb6e9
15,detail,music,2092,https://toho-vote.info/result15/music/2092.php,投票結果：プラスチックマインド - 第15回 東方Project 人気投票,"[{""kind"":""title"",""text"":""投票結果：プラスチックマインド - 第15回 東方Project 人気投票"",""numbers"":[]},{""kind"":""item_heading"",""text"":""プラスチックマインド（233位）"",""numbers"":[{""raw"":""233位"",""value"":233,""unit"":""位"",""kind"":""number""}]},{""kind"":""item_statistics"",""text"":""ポイント：111点 ｜ 得票数：107票 ｜ 一押し数：4票 ｜ コメント数：16件 リストへ戻る"",""numbers"":[{""raw"":""111点"",""value"":111,""unit"":""点"",""kind"":""number""},{""raw"":""107票"",""value"":107,""unit"":""票"",""kind"":""number""},{""raw"":""4票"",""value"":4,""unit"":""票"",""kind"":""number""},{""raw"":""16件"",""value"":16,""unit"":""件"",""kind"":""number""}]}]",17643,7bf656709e9cebe137a7dc6e0996c69f043e5c21954d5294cfd46e1c3bfa9f5f
15,detail,music,2093,https://toho-vote.info/result15/music/2093.php,投票結果：メイプルワイズ - 第15回 東方Project 人気投票,"[{""kind"":""title"",""text"":""投票結果：メイプルワイズ - 第15回 東方Project 人気投票"",""numbers"":[]},{""kind"":""item_heading"",""text"":""メイプルワイズ（306位）"",""numbers"":[{""raw"":""306位"",""value"":306,""unit"":""位"",""kind"":""number""}]},{""kind"":""item_statistics"",""text"":""ポイント：49点 ｜ 得票数：43票 ｜ 一押し数：6票 ｜ コメント数：6件 リストへ戻る"",""numbers"":[{""raw"":""49点"",""value"":49,""unit"":""点"",""kind"":""number""},{""raw"":""43票"",""value"":43,""unit"":""票"",""kind"":""number""},{""raw"":""6票"",""value"":6,""unit"":""票"",""kind"":""number""},{""raw"":""6件"",""value"":6,""unit"":""件"",""kind"":""number""}]}]",17100,111ac1b75e6dded172dd75660093491dc62ade298658826a91dc039e0aba13d6
15,detail,music,2094,https://toho-vote.info/result15/music/2094.php,投票結果：禁断の魔法 ～ Forbidden Magic - 第15回 東方Project 人気投票,"[{""kind"":""title"",""text"":""投票結果：禁断の魔法 ～ Forbidden Magic - 第15回 東方Project 人気投票"",""numbers"":[]},{""kind"":""item_heading"",""text"":""禁断の魔法 ～ Forbidden Magic（349位）"",""numbers"":[{""raw"":""349位"",""value"":349,""unit"":""位"",""kind"":""number""}]},{""kind"":""item_statistics"",""text"":""ポイント：33点 ｜ 得票数：32票 ｜ 一押し数：1票 ｜ コメント数：5件 リストへ戻る"",""numbers"":[{""raw"":""33点"",""value"":33,""unit"":""点"",""kind"":""number""},{""raw"":""32票"",""value"":32,""unit"":""票"",""kind"":""number""},{""raw"":""1票"",""value"":1,""unit"":""票"",""kind"":""number""},{""raw"":""5件"",""value"":5,""unit"":""件"",""kind"":""number""}]}]",16679,8959efa0984b7194a6ab509028480085924ace6d24c37fc80ca6c3eb966f364b
15,detail,music,2095,https://toho-vote.info/result15/music/2095.php,投票結果：真紅の少女 ～ Crimson Dead!! - 第15回 東方Project 人気投票,"[{""kind"":""title"",""text"":""投票結果：真紅の少女 ～ Crimson Dead!! - 第15回 東方Project 人気投票"",""numbers"":[]},{""kind"":""item_heading"",""text"":""真紅の少女 ～ Crimson Dead!!（389位）"",""numbers"":[{""raw"":""389位"",""value"":389,""unit"":""位"",""kind"":""number""}]},{""kind"":""item_statistics"",""text"":""ポイント：19点 ｜ 得票数：17票 ｜ 一押し数：2票 ｜ コメント数：0件 リストへ戻る"",""numbers"":[{""raw"":""19点"",""value"":19,""unit"":""点"",""kind"":""number""},{""raw"":""17票"",""value"":17,""unit"":""票"",""kind"":""number""},{""raw"":""2票"",""value"":2,""unit"":""票"",""kind"":""number""},{""raw"":""0件"",""value"":0,""unit"":""件"",""kind"":""number""}]}]",16073,158e9ee6db1d2f765862f17bd792108e42d4d44c6f2aae2d7476bfe2332f440c
15,detail,music,2096,https://toho-vote.info/result15/music/2096.php,投票結果：裏切りの少女 ～ Judas Kiss - 第15回 東方Project 人気投票,"[{""kind"":""title"",""text"":""投票結果：裏切りの少女 ～ Judas Kiss - 第15回 東方Project 人気投票"",""numbers"":[]},{""kind"":""item_heading"",""text"":""裏切りの少女 ～ Judas Kiss（267位）"",""numbers"":[{""raw"":""267位"",""value"":267,""unit"":""位"",""kind"":""number""}]},{""kind"":""item_statistics"",""text"":""ポイント：72点 ｜ 得票数：68票 ｜ 一押し数：4票 ｜ コメント数：10件 リストへ戻る"",""numbers"":[{""raw"":""72点"",""value"":72,""unit"":""点"",""kind"":""number""},{""raw"":""68票"",""value"":68,""unit"":""票"",""kind"":""number""},{""raw"":""4票"",""value"":4,""unit"":""票"",""kind"":""number""},{""raw"":""10件"",""value"":10,""unit"":""件"",""kind"":""number""}]}]",17287,efb2f3ccb083f067d2356fa8a0d6ea131f951b7cc94d14b6348559f5c77e354f
15,detail,music,2097,https://toho-vote.info/result15/music/2097.php,投票結果：the Last Judgement - 第15回 東方Project 人気投票,"[{""kind"":""title"",""text"":""投票結果：the Last Judgement - 第15回 東方Project 人気投票"",""numbers"":[]},{""kind"":""item_heading"",""text"":""the Last Judgement（287位）"",""numbers"":[{""raw"":""287位"",""value"":287,""unit"":""位"",""kind"":""number""}]},{""kind"":""item_statistics"",""text"":""ポイント：55点 ｜ 得票数：51票 ｜ 一押し数：4票 ｜ コメント数：5件 リストへ戻る"",""numbers"":[{""raw"":""55点"",""value"":55,""unit"":""点"",""kind"":""number""},{""raw"":""51票"",""value"":51,""unit"":""票"",""kind"":""number""},{""raw"":""4票"",""value"":4,""unit"":""票"",""kind"":""number""},{""raw"":""5件"",""value"":5,""unit"":""件"",""kind"":""number""}]}]",16603,7a0e3bcdad0dd41e26f49b79a7fe240115f06dc6501a84b977117b1a6d5aeb92
15,detail,music,2098,https://toho-vote.info/result15/music/2098.php,投票結果：悲しき人形 ～ Doll of Misery - 第15回 東方Project 人気投票,"[{""kind"":""title"",""text"":""投票結果：悲しき人形 ～ Doll of Misery - 第15回 東方Project 人気投票"",""numbers"":[]},{""kind"":""item_heading"",""text"":""悲しき人形 ～ Doll of Misery（247位）"",""numbers"":[{""raw"":""247位"",""value"":247,""unit"":""位"",""kind"":""number""}]},{""kind"":""item_statistics"",""text"":""ポイント：90点 ｜ 得票数：86票 ｜ 一押し数：4票 ｜ コメント数：12件 リストへ戻る"",""numbers"":[{""raw"":""90点"",""value"":90,""unit"":""点"",""kind"":""number""},{""raw"":""86票"",""value"":86,""unit"":""票"",""kind"":""number""},{""raw"":""4票"",""value"":4,""unit"":""票"",""kind"":""number""},{""raw"":""12件"",""value"":12,""unit"":""件"",""kind"":""number""}]}]",17138,af89151b0e202fcce41fad0e020d6eaa66a08c8a83b41b1d1bfe4792c465738d
15,detail,music,2099,https://toho-vote.info/result15/music/2099.php,投票結果：世界の果て ～ World's End - 第15回 東方Project 人気投票,"[{""kind"":""title"",""text"":""投票結果：世界の果て ～ World's End - 第15回 東方Project 人気投票"",""numbers"":[]},{""kind"":""item_heading"",""text"":""世界の果て ～ World's End（452位）"",""numbers"":[{""raw"":""452位"",""value"":452,""unit"":""位"",""kind"":""number""}]},{""kind"":""item_statistics"",""text"":""ポイント：7点 ｜ 得票数：6票 ｜ 一押し数：1票 ｜ コメント数：2件 リストへ戻る"",""numbers"":[{""raw"":""7点"",""value"":7,""unit"":""点"",""kind"":""number""},{""raw"":""6票"",""value"":6,""unit"":""票"",""kind"":""number""},{""raw"":""1票"",""value"":1,""unit"":""票"",""kind"":""number""},{""raw"":""2件"",""value"":2,""unit"":""件"",""kind"":""number""}]}]",16125,c64ffd5b9c5a6c843793bd453f28dd0c0c5a1442a90deed8e7cfd9af1af2383c
15,detail,music,2100,https://toho-vote.info/result15/music/2100.php,投票結果：神話幻想 ～ Infinite Being - 第15回 東方Project 人気投票,"[{""kind"":""title"",""text"":""投票結果：神話幻想 ～ Infinite Being - 第15回 東方Project 人気投票"",""numbers"":[]},{""kind"":""item_heading"",""text"":""神話幻想 ～ Infinite Being（178位）"",""numbers"":[{""raw"":""178位"",""value"":178,""unit"":""位"",""kind"":""number""}]},{""kind"":""item_statistics"",""text"":""ポイント：204点 ｜ 得票数：192票 ｜ 一押し数：12票 ｜ コメント数：15件 リストへ戻る"",""numbers"":[{""raw"":""204点"",""value"":204,""unit"":""点"",""kind"":""number""},{""raw"":""192票"",""value"":192,""unit"":""票"",""kind"":""number""},{""raw"":""12票"",""value"":12,""unit"":""票"",""kind"":""number""},{""raw"":""15件"",""value"":15,""unit"":""件"",""kind"":""number""}]}]",17574,9de37773e100028067e72a15a69406c562d5d2c22825cae5c8f1e50f0727d82e
15,detail,music,2101,https://toho-vote.info/result15/music/2101.php,投票結果：不思議の国のアリス - 第15回 東方Project 人気投票,"[{""kind"":""title"",""text"":""投票結果：不思議の国のアリス - 第15回 東方Project 人気投票"",""numbers"":[]},{""kind"":""item_heading"",""text"":""不思議の国のアリス（76位）"",""numbers"":[{""raw"":""76位"",""value"":76,""unit"":""位"",""kind"":""number""}]},{""kind"":""item_statistics"",""text"":""ポイント：693点 ｜ 得票数：621票 ｜ 一押し数：72票 ｜ コメント数：79件 リストへ戻る"",""numbers"":[{""raw"":""693点"",""value"":693,""unit"":""点"",""kind"":""number""},{""raw"":""621票"",""value"":621,""unit"":""票"",""kind"":""number""},{""raw"":""72票"",""value"":72,""unit"":""票"",""kind"":""number""},{""raw"":""79件"",""value"":79,""unit"":""件"",""kind"":""number""}]}]",23949,8fa0acab1c7e7ac281248ad9ece2a74aad109a3e99aac0cf64f926b97385af83
15,detail,music,2103,https://toho-vote.info/result15/music/2103.php,投票結果：神社 - 第15回 東方Project 人気投票,"[{""kind"":""title"",""text"":""投票結果：神社 - 第15回 東方Project 人気投票"",""numbers"":[]},{""kind"":""item_heading"",""text"":""神社（461位）"",""numbers"":[{""raw"":""461位"",""value"":461,""unit"":""位"",""kind"":""number""}]},{""kind"":""item_statistics"",""text"":""ポイント：6点 ｜ 得票数：5票 ｜ 一押し数：1票 ｜ コメント数：1件 リストへ戻る"",""numbers"":[{""raw"":""6点"",""value"":6,""unit"":""点"",""kind"":""number""},{""raw"":""5票"",""value"":5,""unit"":""票"",""kind"":""number""},{""raw"":""1票"",""value"":1,""unit"":""票"",""kind"":""number""},{""raw"":""1件"",""value"":1,""unit"":""件"",""kind"":""number""}]}]",15872,1aac4eb7d68cafc53b9c4c057995651edcf231fe275dab13635f8ccfab588df5
15,detail,music,2104,https://toho-vote.info/result15/music/2104.php,投票結果：Endless - 第15回 東方Project 人気投票,"[{""kind"":""title"",""text"":""投票結果：Endless - 第15回 東方Project 人気投票"",""numbers"":[]},{""kind"":""item_heading"",""text"":""Endless（505位）"",""numbers"":[{""raw"":""505位"",""value"":505,""unit"":""位"",""kind"":""number""}]},{""kind"":""item_statistics"",""text"":""ポイント：2点 ｜ 得票数：1票 ｜ 一押し数：1票 ｜ コメント数：1件 リストへ戻る"",""numbers"":[{""raw"":""2点"",""value"":2,""unit"":""点"",""kind"":""number""},{""raw"":""1票"",""value"":1,""unit"":""票"",""kind"":""number""},{""raw"":""1票"",""value"":1,""unit"":""票"",""kind"":""number""},{""raw"":""1件"",""value"":1,""unit"":""件"",""kind"":""number""}]}]",16074,b763d747b458be89520d09f498d1ff664cb251920d2c7c652cd18f1aee668f49
15,detail,music,2105,https://toho-vote.info/result15/music/2105.php,投票結果：久遠の楽園 - 第15回 東方Project 人気投票,"[{""kind"":""title"",""text"":""投票結果：久遠の楽園 - 第15回 東方Project 人気投票"",""numbers"":[]},{""kind"":""item_heading"",""text"":""久遠の楽園（452位）"",""numbers"":[{""raw"":""452位"",""value"":452,""unit"":""位"",""kind"":""number""}]},{""kind"":""item_statistics"",""text"":""ポイント：7点 ｜ 得票数：7票 ｜ 一押し数：0票 ｜ コメント数：2件 リストへ戻る"",""numbers"":[{""raw"":""7点"",""value"":7,""unit"":""点"",""kind"":""number""},{""raw"":""7票"",""value"":7,""unit"":""票"",""kind"":""number""},{""raw"":""0票"",""value"":0,""unit"":""票"",""kind"":""number""},{""raw"":""2件"",""value"":2,""unit"":""件"",""kind"":""number""}]}]",16175,cc8ed11eb2165aca6a68e92db300b233914787c70733649025c17fc118ec03e9
15,detail,music,2106,https://toho-vote.info/result15/music/2106.php,投票結果：Mystic Dream - 第15回 東方Project 人気投票,"[{""kind"":""title"",""text"":""投票結果：Mystic Dream - 第15回 東方Project 人気投票"",""numbers"":[]},{""kind"":""item_heading"",""text"":""Mystic Dream（472位）"",""numbers"":[{""raw"":""472位"",""value"":472,""unit"":""位"",""kind"":""number""}]},{""kind"":""item_statistics"",""text"":""ポイント：5点 ｜ 得票数：5票 ｜ 一押し数：0票 ｜ コメント数：0件 リストへ戻る"",""numbers"":[{""raw"":""5点"",""value"":5,""unit"":""点"",""kind"":""number""},{""raw"":""5票"",""value"":5,""unit"":""票"",""kind"":""number""},{""raw"":""0票"",""value"":0,""unit"":""票"",""kind"":""number""},{""raw"":""0件"",""value"":0,""unit"":""件"",""kind"":""number""}]}]",15916,5080037625e1f33506b625019d437dd0c94ec5ea26598b4b0d3726417aa96436
15,detail,music,2107,https://toho-vote.info/result15/music/2107.php,投票結果：Peaceful Romancer - 第15回 東方Project 人気投票,"[{""kind"":""title"",""text"":""投票結果：Peaceful Romancer - 第15回 東方Project 人気投票"",""numbers"":[]},{""kind"":""item_heading"",""text"":""Peaceful Romancer（285位）"",""numbers"":[{""raw"":""285位"",""value"":285,""unit"":""位"",""kind"":""number""}]},{""kind"":""item_statistics"",""text"":""ポイント：56点 ｜ 得票数：52票 ｜ 一押し数：4票 ｜ コメント数：10件 リストへ戻る"",""numbers"":[{""raw"":""56点"",""value"":56,""unit"":""点"",""kind"":""number""},{""raw"":""52票"",""value"":52,""unit"":""票"",""kind"":""number""},{""raw"":""4票"",""value"":4,""unit"":""票"",""kind"":""number""},{""raw"":""10件"",""value"":10,""unit"":""件"",""kind"":""number""}]}]",17128,c4b1f94241d5bb7c89efc54f17cb62745c308bdc47fc0b05fce9b7271642d529
15,detail,music,2108,https://toho-vote.info/result15/music/2108.php,投票結果：魂の休らむ所 - 第15回 東方Project 人気投票,"[{""kind"":""title"",""text"":""投票結果：魂の休らむ所 - 第15回 東方Project 人気投票"",""numbers"":[]},{""kind"":""item_heading"",""text"":""魂の休らむ所（435位）"",""numbers"":[{""raw"":""435位"",""value"":435,""unit"":""位"",""kind"":""number""}]},{""kind"":""item_statistics"",""text"":""ポイント：9点 ｜ 得票数：9票 ｜ 一押し数：0票 ｜ コメント数：2件 リストへ戻る"",""numbers"":[{""raw"":""9点"",""value"":9,""unit"":""点"",""kind"":""number""},{""raw"":""9票"",""value"":9,""unit"":""票"",""kind"":""number""},{""raw"":""0票"",""value"":0,""unit"":""票"",""kind"":""number""},{""raw"":""2件"",""value"":2,""unit"":""件"",""kind"":""number""}]}]",16176,27fb411d5f1f589de39536b69fa1d72d34ffdf4586f9a17346a6e3f17058303c
15,detail,music,3001,https://toho-vote.info/result15/music/3001.php,投票結果：テーマ・オブ・イースタンストーリー - 第15回 東方Project 人気投票,"[{""kind"":""title"",""text"":""投票結果：テーマ・オブ・イースタンストーリー - 第15回 東方Project 人気投票"",""numbers"":[]},{""kind"":""item_heading"",""text"":""テーマ・オブ・イースタンストーリー（254位）"",""numbers"":[{""raw"":""254位"",""value"":254,""unit"":""位"",""kind"":""number""}]},{""kind"":""item_statistics"",""text"":""ポイント：83点 ｜ 得票数：78票 ｜ 一押し数：5票 ｜ コメント数：17件 リストへ戻る"",""numbers"":[{""raw"":""83点"",""value"":83,""unit"":""点"",""kind"":""number""},{""raw"":""78票"",""value"":78,""unit"":""票"",""kind"":""number""},{""raw"":""5票"",""value"":5,""unit"":""票"",""kind"":""number""},{""raw"":""17件"",""value"":17,""unit"":""件"",""kind"":""number""}]}]",17414,b4b59b204aa4b41c63e86ae16bf5d8c5d8bad9006cf31ecac88000933e5ebaf2
15,detail,music,3005,https://toho-vote.info/result15/music/3005.php,投票結果：ジャパニーズサーガ - 第15回 東方Project 人気投票,"[{""kind"":""title"",""text"":""投票結果：ジャパニーズサーガ - 第15回 東方Project 人気投票"",""numbers"":[]},{""kind"":""item_heading"",""text"":""ジャパニーズサーガ（242位）"",""numbers"":[{""raw"":""242位"",""value"":242,""unit"":""位"",""kind"":""number""}]},{""kind"":""item_statistics"",""text"":""ポイント：99点 ｜ 得票数：95票 ｜ 一押し数：4票 ｜ コメント数：6件 リストへ戻る"",""numbers"":[{""raw"":""99点"",""value"":99,""unit"":""点"",""kind"":""number""},{""raw"":""95票"",""value"":95,""unit"":""票"",""kind"":""number""},{""raw"":""4票"",""value"":4,""unit"":""票"",""kind"":""number""},{""raw"":""6件"",""value"":6,""unit"":""件"",""kind"":""number""}]}]",16729,8b18a1161270cbff7973cbed91693498a33f89d44fc751aaec98edc4acf81224
15,detail,music,3006,https://toho-vote.info/result15/music/3006.php,投票結果：阿礼の子供 - 第15回 東方Project 人気投票,"[{""kind"":""title"",""text"":""投票結果：阿礼の子供 - 第15回 東方Project 人気投票"",""numbers"":[]},{""kind"":""item_heading"",""text"":""阿礼の子供（343位）"",""numbers"":[{""raw"":""343位"",""value"":343,""unit"":""位"",""kind"":""number""}]},{""kind"":""item_statistics"",""text"":""ポイント：35点 ｜ 得票数：34票 ｜ 一押し数：1票 ｜ コメント数：5件 リストへ戻る"",""numbers"":[{""raw"":""35点"",""value"":35,""unit"":""点"",""kind"":""number""},{""raw"":""34票"",""value"":34,""unit"":""票"",""kind"":""number""},{""raw"":""1票"",""value"":1,""unit"":""票"",""kind"":""number""},{""raw"":""5件"",""value"":5,""unit"":""件"",""kind"":""number""}]}]",16823,5fcc4d3b16dad315bac6ec38aa90f7ca635fa3e6188e60841ec1101d8fe827d9
15,detail,music,3008,https://toho-vote.info/result15/music/3008.php,投票結果：サニールチルフレクション - 第15回 東方Project 人気投票,"[{""kind"":""title"",""text"":""投票結果：サニールチルフレクション - 第15回 東方Project 人気投票"",""numbers"":[]},{""kind"":""item_heading"",""text"":""サニールチルフレクション（313位）"",""numbers"":[{""raw"":""313位"",""value"":313,""unit"":""位"",""kind"":""number""}]},{""kind"":""item_statistics"",""text"":""ポイント：44点 ｜ 得票数：42票 ｜ 一押し数：2票 ｜ コメント数：9件 リストへ戻る"",""numbers"":[{""raw"":""44点"",""value"":44,""unit"":""点"",""kind"":""number""},{""raw"":""42票"",""value"":42,""unit"":""票"",""kind"":""number""},{""raw"":""2票"",""value"":2,""unit"":""票"",""kind"":""number""},{""raw"":""9件"",""value"":9,""unit"":""件"",""kind"":""number""}]}]",17339,f1419675cf0fb2098bcaeb9793a5ee98cbfac80835c40aa79203cd23f2251959
15,detail,music,3009,https://toho-vote.info/result15/music/3009.php,投票結果：夜だから眠れない - 第15回 東方Project 人気投票,"[{""kind"":""title"",""text"":""投票結果：夜だから眠れない - 第15回 東方Project 人気投票"",""numbers"":[]},{""kind"":""item_heading"",""text"":""夜だから眠れない（283位）"",""numbers"":[{""raw"":""283位"",""value"":283,""unit"":""位"",""kind"":""number""}]},{""kind"":""item_statistics"",""text"":""ポイント：57点 ｜ 得票数：57票 ｜ 一押し数：0票 ｜ コメント数：14件 リストへ戻る"",""numbers"":[{""raw"":""57点"",""value"":57,""unit"":""点"",""kind"":""number""},{""raw"":""57票"",""value"":57,""unit"":""票"",""kind"":""number""},{""raw"":""0票"",""value"":0,""unit"":""票"",""kind"":""number""},{""raw"":""14件"",""value"":14,""unit"":""件"",""kind"":""number""}]}]",17301,93d4c9eddbe516c7acee2294108d7bcfba6664fde97e76acc486700c6f020be1
15,detail,music,3010,https://toho-vote.info/result15/music/3010.php,投票結果：妖精燦々として - 第15回 東方Project 人気投票,"[{""kind"":""title"",""text"":""投票結果：妖精燦々として - 第15回 東方Project 人気投票"",""numbers"":[]},{""kind"":""item_heading"",""text"":""妖精燦々として（343位）"",""numbers"":[{""raw"":""343位"",""value"":343,""unit"":""位"",""kind"":""number""}]},{""kind"":""item_statistics"",""text"":""ポイント：35点 ｜ 得票数：29票 ｜ 一押し数：6票 ｜ コメント数：4件 リストへ戻る"",""numbers"":[{""raw"":""35点"",""value"":35,""unit"":""点"",""kind"":""number""},{""raw"":""29票"",""value"":29,""unit"":""票"",""kind"":""number""},{""raw"":""6票"",""value"":6,""unit"":""票"",""kind"":""number""},{""raw"":""4件"",""value"":4,""unit"":""件"",""kind"":""number""}]}]",16602,32fd5c5a3867358c848af3f1e6180a1c336738a5f1ae0e7da1e2bb61f33a3211
15,detail,music,3011,https://toho-vote.info/result15/music/3011.php,投票結果：サニーミルクの紅霧異変 - 第15回 東方Project 人気投票,"[{""kind"":""title"",""text"":""投票結果：サニーミルクの紅霧異変 - 第15回 東方Project 人気投票"",""numbers"":[]},{""kind"":""item_heading"",""text"":""サニーミルクの紅霧異変（202位）"",""numbers"":[{""raw"":""202位"",""value"":202,""unit"":""位"",""kind"":""number""}]},{""kind"":""item_statistics"",""text"":""ポイント：153点 ｜ 得票数：146票 ｜ 一押し数：7票 ｜ コメント数：17件 リストへ戻る"",""numbers"":[{""raw"":""153点"",""value"":153,""unit"":""点"",""kind"":""number""},{""raw"":""146票"",""value"":146,""unit"":""票"",""kind"":""number""},{""raw"":""7票"",""value"":7,""unit"":""票"",""kind"":""number""},{""raw"":""17件"",""value"":17,""unit"":""件"",""kind"":""number""}]}]",17717,81cae85c6ce2708766260e4cad4565fe417e3ee1f3017c5cd8aa81c22a9af8f1
15,detail,music,3012,https://toho-vote.info/result15/music/3012.php,投票結果：雪月桜花の国 - 第15回 東方Project 人気投票,"[{""kind"":""title"",""text"":""投票結果：雪月桜花の国 - 第15回 東方Project 人気投票"",""numbers"":[]},{""kind"":""item_heading"",""text"":""雪月桜花の国（298位）"",""numbers"":[{""raw"":""298位"",""value"":298,""unit"":""位"",""kind"":""number""}]},{""kind"":""item_statistics"",""text"":""ポイント：51点 ｜ 得票数：45票 ｜ 一押し数：6票 ｜ コメント数：12件 リストへ戻る"",""numbers"":[{""raw"":""51点"",""value"":51,""unit"":""点"",""kind"":""number""},{""raw"":""45票"",""value"":45,""unit"":""票"",""kind"":""number""},{""raw"":""6票"",""value"":6,""unit"":""票"",""kind"":""number""},{""raw"":""12件"",""value"":12,""unit"":""件"",""kind"":""number""}]}]",17161,17367c65d033a432fcb71d13baa251f156070433c5e3a121c8666b5b42c52552
15,detail,music,3013,https://toho-vote.info/result15/music/3013.php,投票結果：スターヴォヤージュ2008 - 第15回 東方Project 人気投票,"[{""kind"":""title"",""text"":""投票結果：スターヴォヤージュ2008 - 第15回 東方Project 人気投票"",""numbers"":[]},{""kind"":""item_heading"",""text"":""スターヴォヤージュ2008（274位）"",""numbers"":[{""raw"":""274位"",""value"":274,""unit"":""位"",""kind"":""number""}]},{""kind"":""item_statistics"",""text"":""ポイント：61点 ｜ 得票数：55票 ｜ 一押し数：6票 ｜ コメント数：9件 リストへ戻る"",""numbers"":[{""raw"":""61点"",""value"":61,""unit"":""点"",""kind"":""number""},{""raw"":""55票"",""value"":55,""unit"":""票"",""kind"":""number""},{""raw"":""6票"",""value"":6,""unit"":""票"",""kind"":""number""},{""raw"":""9件"",""value"":9,""unit"":""件"",""kind"":""number""}]}]",17204,d3fa4c58cd126903423203da2f447a49e504148d3fb9fb3cae533a8bd8228599
15,detail,music,3015,https://toho-vote.info/result15/music/3015.php,投票結果：フェアリー冒険譚 - 第15回 東方Project 人気投票,"[{""kind"":""title"",""text"":""投票結果：フェアリー冒険譚 - 第15回 東方Project 人気投票"",""numbers"":[]},{""kind"":""item_heading"",""text"":""フェアリー冒険譚（407位）"",""numbers"":[{""raw"":""407位"",""value"":407,""unit"":""位"",""kind"":""number""}]},{""kind"":""item_statistics"",""text"":""ポイント：15点 ｜ 得票数：4票 ｜ 一押し数：1票 ｜ コメント数：1件 リストへ戻る"",""numbers"":[{""raw"":""15点"",""value"":15,""unit"":""点"",""kind"":""number""},{""raw"":""4票"",""value"":4,""unit"":""票"",""kind"":""number""},{""raw"":""1票"",""value"":1,""unit"":""票"",""kind"":""number""},{""raw"":""1件"",""value"":1,""unit"":""件"",""kind"":""number""}]}]",17059,85be563250eed97352f54fff34fe6150621ce35d4c507e9cec6e62970c154328
15,detail,music,3016,https://toho-vote.info/result15/music/3016.php,投票結果：二つの世界 - 第15回 東方Project 人気投票,"[{""kind"":""title"",""text"":""投票結果：二つの世界 - 第15回 東方Project 人気投票"",""numbers"":[]},{""kind"":""item_heading"",""text"":""二つの世界（377位）"",""numbers"":[{""raw"":""377位"",""value"":377,""unit"":""位"",""kind"":""number""}]},{""kind"":""item_statistics"",""text"":""ポイント：23点 ｜ 得票数：21票 ｜ 一押し数：2票 ｜ コメント数：4件 リストへ戻る"",""numbers"":[{""raw"":""23点"",""value"":23,""unit"":""点"",""kind"":""number""},{""raw"":""21票"",""value"":21,""unit"":""票"",""kind"":""number""},{""raw"":""2票"",""value"":2,""unit"":""票"",""kind"":""number""},{""raw"":""4件"",""value"":4,""unit"":""件"",""kind"":""number""}]}]",16781,cd785a85a1df47986a15c2f7034f1df8788031e442ae0df4b1b81e5a5ea69f87
15,detail,music,3017,https://toho-vote.info/result15/music/3017.php,投票結果：神域のかくれんぼ暮らし - 第15回 東方Project 人気投票,"[{""kind"":""title"",""text"":""投票結果：神域のかくれんぼ暮らし - 第15回 東方Project 人気投票"",""numbers"":[]},{""kind"":""item_heading"",""text"":""神域のかくれんぼ暮らし（389位）"",""numbers"":[{""raw"":""389位"",""value"":389,""unit"":""位"",""kind"":""number""}]},{""kind"":""item_statistics"",""text"":""ポイント：19点 ｜ 得票数：19票 ｜ 一押し数：0票 ｜ コメント数：5件 リストへ戻る"",""numbers"":[{""raw"":""19点"",""value"":19,""unit"":""点"",""kind"":""number""},{""raw"":""19票"",""value"":19,""unit"":""票"",""kind"":""number""},{""raw"":""0票"",""value"":0,""unit"":""票"",""kind"":""number""},{""raw"":""5件"",""value"":5,""unit"":""件"",""kind"":""number""}]}]",17082,bc59a25f8444ffc01bb9039d7708f747c0642209bda5e1dfae3700bdad04c51b
15,detail,music,3024,https://toho-vote.info/result15/music/3024.php,投票結果：妖怪宇宙旅行 - 第15回 東方Project 人気投票,"[{""kind"":""title"",""text"":""投票結果：妖怪宇宙旅行 - 第15回 東方Project 人気投票"",""numbers"":[]},{""kind"":""item_heading"",""text"":""妖怪宇宙旅行（272位）"",""numbers"":[{""raw"":""272位"",""value"":272,""unit"":""位"",""kind"":""number""}]},{""kind"":""item_statistics"",""text"":""ポイント：65点 ｜ 得票数：61票 ｜ 一押し数：4票 ｜ コメント数：8件 リストへ戻る"",""numbers"":[{""raw"":""65点"",""value"":65,""unit"":""点"",""kind"":""number""},{""raw"":""61票"",""value"":61,""unit"":""票"",""kind"":""number""},{""raw"":""4票"",""value"":4,""unit"":""票"",""kind"":""number""},{""raw"":""8件"",""value"":8,""unit"":""件"",""kind"":""number""}]}]",17181,e9ce9531c554f9ee62dd9f7013283501ed3cf94a77aff20384b367512f342547
15,detail,music,3026,https://toho-vote.info/result15/music/3026.php,投票結果：魔法使いの憂鬱 - 第15回 東方Project 人気投票,"[{""kind"":""title"",""text"":""投票結果：魔法使いの憂鬱 - 第15回 東方Project 人気投票"",""numbers"":[]},{""kind"":""item_heading"",""text"":""魔法使いの憂鬱（195位）"",""numbers"":[{""raw"":""195位"",""value"":195,""unit"":""位"",""kind"":""number""}]},{""kind"":""item_statistics"",""text"":""ポイント：163点 ｜ 得票数：151票 ｜ 一押し数：12票 ｜ コメント数：23件 リストへ戻る"",""numbers"":[{""raw"":""163点"",""value"":163,""unit"":""点"",""kind"":""number""},{""raw"":""151票"",""value"":151,""unit"":""票"",""kind"":""number""},{""raw"":""12票"",""value"":12,""unit"":""票"",""kind"":""number""},{""raw"":""23件"",""value"":23,""unit"":""件"",""kind"":""number""}]}]",18684,9e4e6593973754766e7d74dfb3969d7178d60350cac8e3a100c2f45faabd5202
15,detail,music,3027,https://toho-vote.info/result15/music/3027.php,投票結果：スプートニク幻夜 - 第15回 東方Project 人気投票,"[{""kind"":""title"",""text"":""投票結果：スプートニク幻夜 - 第15回 東方Project 人気投票"",""numbers"":[]},{""kind"":""item_heading"",""text"":""スプートニク幻夜（272位）"",""numbers"":[{""raw"":""272位"",""value"":272,""unit"":""位"",""kind"":""number""}]},{""kind"":""item_statistics"",""text"":""ポイント：65点 ｜ 得票数：38票 ｜ 一押し数：3票 ｜ コメント数：11件 リストへ戻る"",""numbers"":[{""raw"":""65点"",""value"":65,""unit"":""点"",""kind"":""number""},{""raw"":""38票"",""value"":38,""unit"":""票"",""kind"":""number""},{""raw"":""3票"",""value"":3,""unit"":""票"",""kind"":""number""},{""raw"":""11件"",""value"":11,""unit"":""件"",""kind"":""number""}]}]",17960,055c518f236e60d8875ba297a9c4f9acbe605c03aa82076129c56032789a6cfb
15,detail,music,3028,https://toho-vote.info/result15/music/3028.php,投票結果：綿月のスペルカード ～ Lunatic Blue - 第15回 東方Project 人気投票,"[{""kind"":""title"",""text"":""投票結果：綿月のスペルカード ～ Lunatic Blue - 第15回 東方Project 人気投票"",""numbers"":[]},{""kind"":""item_heading"",""text"":""綿月のスペルカード ～ Lunatic Blue（274位）"",""numbers"":[{""raw"":""274位"",""value"":274,""unit"":""位"",""kind"":""number""}]},{""kind"":""item_statistics"",""text"":""ポイント：61点 ｜ 得票数：55票 ｜ 一押し数：6票 ｜ コメント数：5件 リストへ戻る"",""numbers"":[{""raw"":""61点"",""value"":61,""unit"":""点"",""kind"":""number""},{""raw"":""55票"",""value"":55,""unit"":""票"",""kind"":""number""},{""raw"":""6票"",""value"":6,""unit"":""票"",""kind"":""number""},{""raw"":""5件"",""value"":5,""unit"":""件"",""kind"":""number""}]}]",16494,41eec3e3bde5f2de5ce3069b0288058295257b8400b3cdf4d9068d27a4bb386d
15,detail,music,3040,https://toho-vote.info/result15/music/3040.php,投票結果：判読眼のビブロフィリア - 第15回 東方Project 人気投票,"[{""kind"":""title"",""text"":""投票結果：判読眼のビブロフィリア - 第15回 東方Project 人気投票"",""numbers"":[]},{""kind"":""item_heading"",""text"":""判読眼のビブロフィリア（179位）"",""numbers"":[{""raw"":""179位"",""value"":179,""unit"":""位"",""kind"":""number""}]},{""kind"":""item_statistics"",""text"":""ポイント：203点 ｜ 得票数：191票 ｜ 一押し数：12票 ｜ コメント数：31件 リストへ戻る"",""numbers"":[{""raw"":""203点"",""value"":203,""unit"":""点"",""kind"":""number""},{""raw"":""191票"",""value"":191,""unit"":""票"",""kind"":""number""},{""raw"":""12票"",""value"":12,""unit"":""票"",""kind"":""number""},{""raw"":""31件"",""value"":31,""unit"":""件"",""kind"":""number""}]}]",19697,cff86e870fe84342559c1fd6a3e49e2cf40674767022defa2ff7b58489ed9a88
15,detail,music,4001,https://toho-vote.info/result15/music/4001.php,投票結果：蓬莱伝説 - 第15回 東方Project 人気投票,"[{""kind"":""title"",""text"":""投票結果：蓬莱伝説 - 第15回 東方Project 人気投票"",""numbers"":[]},{""kind"":""item_heading"",""text"":""蓬莱伝説（95位）"",""numbers"":[{""raw"":""95位"",""value"":95,""unit"":""位"",""kind"":""number""}]},{""kind"":""item_statistics"",""text"":""ポイント：534点 ｜ 得票数：433票 ｜ 一押し数：101票 ｜ コメント数：88件 リストへ戻る"",""numbers"":[{""raw"":""534点"",""value"":534,""unit"":""点"",""kind"":""number""},{""raw"":""433票"",""value"":433,""unit"":""票"",""kind"":""number""},{""raw"":""101票"",""value"":101,""unit"":""票"",""kind"":""number""},{""raw"":""88件"",""value"":88,""unit"":""件"",""kind"":""number""}]}]",25034,71cbbcaa1bd14a21826e413225c1be099294d6abfb39c47dedef6d02cdbf2400
15,detail,music,4006,https://toho-vote.info/result15/music/4006.php,投票結果：エニグマティクドール - 第15回 東方Project 人気投票,"[{""kind"":""title"",""text"":""投票結果：エニグマティクドール - 第15回 東方Project 人気投票"",""numbers"":[]},{""kind"":""item_heading"",""text"":""エニグマティクドール（185位）"",""numbers"":[{""raw"":""185位"",""value"":185,""unit"":""位"",""kind"":""number""}]},{""kind"":""item_statistics"",""text"":""ポイント：181点 ｜ 得票数：109票 ｜ 一押し数：20票 ｜ コメント数：29件 リストへ戻る"",""numbers"":[{""raw"":""181点"",""value"":181,""unit"":""点"",""kind"":""number""},{""raw"":""109票"",""value"":109,""unit"":""票"",""kind"":""number""},{""raw"":""20票"",""value"":20,""unit"":""票"",""kind"":""number""},{""raw"":""29件"",""value"":29,""unit"":""件"",""kind"":""number""}]}]",20130,3721738f0df4eaa0149574d2a92d08564bc073d5d3eed6f75ee47cb9b137fa5d
15,detail,music,4008,https://toho-vote.info/result15/music/4008.php,投票結果：人形の森 - 第15回 東方Project 人気投票,"[{""kind"":""title"",""text"":""投票結果：人形の森 - 第15回 東方Project 人気投票"",""numbers"":[]},{""kind"":""item_heading"",""text"":""人形の森（366位）"",""numbers"":[{""raw"":""366位"",""value"":366,""unit"":""位"",""kind"":""number""}]},{""kind"":""item_statistics"",""text"":""ポイント：27点 ｜ 得票数：23票 ｜ 一押し数：4票 ｜ コメント数：7件 リストへ戻る"",""numbers"":[{""raw"":""27点"",""value"":27,""unit"":""点"",""kind"":""number""},{""raw"":""23票"",""value"":23,""unit"":""票"",""kind"":""number""},{""raw"":""4票"",""value"":4,""unit"":""票"",""kind"":""number""},{""raw"":""7件"",""value"":7,""unit"":""件"",""kind"":""number""}]}]",16752,2b0d260c21f00dcf8b101c2f89a070fd406b52390db5fe0ceccb0edd152c9920
15,detail,music,4009,https://toho-vote.info/result15/music/4009.php,投票結果：Witch of Love Potion - 第15回 東方Project 人気投票,"[{""kind"":""title"",""text"":""投票結果：Witch of Love Potion - 第15回 東方Project 人気投票"",""numbers"":[]},{""kind"":""item_heading"",""text"":""Witch of Love Potion（236位）"",""numbers"":[{""raw"":""236位"",""value"":236,""unit"":""位"",""kind"":""number""}]},{""kind"":""item_statistics"",""text"":""ポイント：106点 ｜ 得票数：74票 ｜ 一押し数：7票 ｜ コメント数：24件 リストへ戻る"",""numbers"":[{""raw"":""106点"",""value"":106,""unit"":""点"",""kind"":""number""},{""raw"":""74票"",""value"":74,""unit"":""票"",""kind"":""number""},{""raw"":""7票"",""value"":7,""unit"":""票"",""kind"":""number""},{""raw"":""24件"",""value"":24,""unit"":""件"",""kind"":""number""}]}]",19371,0aaa2646b2bba19465c2ee84d25c7bd519c88406af64b0ba0ae4695b8b20d754
15,detail,music,4010,https://toho-vote.info/result15/music/4010.php,投票結果：リーインカーネイション - 第15回 東方Project 人気投票,"[{""kind"":""title"",""text"":""投票結果：リーインカーネイション - 第15回 東方Project 人気投票"",""numbers"":[]},{""kind"":""item_heading"",""text"":""リーインカーネイション（103位）"",""numbers"":[{""raw"":""103位"",""value"":103,""unit"":""位"",""kind"":""number""}]},{""kind"":""item_statistics"",""text"":""ポイント：472点 ｜ 得票数：218票 ｜ 一押し数：38票 ｜ コメント数：45件 リストへ戻る"",""numbers"":[{""raw"":""472点"",""value"":472,""unit"":""点"",""kind"":""number""},{""raw"":""218票"",""value"":218,""unit"":""票"",""kind"":""number""},{""raw"":""38票"",""value"":38,""unit"":""票"",""kind"":""number""},{""raw"":""45件"",""value"":45,""unit"":""件"",""kind"":""number""}]}]",21011,1f10a7bf2ecde65ec559ccd8bf534b6505b77b0284d489a6af27fe06eb0df60f
15,detail,music,4013,https://toho-vote.info/result15/music/4013.php,投票結果：空飛ぶ巫女の不思議な毎日 - 第15回 東方Project 人気投票,"[{""kind"":""title"",""text"":""投票結果：空飛ぶ巫女の不思議な毎日 - 第15回 東方Project 人気投票"",""numbers"":[]},{""kind"":""item_heading"",""text"":""空飛ぶ巫女の不思議な毎日（240位）"",""numbers"":[{""raw"":""240位"",""value"":240,""unit"":""位"",""kind"":""number""}]},{""kind"":""item_statistics"",""text"":""ポイント：101点 ｜ 得票数：89票 ｜ 一押し数：12票 ｜ コメント数：16件 リストへ戻る"",""numbers"":[{""raw"":""101点"",""value"":101,""unit"":""点"",""kind"":""number""},{""raw"":""89票"",""value"":89,""unit"":""票"",""kind"":""number""},{""raw"":""12票"",""value"":12,""unit"":""票"",""kind"":""number""},{""raw"":""16件"",""value"":16,""unit"":""件"",""kind"":""number""}]}]",17932,9d61f792237aab10ef60236c90ece808215d1239cdb2eaf1f17c6b7ca5d4e707
15,detail,music,4014,https://toho-vote.info/result15/music/4014.php,投票結果：夜のデンデラ野を逝く - 第15回 東方Project 人気投票,"[{""kind"":""title"",""text"":""投票結果：夜のデンデラ野を逝く - 第15回 東方Project 人気投票"",""numbers"":[]},{""kind"":""item_heading"",""text"":""夜のデンデラ野を逝く（261位）"",""numbers"":[{""raw"":""261位"",""value"":261,""unit"":""位"",""kind"":""number""}]},{""kind"":""item_statistics"",""text"":""ポイント：76点 ｜ 得票数：74票 ｜ 一押し数：2票 ｜ コメント数：17件 リストへ戻る"",""numbers"":[{""raw"":""76点"",""value"":76,""unit"":""点"",""kind"":""number""},{""raw"":""74票"",""value"":74,""unit"":""票"",""kind"":""number""},{""raw"":""2票"",""value"":2,""unit"":""票"",""kind"":""number""},{""raw"":""17件"",""value"":17,""unit"":""件"",""kind"":""number""}]}]",17604,aa58c5c8918b700bc3bbc0fad505eebc3ff5e7b6a28a9c3165e71ff02cef15e4
15,detail,music,4015,https://toho-vote.info/result15/music/4015.php,投票結果：少女秘封倶楽部 - 第15回 東方Project 人気投票,"[{""kind"":""title"",""text"":""投票結果：少女秘封倶楽部 - 第15回 東方Project 人気投票"",""numbers"":[]},{""kind"":""item_heading"",""text"":""少女秘封倶楽部（90位）"",""numbers"":[{""raw"":""90位"",""value"":90,""unit"":""位"",""kind"":""number""}]},{""kind"":""item_statistics"",""text"":""ポイント：574点 ｜ 得票数：515票 ｜ 一押し数：59票 ｜ コメント数：55件 リストへ戻る"",""numbers"":[{""raw"":""574点"",""value"":574,""unit"":""点"",""kind"":""number""},{""raw"":""515票"",""value"":515,""unit"":""票"",""kind"":""number""},{""raw"":""59票"",""value"":59,""unit"":""票"",""kind"":""number""},{""raw"":""55件"",""value"":55,""unit"":""件"",""kind"":""number""}]}]",21422,a5bf12ac2a92dcccbda798ef6d52fa05bdd892691baed3c01698fa78103dc490
15,detail,music,4017,https://toho-vote.info/result15/music/4017.php,投票結果：古の冥界寺 - 第15回 東方Project 人気投票,"[{""kind"":""title"",""text"":""投票結果：古の冥界寺 - 第15回 東方Project 人気投票"",""numbers"":[]},{""kind"":""item_heading"",""text"":""古の冥界寺（370位）"",""numbers"":[{""raw"":""370位"",""value"":370,""unit"":""位"",""kind"":""number""}]},{""kind"":""item_statistics"",""text"":""ポイント：26点 ｜ 得票数：21票 ｜ 一押し数：5票 ｜ コメント数：8件 リストへ戻る"",""numbers"":[{""raw"":""26点"",""value"":26,""unit"":""点"",""kind"":""number""},{""raw"":""21票"",""value"":21,""unit"":""票"",""kind"":""number""},{""raw"":""5票"",""value"":5,""unit"":""票"",""kind"":""number""},{""raw"":""8件"",""value"":8,""unit"":""件"",""kind"":""number""}]}]",16849,978811c19e81b9ab5610042241112f14de3fcd6f968d712e9f04f1e34383d807
15,detail,music,4019,https://toho-vote.info/result15/music/4019.php,投票結果：魔術師メリー - 第15回 東方Project 人気投票,"[{""kind"":""title"",""text"":""投票結果：魔術師メリー - 第15回 東方Project 人気投票"",""numbers"":[]},{""kind"":""item_heading"",""text"":""魔術師メリー（207位）"",""numbers"":[{""raw"":""207位"",""value"":207,""unit"":""位"",""kind"":""number""}]},{""kind"":""item_statistics"",""text"":""ポイント：140点 ｜ 得票数：133票 ｜ 一押し数：7票 ｜ コメント数：16件 リストへ戻る"",""numbers"":[{""raw"":""140点"",""value"":140,""unit"":""点"",""kind"":""number""},{""raw"":""133票"",""value"":133,""unit"":""票"",""kind"":""number""},{""raw"":""7票"",""value"":7,""unit"":""票"",""kind"":""number""},{""raw"":""16件"",""value"":16,""unit"":""件"",""kind"":""number""}]}]",17808,c07e4af4c95500ec1e69ff07de8564facc703339d3b08a66ed6b7a7891d6b2c6
15,detail,music,4020,https://toho-vote.info/result15/music/4020.php,投票結果：月の妖鳥、化猫の幻 - 第15回 東方Project 人気投票,"[{""kind"":""title"",""text"":""投票結果：月の妖鳥、化猫の幻 - 第15回 東方Project 人気投票"",""numbers"":[]},{""kind"":""item_heading"",""text"":""月の妖鳥、化猫の幻（206位）"",""numbers"":[{""raw"":""206位"",""value"":206,""unit"":""位"",""kind"":""number""}]},{""kind"":""item_statistics"",""text"":""ポイント：141点 ｜ 得票数：135票 ｜ 一押し数：6票 ｜ コメント数：9件 リストへ戻る"",""numbers"":[{""raw"":""141点"",""value"":141,""unit"":""点"",""kind"":""number""},{""raw"":""135票"",""value"":135,""unit"":""票"",""kind"":""number""},{""raw"":""6票"",""value"":6,""unit"":""票"",""kind"":""number""},{""raw"":""9件"",""value"":9,""unit"":""件"",""kind"":""number""}]}]",17397,63a5f25c9f4bdcd69fbb0655a7fb568264499c265fc73b0058adfd29c569cbb5
15,detail,music,4021,https://toho-vote.info/result15/music/4021.php,投票結果：過去の花 ～ Fairy of Flower - 第15回 東方Project 人気投票,"[{""kind"":""title"",""text"":""投票結果：過去の花 ～ Fairy of Flower - 第15回 東方Project 人気投票"",""numbers"":[]},{""kind"":""item_heading"",""text"":""過去の花 ～ Fairy of Flower（290位）"",""numbers"":[{""raw"":""290位"",""value"":290,""unit"":""位"",""kind"":""number""}]},{""kind"":""item_statistics"",""text"":""ポイント：53点 ｜ 得票数：48票 ｜ 一押し数：5票 ｜ コメント数：11件 リストへ戻る"",""numbers"":[{""raw"":""53点"",""value"":53,""unit"":""点"",""kind"":""number""},{""raw"":""48票"",""value"":48,""unit"":""票"",""kind"":""number""},{""raw"":""5票"",""value"":5,""unit"":""票"",""kind"":""number""},{""raw"":""11件"",""value"":11,""unit"":""件"",""kind"":""number""}]}]",18247,907ee52c1572feac50b2791e544c27a6eac91f4aac7f456187c8a238d3367192
15,detail,music,4022,https://toho-vote.info/result15/music/4022.php,投票結果：魔法少女十字軍 - 第15回 東方Project 人気投票,"[{""kind"":""title"",""text"":""投票結果：魔法少女十字軍 - 第15回 東方Project 人気投票"",""numbers"":[]},{""kind"":""item_heading"",""text"":""魔法少女十字軍（169位）"",""numbers"":[{""raw"":""169位"",""value"":169,""unit"":""位"",""kind"":""number""}]},{""kind"":""item_statistics"",""text"":""ポイント：226点 ｜ 得票数：92票 ｜ 一押し数：17票 ｜ コメント数：32件 リストへ戻る"",""numbers"":[{""raw"":""226点"",""value"":226,""unit"":""点"",""kind"":""number""},{""raw"":""92票"",""value"":92,""unit"":""票"",""kind"":""number""},{""raw"":""17票"",""value"":17,""unit"":""票"",""kind"":""number""},{""raw"":""32件"",""value"":32,""unit"":""件"",""kind"":""number""}]}]",19521,1d82a506db45897367c8d1d1114151179fe36f2cd08c7f5f2bf8affe7dc22fd5
15,detail,music,4024,https://toho-vote.info/result15/music/4024.php,投票結果：幻想の永遠祭 - 第15回 東方Project 人気投票,"[{""kind"":""title"",""text"":""投票結果：幻想の永遠祭 - 第15回 東方Project 人気投票"",""numbers"":[]},{""kind"":""item_heading"",""text"":""幻想の永遠祭（360位）"",""numbers"":[{""raw"":""360位"",""value"":360,""unit"":""位"",""kind"":""number""}]},{""kind"":""item_statistics"",""text"":""ポイント：29点 ｜ 得票数：28票 ｜ 一押し数：1票 ｜ コメント数：5件 リストへ戻る"",""numbers"":[{""raw"":""29点"",""value"":29,""unit"":""点"",""kind"":""number""},{""raw"":""28票"",""value"":28,""unit"":""票"",""kind"":""number""},{""raw"":""1票"",""value"":1,""unit"":""票"",""kind"":""number""},{""raw"":""5件"",""value"":5,""unit"":""件"",""kind"":""number""}]}]",17001,8796c7bc5feca6375eeae2488c55da6643c5cfb75819a429d582390bd1933e2e
15,detail,music,4025,https://toho-vote.info/result15/music/4025.php,投票結果：童祭 ～ Innocent Treasures - 第15回 東方Project 人気投票,"[{""kind"":""title"",""text"":""投票結果：童祭 ～ Innocent Treasures - 第15回 東方Project 人気投票"",""numbers"":[]},{""kind"":""item_heading"",""text"":""童祭 ～ Innocent Treasures（81位）"",""numbers"":[{""raw"":""81位"",""value"":81,""unit"":""位"",""kind"":""number""}]},{""kind"":""item_statistics"",""text"":""ポイント：647点 ｜ 得票数：585票 ｜ 一押し数：62票 ｜ コメント数：63件 リストへ戻る"",""numbers"":[{""raw"":""647点"",""value"":647,""unit"":""点"",""kind"":""number""},{""raw"":""585票"",""value"":585,""unit"":""票"",""kind"":""number""},{""raw"":""62票"",""value"":62,""unit"":""票"",""kind"":""number""},{""raw"":""63件"",""value"":63,""unit"":""件"",""kind"":""number""}]}]",22266,ed8339e41b51acdae00f34dcee2d683a03d227d5f957348a98f0510262dc403c
15,detail,music,4026,https://toho-vote.info/result15/music/4026.php,投票結果：華胥の夢 - 第15回 東方Project 人気投票,"[{""kind"":""title"",""text"":""投票結果：華胥の夢 - 第15回 東方Project 人気投票"",""numbers"":[]},{""kind"":""item_heading"",""text"":""華胥の夢（313位）"",""numbers"":[{""raw"":""313位"",""value"":313,""unit"":""位"",""kind"":""number""}]},{""kind"":""item_statistics"",""text"":""ポイント：44点 ｜ 得票数：42票 ｜ 一押し数：2票 ｜ コメント数：6件 リストへ戻る"",""numbers"":[{""raw"":""44点"",""value"":44,""unit"":""点"",""kind"":""number""},{""raw"":""42票"",""value"":42,""unit"":""票"",""kind"":""number""},{""raw"":""2票"",""value"":2,""unit"":""票"",""kind"":""number""},{""raw"":""6件"",""value"":6,""unit"":""件"",""kind"":""number""}]}]",16606,c8fc622ed342ab482458f69e8475f2f5c96eaecbe434a1adf2cc370010c68f95
15,detail,music,4029,https://toho-vote.info/result15/music/4029.php,投票結果：科学世紀の少年少女 - 第15回 東方Project 人気投票,"[{""kind"":""title"",""text"":""投票結果：科学世紀の少年少女 - 第15回 東方Project 人気投票"",""numbers"":[]},{""kind"":""item_heading"",""text"":""科学世紀の少年少女（290位）"",""numbers"":[{""raw"":""290位"",""value"":290,""unit"":""位"",""kind"":""number""}]},{""kind"":""item_statistics"",""text"":""ポイント：53点 ｜ 得票数：52票 ｜ 一押し数：1票 ｜ コメント数：10件 リストへ戻る"",""numbers"":[{""raw"":""53点"",""value"":53,""unit"":""点"",""kind"":""number""},{""raw"":""52票"",""value"":52,""unit"":""票"",""kind"":""number""},{""raw"":""1票"",""value"":1,""unit"":""票"",""kind"":""number""},{""raw"":""10件"",""value"":10,""unit"":""件"",""kind"":""number""}]}]",17078,364746589f9c558dfa469d8de6fa6a9fab8bb875ed56b808a2528e79b8693e47
15,detail,music,4033,https://toho-vote.info/result15/music/4033.php,投票結果：夢と現の境界 - 第15回 東方Project 人気投票,"[{""kind"":""title"",""text"":""投票結果：夢と現の境界 - 第15回 東方Project 人気投票"",""numbers"":[]},{""kind"":""item_heading"",""text"":""夢と現の境界（246位）"",""numbers"":[{""raw"":""246位"",""value"":246,""unit"":""位"",""kind"":""number""}]},{""kind"":""item_statistics"",""text"":""ポイント：95点 ｜ 得票数：85票 ｜ 一押し数：10票 ｜ コメント数：17件 リストへ戻る"",""numbers"":[{""raw"":""95点"",""value"":95,""unit"":""点"",""kind"":""number""},{""raw"":""85票"",""value"":85,""unit"":""票"",""kind"":""number""},{""raw"":""10票"",""value"":10,""unit"":""票"",""kind"":""number""},{""raw"":""17件"",""value"":17,""unit"":""件"",""kind"":""number""}]}]",19005,1be34d6f1670a6bd5af67ed7545028dbf2ac149aad0e10bc9781fe87d3977936
15,detail,music,4035,https://toho-vote.info/result15/music/4035.php,投票結果：幽玄の槭樹 ～ Eternal Dream - 第15回 東方Project 人気投票,"[{""kind"":""title"",""text"":""投票結果：幽玄の槭樹 ～ Eternal Dream - 第15回 東方Project 人気投票"",""numbers"":[]},{""kind"":""item_heading"",""text"":""幽玄の槭樹 ～ Eternal Dream（226位）"",""numbers"":[{""raw"":""226位"",""value"":226,""unit"":""位"",""kind"":""number""}]},{""kind"":""item_statistics"",""text"":""ポイント：116点 ｜ 得票数：23票 ｜ 一押し数：10票 ｜ コメント数：9件 リストへ戻る"",""numbers"":[{""raw"":""116点"",""value"":116,""unit"":""点"",""kind"":""number""},{""raw"":""23票"",""value"":23,""unit"":""票"",""kind"":""number""},{""raw"":""10票"",""value"":10,""unit"":""票"",""kind"":""number""},{""raw"":""9件"",""value"":9,""unit"":""件"",""kind"":""number""}]}]",17638,051ac61f244109eaf0c5508eb6ec03f58a6e2889c8933a795afb6f44d6767eea
15,detail,music,4036,https://toho-vote.info/result15/music/4036.php,投票結果：ヒロシゲ36号 ～ Neo Super-Express - 第15回 東方Project 人気投票,"[{""kind"":""title"",""text"":""投票結果：ヒロシゲ36号 ～ Neo Super-Express - 第15回 東方Project 人気投票"",""numbers"":[]},{""kind"":""item_heading"",""text"":""ヒロシゲ36号 ～ Neo Super-Express（83位）"",""numbers"":[{""raw"":""83位"",""value"":83,""unit"":""位"",""kind"":""number""}]},{""kind"":""item_statistics"",""text"":""ポイント：627点 ｜ 得票数：577票 ｜ 一押し数：50票 ｜ コメント数：74件 リストへ戻る"",""numbers"":[{""raw"":""627点"",""value"":627,""unit"":""点"",""kind"":""number""},{""raw"":""577票"",""value"":577,""unit"":""票"",""kind"":""number""},{""raw"":""50票"",""value"":50,""unit"":""票"",""kind"":""number""},{""raw"":""74件"",""value"":74,""unit"":""件"",""kind"":""number""}]}]",23846,45fbafe00b2b6177e48aac36b88e68f1c8fde7caf7918de0781b1d34de7dca3d
15,detail,music,4037,https://toho-vote.info/result15/music/4037.php,投票結果：53ミニッツの青い海 - 第15回 東方Project 人気投票,"[{""kind"":""title"",""text"":""投票結果：53ミニッツの青い海 - 第15回 東方Project 人気投票"",""numbers"":[{""raw"":""53"",""value"":53,""unit"":null,""kind"":""number""}]},{""kind"":""item_heading"",""text"":""53ミニッツの青い海（229位）"",""numbers"":[{""raw"":""53"",""value"":53,""unit"":null,""kind"":""number""},{""raw"":""229位"",""value"":229,""unit"":""位"",""kind"":""number""}]},{""kind"":""item_statistics"",""text"":""ポイント：115点 ｜ 得票数：102票 ｜ 一押し数：13票 ｜ コメント数：12件 リストへ戻る"",""numbers"":[{""raw"":""115点"",""value"":115,""unit"":""点"",""kind"":""number""},{""raw"":""102票"",""value"":102,""unit"":""票"",""kind"":""number""},{""raw"":""13票"",""value"":13,""unit"":""票"",""kind"":""number""},{""raw"":""12件"",""value"":12,""unit"":""件"",""kind"":""number""}]}]",17933,82a3b304ec63e713d11822a060a3f887b776fd55bd44faf21052b2d5d4d19758
15,detail,music,4040,https://toho-vote.info/result15/music/4040.php,投票結果：青木ヶ原の伝説 - 第15回 東方Project 人気投票,"[{""kind"":""title"",""text"":""投票結果：青木ヶ原の伝説 - 第15回 東方Project 人気投票"",""numbers"":[]},{""kind"":""item_heading"",""text"":""青木ヶ原の伝説（304位）"",""numbers"":[{""raw"":""304位"",""value"":304,""unit"":""位"",""kind"":""number""}]},{""kind"":""item_statistics"",""text"":""ポイント：50点 ｜ 得票数：46票 ｜ 一押し数：4票 ｜ コメント数：2件 リストへ戻る"",""numbers"":[{""raw"":""50点"",""value"":50,""unit"":""点"",""kind"":""number""},{""raw"":""46票"",""value"":46,""unit"":""票"",""kind"":""number""},{""raw"":""4票"",""value"":4,""unit"":""票"",""kind"":""number""},{""raw"":""2件"",""value"":2,""unit"":""件"",""kind"":""number""}]}]",16362,035fa37be7dd6221072d4d5737713ee587284916cf8f3b0fa851ec9606992013
15,detail,music,4046,https://toho-vote.info/result15/music/4046.php,投票結果：最も澄みわたる空と海 - 第15回 東方Project 人気投票,"[{""kind"":""title"",""text"":""投票結果：最も澄みわたる空と海 - 第15回 東方Project 人気投票"",""numbers"":[]},{""kind"":""item_heading"",""text"":""最も澄みわたる空と海（203位）"",""numbers"":[{""raw"":""203位"",""value"":203,""unit"":""位"",""kind"":""number""}]},{""kind"":""item_statistics"",""text"":""ポイント：151点 ｜ 得票数：138票 ｜ 一押し数：13票 ｜ コメント数：21件 リストへ戻る"",""numbers"":[{""raw"":""151点"",""value"":151,""unit"":""点"",""kind"":""number""},{""raw"":""138票"",""value"":138,""unit"":""票"",""kind"":""number""},{""raw"":""13票"",""value"":13,""unit"":""票"",""kind"":""number""},{""raw"":""21件"",""value"":21,""unit"":""件"",""kind"":""number""}]}]",17816,12420bcaf10bac1de5bf8ef36b87ff772a800d76bf753ff3cdfc6d43dec65036
15,detail,music,4047,https://toho-vote.info/result15/music/4047.php,投票結果：月面ツアーへようこそ - 第15回 東方Project 人気投票,"[{""kind"":""title"",""text"":""投票結果：月面ツアーへようこそ - 第15回 東方Project 人気投票"",""numbers"":[]},{""kind"":""item_heading"",""text"":""月面ツアーへようこそ（197位）"",""numbers"":[{""raw"":""197位"",""value"":197,""unit"":""位"",""kind"":""number""}]},{""kind"":""item_statistics"",""text"":""ポイント：161点 ｜ 得票数：150票 ｜ 一押し数：11票 ｜ コメント数：24件 リストへ戻る"",""numbers"":[{""raw"":""161点"",""value"":161,""unit"":""点"",""kind"":""number""},{""raw"":""150票"",""value"":150,""unit"":""票"",""kind"":""number""},{""raw"":""11票"",""value"":11,""unit"":""票"",""kind"":""number""},{""raw"":""24件"",""value"":24,""unit"":""件"",""kind"":""number""}]}]",19945,299d046ab8501c6ee32311eadc6bdd80f0f520e057126f9d5d0fd7c59f19ada4
15,detail,music,4048,https://toho-vote.info/result15/music/4048.php,投票結果：天空のグリニッジ - 第15回 東方Project 人気投票,"[{""kind"":""title"",""text"":""投票結果：天空のグリニッジ - 第15回 東方Project 人気投票"",""numbers"":[]},{""kind"":""item_heading"",""text"":""天空のグリニッジ（45位）"",""numbers"":[{""raw"":""45位"",""value"":45,""unit"":""位"",""kind"":""number""}]},{""kind"":""item_statistics"",""text"":""ポイント：1061点 ｜ 得票数：971票 ｜ 一押し数：90票 ｜ コメント数：82件 リストへ戻る"",""numbers"":[{""raw"":""1061点"",""value"":1061,""unit"":""点"",""kind"":""number""},{""raw"":""971票"",""value"":971,""unit"":""票"",""kind"":""number""},{""raw"":""90票"",""value"":90,""unit"":""票"",""kind"":""number""},{""raw"":""82件"",""value"":82,""unit"":""件"",""kind"":""number""}]}]",23235,76b1e35b8d3b4d873b07ff77ff03b2bb0f70a79aeff4b3510efe3f433118ef0c
15,detail,music,4050,https://toho-vote.info/result15/music/4050.php,投票結果：車椅子の未来宇宙 - 第15回 東方Project 人気投票,"[{""kind"":""title"",""text"":""投票結果：車椅子の未来宇宙 - 第15回 東方Project 人気投票"",""numbers"":[]},{""kind"":""item_heading"",""text"":""車椅子の未来宇宙（149位）"",""numbers"":[{""raw"":""149位"",""value"":149,""unit"":""位"",""kind"":""number""}]},{""kind"":""item_statistics"",""text"":""ポイント：301点 ｜ 得票数：278票 ｜ 一押し数：23票 ｜ コメント数：43件 リストへ戻る"",""numbers"":[{""raw"":""301点"",""value"":301,""unit"":""点"",""kind"":""number""},{""raw"":""278票"",""value"":278,""unit"":""票"",""kind"":""number""},{""raw"":""23票"",""value"":23,""unit"":""票"",""kind"":""number""},{""raw"":""43件"",""value"":43,""unit"":""件"",""kind"":""number""}]}]",19986,41523e6b987c8ab8c2e50e70fdabaa15fb1f233b2138bb3f90676e9ae6517d80
15,detail,music,4052,https://toho-vote.info/result15/music/4052.php,投票結果：衛星カフェテラス - 第15回 東方Project 人気投票,"[{""kind"":""title"",""text"":""投票結果：衛星カフェテラス - 第15回 東方Project 人気投票"",""numbers"":[]},{""kind"":""item_heading"",""text"":""衛星カフェテラス（148位）"",""numbers"":[{""raw"":""148位"",""value"":148,""unit"":""位"",""kind"":""number""}]},{""kind"":""item_statistics"",""text"":""ポイント：309点 ｜ 得票数：280票 ｜ 一押し数：29票 ｜ コメント数：45件 リストへ戻る"",""numbers"":[{""raw"":""309点"",""value"":309,""unit"":""点"",""kind"":""number""},{""raw"":""280票"",""value"":280,""unit"":""票"",""kind"":""number""},{""raw"":""29票"",""value"":29,""unit"":""票"",""kind"":""number""},{""raw"":""45件"",""value"":45,""unit"":""件"",""kind"":""number""}]}]",20240,93851591d2a5338cbc317be8a51faf275263f12b773c9593307fa038f5b06929
15,detail,music,4053,https://toho-vote.info/result15/music/4053.php,投票結果：G Free - 第15回 東方Project 人気投票,"[{""kind"":""title"",""text"":""投票結果：G Free - 第15回 東方Project 人気投票"",""numbers"":[]},{""kind"":""item_heading"",""text"":""G Free（194位）"",""numbers"":[{""raw"":""194位"",""value"":194,""unit"":""位"",""kind"":""number""}]},{""kind"":""item_statistics"",""text"":""ポイント：165点 ｜ 得票数：153票 ｜ 一押し数：12票 ｜ コメント数：17件 リストへ戻る"",""numbers"":[{""raw"":""165点"",""value"":165,""unit"":""点"",""kind"":""number""},{""raw"":""153票"",""value"":153,""unit"":""票"",""kind"":""number""},{""raw"":""12票"",""value"":12,""unit"":""票"",""kind"":""number""},{""raw"":""17件"",""value"":17,""unit"":""件"",""kind"":""number""}]}]",17848,5992db46c67df65ca57e7cfcfcd1c849f15970d42e0bee9018d85957c1e8ab5d
15,detail,music,4054,https://toho-vote.info/result15/music/4054.php,投票結果：大空魔術 ～ Magical Astronomy - 第15回 東方Project 人気投票,"[{""kind"":""title"",""text"":""投票結果：大空魔術 ～ Magical Astronomy - 第15回 東方Project 人気投票"",""numbers"":[]},{""kind"":""item_heading"",""text"":""大空魔術 ～ Magical Astronomy（226位）"",""numbers"":[{""raw"":""226位"",""value"":226,""unit"":""位"",""kind"":""number""}]},{""kind"":""item_statistics"",""text"":""ポイント：116点 ｜ 得票数：112票 ｜ 一押し数：4票 ｜ コメント数：7件 リストへ戻る"",""numbers"":[{""raw"":""116点"",""value"":116,""unit"":""点"",""kind"":""number""},{""raw"":""112票"",""value"":112,""unit"":""票"",""kind"":""number""},{""raw"":""4票"",""value"":4,""unit"":""票"",""kind"":""number""},{""raw"":""7件"",""value"":7,""unit"":""件"",""kind"":""number""}]}]",16829,2b7ff926e58bbbe55d38f6e0c8a662c8eae4256e0bc5fa368cffffe8016e58c5
15,detail,music,4056,https://toho-vote.info/result15/music/4056.php,投票結果：向こう側の月 - 第15回 東方Project 人気投票,"[{""kind"":""title"",""text"":""投票結果：向こう側の月 - 第15回 東方Project 人気投票"",""numbers"":[]},{""kind"":""item_heading"",""text"":""向こう側の月（238位）"",""numbers"":[{""raw"":""238位"",""value"":238,""unit"":""位"",""kind"":""number""}]},{""kind"":""item_statistics"",""text"":""ポイント：102点 ｜ 得票数：95票 ｜ 一押し数：7票 ｜ コメント数：12件 リストへ戻る"",""numbers"":[{""raw"":""102点"",""value"":102,""unit"":""点"",""kind"":""number""},{""raw"":""95票"",""value"":95,""unit"":""票"",""kind"":""number""},{""raw"":""7票"",""value"":7,""unit"":""票"",""kind"":""number""},{""raw"":""12件"",""value"":12,""unit"":""件"",""kind"":""number""}]}]",17356,b6731fd96e2f8bb0f14c1256a7c15b14344144d0fd91a13510257f2c311f7444
15,detail,music,4057,https://toho-vote.info/result15/music/4057.php,投票結果：未知の花 魅知の旅 - 第15回 東方Project 人気投票,"[{""kind"":""title"",""text"":""投票結果：未知の花 魅知の旅 - 第15回 東方Project 人気投票"",""numbers"":[]},{""kind"":""item_heading"",""text"":""未知の花 魅知の旅（159位）"",""numbers"":[{""raw"":""159位"",""value"":159,""unit"":""位"",""kind"":""number""}]},{""kind"":""item_statistics"",""text"":""ポイント：252点 ｜ 得票数：239票 ｜ 一押し数：13票 ｜ コメント数：39件 リストへ戻る"",""numbers"":[{""raw"":""252点"",""value"":252,""unit"":""点"",""kind"":""number""},{""raw"":""239票"",""value"":239,""unit"":""票"",""kind"":""number""},{""raw"":""13票"",""value"":13,""unit"":""票"",""kind"":""number""},{""raw"":""39件"",""value"":39,""unit"":""件"",""kind"":""number""}]}]",20060,428f07e9c485b713b9561d6a325156687edad1d763e49a441590c7ef13a326ee
15,detail,music,4060,https://toho-vote.info/result15/music/4060.php,投票結果：衛星トリフネ - 第15回 東方Project 人気投票,"[{""kind"":""title"",""text"":""投票結果：衛星トリフネ - 第15回 東方Project 人気投票"",""numbers"":[]},{""kind"":""item_heading"",""text"":""衛星トリフネ（249位）"",""numbers"":[{""raw"":""249位"",""value"":249,""unit"":""位"",""kind"":""number""}]},{""kind"":""item_statistics"",""text"":""ポイント：88点 ｜ 得票数：82票 ｜ 一押し数：6票 ｜ コメント数：14件 リストへ戻る"",""numbers"":[{""raw"":""88点"",""value"":88,""unit"":""点"",""kind"":""number""},{""raw"":""82票"",""value"":82,""unit"":""票"",""kind"":""number""},{""raw"":""6票"",""value"":6,""unit"":""票"",""kind"":""number""},{""raw"":""14件"",""value"":14,""unit"":""件"",""kind"":""number""}]}]",17979,ed475f490e57df4875591018b25252bf24db0a29bc81eb8d114ad7a167d583ad
15,detail,music,4061,https://toho-vote.info/result15/music/4061.php,投票結果：トロヤ群の密林 - 第15回 東方Project 人気投票,"[{""kind"":""title"",""text"":""投票結果：トロヤ群の密林 - 第15回 東方Project 人気投票"",""numbers"":[]},{""kind"":""item_heading"",""text"":""トロヤ群の密林（290位）"",""numbers"":[{""raw"":""290位"",""value"":290,""unit"":""位"",""kind"":""number""}]},{""kind"":""item_statistics"",""text"":""ポイント：53点 ｜ 得票数：50票 ｜ 一押し数：3票 ｜ コメント数：5件 リストへ戻る"",""numbers"":[{""raw"":""53点"",""value"":53,""unit"":""点"",""kind"":""number""},{""raw"":""50票"",""value"":50,""unit"":""票"",""kind"":""number""},{""raw"":""3票"",""value"":3,""unit"":""票"",""kind"":""number""},{""raw"":""5件"",""value"":5,""unit"":""件"",""kind"":""number""}]}]",16576,0852ce7bc0f120440716974e81ecde9ca3679c81c3d630509c47de395665db3f
15,detail,music,4064,https://toho-vote.info/result15/music/4064.php,投票結果：天鳥船神社 - 第15回 東方Project 人気投票,"[{""kind"":""title"",""text"":""投票結果：天鳥船神社 - 第15回 東方Project 人気投票"",""numbers"":[]},{""kind"":""item_heading"",""text"":""天鳥船神社（360位）"",""numbers"":[{""raw"":""360位"",""value"":360,""unit"":""位"",""kind"":""number""}]},{""kind"":""item_statistics"",""text"":""ポイント：29点 ｜ 得票数：28票 ｜ 一押し数：1票 ｜ コメント数：1件 リストへ戻る"",""numbers"":[{""raw"":""29点"",""value"":29,""unit"":""点"",""kind"":""number""},{""raw"":""28票"",""value"":28,""unit"":""票"",""kind"":""number""},{""raw"":""1票"",""value"":1,""unit"":""票"",""kind"":""number""},{""raw"":""1件"",""value"":1,""unit"":""件"",""kind"":""number""}]}]",16219,48ea9bffb0c11727c2badc06bf8b36cd3c799487b97b99080fc3388349c8d6d1
15,detail,music,4067,https://toho-vote.info/result15/music/4067.php,投票結果：天鳥船神社の結界 - 第15回 東方Project 人気投票,"[{""kind"":""title"",""text"":""投票結果：天鳥船神社の結界 - 第15回 東方Project 人気投票"",""numbers"":[]},{""kind"":""item_heading"",""text"":""天鳥船神社の結界（370位）"",""numbers"":[{""raw"":""370位"",""value"":370,""unit"":""位"",""kind"":""number""}]},{""kind"":""item_statistics"",""text"":""ポイント：26点 ｜ 得票数：26票 ｜ 一押し数：0票 ｜ コメント数：4件 リストへ戻る"",""numbers"":[{""raw"":""26点"",""value"":26,""unit"":""点"",""kind"":""number""},{""raw"":""26票"",""value"":26,""unit"":""票"",""kind"":""number""},{""raw"":""0票"",""value"":0,""unit"":""票"",""kind"":""number""},{""raw"":""4件"",""value"":4,""unit"":""件"",""kind"":""number""}]}]",16678,fbba83336eba9f30b1c179e7a1ac88b928ac641fba31c4e4e4807ab9c1cf4bd9
15,detail,music,4069,https://toho-vote.info/result15/music/4069.php,投票結果：宇宙に浮かぶ幻想郷 - 第15回 東方Project 人気投票,"[{""kind"":""title"",""text"":""投票結果：宇宙に浮かぶ幻想郷 - 第15回 東方Project 人気投票"",""numbers"":[]},{""kind"":""item_heading"",""text"":""宇宙に浮かぶ幻想郷（377位）"",""numbers"":[{""raw"":""377位"",""value"":377,""unit"":""位"",""kind"":""number""}]},{""kind"":""item_statistics"",""text"":""ポイント：23点 ｜ 得票数：22票 ｜ 一押し数：1票 ｜ コメント数：4件 リストへ戻る"",""numbers"":[{""raw"":""23点"",""value"":23,""unit"":""点"",""kind"":""number""},{""raw"":""22票"",""value"":22,""unit"":""票"",""kind"":""number""},{""raw"":""1票"",""value"":1,""unit"":""票"",""kind"":""number""},{""raw"":""4件"",""value"":4,""unit"":""件"",""kind"":""number""}]}]",16686,180e6ae05b6998d1fc54183f504be1d044c269ddc885a8633f77a8f93188a8fc
15,detail,music,4070,https://toho-vote.info/result15/music/4070.php,投票結果：緑のサナトリウム - 第15回 東方Project 人気投票,"[{""kind"":""title"",""text"":""投票結果：緑のサナトリウム - 第15回 東方Project 人気投票"",""numbers"":[]},{""kind"":""item_heading"",""text"":""緑のサナトリウム（258位）"",""numbers"":[{""raw"":""258位"",""value"":258,""unit"":""位"",""kind"":""number""}]},{""kind"":""item_statistics"",""text"":""ポイント：80点 ｜ 得票数：79票 ｜ 一押し数：1票 ｜ コメント数：4件 リストへ戻る"",""numbers"":[{""raw"":""80点"",""value"":80,""unit"":""点"",""kind"":""number""},{""raw"":""79票"",""value"":79,""unit"":""票"",""kind"":""number""},{""raw"":""1票"",""value"":1,""unit"":""票"",""kind"":""number""},{""raw"":""4件"",""value"":4,""unit"":""件"",""kind"":""number""}]}]",16496,9e972ff356c61994974cd78a722fabb9a055d939504ae8159de087edd2f39498
15,detail,music,4071,https://toho-vote.info/result15/music/4071.php,投票結果：牛に引かれて善光寺参り - 第15回 東方Project 人気投票,"[{""kind"":""title"",""text"":""投票結果：牛に引かれて善光寺参り - 第15回 東方Project 人気投票"",""numbers"":[]},{""kind"":""item_heading"",""text"":""牛に引かれて善光寺参り（257位）"",""numbers"":[{""raw"":""257位"",""value"":257,""unit"":""位"",""kind"":""number""}]},{""kind"":""item_statistics"",""text"":""ポイント：81点 ｜ 得票数：72票 ｜ 一押し数：9票 ｜ コメント数：7件 リストへ戻る"",""numbers"":[{""raw"":""81点"",""value"":81,""unit"":""点"",""kind"":""number""},{""raw"":""72票"",""value"":72,""unit"":""票"",""kind"":""number""},{""raw"":""9票"",""value"":9,""unit"":""票"",""kind"":""number""},{""raw"":""7件"",""value"":7,""unit"":""件"",""kind"":""number""}]}]",17049,d2cfad4bfad8c9af8f0d0b4b6a8f3f5925dc0d7038c52bb7b42f453cd4d16f2c
15,detail,music,4074,https://toho-vote.info/result15/music/4074.php,投票結果：アガルタの風 - 第15回 東方Project 人気投票,"[{""kind"":""title"",""text"":""投票結果：アガルタの風 - 第15回 東方Project 人気投票"",""numbers"":[]},{""kind"":""item_heading"",""text"":""アガルタの風（229位）"",""numbers"":[{""raw"":""229位"",""value"":229,""unit"":""位"",""kind"":""number""}]},{""kind"":""item_statistics"",""text"":""ポイント：115点 ｜ 得票数：109票 ｜ 一押し数：6票 ｜ コメント数：18件 リストへ戻る"",""numbers"":[{""raw"":""115点"",""value"":115,""unit"":""点"",""kind"":""number""},{""raw"":""109票"",""value"":109,""unit"":""票"",""kind"":""number""},{""raw"":""6票"",""value"":6,""unit"":""票"",""kind"":""number""},{""raw"":""18件"",""value"":18,""unit"":""件"",""kind"":""number""}]}]",17908,414e2f2c67102e7c1b7f83a55b22b97091e390b6fe87c38f583916ebd1a551c1
15,detail,music,4075,https://toho-vote.info/result15/music/4075.php,投票結果：イザナギオブジェクト - 第15回 東方Project 人気投票,"[{""kind"":""title"",""text"":""投票結果：イザナギオブジェクト - 第15回 東方Project 人気投票"",""numbers"":[]},{""kind"":""item_heading"",""text"":""イザナギオブジェクト（198位）"",""numbers"":[{""raw"":""198位"",""value"":198,""unit"":""位"",""kind"":""number""}]},{""kind"":""item_statistics"",""text"":""ポイント：160点 ｜ 得票数：144票 ｜ 一押し数：16票 ｜ コメント数：17件 リストへ戻る"",""numbers"":[{""raw"":""160点"",""value"":160,""unit"":""点"",""kind"":""number""},{""raw"":""144票"",""value"":144,""unit"":""票"",""kind"":""number""},{""raw"":""16票"",""value"":16,""unit"":""票"",""kind"":""number""},{""raw"":""17件"",""value"":17,""unit"":""件"",""kind"":""number""}]}]",18512,a2a684bd96245ad78922c21ed704276de37df56f24bd85b5b93d9b57910896e4
15,detail,music,4078,https://toho-vote.info/result15/music/4078.php,投票結果：日本中の不思議を集めて - 第15回 東方Project 人気投票,"[{""kind"":""title"",""text"":""投票結果：日本中の不思議を集めて - 第15回 東方Project 人気投票"",""numbers"":[]},{""kind"":""item_heading"",""text"":""日本中の不思議を集めて（216位）"",""numbers"":[{""raw"":""216位"",""value"":216,""unit"":""位"",""kind"":""number""}]},{""kind"":""item_statistics"",""text"":""ポイント：125点 ｜ 得票数：118票 ｜ 一押し数：7票 ｜ コメント数：23件 リストへ戻る"",""numbers"":[{""raw"":""125点"",""value"":125,""unit"":""点"",""kind"":""number""},{""raw"":""118票"",""value"":118,""unit"":""票"",""kind"":""number""},{""raw"":""7票"",""value"":7,""unit"":""票"",""kind"":""number""},{""raw"":""23件"",""value"":23,""unit"":""件"",""kind"":""number""}]}]",18666,0b5421e66edcc6b32a9a8bfe72ed8d98154cce0bf5e478c10de3ba70a9ef4340
15,detail,music,4080,https://toho-vote.info/result15/music/4080.php,投票結果：他愛も無い二人の博物誌 - 第15回 東方Project 人気投票,"[{""kind"":""title"",""text"":""投票結果：他愛も無い二人の博物誌 - 第15回 東方Project 人気投票"",""numbers"":[]},{""kind"":""item_heading"",""text"":""他愛も無い二人の博物誌（107位）"",""numbers"":[{""raw"":""107位"",""value"":107,""unit"":""位"",""kind"":""number""}]},{""kind"":""item_statistics"",""text"":""ポイント：447点 ｜ 得票数：413票 ｜ 一押し数：34票 ｜ コメント数：50件 リストへ戻る"",""numbers"":[{""raw"":""447点"",""value"":447,""unit"":""点"",""kind"":""number""},{""raw"":""413票"",""value"":413,""unit"":""票"",""kind"":""number""},{""raw"":""34票"",""value"":34,""unit"":""票"",""kind"":""number""},{""raw"":""50件"",""value"":50,""unit"":""件"",""kind"":""number""}]}]",22811,175f76192ae68a708df06c4111bfa3c48603975e091e89d672d995765ae2f3f2
15,detail,music,4082,https://toho-vote.info/result15/music/4082.php,投票結果：Dr.レイテンシーの眠れなくなる瞳 - 第15回 東方Project 人気投票,"[{""kind"":""title"",""text"":""投票結果：Dr.レイテンシーの眠れなくなる瞳 - 第15回 東方Project 人気投票"",""numbers"":[]},{""kind"":""item_heading"",""text"":""Dr.レイテンシーの眠れなくなる瞳（271位）"",""numbers"":[{""raw"":""271位"",""value"":271,""unit"":""位"",""kind"":""number""}]},{""kind"":""item_statistics"",""text"":""ポイント：68点 ｜ 得票数：65票 ｜ 一押し数：3票 ｜ コメント数：3件 リストへ戻る"",""numbers"":[{""raw"":""68点"",""value"":68,""unit"":""点"",""kind"":""number""},{""raw"":""65票"",""value"":65,""unit"":""票"",""kind"":""number""},{""raw"":""3票"",""value"":3,""unit"":""票"",""kind"":""number""},{""raw"":""3件"",""value"":3,""unit"":""件"",""kind"":""number""}]}]",16518,62a247e8e68fe68a4f6d41e455da99be285531caf281875d16778b61969cbaf3
15,detail,music,4084,https://toho-vote.info/result15/music/4084.php,投票結果：須臾はプランクを超えて - 第15回 東方Project 人気投票,"[{""kind"":""title"",""text"":""投票結果：須臾はプランクを超えて - 第15回 東方Project 人気投票"",""numbers"":[]},{""kind"":""item_heading"",""text"":""須臾はプランクを超えて（375位）"",""numbers"":[{""raw"":""375位"",""value"":375,""unit"":""位"",""kind"":""number""}]},{""kind"":""item_statistics"",""text"":""ポイント：24点 ｜ 得票数：24票 ｜ 一押し数：0票 ｜ コメント数：7件 リストへ戻る"",""numbers"":[{""raw"":""24点"",""value"":24,""unit"":""点"",""kind"":""number""},{""raw"":""24票"",""value"":24,""unit"":""票"",""kind"":""number""},{""raw"":""0票"",""value"":0,""unit"":""票"",""kind"":""number""},{""raw"":""7件"",""value"":7,""unit"":""件"",""kind"":""number""}]}]",16925,addf5f3048b857616388c0b196b1af8e38982f936cba387086c52d3d5b4f9060
15,detail,music,4085,https://toho-vote.info/result15/music/4085.php,投票結果：シュレディンガーの化猫 - 第15回 東方Project 人気投票,"[{""kind"":""title"",""text"":""投票結果：シュレディンガーの化猫 - 第15回 東方Project 人気投票"",""numbers"":[]},{""kind"":""item_heading"",""text"":""シュレディンガーの化猫（233位）"",""numbers"":[{""raw"":""233位"",""value"":233,""unit"":""位"",""kind"":""number""}]},{""kind"":""item_statistics"",""text"":""ポイント：111点 ｜ 得票数：107票 ｜ 一押し数：4票 ｜ コメント数：7件 リストへ戻る"",""numbers"":[{""raw"":""111点"",""value"":111,""unit"":""点"",""kind"":""number""},{""raw"":""107票"",""value"":107,""unit"":""票"",""kind"":""number""},{""raw"":""4票"",""value"":4,""unit"":""票"",""kind"":""number""},{""raw"":""7件"",""value"":7,""unit"":""件"",""kind"":""number""}]}]",17196,c43fd74f55e92b6c14cf5cf648fc05ec4fdcdb5b7093dcfff94274c4b9defd7c
15,detail,music,4087,https://toho-vote.info/result15/music/4087.php,投票結果：禁忌の膜壁 - 第15回 東方Project 人気投票,"[{""kind"":""title"",""text"":""投票結果：禁忌の膜壁 - 第15回 東方Project 人気投票"",""numbers"":[]},{""kind"":""item_heading"",""text"":""禁忌の膜壁（338位）"",""numbers"":[{""raw"":""338位"",""value"":338,""unit"":""位"",""kind"":""number""}]},{""kind"":""item_statistics"",""text"":""ポイント：36点 ｜ 得票数：35票 ｜ 一押し数：1票 ｜ コメント数：10件 リストへ戻る"",""numbers"":[{""raw"":""36点"",""value"":36,""unit"":""点"",""kind"":""number""},{""raw"":""35票"",""value"":35,""unit"":""票"",""kind"":""number""},{""raw"":""1票"",""value"":1,""unit"":""票"",""kind"":""number""},{""raw"":""10件"",""value"":10,""unit"":""件"",""kind"":""number""}]}]",17310,28aef357341ce2e5adb32c9698ac4ec8a903804133d969d76d0caba0ed5457f6
15,detail,music,4091,https://toho-vote.info/result15/music/4091.php,投票結果：バー・オールドアダム - 第15回 東方Project 人気投票,"[{""kind"":""title"",""text"":""投票結果：バー・オールドアダム - 第15回 東方Project 人気投票"",""numbers"":[]},{""kind"":""item_heading"",""text"":""バー・オールドアダム（208位）"",""numbers"":[{""raw"":""208位"",""value"":208,""unit"":""位"",""kind"":""number""}]},{""kind"":""item_statistics"",""text"":""ポイント：138点 ｜ 得票数：100票 ｜ 一押し数：7票 ｜ コメント数：5件 リストへ戻る"",""numbers"":[{""raw"":""138点"",""value"":138,""unit"":""点"",""kind"":""number""},{""raw"":""100票"",""value"":100,""unit"":""票"",""kind"":""number""},{""raw"":""7票"",""value"":7,""unit"":""票"",""kind"":""number""},{""raw"":""5件"",""value"":5,""unit"":""件"",""kind"":""number""}]}]",17617,90a95c81e0e2daff52cac20d62f051a73fea7594363f04b3225cb797edffac22
15,detail,music,4092,https://toho-vote.info/result15/music/4092.php,投票結果：燕石博物誌が連れてきた闇 - 第15回 東方Project 人気投票,"[{""kind"":""title"",""text"":""投票結果：燕石博物誌が連れてきた闇 - 第15回 東方Project 人気投票"",""numbers"":[]},{""kind"":""item_heading"",""text"":""燕石博物誌が連れてきた闇（318位）"",""numbers"":[{""raw"":""318位"",""value"":318,""unit"":""位"",""kind"":""number""}]},{""kind"":""item_statistics"",""text"":""ポイント：42点 ｜ 得票数：27票 ｜ 一押し数：2票 ｜ コメント数：6件 リストへ戻る"",""numbers"":[{""raw"":""42点"",""value"":42,""unit"":""点"",""kind"":""number""},{""raw"":""27票"",""value"":27,""unit"":""票"",""kind"":""number""},{""raw"":""2票"",""value"":2,""unit"":""票"",""kind"":""number""},{""raw"":""6件"",""value"":6,""unit"":""件"",""kind"":""number""}]}]",17463,1ada6a7befe51e8cc1c304977f8629e891c2643736f3e8b3ced318a4aea49985
15,detail,music,4094,https://toho-vote.info/result15/music/4094.php,投票結果：アウトサイダーカクテル - 第15回 東方Project 人気投票,"[{""kind"":""title"",""text"":""投票結果：アウトサイダーカクテル - 第15回 東方Project 人気投票"",""numbers"":[]},{""kind"":""item_heading"",""text"":""アウトサイダーカクテル（333位）"",""numbers"":[{""raw"":""333位"",""value"":333,""unit"":""位"",""kind"":""number""}]},{""kind"":""item_statistics"",""text"":""ポイント：37点 ｜ 得票数：35票 ｜ 一押し数：2票 ｜ コメント数：4件 リストへ戻る"",""numbers"":[{""raw"":""37点"",""value"":37,""unit"":""点"",""kind"":""number""},{""raw"":""35票"",""value"":35,""unit"":""票"",""kind"":""number""},{""raw"":""2票"",""value"":2,""unit"":""票"",""kind"":""number""},{""raw"":""4件"",""value"":4,""unit"":""件"",""kind"":""number""}]}]",16433,dea5d07fa9b4441ebf051060229cc9f2038f0d0d7b1b3f209225ba6b05ac4177
15,detail,music,4097,https://toho-vote.info/result15/music/4097.php,投票結果：旧世界の冒険酒場 - 第15回 東方Project 人気投票,"[{""kind"":""title"",""text"":""投票結果：旧世界の冒険酒場 - 第15回 東方Project 人気投票"",""numbers"":[]},{""kind"":""item_heading"",""text"":""旧世界の冒険酒場（418位）"",""numbers"":[{""raw"":""418位"",""value"":418,""unit"":""位"",""kind"":""number""}]},{""kind"":""item_statistics"",""text"":""ポイント：12点 ｜ 得票数：12票 ｜ 一押し数：0票 ｜ コメント数：1件 リストへ戻る"",""numbers"":[{""raw"":""12点"",""value"":12,""unit"":""点"",""kind"":""number""},{""raw"":""12票"",""value"":12,""unit"":""票"",""kind"":""number""},{""raw"":""0票"",""value"":0,""unit"":""票"",""kind"":""number""},{""raw"":""1件"",""value"":1,""unit"":""件"",""kind"":""number""}]}]",16062,03669f8a7bd549fae3ff4d1723e60cbe6ab250f61ac664c541fc0d285170959a
15,detail,music,4100,https://toho-vote.info/result15/music/4100.php,投票結果：二日酔いの同床異夢 - 第15回 東方Project 人気投票,"[{""kind"":""title"",""text"":""投票結果：二日酔いの同床異夢 - 第15回 東方Project 人気投票"",""numbers"":[]},{""kind"":""item_heading"",""text"":""二日酔いの同床異夢（240位）"",""numbers"":[{""raw"":""240位"",""value"":240,""unit"":""位"",""kind"":""number""}]},{""kind"":""item_statistics"",""text"":""ポイント：101点 ｜ 得票数：95票 ｜ 一押し数：6票 ｜ コメント数：21件 リストへ戻る"",""numbers"":[{""raw"":""101点"",""value"":101,""unit"":""点"",""kind"":""number""},{""raw"":""95票"",""value"":95,""unit"":""票"",""kind"":""number""},{""raw"":""6票"",""value"":6,""unit"":""票"",""kind"":""number""},{""raw"":""21件"",""value"":21,""unit"":""件"",""kind"":""number""}]}]",18591,607a988de8d016d6e86874072a36caa12ba7b24da407f80b846cbf2883d67f98
15,detail,music,5001,https://toho-vote.info/result15/music/5001.php,投票結果：秋霜玉 ～ Clockworks - 第15回 東方Project 人気投票,"[{""kind"":""title"",""text"":""投票結果：秋霜玉 ～ Clockworks - 第15回 東方Project 人気投票"",""numbers"":[]},{""kind"":""item_heading"",""text"":""秋霜玉 ～ Clockworks（461位）"",""numbers"":[{""raw"":""461位"",""value"":461,""unit"":""位"",""kind"":""number""}]},{""kind"":""item_statistics"",""text"":""ポイント：6点 ｜ 得票数：6票 ｜ 一押し数：0票 ｜ コメント数：2件 リストへ戻る"",""numbers"":[{""raw"":""6点"",""value"":6,""unit"":""点"",""kind"":""number""},{""raw"":""6票"",""value"":6,""unit"":""票"",""kind"":""number""},{""raw"":""0票"",""value"":0,""unit"":""票"",""kind"":""number""},{""raw"":""2件"",""value"":2,""unit"":""件"",""kind"":""number""}]}]",16161,2b706f045d6c1dda0bc34db8850b62d331735da5ccd93df0a2e1b6dbbdf6a9c0
15,detail,music,5002,https://toho-vote.info/result15/music/5002.php,投票結果：フォルスストロベリー - 第15回 東方Project 人気投票,"[{""kind"":""title"",""text"":""投票結果：フォルスストロベリー - 第15回 東方Project 人気投票"",""numbers"":[]},{""kind"":""item_heading"",""text"":""フォルスストロベリー（338位）"",""numbers"":[{""raw"":""338位"",""value"":338,""unit"":""位"",""kind"":""number""}]},{""kind"":""item_statistics"",""text"":""ポイント：36点 ｜ 得票数：35票 ｜ 一押し数：1票 ｜ コメント数：6件 リストへ戻る"",""numbers"":[{""raw"":""36点"",""value"":36,""unit"":""点"",""kind"":""number""},{""raw"":""35票"",""value"":35,""unit"":""票"",""kind"":""number""},{""raw"":""1票"",""value"":1,""unit"":""票"",""kind"":""number""},{""raw"":""6件"",""value"":6,""unit"":""件"",""kind"":""number""}]}]",16736,8def83bc12e53c2a8c71cb5347b4772ad82dfb050d15e45a8c4fafe2520fde6c
15,detail,music,5003,https://toho-vote.info/result15/music/5003.php,投票結果：プリムローズシヴァ - 第15回 東方Project 人気投票,"[{""kind"":""title"",""text"":""投票結果：プリムローズシヴァ - 第15回 東方Project 人気投票"",""numbers"":[]},{""kind"":""item_heading"",""text"":""プリムローズシヴァ（519位）"",""numbers"":[{""raw"":""519位"",""value"":519,""unit"":""位"",""kind"":""number""}]},{""kind"":""item_statistics"",""text"":""ポイント：1点 ｜ 得票数：1票 ｜ 一押し数：0票 ｜ コメント数：1件 リストへ戻る"",""numbers"":[{""raw"":""1点"",""value"":1,""unit"":""点"",""kind"":""number""},{""raw"":""1票"",""value"":1,""unit"":""票"",""kind"":""number""},{""raw"":""0票"",""value"":0,""unit"":""票"",""kind"":""number""},{""raw"":""1件"",""value"":1,""unit"":""件"",""kind"":""number""}]}]",16034,c977158e8f5b6b3fb08edb9c2415d3a9af852bb8241e0f16210f33ed0aeb122b
15,detail,music,5004,https://toho-vote.info/result15/music/5004.php,投票結果：幻想帝都 - 第15回 東方Project 人気投票,"[{""kind"":""title"",""text"":""投票結果：幻想帝都 - 第15回 東方Project 人気投票"",""numbers"":[]},{""kind"":""item_heading"",""text"":""幻想帝都（442位）"",""numbers"":[{""raw"":""442位"",""value"":442,""unit"":""位"",""kind"":""number""}]},{""kind"":""item_statistics"",""text"":""ポイント：8点 ｜ 得票数：7票 ｜ 一押し数：1票 ｜ コメント数：1件 リストへ戻る"",""numbers"":[{""raw"":""8点"",""value"":8,""unit"":""点"",""kind"":""number""},{""raw"":""7票"",""value"":7,""unit"":""票"",""kind"":""number""},{""raw"":""1票"",""value"":1,""unit"":""票"",""kind"":""number""},{""raw"":""1件"",""value"":1,""unit"":""件"",""kind"":""number""}]}]",16143,4c2284f36a6248d58257ef2ac7d0f0aed74c5de8732fbfdf4d9fe7ff39aa2721
15,detail,music,5005,https://toho-vote.info/result15/music/5005.php,投票結果：ディザストラスジェミニ - 第15回 東方Project 人気投票,"[{""kind"":""title"",""text"":""投票結果：ディザストラスジェミニ - 第15回 東方Project 人気投票"",""numbers"":[]},{""kind"":""item_heading"",""text"":""ディザストラスジェミニ（418位）"",""numbers"":[{""raw"":""418位"",""value"":418,""unit"":""位"",""kind"":""number""}]},{""kind"":""item_statistics"",""text"":""ポイント：12点 ｜ 得票数：12票 ｜ 一押し数：0票 ｜ コメント数：3件 リストへ戻る"",""numbers"":[{""raw"":""12点"",""value"":12,""unit"":""点"",""kind"":""number""},{""raw"":""12票"",""value"":12,""unit"":""票"",""kind"":""number""},{""raw"":""0票"",""value"":0,""unit"":""票"",""kind"":""number""},{""raw"":""3件"",""value"":3,""unit"":""件"",""kind"":""number""}]}]",16312,8e5a36a3ebe9100ecab1be87769f50ff596d3ff4dd355e7ffdcc785ea6fd0c5d
15,detail,music,5006,https://toho-vote.info/result15/music/5006.php,投票結果：華の幻想 紅夢の宙 - 第15回 東方Project 人気投票,"[{""kind"":""title"",""text"":""投票結果：華の幻想 紅夢の宙 - 第15回 東方Project 人気投票"",""numbers"":[]},{""kind"":""item_heading"",""text"":""華の幻想 紅夢の宙（461位）"",""numbers"":[{""raw"":""461位"",""value"":461,""unit"":""位"",""kind"":""number""}]},{""kind"":""item_statistics"",""text"":""ポイント：6点 ｜ 得票数：6票 ｜ 一押し数：0票 ｜ コメント数：1件 リストへ戻る"",""numbers"":[{""raw"":""6点"",""value"":6,""unit"":""点"",""kind"":""number""},{""raw"":""6票"",""value"":6,""unit"":""票"",""kind"":""number""},{""raw"":""0票"",""value"":0,""unit"":""票"",""kind"":""number""},{""raw"":""1件"",""value"":1,""unit"":""件"",""kind"":""number""}]}]",16311,8cdf5762d354f8c7bed8f080a32c12b774d3cc0b2c7ec5185813764b1cff2c65
15,detail,music,5007,https://toho-vote.info/result15/music/5007.php,投票結果：天空アーミー - 第15回 東方Project 人気投票,"[{""kind"":""title"",""text"":""投票結果：天空アーミー - 第15回 東方Project 人気投票"",""numbers"":[]},{""kind"":""item_heading"",""text"":""天空アーミー（452位）"",""numbers"":[{""raw"":""452位"",""value"":452,""unit"":""位"",""kind"":""number""}]},{""kind"":""item_statistics"",""text"":""ポイント：7点 ｜ 得票数：7票 ｜ 一押し数：0票 ｜ コメント数：1件 リストへ戻る"",""numbers"":[{""raw"":""7点"",""value"":7,""unit"":""点"",""kind"":""number""},{""raw"":""7票"",""value"":7,""unit"":""票"",""kind"":""number""},{""raw"":""0票"",""value"":0,""unit"":""票"",""kind"":""number""},{""raw"":""1件"",""value"":1,""unit"":""件"",""kind"":""number""}]}]",16113,f60342132cb88d422d7ea6605bb8b87682309316e63abd28dfca27f0cc5915cb
15,detail,music,5010,https://toho-vote.info/result15/music/5010.php,投票結果：カナベラルの夢幻少女 - 第15回 東方Project 人気投票,"[{""kind"":""title"",""text"":""投票結果：カナベラルの夢幻少女 - 第15回 東方Project 人気投票"",""numbers"":[]},{""kind"":""item_heading"",""text"":""カナベラルの夢幻少女（423位）"",""numbers"":[{""raw"":""423位"",""value"":423,""unit"":""位"",""kind"":""number""}]},{""kind"":""item_statistics"",""text"":""ポイント：11点 ｜ 得票数：11票 ｜ 一押し数：0票 ｜ コメント数：1件 リストへ戻る"",""numbers"":[{""raw"":""11点"",""value"":11,""unit"":""点"",""kind"":""number""},{""raw"":""11票"",""value"":11,""unit"":""票"",""kind"":""number""},{""raw"":""0票"",""value"":0,""unit"":""票"",""kind"":""number""},{""raw"":""1件"",""value"":1,""unit"":""件"",""kind"":""number""}]}]",16424,c1aec7f57fc2f48c9a1a7460183ebb2cfc57e22d88f626d96857916c765ccbd2
15,detail,music,5012,https://toho-vote.info/result15/music/5012.php,投票結果：アンティークテラー - 第15回 東方Project 人気投票,"[{""kind"":""title"",""text"":""投票結果：アンティークテラー - 第15回 東方Project 人気投票"",""numbers"":[]},{""kind"":""item_heading"",""text"":""アンティークテラー（423位）"",""numbers"":[{""raw"":""423位"",""value"":423,""unit"":""位"",""kind"":""number""}]},{""kind"":""item_statistics"",""text"":""ポイント：11点 ｜ 得票数：10票 ｜ 一押し数：1票 ｜ コメント数：3件 リストへ戻る"",""numbers"":[{""raw"":""11点"",""value"":11,""unit"":""点"",""kind"":""number""},{""raw"":""10票"",""value"":10,""unit"":""票"",""kind"":""number""},{""raw"":""1票"",""value"":1,""unit"":""票"",""kind"":""number""},{""raw"":""3件"",""value"":3,""unit"":""件"",""kind"":""number""}]}]",16299,72728f7ab09eed08c5506a4c561c4fb2d8855321f6350069757b5aacafb709cd
15,detail,music,5013,https://toho-vote.info/result15/music/5013.php,投票結果：夢機械 ～ Innocent Power - 第15回 東方Project 人気投票,"[{""kind"":""title"",""text"":""投票結果：夢機械 ～ Innocent Power - 第15回 東方Project 人気投票"",""numbers"":[]},{""kind"":""item_heading"",""text"":""夢機械 ～ Innocent Power（505位）"",""numbers"":[{""raw"":""505位"",""value"":505,""unit"":""位"",""kind"":""number""}]},{""kind"":""item_statistics"",""text"":""ポイント：2点 ｜ 得票数：2票 ｜ 一押し数：0票 ｜ コメント数：0件 リストへ戻る"",""numbers"":[{""raw"":""2点"",""value"":2,""unit"":""点"",""kind"":""number""},{""raw"":""2票"",""value"":2,""unit"":""票"",""kind"":""number""},{""raw"":""0票"",""value"":0,""unit"":""票"",""kind"":""number""},{""raw"":""0件"",""value"":0,""unit"":""件"",""kind"":""number""}]}]",15918,42b4a28dba57dcf4795228e59f5dd2b9aea112145591fb679bcf3d17f2344937
15,detail,music,5015,https://toho-vote.info/result15/music/5015.php,投票結果：少女神性 ～ Pandora's Box - 第15回 東方Project 人気投票,"[{""kind"":""title"",""text"":""投票結果：少女神性 ～ Pandora's Box - 第15回 東方Project 人気投票"",""numbers"":[]},{""kind"":""item_heading"",""text"":""少女神性 ～ Pandora's Box（269位）"",""numbers"":[{""raw"":""269位"",""value"":269,""unit"":""位"",""kind"":""number""}]},{""kind"":""item_statistics"",""text"":""ポイント：69点 ｜ 得票数：65票 ｜ 一押し数：4票 ｜ コメント数：11件 リストへ戻る"",""numbers"":[{""raw"":""69点"",""value"":69,""unit"":""点"",""kind"":""number""},{""raw"":""65票"",""value"":65,""unit"":""票"",""kind"":""number""},{""raw"":""4票"",""value"":4,""unit"":""票"",""kind"":""number""},{""raw"":""11件"",""value"":11,""unit"":""件"",""kind"":""number""}]}]",17352,42706726f073e8741416bacfaabc053293bda86ddb8c25f3a7ea765dd982b64b
15,detail,music,5016,https://toho-vote.info/result15/music/5016.php,投票結果：シルクロードアリス - 第15回 東方Project 人気投票,"[{""kind"":""title"",""text"":""投票結果：シルクロードアリス - 第15回 東方Project 人気投票"",""numbers"":[]},{""kind"":""item_heading"",""text"":""シルクロードアリス（278位）"",""numbers"":[{""raw"":""278位"",""value"":278,""unit"":""位"",""kind"":""number""}]},{""kind"":""item_statistics"",""text"":""ポイント：60点 ｜ 得票数：57票 ｜ 一押し数：3票 ｜ コメント数：12件 リストへ戻る"",""numbers"":[{""raw"":""60点"",""value"":60,""unit"":""点"",""kind"":""number""},{""raw"":""57票"",""value"":57,""unit"":""票"",""kind"":""number""},{""raw"":""3票"",""value"":3,""unit"":""票"",""kind"":""number""},{""raw"":""12件"",""value"":12,""unit"":""件"",""kind"":""number""}]}]",17773,4ca559baa8f4e9ac84beed009abfe6c13d9ff2c48b05bd11aae228f273e73da2
15,detail,music,5019,https://toho-vote.info/result15/music/5019.php,投票結果：ハーセルヴズ - 第15回 東方Project 人気投票,"[{""kind"":""title"",""text"":""投票結果：ハーセルヴズ - 第15回 東方Project 人気投票"",""numbers"":[]},{""kind"":""item_heading"",""text"":""ハーセルヴズ（333位）"",""numbers"":[{""raw"":""333位"",""value"":333,""unit"":""位"",""kind"":""number""}]},{""kind"":""item_statistics"",""text"":""ポイント：37点 ｜ 得票数：35票 ｜ 一押し数：2票 ｜ コメント数：10件 リストへ戻る"",""numbers"":[{""raw"":""37点"",""value"":37,""unit"":""点"",""kind"":""number""},{""raw"":""35票"",""value"":35,""unit"":""票"",""kind"":""number""},{""raw"":""2票"",""value"":2,""unit"":""票"",""kind"":""number""},{""raw"":""10件"",""value"":10,""unit"":""件"",""kind"":""number""}]}]",17139,befe1422636aa76d5dd669891d8ddcd45756b1512ff511bc0f9664f9d50f9b0a
15,detail,music,5020,https://toho-vote.info/result15/music/5020.php,投票結果：タイトルドメイド - 第15回 東方Project 人気投票,"[{""kind"":""title"",""text"":""投票結果：タイトルドメイド - 第15回 東方Project 人気投票"",""numbers"":[]},{""kind"":""item_heading"",""text"":""タイトルドメイド（505位）"",""numbers"":[{""raw"":""505位"",""value"":505,""unit"":""位"",""kind"":""number""}]},{""kind"":""item_statistics"",""text"":""ポイント：2点 ｜ 得票数：2票 ｜ 一押し数：0票 ｜ コメント数：1件 リストへ戻る"",""numbers"":[{""raw"":""2点"",""value"":2,""unit"":""点"",""kind"":""number""},{""raw"":""2票"",""value"":2,""unit"":""票"",""kind"":""number""},{""raw"":""0票"",""value"":0,""unit"":""票"",""kind"":""number""},{""raw"":""1件"",""value"":1,""unit"":""件"",""kind"":""number""}]}]",15946,eadc5396e8c8953a454a3a0f98c4a8fcec0f2d46fa853b29b00fb45cff143526
15,detail,music,5021,https://toho-vote.info/result15/music/5021.php,投票結果：稀翁玉 ～ Fairy Dance - 第15回 東方Project 人気投票,"[{""kind"":""title"",""text"":""投票結果：稀翁玉 ～ Fairy Dance - 第15回 東方Project 人気投票"",""numbers"":[]},{""kind"":""item_heading"",""text"":""稀翁玉 ～ Fairy Dance（505位）"",""numbers"":[{""raw"":""505位"",""value"":505,""unit"":""位"",""kind"":""number""}]},{""kind"":""item_statistics"",""text"":""ポイント：2点 ｜ 得票数：2票 ｜ 一押し数：0票 ｜ コメント数：0件 リストへ戻る"",""numbers"":[{""raw"":""2点"",""value"":2,""unit"":""点"",""kind"":""number""},{""raw"":""2票"",""value"":2,""unit"":""票"",""kind"":""number""},{""raw"":""0票"",""value"":0,""unit"":""票"",""kind"":""number""},{""raw"":""0件"",""value"":0,""unit"":""件"",""kind"":""number""}]}]",15963,fc572f036814345257263efc56dddb0bacf5200c5b18d0ead4914441cf3a4299
15,detail,music,5022,https://toho-vote.info/result15/music/5022.php,投票結果：天鵞絨少女戦 ～ Velvet Battle - 第15回 東方Project 人気投票,"[{""kind"":""title"",""text"":""投票結果：天鵞絨少女戦 ～ Velvet Battle - 第15回 東方Project 人気投票"",""numbers"":[]},{""kind"":""item_heading"",""text"":""天鵞絨少女戦 ～ Velvet Battle（346位）"",""numbers"":[{""raw"":""346位"",""value"":346,""unit"":""位"",""kind"":""number""}]},{""kind"":""item_statistics"",""text"":""ポイント：34点 ｜ 得票数：33票 ｜ 一押し数：1票 ｜ コメント数：6件 リストへ戻る"",""numbers"":[{""raw"":""34点"",""value"":34,""unit"":""点"",""kind"":""number""},{""raw"":""33票"",""value"":33,""unit"":""票"",""kind"":""number""},{""raw"":""1票"",""value"":1,""unit"":""票"",""kind"":""number""},{""raw"":""6件"",""value"":6,""unit"":""件"",""kind"":""number""}]}]",16573,370917b79b8747df55a53858416f646f2153eb721077ca6d057d45398c3dd708
15,detail,music,5023,https://toho-vote.info/result15/music/5023.php,投票結果：Castle Explorer -in the Sky- - 第15回 東方Project 人気投票,"[{""kind"":""title"",""text"":""投票結果：Castle Explorer -in the Sky- - 第15回 東方Project 人気投票"",""numbers"":[]},{""kind"":""item_heading"",""text"":""Castle Explorer -in the Sky-（411位）"",""numbers"":[{""raw"":""411位"",""value"":411,""unit"":""位"",""kind"":""number""}]},{""kind"":""item_statistics"",""text"":""ポイント：14点 ｜ 得票数：13票 ｜ 一押し数：1票 ｜ コメント数：6件 リストへ戻る"",""numbers"":[{""raw"":""14点"",""value"":14,""unit"":""点"",""kind"":""number""},{""raw"":""13票"",""value"":13,""unit"":""票"",""kind"":""number""},{""raw"":""1票"",""value"":1,""unit"":""票"",""kind"":""number""},{""raw"":""6件"",""value"":6,""unit"":""件"",""kind"":""number""}]}]",17158,bf8f882128f11825232ca381dc18b2cea06bb193b92b150e6016927c9afc042e
15,detail,music,5024,https://toho-vote.info/result15/music/5024.php,投票結果：オルフェの詩 ～ Pseudoclassic - 第15回 東方Project 人気投票,"[{""kind"":""title"",""text"":""投票結果：オルフェの詩 ～ Pseudoclassic - 第15回 東方Project 人気投票"",""numbers"":[]},{""kind"":""item_heading"",""text"":""オルフェの詩 ～ Pseudoclassic（418位）"",""numbers"":[{""raw"":""418位"",""value"":418,""unit"":""位"",""kind"":""number""}]},{""kind"":""item_statistics"",""text"":""ポイント：12点 ｜ 得票数：11票 ｜ 一押し数：1票 ｜ コメント数：8件 リストへ戻る"",""numbers"":[{""raw"":""12点"",""value"":12,""unit"":""点"",""kind"":""number""},{""raw"":""11票"",""value"":11,""unit"":""票"",""kind"":""number""},{""raw"":""1票"",""value"":1,""unit"":""票"",""kind"":""number""},{""raw"":""8件"",""value"":8,""unit"":""件"",""kind"":""number""}]}]",16924,7b8f1f6b253e8fd2493af7502f12e0b6dcd6e27c2d1e84c8781cf37349932002
15,detail,music,5025,https://toho-vote.info/result15/music/5025.php,投票結果：新幻想 ～ New Fantasy - 第15回 東方Project 人気投票,"[{""kind"":""title"",""text"":""投票結果：新幻想 ～ New Fantasy - 第15回 東方Project 人気投票"",""numbers"":[]},{""kind"":""item_heading"",""text"":""新幻想 ～ New Fantasy（472位）"",""numbers"":[{""raw"":""472位"",""value"":472,""unit"":""位"",""kind"":""number""}]},{""kind"":""item_statistics"",""text"":""ポイント：5点 ｜ 得票数：4票 ｜ 一押し数：1票 ｜ コメント数：1件 リストへ戻る"",""numbers"":[{""raw"":""5点"",""value"":5,""unit"":""点"",""kind"":""number""},{""raw"":""4票"",""value"":4,""unit"":""票"",""kind"":""number""},{""raw"":""1票"",""value"":1,""unit"":""票"",""kind"":""number""},{""raw"":""1件"",""value"":1,""unit"":""件"",""kind"":""number""}]}]",15998,b445476805d10708b3810fb9f5bc705791a610ff41de93c18affd5c884d4957c
15,detail,music,5026,https://toho-vote.info/result15/music/5026.php,投票結果：オルレアンの聖騎士 - 第15回 東方Project 人気投票,"[{""kind"":""title"",""text"":""投票結果：オルレアンの聖騎士 - 第15回 東方Project 人気投票"",""numbers"":[]},{""kind"":""item_heading"",""text"":""オルレアンの聖騎士（389位）"",""numbers"":[{""raw"":""389位"",""value"":389,""unit"":""位"",""kind"":""number""}]},{""kind"":""item_statistics"",""text"":""ポイント：19点 ｜ 得票数：17票 ｜ 一押し数：2票 ｜ コメント数：4件 リストへ戻る"",""numbers"":[{""raw"":""19点"",""value"":19,""unit"":""点"",""kind"":""number""},{""raw"":""17票"",""value"":17,""unit"":""票"",""kind"":""number""},{""raw"":""2票"",""value"":2,""unit"":""票"",""kind"":""number""},{""raw"":""4件"",""value"":4,""unit"":""件"",""kind"":""number""}]}]",16524,f6c5dc4b7c960dc1c64e8bbc2dfc8bdd4190301a867e53f7a78a17bda20ebda7
15,detail,music,5027,https://toho-vote.info/result15/music/5027.php,"投票結果：My Maid, Sweet Maid - 第15回 東方Project 人気投票","[{""kind"":""title"",""text"":""投票結果：My Maid, Sweet Maid - 第15回 東方Project 人気投票"",""numbers"":[]},{""kind"":""item_heading"",""text"":""My Maid, Sweet Maid（435位）"",""numbers"":[{""raw"":""435位"",""value"":435,""unit"":""位"",""kind"":""number""}]},{""kind"":""item_statistics"",""text"":""ポイント：9点 ｜ 得票数：8票 ｜ 一押し数：1票 ｜ コメント数：1件 リストへ戻る"",""numbers"":[{""raw"":""9点"",""value"":9,""unit"":""点"",""kind"":""number""},{""raw"":""8票"",""value"":8,""unit"":""票"",""kind"":""number""},{""raw"":""1票"",""value"":1,""unit"":""票"",""kind"":""number""},{""raw"":""1件"",""value"":1,""unit"":""件"",""kind"":""number""}]}]",16189,74ffdf60854d10cda2cdf5b22986f0d5ee1fef6a71d153e9be2fa5ca2e45d09c
15,detail,music,5029,https://toho-vote.info/result15/music/5029.php,投票結果：乙女戦士 ～ Heart of Valkyrie - 第15回 東方Project 人気投票,"[{""kind"":""title"",""text"":""投票結果：乙女戦士 ～ Heart of Valkyrie - 第15回 東方Project 人気投票"",""numbers"":[]},{""kind"":""item_heading"",""text"":""乙女戦士 ～ Heart of Valkyrie（442位）"",""numbers"":[{""raw"":""442位"",""value"":442,""unit"":""位"",""kind"":""number""}]},{""kind"":""item_statistics"",""text"":""ポイント：8点 ｜ 得票数：7票 ｜ 一押し数：1票 ｜ コメント数：0件 リストへ戻る"",""numbers"":[{""raw"":""8点"",""value"":8,""unit"":""点"",""kind"":""number""},{""raw"":""7票"",""value"":7,""unit"":""票"",""kind"":""number""},{""raw"":""1票"",""value"":1,""unit"":""票"",""kind"":""number""},{""raw"":""0件"",""value"":0,""unit"":""件"",""kind"":""number""}]}]",16152,32dda0b5d4d8afed6542c9e619ce0a2a3d3bd4c5df84dc2c493c60261b23d4c3
15,detail,music,5032,https://toho-vote.info/result15/music/5032.php,投票結果：Magical and Hopeless - 第15回 東方Project 人気投票,"[{""kind"":""title"",""text"":""投票結果：Magical and Hopeless - 第15回 東方Project 人気投票"",""numbers"":[]},{""kind"":""item_heading"",""text"":""Magical and Hopeless（423位）"",""numbers"":[{""raw"":""423位"",""value"":423,""unit"":""位"",""kind"":""number""}]},{""kind"":""item_statistics"",""text"":""ポイント：11点 ｜ 得票数：10票 ｜ 一押し数：1票 ｜ コメント数：4件 リストへ戻る"",""numbers"":[{""raw"":""11点"",""value"":11,""unit"":""点"",""kind"":""number""},{""raw"":""10票"",""value"":10,""unit"":""票"",""kind"":""number""},{""raw"":""1票"",""value"":1,""unit"":""票"",""kind"":""number""},{""raw"":""4件"",""value"":4,""unit"":""件"",""kind"":""number""}]}]",16689,815fa8f6307fcb1db561d078fd5eaa0f1cc5229f8a9712b87cd0d432d7ef09a4
15,detail,music,5033,https://toho-vote.info/result15/music/5033.php,投票結果：Sacred Battle - 第15回 東方Project 人気投票,"[{""kind"":""title"",""text"":""投票結果：Sacred Battle - 第15回 東方Project 人気投票"",""numbers"":[]},{""kind"":""item_heading"",""text"":""Sacred Battle（397位）"",""numbers"":[{""raw"":""397位"",""value"":397,""unit"":""位"",""kind"":""number""}]},{""kind"":""item_statistics"",""text"":""ポイント：17点 ｜ 得票数：17票 ｜ 一押し数：0票 ｜ コメント数：8件 リストへ戻る"",""numbers"":[{""raw"":""17点"",""value"":17,""unit"":""点"",""kind"":""number""},{""raw"":""17票"",""value"":17,""unit"":""票"",""kind"":""number""},{""raw"":""0票"",""value"":0,""unit"":""票"",""kind"":""number""},{""raw"":""8件"",""value"":8,""unit"":""件"",""kind"":""number""}]}]",16777,36d38c2745d555d28cf813fc75eb046ad8d2bc9db7aee0a5e659125e426d73d9
15,detail,music,5034,https://toho-vote.info/result15/music/5034.php,投票結果：AN ORDEAL FROM GOD - 第15回 東方Project 人気投票,"[{""kind"":""title"",""text"":""投票結果：AN ORDEAL FROM GOD - 第15回 東方Project 人気投票"",""numbers"":[]},{""kind"":""item_heading"",""text"":""AN ORDEAL FROM GOD（290位）"",""numbers"":[{""raw"":""290位"",""value"":290,""unit"":""位"",""kind"":""number""}]},{""kind"":""item_statistics"",""text"":""ポイント：53点 ｜ 得票数：27票 ｜ 一押し数：1票 ｜ コメント数：8件 リストへ戻る"",""numbers"":[{""raw"":""53点"",""value"":53,""unit"":""点"",""kind"":""number""},{""raw"":""27票"",""value"":27,""unit"":""票"",""kind"":""number""},{""raw"":""1票"",""value"":1,""unit"":""票"",""kind"":""number""},{""raw"":""8件"",""value"":8,""unit"":""件"",""kind"":""number""}]}]",17483,bb07e18f4d97aca71f06c2645bfb529ce55dcf98cde477f9fefeb8f4eab346bc
15,detail,music,5035,https://toho-vote.info/result15/music/5035.php,投票結果：呑んべぇのレムリア - 第15回 東方Project 人気投票,"[{""kind"":""title"",""text"":""投票結果：呑んべぇのレムリア - 第15回 東方Project 人気投票"",""numbers"":[]},{""kind"":""item_heading"",""text"":""呑んべぇのレムリア（252位）"",""numbers"":[{""raw"":""252位"",""value"":252,""unit"":""位"",""kind"":""number""}]},{""kind"":""item_statistics"",""text"":""ポイント：86点 ｜ 得票数：65票 ｜ 一押し数：4票 ｜ コメント数：12件 リストへ戻る"",""numbers"":[{""raw"":""86点"",""value"":86,""unit"":""点"",""kind"":""number""},{""raw"":""65票"",""value"":65,""unit"":""票"",""kind"":""number""},{""raw"":""4票"",""value"":4,""unit"":""票"",""kind"":""number""},{""raw"":""12件"",""value"":12,""unit"":""件"",""kind"":""number""}]}]",18408,b1b30e3a3d8ba23e115c9b5b00440c4b245be7bd863d1053d3380bc842de567d
15,detail,music,5036,https://toho-vote.info/result15/music/5036.php,投票結果：キュアリアス上海古牌 - 第15回 東方Project 人気投票,"[{""kind"":""title"",""text"":""投票結果：キュアリアス上海古牌 - 第15回 東方Project 人気投票"",""numbers"":[]},{""kind"":""item_heading"",""text"":""キュアリアス上海古牌（237位）"",""numbers"":[{""raw"":""237位"",""value"":237,""unit"":""位"",""kind"":""number""}]},{""kind"":""item_statistics"",""text"":""ポイント：104点 ｜ 得票数：91票 ｜ 一押し数：13票 ｜ コメント数：14件 リストへ戻る"",""numbers"":[{""raw"":""104点"",""value"":104,""unit"":""点"",""kind"":""number""},{""raw"":""91票"",""value"":91,""unit"":""票"",""kind"":""number""},{""raw"":""13票"",""value"":13,""unit"":""票"",""kind"":""number""},{""raw"":""14件"",""value"":14,""unit"":""件"",""kind"":""number""}]}]",18224,411144660ef53b56e65966875eed0cbdd96b26a6100b8375a00c079060c37286
15,detail,music,6001,https://toho-vote.info/result15/music/6001.php,投票結果：宵闇の魔術師 - 第15回 東方Project 人気投票,"[{""kind"":""title"",""text"":""投票結果：宵闇の魔術師 - 第15回 東方Project 人気投票"",""numbers"":[]},{""kind"":""item_heading"",""text"":""宵闇の魔術師（333位）"",""numbers"":[{""raw"":""333位"",""value"":333,""unit"":""位"",""kind"":""number""}]},{""kind"":""item_statistics"",""text"":""ポイント：37点 ｜ 得票数：35票 ｜ 一押し数：2票 ｜ コメント数：6件 リストへ戻る"",""numbers"":[{""raw"":""37点"",""value"":37,""unit"":""点"",""kind"":""number""},{""raw"":""35票"",""value"":35,""unit"":""票"",""kind"":""number""},{""raw"":""2票"",""value"":2,""unit"":""票"",""kind"":""number""},{""raw"":""6件"",""value"":6,""unit"":""件"",""kind"":""number""}]}]",16657,3e6e63b8be570171a26af26c61af816697ba3805cc009a818e2a3be0fcb3c2db
15,detail,music,6002,https://toho-vote.info/result15/music/6002.php,投票結果：Magic of Life - 第15回 東方Project 人気投票,"[{""kind"":""title"",""text"":""投票結果：Magic of Life - 第15回 東方Project 人気投票"",""numbers"":[]},{""kind"":""item_heading"",""text"":""Magic of Life（407位）"",""numbers"":[{""raw"":""407位"",""value"":407,""unit"":""位"",""kind"":""number""}]},{""kind"":""item_statistics"",""text"":""ポイント：15点 ｜ 得票数：14票 ｜ 一押し数：1票 ｜ コメント数：7件 リストへ戻る"",""numbers"":[{""raw"":""15点"",""value"":15,""unit"":""点"",""kind"":""number""},{""raw"":""14票"",""value"":14,""unit"":""票"",""kind"":""number""},{""raw"":""1票"",""value"":1,""unit"":""票"",""kind"":""number""},{""raw"":""7件"",""value"":7,""unit"":""件"",""kind"":""number""}]}]",16907,ac0af6a40c05eccbc7c644cc505f9afc0f692c8c1b3dcdb08e8adb23a50d81d9
15,detail,music,6003,https://toho-vote.info/result15/music/6003.php,投票結果：Plastic Space - 第15回 東方Project 人気投票,"[{""kind"":""title"",""text"":""投票結果：Plastic Space - 第15回 東方Project 人気投票"",""numbers"":[]},{""kind"":""item_heading"",""text"":""Plastic Space（461位）"",""numbers"":[{""raw"":""461位"",""value"":461,""unit"":""位"",""kind"":""number""}]},{""kind"":""item_statistics"",""text"":""ポイント：6点 ｜ 得票数：6票 ｜ 一押し数：0票 ｜ コメント数：3件 リストへ戻る"",""numbers"":[{""raw"":""6点"",""value"":6,""unit"":""点"",""kind"":""number""},{""raw"":""6票"",""value"":6,""unit"":""票"",""kind"":""number""},{""raw"":""0票"",""value"":0,""unit"":""票"",""kind"":""number""},{""raw"":""3件"",""value"":3,""unit"":""件"",""kind"":""number""}]}]",16507,3d5099487d3a745fef1dab1db3e7b4e8ec66357c598ea5e34b856560ea7116af
15,detail,music,6004,https://toho-vote.info/result15/music/6004.php,投票結果：Frontal Attack - 第15回 東方Project 人気投票,"[{""kind"":""title"",""text"":""投票結果：Frontal Attack - 第15回 東方Project 人気投票"",""numbers"":[]},{""kind"":""item_heading"",""text"":""Frontal Attack（442位）"",""numbers"":[{""raw"":""442位"",""value"":442,""unit"":""位"",""kind"":""number""}]},{""kind"":""item_statistics"",""text"":""ポイント：8点 ｜ 得票数：8票 ｜ 一押し数：0票 ｜ コメント数：7件 リストへ戻る"",""numbers"":[{""raw"":""8点"",""value"":8,""unit"":""点"",""kind"":""number""},{""raw"":""8票"",""value"":8,""unit"":""票"",""kind"":""number""},{""raw"":""0票"",""value"":0,""unit"":""票"",""kind"":""number""},{""raw"":""7件"",""value"":7,""unit"":""件"",""kind"":""number""}]}]",16700,6b18afa46da95d3c2be4a4b537f9a0029cc561c5b1c295ffd743eb82e4ec0dad
15,detail,music,6005,https://toho-vote.info/result15/music/6005.php,投票結果：Inventive City - 第15回 東方Project 人気投票,"[{""kind"":""title"",""text"":""投票結果：Inventive City - 第15回 東方Project 人気投票"",""numbers"":[]},{""kind"":""item_heading"",""text"":""Inventive City（452位）"",""numbers"":[{""raw"":""452位"",""value"":452,""unit"":""位"",""kind"":""number""}]},{""kind"":""item_statistics"",""text"":""ポイント：7点 ｜ 得票数：7票 ｜ 一押し数：0票 ｜ コメント数：2件 リストへ戻る"",""numbers"":[{""raw"":""7点"",""value"":7,""unit"":""点"",""kind"":""number""},{""raw"":""7票"",""value"":7,""unit"":""票"",""kind"":""number""},{""raw"":""0票"",""value"":0,""unit"":""票"",""kind"":""number""},{""raw"":""2件"",""value"":2,""unit"":""件"",""kind"":""number""}]}]",16194,b84181f4d9778a0c365eb99caf58e026791303ae6c5ae145651d1171de7f0c7b
15,detail,music,6006,https://toho-vote.info/result15/music/6006.php,投票結果：夢幻回廊 - 第15回 東方Project 人気投票,"[{""kind"":""title"",""text"":""投票結果：夢幻回廊 - 第15回 東方Project 人気投票"",""numbers"":[]},{""kind"":""item_heading"",""text"":""夢幻回廊（333位）"",""numbers"":[{""raw"":""333位"",""value"":333,""unit"":""位"",""kind"":""number""}]},{""kind"":""item_statistics"",""text"":""ポイント：37点 ｜ 得票数：36票 ｜ 一押し数：1票 ｜ コメント数：5件 リストへ戻る"",""numbers"":[{""raw"":""37点"",""value"":37,""unit"":""点"",""kind"":""number""},{""raw"":""36票"",""value"":36,""unit"":""票"",""kind"":""number""},{""raw"":""1票"",""value"":1,""unit"":""票"",""kind"":""number""},{""raw"":""5件"",""value"":5,""unit"":""件"",""kind"":""number""}]}]",16709,79335c1342b260f6633db552f4e8c17d050c1749e506849fef2d9ad4aa132955
15,detail,music,6007,https://toho-vote.info/result15/music/6007.php,投票結果：蓬莱幻想 ～ far East - 第15回 東方Project 人気投票,"[{""kind"":""title"",""text"":""投票結果：蓬莱幻想 ～ far East - 第15回 東方Project 人気投票"",""numbers"":[]},{""kind"":""item_heading"",""text"":""蓬莱幻想 ～ far East（298位）"",""numbers"":[{""raw"":""298位"",""value"":298,""unit"":""位"",""kind"":""number""}]},{""kind"":""item_statistics"",""text"":""ポイント：51点 ｜ 得票数：45票 ｜ 一押し数：6票 ｜ コメント数：8件 リストへ戻る"",""numbers"":[{""raw"":""51点"",""value"":51,""unit"":""点"",""kind"":""number""},{""raw"":""45票"",""value"":45,""unit"":""票"",""kind"":""number""},{""raw"":""6票"",""value"":6,""unit"":""票"",""kind"":""number""},{""raw"":""8件"",""value"":8,""unit"":""件"",""kind"":""number""}]}]",16812,346d2496f5f14dadf3dd6647fac0327559af71c52ad5a076fa13d547f2e3c8a7
15,detail,music,6008,https://toho-vote.info/result15/music/6008.php,投票結果：夜の鳩山を飛ぶ - 第15回 東方Project 人気投票,"[{""kind"":""title"",""text"":""投票結果：夜の鳩山を飛ぶ - 第15回 東方Project 人気投票"",""numbers"":[]},{""kind"":""item_heading"",""text"":""夜の鳩山を飛ぶ（323位）"",""numbers"":[{""raw"":""323位"",""value"":323,""unit"":""位"",""kind"":""number""}]},{""kind"":""item_statistics"",""text"":""ポイント：41点 ｜ 得票数：18票 ｜ 一押し数：4票 ｜ コメント数：7件 リストへ戻る"",""numbers"":[{""raw"":""41点"",""value"":41,""unit"":""点"",""kind"":""number""},{""raw"":""18票"",""value"":18,""unit"":""票"",""kind"":""number""},{""raw"":""4票"",""value"":4,""unit"":""票"",""kind"":""number""},{""raw"":""7件"",""value"":7,""unit"":""件"",""kind"":""number""}]}]",17307,127adc06ef2168dc7c4ead017bc71ea270e104c2f366ddab2501c73aeff7ba56
15,detail,music,9001,https://toho-vote.info/result15/music/9001.php,投票結果：幻想科学（幻想機械） - 第15回 東方Project 人気投票,"[{""kind"":""title"",""text"":""投票結果：幻想科学（幻想機械） - 第15回 東方Project 人気投票"",""numbers"":[]},{""kind"":""item_heading"",""text"":""幻想科学（幻想機械）（278位）"",""numbers"":[{""raw"":""278位"",""value"":278,""unit"":""位"",""kind"":""number""}]},{""kind"":""item_statistics"",""text"":""ポイント：60点 ｜ 得票数：58票 ｜ 一押し数：2票 ｜ コメント数：7件 リストへ戻る"",""numbers"":[{""raw"":""60点"",""value"":60,""unit"":""点"",""kind"":""number""},{""raw"":""58票"",""value"":58,""unit"":""票"",""kind"":""number""},{""raw"":""2票"",""value"":2,""unit"":""票"",""kind"":""number""},{""raw"":""7件"",""value"":7,""unit"":""件"",""kind"":""number""}]}]",17598,09f863eccb66bb83434f20bc82ccce7f306d97dcf4f356a50deeaa6f18bb5144
15,detail,music,9002,https://toho-vote.info/result15/music/9002.php,投票結果：恋色マスタースパーク（恋色マジック） - 第15回 東方Project 人気投票,"[{""kind"":""title"",""text"":""投票結果：恋色マスタースパーク（恋色マジック） - 第15回 東方Project 人気投票"",""numbers"":[]},{""kind"":""item_heading"",""text"":""恋色マスタースパーク（恋色マジック）（12位）"",""numbers"":[{""raw"":""12位"",""value"":12,""unit"":""位"",""kind"":""number""}]},{""kind"":""item_statistics"",""text"":""ポイント：2524点 ｜ 得票数：2290票 ｜ 一押し数：234票 ｜ コメント数：164件 リストへ戻る"",""numbers"":[{""raw"":""2524点"",""value"":2524,""unit"":""点"",""kind"":""number""},{""raw"":""2290票"",""value"":2290,""unit"":""票"",""kind"":""number""},{""raw"":""234票"",""value"":234,""unit"":""票"",""kind"":""number""},{""raw"":""164件"",""value"":164,""unit"":""件"",""kind"":""number""}]}]",30126,cb4d046968adacf096cd64f725111af0700a9ad152179ae78bf4af6ad3adc41e
15,detail,music,9003,https://toho-vote.info/result15/music/9003.php,投票結果：サーカスレヴァリエ（機械サーカス） - 第15回 東方Project 人気投票,"[{""kind"":""title"",""text"":""投票結果：サーカスレヴァリエ（機械サーカス） - 第15回 東方Project 人気投票"",""numbers"":[]},{""kind"":""item_heading"",""text"":""サーカスレヴァリエ（機械サーカス）（281位）"",""numbers"":[{""raw"":""281位"",""value"":281,""unit"":""位"",""kind"":""number""}]},{""kind"":""item_statistics"",""text"":""ポイント：59点 ｜ 得票数：52票 ｜ 一押し数：7票 ｜ コメント数：10件 リストへ戻る"",""numbers"":[{""raw"":""59点"",""value"":59,""unit"":""点"",""kind"":""number""},{""raw"":""52票"",""value"":52,""unit"":""票"",""kind"":""number""},{""raw"":""7票"",""value"":7,""unit"":""票"",""kind"":""number""},{""raw"":""10件"",""value"":10,""unit"":""件"",""kind"":""number""}]}]",17692,f8dc8179849e2c8eeb5b148f2b1ccbec3bfc02f24767a0f2f64fd8453eee1b6d
15,detail,music,9004,https://toho-vote.info/result15/music/9004.php,投票結果：二色蓮花蝶 - 第15回 東方Project 人気投票,"[{""kind"":""title"",""text"":""投票結果：二色蓮花蝶 - 第15回 東方Project 人気投票"",""numbers"":[]},{""kind"":""item_heading"",""text"":""二色蓮花蝶（52位）"",""numbers"":[{""raw"":""52位"",""value"":52,""unit"":""位"",""kind"":""number""}]},{""kind"":""item_statistics"",""text"":""ポイント：995点 ｜ 得票数：907票 ｜ 一押し数：88票 ｜ コメント数：115件 リストへ戻る"",""numbers"":[{""raw"":""995点"",""value"":995,""unit"":""点"",""kind"":""number""},{""raw"":""907票"",""value"":907,""unit"":""票"",""kind"":""number""},{""raw"":""88票"",""value"":88,""unit"":""票"",""kind"":""number""},{""raw"":""115件"",""value"":115,""unit"":""件"",""kind"":""number""}]}]",26494,ef96ba2970167d25c1de7865352244b8e77f50bc03b3738bb876391c57eb6d3b
15,detail,music,9005,https://toho-vote.info/result15/music/9005.php,投票結果：少女綺想曲 - 第15回 東方Project 人気投票,"[{""kind"":""title"",""text"":""投票結果：少女綺想曲 - 第15回 東方Project 人気投票"",""numbers"":[]},{""kind"":""item_heading"",""text"":""少女綺想曲（24位）"",""numbers"":[{""raw"":""24位"",""value"":24,""unit"":""位"",""kind"":""number""}]},{""kind"":""item_statistics"",""text"":""ポイント：1586点 ｜ 得票数：1431票 ｜ 一押し数：155票 ｜ コメント数：94件 リストへ戻る"",""numbers"":[{""raw"":""1586点"",""value"":1586,""unit"":""点"",""kind"":""number""},{""raw"":""1431票"",""value"":1431,""unit"":""票"",""kind"":""number""},{""raw"":""155票"",""value"":155,""unit"":""票"",""kind"":""number""},{""raw"":""94件"",""value"":94,""unit"":""件"",""kind"":""number""}]}]",24568,0faaf132f8f7819d8b75103cb9608e1e2308de79fba2b8b566a8402fa12fef36
15,detail,music,9006,https://toho-vote.info/result15/music/9006.php,投票結果：桜花之恋塚 - 第15回 東方Project 人気投票,"[{""kind"":""title"",""text"":""投票結果：桜花之恋塚 - 第15回 東方Project 人気投票"",""numbers"":[]},{""kind"":""item_heading"",""text"":""桜花之恋塚（137位）"",""numbers"":[{""raw"":""137位"",""value"":137,""unit"":""位"",""kind"":""number""}]},{""kind"":""item_statistics"",""text"":""ポイント：331点 ｜ 得票数：294票 ｜ 一押し数：37票 ｜ コメント数：36件 リストへ戻る"",""numbers"":[{""raw"":""331点"",""value"":331,""unit"":""点"",""kind"":""number""},{""raw"":""294票"",""value"":294,""unit"":""票"",""kind"":""number""},{""raw"":""37票"",""value"":37,""unit"":""票"",""kind"":""number""},{""raw"":""36件"",""value"":36,""unit"":""件"",""kind"":""number""}]}]",19899,b6c417192f9b480de279f5ecccbcca50047016975aa2d35987887bd2f8e96f17
15,detail,music,9007,https://toho-vote.info/result15/music/9007.php,投票結果：花映塚 - 第15回 東方Project 人気投票,"[{""kind"":""title"",""text"":""投票結果：花映塚 - 第15回 東方Project 人気投票"",""numbers"":[]},{""kind"":""item_heading"",""text"":""花映塚（249位）"",""numbers"":[{""raw"":""249位"",""value"":249,""unit"":""位"",""kind"":""number""}]},{""kind"":""item_statistics"",""text"":""ポイント：88点 ｜ 得票数：80票 ｜ 一押し数：8票 ｜ コメント数：14件 リストへ戻る"",""numbers"":[{""raw"":""88点"",""value"":88,""unit"":""点"",""kind"":""number""},{""raw"":""80票"",""value"":80,""unit"":""票"",""kind"":""number""},{""raw"":""8票"",""value"":8,""unit"":""票"",""kind"":""number""},{""raw"":""14件"",""value"":14,""unit"":""件"",""kind"":""number""}]}]",18276,c6b32a9f669b68af616e866a35b6d8c239ce6566e1c86c56abe4eeb1de927c00
15,detail,music,9009,https://toho-vote.info/result15/music/9009.php,投票結果：アンノウンX - 第15回 東方Project 人気投票,"[{""kind"":""title"",""text"":""投票結果：アンノウンX - 第15回 東方Project 人気投票"",""numbers"":[]},{""kind"":""item_heading"",""text"":""アンノウンX（140位）"",""numbers"":[{""raw"":""140位"",""value"":140,""unit"":""位"",""kind"":""number""}]},{""kind"":""item_statistics"",""text"":""ポイント：330点 ｜ 得票数：318票 ｜ 一押し数：12票 ｜ コメント数：35件 リストへ戻る"",""numbers"":[{""raw"":""330点"",""value"":330,""unit"":""点"",""kind"":""number""},{""raw"":""318票"",""value"":318,""unit"":""票"",""kind"":""number""},{""raw"":""12票"",""value"":12,""unit"":""票"",""kind"":""number""},{""raw"":""35件"",""value"":35,""unit"":""件"",""kind"":""number""}]}]",21734,46bc2acbb6ea2a7c8ae6b5e42d6d0775bf832cab245fc144a2a9e63681dab874
15,detail,music,9010,https://toho-vote.info/result15/music/9010.php,投票結果：憑依華（OP曲） - 第15回 東方Project 人気投票,"[{""kind"":""title"",""text"":""投票結果：憑依華（OP曲） - 第15回 東方Project 人気投票"",""numbers"":[]},{""kind"":""item_heading"",""text"":""憑依華（OP曲）（298位）"",""numbers"":[{""raw"":""298位"",""value"":298,""unit"":""位"",""kind"":""number""}]},{""kind"":""item_statistics"",""text"":""ポイント：51点 ｜ 得票数：49票 ｜ 一押し数：2票 ｜ コメント数：11件 リストへ戻る"",""numbers"":[{""raw"":""51点"",""value"":51,""unit"":""点"",""kind"":""number""},{""raw"":""49票"",""value"":49,""unit"":""票"",""kind"":""number""},{""raw"":""2票"",""value"":2,""unit"":""票"",""kind"":""number""},{""raw"":""11件"",""value"":11,""unit"":""件"",""kind"":""number""}]}]",19359,89251074f9c321fa65429575f0655a01ba140900081865dd8a81bba0f0683786
15,detail,work,101,https://toho-vote.info/result15/title/101.php,投票結果：東方靈異伝 - 第15回 東方Project 人気投票,"[{""kind"":""title"",""text"":""投票結果：東方靈異伝 - 第15回 東方Project 人気投票"",""numbers"":[]},{""kind"":""item_heading"",""text"":""東方靈異伝（36位）"",""numbers"":[{""raw"":""36位"",""value"":36,""unit"":""位"",""kind"":""number""}]},{""kind"":""item_statistics"",""text"":""ポイント：452点 ｜ 得票数：361票 ｜ 一押し数：91票 ｜ コメント数：50件 リストへ戻る"",""numbers"":[{""raw"":""452点"",""value"":452,""unit"":""点"",""kind"":""number""},{""raw"":""361票"",""value"":361,""unit"":""票"",""kind"":""number""},{""raw"":""91票"",""value"":91,""unit"":""票"",""kind"":""number""},{""raw"":""50件"",""value"":50,""unit"":""件"",""kind"":""number""}]}]",20086,95f9ed12cb764dbdc598f212d1372ea405a8564dbdd0636c0e4acc24c1676a84
15,detail,work,102,https://toho-vote.info/result15/title/102.php,投票結果：東方封魔録 - 第15回 東方Project 人気投票,"[{""kind"":""title"",""text"":""投票結果：東方封魔録 - 第15回 東方Project 人気投票"",""numbers"":[]},{""kind"":""item_heading"",""text"":""東方封魔録（44位）"",""numbers"":[{""raw"":""44位"",""value"":44,""unit"":""位"",""kind"":""number""}]},{""kind"":""item_statistics"",""text"":""ポイント：213点 ｜ 得票数：184票 ｜ 一押し数：29票 ｜ コメント数：18件 リストへ戻る"",""numbers"":[{""raw"":""213点"",""value"":213,""unit"":""点"",""kind"":""number""},{""raw"":""184票"",""value"":184,""unit"":""票"",""kind"":""number""},{""raw"":""29票"",""value"":29,""unit"":""票"",""kind"":""number""},{""raw"":""18件"",""value"":18,""unit"":""件"",""kind"":""number""}]}]",17345,b06c2972170f2819de60aed3d9542d6b02b05e5a03bca749dc847945cce33a11
15,detail,work,103,https://toho-vote.info/result15/title/103.php,投票結果：東方夢時空 - 第15回 東方Project 人気投票,"[{""kind"":""title"",""text"":""投票結果：東方夢時空 - 第15回 東方Project 人気投票"",""numbers"":[]},{""kind"":""item_heading"",""text"":""東方夢時空（34位）"",""numbers"":[{""raw"":""34位"",""value"":34,""unit"":""位"",""kind"":""number""}]},{""kind"":""item_statistics"",""text"":""ポイント：475点 ｜ 得票数：393票 ｜ 一押し数：82票 ｜ コメント数：39件 リストへ戻る"",""numbers"":[{""raw"":""475点"",""value"":475,""unit"":""点"",""kind"":""number""},{""raw"":""393票"",""value"":393,""unit"":""票"",""kind"":""number""},{""raw"":""82票"",""value"":82,""unit"":""票"",""kind"":""number""},{""raw"":""39件"",""value"":39,""unit"":""件"",""kind"":""number""}]}]",20627,358663cd9eff6bac2abf2a80197750cf3c175f87ce0f84b9c50fc8e64477e43d
15,detail,work,104,https://toho-vote.info/result15/title/104.php,投票結果：東方幻想郷 - 第15回 東方Project 人気投票,"[{""kind"":""title"",""text"":""投票結果：東方幻想郷 - 第15回 東方Project 人気投票"",""numbers"":[]},{""kind"":""item_heading"",""text"":""東方幻想郷（27位）"",""numbers"":[{""raw"":""27位"",""value"":27,""unit"":""位"",""kind"":""number""}]},{""kind"":""item_statistics"",""text"":""ポイント：685点 ｜ 得票数：556票 ｜ 一押し数：129票 ｜ コメント数：42件 リストへ戻る"",""numbers"":[{""raw"":""685点"",""value"":685,""unit"":""点"",""kind"":""number""},{""raw"":""556票"",""value"":556,""unit"":""票"",""kind"":""number""},{""raw"":""129票"",""value"":129,""unit"":""票"",""kind"":""number""},{""raw"":""42件"",""value"":42,""unit"":""件"",""kind"":""number""}]}]",19842,2295346d846b3d1f562f85c658b64ae692ebabc464ce6ed09c438bf1c231c22d
15,detail,work,105,https://toho-vote.info/result15/title/105.php,投票結果：東方怪綺談 - 第15回 東方Project 人気投票,"[{""kind"":""title"",""text"":""投票結果：東方怪綺談 - 第15回 東方Project 人気投票"",""numbers"":[]},{""kind"":""item_heading"",""text"":""東方怪綺談（29位）"",""numbers"":[{""raw"":""29位"",""value"":29,""unit"":""位"",""kind"":""number""}]},{""kind"":""item_statistics"",""text"":""ポイント：646点 ｜ 得票数：550票 ｜ 一押し数：96票 ｜ コメント数：56件 リストへ戻る"",""numbers"":[{""raw"":""646点"",""value"":646,""unit"":""点"",""kind"":""number""},{""raw"":""550票"",""value"":550,""unit"":""票"",""kind"":""number""},{""raw"":""96票"",""value"":96,""unit"":""票"",""kind"":""number""},{""raw"":""56件"",""value"":56,""unit"":""件"",""kind"":""number""}]}]",21898,af188ad13ebb78fdadabf5bbc59e30ccb617c232f59fd424c10aabf5ff55db8f
15,detail,work,106,https://toho-vote.info/result15/title/106.php,投票結果：東方紅魔郷 - 第15回 東方Project 人気投票,"[{""kind"":""title"",""text"":""投票結果：東方紅魔郷 - 第15回 東方Project 人気投票"",""numbers"":[]},{""kind"":""item_heading"",""text"":""東方紅魔郷（1位）"",""numbers"":[{""raw"":""1位"",""value"":1,""unit"":""位"",""kind"":""number""}]},{""kind"":""item_statistics"",""text"":""ポイント：8183点 ｜ 得票数：5626票 ｜ 一押し数：2557票 ｜ コメント数：528件 リストへ戻る"",""numbers"":[{""raw"":""8183点"",""value"":8183,""unit"":""点"",""kind"":""number""},{""raw"":""5626票"",""value"":5626,""unit"":""票"",""kind"":""number""},{""raw"":""2557票"",""value"":2557,""unit"":""票"",""kind"":""number""},{""raw"":""528件"",""value"":528,""unit"":""件"",""kind"":""number""}]}]",64167,980367f41a3c2ccb8d6c939c170980688e66639c8e323d21e4d8283def04da15
15,detail,work,107,https://toho-vote.info/result15/title/107.php,投票結果：東方妖々夢 - 第15回 東方Project 人気投票,"[{""kind"":""title"",""text"":""投票結果：東方妖々夢 - 第15回 東方Project 人気投票"",""numbers"":[]},{""kind"":""item_heading"",""text"":""東方妖々夢（3位）"",""numbers"":[{""raw"":""3位"",""value"":3,""unit"":""位"",""kind"":""number""}]},{""kind"":""item_statistics"",""text"":""ポイント：6470点 ｜ 得票数：5004票 ｜ 一押し数：1466票 ｜ コメント数：431件 リストへ戻る"",""numbers"":[{""raw"":""6470点"",""value"":6470,""unit"":""点"",""kind"":""number""},{""raw"":""5004票"",""value"":5004,""unit"":""票"",""kind"":""number""},{""raw"":""1466票"",""value"":1466,""unit"":""票"",""kind"":""number""},{""raw"":""431件"",""value"":431,""unit"":""件"",""kind"":""number""}]}]",59785,dd29fa0e2416809fd9924fbee9e3a026aefe4c7b6840ba9aa8df9b9b0749bd3b
15,detail,work,108,https://toho-vote.info/result15/title/108.php,投票結果：東方永夜抄 - 第15回 東方Project 人気投票,"[{""kind"":""title"",""text"":""投票結果：東方永夜抄 - 第15回 東方Project 人気投票"",""numbers"":[]},{""kind"":""item_heading"",""text"":""東方永夜抄（2位）"",""numbers"":[{""raw"":""2位"",""value"":2,""unit"":""位"",""kind"":""number""}]},{""kind"":""item_statistics"",""text"":""ポイント：7478点 ｜ 得票数：5713票 ｜ 一押し数：1765票 ｜ コメント数：547件 リストへ戻る"",""numbers"":[{""raw"":""7478点"",""value"":7478,""unit"":""点"",""kind"":""number""},{""raw"":""5713票"",""value"":5713,""unit"":""票"",""kind"":""number""},{""raw"":""1765票"",""value"":1765,""unit"":""票"",""kind"":""number""},{""raw"":""547件"",""value"":547,""unit"":""件"",""kind"":""number""}]}]",71213,01bad1215cb53b0fed04d89ecdc45e53816fddee98a34faf1f3f97e49eaa7c46
15,detail,work,109,https://toho-vote.info/result15/title/109.php,投票結果：東方花映塚 - 第15回 東方Project 人気投票,"[{""kind"":""title"",""text"":""投票結果：東方花映塚 - 第15回 東方Project 人気投票"",""numbers"":[]},{""kind"":""item_heading"",""text"":""東方花映塚（15位）"",""numbers"":[{""raw"":""15位"",""value"":15,""unit"":""位"",""kind"":""number""}]},{""kind"":""item_statistics"",""text"":""ポイント：1776点 ｜ 得票数：1503票 ｜ 一押し数：273票 ｜ コメント数：148件 リストへ戻る"",""numbers"":[{""raw"":""1776点"",""value"":1776,""unit"":""点"",""kind"":""number""},{""raw"":""1503票"",""value"":1503,""unit"":""票"",""kind"":""number""},{""raw"":""273票"",""value"":273,""unit"":""票"",""kind"":""number""},{""raw"":""148件"",""value"":148,""unit"":""件"",""kind"":""number""}]}]",30548,cd764163c98c48f38ff42c7261b3e87248f9843e4f2c4750c9bc9bb03ef9fad3
15,detail,work,110,https://toho-vote.info/result15/title/110.php,投票結果：東方文花帖 - 第15回 東方Project 人気投票,"[{""kind"":""title"",""text"":""投票結果：東方文花帖 - 第15回 東方Project 人気投票"",""numbers"":[]},{""kind"":""item_heading"",""text"":""東方文花帖（25位）"",""numbers"":[{""raw"":""25位"",""value"":25,""unit"":""位"",""kind"":""number""}]},{""kind"":""item_statistics"",""text"":""ポイント：717点 ｜ 得票数：634票 ｜ 一押し数：83票 ｜ コメント数：49件 リストへ戻る"",""numbers"":[{""raw"":""717点"",""value"":717,""unit"":""点"",""kind"":""number""},{""raw"":""634票"",""value"":634,""unit"":""票"",""kind"":""number""},{""raw"":""83票"",""value"":83,""unit"":""票"",""kind"":""number""},{""raw"":""49件"",""value"":49,""unit"":""件"",""kind"":""number""}]}]",21637,3f7e2fdcef4aa13038faa7ecd1e5b51bdf6ebcd8b0e367747d85525c5f972618
15,detail,work,111,https://toho-vote.info/result15/title/111.php,投票結果：東方風神録 - 第15回 東方Project 人気投票,"[{""kind"":""title"",""text"":""投票結果：東方風神録 - 第15回 東方Project 人気投票"",""numbers"":[]},{""kind"":""item_heading"",""text"":""東方風神録（4位）"",""numbers"":[{""raw"":""4位"",""value"":4,""unit"":""位"",""kind"":""number""}]},{""kind"":""item_statistics"",""text"":""ポイント：5845点 ｜ 得票数：4533票 ｜ 一押し数：1312票 ｜ コメント数：422件 リストへ戻る"",""numbers"":[{""raw"":""5845点"",""value"":5845,""unit"":""点"",""kind"":""number""},{""raw"":""4533票"",""value"":4533,""unit"":""票"",""kind"":""number""},{""raw"":""1312票"",""value"":1312,""unit"":""票"",""kind"":""number""},{""raw"":""422件"",""value"":422,""unit"":""件"",""kind"":""number""}]}]",56622,a8005a60a34609e953fd63967c64bb5b0fc23954ddcc788d3fe7d177ccb8a020
15,detail,work,112,https://toho-vote.info/result15/title/112.php,投票結果：東方地霊殿 - 第15回 東方Project 人気投票,"[{""kind"":""title"",""text"":""投票結果：東方地霊殿 - 第15回 東方Project 人気投票"",""numbers"":[]},{""kind"":""item_heading"",""text"":""東方地霊殿（5位）"",""numbers"":[{""raw"":""5位"",""value"":5,""unit"":""位"",""kind"":""number""}]},{""kind"":""item_statistics"",""text"":""ポイント：4923点 ｜ 得票数：3923票 ｜ 一押し数：1000票 ｜ コメント数：307件 リストへ戻る"",""numbers"":[{""raw"":""4923点"",""value"":4923,""unit"":""点"",""kind"":""number""},{""raw"":""3923票"",""value"":3923,""unit"":""票"",""kind"":""number""},{""raw"":""1000票"",""value"":1000,""unit"":""票"",""kind"":""number""},{""raw"":""307件"",""value"":307,""unit"":""件"",""kind"":""number""}]}]",45830,a878f993b14573e8456402b2ca67f54ef20c02fb38a089b6e40bf1e0696114e8
15,detail,work,113,https://toho-vote.info/result15/title/113.php,投票結果：東方星蓮船 - 第15回 東方Project 人気投票,"[{""kind"":""title"",""text"":""投票結果：東方星蓮船 - 第15回 東方Project 人気投票"",""numbers"":[]},{""kind"":""item_heading"",""text"":""東方星蓮船（9位）"",""numbers"":[{""raw"":""9位"",""value"":9,""unit"":""位"",""kind"":""number""}]},{""kind"":""item_statistics"",""text"":""ポイント：2429点 ｜ 得票数：2005票 ｜ 一押し数：424票 ｜ コメント数：225件 リストへ戻る"",""numbers"":[{""raw"":""2429点"",""value"":2429,""unit"":""点"",""kind"":""number""},{""raw"":""2005票"",""value"":2005,""unit"":""票"",""kind"":""number""},{""raw"":""424票"",""value"":424,""unit"":""票"",""kind"":""number""},{""raw"":""225件"",""value"":225,""unit"":""件"",""kind"":""number""}]}]",40056,1a65be629bcae288e6ed7eb7461dd19726555d56d4a58e3af97fb51e5c7a4170
15,detail,work,114,https://toho-vote.info/result15/title/114.php,投票結果：ダブルスポイラー - 第15回 東方Project 人気投票,"[{""kind"":""title"",""text"":""投票結果：ダブルスポイラー - 第15回 東方Project 人気投票"",""numbers"":[]},{""kind"":""item_heading"",""text"":""ダブルスポイラー（30位）"",""numbers"":[{""raw"":""30位"",""value"":30,""unit"":""位"",""kind"":""number""}]},{""kind"":""item_statistics"",""text"":""ポイント：638点 ｜ 得票数：582票 ｜ 一押し数：56票 ｜ コメント数：70件 リストへ戻る"",""numbers"":[{""raw"":""638点"",""value"":638,""unit"":""点"",""kind"":""number""},{""raw"":""582票"",""value"":582,""unit"":""票"",""kind"":""number""},{""raw"":""56票"",""value"":56,""unit"":""票"",""kind"":""number""},{""raw"":""70件"",""value"":70,""unit"":""件"",""kind"":""number""}]}]",23504,877057db835799f921b6c838250dc8466a70d064350612f0ea43137c53ae5c5a
15,detail,work,115,https://toho-vote.info/result15/title/115.php,投票結果：妖精大戦争 - 第15回 東方Project 人気投票,"[{""kind"":""title"",""text"":""投票結果：妖精大戦争 - 第15回 東方Project 人気投票"",""numbers"":[]},{""kind"":""item_heading"",""text"":""妖精大戦争（26位）"",""numbers"":[{""raw"":""26位"",""value"":26,""unit"":""位"",""kind"":""number""}]},{""kind"":""item_statistics"",""text"":""ポイント：687点 ｜ 得票数：611票 ｜ 一押し数：76票 ｜ コメント数：71件 リストへ戻る"",""numbers"":[{""raw"":""687点"",""value"":687,""unit"":""点"",""kind"":""number""},{""raw"":""611票"",""value"":611,""unit"":""票"",""kind"":""number""},{""raw"":""76票"",""value"":76,""unit"":""票"",""kind"":""number""},{""raw"":""71件"",""value"":71,""unit"":""件"",""kind"":""number""}]}]",23887,8686204ff741b6483804d850dd59ad798dcd500d03e2372d7659cea9439f4cab
15,detail,work,116,https://toho-vote.info/result15/title/116.php,投票結果：東方神霊廟 - 第15回 東方Project 人気投票,"[{""kind"":""title"",""text"":""投票結果：東方神霊廟 - 第15回 東方Project 人気投票"",""numbers"":[]},{""kind"":""item_heading"",""text"":""東方神霊廟（13位）"",""numbers"":[{""raw"":""13位"",""value"":13,""unit"":""位"",""kind"":""number""}]},{""kind"":""item_statistics"",""text"":""ポイント：2007点 ｜ 得票数：1637票 ｜ 一押し数：370票 ｜ コメント数：171件 リストへ戻る"",""numbers"":[{""raw"":""2007点"",""value"":2007,""unit"":""点"",""kind"":""number""},{""raw"":""1637票"",""value"":1637,""unit"":""票"",""kind"":""number""},{""raw"":""370票"",""value"":370,""unit"":""票"",""kind"":""number""},{""raw"":""171件"",""value"":171,""unit"":""件"",""kind"":""number""}]}]",33448,8f0d61812c518448ac69883b61ad3c49f610c5692c00baaef572df26d6c8e3e0
15,detail,work,117,https://toho-vote.info/result15/title/117.php,投票結果：東方輝針城 - 第15回 東方Project 人気投票,"[{""kind"":""title"",""text"":""投票結果：東方輝針城 - 第15回 東方Project 人気投票"",""numbers"":[]},{""kind"":""item_heading"",""text"":""東方輝針城（8位）"",""numbers"":[{""raw"":""8位"",""value"":8,""unit"":""位"",""kind"":""number""}]},{""kind"":""item_statistics"",""text"":""ポイント：2739点 ｜ 得票数：2237票 ｜ 一押し数：502票 ｜ コメント数：236件 リストへ戻る"",""numbers"":[{""raw"":""2739点"",""value"":2739,""unit"":""点"",""kind"":""number""},{""raw"":""2237票"",""value"":2237,""unit"":""票"",""kind"":""number""},{""raw"":""502票"",""value"":502,""unit"":""票"",""kind"":""number""},{""raw"":""236件"",""value"":236,""unit"":""件"",""kind"":""number""}]}]",41528,85bb7c912b537d21109c6aa955f4d54509198061f8f3a37020f2788484b82ba7
15,detail,work,118,https://toho-vote.info/result15/title/118.php,投票結果：弾幕アマノジャク - 第15回 東方Project 人気投票,"[{""kind"":""title"",""text"":""投票結果：弾幕アマノジャク - 第15回 東方Project 人気投票"",""numbers"":[]},{""kind"":""item_heading"",""text"":""弾幕アマノジャク（22位）"",""numbers"":[{""raw"":""22位"",""value"":22,""unit"":""位"",""kind"":""number""}]},{""kind"":""item_statistics"",""text"":""ポイント：934点 ｜ 得票数：824票 ｜ 一押し数：110票 ｜ コメント数：72件 リストへ戻る"",""numbers"":[{""raw"":""934点"",""value"":934,""unit"":""点"",""kind"":""number""},{""raw"":""824票"",""value"":824,""unit"":""票"",""kind"":""number""},{""raw"":""110票"",""value"":110,""unit"":""票"",""kind"":""number""},{""raw"":""72件"",""value"":72,""unit"":""件"",""kind"":""number""}]}]",24973,07f6365a63829396d2504595e879d25ef76b5c92793d6d79f981c78d90487b3c
15,detail,work,119,https://toho-vote.info/result15/title/119.php,投票結果：東方紺珠伝 - 第15回 東方Project 人気投票,"[{""kind"":""title"",""text"":""投票結果：東方紺珠伝 - 第15回 東方Project 人気投票"",""numbers"":[]},{""kind"":""item_heading"",""text"":""東方紺珠伝（6位）"",""numbers"":[{""raw"":""6位"",""value"":6,""unit"":""位"",""kind"":""number""}]},{""kind"":""item_statistics"",""text"":""ポイント：4664点 ｜ 得票数：3794票 ｜ 一押し数：870票 ｜ コメント数：447件 リストへ戻る"",""numbers"":[{""raw"":""4664点"",""value"":4664,""unit"":""点"",""kind"":""number""},{""raw"":""3794票"",""value"":3794,""unit"":""票"",""kind"":""number""},{""raw"":""870票"",""value"":870,""unit"":""票"",""kind"":""number""},{""raw"":""447件"",""value"":447,""unit"":""件"",""kind"":""number""}]}]",61626,76b46159a31c893be086c667346f06d06941ea96f4f2207617162d17f86494e2
15,detail,work,120,https://toho-vote.info/result15/title/120.php,投票結果：東方天空璋 - 第15回 東方Project 人気投票,"[{""kind"":""title"",""text"":""投票結果：東方天空璋 - 第15回 東方Project 人気投票"",""numbers"":[]},{""kind"":""item_heading"",""text"":""東方天空璋（10位）"",""numbers"":[{""raw"":""10位"",""value"":10,""unit"":""位"",""kind"":""number""}]},{""kind"":""item_statistics"",""text"":""ポイント：2422点 ｜ 得票数：2124票 ｜ 一押し数：298票 ｜ コメント数：238件 リストへ戻る"",""numbers"":[{""raw"":""2422点"",""value"":2422,""unit"":""点"",""kind"":""number""},{""raw"":""2124票"",""value"":2124,""unit"":""票"",""kind"":""number""},{""raw"":""298票"",""value"":298,""unit"":""票"",""kind"":""number""},{""raw"":""238件"",""value"":238,""unit"":""件"",""kind"":""number""}]}]",41698,0e4298ed6509aca017aa3fc3726c161faa9df37147acee7ae20ce57130616d37
15,detail,work,151,https://toho-vote.info/result15/title/151.php,投票結果：東方萃夢想 - 第15回 東方Project 人気投票,"[{""kind"":""title"",""text"":""投票結果：東方萃夢想 - 第15回 東方Project 人気投票"",""numbers"":[]},{""kind"":""item_heading"",""text"":""東方萃夢想（33位）"",""numbers"":[{""raw"":""33位"",""value"":33,""unit"":""位"",""kind"":""number""}]},{""kind"":""item_statistics"",""text"":""ポイント：488点 ｜ 得票数：441票 ｜ 一押し数：47票 ｜ コメント数：44件 リストへ戻る"",""numbers"":[{""raw"":""488点"",""value"":488,""unit"":""点"",""kind"":""number""},{""raw"":""441票"",""value"":441,""unit"":""票"",""kind"":""number""},{""raw"":""47票"",""value"":47,""unit"":""票"",""kind"":""number""},{""raw"":""44件"",""value"":44,""unit"":""件"",""kind"":""number""}]}]",20512,a821803d29f7fb8b2d37ea42b19016893567887f4a46a419bba903dbc9ffee4b
15,detail,work,152,https://toho-vote.info/result15/title/152.php,投票結果：東方緋想天 - 第15回 東方Project 人気投票,"[{""kind"":""title"",""text"":""投票結果：東方緋想天 - 第15回 東方Project 人気投票"",""numbers"":[]},{""kind"":""item_heading"",""text"":""東方緋想天（16位）"",""numbers"":[{""raw"":""16位"",""value"":16,""unit"":""位"",""kind"":""number""}]},{""kind"":""item_statistics"",""text"":""ポイント：1231点 ｜ 得票数：1058票 ｜ 一押し数：173票 ｜ コメント数：87件 リストへ戻る"",""numbers"":[{""raw"":""1231点"",""value"":1231,""unit"":""点"",""kind"":""number""},{""raw"":""1058票"",""value"":1058,""unit"":""票"",""kind"":""number""},{""raw"":""173票"",""value"":173,""unit"":""票"",""kind"":""number""},{""raw"":""87件"",""value"":87,""unit"":""件"",""kind"":""number""}]}]",24317,d2a4126c8b5e56aeaf402cf4ae0d38656b93b74432bcc9abc66bde1bba2d7e0e
15,detail,work,153,https://toho-vote.info/result15/title/153.php,投票結果：東方非想天則 - 第15回 東方Project 人気投票,"[{""kind"":""title"",""text"":""投票結果：東方非想天則 - 第15回 東方Project 人気投票"",""numbers"":[]},{""kind"":""item_heading"",""text"":""東方非想天則（14位）"",""numbers"":[{""raw"":""14位"",""value"":14,""unit"":""位"",""kind"":""number""}]},{""kind"":""item_statistics"",""text"":""ポイント：2003点 ｜ 得票数：1748票 ｜ 一押し数：255票 ｜ コメント数：145件 リストへ戻る"",""numbers"":[{""raw"":""2003点"",""value"":2003,""unit"":""点"",""kind"":""number""},{""raw"":""1748票"",""value"":1748,""unit"":""票"",""kind"":""number""},{""raw"":""255票"",""value"":255,""unit"":""票"",""kind"":""number""},{""raw"":""145件"",""value"":145,""unit"":""件"",""kind"":""number""}]}]",28745,c3824e02e785b8762ec419f15e0a66b982b793b4cda014d76fa4969e7f8b59f0
15,detail,work,154,https://toho-vote.info/result15/title/154.php,投票結果：東方心綺楼 - 第15回 東方Project 人気投票,"[{""kind"":""title"",""text"":""投票結果：東方心綺楼 - 第15回 東方Project 人気投票"",""numbers"":[]},{""kind"":""item_heading"",""text"":""東方心綺楼（31位）"",""numbers"":[{""raw"":""31位"",""value"":31,""unit"":""位"",""kind"":""number""}]},{""kind"":""item_statistics"",""text"":""ポイント：637点 ｜ 得票数：586票 ｜ 一押し数：51票 ｜ コメント数：49件 リストへ戻る"",""numbers"":[{""raw"":""637点"",""value"":637,""unit"":""点"",""kind"":""number""},{""raw"":""586票"",""value"":586,""unit"":""票"",""kind"":""number""},{""raw"":""51票"",""value"":51,""unit"":""票"",""kind"":""number""},{""raw"":""49件"",""value"":49,""unit"":""件"",""kind"":""number""}]}]",20845,60155840213f84da0a87047a55a015528824704df453b0eaf66b5c594917534d
15,detail,work,155,https://toho-vote.info/result15/title/155.php,投票結果：東方深秘録 - 第15回 東方Project 人気投票,"[{""kind"":""title"",""text"":""投票結果：東方深秘録 - 第15回 東方Project 人気投票"",""numbers"":[]},{""kind"":""item_heading"",""text"":""東方深秘録（18位）"",""numbers"":[{""raw"":""18位"",""value"":18,""unit"":""位"",""kind"":""number""}]},{""kind"":""item_statistics"",""text"":""ポイント：1192点 ｜ 得票数：1084票 ｜ 一押し数：108票 ｜ コメント数：98件 リストへ戻る"",""numbers"":[{""raw"":""1192点"",""value"":1192,""unit"":""点"",""kind"":""number""},{""raw"":""1084票"",""value"":1084,""unit"":""票"",""kind"":""number""},{""raw"":""108票"",""value"":108,""unit"":""票"",""kind"":""number""},{""raw"":""98件"",""value"":98,""unit"":""件"",""kind"":""number""}]}]",25706,f00297110576aeea18d3baadd338ff22ce169c720cccf06620baadf4369c764c
15,detail,work,156,https://toho-vote.info/result15/title/156.php,投票結果：東方憑依華 - 第15回 東方Project 人気投票,"[{""kind"":""title"",""text"":""投票結果：東方憑依華 - 第15回 東方Project 人気投票"",""numbers"":[]},{""kind"":""item_heading"",""text"":""東方憑依華（11位）"",""numbers"":[{""raw"":""11位"",""value"":11,""unit"":""位"",""kind"":""number""}]},{""kind"":""item_statistics"",""text"":""ポイント：2266点 ｜ 得票数：2029票 ｜ 一押し数：237票 ｜ コメント数：186件 リストへ戻る"",""numbers"":[{""raw"":""2266点"",""value"":2266,""unit"":""点"",""kind"":""number""},{""raw"":""2029票"",""value"":2029,""unit"":""票"",""kind"":""number""},{""raw"":""237票"",""value"":237,""unit"":""票"",""kind"":""number""},{""raw"":""186件"",""value"":186,""unit"":""件"",""kind"":""number""}]}]",35203,f65b165008275ecb0bfbc1e7655ff0e495e34cfbda85f371e0bd50d793835d9e
15,detail,work,165,https://toho-vote.info/result15/title/165.php,投票結果：秘封ナイトメアダイアリー - 第15回 東方Project 人気投票,"[{""kind"":""title"",""text"":""投票結果：秘封ナイトメアダイアリー - 第15回 東方Project 人気投票"",""numbers"":[]},{""kind"":""item_heading"",""text"":""秘封ナイトメアダイアリー（28位）"",""numbers"":[{""raw"":""28位"",""value"":28,""unit"":""位"",""kind"":""number""}]},{""kind"":""item_statistics"",""text"":""ポイント：670点 ｜ 得票数：614票 ｜ 一押し数：56票 ｜ コメント数：107件 リストへ戻る"",""numbers"":[{""raw"":""670点"",""value"":670,""unit"":""点"",""kind"":""number""},{""raw"":""614票"",""value"":614,""unit"":""票"",""kind"":""number""},{""raw"":""56票"",""value"":56,""unit"":""票"",""kind"":""number""},{""raw"":""107件"",""value"":107,""unit"":""件"",""kind"":""number""}]}]",29386,f1bfc2abe31cfa1ed74b3b64538327adb9f4d04bfc5f35e65f73dea4d2031129
15,detail,work,201,https://toho-vote.info/result15/title/201.php,投票結果：幺樂団の歴史 - 第15回 東方Project 人気投票,"[{""kind"":""title"",""text"":""投票結果：幺樂団の歴史 - 第15回 東方Project 人気投票"",""numbers"":[]},{""kind"":""item_heading"",""text"":""幺樂団の歴史（47位）"",""numbers"":[{""raw"":""47位"",""value"":47,""unit"":""位"",""kind"":""number""}]},{""kind"":""item_statistics"",""text"":""ポイント：167点 ｜ 得票数：158票 ｜ 一押し数：9票 ｜ コメント数：19件 リストへ戻る"",""numbers"":[{""raw"":""167点"",""value"":167,""unit"":""点"",""kind"":""number""},{""raw"":""158票"",""value"":158,""unit"":""票"",""kind"":""number""},{""raw"":""9票"",""value"":9,""unit"":""票"",""kind"":""number""},{""raw"":""19件"",""value"":19,""unit"":""件"",""kind"":""number""}]}]",18165,846d8e3ddce2ff5119ec0974be4170417bc3c311654c5a5ae6b76f7b9737ae9d
15,detail,work,202,https://toho-vote.info/result15/title/202.php,投票結果：蓬莱人形 - 第15回 東方Project 人気投票,"[{""kind"":""title"",""text"":""投票結果：蓬莱人形 - 第15回 東方Project 人気投票"",""numbers"":[]},{""kind"":""item_heading"",""text"":""蓬莱人形（20位）"",""numbers"":[{""raw"":""20位"",""value"":20,""unit"":""位"",""kind"":""number""}]},{""kind"":""item_statistics"",""text"":""ポイント：991点 ｜ 得票数：846票 ｜ 一押し数：145票 ｜ コメント数：106件 リストへ戻る"",""numbers"":[{""raw"":""991点"",""value"":991,""unit"":""点"",""kind"":""number""},{""raw"":""846票"",""value"":846,""unit"":""票"",""kind"":""number""},{""raw"":""145票"",""value"":145,""unit"":""票"",""kind"":""number""},{""raw"":""106件"",""value"":106,""unit"":""件"",""kind"":""number""}]}]",26462,8c8c0adfd3de40620a019b0a81caafc69dca2c5ff19c5ed89bb447ef9d3c2bfb
15,detail,work,203,https://toho-vote.info/result15/title/203.php,投票結果：蓮台野夜行 - 第15回 東方Project 人気投票,"[{""kind"":""title"",""text"":""投票結果：蓮台野夜行 - 第15回 東方Project 人気投票"",""numbers"":[]},{""kind"":""item_heading"",""text"":""蓮台野夜行（35位）"",""numbers"":[{""raw"":""35位"",""value"":35,""unit"":""位"",""kind"":""number""}]},{""kind"":""item_statistics"",""text"":""ポイント：467点 ｜ 得票数：415票 ｜ 一押し数：52票 ｜ コメント数：39件 リストへ戻る"",""numbers"":[{""raw"":""467点"",""value"":467,""unit"":""点"",""kind"":""number""},{""raw"":""415票"",""value"":415,""unit"":""票"",""kind"":""number""},{""raw"":""52票"",""value"":52,""unit"":""票"",""kind"":""number""},{""raw"":""39件"",""value"":39,""unit"":""件"",""kind"":""number""}]}]",19913,77bb75bc4cf95c7b5cb3ec6bc3e6b39799e66b1c6d9cd7924cc4743dee8d8104
15,detail,work,204,https://toho-vote.info/result15/title/204.php,投票結果：夢違科学世紀 - 第15回 東方Project 人気投票,"[{""kind"":""title"",""text"":""投票結果：夢違科学世紀 - 第15回 東方Project 人気投票"",""numbers"":[]},{""kind"":""item_heading"",""text"":""夢違科学世紀（38位）"",""numbers"":[{""raw"":""38位"",""value"":38,""unit"":""位"",""kind"":""number""}]},{""kind"":""item_statistics"",""text"":""ポイント：375点 ｜ 得票数：349票 ｜ 一押し数：26票 ｜ コメント数：33件 リストへ戻る"",""numbers"":[{""raw"":""375点"",""value"":375,""unit"":""点"",""kind"":""number""},{""raw"":""349票"",""value"":349,""unit"":""票"",""kind"":""number""},{""raw"":""26票"",""value"":26,""unit"":""票"",""kind"":""number""},{""raw"":""33件"",""value"":33,""unit"":""件"",""kind"":""number""}]}]",19426,4519c2823078ae27ef48fa947a8e23f001b9ac3d3dd1b605bedf3b256bcd274e
15,detail,work,205,https://toho-vote.info/result15/title/205.php,投票結果：卯酉東海道 - 第15回 東方Project 人気投票,"[{""kind"":""title"",""text"":""投票結果：卯酉東海道 - 第15回 東方Project 人気投票"",""numbers"":[]},{""kind"":""item_heading"",""text"":""卯酉東海道（32位）"",""numbers"":[{""raw"":""32位"",""value"":32,""unit"":""位"",""kind"":""number""}]},{""kind"":""item_statistics"",""text"":""ポイント：521点 ｜ 得票数：475票 ｜ 一押し数：46票 ｜ コメント数：52件 リストへ戻る"",""numbers"":[{""raw"":""521点"",""value"":521,""unit"":""点"",""kind"":""number""},{""raw"":""475票"",""value"":475,""unit"":""票"",""kind"":""number""},{""raw"":""46票"",""value"":46,""unit"":""票"",""kind"":""number""},{""raw"":""52件"",""value"":52,""unit"":""件"",""kind"":""number""}]}]",21375,670f9c581d0164a91488c91ad5110c724139d2e623ec1d56bb19c23e454acec3
15,detail,work,206,https://toho-vote.info/result15/title/206.php,投票結果：大空魔術 - 第15回 東方Project 人気投票,"[{""kind"":""title"",""text"":""投票結果：大空魔術 - 第15回 東方Project 人気投票"",""numbers"":[]},{""kind"":""item_heading"",""text"":""大空魔術（19位）"",""numbers"":[{""raw"":""19位"",""value"":19,""unit"":""位"",""kind"":""number""}]},{""kind"":""item_statistics"",""text"":""ポイント：1013点 ｜ 得票数：894票 ｜ 一押し数：119票 ｜ コメント数：95件 リストへ戻る"",""numbers"":[{""raw"":""1013点"",""value"":1013,""unit"":""点"",""kind"":""number""},{""raw"":""894票"",""value"":894,""unit"":""票"",""kind"":""number""},{""raw"":""119票"",""value"":119,""unit"":""票"",""kind"":""number""},{""raw"":""95件"",""value"":95,""unit"":""件"",""kind"":""number""}]}]",23654,9551dc8fa4c9dad59e93ca49d2cfb6daa6d5da8e42c2c17f297153b9e2faba2f
15,detail,work,207,https://toho-vote.info/result15/title/207.php,投票結果：未知の花 魅知の旅 - 第15回 東方Project 人気投票,"[{""kind"":""title"",""text"":""投票結果：未知の花 魅知の旅 - 第15回 東方Project 人気投票"",""numbers"":[]},{""kind"":""item_heading"",""text"":""未知の花 魅知の旅（42位）"",""numbers"":[{""raw"":""42位"",""value"":42,""unit"":""位"",""kind"":""number""}]},{""kind"":""item_statistics"",""text"":""ポイント：235点 ｜ 得票数：216票 ｜ 一押し数：19票 ｜ コメント数：40件 リストへ戻る"",""numbers"":[{""raw"":""235点"",""value"":235,""unit"":""点"",""kind"":""number""},{""raw"":""216票"",""value"":216,""unit"":""票"",""kind"":""number""},{""raw"":""19票"",""value"":19,""unit"":""票"",""kind"":""number""},{""raw"":""40件"",""value"":40,""unit"":""件"",""kind"":""number""}]}]",19979,67f87863d8160b98ca713c46c3a42121f6afc55682b46d5007daeab296c556be
15,detail,work,208,https://toho-vote.info/result15/title/208.php,投票結果：鳥船遺跡 - 第15回 東方Project 人気投票,"[{""kind"":""title"",""text"":""投票結果：鳥船遺跡 - 第15回 東方Project 人気投票"",""numbers"":[]},{""kind"":""item_heading"",""text"":""鳥船遺跡（45位）"",""numbers"":[{""raw"":""45位"",""value"":45,""unit"":""位"",""kind"":""number""}]},{""kind"":""item_statistics"",""text"":""ポイント：205点 ｜ 得票数：196票 ｜ 一押し数：9票 ｜ コメント数：19件 リストへ戻る"",""numbers"":[{""raw"":""205点"",""value"":205,""unit"":""点"",""kind"":""number""},{""raw"":""196票"",""value"":196,""unit"":""票"",""kind"":""number""},{""raw"":""9票"",""value"":9,""unit"":""票"",""kind"":""number""},{""raw"":""19件"",""value"":19,""unit"":""件"",""kind"":""number""}]}]",18524,5762974b5d8b069d24e0a09f37ddac6821c1bb62849e5e885ce806670af97c2b
15,detail,work,209,https://toho-vote.info/result15/title/209.php,投票結果：伊弉諾物質 - 第15回 東方Project 人気投票,"[{""kind"":""title"",""text"":""投票結果：伊弉諾物質 - 第15回 東方Project 人気投票"",""numbers"":[]},{""kind"":""item_heading"",""text"":""伊弉諾物質（41位）"",""numbers"":[{""raw"":""41位"",""value"":41,""unit"":""位"",""kind"":""number""}]},{""kind"":""item_statistics"",""text"":""ポイント：281点 ｜ 得票数：259票 ｜ 一押し数：22票 ｜ コメント数：34件 リストへ戻る"",""numbers"":[{""raw"":""281点"",""value"":281,""unit"":""点"",""kind"":""number""},{""raw"":""259票"",""value"":259,""unit"":""票"",""kind"":""number""},{""raw"":""22票"",""value"":22,""unit"":""票"",""kind"":""number""},{""raw"":""34件"",""value"":34,""unit"":""件"",""kind"":""number""}]}]",19761,a2375667a27d131ba01826de092c844da75e4572a7bfb40e07638027a7a8394e
15,detail,work,210,https://toho-vote.info/result15/title/210.php,投票結果：燕石博物誌 - 第15回 東方Project 人気投票,"[{""kind"":""title"",""text"":""投票結果：燕石博物誌 - 第15回 東方Project 人気投票"",""numbers"":[]},{""kind"":""item_heading"",""text"":""燕石博物誌（37位）"",""numbers"":[{""raw"":""37位"",""value"":37,""unit"":""位"",""kind"":""number""}]},{""kind"":""item_statistics"",""text"":""ポイント：402点 ｜ 得票数：375票 ｜ 一押し数：27票 ｜ コメント数：43件 リストへ戻る"",""numbers"":[{""raw"":""402点"",""value"":402,""unit"":""点"",""kind"":""number""},{""raw"":""375票"",""value"":375,""unit"":""票"",""kind"":""number""},{""raw"":""27票"",""value"":27,""unit"":""票"",""kind"":""number""},{""raw"":""43件"",""value"":43,""unit"":""件"",""kind"":""number""}]}]",21367,f42a5298807d7c2f6024960674170220e1112313942963549fb5839fc62eb901
15,detail,work,211,https://toho-vote.info/result15/title/211.php,投票結果：旧約酒場 - 第15回 東方Project 人気投票,"[{""kind"":""title"",""text"":""投票結果：旧約酒場 - 第15回 東方Project 人気投票"",""numbers"":[]},{""kind"":""item_heading"",""text"":""旧約酒場（43位）"",""numbers"":[{""raw"":""43位"",""value"":43,""unit"":""位"",""kind"":""number""}]},{""kind"":""item_statistics"",""text"":""ポイント：229点 ｜ 得票数：219票 ｜ 一押し数：10票 ｜ コメント数：17件 リストへ戻る"",""numbers"":[{""raw"":""229点"",""value"":229,""unit"":""点"",""kind"":""number""},{""raw"":""219票"",""value"":219,""unit"":""票"",""kind"":""number""},{""raw"":""10票"",""value"":10,""unit"":""票"",""kind"":""number""},{""raw"":""17件"",""value"":17,""unit"":""件"",""kind"":""number""}]}]",18366,ec4c5fe0ed84c9aec030233ae6770fee94b5f24b155b15f56a20c2e2d57e15a8
15,detail,work,301,https://toho-vote.info/result15/title/301.php,投票結果：東方香霖堂 - 第15回 東方Project 人気投票,"[{""kind"":""title"",""text"":""投票結果：東方香霖堂 - 第15回 東方Project 人気投票"",""numbers"":[]},{""kind"":""item_heading"",""text"":""東方香霖堂（24位）"",""numbers"":[{""raw"":""24位"",""value"":24,""unit"":""位"",""kind"":""number""}]},{""kind"":""item_statistics"",""text"":""ポイント：761点 ｜ 得票数：670票 ｜ 一押し数：91票 ｜ コメント数：77件 リストへ戻る"",""numbers"":[{""raw"":""761点"",""value"":761,""unit"":""点"",""kind"":""number""},{""raw"":""670票"",""value"":670,""unit"":""票"",""kind"":""number""},{""raw"":""91票"",""value"":91,""unit"":""票"",""kind"":""number""},{""raw"":""77件"",""value"":77,""unit"":""件"",""kind"":""number""}]}]",23787,ba45bf6b15784a9685865a5d0006dffaf6727a6e706ec7267431ae79a9ac8f73
15,detail,work,302,https://toho-vote.info/result15/title/302.php,投票結果：東方三月精 - 第15回 東方Project 人気投票,"[{""kind"":""title"",""text"":""投票結果：東方三月精 - 第15回 東方Project 人気投票"",""numbers"":[]},{""kind"":""item_heading"",""text"":""東方三月精（16位）"",""numbers"":[{""raw"":""16位"",""value"":16,""unit"":""位"",""kind"":""number""}]},{""kind"":""item_statistics"",""text"":""ポイント：1231点 ｜ 得票数：1099票 ｜ 一押し数：132票 ｜ コメント数：131件 リストへ戻る"",""numbers"":[{""raw"":""1231点"",""value"":1231,""unit"":""点"",""kind"":""number""},{""raw"":""1099票"",""value"":1099,""unit"":""票"",""kind"":""number""},{""raw"":""132票"",""value"":132,""unit"":""票"",""kind"":""number""},{""raw"":""131件"",""value"":131,""unit"":""件"",""kind"":""number""}]}]",27662,31d9bf050700f28b158a9312e11e1132843a1c801027f70d81a8a2f1d4d04b2e
15,detail,work,303,https://toho-vote.info/result15/title/303.php,投票結果：東方文花帖（書籍） - 第15回 東方Project 人気投票,"[{""kind"":""title"",""text"":""投票結果：東方文花帖（書籍） - 第15回 東方Project 人気投票"",""numbers"":[]},{""kind"":""item_heading"",""text"":""東方文花帖（書籍）（46位）"",""numbers"":[{""raw"":""46位"",""value"":46,""unit"":""位"",""kind"":""number""}]},{""kind"":""item_statistics"",""text"":""ポイント：201点 ｜ 得票数：191票 ｜ 一押し数：10票 ｜ コメント数：13件 リストへ戻る"",""numbers"":[{""raw"":""201点"",""value"":201,""unit"":""点"",""kind"":""number""},{""raw"":""191票"",""value"":191,""unit"":""票"",""kind"":""number""},{""raw"":""10票"",""value"":10,""unit"":""票"",""kind"":""number""},{""raw"":""13件"",""value"":13,""unit"":""件"",""kind"":""number""}]}]",17384,099a017111ae7b066d40e7f16d7f8a3cb3116b045398202898006767eb231811
15,detail,work,304,https://toho-vote.info/result15/title/304.php,投票結果：東方求聞史紀 / 東方求聞口授 - 第15回 東方Project 人気投票,"[{""kind"":""title"",""text"":""投票結果：東方求聞史紀 / 東方求聞口授 - 第15回 東方Project 人気投票"",""numbers"":[]},{""kind"":""item_heading"",""text"":""東方求聞史紀 / 東方求聞口授（23位）"",""numbers"":[{""raw"":""23位"",""value"":23,""unit"":""位"",""kind"":""number""}]},{""kind"":""item_statistics"",""text"":""ポイント：797点 ｜ 得票数：731票 ｜ 一押し数：66票 ｜ コメント数：59件 リストへ戻る"",""numbers"":[{""raw"":""797点"",""value"":797,""unit"":""点"",""kind"":""number""},{""raw"":""731票"",""value"":731,""unit"":""票"",""kind"":""number""},{""raw"":""66票"",""value"":66,""unit"":""票"",""kind"":""number""},{""raw"":""59件"",""value"":59,""unit"":""件"",""kind"":""number""}]}]",22354,725a00f46e1ef314fe431dee8a45463688f97eda13552a8ea82ae0f904a953c9
15,detail,work,305,https://toho-vote.info/result15/title/305.php,投票結果：東方儚月抄 - 第15回 東方Project 人気投票,"[{""kind"":""title"",""text"":""投票結果：東方儚月抄 - 第15回 東方Project 人気投票"",""numbers"":[]},{""kind"":""item_heading"",""text"":""東方儚月抄（21位）"",""numbers"":[{""raw"":""21位"",""value"":21,""unit"":""位"",""kind"":""number""}]},{""kind"":""item_statistics"",""text"":""ポイント：989点 ｜ 得票数：894票 ｜ 一押し数：95票 ｜ コメント数：77件 リストへ戻る"",""numbers"":[{""raw"":""989点"",""value"":989,""unit"":""点"",""kind"":""number""},{""raw"":""894票"",""value"":894,""unit"":""票"",""kind"":""number""},{""raw"":""95票"",""value"":95,""unit"":""票"",""kind"":""number""},{""raw"":""77件"",""value"":77,""unit"":""件"",""kind"":""number""}]}]",24720,d53b4ff3c2566d8ee662f778437cb0a40e2a75dde2069db0b413055ae9dc69b1
15,detail,work,306,https://toho-vote.info/result15/title/306.php,投票結果：The Grimoire of Marisa - 第15回 東方Project 人気投票,"[{""kind"":""title"",""text"":""投票結果：The Grimoire of Marisa - 第15回 東方Project 人気投票"",""numbers"":[]},{""kind"":""item_heading"",""text"":""The Grimoire of Marisa（40位）"",""numbers"":[{""raw"":""40位"",""value"":40,""unit"":""位"",""kind"":""number""}]},{""kind"":""item_statistics"",""text"":""ポイント：317点 ｜ 得票数：282票 ｜ 一押し数：35票 ｜ コメント数：38件 リストへ戻る"",""numbers"":[{""raw"":""317点"",""value"":317,""unit"":""点"",""kind"":""number""},{""raw"":""282票"",""value"":282,""unit"":""票"",""kind"":""number""},{""raw"":""35票"",""value"":35,""unit"":""票"",""kind"":""number""},{""raw"":""38件"",""value"":38,""unit"":""件"",""kind"":""number""}]}]",19839,ff8b7537c1583bb127c667b911274401382c912299f56114208c88196ce6829e
15,detail,work,307,https://toho-vote.info/result15/title/307.php,投票結果：東方茨歌仙 - 第15回 東方Project 人気投票,"[{""kind"":""title"",""text"":""投票結果：東方茨歌仙 - 第15回 東方Project 人気投票"",""numbers"":[]},{""kind"":""item_heading"",""text"":""東方茨歌仙（12位）"",""numbers"":[{""raw"":""12位"",""value"":12,""unit"":""位"",""kind"":""number""}]},{""kind"":""item_statistics"",""text"":""ポイント：2060点 ｜ 得票数：1881票 ｜ 一押し数：179票 ｜ コメント数：163件 リストへ戻る"",""numbers"":[{""raw"":""2060点"",""value"":2060,""unit"":""点"",""kind"":""number""},{""raw"":""1881票"",""value"":1881,""unit"":""票"",""kind"":""number""},{""raw"":""179票"",""value"":179,""unit"":""票"",""kind"":""number""},{""raw"":""163件"",""value"":163,""unit"":""件"",""kind"":""number""}]}]",31152,3eb07410e75b7d00a6ef2d56aeeb7f8f3769ad7a06efa300f3093d0b5bff11a1
15,detail,work,308,https://toho-vote.info/result15/title/308.php,投票結果：東方鈴奈庵 - 第15回 東方Project 人気投票,"[{""kind"":""title"",""text"":""投票結果：東方鈴奈庵 - 第15回 東方Project 人気投票"",""numbers"":[]},{""kind"":""item_heading"",""text"":""東方鈴奈庵（7位）"",""numbers"":[{""raw"":""7位"",""value"":7,""unit"":""位"",""kind"":""number""}]},{""kind"":""item_statistics"",""text"":""ポイント：3048点 ｜ 得票数：2729票 ｜ 一押し数：319票 ｜ コメント数：276件 リストへ戻る"",""numbers"":[{""raw"":""3048点"",""value"":3048,""unit"":""点"",""kind"":""number""},{""raw"":""2729票"",""value"":2729,""unit"":""票"",""kind"":""number""},{""raw"":""319票"",""value"":319,""unit"":""票"",""kind"":""number""},{""raw"":""276件"",""value"":276,""unit"":""件"",""kind"":""number""}]}]",43273,feb149def860e9d2cad8a8acc2b6e07334edbaa0d9cff75fda0482b30820a9d9
15,detail,work,309,https://toho-vote.info/result15/title/309.php,投票結果：東方文果真報 - 第15回 東方Project 人気投票,"[{""kind"":""title"",""text"":""投票結果：東方文果真報 - 第15回 東方Project 人気投票"",""numbers"":[]},{""kind"":""item_heading"",""text"":""東方文果真報（39位）"",""numbers"":[{""raw"":""39位"",""value"":39,""unit"":""位"",""kind"":""number""}]},{""kind"":""item_statistics"",""text"":""ポイント：331点 ｜ 得票数：312票 ｜ 一押し数：19票 ｜ コメント数：37件 リストへ戻る"",""numbers"":[{""raw"":""331点"",""value"":331,""unit"":""点"",""kind"":""number""},{""raw"":""312票"",""value"":312,""unit"":""票"",""kind"":""number""},{""raw"":""19票"",""value"":19,""unit"":""票"",""kind"":""number""},{""raw"":""37件"",""value"":37,""unit"":""件"",""kind"":""number""}]}]",20493,8c146769283738da5d57a8c19b31785ec44c26546a09c88bc455154bed7c6519
