round_label,scope,node_type,canonical_name,name_cn,name_jp,community_id,community_rank,community_size,connected_component_id,connected_component_size,weighted_degree,unweighted_degree,pagerank,betweenness,k_core,bridge_score,algorithm,weight_metric,threshold,min_intersection_count,resolution,random_seed,software_version,official_faction_source,official_faction_note
JP10,cross_department,character,上白泽慧音,上白泽慧音,上白沢 慧音,C-90298c818c340393,1,1,CC-90298c818c340393,1,0.0,0,0.001697792869269949,0.0,0,0.0,louvain,intersection_count,100.0,0.0,1.0,20260801,1.0.0,not_used,community labels are structural network results; they are not official factions and do not replace original-setting faction metadata
JP10,cross_department,character,东风谷早苗,东风谷早苗,東風谷 早苗,C-bd38a1a81b5920c2,2,1,CC-bd38a1a81b5920c2,1,0.0,0,0.001697792869269949,0.0,0,0.0,louvain,intersection_count,100.0,0.0,1.0,20260801,1.0.0,not_used,community labels are structural network results; they are not official factions and do not replace original-setting faction metadata
JP10,cross_department,character,丰聪耳神子,丰聪耳神子,豊聡耳 神子,C-9207c580308e9f66,3,1,CC-9207c580308e9f66,1,0.0,0,0.001697792869269949,0.0,0,0.0,louvain,intersection_count,100.0,0.0,1.0,20260801,1.0.0,not_used,community labels are structural network results; they are not official factions and do not replace original-setting faction metadata
JP10,cross_department,character,乌鸦（地狱鸦、紫和文的使魔等）,乌鸦（地狱鸦、紫和文的使魔等）,カラス（地獄鴉、紫・文の使い魔他）,C-bf9901b00edf4c5f,4,1,CC-bf9901b00edf4c5f,1,0.0,0,0.001697792869269949,0.0,0,0.0,louvain,intersection_count,100.0,0.0,1.0,20260801,1.0.0,not_used,community labels are structural network results; they are not official factions and do not replace original-setting faction metadata
JP10,cross_department,character,九十九八桥,九十九八桥,九十九 八橋,C-6cc56b79395545ac,5,1,CC-6cc56b79395545ac,1,0.0,0,0.001697792869269949,0.0,0,0.0,louvain,intersection_count,100.0,0.0,1.0,20260801,1.0.0,not_used,community labels are structural network results; they are not official factions and do not replace original-setting faction metadata
JP10,cross_department,character,九十九弁弁,九十九弁弁,九十九 弁々,C-0b7b89e4cdbbd8ce,6,1,CC-0b7b89e4cdbbd8ce,1,0.0,0,0.001697792869269949,0.0,0,0.0,louvain,intersection_count,100.0,0.0,1.0,20260801,1.0.0,not_used,community labels are structural network results; they are not official factions and do not replace original-setting faction metadata
JP10,cross_department,character,二岩猯藏,二岩猯藏,二ッ岩 マミゾウ,C-28de7a95df093e3b,7,1,CC-28de7a95df093e3b,1,0.0,0,0.001697792869269949,0.0,0,0.0,louvain,intersection_count,100.0,0.0,1.0,20260801,1.0.0,not_used,community labels are structural network results; they are not official factions and do not replace original-setting faction metadata
JP10,cross_department,character,云居一轮,云居一轮,雲居 一輪,C-00c03310da560925,8,1,CC-00c03310da560925,1,0.0,0,0.001697792869269949,0.0,0,0.0,louvain,intersection_count,100.0,0.0,1.0,20260801,1.0.0,not_used,community labels are structural network results; they are not official factions and do not replace original-setting faction metadata
JP10,cross_department,character,云山,云山,雲山,C-1c8789f466b53c21,9,1,CC-1c8789f466b53c21,1,0.0,0,0.001697792869269949,0.0,0,0.0,louvain,intersection_count,100.0,0.0,1.0,20260801,1.0.0,not_used,community labels are structural network results; they are not official factions and do not replace original-setting faction metadata
JP10,cross_department,character,今泉影狼,今泉影狼,今泉 影狼,C-a0467d23d39b7b7a,10,1,CC-a0467d23d39b7b7a,1,0.0,0,0.001697792869269949,0.0,0,0.0,louvain,intersection_count,100.0,0.0,1.0,20260801,1.0.0,not_used,community labels are structural network results; they are not official factions and do not replace original-setting faction metadata
JP10,cross_department,character,仙台四郎（福神）,仙台四郎（福神）,仙台四郎（福の神）,C-93a96a5a9ccf8788,11,1,CC-93a96a5a9ccf8788,1,0.0,0,0.001697792869269949,0.0,0,0.0,louvain,intersection_count,100.0,0.0,1.0,20260801,1.0.0,not_used,community labels are structural network results; they are not official factions and do not replace original-setting faction metadata
JP10,cross_department,character,伊吹萃香,伊吹萃香,伊吹 萃香,C-63107f2919caf523,12,1,CC-63107f2919caf523,1,0.0,0,0.001697792869269949,0.0,0,0.0,louvain,intersection_count,100.0,0.0,1.0,20260801,1.0.0,not_used,community labels are structural network results; they are not official factions and do not replace original-setting faction metadata
JP10,cross_department,character,依莉斯,依莉斯,エリス,C-60577a77036a4271,13,1,CC-60577a77036a4271,1,0.0,0,0.001697792869269949,0.0,0,0.0,louvain,intersection_count,100.0,0.0,1.0,20260801,1.0.0,not_used,community labels are structural network results; they are not official factions and do not replace original-setting faction metadata
JP10,cross_department,character,八云紫,八云紫,八雲 紫,C-90781ee87fe33684,14,1,CC-90781ee87fe33684,1,0.0,0,0.001697792869269949,0.0,0,0.0,louvain,intersection_count,100.0,0.0,1.0,20260801,1.0.0,not_used,community labels are structural network results; they are not official factions and do not replace original-setting faction metadata
JP10,cross_department,character,八云蓝,八云蓝,八雲 藍,C-965b578deeeacbae,15,1,CC-965b578deeeacbae,1,0.0,0,0.001697792869269949,0.0,0,0.0,louvain,intersection_count,100.0,0.0,1.0,20260801,1.0.0,not_used,community labels are structural network results; they are not official factions and do not replace original-setting faction metadata
JP10,cross_department,character,八坂神奈子,八坂神奈子,八坂 神奈子,C-2ca61d398ba87272,16,1,CC-2ca61d398ba87272,1,0.0,0,0.001697792869269949,0.0,0,0.0,louvain,intersection_count,100.0,0.0,1.0,20260801,1.0.0,not_used,community labels are structural network results; they are not official factions and do not replace original-setting faction metadata
JP10,cross_department,character,八意永琳,八意永琳,八意 永琳,C-958b5f763ed25dc7,17,1,CC-958b5f763ed25dc7,1,0.0,0,0.001697792869269949,0.0,0,0.0,louvain,intersection_count,100.0,0.0,1.0,20260801,1.0.0,not_used,community labels are structural network results; they are not official factions and do not replace original-setting faction metadata
JP10,cross_department,character,冈崎梦美,冈崎梦美,岡崎 夢美,C-78a06e315158b89d,18,1,CC-78a06e315158b89d,1,0.0,0,0.001697792869269949,0.0,0,0.0,louvain,intersection_count,100.0,0.0,1.0,20260801,1.0.0,not_used,community labels are structural network results; they are not official factions and do not replace original-setting faction metadata
JP10,cross_department,character,北白河千百合,北白河千百合,北白河 ちゆり,C-50a919ce9eef54b8,19,1,CC-50a919ce9eef54b8,1,0.0,0,0.001697792869269949,0.0,0,0.0,louvain,intersection_count,100.0,0.0,1.0,20260801,1.0.0,not_used,community labels are structural network results; they are not official factions and do not replace original-setting faction metadata
JP10,cross_department,character,十六夜咲夜,十六夜咲夜,十六夜 咲夜,C-6f30b5cb7be94207,20,1,CC-6f30b5cb7be94207,1,0.0,0,0.001697792869269949,0.0,0,0.0,louvain,intersection_count,100.0,0.0,1.0,20260801,1.0.0,not_used,community labels are structural network results; they are not official factions and do not replace original-setting faction metadata
JP10,cross_department,character,卓柏卡布拉,卓柏卡布拉,チュパカブラ,C-e4b737180ce54164,21,1,CC-e4b737180ce54164,1,0.0,0,0.001697792869269949,0.0,0,0.0,louvain,intersection_count,100.0,0.0,1.0,20260801,1.0.0,not_used,community labels are structural network results; they are not official factions and do not replace original-setting faction metadata
JP10,cross_department,character,博丽灵梦,博丽灵梦,博麗 霊夢,C-5429f841affdc5c2,22,1,CC-5429f841affdc5c2,1,0.0,0,0.001697792869269949,0.0,0,0.0,louvain,intersection_count,100.0,0.0,1.0,20260801,1.0.0,not_used,community labels are structural network results; they are not official factions and do not replace original-setting faction metadata
JP10,cross_department,character,卡娜安娜贝拉尔,卡娜·安娜贝拉尔,カナ・アナベラル,C-4b2a4e9216657470,23,1,CC-4b2a4e9216657470,1,0.0,0,0.001697792869269949,0.0,0,0.0,louvain,intersection_count,100.0,0.0,1.0,20260801,1.0.0,not_used,community labels are structural network results; they are not official factions and do not replace original-setting faction metadata
JP10,cross_department,character,古明地恋,古明地恋,古明地 こいし,C-04a92bdcc1374710,24,1,CC-04a92bdcc1374710,1,0.0,0,0.001697792869269949,0.0,0,0.0,louvain,intersection_count,100.0,0.0,1.0,20260801,1.0.0,not_used,community labels are structural network results; they are not official factions and do not replace original-setting faction metadata
JP10,cross_department,character,古明地觉,古明地觉,古明地 さとり,C-764cfe69479a60c5,25,1,CC-764cfe69479a60c5,1,0.0,0,0.001697792869269949,0.0,0,0.0,louvain,intersection_count,100.0,0.0,1.0,20260801,1.0.0,not_used,community labels are structural network results; they are not official factions and do not replace original-setting faction metadata
JP10,cross_department,character,命莲,命莲,命蓮,C-6636b3306762b6df,26,1,CC-6636b3306762b6df,1,0.0,0,0.001697792869269949,0.0,0,0.0,louvain,intersection_count,100.0,0.0,1.0,20260801,1.0.0,not_used,community labels are structural network results; they are not official factions and do not replace original-setting faction metadata
JP10,cross_department,character,咪咪号,咪咪号,ミミちゃん,C-e69be21645e91aa0,27,1,CC-e69be21645e91aa0,1,0.0,0,0.001697792869269949,0.0,0,0.0,louvain,intersection_count,100.0,0.0,1.0,20260801,1.0.0,not_used,community labels are structural network results; they are not official factions and do not replace original-setting faction metadata
JP10,cross_department,character,四季映姬夜摩仙那度,四季映姬·夜摩仙那度,四季映姫・ヤマザナドゥ,C-9b447d791696f22f,28,1,CC-9b447d791696f22f,1,0.0,0,0.001697792869269949,0.0,0,0.0,louvain,intersection_count,100.0,0.0,1.0,20260801,1.0.0,not_used,community labels are structural network results; they are not official factions and do not replace original-setting faction metadata
JP10,cross_department,character,因幡天为（因幡帝）,因幡天为（因幡帝）,因幡 てゐ,C-53832f269ab2df82,29,1,CC-53832f269ab2df82,1,0.0,0,0.001697792869269949,0.0,0,0.0,louvain,intersection_count,100.0,0.0,1.0,20260801,1.0.0,not_used,community labels are structural network results; they are not official factions and do not replace original-setting faction metadata
JP10,cross_department,character,圣白莲,圣白莲,聖 白蓮,C-9631cf5e4c415f41,30,1,CC-9631cf5e4c415f41,1,0.0,0,0.001697792869269949,0.0,0,0.0,louvain,intersection_count,100.0,0.0,1.0,20260801,1.0.0,not_used,community labels are structural network results; they are not official factions and do not replace original-setting faction metadata
JP10,cross_department,character,地精,地精,ホフゴブリン,C-33e0a024c94e043d,31,1,CC-33e0a024c94e043d,1,0.0,0,0.001697792869269949,0.0,0,0.0,louvain,intersection_count,100.0,0.0,1.0,20260801,1.0.0,not_used,community labels are structural network results; they are not official factions and do not replace original-setting faction metadata
JP10,cross_department,character,堀川雷鼓,堀川雷鼓,堀川 雷鼓,C-484908849bb177c9,32,1,CC-484908849bb177c9,1,0.0,0,0.001697792869269949,0.0,0,0.0,louvain,intersection_count,100.0,0.0,1.0,20260801,1.0.0,not_used,community labels are structural network results; they are not official factions and do not replace original-setting faction metadata
JP10,cross_department,character,多多良小伞,多多良小伞,多々良 小傘,C-6420ed6cd1af4e7b,33,1,CC-6420ed6cd1af4e7b,1,0.0,0,0.001697792869269949,0.0,0,0.0,louvain,intersection_count,100.0,0.0,1.0,20260801,1.0.0,not_used,community labels are structural network results; they are not official factions and do not replace original-setting faction metadata
JP10,cross_department,character,大妖精,大妖精,大妖精,C-2bc6fa26ed192724,34,1,CC-2bc6fa26ed192724,1,0.0,0,0.001697792869269949,0.0,0,0.0,louvain,intersection_count,100.0,0.0,1.0,20260801,1.0.0,not_used,community labels are structural network results; they are not official factions and do not replace original-setting faction metadata
JP10,cross_department,character,大蛤蟆,大蛤蟆,大ガマ,C-88a49ef32d29d61b,35,1,CC-88a49ef32d29d61b,1,0.0,0,0.001697792869269949,0.0,0,0.0,louvain,intersection_count,100.0,0.0,1.0,20260801,1.0.0,not_used,community labels are structural network results; they are not official factions and do not replace original-setting faction metadata
JP10,cross_department,character,大鲶鱼,大鲶鱼,大ナマズ,C-3a6c54a6dd142fb0,36,1,CC-3a6c54a6dd142fb0,1,0.0,0,0.001697792869269949,0.0,0,0.0,louvain,intersection_count,100.0,0.0,1.0,20260801,1.0.0,not_used,community labels are structural network results; they are not official factions and do not replace original-setting faction metadata
JP10,cross_department,character,大鹫（久米、竿打）,大鹫（久米、竿打）,大鷲（久米、竿打）,C-9006bda67efde81e,37,1,CC-9006bda67efde81e,1,0.0,0,0.001697792869269949,0.0,0,0.0,louvain,intersection_count,100.0,0.0,1.0,20260801,1.0.0,not_used,community labels are structural network results; they are not official factions and do not replace original-setting faction metadata
JP10,cross_department,character,天狗（大天狗等）,天狗（大天狗等）,天狗（大天狗他）,C-f3b717b91110a5ca,38,1,CC-f3b717b91110a5ca,1,0.0,0,0.001697792869269949,0.0,0,0.0,louvain,intersection_count,100.0,0.0,1.0,20260801,1.0.0,not_used,community labels are structural network results; they are not official factions and do not replace original-setting faction metadata
JP10,cross_department,character,奥莲姬,奥莲姬,オレンジ,C-f3ae632cabb15c4c,39,1,CC-f3ae632cabb15c4c,1,0.0,0,0.001697792869269949,0.0,0,0.0,louvain,intersection_count,100.0,0.0,1.0,20260801,1.0.0,not_used,community labels are structural network results; they are not official factions and do not replace original-setting faction metadata
JP10,cross_department,character,妖怪狐,妖怪狐,妖怪狐,C-db05f36c32256ddf,40,1,CC-db05f36c32256ddf,1,0.0,0,0.001697792869269949,0.0,0,0.0,louvain,intersection_count,100.0,0.0,1.0,20260801,1.0.0,not_used,community labels are structural network results; they are not official factions and do not replace original-setting faction metadata
JP10,cross_department,character,妖怪狸,妖怪狸,化け狸,C-864348e98bb84a8f,41,1,CC-864348e98bb84a8f,1,0.0,0,0.001697792869269949,0.0,0,0.0,louvain,intersection_count,100.0,0.0,1.0,20260801,1.0.0,not_used,community labels are structural network results; they are not official factions and do not replace original-setting faction metadata
JP10,cross_department,character,妖精（女仆妖精、向日葵妖精等）,妖精（女仆妖精、向日葵妖精等）,妖精（メイド妖精・ひまわり妖精他）,C-323f41e46188c991,42,1,CC-323f41e46188c991,1,0.0,0,0.001697792869269949,0.0,0,0.0,louvain,intersection_count,100.0,0.0,1.0,20260801,1.0.0,not_used,community labels are structural network results; they are not official factions and do not replace original-setting faction metadata
JP10,cross_department,character,姬海棠果,姬海棠果,姫海棠 はたて,C-9a5f2bcb51a1c19a,43,1,CC-9a5f2bcb51a1c19a,1,0.0,0,0.001697792869269949,0.0,0,0.0,louvain,intersection_count,100.0,0.0,1.0,20260801,1.0.0,not_used,community labels are structural network results; they are not official factions and do not replace original-setting faction metadata
JP10,cross_department,character,娜兹玲,娜兹玲,ナズーリン,C-14d037adfb7267ad,44,1,CC-14d037adfb7267ad,1,0.0,0,0.001697792869269949,0.0,0,0.0,louvain,intersection_count,100.0,0.0,1.0,20260801,1.0.0,not_used,community labels are structural network results; they are not official factions and do not replace original-setting faction metadata
JP10,cross_department,character,子龙,子龙,子龍,C-ee59d411859cb676,45,1,CC-ee59d411859cb676,1,0.0,0,0.001697792869269949,0.0,0,0.0,louvain,intersection_count,100.0,0.0,1.0,20260801,1.0.0,not_used,community labels are structural network results; they are not official factions and do not replace original-setting faction metadata
JP10,cross_department,character,宇佐见莲子,宇佐见莲子,宇佐見 蓮子,C-a0d9562fc457bc1c,46,1,CC-a0d9562fc457bc1c,1,0.0,0,0.001697792869269949,0.0,0,0.0,louvain,intersection_count,100.0,0.0,1.0,20260801,1.0.0,not_used,community labels are structural network results; they are not official factions and do not replace original-setting faction metadata
JP10,cross_department,character,宫古芳香,宫古芳香,宮古 芳香,C-4fac108474e6e5a0,47,1,CC-4fac108474e6e5a0,1,0.0,0,0.001697792869269949,0.0,0,0.0,louvain,intersection_count,100.0,0.0,1.0,20260801,1.0.0,not_used,community labels are structural network results; they are not official factions and do not replace original-setting faction metadata
JP10,cross_department,character,寅丸星,寅丸星,寅丸 星,C-8269e6e0ce72fff8,48,1,CC-8269e6e0ce72fff8,1,0.0,0,0.001697792869269949,0.0,0,0.0,louvain,intersection_count,100.0,0.0,1.0,20260801,1.0.0,not_used,community labels are structural network results; they are not official factions and do not replace original-setting faction metadata
JP10,cross_department,character,封兽鵺,封兽鵺,封獣 ぬえ,C-64b044ed5368ed06,49,1,CC-64b044ed5368ed06,1,0.0,0,0.001697792869269949,0.0,0,0.0,louvain,intersection_count,100.0,0.0,1.0,20260801,1.0.0,not_used,community labels are structural network results; they are not official factions and do not replace original-setting faction metadata
JP10,cross_department,character,射命丸文,射命丸文,射命丸 文,C-1e5c99713015c727,50,1,CC-1e5c99713015c727,1,0.0,0,0.001697792869269949,0.0,0,0.0,louvain,intersection_count,100.0,0.0,1.0,20260801,1.0.0,not_used,community labels are structural network results; they are not official factions and do not replace original-setting faction metadata
JP10,cross_department,character,小兔姬,小兔姬,小兎姫,C-716a0d2dcdc32405,51,1,CC-716a0d2dcdc32405,1,0.0,0,0.001697792869269949,0.0,0,0.0,louvain,intersection_count,100.0,0.0,1.0,20260801,1.0.0,not_used,community labels are structural network results; they are not official factions and do not replace original-setting faction metadata
JP10,cross_department,character,小恶魔,小恶魔,小悪魔,C-053830f68f5ce89f,52,1,CC-053830f68f5ce89f,1,0.0,0,0.001697792869269949,0.0,0,0.0,louvain,intersection_count,100.0,0.0,1.0,20260801,1.0.0,not_used,community labels are structural network results; they are not official factions and do not replace original-setting faction metadata
JP10,cross_department,character,小野塚小町,小野塚小町,小野塚 小町,C-75596616f584b435,53,1,CC-75596616f584b435,1,0.0,0,0.001697792869269949,0.0,0,0.0,louvain,intersection_count,100.0,0.0,1.0,20260801,1.0.0,not_used,community labels are structural network results; they are not official factions and do not replace original-setting faction metadata
JP10,cross_department,character,少名针妙丸,少名针妙丸,少名 針妙丸,C-c467fab7b563b3a5,54,1,CC-c467fab7b563b3a5,1,0.0,0,0.001697792869269949,0.0,0,0.0,louvain,intersection_count,100.0,0.0,1.0,20260801,1.0.0,not_used,community labels are structural network results; they are not official factions and do not replace original-setting faction metadata
JP10,cross_department,character,岩笠,岩笠,岩笠,C-8d2ab6cdf7284cd6,55,1,CC-8d2ab6cdf7284cd6,1,0.0,0,0.001697792869269949,0.0,0,0.0,louvain,intersection_count,100.0,0.0,1.0,20260801,1.0.0,not_used,community labels are structural network results; they are not official factions and do not replace original-setting faction metadata
JP10,cross_department,character,帕秋莉诺蕾姬,帕秋莉·诺蕾姬,パチュリー・ノーレッジ,C-276d511edc590dd3,56,1,CC-276d511edc590dd3,1,0.0,0,0.001697792869269949,0.0,0,0.0,louvain,intersection_count,100.0,0.0,1.0,20260801,1.0.0,not_used,community labels are structural network results; they are not official factions and do not replace original-setting faction metadata
JP10,cross_department,character,幻月,幻月,幻月,C-9708800e1c60e4a7,57,1,CC-9708800e1c60e4a7,1,0.0,0,0.001697792869269949,0.0,0,0.0,louvain,intersection_count,100.0,0.0,1.0,20260801,1.0.0,not_used,community labels are structural network results; they are not official factions and do not replace original-setting faction metadata
JP10,cross_department,character,幽幻魔眼,幽幻魔眼,ユウゲンマガン,C-d2a7cb3f65cc1af1,58,1,CC-d2a7cb3f65cc1af1,1,0.0,0,0.001697792869269949,0.0,0,0.0,louvain,intersection_count,100.0,0.0,1.0,20260801,1.0.0,not_used,community labels are structural network results; they are not official factions and do not replace original-setting faction metadata
JP10,cross_department,character,幽灵（包括怨灵、旧作的一种杂鱼）,幽灵（包括怨灵、旧作的一种杂鱼）,幽霊（怨霊、化け化け含む）,C-3a338137db3eec4a,59,1,CC-3a338137db3eec4a,1,0.0,0,0.001697792869269949,0.0,0,0.0,louvain,intersection_count,100.0,0.0,1.0,20260801,1.0.0,not_used,community labels are structural network results; they are not official factions and do not replace original-setting faction metadata
JP10,cross_department,character,幽谷响子,幽谷响子,幽谷 響子,C-736a07612c6e19a1,60,1,CC-736a07612c6e19a1,1,0.0,0,0.001697792869269949,0.0,0,0.0,louvain,intersection_count,100.0,0.0,1.0,20260801,1.0.0,not_used,community labels are structural network results; they are not official factions and do not replace original-setting faction metadata
JP10,cross_department,character,座敷童子,座敷童子,座敷童,C-f37f568ceb1792d2,61,1,CC-f37f568ceb1792d2,1,0.0,0,0.001697792869269949,0.0,0,0.0,louvain,intersection_count,100.0,0.0,1.0,20260801,1.0.0,not_used,community labels are structural network results; they are not official factions and do not replace original-setting faction metadata
JP10,cross_department,character,斯塔萨菲雅,斯塔萨菲雅,スターサファイア,C-df0de5a2f7a6ef93,62,1,CC-df0de5a2f7a6ef93,1,0.0,0,0.001697792869269949,0.0,0,0.0,louvain,intersection_count,100.0,0.0,1.0,20260801,1.0.0,not_used,community labels are structural network results; they are not official factions and do not replace original-setting faction metadata
JP10,cross_department,character,无名的读书妖怪（朱鹭子）,无名的读书妖怪（朱鹭子）,名無しの本読み妖怪,C-942a2a8328929840,63,1,CC-942a2a8328929840,1,0.0,0,0.001697792869269949,0.0,0,0.0,louvain,intersection_count,100.0,0.0,1.0,20260801,1.0.0,not_used,community labels are structural network results; they are not official factions and do not replace original-setting faction metadata
JP10,cross_department,character,明罗,明罗,明羅,C-6e5d0ac193052619,64,1,CC-6e5d0ac193052619,1,0.0,0,0.001697792869269949,0.0,0,0.0,louvain,intersection_count,100.0,0.0,1.0,20260801,1.0.0,not_used,community labels are structural network results; they are not official factions and do not replace original-setting faction metadata
JP10,cross_department,character,星熊勇仪,星熊勇仪,星熊 勇儀,C-d94b8f403b5fb1eb,65,1,CC-d94b8f403b5fb1eb,1,0.0,0,0.001697792869269949,0.0,0,0.0,louvain,intersection_count,100.0,0.0,1.0,20260801,1.0.0,not_used,community labels are structural network results; they are not official factions and do not replace original-setting faction metadata
JP10,cross_department,character,月之兔（玉兔）,月之兔（玉兔）,月の兎（玉兎）,C-8e653d893af74031,66,1,CC-8e653d893af74031,1,0.0,0,0.001697792869269949,0.0,0,0.0,louvain,intersection_count,100.0,0.0,1.0,20260801,1.0.0,not_used,community labels are structural network results; they are not official factions and do not replace original-setting faction metadata
JP10,cross_department,character,月之都的门卫,月之都的门卫,月の都の門番,C-6ed21798d5acec35,67,1,CC-6ed21798d5acec35,1,0.0,0,0.001697792869269949,0.0,0,0.0,louvain,intersection_count,100.0,0.0,1.0,20260801,1.0.0,not_used,community labels are structural network results; they are not official factions and do not replace original-setting faction metadata
JP10,cross_department,character,朝仓理香子,朝仓理香子,朝倉 理香子,C-01b0998bbc33667c,68,1,CC-01b0998bbc33667c,1,0.0,0,0.001697792869269949,0.0,0,0.0,louvain,intersection_count,100.0,0.0,1.0,20260801,1.0.0,not_used,community labels are structural network results; they are not official factions and do not replace original-setting faction metadata
JP10,cross_department,character,木花咲耶姬,木花咲耶姬,木花咲耶姫,C-96709b8b4b24d39d,69,1,CC-96709b8b4b24d39d,1,0.0,0,0.001697792869269949,0.0,0,0.0,louvain,intersection_count,100.0,0.0,1.0,20260801,1.0.0,not_used,community labels are structural network results; they are not official factions and do not replace original-setting faction metadata
JP10,cross_department,character,本居小铃,本居小铃,本居 小鈴,C-c2aeb1c3a0c1503f,70,1,CC-c2aeb1c3a0c1503f,1,0.0,0,0.001697792869269949,0.0,0,0.0,louvain,intersection_count,100.0,0.0,1.0,20260801,1.0.0,not_used,community labels are structural network results; they are not official factions and do not replace original-setting faction metadata
JP10,cross_department,character,村纱水蜜,村纱水蜜,村紗 水蜜,C-b2366cf794a653f0,71,1,CC-b2366cf794a653f0,1,0.0,0,0.001697792869269949,0.0,0,0.0,louvain,intersection_count,100.0,0.0,1.0,20260801,1.0.0,not_used,community labels are structural network results; they are not official factions and do not replace original-setting faction metadata
JP10,cross_department,character,核热造神非想天则,核热造神非想天则,核熱造神ヒソウテンソク,C-cb267f27b51b70cb,72,1,CC-cb267f27b51b70cb,1,0.0,0,0.001697792869269949,0.0,0,0.0,louvain,intersection_count,100.0,0.0,1.0,20260801,1.0.0,not_used,community labels are structural network results; they are not official factions and do not replace original-setting faction metadata
JP10,cross_department,character,桑尼米尔克,桑尼米尔克,サニーミルク,C-5f68a7835e15372e,73,1,CC-5f68a7835e15372e,1,0.0,0,0.001697792869269949,0.0,0,0.0,louvain,intersection_count,100.0,0.0,1.0,20260801,1.0.0,not_used,community labels are structural network results; they are not official factions and do not replace original-setting faction metadata
JP10,cross_department,character,梅蒂欣梅兰可莉,梅蒂欣·梅兰可莉,メディスン・メランコリー,C-974fefef627bbf10,74,1,CC-974fefef627bbf10,1,0.0,0,0.001697792869269949,0.0,0,0.0,louvain,intersection_count,100.0,0.0,1.0,20260801,1.0.0,not_used,community labels are structural network results; they are not official factions and do not replace original-setting faction metadata
JP10,cross_department,character,梅露兰普莉兹姆利巴,梅露兰·普莉兹姆利巴,メルラン・プリズムリバー,C-84867a76aaf33758,75,1,CC-84867a76aaf33758,1,0.0,0,0.001697792869269949,0.0,0,0.0,louvain,intersection_count,100.0,0.0,1.0,20260801,1.0.0,not_used,community labels are structural network results; they are not official factions and do not replace original-setting faction metadata
JP10,cross_department,character,梦子,梦子,夢子,C-d52b41c1619ae80a,76,1,CC-d52b41c1619ae80a,1,0.0,0,0.001697792869269949,0.0,0,0.0,louvain,intersection_count,100.0,0.0,1.0,20260801,1.0.0,not_used,community labels are structural network results; they are not official factions and do not replace original-setting faction metadata
JP10,cross_department,character,梦月,梦月,夢月,C-af6f69045288bfd0,77,1,CC-af6f69045288bfd0,1,0.0,0,0.001697792869269949,0.0,0,0.0,louvain,intersection_count,100.0,0.0,1.0,20260801,1.0.0,not_used,community labels are structural network results; they are not official factions and do not replace original-setting faction metadata
JP10,cross_department,character,森近霖之助,森近霖之助,森近 霖之助,C-809ae00735c446a7,78,1,CC-809ae00735c446a7,1,0.0,0,0.001697792869269949,0.0,0,0.0,louvain,intersection_count,100.0,0.0,1.0,20260801,1.0.0,not_used,community labels are structural network results; they are not official factions and do not replace original-setting faction metadata
JP10,cross_department,character,橙,橙,橙,C-2cec7360db44589c,79,1,CC-2cec7360db44589c,1,0.0,0,0.001697792869269949,0.0,0,0.0,louvain,intersection_count,100.0,0.0,1.0,20260801,1.0.0,not_used,community labels are structural network results; they are not official factions and do not replace original-setting faction metadata
JP10,cross_department,character,比那名居天子,比那名居天子,比那名居 天子,C-40dfb3ff6155053f,80,1,CC-40dfb3ff6155053f,1,0.0,0,0.001697792869269949,0.0,0,0.0,louvain,intersection_count,100.0,0.0,1.0,20260801,1.0.0,not_used,community labels are structural network results; they are not official factions and do not replace original-setting faction metadata
JP10,cross_department,character,毘沙门天,毘沙门天,毘沙門天,C-ea660aed001dc6f3,81,1,CC-ea660aed001dc6f3,1,0.0,0,0.001697792869269949,0.0,0,0.0,louvain,intersection_count,100.0,0.0,1.0,20260801,1.0.0,not_used,community labels are structural network results; they are not official factions and do not replace original-setting faction metadata
JP10,cross_department,character,毛玉,毛玉,毛玉,C-ba056658f4d589a8,82,1,CC-ba056658f4d589a8,1,0.0,0,0.001697792869269949,0.0,0,0.0,louvain,intersection_count,100.0,0.0,1.0,20260801,1.0.0,not_used,community labels are structural network results; they are not official factions and do not replace original-setting faction metadata
JP10,cross_department,character,水桥帕露西,水桥帕露西,水橋 パルスィ,C-3ec917dc3087f8de,83,1,CC-3ec917dc3087f8de,1,0.0,0,0.001697792869269949,0.0,0,0.0,louvain,intersection_count,100.0,0.0,1.0,20260801,1.0.0,not_used,community labels are structural network results; they are not official factions and do not replace original-setting faction metadata
JP10,cross_department,character,水江浦岛子（瑞江浦岛子）,水江浦岛子（瑞江浦岛子）,水江浦島子,C-df7864e2b080ff76,84,1,CC-df7864e2b080ff76,1,0.0,0,0.001697792869269949,0.0,0,0.0,louvain,intersection_count,100.0,0.0,1.0,20260801,1.0.0,not_used,community labels are structural network results; they are not official factions and do not replace original-setting faction metadata
JP10,cross_department,character,永江衣玖,永江衣玖,永江 衣玖,C-74f1c51689e8300c,85,1,CC-74f1c51689e8300c,1,0.0,0,0.001697792869269949,0.0,0,0.0,louvain,intersection_count,100.0,0.0,1.0,20260801,1.0.0,not_used,community labels are structural network results; they are not official factions and do not replace original-setting faction metadata
JP10,cross_department,character,永远亭的妖怪兔,永远亭的妖怪兔,永遠亭の妖怪兎,C-294e0ab78148f0be,86,1,CC-294e0ab78148f0be,1,0.0,0,0.001697792869269949,0.0,0,0.0,louvain,intersection_count,100.0,0.0,1.0,20260801,1.0.0,not_used,community labels are structural network results; they are not official factions and do not replace original-setting faction metadata
JP10,cross_department,character,沓颊,沓颊,沓頬,C-134534dfa68a6c63,87,1,CC-134534dfa68a6c63,1,0.0,0,0.001697792869269949,0.0,0,0.0,louvain,intersection_count,100.0,0.0,1.0,20260801,1.0.0,not_used,community labels are structural network results; they are not official factions and do not replace original-setting faction metadata
JP10,cross_department,character,河城荷取,河城荷取,河城 にとり,C-8fd0b2109faa49af,88,1,CC-8fd0b2109faa49af,1,0.0,0,0.001697792869269949,0.0,0,0.0,louvain,intersection_count,100.0,0.0,1.0,20260801,1.0.0,not_used,community labels are structural network results; they are not official factions and do not replace original-setting faction metadata
JP10,cross_department,character,河童（山童）1,河童（山童）1,河童（山童）,C-4cb7977c6ad1ff55,89,1,CC-4cb7977c6ad1ff55,1,0.0,0,0.001697792869269949,0.0,0,0.0,louvain,intersection_count,100.0,0.0,1.0,20260801,1.0.0,not_used,community labels are structural network results; they are not official factions and do not replace original-setting faction metadata
JP10,cross_department,character,洩矢诹访子,洩矢诹访子,洩矢 諏訪子,C-d29db2a33db5cbef,90,1,CC-d29db2a33db5cbef,1,0.0,0,0.001697792869269949,0.0,0,0.0,louvain,intersection_count,100.0,0.0,1.0,20260801,1.0.0,not_used,community labels are structural network results; they are not official factions and do not replace original-setting faction metadata
JP10,cross_department,character,火焰猫燐,火焰猫燐,火焔猫 燐,C-329b413e80b8ad3f,91,1,CC-329b413e80b8ad3f,1,0.0,0,0.001697792869269949,0.0,0,0.0,louvain,intersection_count,100.0,0.0,1.0,20260801,1.0.0,not_used,community labels are structural network results; they are not official factions and do not replace original-setting faction metadata
JP10,cross_department,character,灵乌路空,灵乌路空,霊烏路 空,C-e51b3b37c93cc76d,92,1,CC-e51b3b37c93cc76d,1,0.0,0,0.001697792869269949,0.0,0,0.0,louvain,intersection_count,100.0,0.0,1.0,20260801,1.0.0,not_used,community labels are structural network results; they are not official factions and do not replace original-setting faction metadata
JP10,cross_department,character,烟烟罗,烟烟罗,煙々羅,C-80f4df037d1798ab,93,1,CC-80f4df037d1798ab,1,0.0,0,0.001697792869269949,0.0,0,0.0,louvain,intersection_count,100.0,0.0,1.0,20260801,1.0.0,not_used,community labels are structural network results; they are not official factions and do not replace original-setting faction metadata
JP10,cross_department,character,爱丽丝玛格特洛依德,爱丽丝·玛格特洛依德,アリス・マーガトロイド,C-b822ca69233fd7bb,94,1,CC-b822ca69233fd7bb,1,0.0,0,0.001697792869269949,0.0,0,0.0,louvain,intersection_count,100.0,0.0,1.0,20260801,1.0.0,not_used,community labels are structural network results; they are not official factions and do not replace original-setting faction metadata
JP10,cross_department,character,爱丽丝的人偶（上海、蓬莱、大江户等）,爱丽丝的人偶（上海、蓬莱、大江户等）,アリスの人形（上海、蓬莱、大江戸他）,C-1bcda5b20d58f822,95,1,CC-1bcda5b20d58f822,1,0.0,0,0.001697792869269949,0.0,0,0.0,louvain,intersection_count,100.0,0.0,1.0,20260801,1.0.0,not_used,community labels are structural network results; they are not official factions and do not replace original-setting faction metadata
JP10,cross_department,character,爱莲,爱莲,エレン,C-71b6b3c0afbfa1bc,96,1,CC-71b6b3c0afbfa1bc,1,0.0,0,0.001697792869269949,0.0,0,0.0,louvain,intersection_count,100.0,0.0,1.0,20260801,1.0.0,not_used,community labels are structural network results; they are not official factions and do not replace original-setting faction metadata
JP10,cross_department,character,物部布都,物部布都,物部 布都,C-edb7d2013e9961ee,97,1,CC-edb7d2013e9961ee,1,0.0,0,0.001697792869269949,0.0,0,0.0,louvain,intersection_count,100.0,0.0,1.0,20260801,1.0.0,not_used,community labels are structural network results; they are not official factions and do not replace original-setting faction metadata
JP10,cross_department,character,犬走椛,犬走椛,犬走 椛,C-55d073a2b42ddb91,98,1,CC-55d073a2b42ddb91,1,0.0,0,0.001697792869269949,0.0,0,0.0,louvain,intersection_count,100.0,0.0,1.0,20260801,1.0.0,not_used,community labels are structural network results; they are not official factions and do not replace original-setting faction metadata
JP10,cross_department,character,玄爷,玄爷,玄爺,C-74b3343e66bffa51,99,1,CC-74b3343e66bffa51,1,0.0,0,0.001697792869269949,0.0,0,0.0,louvain,intersection_count,100.0,0.0,1.0,20260801,1.0.0,not_used,community labels are structural network results; they are not official factions and do not replace original-setting faction metadata
JP10,cross_department,character,玛艾露贝莉赫恩,玛艾露贝莉·赫恩,マエリベリー・ハーン,C-a3c09597d140136b,100,1,CC-a3c09597d140136b,1,0.0,0,0.001697792869269949,0.0,0,0.0,louvain,intersection_count,100.0,0.0,1.0,20260801,1.0.0,not_used,community labels are structural network results; they are not official factions and do not replace original-setting faction metadata
JP10,cross_department,character,琪斯美,琪斯美,キスメ,C-a77b9ccc6f2742b3,101,1,CC-a77b9ccc6f2742b3,1,0.0,0,0.001697792869269949,0.0,0,0.0,louvain,intersection_count,100.0,0.0,1.0,20260801,1.0.0,not_used,community labels are structural network results; they are not official factions and do not replace original-setting faction metadata
JP10,cross_department,character,琪露诺,琪露诺,チルノ,C-2079187213cf5ee9,102,1,CC-2079187213cf5ee9,1,0.0,0,0.001697792869269949,0.0,0,0.0,louvain,intersection_count,100.0,0.0,1.0,20260801,1.0.0,not_used,community labels are structural network results; they are not official factions and do not replace original-setting faction metadata
JP10,cross_department,character,留琴,留琴,るーこと,C-1681cad6254a392a,103,1,CC-1681cad6254a392a,1,0.0,0,0.001697792869269949,0.0,0,0.0,louvain,intersection_count,100.0,0.0,1.0,20260801,1.0.0,not_used,community labels are structural network results; they are not official factions and do not replace original-setting faction metadata
JP10,cross_department,character,矜羯罗,矜羯罗,コンガラ,C-15ec5c36cfb7f9ab,104,1,CC-15ec5c36cfb7f9ab,1,0.0,0,0.001697792869269949,0.0,0,0.0,louvain,intersection_count,100.0,0.0,1.0,20260801,1.0.0,not_used,community labels are structural network results; they are not official factions and do not replace original-setting faction metadata
JP10,cross_department,character,神玉,神玉,シンギョク,C-9daf61a6e6d3a59b,105,1,CC-9daf61a6e6d3a59b,1,0.0,0,0.001697792869269949,0.0,0,0.0,louvain,intersection_count,100.0,0.0,1.0,20260801,1.0.0,not_used,community labels are structural network results; they are not official factions and do not replace original-setting faction metadata
JP10,cross_department,character,神绮,神绮,神綺,C-a4b57ab698c73a67,106,1,CC-a4b57ab698c73a67,1,0.0,0,0.001697792869269949,0.0,0,0.0,louvain,intersection_count,100.0,0.0,1.0,20260801,1.0.0,not_used,community labels are structural network results; they are not official factions and do not replace original-setting faction metadata
JP10,cross_department,character,秋穰子,秋穰子,秋 穣子,C-9283eb883bf96f81,107,1,CC-9283eb883bf96f81,1,0.0,0,0.001697792869269949,0.0,0,0.0,louvain,intersection_count,100.0,0.0,1.0,20260801,1.0.0,not_used,community labels are structural network results; they are not official factions and do not replace original-setting faction metadata
JP10,cross_department,character,秋静叶,秋静叶,秋 静葉,C-5191cd603e45ab9f,108,1,CC-5191cd603e45ab9f,1,0.0,0,0.001697792869269949,0.0,0,0.0,louvain,intersection_count,100.0,0.0,1.0,20260801,1.0.0,not_used,community labels are structural network results; they are not official factions and do not replace original-setting faction metadata
JP10,cross_department,character,秦心,秦心,秦 こころ,C-cb9cba729d45eb5c,109,1,CC-cb9cba729d45eb5c,1,0.0,0,0.001697792869269949,0.0,0,0.0,louvain,intersection_count,100.0,0.0,1.0,20260801,1.0.0,not_used,community labels are structural network results; they are not official factions and do not replace original-setting faction metadata
JP10,cross_department,character,稗田阿求,稗田阿求,稗田 阿求,C-269a87ad81d781d9,110,1,CC-269a87ad81d781d9,1,0.0,0,0.001697792869269949,0.0,0,0.0,louvain,intersection_count,100.0,0.0,1.0,20260801,1.0.0,not_used,community labels are structural network results; they are not official factions and do not replace original-setting faction metadata
JP10,cross_department,character,米斯蒂娅萝蕾拉,米斯蒂娅·萝蕾拉,ミスティア・ローレライ,C-9117b4e2f4cea8ea,111,1,CC-9117b4e2f4cea8ea,1,0.0,0,0.001697792869269949,0.0,0,0.0,louvain,intersection_count,100.0,0.0,1.0,20260801,1.0.0,not_used,community labels are structural network results; they are not official factions and do not replace original-setting faction metadata
JP10,cross_department,character,红美铃,红美铃,紅 美鈴,C-e88df946cbe0ee3c,112,1,CC-e88df946cbe0ee3c,1,0.0,0,0.001697792869269949,0.0,0,0.0,louvain,intersection_count,100.0,0.0,1.0,20260801,1.0.0,not_used,community labels are structural network results; they are not official factions and do not replace original-setting faction metadata
JP10,cross_department,character,绵月丰姬,绵月丰姬,綿月 豊姫,C-5e1bf9233e47ca86,113,1,CC-5e1bf9233e47ca86,1,0.0,0,0.001697792869269949,0.0,0,0.0,louvain,intersection_count,100.0,0.0,1.0,20260801,1.0.0,not_used,community labels are structural network results; they are not official factions and do not replace original-setting faction metadata
JP10,cross_department,character,绵月依姬,绵月依姬,綿月 依姫,C-0a74068345adac59,114,1,CC-0a74068345adac59,1,0.0,0,0.001697792869269949,0.0,0,0.0,louvain,intersection_count,100.0,0.0,1.0,20260801,1.0.0,not_used,community labels are structural network results; they are not official factions and do not replace original-setting faction metadata
JP10,cross_department,character,胡桃,胡桃,くるみ,C-e176f94fd6e15882,115,1,CC-e176f94fd6e15882,1,0.0,0,0.001697792869269949,0.0,0,0.0,louvain,intersection_count,100.0,0.0,1.0,20260801,1.0.0,not_used,community labels are structural network results; they are not official factions and do not replace original-setting faction metadata
JP10,cross_department,character,舞,舞,マイ,C-8c46f900e6575552,116,1,CC-8c46f900e6575552,1,0.0,0,0.001697792869269949,0.0,0,0.0,louvain,intersection_count,100.0,0.0,1.0,20260801,1.0.0,not_used,community labels are structural network results; they are not official factions and do not replace original-setting faction metadata
JP10,cross_department,character,艾丽,艾丽,エリー,C-ea247edc0156bbaf,117,1,CC-ea247edc0156bbaf,1,0.0,0,0.001697792869269949,0.0,0,0.0,louvain,intersection_count,100.0,0.0,1.0,20260801,1.0.0,not_used,community labels are structural network results; they are not official factions and do not replace original-setting faction metadata
JP10,cross_department,character,芙兰朵露斯卡蕾特,芙兰朵露·斯卡蕾特,フランドール・スカーレット,C-e4bb287979626762,118,1,CC-e4bb287979626762,1,0.0,0,0.001697792869269949,0.0,0,0.0,louvain,intersection_count,100.0,0.0,1.0,20260801,1.0.0,not_used,community labels are structural network results; they are not official factions and do not replace original-setting faction metadata
JP10,cross_department,character,苏我屠自古,苏我屠自古,蘇我 屠自古,C-53b7064963b3ad3d,119,1,CC-53b7064963b3ad3d,1,0.0,0,0.001697792869269949,0.0,0,0.0,louvain,intersection_count,100.0,0.0,1.0,20260801,1.0.0,not_used,community labels are structural network results; they are not official factions and do not replace original-setting faction metadata
JP10,cross_department,character,若鹭姬,若鹭姬,わかさぎ姫,C-f09fdd0a668c2975,120,1,CC-f09fdd0a668c2975,1,0.0,0,0.001697792869269949,0.0,0,0.0,louvain,intersection_count,100.0,0.0,1.0,20260801,1.0.0,not_used,community labels are structural network results; they are not official factions and do not replace original-setting faction metadata
JP10,cross_department,character,茨木华扇,茨木华扇,茨木 華扇,C-c9a6b261056bbd23,121,1,CC-c9a6b261056bbd23,1,0.0,0,0.001697792869269949,0.0,0,0.0,louvain,intersection_count,100.0,0.0,1.0,20260801,1.0.0,not_used,community labels are structural network results; they are not official factions and do not replace original-setting faction metadata
JP10,cross_department,character,莉格露奈特巴格,莉格露·奈特巴格,リグル・ナイトバグ,C-fb154b63b04d3d37,122,1,CC-fb154b63b04d3d37,1,0.0,0,0.001697792869269949,0.0,0,0.0,louvain,intersection_count,100.0,0.0,1.0,20260801,1.0.0,not_used,community labels are structural network results; they are not official factions and do not replace original-setting faction metadata
JP10,cross_department,character,莉莉卡普莉兹姆利巴,莉莉卡·普莉兹姆利巴,リリカ・プリズムリバー,C-78ce7076d01292a4,123,1,CC-78ce7076d01292a4,1,0.0,0,0.001697792869269949,0.0,0,0.0,louvain,intersection_count,100.0,0.0,1.0,20260801,1.0.0,not_used,community labels are structural network results; they are not official factions and do not replace original-setting faction metadata
JP10,cross_department,character,莉莉霍瓦特（莉莉白）,莉莉霍瓦特（莉莉白）,リリーホワイト,C-179718fb43613bf3,124,1,CC-179718fb43613bf3,1,0.0,0,0.001697792869269949,0.0,0,0.0,louvain,intersection_count,100.0,0.0,1.0,20260801,1.0.0,not_used,community labels are structural network results; they are not official factions and do not replace original-setting faction metadata
JP10,cross_department,character,菊理,菊理,キクリ,C-5630a2e22be12fbf,125,1,CC-5630a2e22be12fbf,1,0.0,0,0.001697792869269949,0.0,0,0.0,louvain,intersection_count,100.0,0.0,1.0,20260801,1.0.0,not_used,community labels are structural network results; they are not official factions and do not replace original-setting faction metadata
JP10,cross_department,character,萨丽爱尔,萨丽爱尔,サリエル,C-7134e7e77a4d1140,126,1,CC-7134e7e77a4d1140,1,0.0,0,0.001697792869269949,0.0,0,0.0,louvain,intersection_count,100.0,0.0,1.0,20260801,1.0.0,not_used,community labels are structural network results; they are not official factions and do not replace original-setting faction metadata
JP10,cross_department,character,萨拉,萨拉,サラ,C-3dca7368c6287b61,127,1,CC-3dca7368c6287b61,1,0.0,0,0.001697792869269949,0.0,0,0.0,louvain,intersection_count,100.0,0.0,1.0,20260801,1.0.0,not_used,community labels are structural network results; they are not official factions and do not replace original-setting faction metadata
JP10,cross_department,character,蓬莱山辉夜,蓬莱山辉夜,蓬莱山 輝夜,C-de23efea630e8af1,128,1,CC-de23efea630e8af1,1,0.0,0,0.001697792869269949,0.0,0,0.0,louvain,intersection_count,100.0,0.0,1.0,20260801,1.0.0,not_used,community labels are structural network results; they are not official factions and do not replace original-setting faction metadata
JP10,cross_department,character,蕾拉普莉兹姆利巴,蕾拉·普莉兹姆利巴,レイラ･プリズムリバー,C-ed0008788eadc5bd,129,1,CC-ed0008788eadc5bd,1,0.0,0,0.001697792869269949,0.0,0,0.0,louvain,intersection_count,100.0,0.0,1.0,20260801,1.0.0,not_used,community labels are structural network results; they are not official factions and do not replace original-setting faction metadata
JP10,cross_department,character,蕾米莉亚斯卡蕾特,蕾米莉亚·斯卡蕾特,レミリア・スカーレット,C-0c398a968fe7d261,130,1,CC-0c398a968fe7d261,1,0.0,0,0.001697792869269949,0.0,0,0.0,louvain,intersection_count,100.0,0.0,1.0,20260801,1.0.0,not_used,community labels are structural network results; they are not official factions and do not replace original-setting faction metadata
JP10,cross_department,character,蕾蒂霍瓦特洛克,蕾蒂·霍瓦特洛克,レティ・ホワイトロック,C-1802b1182921f22a,131,1,CC-1802b1182921f22a,1,0.0,0,0.001697792869269949,0.0,0,0.0,louvain,intersection_count,100.0,0.0,1.0,20260801,1.0.0,not_used,community labels are structural network results; they are not official factions and do not replace original-setting faction metadata
JP10,cross_department,character,藤原妹红,藤原妹红,藤原 妹紅,C-04f1cbaa14a61322,132,1,CC-04f1cbaa14a61322,1,0.0,0,0.001697792869269949,0.0,0,0.0,louvain,intersection_count,100.0,0.0,1.0,20260801,1.0.0,not_used,community labels are structural network results; they are not official factions and do not replace original-setting faction metadata
JP10,cross_department,character,西行寺幽幽子,西行寺幽幽子,西行寺 幽々子,C-f8056dcc9ae1c3f8,133,1,CC-f8056dcc9ae1c3f8,1,0.0,0,0.001697792869269949,0.0,0,0.0,louvain,intersection_count,100.0,0.0,1.0,20260801,1.0.0,not_used,community labels are structural network results; they are not official factions and do not replace original-setting faction metadata
JP10,cross_department,character,赤蛮奇,赤蛮奇,赤蛮奇,C-15c7a4f8b58441be,134,1,CC-15c7a4f8b58441be,1,0.0,0,0.001697792869269949,0.0,0,0.0,louvain,intersection_count,100.0,0.0,1.0,20260801,1.0.0,not_used,community labels are structural network results; they are not official factions and do not replace original-setting faction metadata
JP10,cross_department,character,运松翁,运松翁,運松,C-362d784fc77ff588,135,1,CC-362d784fc77ff588,1,0.0,0,0.001697792869269949,0.0,0,0.0,louvain,intersection_count,100.0,0.0,1.0,20260801,1.0.0,not_used,community labels are structural network results; they are not official factions and do not replace original-setting faction metadata
JP10,cross_department,character,邪龙,邪龙,邪龍,C-a3b31b1e61671ff0,136,1,CC-a3b31b1e61671ff0,1,0.0,0,0.001697792869269949,0.0,0,0.0,louvain,intersection_count,100.0,0.0,1.0,20260801,1.0.0,not_used,community labels are structural network results; they are not official factions and do not replace original-setting faction metadata
JP10,cross_department,character,酒虫,酒虫,酒虫,C-3f8fc962613852bf,137,1,CC-3f8fc962613852bf,1,0.0,0,0.001697792869269949,0.0,0,0.0,louvain,intersection_count,100.0,0.0,1.0,20260801,1.0.0,not_used,community labels are structural network results; they are not official factions and do not replace original-setting faction metadata
JP10,cross_department,character,里香,里香,里香,C-d81e4aacef4bc3bb,138,1,CC-d81e4aacef4bc3bb,1,0.0,0,0.001697792869269949,0.0,0,0.0,louvain,intersection_count,100.0,0.0,1.0,20260801,1.0.0,not_used,community labels are structural network results; they are not official factions and do not replace original-setting faction metadata
JP10,cross_department,character,野槌,野槌,ツチノコ,C-6513ff99388aa471,139,1,CC-6513ff99388aa471,1,0.0,0,0.001697792869269949,0.0,0,0.0,louvain,intersection_count,100.0,0.0,1.0,20260801,1.0.0,not_used,community labels are structural network results; they are not official factions and do not replace original-setting faction metadata
JP10,cross_department,character,野铁炮,野铁炮,野鉄砲（マミ）,C-c113be5d3f358160,140,1,CC-c113be5d3f358160,1,0.0,0,0.001697792869269949,0.0,0,0.0,louvain,intersection_count,100.0,0.0,1.0,20260801,1.0.0,not_used,community labels are structural network results; they are not official factions and do not replace original-setting faction metadata
JP10,cross_department,character,铃仙二号,铃仙二号,レイセン,C-9b7a07d7288acda9,141,1,CC-9b7a07d7288acda9,1,0.0,0,0.001697792869269949,0.0,0,0.0,louvain,intersection_count,100.0,0.0,1.0,20260801,1.0.0,not_used,community labels are structural network results; they are not official factions and do not replace original-setting faction metadata
JP10,cross_department,character,铃仙优昙华院因幡,铃仙·优昙华院·因幡,鈴仙・優曇華院・イナバ,C-69a606a170e1d34e,142,1,CC-69a606a170e1d34e,1,0.0,0,0.001697792869269949,0.0,0,0.0,louvain,intersection_count,100.0,0.0,1.0,20260801,1.0.0,not_used,community labels are structural network results; they are not official factions and do not replace original-setting faction metadata
JP10,cross_department,character,键山雏,键山雏,鍵山 雛,C-fea94cc159b492db,143,1,CC-fea94cc159b492db,1,0.0,0,0.001697792869269949,0.0,0,0.0,louvain,intersection_count,100.0,0.0,1.0,20260801,1.0.0,not_used,community labels are structural network results; they are not official factions and do not replace original-setting faction metadata
JP10,cross_department,character,降神的神灵（天照、伊豆能卖等）,降神的神灵（天照、伊豆能卖等）,神降ろしの神霊（天照、伊豆能売他）,C-a3f471fb86990247,144,1,CC-a3f471fb86990247,1,0.0,0,0.001697792869269949,0.0,0,0.0,louvain,intersection_count,100.0,0.0,1.0,20260801,1.0.0,not_used,community labels are structural network results; they are not official factions and do not replace original-setting faction metadata
JP10,cross_department,character,雪,雪,ユキ,C-649ca35a4ba31e69,145,1,CC-649ca35a4ba31e69,1,0.0,0,0.001697792869269949,0.0,0,0.0,louvain,intersection_count,100.0,0.0,1.0,20260801,1.0.0,not_used,community labels are structural network results; they are not official factions and do not replace original-setting faction metadata
JP10,cross_department,character,雷兽（务光）,雷兽（务光）,雷獣,C-e3b49a6e75909608,146,1,CC-e3b49a6e75909608,1,0.0,0,0.001697792869269949,0.0,0,0.0,louvain,intersection_count,100.0,0.0,1.0,20260801,1.0.0,not_used,community labels are structural network results; they are not official factions and do not replace original-setting faction metadata
JP10,cross_department,character,雾雨魔理沙,雾雨魔理沙,霧雨 魔理沙,C-97bb4e2aa6eae7a6,147,1,CC-97bb4e2aa6eae7a6,1,0.0,0,0.001697792869269949,0.0,0,0.0,louvain,intersection_count,100.0,0.0,1.0,20260801,1.0.0,not_used,community labels are structural network results; they are not official factions and do not replace original-setting faction metadata
JP10,cross_department,character,霍青娥,霍青娥,霍 青娥,C-778fc148647ed88c,148,1,CC-778fc148647ed88c,1,0.0,0,0.001697792869269949,0.0,0,0.0,louvain,intersection_count,100.0,0.0,1.0,20260801,1.0.0,not_used,community labels are structural network results; they are not official factions and do not replace original-setting faction metadata
JP10,cross_department,character,露娜切露德,露娜切露德,ルナチャイルド,C-d4243020283af61b,149,1,CC-d4243020283af61b,1,0.0,0,0.001697792869269949,0.0,0,0.0,louvain,intersection_count,100.0,0.0,1.0,20260801,1.0.0,not_used,community labels are structural network results; they are not official factions and do not replace original-setting faction metadata
JP10,cross_department,character,露娜萨普莉兹姆利巴,露娜萨·普莉兹姆利巴,ルナサ・プリズムリバー,C-942d551df929b03d,150,1,CC-942d551df929b03d,1,0.0,0,0.001697792869269949,0.0,0,0.0,louvain,intersection_count,100.0,0.0,1.0,20260801,1.0.0,not_used,community labels are structural network results; they are not official factions and do not replace original-setting faction metadata
JP10,cross_department,character,露易兹,露易兹,ルイズ,C-5e2a047a798a334b,151,1,CC-5e2a047a798a334b,1,0.0,0,0.001697792869269949,0.0,0,0.0,louvain,intersection_count,100.0,0.0,1.0,20260801,1.0.0,not_used,community labels are structural network results; they are not official factions and do not replace original-setting faction metadata
JP10,cross_department,character,露米娅,露米娅,ルーミア,C-20cd9d7fbec4f7e9,152,1,CC-20cd9d7fbec4f7e9,1,0.0,0,0.001697792869269949,0.0,0,0.0,louvain,intersection_count,100.0,0.0,1.0,20260801,1.0.0,not_used,community labels are structural network results; they are not official factions and do not replace original-setting faction metadata
JP10,cross_department,character,风见幽香,风见幽香,風見 幽香,C-933ecf0c39c0e173,153,1,CC-933ecf0c39c0e173,1,0.0,0,0.001697792869269949,0.0,0,0.0,louvain,intersection_count,100.0,0.0,1.0,20260801,1.0.0,not_used,community labels are structural network results; they are not official factions and do not replace original-setting faction metadata
JP10,cross_department,character,飞碟（红、蓝、绿、其他）,飞碟（红、蓝、绿、其他）,UFO（赤・青・緑、その他）,C-f754bb356b37d35f,154,1,CC-f754bb356b37d35f,1,0.0,0,0.001697792869269949,0.0,0,0.0,louvain,intersection_count,100.0,0.0,1.0,20260801,1.0.0,not_used,community labels are structural network results; they are not official factions and do not replace original-setting faction metadata
JP10,cross_department,character,鬼人正邪,鬼人正邪,鬼人 正邪,C-4e21d4004369ed38,155,1,CC-4e21d4004369ed38,1,0.0,0,0.001697792869269949,0.0,0,0.0,louvain,intersection_count,100.0,0.0,1.0,20260801,1.0.0,not_used,community labels are structural network results; they are not official factions and do not replace original-setting faction metadata
JP10,cross_department,character,魂魄妖忌,魂魄妖忌,魂魄 妖忌,C-6efae126424cd22e,156,1,CC-6efae126424cd22e,1,0.0,0,0.001697792869269949,0.0,0,0.0,louvain,intersection_count,100.0,0.0,1.0,20260801,1.0.0,not_used,community labels are structural network results; they are not official factions and do not replace original-setting faction metadata
JP10,cross_department,character,魂魄妖梦,魂魄妖梦,魂魄 妖夢,C-4ea9de78b9240f05,157,1,CC-4ea9de78b9240f05,1,0.0,0,0.001697792869269949,0.0,0,0.0,louvain,intersection_count,100.0,0.0,1.0,20260801,1.0.0,not_used,community labels are structural network results; they are not official factions and do not replace original-setting faction metadata
JP10,cross_department,character,魅魔,魅魔,魅魔,C-59871de847fbdc54,158,1,CC-59871de847fbdc54,1,0.0,0,0.001697792869269949,0.0,0,0.0,louvain,intersection_count,100.0,0.0,1.0,20260801,1.0.0,not_used,community labels are structural network results; they are not official factions and do not replace original-setting faction metadata
JP10,cross_department,character,黑谷山女,黑谷山女,黒谷 ヤマメ,C-1f6a4ca885028495,159,1,CC-1f6a4ca885028495,1,0.0,0,0.001697792869269949,0.0,0,0.0,louvain,intersection_count,100.0,0.0,1.0,20260801,1.0.0,not_used,community labels are structural network results; they are not official factions and do not replace original-setting faction metadata
JP10,cross_department,music,53分钟的蓝色大海,53分钟的蓝色大海,53ミニッツの青い海,C-6718bdc8764c612c,160,1,CC-6718bdc8764c612c,1,0.0,0,0.001697792869269949,0.0,0,0.0,louvain,intersection_count,100.0,0.0,1.0,20260801,1.0.0,not_used,community labels are structural network results; they are not official factions and do not replace original-setting faction metadata
JP10,cross_department,music,alicemaestra,Alice Maestra,アリスマエステラ,C-4e69807d962032a8,161,1,CC-4e69807d962032a8,1,0.0,0,0.001697792869269949,0.0,0,0.0,louvain,intersection_count,100.0,0.0,1.0,20260801,1.0.0,not_used,community labels are structural network results; they are not official factions and do not replace original-setting faction metadata
JP10,cross_department,music,anordealfromgod,AN ORDEAL FROM GOD,AN ORDEAL FROM GOD,C-3c278e0af0122612,162,1,CC-3c278e0af0122612,1,0.0,0,0.001697792869269949,0.0,0,0.0,louvain,intersection_count,100.0,0.0,1.0,20260801,1.0.0,not_used,community labels are structural network results; they are not official factions and do not replace original-setting faction metadata
JP10,cross_department,music,antiqueterror,Antique Terror,アンティークテラー,C-1f0235c8e71d7f64,163,1,CC-1f0235c8e71d7f64,1,0.0,0,0.001697792869269949,0.0,0,0.0,louvain,intersection_count,100.0,0.0,1.0,20260801,1.0.0,not_used,community labels are structural network results; they are not official factions and do not replace original-setting faction metadata
JP10,cross_department,music,arcadiandream,Arcadian Dream,Arcadian Dream,C-7c3f5d348ae1d9d4,164,1,CC-7c3f5d348ae1d9d4,1,0.0,0,0.001697792869269949,0.0,0,0.0,louvain,intersection_count,100.0,0.0,1.0,20260801,1.0.0,not_used,community labels are structural network results; they are not official factions and do not replace original-setting faction metadata
JP10,cross_department,music,asacredlot,A Sacred Lot,A Sacred Lot,C-39ce7becad1b5800,165,1,CC-39ce7becad1b5800,1,0.0,0,0.001697792869269949,0.0,0,0.0,louvain,intersection_count,100.0,0.0,1.0,20260801,1.0.0,not_used,community labels are structural network results; they are not official factions and do not replace original-setting faction metadata
JP10,cross_department,music,badapple,Bad Apple!!,Bad Apple!!,C-843f0327fcfb1f00,166,1,CC-843f0327fcfb1f00,1,0.0,0,0.001697792869269949,0.0,0,0.0,louvain,intersection_count,100.0,0.0,1.0,20260801,1.0.0,not_used,community labels are structural network results; they are not official factions and do not replace original-setting faction metadata
JP10,cross_department,music,borderland,Border Land,Border Land,C-9fd75d0d2df9dbf0,167,1,CC-9fd75d0d2df9dbf0,1,0.0,0,0.001697792869269949,0.0,0,0.0,louvain,intersection_count,100.0,0.0,1.0,20260801,1.0.0,not_used,community labels are structural network results; they are not official factions and do not replace original-setting faction metadata
JP10,cross_department,music,borderoflife,Border of Life,ボーダーオブライフ,C-d41913506e287b1f,168,1,CC-d41913506e287b1f,1,0.0,0,0.001697792869269949,0.0,0,0.0,louvain,intersection_count,100.0,0.0,1.0,20260801,1.0.0,not_used,community labels are structural network results; they are not official factions and do not replace original-setting faction metadata
JP10,cross_department,music,breakthesabbath,Break the Sabbath,Break the Sabbath,C-23affd045f640388,169,1,CC-23affd045f640388,1,0.0,0,0.001697792869269949,0.0,0,0.0,louvain,intersection_count,100.0,0.0,1.0,20260801,1.0.0,not_used,community labels are structural network results; they are not official factions and do not replace original-setting faction metadata
JP10,cross_department,music,captainmurasa,Captain Murasa,キャプテン・ムラサ,C-784f01fa7cb8edf9,170,1,CC-784f01fa7cb8edf9,1,0.0,0,0.001697792869269949,0.0,0,0.0,louvain,intersection_count,100.0,0.0,1.0,20260801,1.0.0,not_used,community labels are structural network results; they are not official factions and do not replace original-setting faction metadata
JP10,cross_department,music,castleexplorerinthesky,Castle Explorer -in the Sky-,Castle Explorer -in the Sky-,C-838721db61b52f01,171,1,CC-838721db61b52f01,1,0.0,0,0.001697792869269949,0.0,0,0.0,louvain,intersection_count,100.0,0.0,1.0,20260801,1.0.0,not_used,community labels are structural network results; they are not official factions and do not replace original-setting faction metadata
JP10,cross_department,music,circusreverie机械马戏团,Circus Reverie（机械马戏团）,サーカスレヴァリエ（機械サーカス）,C-a57c30ee575984c1,172,1,CC-a57c30ee575984c1,1,0.0,0,0.001697792869269949,0.0,0,0.0,louvain,intersection_count,100.0,0.0,1.0,20260801,1.0.0,not_used,community labels are structural network results; they are not official factions and do not replace original-setting faction metadata
JP10,cross_department,music,civilizationofmagic,Civilization of Magic,Civilization of Magic,C-845aee00cd2e4dac,173,1,CC-845aee00cd2e4dac,1,0.0,0,0.001697792869269949,0.0,0,0.0,louvain,intersection_count,100.0,0.0,1.0,20260801,1.0.0,not_used,community labels are structural network results; they are not official factions and do not replace original-setting faction metadata
JP10,cross_department,music,completedarkness,Complete Darkness,Complete Darkness,C-c16f13a4cdbeb22d,174,1,CC-c16f13a4cdbeb22d,1,0.0,0,0.001697792869269949,0.0,0,0.0,louvain,intersection_count,100.0,0.0,1.0,20260801,1.0.0,not_used,community labels are structural network results; they are not official factions and do not replace original-setting faction metadata
JP10,cross_department,music,crescentdream,Crescent Dream,Crescent Dream,C-5be21869d97d28e1,175,1,CC-5be21869d97d28e1,1,0.0,0,0.001697792869269949,0.0,0,0.0,louvain,intersection_count,100.0,0.0,1.0,20260801,1.0.0,not_used,community labels are structural network results; they are not official factions and do not replace original-setting faction metadata
JP10,cross_department,music,crystallizesilver,Crystallize Silver,クリスタライズシルバー,C-92723020fbb78add,176,1,CC-92723020fbb78add,1,0.0,0,0.001697792869269949,0.0,0,0.0,louvain,intersection_count,100.0,0.0,1.0,20260801,1.0.0,not_used,community labels are structural network results; they are not official factions and do not replace original-setting faction metadata
JP10,cross_department,music,days,Days,Days,C-e586cebf8a9126d0,177,1,CC-e586cebf8a9126d0,1,0.0,0,0.001697792869269949,0.0,0,0.0,louvain,intersection_count,100.0,0.0,1.0,20260801,1.0.0,not_used,community labels are structural network results; they are not official factions and do not replace original-setting faction metadata
JP10,cross_department,music,demystifyfeast,Demystify Feast,Demystify Feast,C-8b7c2749ada1d0ba,178,1,CC-8b7c2749ada1d0ba,1,0.0,0,0.001697792869269949,0.0,0,0.0,louvain,intersection_count,100.0,0.0,1.0,20260801,1.0.0,not_used,community labels are structural network results; they are not official factions and do not replace original-setting faction metadata
JP10,cross_department,music,desiredream,Desire Dream,デザイアドリーム,C-3fe23c47a9259852,179,1,CC-3fe23c47a9259852,1,0.0,0,0.001697792869269949,0.0,0,0.0,louvain,intersection_count,100.0,0.0,1.0,20260801,1.0.0,not_used,community labels are structural network results; they are not official factions and do not replace original-setting faction metadata
JP10,cross_department,music,desiredrive,Desire Drive,デザイアドライブ,C-d6c9e64d77c2edf9,180,1,CC-d6c9e64d77c2edf9,1,0.0,0,0.001697792869269949,0.0,0,0.0,louvain,intersection_count,100.0,0.0,1.0,20260801,1.0.0,not_used,community labels are structural network results; they are not official factions and do not replace original-setting faction metadata
JP10,cross_department,music,dimdream,Dim. Dream,Dim. Dream,C-fd35078dbbdc40b6,181,1,CC-fd35078dbbdc40b6,1,0.0,0,0.001697792869269949,0.0,0,0.0,louvain,intersection_count,100.0,0.0,1.0,20260801,1.0.0,not_used,community labels are structural network results; they are not official factions and do not replace original-setting faction metadata
JP10,cross_department,music,disastrousgemini,Disastrous Gemini,ディザストラスジェミニ,C-37d2e9603dde6c00,182,1,CC-37d2e9603dde6c00,1,0.0,0,0.001697792869269949,0.0,0,0.0,louvain,intersection_count,100.0,0.0,1.0,20260801,1.0.0,not_used,community labels are structural network results; they are not official factions and do not replace original-setting faction metadata
JP10,cross_department,music,dreamexpress,Dream Express,Dream Express,C-1e6a1438705adbd5,183,1,CC-1e6a1438705adbd5,1,0.0,0,0.001697792869269949,0.0,0,0.0,louvain,intersection_count,100.0,0.0,1.0,20260801,1.0.0,not_used,community labels are structural network results; they are not official factions and do not replace original-setting faction metadata
JP10,cross_department,music,dreamland,Dream Land,Dream Land,C-85d1f8dfcd96a0a4,184,1,CC-85d1f8dfcd96a0a4,1,0.0,0,0.001697792869269949,0.0,0,0.0,louvain,intersection_count,100.0,0.0,1.0,20260801,1.0.0,not_used,community labels are structural network results; they are not official factions and do not replace original-setting faction metadata
JP10,cross_department,music,dreamypilot,Dreamy pilot,Dreamy pilot,C-f72e721f95dc6689,185,1,CC-f72e721f95dc6689,1,0.0,0,0.001697792869269949,0.0,0,0.0,louvain,intersection_count,100.0,0.0,1.0,20260801,1.0.0,not_used,community labels are structural network results; they are not official factions and do not replace original-setting faction metadata
JP10,cross_department,music,endofdaylight,End of Daylight,End of Daylight,C-474a382e98f2df38,186,1,CC-474a382e98f2df38,1,0.0,0,0.001697792869269949,0.0,0,0.0,louvain,intersection_count,100.0,0.0,1.0,20260801,1.0.0,not_used,community labels are structural network results; they are not official factions and do not replace original-setting faction metadata
JP10,cross_department,music,eternaldream幽玄的枫树,Eternal Dream ～ 幽玄的枫树,幽玄の槭樹　～ Eternal Dream,C-40e9da76c7303933,187,1,CC-40e9da76c7303933,1,0.0,0,0.001697792869269949,0.0,0,0.0,louvain,intersection_count,100.0,0.0,1.0,20260801,1.0.0,not_used,community labels are structural network results; they are not official factions and do not replace original-setting faction metadata
JP10,cross_department,music,extendash蓬莱人,Extend Ash ～ 蓬莱人,エクステンドアッシュ　～ 蓬莱人,C-cb053ddd4ad96041,188,1,CC-cb053ddd4ad96041,1,0.0,0,0.001697792869269949,0.0,0,0.0,louvain,intersection_count,100.0,0.0,1.0,20260801,1.0.0,not_used,community labels are structural network results; they are not official factions and do not replace original-setting faction metadata
JP10,cross_department,music,extralove,Extra Love,エキストララブ,C-90998e32542fdf88,189,1,CC-90998e32542fdf88,1,0.0,0,0.001697792869269949,0.0,0,0.0,louvain,intersection_count,100.0,0.0,1.0,20260801,1.0.0,not_used,community labels are structural network results; they are not official factions and do not replace original-setting faction metadata
JP10,cross_department,music,falloffall,Fall of Fall ～ 秋意渐浓之瀑,フォールオブフォール　～ 秋めく滝,C-14f836bc397b09ac,190,1,CC-14f836bc397b09ac,1,0.0,0,0.001697792869269949,0.0,0,0.0,louvain,intersection_count,100.0,0.0,1.0,20260801,1.0.0,not_used,community labels are structural network results; they are not official factions and do not replace original-setting faction metadata
JP10,cross_department,music,falsestrawberry,False Strawberry,フォルスストロベリー,C-f6ffdbd65e8701ed,191,1,CC-f6ffdbd65e8701ed,1,0.0,0,0.001697792869269949,0.0,0,0.0,louvain,intersection_count,100.0,0.0,1.0,20260801,1.0.0,not_used,community labels are structural network results; they are not official factions and do not replace original-setting faction metadata
JP10,cross_department,music,floweringnight,Flowering Night,フラワリングナイト,C-a486a2b0c86c56ae,192,1,CC-a486a2b0c86c56ae,1,0.0,0,0.001697792869269949,0.0,0,0.0,louvain,intersection_count,100.0,0.0,1.0,20260801,1.0.0,not_used,community labels are structural network results; they are not official factions and do not replace original-setting faction metadata
JP10,cross_department,music,frontalattack,Frontal Attack,Frontal Attack,C-27ad8e3f67cfbeff,193,1,CC-27ad8e3f67cfbeff,1,0.0,0,0.001697792869269949,0.0,0,0.0,louvain,intersection_count,100.0,0.0,1.0,20260801,1.0.0,not_used,community labels are structural network results; they are not official factions and do not replace original-setting faction metadata
JP10,cross_department,music,gameover,Game Over,ゲームオーバー,C-5260f82f62ec7776,194,1,CC-5260f82f62ec7776,1,0.0,0,0.001697792869269949,0.0,0,0.0,louvain,intersection_count,100.0,0.0,1.0,20260801,1.0.0,not_used,community labels are structural network results; they are not official factions and do not replace original-setting faction metadata
JP10,cross_department,music,gfree,G Free,G Free,C-f669079c157439a8,195,1,CC-f669079c157439a8,1,0.0,0,0.001697792869269949,0.0,0,0.0,louvain,intersection_count,100.0,0.0,1.0,20260801,1.0.0,not_used,community labels are structural network results; they are not official factions and do not replace original-setting faction metadata
JP10,cross_department,music,ghostlead,Ghost Lead,ゴーストリード,C-16b70637345adb1f,196,1,CC-16b70637345adb1f,1,0.0,0,0.001697792869269949,0.0,0,0.0,louvain,intersection_count,100.0,0.0,1.0,20260801,1.0.0,not_used,community labels are structural network results; they are not official factions and do not replace original-setting faction metadata
JP10,cross_department,music,heartfeltfancy,Heartfelt Fancy,ハートフェルトファンシー,C-099ae5f47142c9de,197,1,CC-099ae5f47142c9de,1,0.0,0,0.001697792869269949,0.0,0,0.0,louvain,intersection_count,100.0,0.0,1.0,20260801,1.0.0,not_used,community labels are structural network results; they are not official factions and do not replace original-setting faction metadata
JP10,cross_department,music,herselves,Herselves,ハーセルヴズ,C-8aff8e574ef9dd6d,198,1,CC-8aff8e574ef9dd6d,1,0.0,0,0.001697792869269949,0.0,0,0.0,louvain,intersection_count,100.0,0.0,1.0,20260801,1.0.0,not_used,community labels are structural network results; they are not official factions and do not replace original-setting faction metadata
JP10,cross_department,music,highlyresponsivetoprayers,Highly Responsive to Prayers,Highly Responsive to Prayers,C-c885e112f8fa8f48,199,1,CC-c885e112f8fa8f48,1,0.0,0,0.001697792869269949,0.0,0,0.0,louvain,intersection_count,100.0,0.0,1.0,20260801,1.0.0,not_used,community labels are structural network results; they are not official factions and do not replace original-setting faction metadata
JP10,cross_department,music,incompleteplot,Incomplete Plot,Incomplete Plot,C-90dabee51cabb189,200,1,CC-90dabee51cabb189,1,0.0,0,0.001697792869269949,0.0,0,0.0,louvain,intersection_count,100.0,0.0,1.0,20260801,1.0.0,not_used,community labels are structural network results; they are not official factions and do not replace original-setting faction metadata
JP10,cross_department,music,inventivecity,Inventive City,Inventive City,C-0db9c2c661b4ba03,201,1,CC-0db9c2c661b4ba03,1,0.0,0,0.001697792869269949,0.0,0,0.0,louvain,intersection_count,100.0,0.0,1.0,20260801,1.0.0,not_used,community labels are structural network results; they are not official factions and do not replace original-setting faction metadata
JP10,cross_department,music,japanesesaga,Japanese Saga,ジャパニーズサーガ,C-dee9019903a4d580,202,1,CC-dee9019903a4d580,1,0.0,0,0.001697792869269949,0.0,0,0.0,louvain,intersection_count,100.0,0.0,1.0,20260801,1.0.0,not_used,community labels are structural network results; they are not official factions and do not replace original-setting faction metadata
JP10,cross_department,music,lastremote,Last Remote,ラストリモート,C-b13c36646aabf217,203,1,CC-b13c36646aabf217,1,0.0,0,0.001697792869269949,0.0,0,0.0,louvain,intersection_count,100.0,0.0,1.0,20260801,1.0.0,not_used,community labels are structural network results; they are not official factions and do not replace original-setting faction metadata
JP10,cross_department,music,lockedgirl,Locked Girl ～ 少女密室,ラクトガール　～ 少女密室,C-ebbfaa491481c140,204,1,CC-ebbfaa491481c140,1,0.0,0,0.001697792869269949,0.0,0,0.0,louvain,intersection_count,100.0,0.0,1.0,20260801,1.0.0,not_used,community labels are structural network results; they are not official factions and do not replace original-setting faction metadata
JP10,cross_department,music,looserain,Loose Rain,ルーズレイン,C-6143abbc0b575145,205,1,CC-6143abbc0b575145,1,0.0,0,0.001697792869269949,0.0,0,0.0,louvain,intersection_count,100.0,0.0,1.0,20260801,1.0.0,not_used,community labels are structural network results; they are not official factions and do not replace original-setting faction metadata
JP10,cross_department,music,lotuslove,Lotus Love,Lotus Love,C-1c8ae759e51193b6,206,1,CC-1c8ae759e51193b6,1,0.0,0,0.001697792869269949,0.0,0,0.0,louvain,intersection_count,100.0,0.0,1.0,20260801,1.0.0,not_used,community labels are structural network results; they are not official factions and do not replace original-setting faction metadata
JP10,cross_department,music,lotusroad,Lotus Road,Lotus Road,C-d5189387677be14c,207,1,CC-d5189387677be14c,1,0.0,0,0.001697792869269949,0.0,0,0.0,louvain,intersection_count,100.0,0.0,1.0,20260801,1.0.0,not_used,community labels are structural network results; they are not official factions and do not replace original-setting faction metadata
JP10,cross_department,music,lunateelf,Lunate Elf,ルーネイトエルフ,C-19f8c596d812b90f,208,1,CC-19f8c596d812b90f,1,0.0,0,0.001697792869269949,0.0,0,0.0,louvain,intersection_count,100.0,0.0,1.0,20260801,1.0.0,not_used,community labels are structural network results; they are not official factions and do not replace original-setting faction metadata
JP10,cross_department,music,magicalandhopeless,Magical and Hopeless,Magical and Hopeless,C-f99327eefce822eb,209,1,CC-f99327eefce822eb,1,0.0,0,0.001697792869269949,0.0,0,0.0,louvain,intersection_count,100.0,0.0,1.0,20260801,1.0.0,not_used,community labels are structural network results; they are not official factions and do not replace original-setting faction metadata
JP10,cross_department,music,magicalstorm,Magical Storm,マジカルストーム,C-df4991e2fbfab481,210,1,CC-df4991e2fbfab481,1,0.0,0,0.001697792869269949,0.0,0,0.0,louvain,intersection_count,100.0,0.0,1.0,20260801,1.0.0,not_used,community labels are structural network results; they are not official factions and do not replace original-setting faction metadata
JP10,cross_department,music,magicoflife,Magic of Life,Magic of Life,C-fce555037462dd98,211,1,CC-fce555037462dd98,1,0.0,0,0.001697792869269949,0.0,0,0.0,louvain,intersection_count,100.0,0.0,1.0,20260801,1.0.0,not_used,community labels are structural network results; they are not official factions and do not replace original-setting faction metadata
JP10,cross_department,music,magicshopofraspberry,Magic Shop of Raspberry,Magic Shop of Raspberry,C-f4a7b5503e10447f,212,1,CC-f4a7b5503e10447f,1,0.0,0,0.001697792869269949,0.0,0,0.0,louvain,intersection_count,100.0,0.0,1.0,20260801,1.0.0,not_used,community labels are structural network results; they are not official factions and do not replace original-setting faction metadata
JP10,cross_department,music,magusnight,Magus Night,メイガスナイト,C-fdd99e47931b59a2,213,1,CC-fdd99e47931b59a2,1,0.0,0,0.001697792869269949,0.0,0,0.0,louvain,intersection_count,100.0,0.0,1.0,20260801,1.0.0,not_used,community labels are structural network results; they are not official factions and do not replace original-setting faction metadata
JP10,cross_department,music,maniacalprincess,Maniacal Princess,Maniacal Princess,C-19bb0055e551349f,214,1,CC-19bb0055e551349f,1,0.0,0,0.001697792869269949,0.0,0,0.0,louvain,intersection_count,100.0,0.0,1.0,20260801,1.0.0,not_used,community labels are structural network results; they are not official factions and do not replace original-setting faction metadata
JP10,cross_department,music,mapledream,Maple Dream...,Maple Dream...,C-f1e2140cfc76e395,215,1,CC-f1e2140cfc76e395,1,0.0,0,0.001697792869269949,0.0,0,0.0,louvain,intersection_count,100.0,0.0,1.0,20260801,1.0.0,not_used,community labels are structural network results; they are not official factions and do not replace original-setting faction metadata
JP10,cross_department,music,maplewise,Maple Wise,メイプルワイズ,C-2ae4c36968e799f2,216,1,CC-2ae4c36968e799f2,1,0.0,0,0.001697792869269949,0.0,0,0.0,louvain,intersection_count,100.0,0.0,1.0,20260801,1.0.0,not_used,community labels are structural network results; they are not official factions and do not replace original-setting faction metadata
JP10,cross_department,music,mistlake,Mist Lake,ミストレイク,C-33373dc6de706655,217,1,CC-33373dc6de706655,1,0.0,0,0.001697792869269949,0.0,0,0.0,louvain,intersection_count,100.0,0.0,1.0,20260801,1.0.0,not_used,community labels are structural network results; they are not official factions and do not replace original-setting faction metadata
JP10,cross_department,music,mymaidsweetmaid,My Maid Sweet Maid,"My Maid, Sweet Maid",C-2d48ba223ea91a95,218,1,CC-2d48ba223ea91a95,1,0.0,0,0.001697792869269949,0.0,0,0.0,louvain,intersection_count,100.0,0.0,1.0,20260801,1.0.0,not_used,community labels are structural network results; they are not official factions and do not replace original-setting faction metadata
JP10,cross_department,music,mysticdream,Mystic Dream,Mystic Dream,C-e204c416777f9e23,219,1,CC-e204c416777f9e23,1,0.0,0,0.001697792869269949,0.0,0,0.0,louvain,intersection_count,100.0,0.0,1.0,20260801,1.0.0,not_used,community labels are structural network results; they are not official factions and do not replace original-setting faction metadata
JP10,cross_department,music,nativefaith,Native Faith,ネイティブフェイス,C-6cc2c18c659cba08,220,1,CC-6cc2c18c659cba08,1,0.0,0,0.001697792869269949,0.0,0,0.0,louvain,intersection_count,100.0,0.0,1.0,20260801,1.0.0,not_used,community labels are structural network results; they are not official factions and do not replace original-setting faction metadata
JP10,cross_department,music,necrofantasia,Necro-Fantasia,ネクロファンタジア,C-53589997b7d93fb7,221,1,CC-53589997b7d93fb7,1,0.0,0,0.001697792869269949,0.0,0,0.0,louvain,intersection_count,100.0,0.0,1.0,20260801,1.0.0,not_used,community labels are structural network results; they are not official factions and do not replace original-setting faction metadata
JP10,cross_department,music,newshound,Newshound,ニュースハウンド,C-d21a214c3c351665,222,1,CC-d21a214c3c351665,1,0.0,0,0.001697792869269949,0.0,0,0.0,louvain,intersection_count,100.0,0.0,1.0,20260801,1.0.0,not_used,community labels are structural network results; they are not official factions and do not replace original-setting faction metadata
JP10,cross_department,music,orientaldarkflight,Oriental Dark Flight,オリエンタルダークフライト,C-1eb63f2b0942284d,223,1,CC-1eb63f2b0942284d,1,0.0,0,0.001697792869269949,0.0,0,0.0,louvain,intersection_count,100.0,0.0,1.0,20260801,1.0.0,not_used,community labels are structural network results; they are not official factions and do not replace original-setting faction metadata
JP10,cross_department,music,orientalmagician,Oriental Magician,Oriental Magician,C-f9d592d29a8e7486,224,1,CC-f9d592d29a8e7486,1,0.0,0,0.001697792869269949,0.0,0,0.0,louvain,intersection_count,100.0,0.0,1.0,20260801,1.0.0,not_used,community labels are structural network results; they are not official factions and do not replace original-setting faction metadata
JP10,cross_department,music,peacefulromancer,Peaceful Romancer,Peaceful Romancer,C-5c8bc35f71081d3c,225,1,CC-5c8bc35f71081d3c,1,0.0,0,0.001697792869269949,0.0,0,0.0,louvain,intersection_count,100.0,0.0,1.0,20260801,1.0.0,not_used,community labels are structural network results; they are not official factions and do not replace original-setting faction metadata
JP10,cross_department,music,phantasmagoria,Phantasmagoria,Phantasmagoria,C-29fc9460c535fd2d,226,1,CC-29fc9460c535fd2d,1,0.0,0,0.001697792869269949,0.0,0,0.0,louvain,intersection_count,100.0,0.0,1.0,20260801,1.0.0,not_used,community labels are structural network results; they are not official factions and do not replace original-setting faction metadata
JP10,cross_department,music,plainasia,Plain Asia,プレインエイジア,C-70a1d4a095fe7ae2,227,1,CC-70a1d4a095fe7ae2,1,0.0,0,0.001697792869269949,0.0,0,0.0,louvain,intersection_count,100.0,0.0,1.0,20260801,1.0.0,not_used,community labels are structural network results; they are not official factions and do not replace original-setting faction metadata
JP10,cross_department,music,plasticmind,Plastic Mind,プラスチックマインド,C-f28254f18600bd75,228,1,CC-f28254f18600bd75,1,0.0,0,0.001697792869269949,0.0,0,0.0,louvain,intersection_count,100.0,0.0,1.0,20260801,1.0.0,not_used,community labels are structural network results; they are not official factions and do not replace original-setting faction metadata
JP10,cross_department,music,plasticspace,Plastic Space,Plastic Space,C-2d7128fb3ec008e8,229,1,CC-2d7128fb3ec008e8,1,0.0,0,0.001697792869269949,0.0,0,0.0,louvain,intersection_count,100.0,0.0,1.0,20260801,1.0.0,not_used,community labels are structural network results; they are not official factions and do not replace original-setting faction metadata
JP10,cross_department,music,playersscore,Player's Score,プレイヤーズスコア,C-781e155d2f02028c,230,1,CC-781e155d2f02028c,1,0.0,0,0.001697792869269949,0.0,0,0.0,louvain,intersection_count,100.0,0.0,1.0,20260801,1.0.0,not_used,community labels are structural network results; they are not official factions and do not replace original-setting faction metadata
JP10,cross_department,music,primroseshiver,Primrose Shiver,プリムローズシヴァ,C-418f660dd8d025b3,231,1,CC-418f660dd8d025b3,1,0.0,0,0.001697792869269949,0.0,0,0.0,louvain,intersection_count,100.0,0.0,1.0,20260801,1.0.0,not_used,community labels are structural network results; they are not official factions and do not replace original-setting faction metadata
JP10,cross_department,music,reincarnation,Reincarnation,リーインカーネイション,C-787c9eececdffce4,232,1,CC-787c9eececdffce4,1,0.0,0,0.001697792869269949,0.0,0,0.0,louvain,intersection_count,100.0,0.0,1.0,20260801,1.0.0,not_used,community labels are structural network results; they are not official factions and do not replace original-setting faction metadata
JP10,cross_department,music,reverseideology,Reverse Ideology,リバースイデオロギー,C-205dfbec85a87d58,233,1,CC-205dfbec85a87d58,1,0.0,0,0.001697792869269949,0.0,0,0.0,louvain,intersection_count,100.0,0.0,1.0,20260801,1.0.0,not_used,community labels are structural network results; they are not official factions and do not replace original-setting faction metadata
JP10,cross_department,music,rigidparadise,Rigid Paradise,リジッドパラダイス,C-1d94be9c4f0fc9f0,234,1,CC-1d94be9c4f0fc9f0,1,0.0,0,0.001697792869269949,0.0,0,0.0,louvain,intersection_count,100.0,0.0,1.0,20260801,1.0.0,not_used,community labels are structural network results; they are not official factions and do not replace original-setting faction metadata
JP10,cross_department,music,romanticchildren,Romantic Children,Romantic Children,C-5bf63c22876eb431,235,1,CC-5bf63c22876eb431,1,0.0,0,0.001697792869269949,0.0,0,0.0,louvain,intersection_count,100.0,0.0,1.0,20260801,1.0.0,not_used,community labels are structural network results; they are not official factions and do not replace original-setting faction metadata
JP10,cross_department,music,sacredbattle,Sacred Battle,Sacred Battle,C-12cc1f8ea17cdcd8,236,1,CC-12cc1f8ea17cdcd8,1,0.0,0,0.001697792869269949,0.0,0,0.0,louvain,intersection_count,100.0,0.0,1.0,20260801,1.0.0,not_used,community labels are structural network results; they are not official factions and do not replace original-setting faction metadata
JP10,cross_department,music,sailoroftime,Sailor of Time,Sailor of Time,C-f1362bee987c614b,237,1,CC-f1362bee987c614b,1,0.0,0,0.001697792869269949,0.0,0,0.0,louvain,intersection_count,100.0,0.0,1.0,20260801,1.0.0,not_used,community labels are structural network results; they are not official factions and do not replace original-setting faction metadata
JP10,cross_department,music,selection,Selection,Selection,C-f2d21b851f7e55a6,238,1,CC-f2d21b851f7e55a6,1,0.0,0,0.001697792869269949,0.0,0,0.0,louvain,intersection_count,100.0,0.0,1.0,20260801,1.0.0,not_used,community labels are structural network results; they are not official factions and do not replace original-setting faction metadata
JP10,cross_department,music,seleneslight,Selene's light,Selene's light,C-5f65fb0797d476a8,239,1,CC-5f65fb0797d476a8,1,0.0,0,0.001697792869269949,0.0,0,0.0,louvain,intersection_count,100.0,0.0,1.0,20260801,1.0.0,not_used,community labels are structural network results; they are not official factions and do not replace original-setting faction metadata
JP10,cross_department,music,shesinatemper,She's in a temper!!,She's in a temper!!,C-4fcaa496886bfb03,240,1,CC-4fcaa496886bfb03,1,0.0,0,0.001697792869269949,0.0,0,0.0,louvain,intersection_count,100.0,0.0,1.0,20260801,1.0.0,not_used,community labels are structural network results; they are not official factions and do not replace original-setting faction metadata
JP10,cross_department,music,silkroadalice,Silk Road Alice,シルクロードアリス,C-d0ad5c92ac95bfda,241,1,CC-d0ad5c92ac95bfda,1,0.0,0,0.001697792869269949,0.0,0,0.0,louvain,intersection_count,100.0,0.0,1.0,20260801,1.0.0,not_used,community labels are structural network results; they are not official factions and do not replace original-setting faction metadata
JP10,cross_department,music,skyruin,Sky Ruin,スカイルーイン,C-e37a1fb898cd00bd,242,1,CC-e37a1fb898cd00bd,1,0.0,0,0.001697792869269949,0.0,0,0.0,louvain,intersection_count,100.0,0.0,1.0,20260801,1.0.0,not_used,community labels are structural network results; they are not official factions and do not replace original-setting faction metadata
JP10,cross_department,music,starbowdream,Starbow Dream,スターボウドリーム,C-2f1f4e3ba4a03b1c,243,1,CC-2f1f4e3ba4a03b1c,1,0.0,0,0.001697792869269949,0.0,0,0.0,louvain,intersection_count,100.0,0.0,1.0,20260801,1.0.0,not_used,community labels are structural network results; they are not official factions and do not replace original-setting faction metadata
JP10,cross_department,music,starvoyage2008,Star Voyage2008,スターヴォヤージュ2008,C-69488443a4f899a9,244,1,CC-69488443a4f899a9,1,0.0,0,0.001697792869269949,0.0,0,0.0,louvain,intersection_count,100.0,0.0,1.0,20260801,1.0.0,not_used,community labels are structural network results; they are not official factions and do not replace original-setting faction metadata
JP10,cross_department,music,strawberrycrisis,Strawberry Crisis!!,Strawberry Crisis!!,C-549e6e78365e01a5,245,1,CC-549e6e78365e01a5,1,0.0,0,0.001697792869269949,0.0,0,0.0,louvain,intersection_count,100.0,0.0,1.0,20260801,1.0.0,not_used,community labels are structural network results; they are not official factions and do not replace original-setting faction metadata
JP10,cross_department,music,sunnyrutileflection,Sunny Rutile Flection,サニールチルフレクション,C-e756a57843c8089d,246,1,CC-e756a57843c8089d,1,0.0,0,0.001697792869269949,0.0,0,0.0,louvain,intersection_count,100.0,0.0,1.0,20260801,1.0.0,not_used,community labels are structural network results; they are not official factions and do not replace original-setting faction metadata
JP10,cross_department,music,tabularasa空白少女,Tabula rasa ～ 空白少女,Tabula rasa　～ 空白少女,C-68c0c2ff3eebf23f,247,1,CC-68c0c2ff3eebf23f,1,0.0,0,0.001697792869269949,0.0,0,0.0,louvain,intersection_count,100.0,0.0,1.0,20260801,1.0.0,not_used,community labels are structural network results; they are not official factions and do not replace original-setting faction metadata
JP10,cross_department,music,thegrimoireofalice,the Grimoire of Alice,the Grimoire of Alice,C-c18bfc44aeafbe2e,248,1,CC-c18bfc44aeafbe2e,1,0.0,0,0.001697792869269949,0.0,0,0.0,louvain,intersection_count,100.0,0.0,1.0,20260801,1.0.0,not_used,community labels are structural network results; they are not official factions and do not replace original-setting faction metadata
JP10,cross_department,music,thelastjudgement,the Last Judgement,the Last Judgement,C-9833dd71babcff43,249,1,CC-9833dd71babcff43,1,0.0,0,0.001697792869269949,0.0,0,0.0,louvain,intersection_count,100.0,0.0,1.0,20260801,1.0.0,not_used,community labels are structural network results; they are not official factions and do not replace original-setting faction metadata
JP10,cross_department,music,thelegendofkage,The Legend of KAGE,the Legend of KAGE,C-1a2248258166f573,250,1,CC-1a2248258166f573,1,0.0,0,0.001697792869269949,0.0,0,0.0,louvain,intersection_count,100.0,0.0,1.0,20260801,1.0.0,not_used,community labels are structural network results; they are not official factions and do not replace original-setting faction metadata
JP10,cross_department,music,themeofeasternstory,Theme of Eastern Story,テーマ・オブ・イースタンストーリー,C-02ca95627da23eee,251,1,CC-02ca95627da23eee,1,0.0,0,0.001697792869269949,0.0,0,0.0,louvain,intersection_count,100.0,0.0,1.0,20260801,1.0.0,not_used,community labels are structural network results; they are not official factions and do not replace original-setting faction metadata
JP10,cross_department,music,thepositiveandnegative,The Positive and Negative,The Positive and Negative,C-01a42b08c7281035,252,1,CC-01a42b08c7281035,1,0.0,0,0.001697792869269949,0.0,0,0.0,louvain,intersection_count,100.0,0.0,1.0,20260801,1.0.0,not_used,community labels are structural network results; they are not official factions and do not replace original-setting faction metadata
JP10,cross_department,music,titledmaid,Titled Maid,タイトルドメイド,C-e54cf735a7dc1985,253,1,CC-e54cf735a7dc1985,1,0.0,0,0.001697792869269949,0.0,0,0.0,louvain,intersection_count,100.0,0.0,1.0,20260801,1.0.0,not_used,community labels are structural network results; they are not official factions and do not replace original-setting faction metadata
JP10,cross_department,music,ultimatetruth,Ultimate Truth,アルティメットトゥルース,C-32693a64e05d6ff0,254,1,CC-32693a64e05d6ff0,1,0.0,0,0.001697792869269949,0.0,0,0.0,louvain,intersection_count,100.0,0.0,1.0,20260801,1.0.0,not_used,community labels are structural network results; they are not official factions and do not replace original-setting faction metadata
JP10,cross_department,music,unowen就是她吗,U.N.OWEN就是她吗？,U.N.オーエンは彼女なのか？,C-d2ddd124daa9396d,255,1,CC-d2ddd124daa9396d,1,0.0,0,0.001697792869269949,0.0,0,0.0,louvain,intersection_count,100.0,0.0,1.0,20260801,1.0.0,not_used,community labels are structural network results; they are not official factions and do not replace original-setting faction metadata
JP10,cross_department,music,voyage1969,Voyage1969,ヴォヤージュ1969,C-52c8c4318908d283,256,1,CC-52c8c4318908d283,1,0.0,0,0.001697792869269949,0.0,0,0.0,louvain,intersection_count,100.0,0.0,1.0,20260801,1.0.0,not_used,community labels are structural network results; they are not official factions and do not replace original-setting faction metadata
JP10,cross_department,music,voyage1970,Voyage1970,ヴォヤージュ1970,C-ac8a0427a45a3500,257,1,CC-ac8a0427a45a3500,1,0.0,0,0.001697792869269949,0.0,0,0.0,louvain,intersection_count,100.0,0.0,1.0,20260801,1.0.0,not_used,community labels are structural network results; they are not official factions and do not replace original-setting faction metadata
JP10,cross_department,music,witchingdream,Witching Dream,Witching Dream,C-a0175256704d60e9,258,1,CC-a0175256704d60e9,1,0.0,0,0.001697792869269949,0.0,0,0.0,louvain,intersection_count,100.0,0.0,1.0,20260801,1.0.0,not_used,community labels are structural network results; they are not official factions and do not replace original-setting faction metadata
JP10,cross_department,music,witchoflovepotion,Witch of Love Potion,Witch of Love Potion,C-3fb62d252000cafc,259,1,CC-3fb62d252000cafc,1,0.0,0,0.001697792869269949,0.0,0,0.0,louvain,intersection_count,100.0,0.0,1.0,20260801,1.0.0,not_used,community labels are structural network results; they are not official factions and do not replace original-setting faction metadata
JP10,cross_department,music,上海红茶馆,上海红茶馆 ～ Chinese Tea,上海紅茶館　～ Chinese Tea,C-97385b05a8066a1b,260,1,CC-97385b05a8066a1b,1,0.0,0,0.001697792869269949,0.0,0,0.0,louvain,intersection_count,100.0,0.0,1.0,20260801,1.0.0,not_used,community labels are structural network results; they are not official factions and do not replace original-setting faction metadata
JP10,cross_department,music,不可不禁止的游戏,不可不禁止的游戏,禁じざるをえない遊戯,C-03c5f4ea0ec85483,261,1,CC-03c5f4ea0ec85483,1,0.0,0,0.001697792869269949,0.0,0,0.0,louvain,intersection_count,100.0,0.0,1.0,20260801,1.0.0,not_used,community labels are structural network results; they are not official factions and do not replace original-setting faction metadata
JP10,cross_department,music,不可思议之国的爱丽丝,不可思议之国的爱丽丝,不思議の国のアリス,C-480d5468529276f2,262,1,CC-480d5468529276f2,1,0.0,0,0.001697792869269949,0.0,0,0.0,louvain,intersection_count,100.0,0.0,1.0,20260801,1.0.0,not_used,community labels are structural network results; they are not official factions and do not replace original-setting faction metadata
JP10,cross_department,music,不可思议的驱魔棒,不可思议的驱魔棒,不思議なお祓い棒,C-8e875b5a13be4dd6,263,1,CC-8e875b5a13be4dd6,1,0.0,0,0.001697792869269949,0.0,0,0.0,louvain,intersection_count,100.0,0.0,1.0,20260801,1.0.0,not_used,community labels are structural network results; they are not official factions and do not replace original-setting faction metadata
JP10,cross_department,music,丑时三刻的村庄,丑时三刻的村庄,丑三つ時の里,C-f187ebef2a605e93,264,1,CC-f187ebef2a605e93,1,0.0,0,0.001697792869269949,0.0,0,0.0,louvain,intersection_count,100.0,0.0,1.0,20260801,1.0.0,not_used,community labels are structural network results; they are not official factions and do not replace original-setting faction metadata
JP10,cross_department,music,世界的尽头worldsend,世界的尽头 ～ World's End,世界の果て　～ World's End,C-e5037bdbe2c6e4fe,265,1,CC-e5037bdbe2c6e4fe,1,0.0,0,0.001697792869269949,0.0,0,0.0,louvain,intersection_count,100.0,0.0,1.0,20260801,1.0.0,not_used,community labels are structural network results; they are not official factions and do not replace original-setting faction metadata
JP10,cross_department,music,业火地幔,业火地幔,業火マントル,C-3c969a3ac5013e06,266,1,CC-3c969a3ac5013e06,1,0.0,0,0.001697792869269949,0.0,0,0.0,louvain,intersection_count,100.0,0.0,1.0,20260801,1.0.0,not_used,community labels are structural network results; they are not official factions and do not replace original-setting faction metadata
JP10,cross_department,music,东之国的不眠夜,东之国的不眠夜,東の国の眠らない夜,C-a3c9668e3f96311c,267,1,CC-a3c9668e3f96311c,1,0.0,0,0.001697792869269949,0.0,0,0.0,louvain,intersection_count,100.0,0.0,1.0,20260801,1.0.0,not_used,community labels are structural network results; they are not official factions and do not replace original-setting faction metadata
JP10,cross_department,music,东方妖妖梦,东方妖妖梦 ～ Ancient Temple,東方妖々夢　～ Ancient Temple,C-f3f48dc4f86b219a,268,1,CC-f3f48dc4f86b219a,1,0.0,0,0.001697792869269949,0.0,0,0.0,louvain,intersection_count,100.0,0.0,1.0,20260801,1.0.0,not_used,community labels are structural network results; they are not official factions and do not replace original-setting faction metadata
JP10,cross_department,music,东方妖怪小町,东方妖怪小町,東方妖怪小町,C-e04eec13ab509a6a,269,1,CC-e04eec13ab509a6a,1,0.0,0,0.001697792869269949,0.0,0,0.0,louvain,intersection_count,100.0,0.0,1.0,20260801,1.0.0,not_used,community labels are structural network results; they are not official factions and do not replace original-setting faction metadata
JP10,cross_department,music,东方妖恋谈,东方妖恋谈,東方妖恋談,C-f63664c2f59d2d0d,270,1,CC-f63664c2f59d2d0d,1,0.0,0,0.001697792869269949,0.0,0,0.0,louvain,intersection_count,100.0,0.0,1.0,20260801,1.0.0,not_used,community labels are structural network results; they are not official factions and do not replace original-setting faction metadata
JP10,cross_department,music,东方封魔录净土曼荼罗,东方封魔录 ～ 净土曼荼罗,東方封魔録　～ 浄土曼荼羅,C-7526c0af88594997,271,1,CC-7526c0af88594997,1,0.0,0,0.001697792869269949,0.0,0,0.0,louvain,intersection_count,100.0,0.0,1.0,20260801,1.0.0,not_used,community labels are structural network results; they are not official factions and do not replace original-setting faction metadata
JP10,cross_department,music,东方封魔录幽幻乱舞,东方封魔录 ～ 幽幻乱舞,東方封魔録　～ 幽幻乱舞,C-199a764debdb9402,272,1,CC-199a764debdb9402,1,0.0,0,0.001697792869269949,0.0,0,0.0,louvain,intersection_count,100.0,0.0,1.0,20260801,1.0.0,not_used,community labels are structural network results; they are not official factions and do not replace original-setting faction metadata
JP10,cross_department,music,东方怪奇谈,东方怪奇谈,東方怪奇談,C-bedfb1f58367e3ae,273,1,CC-bedfb1f58367e3ae,1,0.0,0,0.001697792869269949,0.0,0,0.0,louvain,intersection_count,100.0,0.0,1.0,20260801,1.0.0,not_used,community labels are structural network results; they are not official factions and do not replace original-setting faction metadata
JP10,cross_department,music,东方的蓝色天空,东方的蓝色天空,東方の青い空,C-7387380b1f2d7d65,274,1,CC-7387380b1f2d7d65,1,0.0,0,0.001697792869269949,0.0,0,0.0,louvain,intersection_count,100.0,0.0,1.0,20260801,1.0.0,not_used,community labels are structural network results; they are not official factions and do not replace original-setting faction metadata
JP10,cross_department,music,东方绯想天,东方绯想天,東方緋想天,C-23037344ffdb11c8,275,1,CC-23037344ffdb11c8,1,0.0,0,0.001697792869269949,0.0,0,0.0,louvain,intersection_count,100.0,0.0,1.0,20260801,1.0.0,not_used,community labels are structural network results; they are not official factions and do not replace original-setting faction metadata
JP10,cross_department,music,东方萃梦想,东方萃梦想,東方萃夢想,C-3124c43b1c50630e,276,1,CC-3124c43b1c50630e,1,0.0,0,0.001697792869269949,0.0,0,0.0,louvain,intersection_count,100.0,0.0,1.0,20260801,1.0.0,not_used,community labels are structural network results; they are not official factions and do not replace original-setting faction metadata
JP10,cross_department,music,东风,东风,あゆのかぜ,C-a0fa257ec6281a76,277,1,CC-a0fa257ec6281a76,1,0.0,0,0.001697792869269949,0.0,0,0.0,louvain,intersection_count,100.0,0.0,1.0,20260801,1.0.0,not_used,community labels are structural network results; they are not official factions and do not replace original-setting faction metadata
JP10,cross_department,music,两个世界,两个世界,二つの世界,C-3d175e775e0f5d4f,278,1,CC-3d175e775e0f5d4f,1,0.0,0,0.001697792869269949,0.0,0,0.0,louvain,intersection_count,100.0,0.0,1.0,20260801,1.0.0,not_used,community labels are structural network results; they are not official factions and do not replace original-setting faction metadata
JP10,cross_department,music,久远之梦,久远之梦,久遠の夢,C-338d924ec0c5631f,279,1,CC-338d924ec0c5631f,1,0.0,0,0.001697792869269949,0.0,0,0.0,louvain,intersection_count,100.0,0.0,1.0,20260801,1.0.0,not_used,community labels are structural network results; they are not official factions and do not replace original-setting faction metadata
JP10,cross_department,music,二色莲花蝶,二色莲花蝶,二色蓮花蝶,C-d42de21f6041e3c1,280,1,CC-d42de21f6041e3c1,1,0.0,0,0.001697792869269949,0.0,0,0.0,louvain,intersection_count,100.0,0.0,1.0,20260801,1.0.0,not_used,community labels are structural network results; they are not official factions and do not replace original-setting faction metadata
JP10,cross_department,music,云外苍天,云外苍天,雲外蒼天,C-fe5bf120a3a3e9ef,281,1,CC-fe5bf120a3a3e9ef,1,0.0,0,0.001697792869269949,0.0,0,0.0,louvain,intersection_count,100.0,0.0,1.0,20260801,1.0.0,not_used,community labels are structural network results; they are not official factions and do not replace original-setting faction metadata
JP10,cross_department,music,亡失的情感,亡失的情感,亡失のエモーション,C-a0d78f34b2e2aaf2,282,1,CC-a0d78f34b2e2aaf2,1,0.0,0,0.001697792869269949,0.0,0,0.0,louvain,intersection_count,100.0,0.0,1.0,20260801,1.0.0,not_used,community labels are structural network results; they are not official factions and do not replace original-setting faction metadata
JP10,cross_department,music,人偶之森,人偶之森,人形の森,C-ae66178b420431e8,283,1,CC-ae66178b420431e8,1,0.0,0,0.001697792869269949,0.0,0,0.0,louvain,intersection_count,100.0,0.0,1.0,20260801,1.0.0,not_used,community labels are structural network results; they are not official factions and do not replace original-setting faction metadata
JP10,cross_department,music,人偶存在的风景,人偶存在的风景,人形のある風景,C-6068b22a1b7c10b3,284,1,CC-6068b22a1b7c10b3,1,0.0,0,0.001697792869269949,0.0,0,0.0,louvain,intersection_count,100.0,0.0,1.0,20260801,1.0.0,not_used,community labels are structural network results; they are not official factions and do not replace original-setting faction metadata
JP10,cross_department,music,人偶裁判,人偶裁判,人形裁判,C-fea4fbd169e92e51,285,1,CC-fea4fbd169e92e51,1,0.0,0,0.001697792869269949,0.0,0,0.0,louvain,intersection_count,100.0,0.0,1.0,20260801,1.0.0,not_used,community labels are structural network results; they are not official factions and do not replace original-setting faction metadata
JP10,cross_department,music,今昔幻想乡,今昔幻想乡 ～ Flower Land,今昔幻想郷　～ Flower Land,C-95cb7271510a406a,286,1,CC-95cb7271510a406a,1,0.0,0,0.001697792869269949,0.0,0,0.0,louvain,intersection_count,100.0,0.0,1.0,20260801,1.0.0,not_used,community labels are structural network results; they are not official factions and do not replace original-setting faction metadata
JP10,cross_department,music,令人怀念的东方之血,令人怀念的东方之血 ～ Old World,懐かしき東方の血　～ Old World,C-af9e15f83cbe9700,287,1,CC-af9e15f83cbe9700,1,0.0,0,0.001697792869269949,0.0,0,0.0,louvain,intersection_count,100.0,0.0,1.0,20260801,1.0.0,not_used,community labels are structural network results; they are not official factions and do not replace original-setting faction metadata
JP10,cross_department,music,以死相赌,以死相赌,死を賭して,C-54e0b38239e1bac4,288,1,CC-54e0b38239e1bac4,1,0.0,0,0.001697792869269949,0.0,0,0.0,louvain,intersection_count,100.0,0.0,1.0,20260801,1.0.0,not_used,community labels are structural network results; they are not official factions and do not replace original-setting faction metadata
JP10,cross_department,music,以鱼驱蝇,以鱼驱蝇,以魚駆蠅,C-245ef42816f0fa1a,289,1,CC-245ef42816f0fa1a,1,0.0,0,0.001697792869269949,0.0,0,0.0,louvain,intersection_count,100.0,0.0,1.0,20260801,1.0.0,not_used,community labels are structural network results; they are not official factions and do not replace original-setting faction metadata
JP10,cross_department,music,仰空,仰空,仰空,C-d7da60375361e48a,290,1,CC-d7da60375361e48a,1,0.0,0,0.001697792869269949,0.0,0,0.0,louvain,intersection_count,100.0,0.0,1.0,20260801,1.0.0,not_used,community labels are structural network results; they are not official factions and do not replace original-setting faction metadata
JP10,cross_department,music,伊奘诺物质,伊奘诺物质,イザナギオブジェクト,C-215e383990abae31,291,1,CC-215e383990abae31,1,0.0,0,0.001697792869269949,0.0,0,0.0,louvain,intersection_count,100.0,0.0,1.0,20260801,1.0.0,not_used,community labels are structural network results; they are not official factions and do not replace original-setting faction metadata
JP10,cross_department,music,伏瓦鲁魔法图书馆,伏瓦鲁魔法图书馆,ヴワル魔法図書館,C-bfa0460a4da003fa,292,1,CC-bfa0460a4da003fa,1,0.0,0,0.001697792869269949,0.0,0,0.0,louvain,intersection_count,100.0,0.0,1.0,20260801,1.0.0,not_used,community labels are structural network results; they are not official factions and do not replace original-setting faction metadata
JP10,cross_department,music,众神眷恋的幻想乡,众神眷恋的幻想乡,神々が恋した幻想郷,C-c78a3825c8b40f25,293,1,CC-c78a3825c8b40f25,1,0.0,0,0.001697792869269949,0.0,0,0.0,louvain,intersection_count,100.0,0.0,1.0,20260801,1.0.0,not_used,community labels are structural network results; they are not official factions and do not replace original-setting faction metadata
JP10,cross_department,music,会受稻田姬的斥责啦,会受稻田姬的斥责啦,稲田姫様に叱られるから,C-5691f7e55140e9db,294,1,CC-5691f7e55140e9db,1,0.0,0,0.001697792869269949,0.0,0,0.0,louvain,intersection_count,100.0,0.0,1.0,20260801,1.0.0,not_used,community labels are structural network results; they are not official factions and do not replace original-setting faction metadata
JP10,cross_department,music,传说中的仙境,传说中的仙境,昔話わんだーらんど,C-dd56ac0472f00b70,295,1,CC-dd56ac0472f00b70,1,0.0,0,0.001697792869269949,0.0,0,0.0,louvain,intersection_count,100.0,0.0,1.0,20260801,1.0.0,not_used,community labels are structural network results; they are not official factions and do not replace original-setting faction metadata
JP10,cross_department,music,传说的巨神,传说的巨神,伝説の巨神,C-7721d23707f34ccc,296,1,CC-7721d23707f34ccc,1,0.0,0,0.001697792869269949,0.0,0,0.0,louvain,intersection_count,100.0,0.0,1.0,20260801,1.0.0,not_used,community labels are structural network results; they are not official factions and do not replace original-setting faction metadata
JP10,cross_department,music,佐渡的二岩,佐渡的二岩,佐渡の二ッ岩,C-2a7aa1c9dcd1e8a0,297,1,CC-2a7aa1c9dcd1e8a0,1,0.0,0,0.001697792869269949,0.0,0,0.0,louvain,intersection_count,100.0,0.0,1.0,20260801,1.0.0,not_used,community labels are structural network results; they are not official factions and do not replace original-setting faction metadata
JP10,cross_department,music,你所在之城的怪事,你所在之城的怪事,あなたの町の怪事件,C-b36f2378244df21c,298,1,CC-b36f2378244df21c,1,0.0,0,0.001697792869269949,0.0,0,0.0,louvain,intersection_count,100.0,0.0,1.0,20260801,1.0.0,not_used,community labels are structural network results; they are not official factions and do not replace original-setting faction metadata
JP10,cross_department,music,你见到了那个影子吗,你见到了那个影子吗,君はあの影を見たか,C-1c4a47e16e31256f,299,1,CC-1c4a47e16e31256f,1,0.0,0,0.001697792869269949,0.0,0,0.0,louvain,intersection_count,100.0,0.0,1.0,20260801,1.0.0,not_used,community labels are structural network results; they are not official factions and do not replace original-setting faction metadata
JP10,cross_department,music,俄耳甫斯的诗pseudoclassic,俄耳甫斯的诗 ～ Pseudoclassic,オルフェの詩　～ Pseudoclassic,C-392a295ab61a452c,300,1,CC-392a295ab61a452c,1,0.0,0,0.001697792869269949,0.0,0,0.0,louvain,intersection_count,100.0,0.0,1.0,20260801,1.0.0,not_used,community labels are structural network results; they are not official factions and do not replace original-setting faction metadata
JP10,cross_department,music,信仰是为了虚幻之人,信仰是为了虚幻之人,信仰は儚き人間の為に,C-07a391e6b3976ad2,301,1,CC-07a391e6b3976ad2,1,0.0,0,0.001697792869269949,0.0,0,0.0,louvain,intersection_count,100.0,0.0,1.0,20260801,1.0.0,not_used,community labels are structural network results; they are not official factions and do not replace original-setting faction metadata
JP10,cross_department,music,冷吟闲醉,冷吟闲醉,冷吟閑酔,C-9d6cf6091dd86d27,302,1,CC-9d6cf6091dd86d27,1,0.0,0,0.001697792869269949,0.0,0,0.0,louvain,intersection_count,100.0,0.0,1.0,20260801,1.0.0,not_used,community labels are structural network results; they are not official factions and do not replace original-setting faction metadata
JP10,cross_department,music,凋叶棕,凋叶棕（withered leaf）,ティアオイエツォン(withered leaf),C-496365fa380c25eb,303,1,CC-496365fa380c25eb,1,0.0,0,0.001697792869269949,0.0,0,0.0,louvain,intersection_count,100.0,0.0,1.0,20260801,1.0.0,not_used,community labels are structural network results; they are not official factions and do not replace original-setting faction metadata
JP10,cross_department,music,出演者选择,出演者选择,演者選択,C-26d49fc0a7924759,304,1,CC-26d49fc0a7924759,1,0.0,0,0.001697792869269949,0.0,0,0.0,louvain,intersection_count,100.0,0.0,1.0,20260801,1.0.0,not_used,community labels are structural network results; they are not official factions and do not replace original-setting faction metadata
JP10,cross_department,music,剧毒身体,剧毒身体 ～ Forsaken Doll,ポイズンボディ　～ Forsaken Doll,C-2ed38e9a3725ec74,305,1,CC-2ed38e9a3725ec74,1,0.0,0,0.001697792869269949,0.0,0,0.0,louvain,intersection_count,100.0,0.0,1.0,20260801,1.0.0,not_used,community labels are structural network results; they are not official factions and do not replace original-setting faction metadata
JP10,cross_department,music,千年幻想乡,千年幻想乡 ～ History of the Moon,千年幻想郷　～ History of the Moon,C-eb449573c0b6afa7,306,1,CC-eb449573c0b6afa7,1,0.0,0,0.001697792869269949,0.0,0,0.0,louvain,intersection_count,100.0,0.0,1.0,20260801,1.0.0,not_used,community labels are structural network results; they are not official factions and do not replace original-setting faction metadata
JP10,cross_department,music,午夜的妖精舞会,午夜的妖精舞会,真夜中のフェアリーダンス,C-cfc800ef8879a061,307,1,CC-cfc800ef8879a061,1,0.0,0,0.001697792869269949,0.0,0,0.0,louvain,intersection_count,100.0,0.0,1.0,20260801,1.0.0,not_used,community labels are structural network results; they are not official factions and do not replace original-setting faction metadata
JP10,cross_department,music,华之幻想红梦之宙,华之幻想 红梦之宙,華の幻想　紅夢の宙,C-9ea7aa79dac3f9fc,308,1,CC-9ea7aa79dac3f9fc,1,0.0,0,0.001697792869269949,0.0,0,0.0,louvain,intersection_count,100.0,0.0,1.0,20260801,1.0.0,not_used,community labels are structural network results; they are not official factions and do not replace original-setting faction metadata
JP10,cross_department,music,华胥之梦,华胥之梦,華胥の夢,C-c727ebc9dde060f3,309,1,CC-c727ebc9dde060f3,1,0.0,0,0.001697792869269949,0.0,0,0.0,louvain,intersection_count,100.0,0.0,1.0,20260801,1.0.0,not_used,community labels are structural network results; they are not official factions and do not replace original-setting faction metadata
JP10,cross_department,music,博丽easternwind,博丽 ～ Eastern Wind,博麗　～ Eastern Wind,C-d16aeb36313fab10,310,1,CC-d16aeb36313fab10,1,0.0,0,0.001697792869269949,0.0,0,0.0,louvain,intersection_count,100.0,0.0,1.0,20260801,1.0.0,not_used,community labels are structural network results; they are not official factions and do not replace original-setting faction metadata
JP10,cross_department,music,博丽神社境内,博丽神社境内,博麗神社境内,C-90e08eade9b6a78f,311,1,CC-90e08eade9b6a78f,1,0.0,0,0.001697792869269949,0.0,0,0.0,louvain,intersection_count,100.0,0.0,1.0,20260801,1.0.0,not_used,community labels are structural network results; they are not official factions and do not replace original-setting faction metadata
JP10,cross_department,music,卡纳维拉尔角的梦幻少女,卡纳维拉尔角的梦幻少女,カナベラルの夢幻少女,C-7c17aeea1cabdb3c,312,1,CC-7c17aeea1cabdb3c,1,0.0,0,0.001697792869269949,0.0,0,0.0,louvain,intersection_count,100.0,0.0,1.0,20260801,1.0.0,not_used,community labels are structural network results; they are not official factions and do not replace original-setting faction metadata
JP10,cross_department,music,卫星露天咖啡座,卫星露天咖啡座,衛星カフェテラス,C-010705e7bd220626,313,1,CC-010705e7bd220626,1,0.0,0,0.001697792869269949,0.0,0,0.0,louvain,intersection_count,100.0,0.0,1.0,20260801,1.0.0,not_used,community labels are structural network results; they are not official factions and do not replace original-setting faction metadata
JP10,cross_department,music,卫星鸟船,卫星鸟船,衛星トリフネ,C-0e31201499876ace,314,1,CC-0e31201499876ace,1,0.0,0,0.001697792869269949,0.0,0,0.0,louvain,intersection_count,100.0,0.0,1.0,20260801,1.0.0,not_used,community labels are structural network results; they are not official factions and do not replace original-setting faction metadata
JP10,cross_department,music,厄神降临之路,厄神降临之路 ～ Dark Road,厄神様の通り道　～ Dark Road,C-f728d4bdfa44a7f8,315,1,CC-f728d4bdfa44a7f8,1,0.0,0,0.001697792869269949,0.0,0,0.0,louvain,intersection_count,100.0,0.0,1.0,20260801,1.0.0,not_used,community labels are structural network results; they are not official factions and do not replace original-setting faction metadata
JP10,cross_department,music,原初的节拍,原初的节拍 ～ Pristine Beat,始原のビート　～ Pristine Beat,C-6bd89f9f431c743d,316,1,CC-6bd89f9f431c743d,1,0.0,0,0.001697792869269949,0.0,0,0.0,louvain,intersection_count,100.0,0.0,1.0,20260801,1.0.0,not_used,community labels are structural network results; they are not official factions and do not replace original-setting faction metadata
JP10,cross_department,music,古老的元神,古老的元神,古きユアンシェン,C-700cd67403d6f9d4,317,1,CC-700cd67403d6f9d4,1,0.0,0,0.001697792869269949,0.0,0,0.0,louvain,intersection_count,100.0,0.0,1.0,20260801,1.0.0,not_used,community labels are structural network results; they are not official factions and do not replace original-setting faction metadata
JP10,cross_department,music,古老的冥界寺,古老的冥界寺,古の冥界寺,C-9ad4550c141ac146,318,1,CC-9ad4550c141ac146,1,0.0,0,0.001697792869269949,0.0,0,0.0,louvain,intersection_count,100.0,0.0,1.0,20260801,1.0.0,not_used,community labels are structural network results; they are not official factions and do not replace original-setting faction metadata
JP10,cross_department,music,另一侧的月,另一侧的月,向こう側の月,C-931f98d9660c1ade,319,1,CC-931f98d9660c1ade,1,0.0,0,0.001697792869269949,0.0,0,0.0,louvain,intersection_count,100.0,0.0,1.0,20260801,1.0.0,not_used,community labels are structural network results; they are not official factions and do not replace original-setting faction metadata
JP10,cross_department,music,可悲的人偶dollofmisery,可悲的人偶 ～ Doll of Misery,悲しき人形　～ Doll of Misery,C-d3414851054821fb,320,1,CC-d3414851054821fb,1,0.0,0,0.001697792869269949,0.0,0,0.0,louvain,intersection_count,100.0,0.0,1.0,20260801,1.0.0,not_used,community labels are structural network results; they are not official factions and do not replace original-setting faction metadata
JP10,cross_department,music,可爱的大战争叠奏曲,可爱的大战争叠奏曲,可愛い大戦争のリフレーン,C-876cf9dfd53d316f,321,1,CC-876cf9dfd53d316f,1,0.0,0,0.001697792869269949,0.0,0,0.0,louvain,intersection_count,100.0,0.0,1.0,20260801,1.0.0,not_used,community labels are structural network results; they are not official factions and do not replace original-setting faction metadata
JP10,cross_department,music,可爱的恶魔innocence,可爱的恶魔 ～ Innocence,かわいい悪魔　～ Innocence,C-cf3a20c0ed50837c,322,1,CC-cf3a20c0ed50837c,1,0.0,0,0.001697792869269949,0.0,0,0.0,louvain,intersection_count,100.0,0.0,1.0,20260801,1.0.0,not_used,community labels are structural network results; they are not official factions and do not replace original-setting faction metadata
JP10,cross_department,music,后院的妖怪参拜道,后院的妖怪参拜道,妖怪裏参道,C-93559f230e1a1b9f,323,1,CC-93559f230e1a1b9f,1,0.0,0,0.001697792869269949,0.0,0,0.0,louvain,intersection_count,100.0,0.0,1.0,20260801,1.0.0,not_used,community labels are structural network results; they are not official factions and do not replace original-setting faction metadata
JP10,cross_department,music,命运的阴暗面,命运的阴暗面,運命のダークサイド,C-9df97752e5a0ae04,324,1,CC-9df97752e5a0ae04,1,0.0,0,0.001697792869269949,0.0,0,0.0,louvain,intersection_count,100.0,0.0,1.0,20260801,1.0.0,not_used,community labels are structural network results; they are not official factions and do not replace original-setting faction metadata
JP10,cross_department,music,哈德曼的妖怪少女,哈德曼的妖怪少女,ハルトマンの妖怪少女,C-4165e3cdcdf146db,325,1,CC-4165e3cdcdf146db,1,0.0,0,0.001697792869269949,0.0,0,0.0,louvain,intersection_count,100.0,0.0,1.0,20260801,1.0.0,not_used,community labels are structural network results; they are not official factions and do not replace original-setting faction metadata
JP10,cross_department,music,嘲讽的游戏,嘲讽的游戏,嘲りの遊戯,C-c5813868f6d4b279,326,1,CC-c5813868f6d4b279,1,0.0,0,0.001697792869269949,0.0,0,0.0,louvain,intersection_count,100.0,0.0,1.0,20260801,1.0.0,not_used,community labels are structural network results; they are not official factions and do not replace original-setting faction metadata
JP10,cross_department,music,回忆京都,回忆京都,レトロスペクティブ京都,C-a207d9b29057fd81,327,1,CC-a207d9b29057fd81,1,0.0,0,0.001697792869269949,0.0,0,0.0,louvain,intersection_count,100.0,0.0,1.0,20260801,1.0.0,not_used,community labels are structural network results; they are not official factions and do not replace original-setting faction metadata
JP10,cross_department,music,因夜失眠,因夜失眠,夜だから眠れない,C-08f0397bd1b5148d,328,1,CC-08f0397bd1b5148d,1,0.0,0,0.001697792869269949,0.0,0,0.0,louvain,intersection_count,100.0,0.0,1.0,20260801,1.0.0,not_used,community labels are structural network results; they are not official factions and do not replace original-setting faction metadata
JP10,cross_department,music,圣德传说,圣德传说 ～ True Administrator,聖徳伝説　～ True Administrator,C-230c0548e7b3c3eb,329,1,CC-230c0548e7b3c3eb,1,0.0,0,0.001697792869269949,0.0,0,0.0,louvain,intersection_count,100.0,0.0,1.0,20260801,1.0.0,not_used,community labels are structural network results; they are not official factions and do not replace original-setting faction metadata
JP10,cross_department,music,在美妙的墓地里住下吧,在美妙的墓地里住下吧,素敵な墓場で暮しましょ,C-433016fcffd1dbf3,330,1,CC-433016fcffd1dbf3,1,0.0,0,0.001697792869269949,0.0,0,0.0,louvain,intersection_count,100.0,0.0,1.0,20260801,1.0.0,not_used,community labels are structural network results; they are not official factions and do not replace original-setting faction metadata
JP10,cross_department,music,地之色乃黄色,地之色乃黄色,地の色は黄色,C-9a0aaf5973b8f0ee,331,1,CC-9a0aaf5973b8f0ee,1,0.0,0,0.001697792869269949,0.0,0,0.0,louvain,intersection_count,100.0,0.0,1.0,20260801,1.0.0,not_used,community labels are structural network results; they are not official factions and do not replace original-setting faction metadata
JP10,cross_department,music,地灵们的归家,地灵们的归家,地霊達の帰宅,C-4ed0566b2e7c924d,332,1,CC-4ed0566b2e7c924d,1,0.0,0,0.001697792869269949,0.0,0,0.0,louvain,intersection_count,100.0,0.0,1.0,20260801,1.0.0,not_used,community labels are structural network results; they are not official factions and do not replace original-setting faction metadata
JP10,cross_department,music,地灵们的起床,地灵们的起床,地霊達の起床,C-6f7c61e8623d74b0,333,1,CC-6f7c61e8623d74b0,1,0.0,0,0.001697792869269949,0.0,0,0.0,louvain,intersection_count,100.0,0.0,1.0,20260801,1.0.0,not_used,community labels are structural network results; they are not official factions and do not replace original-setting faction metadata
JP10,cross_department,music,复仇女神的要塞,复仇女神的要塞,ネメシスの要塞,C-c51548141b06889f,334,1,CC-c51548141b06889f,1,0.0,0,0.001697792869269949,0.0,0,0.0,louvain,intersection_count,100.0,0.0,1.0,20260801,1.0.0,not_used,community labels are structural network results; they are not official factions and do not replace original-setting faction metadata
JP10,cross_department,music,夏明,夏明,夏明き,C-ed0143a67bc8f384,335,1,CC-ed0143a67bc8f384,1,0.0,0,0.001697792869269949,0.0,0,0.0,louvain,intersection_count,100.0,0.0,1.0,20260801,1.0.0,not_used,community labels are structural network results; they are not official factions and do not replace original-setting faction metadata
JP10,cross_department,music,夕阳下落,夕阳下落,陽落ちて,C-6f33d9565cf08a13,336,1,CC-6f33d9565cf08a13,1,0.0,0,0.001697792869269949,0.0,0,0.0,louvain,intersection_count,100.0,0.0,1.0,20260801,1.0.0,not_used,community labels are structural network results; they are not official factions and do not replace original-setting faction metadata
JP10,cross_department,music,夜幕降临,夜幕降临,夜が降りてくる,C-c71f8ddd713741e4,337,1,CC-c71f8ddd713741e4,1,0.0,0,0.001697792869269949,0.0,0,0.0,louvain,intersection_count,100.0,0.0,1.0,20260801,1.0.0,not_used,community labels are structural network results; they are not official factions and do not replace original-setting faction metadata
JP10,cross_department,music,夜空中的ufo恋曲,夜空中的UFO恋曲,夜空のユーフォーロマンス,C-3c7b021d5b6fb274,338,1,CC-3c7b021d5b6fb274,1,0.0,0,0.001697792869269949,0.0,0,0.0,louvain,intersection_count,100.0,0.0,1.0,20260801,1.0.0,not_used,community labels are structural network results; they are not official factions and do not replace original-setting faction metadata
JP10,cross_department,music,夜雀的歌声,夜雀的歌声 ～ Night Bird,夜雀の歌声　～ Night Bird,C-83d37e105dcccb58,339,1,CC-83d37e105dcccb58,1,0.0,0,0.001697792869269949,0.0,0,0.0,louvain,intersection_count,100.0,0.0,1.0,20260801,1.0.0,not_used,community labels are structural network results; they are not official factions and do not replace original-setting faction metadata
JP10,cross_department,music,大江山的花之酒宴,大江山的花之酒宴,華のさかづき大江山,C-87c36bce4f06dc46,340,1,CC-87c36bce4f06dc46,1,0.0,0,0.001697792869269949,0.0,0,0.0,louvain,intersection_count,100.0,0.0,1.0,20260801,1.0.0,not_used,community labels are structural network results; they are not official factions and do not replace original-setting faction metadata
JP10,cross_department,music,大神神话传,大神神话传,大神神話伝,C-570418d714a54f5a,341,1,CC-570418d714a54f5a,1,0.0,0,0.001697792869269949,0.0,0,0.0,louvain,intersection_count,100.0,0.0,1.0,20260801,1.0.0,not_used,community labels are structural network results; they are not official factions and do not replace original-setting faction metadata
JP10,cross_department,music,大空魔术magicalastronomy,大空魔术 ～ Magical Astronomy,大空魔術　～ Magical Astronomy,C-dc3271c544f5c33d,342,1,CC-dc3271c544f5c33d,1,0.0,0,0.001697792869269949,0.0,0,0.0,louvain,intersection_count,100.0,0.0,1.0,20260801,1.0.0,not_used,community labels are structural network results; they are not official factions and do not replace original-setting faction metadata
JP10,cross_department,music,天使传说,天使传说,天使伝説,C-925f5cbda7584ab0,343,1,CC-925f5cbda7584ab0,1,0.0,0,0.001697792869269949,0.0,0,0.0,louvain,intersection_count,100.0,0.0,1.0,20260801,1.0.0,not_used,community labels are structural network results; they are not official factions and do not replace original-setting faction metadata
JP10,cross_department,music,天狗正凝视着,天狗正凝视着 ～ Black Eyes,天狗が見ている　～ Black Eyes,C-765440ea1d3faef9,344,1,CC-765440ea1d3faef9,1,0.0,0,0.001697792869269949,0.0,0,0.0,louvain,intersection_count,100.0,0.0,1.0,20260801,1.0.0,not_used,community labels are structural network results; they are not official factions and do not replace original-setting faction metadata
JP10,cross_department,music,天狗的笔记mysteriousnote,天狗的笔记 ～ Mysterious Note,天狗の手帖　～ Mysterious Note,C-120771c8f3855901,345,1,CC-120771c8f3855901,1,0.0,0,0.001697792869269949,0.0,0,0.0,louvain,intersection_count,100.0,0.0,1.0,20260801,1.0.0,not_used,community labels are structural network results; they are not official factions and do not replace original-setting faction metadata
JP10,cross_department,music,天空军团,天空军团,天空アーミー,C-782b8b541e06b460,346,1,CC-782b8b541e06b460,1,0.0,0,0.001697792869269949,0.0,0,0.0,louvain,intersection_count,100.0,0.0,1.0,20260801,1.0.0,not_used,community labels are structural network results; they are not official factions and do not replace original-setting faction metadata
JP10,cross_department,music,天空的格林尼治,天空的格林尼治,天空のグリニッジ,C-831b0b4650b6db67,347,1,CC-831b0b4650b6db67,1,0.0,0,0.001697792869269949,0.0,0,0.0,louvain,intersection_count,100.0,0.0,1.0,20260801,1.0.0,not_used,community labels are structural network results; they are not official factions and do not replace original-setting faction metadata
JP10,cross_department,music,天空的花都,天空的花都,天空の花の都,C-53a4daa0dc4db342,348,1,CC-53a4daa0dc4db342,1,0.0,0,0.001697792869269949,0.0,0,0.0,louvain,intersection_count,100.0,0.0,1.0,20260801,1.0.0,not_used,community labels are structural network results; they are not official factions and do not replace original-setting faction metadata
JP10,cross_department,music,天衣无缝,天衣无缝,天衣無縫,C-e0071aaf7ad3976c,349,1,CC-e0071aaf7ad3976c,1,0.0,0,0.001697792869269949,0.0,0,0.0,louvain,intersection_count,100.0,0.0,1.0,20260801,1.0.0,not_used,community labels are structural network results; they are not official factions and do not replace original-setting faction metadata
JP10,cross_department,music,天鸟船神社,天鸟船神社,天鳥船神社,C-13d4b7a05e4c0bcd,350,1,CC-13d4b7a05e4c0bcd,1,0.0,0,0.001697792869269949,0.0,0,0.0,louvain,intersection_count,100.0,0.0,1.0,20260801,1.0.0,not_used,community labels are structural network results; they are not official factions and do not replace original-setting faction metadata
JP10,cross_department,music,天鸟船神社的结界,天鸟船神社的结界,天鳥船神社の結界,C-6ced577748947800,351,1,CC-6ced577748947800,1,0.0,0,0.001697792869269949,0.0,0,0.0,louvain,intersection_count,100.0,0.0,1.0,20260801,1.0.0,not_used,community labels are structural network results; they are not official factions and do not replace original-setting faction metadata
JP10,cross_department,music,天鹅绒少女战velvetbattle,天鹅绒少女战 ～ Velvet Battle,天鵞絨少女戦　～ Velvet Battle,C-4760fc468e830323,352,1,CC-4760fc468e830323,1,0.0,0,0.001697792869269949,0.0,0,0.0,louvain,intersection_count,100.0,0.0,1.0,20260801,1.0.0,not_used,community labels are structural network results; they are not official factions and do not replace original-setting faction metadata
JP10,cross_department,music,奥尔良的圣骑士,奥尔良的圣骑士,オルレアンの聖騎士,C-e07f26ae06358d1f,353,1,CC-e07f26ae06358d1f,1,0.0,0,0.001697792869269949,0.0,0,0.0,louvain,intersection_count,100.0,0.0,1.0,20260801,1.0.0,not_used,community labels are structural network results; they are not official factions and do not replace original-setting faction metadata
JP10,cross_department,music,女仆与血之怀表,女仆与血之怀表,メイドと血の懐中時計,C-9f92c93cdfc9ea73,354,1,CC-9f92c93cdfc9ea73,1,0.0,0,0.001697792869269949,0.0,0,0.0,louvain,intersection_count,100.0,0.0,1.0,20260801,1.0.0,not_used,community labels are structural network results; they are not official factions and do not replace original-setting faction metadata
JP10,cross_department,music,女仆幻想icemilkmagic,女仆幻想 ～ Icemilk Magic,メイド幻想　～ Icemilk Magic,C-0b282107dae3e33d,355,1,CC-0b282107dae3e33d,1,0.0,0,0.001697792869269949,0.0,0,0.0,louvain,intersection_count,100.0,0.0,1.0,20260801,1.0.0,not_used,community labels are structural network results; they are not official factions and do not replace original-setting faction metadata
JP10,cross_department,music,如鬼灯般的红色之魂,如鬼灯般的红色之魂,ほおずきみたいに紅い魂,C-238e6762b3d5eae9,356,1,CC-238e6762b3d5eae9,1,0.0,0,0.001697792869269949,0.0,0,0.0,louvain,intersection_count,100.0,0.0,1.0,20260801,1.0.0,not_used,community labels are structural network results; they are not official factions and do not replace original-setting faction metadata
JP10,cross_department,music,妖妖梦snoworcherrypetal,妖妖梦 ～ Snow or Cherry Petal,妖々夢　～ Snow or Cherry Petal,C-6e8c22b779e1c2a0,357,1,CC-6e8c22b779e1c2a0,1,0.0,0,0.001697792869269949,0.0,0,0.0,louvain,intersection_count,100.0,0.0,1.0,20260801,1.0.0,not_used,community labels are structural network results; they are not official factions and do not replace original-setting faction metadata
JP10,cross_department,music,妖妖跋扈,妖妖跋扈,妖々跋扈,C-935c75e6bed55045,358,1,CC-935c75e6bed55045,1,0.0,0,0.001697792869269949,0.0,0,0.0,louvain,intersection_count,100.0,0.0,1.0,20260801,1.0.0,not_used,community labels are structural network results; they are not official factions and do not replace original-setting faction metadata
JP10,cross_department,music,妖怪之山,妖怪之山 ～ Mysterious Mountain,妖怪の山　～ Mysterious Mountain,C-ed43e376f104b4bf,359,1,CC-ed43e376f104b4bf,1,0.0,0,0.001697792869269949,0.0,0,0.0,louvain,intersection_count,100.0,0.0,1.0,20260801,1.0.0,not_used,community labels are structural network results; they are not official factions and do not replace original-setting faction metadata
JP10,cross_department,music,妖怪宇宙旅行,妖怪宇宙旅行,妖怪宇宙旅行,C-4fa5e1cb17c9b178,360,1,CC-4fa5e1cb17c9b178,1,0.0,0,0.001697792869269949,0.0,0,0.0,louvain,intersection_count,100.0,0.0,1.0,20260801,1.0.0,not_used,community labels are structural network results; they are not official factions and do not replace original-setting faction metadata
JP10,cross_department,music,妖怪寺,妖怪寺,妖怪寺,C-176828044ee5f48c,361,1,CC-176828044ee5f48c,1,0.0,0,0.001697792869269949,0.0,0,0.0,louvain,intersection_count,100.0,0.0,1.0,20260801,1.0.0,not_used,community labels are structural network results; they are not official factions and do not replace original-setting faction metadata
JP10,cross_department,music,妖精冒险谭,妖精冒险谭,フェアリー冒険譚,C-088df5b32f1de554,362,1,CC-088df5b32f1de554,1,0.0,0,0.001697792869269949,0.0,0,0.0,louvain,intersection_count,100.0,0.0,1.0,20260801,1.0.0,not_used,community labels are structural network results; they are not official factions and do not replace original-setting faction metadata
JP10,cross_department,music,妖精大战争,妖精大战争 ～ Fairy Wars,妖精大戦争　～ Fairy Wars,C-522a310238120fbd,363,1,CC-522a310238120fbd,1,0.0,0,0.001697792869269949,0.0,0,0.0,louvain,intersection_count,100.0,0.0,1.0,20260801,1.0.0,not_used,community labels are structural network results; they are not official factions and do not replace original-setting faction metadata
JP10,cross_department,music,妖精灿烂的样子,妖精灿烂的样子,妖精燦々として,C-1e8bbccb9aaa531d,364,1,CC-1e8bbccb9aaa531d,1,0.0,0,0.001697792869269949,0.0,0,0.0,louvain,intersection_count,100.0,0.0,1.0,20260801,1.0.0,not_used,community labels are structural network results; they are not official factions and do not replace original-setting faction metadata
JP10,cross_department,music,妖魔夜行,妖魔夜行,妖魔夜行,C-4cb0791655c4edc5,365,1,CC-4cb0791655c4edc5,1,0.0,0,0.001697792869269949,0.0,0,0.0,louvain,intersection_count,100.0,0.0,1.0,20260801,1.0.0,not_used,community labels are structural network results; they are not official factions and do not replace original-setting faction metadata
JP10,cross_department,music,孤独的狼人,孤独的狼人,孤独なウェアウルフ,C-f4b0778cf2dad0c9,366,1,CC-f4b0778cf2dad0c9,1,0.0,0,0.001697792869269949,0.0,0,0.0,louvain,intersection_count,100.0,0.0,1.0,20260801,1.0.0,not_used,community labels are structural network results; they are not official factions and do not replace original-setting faction metadata
JP10,cross_department,music,宇佐大人的白旗,宇佐大人的白旗,お宇佐さまの素い幡,C-2dce95bb4c3542cf,367,1,CC-2dce95bb4c3542cf,1,0.0,0,0.001697792869269949,0.0,0,0.0,louvain,intersection_count,100.0,0.0,1.0,20260801,1.0.0,not_used,community labels are structural network results; they are not official factions and do not replace original-setting faction metadata
JP10,cross_department,music,守旧老爹与前卫少女,守旧老爹与前卫少女,時代親父とハイカラ少女,C-e0aa6241fb558303,368,1,CC-e0aa6241fb558303,1,0.0,0,0.001697792869269949,0.0,0,0.0,louvain,intersection_count,100.0,0.0,1.0,20260801,1.0.0,not_used,community labels are structural network results; they are not official factions and do not replace original-setting faction metadata
JP10,cross_department,music,官板黄昏新闻,官板黄昏新闻,官板黄昏新聞,C-b2fff29ba624abc0,369,1,CC-b2fff29ba624abc0,1,0.0,0,0.001697792869269949,0.0,0,0.0,louvain,intersection_count,100.0,0.0,1.0,20260801,1.0.0,not_used,community labels are structural network results; they are not official factions and do not replace original-setting faction metadata
JP10,cross_department,music,宵暗的魔术师,宵暗的魔术师,宵闇の魔術師,C-9e481001199c4428,370,1,CC-9e481001199c4428,1,0.0,0,0.001697792869269949,0.0,0,0.0,louvain,intersection_count,100.0,0.0,1.0,20260801,1.0.0,not_used,community labels are structural network results; they are not official factions and do not replace original-setting faction metadata
JP10,cross_department,music,封闭的云中通路,封闭的云中通路,閉ざせし雲の通い路,C-f176ac3e643af038,371,1,CC-f176ac3e643af038,1,0.0,0,0.001697792869269949,0.0,0,0.0,louvain,intersection_count,100.0,0.0,1.0,20260801,1.0.0,not_used,community labels are structural network results; they are not official factions and do not replace original-setting faction metadata
JP10,cross_department,music,封魔终演,封魔终演,封魔終演,C-a9f2cb4441ab2abd,372,1,CC-a9f2cb4441ab2abd,1,0.0,0,0.001697792869269949,0.0,0,0.0,louvain,intersection_count,100.0,0.0,1.0,20260801,1.0.0,not_used,community labels are structural network results; they are not official factions and do not replace original-setting faction metadata
JP10,cross_department,music,小小欲望的星空,小小欲望的星空,小さな欲望の星空,C-4ea7bc22efceb671,373,1,CC-4ea7bc22efceb671,1,0.0,0,0.001697792869269949,0.0,0,0.0,louvain,intersection_count,100.0,0.0,1.0,20260801,1.0.0,not_used,community labels are structural network results; they are not official factions and do not replace original-setting faction metadata
JP10,cross_department,music,小小的贤将,小小的贤将,小さな小さな賢将,C-d5150d94616909e4,374,1,CC-d5150d94616909e4,1,0.0,0,0.001697792869269949,0.0,0,0.0,louvain,intersection_count,100.0,0.0,1.0,20260801,1.0.0,not_used,community labels are structural network results; they are not official factions and do not replace original-setting faction metadata
JP10,cross_department,music,小槌的魔力,小槌的魔力,小槌の魔力,C-5ea645b42c63d10b,375,1,CC-5ea645b42c63d10b,1,0.0,0,0.001697792869269949,0.0,0,0.0,louvain,intersection_count,100.0,0.0,1.0,20260801,1.0.0,not_used,community labels are structural network results; they are not official factions and do not replace original-setting faction metadata
JP10,cross_department,music,少女幻葬,少女幻葬 ～ Necro-Fantasy,少女幻葬　～ Necro-Fantasy,C-708b1013f375e36d,376,1,CC-708b1013f375e36d,1,0.0,0,0.001697792869269949,0.0,0,0.0,louvain,intersection_count,100.0,0.0,1.0,20260801,1.0.0,not_used,community labels are structural network results; they are not official factions and do not replace original-setting faction metadata
JP10,cross_department,music,少女战士heartofvalkyrie,少女战士 ～ Heart of Valkyrie,乙女戦士　～ Heart of Valkyrie,C-8ba4a603b8eb5f3a,377,1,CC-8ba4a603b8eb5f3a,1,0.0,0,0.001697792869269949,0.0,0,0.0,louvain,intersection_count,100.0,0.0,1.0,20260801,1.0.0,not_used,community labels are structural network results; they are not official factions and do not replace original-setting faction metadata
JP10,cross_department,music,少女曾见的日本原风景,少女曾见的日本原风景,少女が見た日本の原風景,C-08c30fce915c6c68,378,1,CC-08c30fce915c6c68,1,0.0,0,0.001697792869269949,0.0,0,0.0,louvain,intersection_count,100.0,0.0,1.0,20260801,1.0.0,not_used,community labels are structural network results; they are not official factions and do not replace original-setting faction metadata
JP10,cross_department,music,少女神性pandorasbox,少女神性 ～ Pandora's Box,少女神性　～ Pandora's Box,C-cb48f92443b9d2fd,379,1,CC-cb48f92443b9d2fd,1,0.0,0,0.001697792869269949,0.0,0,0.0,louvain,intersection_count,100.0,0.0,1.0,20260801,1.0.0,not_used,community labels are structural network results; they are not official factions and do not replace original-setting faction metadata
JP10,cross_department,music,少女秘封俱乐部,少女秘封俱乐部,少女秘封倶楽部,C-a0bd0f0ec1919695,380,1,CC-a0bd0f0ec1919695,1,0.0,0,0.001697792869269949,0.0,0,0.0,louvain,intersection_count,100.0,0.0,1.0,20260801,1.0.0,not_used,community labels are structural network results; they are not official factions and do not replace original-setting faction metadata
JP10,cross_department,music,少女绮想曲,少女绮想曲,少女綺想曲,C-b278cbff383abd6e,381,1,CC-b278cbff383abd6e,1,0.0,0,0.001697792869269949,0.0,0,0.0,louvain,intersection_count,100.0,0.0,1.0,20260801,1.0.0,not_used,community labels are structural network results; they are not official factions and do not replace original-setting faction metadata
JP10,cross_department,music,少女觉,少女觉 ～ 3rd eye,少女さとり　～ 3rd eye,C-ce2dd471284799b7,382,1,CC-ce2dd471284799b7,1,0.0,0,0.001697792869269949,0.0,0,0.0,louvain,intersection_count,100.0,0.0,1.0,20260801,1.0.0,not_used,community labels are structural network results; they are not official factions and do not replace original-setting faction metadata
JP10,cross_department,music,尘世不变的悲观主义,尘世不变的悲观主义,塵界不変のペシミズム,C-65bc41aa0e6c8df7,383,1,CC-65bc41aa0e6c8df7,1,0.0,0,0.001697792869269949,0.0,0,0.0,louvain,intersection_count,100.0,0.0,1.0,20260801,1.0.0,not_used,community labels are structural network results; they are not official factions and do not replace original-setting faction metadata
JP10,cross_department,music,尸体旅行,尸体旅行 ～ Be of good cheer!,死体旅行　～ Be of good cheer!,C-c4e13b38cc962e91,384,1,CC-c4e13b38cc962e91,1,0.0,0,0.001697792869269949,0.0,0,0.0,louvain,intersection_count,100.0,0.0,1.0,20260801,1.0.0,not_used,community labels are structural network results; they are not official factions and do not replace original-setting faction metadata
JP10,cross_department,music,山脚的神社,山脚的神社,麓の神社,C-1bdb0caa7b0f1629,385,1,CC-1bdb0caa7b0f1629,1,0.0,0,0.001697792869269949,0.0,0,0.0,louvain,intersection_count,100.0,0.0,1.0,20260801,1.0.0,not_used,community labels are structural network results; they are not official factions and do not replace original-setting faction metadata
JP10,cross_department,music,巨大的影子与渺小的结局,巨大的影子与渺小的结局,巨大な影と小さな結末,C-efc3a1c905d0564a,386,1,CC-efc3a1c905d0564a,1,0.0,0,0.001697792869269949,0.0,0,0.0,louvain,intersection_count,100.0,0.0,1.0,20260801,1.0.0,not_used,community labels are structural network results; they are not official factions and do not replace original-setting faction metadata
JP10,cross_department,music,已经只能听见歌声了,已经只能听见歌声了,もう歌しか聞こえない,C-50b60e04a4e5eb43,387,1,CC-50b60e04a4e5eb43,1,0.0,0,0.001697792869269949,0.0,0,0.0,louvain,intersection_count,100.0,0.0,1.0,20260801,1.0.0,not_used,community labels are structural network results; they are not official factions and do not replace original-setting faction metadata
JP10,cross_department,music,布加勒斯特的人偶师,布加勒斯特的人偶师,ブクレシュティの人形師,C-afa2b4246b7a78c3,388,1,CC-afa2b4246b7a78c3,1,0.0,0,0.001697792869269949,0.0,0,0.0,louvain,intersection_count,100.0,0.0,1.0,20260801,1.0.0,not_used,community labels are structural network results; they are not official factions and do not replace original-setting faction metadata
JP10,cross_department,music,平安时代的外星人,平安时代的外星人,平安のエイリアン,C-e63f68ccc3d7aa19,389,1,CC-e63f68ccc3d7aa19,1,0.0,0,0.001697792869269949,0.0,0,0.0,louvain,intersection_count,100.0,0.0,1.0,20260801,1.0.0,not_used,community labels are structural network results; they are not official factions and do not replace original-setting faction metadata
JP10,cross_department,music,幻想乡lotuslandstory,幻想乡 ～ Lotus Land Story,幻想郷　～ Lotus Land Story,C-8c9bd6d2c9decb0a,390,1,CC-8c9bd6d2c9decb0a,1,0.0,0,0.001697792869269949,0.0,0,0.0,louvain,intersection_count,100.0,0.0,1.0,20260801,1.0.0,not_used,community labels are structural network results; they are not official factions and do not replace original-setting faction metadata
JP10,cross_department,music,幻想乡的二岩,幻想乡的二岩,幻想郷の二ッ岩,C-81caa755d5c99313,391,1,CC-81caa755d5c99313,1,0.0,0,0.001697792869269949,0.0,0,0.0,louvain,intersection_count,100.0,0.0,1.0,20260801,1.0.0,not_used,community labels are structural network results; they are not official factions and do not replace original-setting faction metadata
JP10,cross_department,music,幻想净琉璃,幻想净琉璃,幻想浄瑠璃,C-db679ec1e9ae98aa,392,1,CC-db679ec1e9ae98aa,1,0.0,0,0.001697792869269949,0.0,0,0.0,louvain,intersection_count,100.0,0.0,1.0,20260801,1.0.0,not_used,community labels are structural network results; they are not official factions and do not replace original-setting faction metadata
JP10,cross_department,music,幻想帝都,幻想帝都,幻想帝都,C-75ca83272700cf1d,393,1,CC-75ca83272700cf1d,1,0.0,0,0.001697792869269949,0.0,0,0.0,louvain,intersection_count,100.0,0.0,1.0,20260801,1.0.0,not_used,community labels are structural network results; they are not official factions and do not replace original-setting faction metadata
JP10,cross_department,music,幻想机械phantomfactory幻想科学dollsphantom,幻想机械　～ Phantom Factory（幻想科学　～ Doll's Phantom）,幻想機械 〜 Phantom Factory(幻想科学 〜 Doll's Phantom),C-570ff9d589993782,394,1,CC-570ff9d589993782,1,0.0,0,0.001697792869269949,0.0,0,0.0,louvain,intersection_count,100.0,0.0,1.0,20260801,1.0.0,not_used,community labels are structural network results; they are not official factions and do not replace original-setting faction metadata
JP10,cross_department,music,幻想的永远祭,幻想的永远祭,幻想の永遠祭,C-04aad6d50d32a99d,395,1,CC-04aad6d50d32a99d,1,0.0,0,0.001697792869269949,0.0,0,0.0,louvain,intersection_count,100.0,0.0,1.0,20260801,1.0.0,not_used,community labels are structural network results; they are not official factions and do not replace original-setting faction metadata
JP10,cross_department,music,幻梦界,幻梦界,幻夢界,C-866dc7f9612924d0,396,1,CC-866dc7f9612924d0,1,0.0,0,0.001697792869269949,0.0,0,0.0,louvain,intersection_count,100.0,0.0,1.0,20260801,1.0.0,not_used,community labels are structural network results; they are not official factions and do not replace original-setting faction metadata
JP10,cross_department,music,幻视之夜ghostlyeyes,幻视之夜 ～ Ghostly Eyes,幻視の夜　～ Ghostly Eyes,C-889c099396e107ad,397,1,CC-889c099396e107ad,1,0.0,0,0.001697792869269949,0.0,0,0.0,louvain,intersection_count,100.0,0.0,1.0,20260801,1.0.0,not_used,community labels are structural network results; they are not official factions and do not replace original-setting faction metadata
JP10,cross_department,music,幼小的有顶天,幼小的有顶天,幼心地の有頂天,C-4586c2861ddc374d,398,1,CC-4586c2861ddc374d,1,0.0,0,0.001697792869269949,0.0,0,0.0,louvain,intersection_count,100.0,0.0,1.0,20260801,1.0.0,not_used,community labels are structural network results; they are not official factions and do not replace original-setting faction metadata
JP10,cross_department,music,幽境,幽境,幽境,C-ad2bcbfe7acc945a,399,1,CC-ad2bcbfe7acc945a,1,0.0,0,0.001697792869269949,0.0,0,0.0,louvain,intersection_count,100.0,0.0,1.0,20260801,1.0.0,not_used,community labels are structural network results; they are not official factions and do not replace original-setting faction metadata
JP10,cross_department,music,幽梦inanimatedream,幽梦 ～ Inanimate Dream,幽夢　～ Inanimate Dream,C-8359a886aed5c656,400,1,CC-8359a886aed5c656,1,0.0,0,0.001697792869269949,0.0,0,0.0,louvain,intersection_count,100.0,0.0,1.0,20260801,1.0.0,not_used,community labels are structural network results; they are not official factions and do not replace original-setting faction metadata
JP10,cross_department,music,幽灵乐团,幽灵乐团 ～ Phantom Ensemble,幽霊楽団　～ Phantom Ensemble,C-b2b8709d87ce4e55,401,1,CC-b2b8709d87ce4e55,1,0.0,0,0.001697792869269949,0.0,0,0.0,louvain,intersection_count,100.0,0.0,1.0,20260801,1.0.0,not_used,community labels are structural network results; they are not official factions and do not replace original-setting faction metadata
JP10,cross_department,music,幽灵客船的穿越时空之旅,幽灵客船的穿越时空之旅,幽霊客船の時空を越えた旅,C-e6ed0b9850de6f95,402,1,CC-e6ed0b9850de6f95,1,0.0,0,0.001697792869269949,0.0,0,0.0,louvain,intersection_count,100.0,0.0,1.0,20260801,1.0.0,not_used,community labels are structural network results; they are not official factions and do not replace original-setting faction metadata
JP10,cross_department,music,幽雅地绽放吧墨染的樱花,幽雅地绽放吧，墨染的樱花 ～ Border of Life,幽雅に咲かせ、墨染の桜　～ Border of Life,C-e67bb31d08985cfa,403,1,CC-e67bb31d08985cfa,1,0.0,0,0.001697792869269949,0.0,0,0.0,louvain,intersection_count,100.0,0.0,1.0,20260801,1.0.0,not_used,community labels are structural network results; they are not official factions and do not replace original-setting faction metadata
JP10,cross_department,music,广有射怪鸟事,广有射怪鸟事 ～ Till When?,広有射怪鳥事　～ Till When?,C-deb462cb6e8cb6e5,404,1,CC-deb462cb6e8cb6e5,1,0.0,0,0.001697792869269949,0.0,0,0.0,louvain,intersection_count,100.0,0.0,1.0,20260801,1.0.0,not_used,community labels are structural network results; they are not official factions and do not replace original-setting faction metadata
JP10,cross_department,music,广重36号neosuperexpress,广重36号 ～ Neo Super-Express,ヒロシゲ36号　～ Neo Super-Express,C-a58f181f9721d410,405,1,CC-a58f181f9721d410,1,0.0,0,0.001697792869269949,0.0,0,0.0,louvain,intersection_count,100.0,0.0,1.0,20260801,1.0.0,not_used,community labels are structural network results; they are not official factions and do not replace original-setting faction metadata
JP10,cross_department,music,废狱摇篮曲,废狱摇篮曲,廃獄ララバイ,C-f30d19e2add8f816,406,1,CC-f30d19e2add8f816,1,0.0,0,0.001697792869269949,0.0,0,0.0,louvain,intersection_count,100.0,0.0,1.0,20260801,1.0.0,not_used,community labels are structural network results; they are not official factions and do not replace original-setting faction metadata
JP10,cross_department,music,彼岸归航,彼岸归航 ～ Riverside View,彼岸帰航　～ Riverside View,C-889bd1ba95c56a83,407,1,CC-889bd1ba95c56a83,1,0.0,0,0.001697792869269949,0.0,0,0.0,louvain,intersection_count,100.0,0.0,1.0,20260801,1.0.0,not_used,community labels are structural network results; they are not official factions and do not replace original-setting faction metadata
JP10,cross_department,music,往来于运河的人与妖,往来于运河的人与妖,運河を行き交う人妖,C-bf42b4b1a250694f,408,1,CC-bf42b4b1a250694f,1,0.0,0,0.001697792869269949,0.0,0,0.0,louvain,intersection_count,100.0,0.0,1.0,20260801,1.0.0,not_used,community labels are structural network results; they are not official factions and do not replace original-setting faction metadata
JP10,cross_department,music,御伽之国的鬼岛,御伽之国的鬼岛 ～ Missing Power,御伽の国の鬼が島　～ Missing Power,C-5023b5c26f990a7f,409,1,CC-5023b5c26f990a7f,1,0.0,0,0.001697792869269949,0.0,0,0.0,louvain,intersection_count,100.0,0.0,1.0,20260801,1.0.0,not_used,community labels are structural network results; they are not official factions and do not replace original-setting faction metadata
JP10,cross_department,music,御柱的墓场graveofbeing,御柱的墓场 ～ Grave of Being,御柱の墓場　～ Grave of Being,C-1ab286fccfb401ba,410,1,CC-1ab286fccfb401ba,1,0.0,0,0.001697792869269949,0.0,0,0.0,louvain,intersection_count,100.0,0.0,1.0,20260801,1.0.0,not_used,community labels are structural network results; they are not official factions and do not replace original-setting faction metadata
JP10,cross_department,music,心绮楼囃子,心绮楼囃子,心綺楼囃子,C-cd23c2b1556aafaa,411,1,CC-cd23c2b1556aafaa,1,0.0,0,0.001697792869269949,0.0,0,0.0,louvain,intersection_count,100.0,0.0,1.0,20260801,1.0.0,not_used,community labels are structural network results; they are not official factions and do not replace original-setting faction metadata
JP10,cross_department,music,怪绮谈mysticsquare,怪绮谈 ～ Mystic Square,怪綺談　～ Mystic Square,C-8a72cb23fc777e47,412,1,CC-8a72cb23fc777e47,1,0.0,0,0.001697792869269949,0.0,0,0.0,louvain,intersection_count,100.0,0.0,1.0,20260801,1.0.0,not_used,community labels are structural network results; they are not official factions and do not replace original-setting faction metadata
JP10,cross_department,music,恋色masterspark,恋色Master spark（恋色Magic）,恋色マスタースパーク（恋色マジック）,C-6416f35d929f8b79,413,1,CC-6416f35d929f8b79,1,0.0,0,0.001697792869269949,0.0,0,0.0,louvain,intersection_count,100.0,0.0,1.0,20260801,1.0.0,not_used,community labels are structural network results; they are not official factions and do not replace original-setting faction metadata
JP10,cross_department,music,悠久的蒸汽机关,悠久的蒸汽机关,悠久の蒸気機関,C-53facbf153ea0ca6,414,1,CC-53facbf153ea0ca6,1,0.0,0,0.001697792869269949,0.0,0,0.0,louvain,intersection_count,100.0,0.0,1.0,20260801,1.0.0,not_used,community labels are structural network results; they are not official factions and do not replace original-setting faction metadata
JP10,cross_department,music,感情的摩天楼,感情的摩天楼 ～ Cosmic Mind,感情の摩天楼　～ Cosmic Mind,C-22321c571530a5ef,415,1,CC-22321c571530a5ef,1,0.0,0,0.001697792869269949,0.0,0,0.0,louvain,intersection_count,100.0,0.0,1.0,20260801,1.0.0,not_used,community labels are structural network results; they are not official factions and do not replace original-setting faction metadata
JP10,cross_department,music,我们的非想天则,我们的非想天则,ぼくらの非想天則,C-fae190647831f2ad,416,1,CC-fae190647831f2ad,1,0.0,0,0.001697792869269949,0.0,0,0.0,louvain,intersection_count,100.0,0.0,1.0,20260801,1.0.0,not_used,community labels are structural network results; they are not official factions and do not replace original-setting faction metadata
JP10,cross_department,music,战车娘所做的梦,战车娘所做的梦,戦車むすめのみるゆめ,C-9fffae55da61ee05,417,1,CC-9fffae55da61ee05,1,0.0,0,0.001697792869269949,0.0,0,0.0,louvain,intersection_count,100.0,0.0,1.0,20260801,1.0.0,not_used,community labels are structural network results; they are not official factions and do not replace original-setting faction metadata
JP10,cross_department,music,战迅,战迅,戦迅,C-243f436a2d952d05,418,1,CC-243f436a2d952d05,1,0.0,0,0.001697792869269949,0.0,0,0.0,louvain,intersection_count,100.0,0.0,1.0,20260801,1.0.0,not_used,community labels are structural network results; they are not official factions and do not replace original-setting faction metadata
JP10,cross_department,music,收集日本各地的不可思议,收集日本各地的不可思议,日本中の不思議を集めて,C-fea5ca6a536310f7,419,1,CC-fea5ca6a536310f7,1,0.0,0,0.001697792869269949,0.0,0,0.0,louvain,intersection_count,100.0,0.0,1.0,20260801,1.0.0,not_used,community labels are structural network results; they are not official factions and do not replace original-setting faction metadata
JP10,cross_department,music,放纵不羁,放纵不羁,放縦不羈,C-c615b8c6366d3928,420,1,CC-c615b8c6366d3928,1,0.0,0,0.001697792869269949,0.0,0,0.0,louvain,intersection_count,100.0,0.0,1.0,20260801,1.0.0,not_used,community labels are structural network results; they are not official factions and do not replace original-setting faction metadata
JP10,cross_department,music,散发着香气的树叶花,散发着香气的树叶花,香る樹葉花,C-f095b6e3d8324537,421,1,CC-f095b6e3d8324537,1,0.0,0,0.001697792869269949,0.0,0,0.0,louvain,intersection_count,100.0,0.0,1.0,20260801,1.0.0,not_used,community labels are structural network results; they are not official factions and do not replace original-setting faction metadata
JP10,cross_department,music,斯普特尼克幻夜,斯普特尼克幻夜,スプートニク幻夜,C-239f99615d532b71,422,1,CC-239f99615d532b71,1,0.0,0,0.001697792869269949,0.0,0,0.0,louvain,intersection_count,100.0,0.0,1.0,20260801,1.0.0,not_used,community labels are structural network results; they are not official factions and do not replace original-setting faction metadata
JP10,cross_department,music,新幻想newfantasy,新幻想 ～ New Fantasy,新幻想　～ New Fantasy,C-b20445ffb9b4fb7f,423,1,CC-b20445ffb9b4fb7f,1,0.0,0,0.001697792869269949,0.0,0,0.0,louvain,intersection_count,100.0,0.0,1.0,20260801,1.0.0,not_used,community labels are structural network results; they are not official factions and do not replace original-setting faction metadata
JP10,cross_department,music,无人气的场所,无人气的场所,人気のない場所,C-d9063e66cfe68bd8,424,1,CC-d9063e66cfe68bd8,1,0.0,0,0.001697792869269949,0.0,0,0.0,louvain,intersection_count,100.0,0.0,1.0,20260801,1.0.0,not_used,community labels are structural network results; they are not official factions and do not replace original-setting faction metadata
JP10,cross_department,music,无何有之乡deepmountain,无何有之乡 ～ Deep Mountain,無何有の郷　～ Deep Mountain,C-d5d714cab1fa384e,425,1,CC-d5d714cab1fa384e,1,0.0,0,0.001697792869269949,0.0,0,0.0,louvain,intersection_count,100.0,0.0,1.0,20260801,1.0.0,not_used,community labels are structural network results; they are not official factions and do not replace original-setting faction metadata
JP10,cross_department,music,无间之钟infinitenightmare,无间之钟 ～ Infinite Nightmare,無間の鐘　～ Infinite Nightmare,C-4550d4a41aaceefd,426,1,CC-4550d4a41aaceefd,1,0.0,0,0.001697792869269949,0.0,0,0.0,louvain,intersection_count,100.0,0.0,1.0,20260801,1.0.0,not_used,community labels are structural network results; they are not official factions and do not replace original-setting faction metadata
JP10,cross_department,music,日常坐卧,日常坐卧,日常坐臥,C-50276a7f28429010,427,1,CC-50276a7f28429010,1,0.0,0,0.001697792869269949,0.0,0,0.0,louvain,intersection_count,100.0,0.0,1.0,20260801,1.0.0,not_used,community labels are structural network results; they are not official factions and do not replace original-setting faction metadata
JP10,cross_department,music,时之风,时之风,時の風,C-74d0f804a1f74374,428,1,CC-74d0f804a1f74374,1,0.0,0,0.001697792869269949,0.0,0,0.0,louvain,intersection_count,100.0,0.0,1.0,20260801,1.0.0,not_used,community labels are structural network results; they are not official factions and do not replace original-setting faction metadata
JP10,cross_department,music,时刻旺盛的好奇心,时刻旺盛的好奇心,年中夢中の好奇心,C-d83617e99a5cf778,429,1,CC-d83617e99a5cf778,1,0.0,0,0.001697792869269949,0.0,0,0.0,louvain,intersection_count,100.0,0.0,1.0,20260801,1.0.0,not_used,community labels are structural network results; they are not official factions and do not replace original-setting faction metadata
JP10,cross_department,music,明日之盛昨日之俗,明日之盛，昨日之俗,明日ハレの日、ケの昨日,C-31d9a86bf19d06e6,430,1,CC-31d9a86bf19d06e6,1,0.0,0,0.001697792869269949,0.0,0,0.0,louvain,intersection_count,100.0,0.0,1.0,20260801,1.0.0,not_used,community labels are structural network results; they are not official factions and do not replace original-setting faction metadata
JP10,cross_department,music,明治十七年的上海爱丽丝,明治十七年的上海爱丽丝,明治十七年の上海アリス,C-c86ce2e007d04e79,431,1,CC-c86ce2e007d04e79,1,0.0,0,0.001697792869269949,0.0,0,0.0,louvain,intersection_count,100.0,0.0,1.0,20260801,1.0.0,not_used,community labels are structural network results; they are not official factions and do not replace original-setting faction metadata
JP10,cross_department,music,昏暗的风穴,昏暗的风穴,暗闇の風穴,C-81abb438dfe2b660,432,1,CC-81abb438dfe2b660,1,0.0,0,0.001697792869269949,0.0,0,0.0,louvain,intersection_count,100.0,0.0,1.0,20260801,1.0.0,not_used,community labels are structural network results; they are not official factions and do not replace original-setting faction metadata
JP10,cross_department,music,星之器,星之器 ～ Casket of Star,星の器　～ Casket of Star,C-91a92e786ff69cae,433,1,CC-91a92e786ff69cae,1,0.0,0,0.001697792869269949,0.0,0,0.0,louvain,intersection_count,100.0,0.0,1.0,20260801,1.0.0,not_used,community labels are structural network results; they are not official factions and do not replace original-setting faction metadata
JP10,cross_department,music,星幽天使,星幽天使,星幽天使,C-5e5935abef04369e,434,1,CC-5e5935abef04369e,1,0.0,0,0.001697792869269949,0.0,0,0.0,louvain,intersection_count,100.0,0.0,1.0,20260801,1.0.0,not_used,community labels are structural network results; they are not official factions and do not replace original-setting faction metadata
JP10,cross_department,music,映花之塚,映花之塚,花の映る塚,C-395d764cdcfbbcc8,435,1,CC-395d764cdcfbbcc8,1,0.0,0,0.001697792869269949,0.0,0,0.0,louvain,intersection_count,100.0,0.0,1.0,20260801,1.0.0,not_used,community labels are structural network results; they are not official factions and do not replace original-setting faction metadata
JP10,cross_department,music,春之冰精,春之冰精,春の氷精,C-72bed97b12a60bbb,436,1,CC-72bed97b12a60bbb,1,0.0,0,0.001697792869269949,0.0,0,0.0,louvain,intersection_count,100.0,0.0,1.0,20260801,1.0.0,not_used,community labels are structural network results; they are not official factions and do not replace original-setting faction metadata
JP10,cross_department,music,春之冰精静,春之冰精 - 静 -,春の氷精　- 静 -,C-3b50f1fd5e5d44cf,437,1,CC-3b50f1fd5e5d44cf,1,0.0,0,0.001697792869269949,0.0,0,0.0,louvain,intersection_count,100.0,0.0,1.0,20260801,1.0.0,not_used,community labels are structural network results; they are not official factions and do not replace original-setting faction metadata
JP10,cross_department,music,春之港湾,春之港湾,春の湊に,C-5329a09818109fe6,438,1,CC-5329a09818109fe6,1,0.0,0,0.001697792869269949,0.0,0,0.0,louvain,intersection_count,100.0,0.0,1.0,20260801,1.0.0,not_used,community labels are structural network results; they are not official factions and do not replace original-setting faction metadata
JP10,cross_department,music,春色小径,春色小径 ～ Colorful Path,春色小径　～ Colorful Path,C-6cf00d0a5fb8ee5d,439,1,CC-6cf00d0a5fb8ee5d,1,0.0,0,0.001697792869269949,0.0,0,0.0,louvain,intersection_count,100.0,0.0,1.0,20260801,1.0.0,not_used,community labels are structural network results; they are not official factions and do not replace original-setting faction metadata
JP10,cross_department,music,春风之梦,春风之梦,春風の夢,C-c54834a6ba4a9585,440,1,CC-c54834a6ba4a9585,1,0.0,0,0.001697792869269949,0.0,0,0.0,louvain,intersection_count,100.0,0.0,1.0,20260801,1.0.0,not_used,community labels are structural network results; they are not official factions and do not replace original-setting faction metadata
JP10,cross_department,music,晓云,晓云,暁雲,C-c3a9adeb487c2e47,441,1,CC-c3a9adeb487c2e47,1,0.0,0,0.001697792869269949,0.0,0,0.0,louvain,intersection_count,100.0,0.0,1.0,20260801,1.0.0,not_used,community labels are structural network results; they are not official factions and do not replace original-setting faction metadata
JP10,cross_department,music,暮色苍然,暮色苍然,暮色蒼然,C-48921ebb56ae3048,442,1,CC-48921ebb56ae3048,1,0.0,0,0.001697792869269949,0.0,0,0.0,louvain,intersection_count,100.0,0.0,1.0,20260801,1.0.0,not_used,community labels are structural network results; they are not official factions and do not replace original-setting faction metadata
JP10,cross_department,music,最澄澈的空与海,最澄澈的空与海,最も澄みわたる空と海,C-52d928c25ba035c7,443,1,CC-52d928c25ba035c7,1,0.0,0,0.001697792869269949,0.0,0,0.0,louvain,intersection_count,100.0,0.0,1.0,20260801,1.0.0,not_used,community labels are structural network results; they are not official factions and do not replace original-setting faction metadata
JP10,cross_department,music,月之妖鸟化猫之幻,月之妖鸟、化猫之幻,月の妖鳥、化猫の幻,C-5eb1cac8c0604105,444,1,CC-5eb1cac8c0604105,1,0.0,0,0.001697792869269949,0.0,0,0.0,louvain,intersection_count,100.0,0.0,1.0,20260801,1.0.0,not_used,community labels are structural network results; they are not official factions and do not replace original-setting faction metadata
JP10,cross_department,music,月时计,月时计 ～ Luna Dial,月時計　～ ルナ・ダイアル,C-1f19519d9e6207ab,445,1,CC-1f19519d9e6207ab,1,0.0,0,0.001697792869269949,0.0,0,0.0,louvain,intersection_count,100.0,0.0,1.0,20260801,1.0.0,not_used,community labels are structural network results; they are not official factions and do not replace original-setting faction metadata
JP10,cross_department,music,月见草,月见草,月見草,C-deb5a8f57e4a3af0,446,1,CC-deb5a8f57e4a3af0,1,0.0,0,0.001697792869269949,0.0,0,0.0,louvain,intersection_count,100.0,0.0,1.0,20260801,1.0.0,not_used,community labels are structural network results; they are not official factions and do not replace original-setting faction metadata
JP10,cross_department,music,月轮,月轮,月輪,C-5909479322681483,447,1,CC-5909479322681483,1,0.0,0,0.001697792869269949,0.0,0,0.0,louvain,intersection_count,100.0,0.0,1.0,20260801,1.0.0,not_used,community labels are structural network results; they are not official factions and do not replace original-setting faction metadata
JP10,cross_department,music,有人气的场所,有人气的场所,人気のある場所,C-1e7526e02f1c6a65,448,1,CC-1e7526e02f1c6a65,1,0.0,0,0.001697792869269949,0.0,0,0.0,louvain,intersection_count,100.0,0.0,1.0,20260801,1.0.0,not_used,community labels are structural network results; they are not official factions and do not replace original-setting faction metadata
JP10,cross_department,music,有顶天变,有顶天变 ～ Wonderful Heaven,有頂天変　～ Wonderful Heaven,C-a3c2c2b56bfafdb6,449,1,CC-a3c2c2b56bfafdb6,1,0.0,0,0.001697792869269949,0.0,0,0.0,louvain,intersection_count,100.0,0.0,1.0,20260801,1.0.0,not_used,community labels are structural network results; they are not official factions and do not replace original-setting faction metadata
JP10,cross_department,music,未知之花魅知之旅,未知之花 魅知之旅,未知の花 魅知の旅,C-52f932551717d1a2,450,1,CC-52f932551717d1a2,1,0.0,0,0.001697792869269949,0.0,0,0.0,louvain,intersection_count,100.0,0.0,1.0,20260801,1.0.0,not_used,community labels are structural network results; they are not official factions and do not replace original-setting faction metadata
JP10,cross_department,music,未知物xunfoundadventure,未知物Ｘ　～ Unfound Adventure,アンノウンX 〜 Unfound Adventure,C-61a5de5520ed173c,451,1,CC-61a5de5520ed173c,1,0.0,0,0.001697792869269949,0.0,0,0.0,louvain,intersection_count,100.0,0.0,1.0,20260801,1.0.0,not_used,community labels are structural network results; they are not official factions and do not replace original-setting faction metadata
JP10,cross_department,music,本日的头版头条,本日的头版头条,本日の一面記事,C-c95bf0cdf953638c,452,1,CC-c95bf0cdf953638c,1,0.0,0,0.001697792869269949,0.0,0,0.0,louvain,intersection_count,100.0,0.0,1.0,20260801,1.0.0,not_used,community labels are structural network results; they are not official factions and do not replace original-setting faction metadata
JP10,cross_department,music,来吧直到倒地死去的那一刻,来吧，直到倒地死去的那一刻,いざ、倒れ逝くその時まで,C-bfda9f2578f3fa12,453,1,CC-bfda9f2578f3fa12,1,0.0,0,0.001697792869269949,0.0,0,0.0,louvain,intersection_count,100.0,0.0,1.0,20260801,1.0.0,not_used,community labels are structural network results; they are not official factions and do not replace original-setting faction metadata
JP10,cross_department,music,柳树下的杜拉罕,柳树下的杜拉罕,柳の下のデュラハン,C-31e70b4491344c0c,454,1,CC-31e70b4491344c0c,1,0.0,0,0.001697792869269949,0.0,0,0.0,louvain,intersection_count,100.0,0.0,1.0,20260801,1.0.0,not_used,community labels are structural network results; they are not official factions and do not replace original-setting faction metadata
JP10,cross_department,music,桑尼米尔克的红雾异变,桑尼米尔克的红雾异变,サニーミルクの紅霧異変,C-d158b48d7b537bbd,455,1,CC-d158b48d7b537bbd,1,0.0,0,0.001697792869269949,0.0,0,0.0,louvain,intersection_count,100.0,0.0,1.0,20260801,1.0.0,not_used,community labels are structural network results; they are not official factions and do not replace original-setting faction metadata
JP10,cross_department,music,梦境与现实的境界,梦境与现实的境界,夢と現の境界,C-17a28e5c61868942,456,1,CC-17a28e5c61868942,1,0.0,0,0.001697792869269949,0.0,0,0.0,louvain,intersection_count,100.0,0.0,1.0,20260801,1.0.0,not_used,community labels are structural network results; they are not official factions and do not replace original-setting faction metadata
JP10,cross_department,music,梦幻回廊,梦幻回廊,夢幻回廊,C-79f5e6051504f982,457,1,CC-79f5e6051504f982,1,0.0,0,0.001697792869269949,0.0,0,0.0,louvain,intersection_count,100.0,0.0,1.0,20260801,1.0.0,not_used,community labels are structural network results; they are not official factions and do not replace original-setting faction metadata
JP10,cross_department,music,梦幻游戏dreamwar,梦幻游戏 ～ Dream War,夢幻遊戯　～ Dream War,C-9560a8ddf14fa9b5,458,1,CC-9560a8ddf14fa9b5,1,0.0,0,0.001697792869269949,0.0,0,0.0,louvain,intersection_count,100.0,0.0,1.0,20260801,1.0.0,not_used,community labels are structural network results; they are not official factions and do not replace original-setting faction metadata
JP10,cross_department,music,梦想时空,梦想时空,夢想時空,C-c697bc4626c2fa36,459,1,CC-c697bc4626c2fa36,1,0.0,0,0.001697792869269949,0.0,0,0.0,louvain,intersection_count,100.0,0.0,1.0,20260801,1.0.0,not_used,community labels are structural network results; they are not official factions and do not replace original-setting faction metadata
JP10,cross_department,music,梦想超越时空,梦想超越时空,夢は時空を越えて,C-acc85bd2ba264629,460,1,CC-acc85bd2ba264629,1,0.0,0,0.001697792869269949,0.0,0,0.0,louvain,intersection_count,100.0,0.0,1.0,20260801,1.0.0,not_used,community labels are structural network results; they are not official factions and do not replace original-setting faction metadata
JP10,cross_department,music,梦机械innocentpower,梦机械 ～ Innocent Power,夢機械　～ Innocent Power,C-72d2ce600ab37083,461,1,CC-72d2ce600ab37083,1,0.0,0,0.001697792869269949,0.0,0,0.0,louvain,intersection_count,100.0,0.0,1.0,20260801,1.0.0,not_used,community labels are structural network results; they are not official factions and do not replace original-setting faction metadata
JP10,cross_department,music,梦殿大祀庙,梦殿大祀庙,夢殿大祀廟,C-bd2a802d1ea753d7,462,1,CC-bd2a802d1ea753d7,1,0.0,0,0.001697792869269949,0.0,0,0.0,louvain,intersection_count,100.0,0.0,1.0,20260801,1.0.0,not_used,community labels are structural network results; they are not official factions and do not replace original-setting faction metadata
JP10,cross_department,music,梦消失lostdream,梦消失 ～ Lost Dream,夢消失　～ Lost Dream,C-42fb934bb0dc2d09,463,1,CC-42fb934bb0dc2d09,1,0.0,0,0.001697792869269949,0.0,0,0.0,louvain,intersection_count,100.0,0.0,1.0,20260801,1.0.0,not_used,community labels are structural network results; they are not official factions and do not replace original-setting faction metadata
JP10,cross_department,music,森闲,森闲,森閑,C-6099749b6c916676,464,1,CC-6099749b6c916676,1,0.0,0,0.001697792869269949,0.0,0,0.0,louvain,intersection_count,100.0,0.0,1.0,20260801,1.0.0,not_used,community labels are structural network results; they are not official factions and do not replace original-setting faction metadata
JP10,cross_department,music,樱花之恋塚,樱花之恋塚,桜花之恋塚,C-d3707510f91e2483,465,1,CC-d3707510f91e2483,1,0.0,0,0.001697792869269949,0.0,0,0.0,louvain,intersection_count,100.0,0.0,1.0,20260801,1.0.0,not_used,community labels are structural network results; they are not official factions and do not replace original-setting faction metadata
JP10,cross_department,music,樱花樱花japanizedream,樱花樱花 ～ Japanize Dream...,さくらさくら　～ Japanize Dream...,C-dc2ae1ff564c0716,466,1,CC-dc2ae1ff564c0716,1,0.0,0,0.001697792869269949,0.0,0,0.0,louvain,intersection_count,100.0,0.0,1.0,20260801,1.0.0,not_used,community labels are structural network results; they are not official factions and do not replace original-setting faction metadata
JP10,cross_department,music,欢迎来到妖怪寺,欢迎来到妖怪寺,妖怪寺へようこそ,C-13227427f54f191a,467,1,CC-13227427f54f191a,1,0.0,0,0.001697792869269949,0.0,0,0.0,louvain,intersection_count,100.0,0.0,1.0,20260801,1.0.0,not_used,community labels are structural network results; they are not official factions and do not replace original-setting faction metadata
JP10,cross_department,music,欢迎来到月面旅行团,欢迎来到月面旅行团,月面ツアーへようこそ,C-d7ecf42a334c54cc,468,1,CC-d7ecf42a334c54cc,1,0.0,0,0.001697792869269949,0.0,0,0.0,louvain,intersection_count,100.0,0.0,1.0,20260801,1.0.0,not_used,community labels are structural network results; they are not official factions and do not replace original-setting faction metadata
JP10,cross_department,music,欲望深重的灵魂,欲望深重的灵魂,欲深き霊魂,C-2afcf7296db2663b,469,1,CC-2afcf7296db2663b,1,0.0,0,0.001697792869269949,0.0,0,0.0,louvain,intersection_count,100.0,0.0,1.0,20260801,1.0.0,not_used,community labels are structural network results; they are not official factions and do not replace original-setting faction metadata
JP10,cross_department,music,此岸之塚,此岸之塚,此岸の塚,C-cd49b5491a855ec3,470,1,CC-cd49b5491a855ec3,1,0.0,0,0.001697792869269949,0.0,0,0.0,louvain,intersection_count,100.0,0.0,1.0,20260801,1.0.0,not_used,community labels are structural network results; they are not official factions and do not replace original-setting faction metadata
JP10,cross_department,music,死灵的夜樱,死灵的夜樱,死霊の夜桜,C-96aab1c2f614651f,471,1,CC-96aab1c2f614651f,1,0.0,0,0.001697792869269949,0.0,0,0.0,louvain,intersection_count,100.0,0.0,1.0,20260801,1.0.0,not_used,community labels are structural network results; they are not official factions and do not replace original-setting faction metadata
JP10,cross_department,music,比红色更虚无的永远,比红色更虚无的永远,紅より儚い永遠,C-c36077bcd4319587,472,1,CC-c36077bcd4319587,1,0.0,0,0.001697792869269949,0.0,0,0.0,louvain,intersection_count,100.0,0.0,1.0,20260801,1.0.0,not_used,community labels are structural network results; they are not official factions and do not replace original-setting faction metadata
JP10,cross_department,music,比赤色更红的梦,比赤色更红的梦,赤より紅い夢,C-62e3e2046a0013ff,473,1,CC-62e3e2046a0013ff,1,0.0,0,0.001697792869269949,0.0,0,0.0,louvain,intersection_count,100.0,0.0,1.0,20260801,1.0.0,not_used,community labels are structural network results; they are not official factions and do not replace original-setting faction metadata
JP10,cross_department,music,永夜抄easternnight,永夜抄 ～ Eastern Night.,永夜抄　～ Eastern Night.,C-e109b7fba1738269,474,1,CC-e109b7fba1738269,1,0.0,0,0.001697792869269949,0.0,0,0.0,louvain,intersection_count,100.0,0.0,1.0,20260801,1.0.0,not_used,community labels are structural network results; they are not official factions and do not replace original-setting faction metadata
JP10,cross_department,music,永夜的报应imperishablenight,永夜的报应 ～ Imperishable Night,永夜の報い　～ Imperishable Night,C-581ce58b018291ab,475,1,CC-581ce58b018291ab,1,0.0,0,0.001697792869269949,0.0,0,0.0,louvain,intersection_count,100.0,0.0,1.0,20260801,1.0.0,not_used,community labels are structural network results; they are not official factions and do not replace original-setting faction metadata
JP10,cross_department,music,永远之巫女,永远之巫女,永遠の巫女,C-89e4334b96b94d1b,476,1,CC-89e4334b96b94d1b,1,0.0,0,0.001697792869269949,0.0,0,0.0,louvain,intersection_count,100.0,0.0,1.0,20260801,1.0.0,not_used,community labels are structural network results; they are not official factions and do not replace original-setting faction metadata
JP10,cross_department,music,永远的乐园,永远的乐园,久遠の楽園,C-9b574b93138a6232,477,1,CC-9b574b93138a6232,1,0.0,0,0.001697792869269949,0.0,0,0.0,louvain,intersection_count,100.0,0.0,1.0,20260801,1.0.0,not_used,community labels are structural network results; they are not official factions and do not replace original-setting faction metadata
JP10,cross_department,music,永远的满月,永远的满月,永遠の満月,C-c6b8f3e03baf4249,478,1,CC-c6b8f3e03baf4249,1,0.0,0,0.001697792869269949,0.0,0,0.0,louvain,intersection_count,100.0,0.0,1.0,20260801,1.0.0,not_used,community labels are structural network results; they are not official factions and do not replace original-setting faction metadata
JP10,cross_department,music,沉向空中的辉针城,沉向空中的辉针城,空中に沈む輝針城,C-fc131d7529f5a1f5,479,1,CC-fc131d7529f5a1f5,1,0.0,0,0.001697792869269949,0.0,0,0.0,louvain,intersection_count,100.0,0.0,1.0,20260801,1.0.0,not_used,community labels are structural network results; they are not official factions and do not replace original-setting faction metadata
JP10,cross_department,music,沉睡的恐怖sleepingterror,沉睡的恐怖 ～ Sleeping Terror,眠れる恐怖　～ Sleeping Terror,C-b858a21069949cd5,480,1,CC-b858a21069949cd5,1,0.0,0,0.001697792869269949,0.0,0,0.0,louvain,intersection_count,100.0,0.0,1.0,20260801,1.0.0,not_used,community labels are structural network results; they are not official factions and do not replace original-setting faction metadata
JP10,cross_department,music,法界之火,法界之火,法界の火,C-0927a6aa6c33dd55,481,1,CC-0927a6aa6c33dd55,1,0.0,0,0.001697792869269949,0.0,0,0.0,louvain,intersection_count,100.0,0.0,1.0,20260801,1.0.0,not_used,community labels are structural network results; they are not official factions and do not replace original-setting faction metadata
JP10,cross_department,music,活泼的纯情小姑娘,活泼的纯情小姑娘,おてんば恋娘,C-1da5e901e1439a99,482,1,CC-1da5e901e1439a99,1,0.0,0,0.001697792869269949,0.0,0,0.0,louvain,intersection_count,100.0,0.0,1.0,20260801,1.0.0,not_used,community labels are structural network results; they are not official factions and do not replace original-setting faction metadata
JP10,cross_department,music,满月的竹林,满月的竹林,満月の竹林,C-11d2b6f5e47a19f4,483,1,CC-11d2b6f5e47a19f4,1,0.0,0,0.001697792869269949,0.0,0,0.0,louvain,intersection_count,100.0,0.0,1.0,20260801,1.0.0,not_used,community labels are structural network results; they are not official factions and do not replace original-setting faction metadata
JP10,cross_department,music,漂浮于宇宙之中的幻想乡,漂浮于宇宙之中的幻想乡,宇宙に浮かぶ幻想郷,C-111d4a637706324f,484,1,CC-111d4a637706324f,1,0.0,0,0.001697792869269949,0.0,0,0.0,louvain,intersection_count,100.0,0.0,1.0,20260801,1.0.0,not_used,community labels are structural network results; they are not official factions and do not replace original-setting faction metadata
JP10,cross_department,music,漫游旧地狱街道,漫游旧地狱街道,旧地獄街道を行く,C-446fd56dc037b5d4,485,1,CC-446fd56dc037b5d4,1,0.0,0,0.001697792869269949,0.0,0,0.0,louvain,intersection_count,100.0,0.0,1.0,20260801,1.0.0,not_used,community labels are structural network results; they are not official factions and do not replace original-setting faction metadata
JP10,cross_department,music,灰姑娘的笼子,灰姑娘的笼子 ～ Kagome-Kagome,シンデレラケージ　～ Kagome-Kagome,C-0f1625222c6dc29d,486,1,CC-0f1625222c6dc29d,1,0.0,0,0.001697792869269949,0.0,0,0.0,louvain,intersection_count,100.0,0.0,1.0,20260801,1.0.0,not_used,community labels are structural network results; they are not official factions and do not replace original-setting faction metadata
JP10,cross_department,music,灵人的休息日,灵人的休息日,霊人の休日,C-255081dff93babaf,487,1,CC-255081dff93babaf,1,0.0,0,0.001697792869269949,0.0,0,0.0,louvain,intersection_count,100.0,0.0,1.0,20260801,1.0.0,not_used,community labels are structural network results; they are not official factions and do not replace original-setting faction metadata
JP10,cross_department,music,灵天spiritualheaven,灵天 ～ Spiritual Heaven,霊天　～ Spiritual Heaven,C-4c6df0b1186c8c4c,488,1,CC-4c6df0b1186c8c4c,1,0.0,0,0.001697792869269949,0.0,0,0.0,louvain,intersection_count,100.0,0.0,1.0,20260801,1.0.0,not_used,community labels are structural network results; they are not official factions and do not replace original-setting faction metadata
JP10,cross_department,music,灵战perditioncrisis,灵战 ～ Perdition crisis,霊戦　～ Perdition crisis,C-68fdc26ad89da687,489,1,CC-68fdc26ad89da687,1,0.0,0,0.001697792869269949,0.0,0,0.0,louvain,intersection_count,100.0,0.0,1.0,20260801,1.0.0,not_used,community labels are structural network results; they are not official factions and do not replace original-setting faction metadata
JP10,cross_department,music,灵知的太阳信仰,灵知的太阳信仰 ～ Nuclear Fusion,霊知の太陽信仰　～ Nuclear Fusion,C-d3938d894da8d5b9,490,1,CC-d3938d894da8d5b9,1,0.0,0,0.001697792869269949,0.0,0,0.0,louvain,intersection_count,100.0,0.0,1.0,20260801,1.0.0,not_used,community labels are structural network results; they are not official factions and do not replace original-setting faction metadata
JP10,cross_department,music,灵魂安息之所,灵魂安息之所,魂の休らむ所,C-28269d4baa4872cc,491,1,CC-28269d4baa4872cc,1,0.0,0,0.001697792869269949,0.0,0,0.0,louvain,intersection_count,100.0,0.0,1.0,20260801,1.0.0,not_used,community labels are structural network results; they are not official factions and do not replace original-setting faction metadata
JP10,cross_department,music,特佩斯的年幼末裔,特佩斯的年幼末裔,ツェペシュの幼き末裔,C-af00763d64a65cb0,492,1,CC-af00763d64a65cb0,1,0.0,0,0.001697792869269949,0.0,0,0.0,louvain,intersection_count,100.0,0.0,1.0,20260801,1.0.0,not_used,community labels are structural network results; they are not official factions and do not replace original-setting faction metadata
JP10,cross_department,music,特洛伊群的密林,特洛伊群的密林,トロヤ群の密林,C-cbe858c259629bdd,493,1,CC-cbe858c259629bdd,1,0.0,0,0.001697792869269949,0.0,0,0.0,louvain,intersection_count,100.0,0.0,1.0,20260801,1.0.0,not_used,community labels are structural network results; they are not official factions and do not replace original-setting faction metadata
JP10,cross_department,music,狂气之瞳,狂气之瞳 ～ Invisible Full Moon,狂気の瞳　～ Invisible Full Moon,C-e3561f53e416ecd6,494,1,CC-e3561f53e416ecd6,1,0.0,0,0.001697792869269949,0.0,0,0.0,louvain,intersection_count,100.0,0.0,1.0,20260801,1.0.0,not_used,community labels are structural network results; they are not official factions and do not replace original-setting faction metadata
JP10,cross_department,music,献给已逝公主的七重奏,献给已逝公主的七重奏,亡き王女の為のセプテット,C-bb94cad197fb7f62,495,1,CC-bb94cad197fb7f62,1,0.0,0,0.001697792869269949,0.0,0,0.0,louvain,intersection_count,100.0,0.0,1.0,20260801,1.0.0,not_used,community labels are structural network results; they are not official factions and do not replace original-setting faction metadata
JP10,cross_department,music,现代妖怪殖民地,现代妖怪殖民地,妖怪モダンコロニー,C-47c07406b9a905aa,496,1,CC-47c07406b9a905aa,1,0.0,0,0.001697792869269949,0.0,0,0.0,louvain,intersection_count,100.0,0.0,1.0,20260801,1.0.0,not_used,community labels are structural network results; they are not official factions and do not replace original-setting faction metadata
JP10,cross_department,music,珍奇的上海古牌,珍奇的上海古牌,キュアリアス上海古牌,C-4340cb5097935000,497,1,CC-4340cb5097935000,1,0.0,0,0.001697792869269949,0.0,0,0.0,louvain,intersection_count,100.0,0.0,1.0,20260801,1.0.0,not_used,community labels are structural network results; they are not official factions and do not replace original-setting faction metadata
JP10,cross_department,music,甲论乙驳,甲论乙驳,甲論乙駁,C-32c0488f03eab5fe,498,1,CC-32c0488f03eab5fe,1,0.0,0,0.001697792869269949,0.0,0,0.0,louvain,intersection_count,100.0,0.0,1.0,20260801,1.0.0,not_used,community labels are structural network results; they are not official factions and do not replace original-setting faction metadata
JP10,cross_department,music,眷爱众生之神,眷爱众生之神 ～ Romantic Fall,人恋し神様　～ Romantic Fall,C-57703608ed822e8c,499,1,CC-57703608ed822e8c,1,0.0,0,0.001697792869269949,0.0,0,0.0,louvain,intersection_count,100.0,0.0,1.0,20260801,1.0.0,not_used,community labels are structural network results; they are not official factions and do not replace original-setting faction metadata
JP10,cross_department,music,破邪的小太刀,破邪的小太刀,破邪の小太刀,C-26bfff35637f4cbb,500,1,CC-26bfff35637f4cbb,1,0.0,0,0.001697792869269949,0.0,0,0.0,louvain,intersection_count,100.0,0.0,1.0,20260801,1.0.0,not_used,community labels are structural network results; they are not official factions and do not replace original-setting faction metadata
JP10,cross_department,music,碎月,碎月,砕月,C-600fc318f99d0bc5,501,1,CC-600fc318f99d0bc5,1,0.0,0,0.001697792869269949,0.0,0,0.0,louvain,intersection_count,100.0,0.0,1.0,20260801,1.0.0,not_used,community labels are structural network results; they are not official factions and do not replace original-setting faction metadata
JP10,cross_department,music,神圣庄严的古战场,神圣庄严的古战场 ～ Suwa Foughten Field,神さびた古戦場　～ Suwa Foughten Field,C-d62b6746ecfd8371,502,1,CC-d62b6746ecfd8371,1,0.0,0,0.001697792869269949,0.0,0,0.0,louvain,intersection_count,100.0,0.0,1.0,20260801,1.0.0,not_used,community labels are structural network results; they are not official factions and do not replace original-setting faction metadata
JP10,cross_department,music,神域的捉迷藏生活,神域的捉迷藏生活,神域のかくれんぼ暮らし,C-b05d86e5230b1350,503,1,CC-b05d86e5230b1350,1,0.0,0,0.001697792869269949,0.0,0,0.0,louvain,intersection_count,100.0,0.0,1.0,20260801,1.0.0,not_used,community labels are structural network results; they are not official factions and do not replace original-setting faction metadata
JP10,cross_department,music,神明降下恩惠之雨sylphiddream,神明降下恩惠之雨 ～ Sylphid Dream,神は恵みの雨を降らす　～ Sylphid Dream,C-e81910fbaa515199,504,1,CC-e81910fbaa515199,1,0.0,0,0.001697792869269949,0.0,0,0.0,louvain,intersection_count,100.0,0.0,1.0,20260801,1.0.0,not_used,community labels are structural network results; they are not official factions and do not replace original-setting faction metadata
JP10,cross_department,music,神社,神社,神社,C-454d780a64acb476,505,1,CC-454d780a64acb476,1,0.0,0,0.001697792869269949,0.0,0,0.0,louvain,intersection_count,100.0,0.0,1.0,20260801,1.0.0,not_used,community labels are structural network results; they are not official factions and do not replace original-setting faction metadata
JP10,cross_department,music,神社的新风,神社的新风,神社の新しい風,C-ff04acb19b6e57e9,506,1,CC-ff04acb19b6e57e9,1,0.0,0,0.001697792869269949,0.0,0,0.0,louvain,intersection_count,100.0,0.0,1.0,20260801,1.0.0,not_used,community labels are structural network results; they are not official factions and do not replace original-setting faction metadata
JP10,cross_department,music,神秘的人偶,神秘的人偶,エニグマティクドール,C-4f00b3077fb87697,507,1,CC-4f00b3077fb87697,1,0.0,0,0.001697792869269949,0.0,0,0.0,louvain,intersection_count,100.0,0.0,1.0,20260801,1.0.0,not_used,community labels are structural network results; they are not official factions and do not replace original-setting faction metadata
JP10,cross_department,music,神篱如紫色火焰般燃烧,神篱，如紫色火焰般燃烧,ひもろぎ、むらさきにもえ,C-b8a0f150a6679eb4,508,1,CC-b8a0f150a6679eb4,1,0.0,0,0.001697792869269949,0.0,0,0.0,louvain,intersection_count,100.0,0.0,1.0,20260801,1.0.0,not_used,community labels are structural network results; they are not official factions and do not replace original-setting faction metadata
JP10,cross_department,music,神话幻想infinitebeing,神话幻想 ～ Infinite Being,神話幻想　～ Infinite Being,C-861881193ae2e726,509,1,CC-861881193ae2e726,1,0.0,0,0.001697792869269949,0.0,0,0.0,louvain,intersection_count,100.0,0.0,1.0,20260801,1.0.0,not_used,community labels are structural network results; they are not official factions and do not replace original-setting faction metadata
JP10,cross_department,music,祸机,祸机,禍機,C-736729da2bb0a6e5,510,1,CC-736729da2bb0a6e5,1,0.0,0,0.001697792869269949,0.0,0,0.0,louvain,intersection_count,100.0,0.0,1.0,20260801,1.0.0,not_used,community labels are structural network results; they are not official factions and do not replace original-setting faction metadata
JP10,cross_department,music,禁忌的魔法forbiddenmagic,禁忌的魔法 ～ Forbidden Magic,禁断の魔法　～ Forbidden Magic,C-3b22a182e35570ae,511,1,CC-3b22a182e35570ae,1,0.0,0,0.001697792869269949,0.0,0,0.0,louvain,intersection_count,100.0,0.0,1.0,20260801,1.0.0,not_used,community labels are structural network results; they are not official factions and do not replace original-setting faction metadata
JP10,cross_department,music,秋霜玉clockworks,秋霜玉 ～ Clockworks,秋霜玉　～ Clockworks,C-7f329a310afdb40d,512,1,CC-7f329a310afdb40d,1,0.0,0,0.001697792869269949,0.0,0,0.0,louvain,intersection_count,100.0,0.0,1.0,20260801,1.0.0,not_used,community labels are structural network results; they are not official factions and do not replace original-setting faction metadata
JP10,cross_department,music,科学世纪的少年少女,科学世纪的少年少女,科学世紀の少年少女,C-612ac52d7e32c802,513,1,CC-612ac52d7e32c802,1,0.0,0,0.001697792869269949,0.0,0,0.0,louvain,intersection_count,100.0,0.0,1.0,20260801,1.0.0,not_used,community labels are structural network results; they are not official factions and do not replace original-setting faction metadata
JP10,cross_department,music,秘境的人鱼,秘境的人鱼,秘境のマーメイド,C-8a94435230d34d00,514,1,CC-8a94435230d34d00,1,0.0,0,0.001697792869269949,0.0,0,0.0,louvain,intersection_count,100.0,0.0,1.0,20260801,1.0.0,not_used,community labels are structural network results; they are not official factions and do not replace original-setting faction metadata
JP10,cross_department,music,稀客,稀客,珍客,C-bd48612c31cb0ff2,515,1,CC-bd48612c31cb0ff2,1,0.0,0,0.001697792869269949,0.0,0,0.0,louvain,intersection_count,100.0,0.0,1.0,20260801,1.0.0,not_used,community labels are structural network results; they are not official factions and do not replace original-setting faction metadata
JP10,cross_department,music,稀翁玉fairydance,稀翁玉 ～ Fairy Dance,稀翁玉　～ Fairy Dance,C-eeede68dd87e70dc,516,1,CC-eeede68dd87e70dc,1,0.0,0,0.001697792869269949,0.0,0,0.0,louvain,intersection_count,100.0,0.0,1.0,20260801,1.0.0,not_used,community labels are structural network results; they are not official factions and do not replace original-setting faction metadata
JP10,cross_department,music,空中的归路skydream,空中的归路 ～ Sky Dream,空の帰り道　～ Sky Dream,C-059edd396c753cc5,517,1,CC-059edd396c753cc5,1,0.0,0,0.001697792869269949,0.0,0,0.0,louvain,intersection_count,100.0,0.0,1.0,20260801,1.0.0,not_used,community labels are structural network results; they are not official factions and do not replace original-setting faction metadata
JP10,cross_department,music,空中飘浮的物体x,空中飘浮的物体Ｘ,空に浮かぶ物体X,C-d916cd5700b583db,518,1,CC-d916cd5700b583db,1,0.0,0,0.001697792869269949,0.0,0,0.0,louvain,intersection_count,100.0,0.0,1.0,20260801,1.0.0,not_used,community labels are structural network results; they are not official factions and do not replace original-setting faction metadata
JP10,cross_department,music,空中飞翔的巫女不可思议的每天,空中飞翔的巫女不可思议的每天,空飛ぶ巫女の不思議な毎日,C-c5e85225593f35f6,519,1,CC-c5e85225593f35f6,1,0.0,0,0.001697792869269949,0.0,0,0.0,louvain,intersection_count,100.0,0.0,1.0,20260801,1.0.0,not_used,community labels are structural network results; they are not official factions and do not replace original-setting faction metadata
JP10,cross_department,music,童祭innocenttreasures,童祭 ～ Innocent Treasures,童祭　～ Innocent Treasures,C-c8ca4630449bb8d7,520,1,CC-c8ca4630449bb8d7,1,0.0,0,0.001697792869269949,0.0,0,0.0,louvain,intersection_count,100.0,0.0,1.0,20260801,1.0.0,not_used,community labels are structural network results; they are not official factions and do not replace original-setting faction metadata
JP10,cross_department,music,竹取飞翔,竹取飞翔 ～ Lunatic Princess,竹取飛翔　～ Lunatic Princess,C-fb35f4e9136075bc,521,1,CC-fb35f4e9136075bc,1,0.0,0,0.001697792869269949,0.0,0,0.0,louvain,intersection_count,100.0,0.0,1.0,20260801,1.0.0,not_used,community labels are structural network results; they are not official factions and do not replace original-setting faction metadata
JP10,cross_department,music,第六十年的东方审判,第六十年的东方审判 ～ Fate of Sixty Years,六十年目の東方裁判　～ Fate of Sixty Years,C-6c4923aa735695b0,522,1,CC-6c4923aa735695b0,1,0.0,0,0.001697792869269949,0.0,0,0.0,louvain,intersection_count,100.0,0.0,1.0,20260801,1.0.0,not_used,community labels are structural network results; they are not official factions and do not replace original-setting faction metadata
JP10,cross_department,music,红响曲scarletphoneme,红响曲 ～ Scarlet Phoneme,紅響曲　～ Scarlet Phoneme,C-f709568b789ed2fb,523,1,CC-f709568b789ed2fb,1,0.0,0,0.001697792869269949,0.0,0,0.0,louvain,intersection_count,100.0,0.0,1.0,20260801,1.0.0,not_used,community labels are structural network results; they are not official factions and do not replace original-setting faction metadata
JP10,cross_department,music,红夜,红夜,紅夜,C-8c8886380709b7dc,524,1,CC-8c8886380709b7dc,1,0.0,0,0.001697792869269949,0.0,0,0.0,louvain,intersection_count,100.0,0.0,1.0,20260801,1.0.0,not_used,community labels are structural network results; they are not official factions and do not replace original-setting faction metadata
JP10,cross_department,music,红楼easterndream,红楼 ～ Eastern Dream...,紅楼　～ Eastern Dream...,C-48c95f85834e7fd0,525,1,CC-48c95f85834e7fd0,1,0.0,0,0.001697792869269949,0.0,0,0.0,louvain,intersection_count,100.0,0.0,1.0,20260801,1.0.0,not_used,community labels are structural network results; they are not official factions and do not replace original-setting faction metadata
JP10,cross_department,music,绯想天,绯想天,緋想天,C-e5bdfb6238821eb0,526,1,CC-e5bdfb6238821eb0,1,0.0,0,0.001697792869269949,0.0,0,0.0,louvain,intersection_count,100.0,0.0,1.0,20260801,1.0.0,not_used,community labels are structural network results; they are not official factions and do not replace original-setting faction metadata
JP10,cross_department,music,绯红的少女crimsondead,绯红的少女 ～ Crimson Dead!!,真紅の少女　～ Crimson Dead!!,C-858bc62105000fec,527,1,CC-858bc62105000fec,1,0.0,0,0.001697792869269949,0.0,0,0.0,louvain,intersection_count,100.0,0.0,1.0,20260801,1.0.0,not_used,community labels are structural network results; they are not official factions and do not replace original-setting faction metadata
JP10,cross_department,music,绵月的符卡lunaticblue,绵月的符卡 ～ Lunatic Blue,綿月のスペルカード　～ Lunatic Blue,C-c4dfaeb42de5d50b,528,1,CC-c4dfaeb42de5d50b,1,0.0,0,0.001697792869269949,0.0,0,0.0,louvain,intersection_count,100.0,0.0,1.0,20260801,1.0.0,not_used,community labels are structural network results; they are not official factions and do not replace original-setting faction metadata
JP10,cross_department,music,绿意盎然的疗养院,绿意盎然的疗养院,緑のサナトリウム,C-fbedbcbef2ae768c,529,1,CC-fbedbcbef2ae768c,1,0.0,0,0.001697792869269949,0.0,0,0.0,louvain,intersection_count,100.0,0.0,1.0,20260801,1.0.0,not_used,community labels are structural network results; they are not official factions and do not replace original-setting faction metadata
JP10,cross_department,music,绿眼的嫉妒,绿眼的嫉妒,緑眼のジェラシー,C-a925344eddae7966,530,1,CC-a925344eddae7966,1,0.0,0,0.001697792869269949,0.0,0,0.0,louvain,intersection_count,100.0,0.0,1.0,20260801,1.0.0,not_used,community labels are structural network results; they are not official factions and do not replace original-setting faction metadata
JP10,cross_department,music,背叛的少女judaskiss,背叛的少女 ～ Judas Kiss,裏切りの少女　～ Judas Kiss,C-bbbf69fded6c262d,531,1,CC-bbbf69fded6c262d,1,0.0,0,0.001697792869269949,0.0,0,0.0,louvain,intersection_count,100.0,0.0,1.0,20260801,1.0.0,not_used,community labels are structural network results; they are not official factions and do not replace original-setting faction metadata
JP10,cross_department,music,胜利的示范,胜利的示范,勝利デモ,C-06c1a7b058845d51,532,1,CC-06c1a7b058845d51,1,0.0,0,0.001697792869269949,0.0,0,0.0,louvain,intersection_count,100.0,0.0,1.0,20260801,1.0.0,not_used,community labels are structural network results; they are not official factions and do not replace original-setting faction metadata
JP10,cross_department,music,能源黎明futuredream,能源黎明 ～ Future Dream...,エネルギー黎明 ～ Future Dream...,C-a43d9bffafd82dec,533,1,CC-a43d9bffafd82dec,1,0.0,0,0.001697792869269949,0.0,0,0.0,louvain,intersection_count,100.0,0.0,1.0,20260801,1.0.0,not_used,community labels are structural network results; they are not official factions and do not replace original-setting faction metadata
JP10,cross_department,music,芥川龙之介的河童,芥川龙之介的河童 ～ Candid Friend,芥川龍之介の河童　～ Candid Friend,C-284a62ae14ae7722,534,1,CC-284a62ae14ae7722,1,0.0,0,0.001697792869269949,0.0,0,0.0,louvain,intersection_count,100.0,0.0,1.0,20260801,1.0.0,not_used,community labels are structural network results; they are not official factions and do not replace original-setting faction metadata
JP10,cross_department,music,花如幻想一般,花如幻想一般,花は幻想のままに,C-47729341ae58daaa,535,1,CC-47729341ae58daaa,1,0.0,0,0.001697792869269949,0.0,0,0.0,louvain,intersection_count,100.0,0.0,1.0,20260801,1.0.0,not_used,community labels are structural network results; they are not official factions and do not replace original-setting faction metadata
JP10,cross_department,music,花映塚higanretour,花映塚　～ Higan Retour,花映塚 〜 Higan Retour,C-5d53a51d5557c3ac,536,1,CC-5d53a51d5557c3ac,1,0.0,0,0.001697792869269949,0.0,0,0.0,louvain,intersection_count,100.0,0.0,1.0,20260801,1.0.0,not_used,community labels are structural network results; they are not official factions and do not replace original-setting faction metadata
JP10,cross_department,music,萃梦想,萃梦想,萃夢想,C-3edd292d25032afa,537,1,CC-3edd292d25032afa,1,0.0,0,0.001697792869269949,0.0,0,0.0,louvain,intersection_count,100.0,0.0,1.0,20260801,1.0.0,not_used,community labels are structural network results; they are not official factions and do not replace original-setting faction metadata
JP10,cross_department,music,蓬莱传说,蓬莱传说,蓬莱伝説,C-0017b7335f059b53,538,1,CC-0017b7335f059b53,1,0.0,0,0.001697792869269949,0.0,0,0.0,louvain,intersection_count,100.0,0.0,1.0,20260801,1.0.0,not_used,community labels are structural network results; they are not official factions and do not replace original-setting faction metadata
JP10,cross_department,music,蓬莱幻想fareast,蓬莱幻想 ～ far East,蓬莱幻想　～ far East,C-84b297dab1603fed,539,1,CC-84b297dab1603fed,1,0.0,0,0.001697792869269949,0.0,0,0.0,louvain,intersection_count,100.0,0.0,1.0,20260801,1.0.0,not_used,community labels are structural network results; they are not official factions and do not replace original-setting faction metadata
JP10,cross_department,music,虎纹的毘沙门天,虎纹的毘沙门天,虎柄の毘沙門天,C-327e40550bd0fa88,540,1,CC-327e40550bd0fa88,1,0.0,0,0.001697792869269949,0.0,0,0.0,louvain,intersection_count,100.0,0.0,1.0,20260801,1.0.0,not_used,community labels are structural network results; they are not official factions and do not replace original-setting faction metadata
JP10,cross_department,music,蠢蠢的秋月,蠢蠢的秋月 ～ Mooned Insect,蠢々秋月　～ Mooned Insect,C-3e6175f83bb71d4e,541,1,CC-3e6175f83bb71d4e,1,0.0,0,0.001697792869269949,0.0,0,0.0,louvain,intersection_count,100.0,0.0,1.0,20260801,1.0.0,not_used,community labels are structural network results; they are not official factions and do not replace original-setting faction metadata
JP10,cross_department,music,被封印的众神,被封印的众神,封印されし神々,C-c7292907e5544a9b,542,1,CC-c7292907e5544a9b,1,0.0,0,0.001697792869269949,0.0,0,0.0,louvain,intersection_count,100.0,0.0,1.0,20260801,1.0.0,not_used,community labels are structural network results; they are not official factions and do not replace original-setting faction metadata
JP10,cross_department,music,被封印的妖怪,被封印的妖怪 ～ Lost Place,封じられた妖怪　～ Lost Place,C-29be275715a13cae,543,1,CC-29be275715a13cae,1,0.0,0,0.001697792869269949,0.0,0,0.0,louvain,intersection_count,100.0,0.0,1.0,20260801,1.0.0,not_used,community labels are structural network results; they are not official factions and do not replace original-setting faction metadata
JP10,cross_department,music,被牛引到善光寺,被牛引到善光寺,牛に引かれて善光寺参り,C-6fd8d27498da3098,544,1,CC-6fd8d27498da3098,1,0.0,0,0.001697792869269949,0.0,0,0.0,louvain,intersection_count,100.0,0.0,1.0,20260801,1.0.0,not_used,community labels are structural network results; they are not official factions and do not replace original-setting faction metadata
JP10,cross_department,music,装饰战decorationbattle,装饰战 ～ Decoration Battle,装飾戦　～ Decoration Battle,C-40c7ac2b2fa5d769,545,1,CC-40c7ac2b2fa5d769,1,0.0,0,0.001697792869269949,0.0,0,0.0,louvain,intersection_count,100.0,0.0,1.0,20260801,1.0.0,not_used,community labels are structural network results; they are not official factions and do not replace original-setting faction metadata
JP10,cross_department,music,请注意万年备用伞,请注意万年备用伞,万年置き傘にご注意を,C-b0130f6ccc2802ba,546,1,CC-b0130f6ccc2802ba,1,0.0,0,0.001697792869269949,0.0,0,0.0,louvain,intersection_count,100.0,0.0,1.0,20260801,1.0.0,not_used,community labels are structural network results; they are not official factions and do not replace original-setting faction metadata
JP10,cross_department,music,赌上性命去恶作剧,赌上性命去恶作剧,いたずらに命をかけて,C-b949af4f9a68e54e,547,1,CC-b949af4f9a68e54e,1,0.0,0,0.001697792869269949,0.0,0,0.0,louvain,intersection_count,100.0,0.0,1.0,20260801,1.0.0,not_used,community labels are structural network results; they are not official factions and do not replace original-setting faction metadata
JP10,cross_department,music,走在夜晚的莲台野,走在夜晚的莲台野,夜のデンデラ野を逝く,C-10bb8bf7ed727441,548,1,CC-10bb8bf7ed727441,1,0.0,0,0.001697792869269949,0.0,0,0.0,louvain,intersection_count,100.0,0.0,1.0,20260801,1.0.0,not_used,community labels are structural network results; they are not official factions and do not replace original-setting faction metadata
JP10,cross_department,music,轮椅上的未来宇宙,轮椅上的未来宇宙,車椅子の未来宇宙,C-d3f2dc6a599d93dd,549,1,CC-d3f2dc6a599d93dd,1,0.0,0,0.001697792869269949,0.0,0,0.0,louvain,intersection_count,100.0,0.0,1.0,20260801,1.0.0,not_used,community labels are structural network results; they are not official factions and do not replace original-setting faction metadata
JP10,cross_department,music,辉光之针的小人族,辉光之针的小人族 ～ Little Princess,輝く針の小人族　～ Little Princess,C-15864e2c77d8da13,550,1,CC-15864e2c77d8da13,1,0.0,0,0.001697792869269949,0.0,0,0.0,louvain,intersection_count,100.0,0.0,1.0,20260801,1.0.0,not_used,community labels are structural network results; they are not official factions and do not replace original-setting faction metadata
JP10,cross_department,music,过去的花fairyofflower,过去的花 ～ Fairy of Flower,過去の花　～ Fairy of Flower,C-dd11e157c360b348,551,1,CC-dd11e157c360b348,1,0.0,0,0.001697792869269949,0.0,0,0.0,louvain,intersection_count,100.0,0.0,1.0,20260801,1.0.0,not_used,community labels are structural network results; they are not official factions and do not replace original-setting faction metadata
JP10,cross_department,music,远野之森,远野之森,遠野の森,C-6c3406d1c3cf6e60,552,1,CC-6c3406d1c3cf6e60,1,0.0,0,0.001697792869269949,0.0,0,0.0,louvain,intersection_count,100.0,0.0,1.0,20260801,1.0.0,not_used,community labels are structural network results; they are not official factions and do not replace original-setting faction metadata
JP10,cross_department,music,远野幻想物语,远野幻想物语,遠野幻想物語,C-12d979f36e0f438e,553,1,CC-12d979f36e0f438e,1,0.0,0,0.001697792869269949,0.0,0,0.0,louvain,intersection_count,100.0,0.0,1.0,20260801,1.0.0,not_used,community labels are structural network results; they are not official factions and do not replace original-setting faction metadata
JP10,cross_department,music,遍参,遍参,遍参,C-34e9ae9c9a5b3227,554,1,CC-34e9ae9c9a5b3227,1,0.0,0,0.001697792869269949,0.0,0,0.0,louvain,intersection_count,100.0,0.0,1.0,20260801,1.0.0,not_used,community labels are structural network results; they are not official factions and do not replace original-setting faction metadata
JP10,cross_department,music,酒鬼的雷姆利亚,酒鬼的雷姆利亚,呑んべぇのレムリア,C-fbfc39c0e85bab4b,555,1,CC-fbfc39c0e85bab4b,1,0.0,0,0.001697792869269949,0.0,0,0.0,louvain,intersection_count,100.0,0.0,1.0,20260801,1.0.0,not_used,community labels are structural network results; they are not official factions and do not replace original-setting faction metadata
JP10,cross_department,music,针小棒大的天守阁,针小棒大的天守阁,針小棒大の天守閣,C-4119c8448a063d57,556,1,CC-4119c8448a063d57,1,0.0,0,0.001697792869269949,0.0,0,0.0,louvain,intersection_count,100.0,0.0,1.0,20260801,1.0.0,not_used,community labels are structural network results; they are not official factions and do not replace original-setting faction metadata
JP10,cross_department,music,门前的妖怪小姑娘,门前的妖怪小姑娘,門前の妖怪小娘,C-4a919f324fc1c19c,557,1,CC-4a919f324fc1c19c,1,0.0,0,0.001697792869269949,0.0,0,0.0,louvain,intersection_count,100.0,0.0,1.0,20260801,1.0.0,not_used,community labels are structural network results; they are not official factions and do not replace original-setting faction metadata
JP10,cross_department,music,间奏曲,间奏曲,Intermezzo,C-2539daf0f206c607,558,1,CC-2539daf0f206c607,1,0.0,0,0.001697792869269949,0.0,0,0.0,louvain,intersection_count,100.0,0.0,1.0,20260801,1.0.0,not_used,community labels are structural network results; they are not official factions and do not replace original-setting faction metadata
JP10,cross_department,music,阻绝人迹之桥,阻绝人迹之桥,渡る者の途絶えた橋,C-6faf088e6fd9bd2e,559,1,CC-6faf088e6fd9bd2e,1,0.0,0,0.001697792869269949,0.0,0,0.0,louvain,intersection_count,100.0,0.0,1.0,20260801,1.0.0,not_used,community labels are structural network results; they are not official factions and do not replace original-setting faction metadata
JP10,cross_department,music,阿加尔塔之风,阿加尔塔之风,アガルタの風,C-b22aa5c6e0e2725d,560,1,CC-b22aa5c6e0e2725d,1,0.0,0,0.001697792869269949,0.0,0,0.0,louvain,intersection_count,100.0,0.0,1.0,20260801,1.0.0,not_used,community labels are structural network results; they are not official factions and do not replace original-setting faction metadata
JP10,cross_department,music,阿礼的孩子,阿礼的孩子,阿礼の子供,C-4fd7ad296906ff11,561,1,CC-4fd7ad296906ff11,1,0.0,0,0.001697792869269949,0.0,0,0.0,louvain,intersection_count,100.0,0.0,1.0,20260801,1.0.0,not_used,community labels are structural network results; they are not official factions and do not replace original-setting faction metadata
JP10,cross_department,music,雪月樱花之国,雪月樱花之国,雪月桜花の国,C-0b81c8be0e1ed703,562,1,CC-0b81c8be0e1ed703,1,0.0,0,0.001697792869269949,0.0,0,0.0,louvain,intersection_count,100.0,0.0,1.0,20260801,1.0.0,not_used,community labels are structural network results; they are not official factions and do not replace original-setting faction metadata
JP10,cross_department,music,青木原的传说,青木原的传说,青木ヶ原の伝説,C-6093e5ca14515b20,563,1,CC-6093e5ca14515b20,1,0.0,0,0.001697792869269949,0.0,0,0.0,louvain,intersection_count,100.0,0.0,1.0,20260801,1.0.0,not_used,community labels are structural network results; they are not official factions and do not replace original-setting faction metadata
JP10,cross_department,music,青空之影,青空之影,青空の影,C-2dc1e43e5d955aea,564,1,CC-2dc1e43e5d955aea,1,0.0,0,0.001697792869269949,0.0,0,0.0,louvain,intersection_count,100.0,0.0,1.0,20260801,1.0.0,not_used,community labels are structural network results; they are not official factions and do not replace original-setting faction metadata
JP10,cross_department,music,非常非常神奇的道具们,非常非常神奇的道具们,不思議な不思議な道具達,C-412fbd0384864220,565,1,CC-412fbd0384864220,1,0.0,0,0.001697792869269949,0.0,0,0.0,louvain,intersection_count,100.0,0.0,1.0,20260801,1.0.0,not_used,community labels are structural network results; they are not official factions and do not replace original-setting faction metadata
JP10,cross_department,music,非统一魔法世界论,非统一魔法世界论,非統一魔法世界論,C-45d4bf92692ed51b,566,1,CC-45d4bf92692ed51b,1,0.0,0,0.001697792869269949,0.0,0,0.0,louvain,intersection_count,100.0,0.0,1.0,20260801,1.0.0,not_used,community labels are structural network results; they are not official factions and do not replace original-setting faction metadata
JP10,cross_department,music,风之神社,风之神社,風の神社,C-3f20f30d4f92fccc,567,1,CC-3f20f30d4f92fccc,1,0.0,0,0.001697792869269949,0.0,0,0.0,louvain,intersection_count,100.0,0.0,1.0,20260801,1.0.0,not_used,community labels are structural network results; they are not official factions and do not replace original-setting faction metadata
JP10,cross_department,music,风光明媚,风光明媚,風光明媚,C-07911609aec24f84,568,1,CC-07911609aec24f84,1,0.0,0,0.001697792869269949,0.0,0,0.0,louvain,intersection_count,100.0,0.0,1.0,20260801,1.0.0,not_used,community labels are structural network results; they are not official factions and do not replace original-setting faction metadata
JP10,cross_department,music,风的循环,风的循环 ～ Wind Tour,風の循環　～ Wind Tour,C-0894a26462d4b1db,569,1,CC-0894a26462d4b1db,1,0.0,0,0.001697792869269949,0.0,0,0.0,louvain,intersection_count,100.0,0.0,1.0,20260801,1.0.0,not_used,community labels are structural network results; they are not official factions and do not replace original-setting faction metadata
JP10,cross_department,music,风神少女,风神少女,風神少女,C-46a7ef9edde830d8,570,1,CC-46a7ef9edde830d8,1,0.0,0,0.001697792869269949,0.0,0,0.0,louvain,intersection_count,100.0,0.0,1.0,20260801,1.0.0,not_used,community labels are structural network results; they are not official factions and do not replace original-setting faction metadata
JP10,cross_department,music,飘上月球不死之烟,飘上月球，不死之烟,月まで届け、不死の煙,C-d21628dfb8f58ce1,571,1,CC-d21628dfb8f58ce1,1,0.0,0,0.001697792869269949,0.0,0,0.0,louvain,intersection_count,100.0,0.0,1.0,20260801,1.0.0,not_used,community labels are structural network results; they are not official factions and do not replace original-setting faction metadata
JP10,cross_department,music,飞翔在夜晚的鸠山,飞翔在夜晚的鸠山,夜の鳩山を飛ぶ,C-d2bdbf0d8dd75671,572,1,CC-d2bdbf0d8dd75671,1,0.0,0,0.001697792869269949,0.0,0,0.0,louvain,intersection_count,100.0,0.0,1.0,20260801,1.0.0,not_used,community labels are structural network results; they are not official factions and do not replace original-setting faction metadata
JP10,cross_department,music,飞舞的水飞沫,飞舞的水飞沫,踊る水飛沫,C-3e285d78d4e14d0d,573,1,CC-3e285d78d4e14d0d,1,0.0,0,0.001697792869269949,0.0,0,0.0,louvain,intersection_count,100.0,0.0,1.0,20260801,1.0.0,not_used,community labels are structural network results; they are not official factions and do not replace original-setting faction metadata
JP10,cross_department,music,魂之花anotherdream,魂之花 ～ Another Dream...,魂の花　～ Another Dream...,C-920011080759e345,574,1,CC-920011080759e345,1,0.0,0,0.001697792869269949,0.0,0,0.0,louvain,intersection_count,100.0,0.0,1.0,20260801,1.0.0,not_used,community labels are structural network results; they are not official factions and do not replace original-setting faction metadata
JP10,cross_department,music,魔力的雷云,魔力的雷云,魔力の雷雲,C-c18dd49c6ffdcea5,575,1,CC-c18dd49c6ffdcea5,1,0.0,0,0.001697792869269949,0.0,0,0.0,louvain,intersection_count,100.0,0.0,1.0,20260801,1.0.0,not_used,community labels are structural network results; they are not official factions and do not replace original-setting faction metadata
JP10,cross_department,music,魔女们的舞会,魔女们的舞会,魔女達の舞踏会,C-06d6372f20f71368,576,1,CC-06d6372f20f71368,1,0.0,0,0.001697792869269949,0.0,0,0.0,louvain,intersection_count,100.0,0.0,1.0,20260801,1.0.0,not_used,community labels are structural network results; they are not official factions and do not replace original-setting faction metadata
JP10,cross_department,music,魔所,魔所,魔所,C-5dbc003ef87600e9,577,1,CC-5dbc003ef87600e9,1,0.0,0,0.001697792869269949,0.0,0,0.0,louvain,intersection_count,100.0,0.0,1.0,20260801,1.0.0,not_used,community labels are structural network results; they are not official factions and do not replace original-setting faction metadata
JP10,cross_department,music,魔术师梅莉,魔术师梅莉,魔術師メリー,C-51282fea8f98525b,578,1,CC-51282fea8f98525b,1,0.0,0,0.001697792869269949,0.0,0,0.0,louvain,intersection_count,100.0,0.0,1.0,20260801,1.0.0,not_used,community labels are structural network results; they are not official factions and do not replace original-setting faction metadata
JP10,cross_department,music,魔法使的忧郁,魔法使的忧郁,魔法使いの憂鬱,C-42d338da05c716b0,579,1,CC-42d338da05c716b0,1,0.0,0,0.001697792869269949,0.0,0,0.0,louvain,intersection_count,100.0,0.0,1.0,20260801,1.0.0,not_used,community labels are structural network results; they are not official factions and do not replace original-setting faction metadata
JP10,cross_department,music,魔法决战fightitout,魔法决战！ ～ Fight it out!,魔法決戦！　～ Fight it out!,C-29417460a8c69f42,580,1,CC-29417460a8c69f42,1,0.0,0,0.001697792869269949,0.0,0,0.0,louvain,intersection_count,100.0,0.0,1.0,20260801,1.0.0,not_used,community labels are structural network results; they are not official factions and do not replace original-setting faction metadata
JP10,cross_department,music,魔法少女们的百年祭,魔法少女们的百年祭,魔法少女達の百年祭,C-e0566434da18e965,581,1,CC-e0566434da18e965,1,0.0,0,0.001697792869269949,0.0,0,0.0,louvain,intersection_count,100.0,0.0,1.0,20260801,1.0.0,not_used,community labels are structural network results; they are not official factions and do not replace original-setting faction metadata
JP10,cross_department,music,魔法少女十字军,魔法少女十字军,魔法少女十字軍,C-ae7883174777e36d,582,1,CC-ae7883174777e36d,1,0.0,0,0.001697792869269949,0.0,0,0.0,louvain,intersection_count,100.0,0.0,1.0,20260801,1.0.0,not_used,community labels are structural network results; they are not official factions and do not replace original-setting faction metadata
JP10,cross_department,music,魔法钟爱,魔法钟爱,魔法鐘愛,C-0b607d9d9f7b6794,583,1,CC-0b607d9d9f7b6794,1,0.0,0,0.001697792869269949,0.0,0,0.0,louvain,intersection_count,100.0,0.0,1.0,20260801,1.0.0,not_used,community labels are structural network results; they are not official factions and do not replace original-setting faction metadata
JP10,cross_department,music,魔法阵magicsquare,魔法阵 ～ Magic Square,魔法陣　～ Magic Square,C-229f72d77dc6f454,584,1,CC-229f72d77dc6f454,1,0.0,0,0.001697792869269949,0.0,0,0.0,louvain,intersection_count,100.0,0.0,1.0,20260801,1.0.0,not_used,community labels are structural network results; they are not official factions and do not replace original-setting faction metadata
JP10,cross_department,music,魔界地方都市秘境,魔界地方都市秘境,魔界地方都市エソテリア,C-76e56398474143d4,585,1,CC-76e56398474143d4,1,0.0,0,0.001697792869269949,0.0,0,0.0,louvain,intersection_count,100.0,0.0,1.0,20260801,1.0.0,not_used,community labels are structural network results; they are not official factions and do not replace original-setting faction metadata
JP10,cross_department,music,魔镜,魔镜,魔鏡,C-9e70a52c595f6a17,586,1,CC-9e70a52c595f6a17,1,0.0,0,0.001697792869269949,0.0,0,0.0,louvain,intersection_count,100.0,0.0,1.0,20260801,1.0.0,not_used,community labels are structural network results; they are not official factions and do not replace original-setting faction metadata
JP10,cross_department,music,鸢尾花,鸢尾花,アイリス,C-3aa03c025666b318,587,1,CC-3aa03c025666b318,1,0.0,0,0.001697792869269949,0.0,0,0.0,louvain,intersection_count,100.0,0.0,1.0,20260801,1.0.0,not_used,community labels are structural network results; they are not official factions and do not replace original-setting faction metadata
JP10,cross_department,music,黑暗的力量,黑暗的力量,やみのちから,C-51db22a918c84548,588,1,CC-51db22a918c84548,1,0.0,0,0.001697792869269949,0.0,0,0.0,louvain,intersection_count,100.0,0.0,1.0,20260801,1.0.0,not_used,community labels are structural network results; they are not official factions and do not replace original-setting faction metadata
JP10,cross_department,music,黑海中的绯红,黑海中的绯红 ～ Legendary Fish,黒い海に紅く　～ Legendary Fish,C-7b5e20f0022b7e8d,589,1,CC-7b5e20f0022b7e8d,1,0.0,0,0.001697792869269949,0.0,0,0.0,louvain,intersection_count,100.0,0.0,1.0,20260801,1.0.0,not_used,community labels are structural network results; they are not official factions and do not replace original-setting faction metadata
