round,category,id,votedate,votesex,votegeo,votepaper,complete
5,chara,1,data_raw/cn_official_legacy/round_05/raw/api/items/chara/1/votedate.json,data_raw/cn_official_legacy/round_05/raw/api/items/chara/1/votesex.json,data_raw/cn_official_legacy/round_05/raw/api/items/chara/1/votegeo.json,data_raw/cn_official_legacy/round_05/raw/api/items/chara/1/votepaper.json,True
5,chara,2,data_raw/cn_official_legacy/round_05/raw/api/items/chara/2/votedate.json,data_raw/cn_official_legacy/round_05/raw/api/items/chara/2/votesex.json,data_raw/cn_official_legacy/round_05/raw/api/items/chara/2/votegeo.json,data_raw/cn_official_legacy/round_05/raw/api/items/chara/2/votepaper.json,True
5,chara,3,data_raw/cn_official_legacy/round_05/raw/api/items/chara/3/votedate.json,data_raw/cn_official_legacy/round_05/raw/api/items/chara/3/votesex.json,data_raw/cn_official_legacy/round_05/raw/api/items/chara/3/votegeo.json,data_raw/cn_official_legacy/round_05/raw/api/items/chara/3/votepaper.json,True
5,chara,4,data_raw/cn_official_legacy/round_05/raw/api/items/chara/4/votedate.json,data_raw/cn_official_legacy/round_05/raw/api/items/chara/4/votesex.json,data_raw/cn_official_legacy/round_05/raw/api/items/chara/4/votegeo.json,data_raw/cn_official_legacy/round_05/raw/api/items/chara/4/votepaper.json,True
5,chara,5,data_raw/cn_official_legacy/round_05/raw/api/items/chara/5/votedate.json,data_raw/cn_official_legacy/round_05/raw/api/items/chara/5/votesex.json,data_raw/cn_official_legacy/round_05/raw/api/items/chara/5/votegeo.json,data_raw/cn_official_legacy/round_05/raw/api/items/chara/5/votepaper.json,True
5,chara,6,data_raw/cn_official_legacy/round_05/raw/api/items/chara/6/votedate.json,data_raw/cn_official_legacy/round_05/raw/api/items/chara/6/votesex.json,data_raw/cn_official_legacy/round_05/raw/api/items/chara/6/votegeo.json,data_raw/cn_official_legacy/round_05/raw/api/items/chara/6/votepaper.json,True
5,chara,7,data_raw/cn_official_legacy/round_05/raw/api/items/chara/7/votedate.json,data_raw/cn_official_legacy/round_05/raw/api/items/chara/7/votesex.json,data_raw/cn_official_legacy/round_05/raw/api/items/chara/7/votegeo.json,data_raw/cn_official_legacy/round_05/raw/api/items/chara/7/votepaper.json,True
5,chara,8,data_raw/cn_official_legacy/round_05/raw/api/items/chara/8/votedate.json,data_raw/cn_official_legacy/round_05/raw/api/items/chara/8/votesex.json,data_raw/cn_official_legacy/round_05/raw/api/items/chara/8/votegeo.json,data_raw/cn_official_legacy/round_05/raw/api/items/chara/8/votepaper.json,True
5,chara,9,data_raw/cn_official_legacy/round_05/raw/api/items/chara/9/votedate.json,data_raw/cn_official_legacy/round_05/raw/api/items/chara/9/votesex.json,data_raw/cn_official_legacy/round_05/raw/api/items/chara/9/votegeo.json,data_raw/cn_official_legacy/round_05/raw/api/items/chara/9/votepaper.json,True
5,chara,10,data_raw/cn_official_legacy/round_05/raw/api/items/chara/10/votedate.json,data_raw/cn_official_legacy/round_05/raw/api/items/chara/10/votesex.json,data_raw/cn_official_legacy/round_05/raw/api/items/chara/10/votegeo.json,data_raw/cn_official_legacy/round_05/raw/api/items/chara/10/votepaper.json,True
5,chara,11,data_raw/cn_official_legacy/round_05/raw/api/items/chara/11/votedate.json,data_raw/cn_official_legacy/round_05/raw/api/items/chara/11/votesex.json,data_raw/cn_official_legacy/round_05/raw/api/items/chara/11/votegeo.json,data_raw/cn_official_legacy/round_05/raw/api/items/chara/11/votepaper.json,True
5,chara,12,data_raw/cn_official_legacy/round_05/raw/api/items/chara/12/votedate.json,data_raw/cn_official_legacy/round_05/raw/api/items/chara/12/votesex.json,data_raw/cn_official_legacy/round_05/raw/api/items/chara/12/votegeo.json,data_raw/cn_official_legacy/round_05/raw/api/items/chara/12/votepaper.json,True
5,chara,13,data_raw/cn_official_legacy/round_05/raw/api/items/chara/13/votedate.json,data_raw/cn_official_legacy/round_05/raw/api/items/chara/13/votesex.json,data_raw/cn_official_legacy/round_05/raw/api/items/chara/13/votegeo.json,data_raw/cn_official_legacy/round_05/raw/api/items/chara/13/votepaper.json,True
5,chara,14,data_raw/cn_official_legacy/round_05/raw/api/items/chara/14/votedate.json,data_raw/cn_official_legacy/round_05/raw/api/items/chara/14/votesex.json,data_raw/cn_official_legacy/round_05/raw/api/items/chara/14/votegeo.json,data_raw/cn_official_legacy/round_05/raw/api/items/chara/14/votepaper.json,True
5,chara,15,data_raw/cn_official_legacy/round_05/raw/api/items/chara/15/votedate.json,data_raw/cn_official_legacy/round_05/raw/api/items/chara/15/votesex.json,data_raw/cn_official_legacy/round_05/raw/api/items/chara/15/votegeo.json,data_raw/cn_official_legacy/round_05/raw/api/items/chara/15/votepaper.json,True
5,chara,16,data_raw/cn_official_legacy/round_05/raw/api/items/chara/16/votedate.json,data_raw/cn_official_legacy/round_05/raw/api/items/chara/16/votesex.json,data_raw/cn_official_legacy/round_05/raw/api/items/chara/16/votegeo.json,data_raw/cn_official_legacy/round_05/raw/api/items/chara/16/votepaper.json,True
5,chara,17,data_raw/cn_official_legacy/round_05/raw/api/items/chara/17/votedate.json,data_raw/cn_official_legacy/round_05/raw/api/items/chara/17/votesex.json,data_raw/cn_official_legacy/round_05/raw/api/items/chara/17/votegeo.json,data_raw/cn_official_legacy/round_05/raw/api/items/chara/17/votepaper.json,True
5,chara,18,data_raw/cn_official_legacy/round_05/raw/api/items/chara/18/votedate.json,data_raw/cn_official_legacy/round_05/raw/api/items/chara/18/votesex.json,data_raw/cn_official_legacy/round_05/raw/api/items/chara/18/votegeo.json,data_raw/cn_official_legacy/round_05/raw/api/items/chara/18/votepaper.json,True
5,chara,19,data_raw/cn_official_legacy/round_05/raw/api/items/chara/19/votedate.json,data_raw/cn_official_legacy/round_05/raw/api/items/chara/19/votesex.json,data_raw/cn_official_legacy/round_05/raw/api/items/chara/19/votegeo.json,data_raw/cn_official_legacy/round_05/raw/api/items/chara/19/votepaper.json,True
5,chara,20,data_raw/cn_official_legacy/round_05/raw/api/items/chara/20/votedate.json,data_raw/cn_official_legacy/round_05/raw/api/items/chara/20/votesex.json,data_raw/cn_official_legacy/round_05/raw/api/items/chara/20/votegeo.json,data_raw/cn_official_legacy/round_05/raw/api/items/chara/20/votepaper.json,True
5,chara,21,data_raw/cn_official_legacy/round_05/raw/api/items/chara/21/votedate.json,data_raw/cn_official_legacy/round_05/raw/api/items/chara/21/votesex.json,data_raw/cn_official_legacy/round_05/raw/api/items/chara/21/votegeo.json,data_raw/cn_official_legacy/round_05/raw/api/items/chara/21/votepaper.json,True
5,chara,22,data_raw/cn_official_legacy/round_05/raw/api/items/chara/22/votedate.json,data_raw/cn_official_legacy/round_05/raw/api/items/chara/22/votesex.json,data_raw/cn_official_legacy/round_05/raw/api/items/chara/22/votegeo.json,data_raw/cn_official_legacy/round_05/raw/api/items/chara/22/votepaper.json,True
5,chara,23,data_raw/cn_official_legacy/round_05/raw/api/items/chara/23/votedate.json,data_raw/cn_official_legacy/round_05/raw/api/items/chara/23/votesex.json,data_raw/cn_official_legacy/round_05/raw/api/items/chara/23/votegeo.json,data_raw/cn_official_legacy/round_05/raw/api/items/chara/23/votepaper.json,True
5,chara,24,data_raw/cn_official_legacy/round_05/raw/api/items/chara/24/votedate.json,data_raw/cn_official_legacy/round_05/raw/api/items/chara/24/votesex.json,data_raw/cn_official_legacy/round_05/raw/api/items/chara/24/votegeo.json,data_raw/cn_official_legacy/round_05/raw/api/items/chara/24/votepaper.json,True
5,chara,25,data_raw/cn_official_legacy/round_05/raw/api/items/chara/25/votedate.json,data_raw/cn_official_legacy/round_05/raw/api/items/chara/25/votesex.json,data_raw/cn_official_legacy/round_05/raw/api/items/chara/25/votegeo.json,data_raw/cn_official_legacy/round_05/raw/api/items/chara/25/votepaper.json,True
5,chara,26,data_raw/cn_official_legacy/round_05/raw/api/items/chara/26/votedate.json,data_raw/cn_official_legacy/round_05/raw/api/items/chara/26/votesex.json,data_raw/cn_official_legacy/round_05/raw/api/items/chara/26/votegeo.json,data_raw/cn_official_legacy/round_05/raw/api/items/chara/26/votepaper.json,True
5,chara,27,data_raw/cn_official_legacy/round_05/raw/api/items/chara/27/votedate.json,data_raw/cn_official_legacy/round_05/raw/api/items/chara/27/votesex.json,data_raw/cn_official_legacy/round_05/raw/api/items/chara/27/votegeo.json,data_raw/cn_official_legacy/round_05/raw/api/items/chara/27/votepaper.json,True
5,chara,28,data_raw/cn_official_legacy/round_05/raw/api/items/chara/28/votedate.json,data_raw/cn_official_legacy/round_05/raw/api/items/chara/28/votesex.json,data_raw/cn_official_legacy/round_05/raw/api/items/chara/28/votegeo.json,data_raw/cn_official_legacy/round_05/raw/api/items/chara/28/votepaper.json,True
5,chara,29,data_raw/cn_official_legacy/round_05/raw/api/items/chara/29/votedate.json,data_raw/cn_official_legacy/round_05/raw/api/items/chara/29/votesex.json,data_raw/cn_official_legacy/round_05/raw/api/items/chara/29/votegeo.json,data_raw/cn_official_legacy/round_05/raw/api/items/chara/29/votepaper.json,True
5,chara,30,data_raw/cn_official_legacy/round_05/raw/api/items/chara/30/votedate.json,data_raw/cn_official_legacy/round_05/raw/api/items/chara/30/votesex.json,data_raw/cn_official_legacy/round_05/raw/api/items/chara/30/votegeo.json,data_raw/cn_official_legacy/round_05/raw/api/items/chara/30/votepaper.json,True
5,chara,31,data_raw/cn_official_legacy/round_05/raw/api/items/chara/31/votedate.json,data_raw/cn_official_legacy/round_05/raw/api/items/chara/31/votesex.json,data_raw/cn_official_legacy/round_05/raw/api/items/chara/31/votegeo.json,data_raw/cn_official_legacy/round_05/raw/api/items/chara/31/votepaper.json,True
5,chara,32,data_raw/cn_official_legacy/round_05/raw/api/items/chara/32/votedate.json,data_raw/cn_official_legacy/round_05/raw/api/items/chara/32/votesex.json,data_raw/cn_official_legacy/round_05/raw/api/items/chara/32/votegeo.json,data_raw/cn_official_legacy/round_05/raw/api/items/chara/32/votepaper.json,True
5,chara,33,data_raw/cn_official_legacy/round_05/raw/api/items/chara/33/votedate.json,data_raw/cn_official_legacy/round_05/raw/api/items/chara/33/votesex.json,data_raw/cn_official_legacy/round_05/raw/api/items/chara/33/votegeo.json,data_raw/cn_official_legacy/round_05/raw/api/items/chara/33/votepaper.json,True
5,chara,34,data_raw/cn_official_legacy/round_05/raw/api/items/chara/34/votedate.json,data_raw/cn_official_legacy/round_05/raw/api/items/chara/34/votesex.json,data_raw/cn_official_legacy/round_05/raw/api/items/chara/34/votegeo.json,data_raw/cn_official_legacy/round_05/raw/api/items/chara/34/votepaper.json,True
5,chara,35,data_raw/cn_official_legacy/round_05/raw/api/items/chara/35/votedate.json,data_raw/cn_official_legacy/round_05/raw/api/items/chara/35/votesex.json,data_raw/cn_official_legacy/round_05/raw/api/items/chara/35/votegeo.json,data_raw/cn_official_legacy/round_05/raw/api/items/chara/35/votepaper.json,True
5,chara,36,data_raw/cn_official_legacy/round_05/raw/api/items/chara/36/votedate.json,data_raw/cn_official_legacy/round_05/raw/api/items/chara/36/votesex.json,data_raw/cn_official_legacy/round_05/raw/api/items/chara/36/votegeo.json,data_raw/cn_official_legacy/round_05/raw/api/items/chara/36/votepaper.json,True
5,chara,37,data_raw/cn_official_legacy/round_05/raw/api/items/chara/37/votedate.json,data_raw/cn_official_legacy/round_05/raw/api/items/chara/37/votesex.json,data_raw/cn_official_legacy/round_05/raw/api/items/chara/37/votegeo.json,data_raw/cn_official_legacy/round_05/raw/api/items/chara/37/votepaper.json,True
5,chara,38,data_raw/cn_official_legacy/round_05/raw/api/items/chara/38/votedate.json,data_raw/cn_official_legacy/round_05/raw/api/items/chara/38/votesex.json,data_raw/cn_official_legacy/round_05/raw/api/items/chara/38/votegeo.json,data_raw/cn_official_legacy/round_05/raw/api/items/chara/38/votepaper.json,True
5,chara,39,data_raw/cn_official_legacy/round_05/raw/api/items/chara/39/votedate.json,data_raw/cn_official_legacy/round_05/raw/api/items/chara/39/votesex.json,data_raw/cn_official_legacy/round_05/raw/api/items/chara/39/votegeo.json,data_raw/cn_official_legacy/round_05/raw/api/items/chara/39/votepaper.json,True
5,chara,40,data_raw/cn_official_legacy/round_05/raw/api/items/chara/40/votedate.json,data_raw/cn_official_legacy/round_05/raw/api/items/chara/40/votesex.json,data_raw/cn_official_legacy/round_05/raw/api/items/chara/40/votegeo.json,data_raw/cn_official_legacy/round_05/raw/api/items/chara/40/votepaper.json,True
5,chara,41,data_raw/cn_official_legacy/round_05/raw/api/items/chara/41/votedate.json,data_raw/cn_official_legacy/round_05/raw/api/items/chara/41/votesex.json,data_raw/cn_official_legacy/round_05/raw/api/items/chara/41/votegeo.json,data_raw/cn_official_legacy/round_05/raw/api/items/chara/41/votepaper.json,True
5,chara,42,data_raw/cn_official_legacy/round_05/raw/api/items/chara/42/votedate.json,data_raw/cn_official_legacy/round_05/raw/api/items/chara/42/votesex.json,data_raw/cn_official_legacy/round_05/raw/api/items/chara/42/votegeo.json,data_raw/cn_official_legacy/round_05/raw/api/items/chara/42/votepaper.json,True
5,chara,43,data_raw/cn_official_legacy/round_05/raw/api/items/chara/43/votedate.json,data_raw/cn_official_legacy/round_05/raw/api/items/chara/43/votesex.json,data_raw/cn_official_legacy/round_05/raw/api/items/chara/43/votegeo.json,data_raw/cn_official_legacy/round_05/raw/api/items/chara/43/votepaper.json,True
5,chara,44,data_raw/cn_official_legacy/round_05/raw/api/items/chara/44/votedate.json,data_raw/cn_official_legacy/round_05/raw/api/items/chara/44/votesex.json,data_raw/cn_official_legacy/round_05/raw/api/items/chara/44/votegeo.json,data_raw/cn_official_legacy/round_05/raw/api/items/chara/44/votepaper.json,True
5,chara,45,data_raw/cn_official_legacy/round_05/raw/api/items/chara/45/votedate.json,data_raw/cn_official_legacy/round_05/raw/api/items/chara/45/votesex.json,data_raw/cn_official_legacy/round_05/raw/api/items/chara/45/votegeo.json,data_raw/cn_official_legacy/round_05/raw/api/items/chara/45/votepaper.json,True
5,chara,46,data_raw/cn_official_legacy/round_05/raw/api/items/chara/46/votedate.json,data_raw/cn_official_legacy/round_05/raw/api/items/chara/46/votesex.json,data_raw/cn_official_legacy/round_05/raw/api/items/chara/46/votegeo.json,data_raw/cn_official_legacy/round_05/raw/api/items/chara/46/votepaper.json,True
5,chara,47,data_raw/cn_official_legacy/round_05/raw/api/items/chara/47/votedate.json,data_raw/cn_official_legacy/round_05/raw/api/items/chara/47/votesex.json,data_raw/cn_official_legacy/round_05/raw/api/items/chara/47/votegeo.json,data_raw/cn_official_legacy/round_05/raw/api/items/chara/47/votepaper.json,True
5,chara,48,data_raw/cn_official_legacy/round_05/raw/api/items/chara/48/votedate.json,data_raw/cn_official_legacy/round_05/raw/api/items/chara/48/votesex.json,data_raw/cn_official_legacy/round_05/raw/api/items/chara/48/votegeo.json,data_raw/cn_official_legacy/round_05/raw/api/items/chara/48/votepaper.json,True
5,chara,49,data_raw/cn_official_legacy/round_05/raw/api/items/chara/49/votedate.json,data_raw/cn_official_legacy/round_05/raw/api/items/chara/49/votesex.json,data_raw/cn_official_legacy/round_05/raw/api/items/chara/49/votegeo.json,data_raw/cn_official_legacy/round_05/raw/api/items/chara/49/votepaper.json,True
5,chara,50,data_raw/cn_official_legacy/round_05/raw/api/items/chara/50/votedate.json,data_raw/cn_official_legacy/round_05/raw/api/items/chara/50/votesex.json,data_raw/cn_official_legacy/round_05/raw/api/items/chara/50/votegeo.json,data_raw/cn_official_legacy/round_05/raw/api/items/chara/50/votepaper.json,True
5,chara,51,data_raw/cn_official_legacy/round_05/raw/api/items/chara/51/votedate.json,data_raw/cn_official_legacy/round_05/raw/api/items/chara/51/votesex.json,data_raw/cn_official_legacy/round_05/raw/api/items/chara/51/votegeo.json,data_raw/cn_official_legacy/round_05/raw/api/items/chara/51/votepaper.json,True
5,chara,52,data_raw/cn_official_legacy/round_05/raw/api/items/chara/52/votedate.json,data_raw/cn_official_legacy/round_05/raw/api/items/chara/52/votesex.json,data_raw/cn_official_legacy/round_05/raw/api/items/chara/52/votegeo.json,data_raw/cn_official_legacy/round_05/raw/api/items/chara/52/votepaper.json,True
5,chara,53,data_raw/cn_official_legacy/round_05/raw/api/items/chara/53/votedate.json,data_raw/cn_official_legacy/round_05/raw/api/items/chara/53/votesex.json,data_raw/cn_official_legacy/round_05/raw/api/items/chara/53/votegeo.json,data_raw/cn_official_legacy/round_05/raw/api/items/chara/53/votepaper.json,True
5,chara,54,data_raw/cn_official_legacy/round_05/raw/api/items/chara/54/votedate.json,data_raw/cn_official_legacy/round_05/raw/api/items/chara/54/votesex.json,data_raw/cn_official_legacy/round_05/raw/api/items/chara/54/votegeo.json,data_raw/cn_official_legacy/round_05/raw/api/items/chara/54/votepaper.json,True
5,chara,55,data_raw/cn_official_legacy/round_05/raw/api/items/chara/55/votedate.json,data_raw/cn_official_legacy/round_05/raw/api/items/chara/55/votesex.json,data_raw/cn_official_legacy/round_05/raw/api/items/chara/55/votegeo.json,data_raw/cn_official_legacy/round_05/raw/api/items/chara/55/votepaper.json,True
5,chara,56,data_raw/cn_official_legacy/round_05/raw/api/items/chara/56/votedate.json,data_raw/cn_official_legacy/round_05/raw/api/items/chara/56/votesex.json,data_raw/cn_official_legacy/round_05/raw/api/items/chara/56/votegeo.json,data_raw/cn_official_legacy/round_05/raw/api/items/chara/56/votepaper.json,True
5,chara,57,data_raw/cn_official_legacy/round_05/raw/api/items/chara/57/votedate.json,data_raw/cn_official_legacy/round_05/raw/api/items/chara/57/votesex.json,data_raw/cn_official_legacy/round_05/raw/api/items/chara/57/votegeo.json,data_raw/cn_official_legacy/round_05/raw/api/items/chara/57/votepaper.json,True
5,chara,58,data_raw/cn_official_legacy/round_05/raw/api/items/chara/58/votedate.json,data_raw/cn_official_legacy/round_05/raw/api/items/chara/58/votesex.json,data_raw/cn_official_legacy/round_05/raw/api/items/chara/58/votegeo.json,data_raw/cn_official_legacy/round_05/raw/api/items/chara/58/votepaper.json,True
5,chara,59,data_raw/cn_official_legacy/round_05/raw/api/items/chara/59/votedate.json,data_raw/cn_official_legacy/round_05/raw/api/items/chara/59/votesex.json,data_raw/cn_official_legacy/round_05/raw/api/items/chara/59/votegeo.json,data_raw/cn_official_legacy/round_05/raw/api/items/chara/59/votepaper.json,True
5,chara,60,data_raw/cn_official_legacy/round_05/raw/api/items/chara/60/votedate.json,data_raw/cn_official_legacy/round_05/raw/api/items/chara/60/votesex.json,data_raw/cn_official_legacy/round_05/raw/api/items/chara/60/votegeo.json,data_raw/cn_official_legacy/round_05/raw/api/items/chara/60/votepaper.json,True
5,chara,61,data_raw/cn_official_legacy/round_05/raw/api/items/chara/61/votedate.json,data_raw/cn_official_legacy/round_05/raw/api/items/chara/61/votesex.json,data_raw/cn_official_legacy/round_05/raw/api/items/chara/61/votegeo.json,data_raw/cn_official_legacy/round_05/raw/api/items/chara/61/votepaper.json,True
5,chara,62,data_raw/cn_official_legacy/round_05/raw/api/items/chara/62/votedate.json,data_raw/cn_official_legacy/round_05/raw/api/items/chara/62/votesex.json,data_raw/cn_official_legacy/round_05/raw/api/items/chara/62/votegeo.json,data_raw/cn_official_legacy/round_05/raw/api/items/chara/62/votepaper.json,True
5,chara,63,data_raw/cn_official_legacy/round_05/raw/api/items/chara/63/votedate.json,data_raw/cn_official_legacy/round_05/raw/api/items/chara/63/votesex.json,data_raw/cn_official_legacy/round_05/raw/api/items/chara/63/votegeo.json,data_raw/cn_official_legacy/round_05/raw/api/items/chara/63/votepaper.json,True
5,chara,64,data_raw/cn_official_legacy/round_05/raw/api/items/chara/64/votedate.json,data_raw/cn_official_legacy/round_05/raw/api/items/chara/64/votesex.json,data_raw/cn_official_legacy/round_05/raw/api/items/chara/64/votegeo.json,data_raw/cn_official_legacy/round_05/raw/api/items/chara/64/votepaper.json,True
5,chara,65,data_raw/cn_official_legacy/round_05/raw/api/items/chara/65/votedate.json,data_raw/cn_official_legacy/round_05/raw/api/items/chara/65/votesex.json,data_raw/cn_official_legacy/round_05/raw/api/items/chara/65/votegeo.json,data_raw/cn_official_legacy/round_05/raw/api/items/chara/65/votepaper.json,True
5,chara,66,data_raw/cn_official_legacy/round_05/raw/api/items/chara/66/votedate.json,data_raw/cn_official_legacy/round_05/raw/api/items/chara/66/votesex.json,data_raw/cn_official_legacy/round_05/raw/api/items/chara/66/votegeo.json,data_raw/cn_official_legacy/round_05/raw/api/items/chara/66/votepaper.json,True
5,chara,67,data_raw/cn_official_legacy/round_05/raw/api/items/chara/67/votedate.json,data_raw/cn_official_legacy/round_05/raw/api/items/chara/67/votesex.json,data_raw/cn_official_legacy/round_05/raw/api/items/chara/67/votegeo.json,data_raw/cn_official_legacy/round_05/raw/api/items/chara/67/votepaper.json,True
5,chara,68,data_raw/cn_official_legacy/round_05/raw/api/items/chara/68/votedate.json,data_raw/cn_official_legacy/round_05/raw/api/items/chara/68/votesex.json,data_raw/cn_official_legacy/round_05/raw/api/items/chara/68/votegeo.json,data_raw/cn_official_legacy/round_05/raw/api/items/chara/68/votepaper.json,True
5,chara,69,data_raw/cn_official_legacy/round_05/raw/api/items/chara/69/votedate.json,data_raw/cn_official_legacy/round_05/raw/api/items/chara/69/votesex.json,data_raw/cn_official_legacy/round_05/raw/api/items/chara/69/votegeo.json,data_raw/cn_official_legacy/round_05/raw/api/items/chara/69/votepaper.json,True
5,chara,70,data_raw/cn_official_legacy/round_05/raw/api/items/chara/70/votedate.json,data_raw/cn_official_legacy/round_05/raw/api/items/chara/70/votesex.json,data_raw/cn_official_legacy/round_05/raw/api/items/chara/70/votegeo.json,data_raw/cn_official_legacy/round_05/raw/api/items/chara/70/votepaper.json,True
5,chara,71,data_raw/cn_official_legacy/round_05/raw/api/items/chara/71/votedate.json,data_raw/cn_official_legacy/round_05/raw/api/items/chara/71/votesex.json,data_raw/cn_official_legacy/round_05/raw/api/items/chara/71/votegeo.json,data_raw/cn_official_legacy/round_05/raw/api/items/chara/71/votepaper.json,True
5,chara,72,data_raw/cn_official_legacy/round_05/raw/api/items/chara/72/votedate.json,data_raw/cn_official_legacy/round_05/raw/api/items/chara/72/votesex.json,data_raw/cn_official_legacy/round_05/raw/api/items/chara/72/votegeo.json,data_raw/cn_official_legacy/round_05/raw/api/items/chara/72/votepaper.json,True
5,chara,73,data_raw/cn_official_legacy/round_05/raw/api/items/chara/73/votedate.json,data_raw/cn_official_legacy/round_05/raw/api/items/chara/73/votesex.json,data_raw/cn_official_legacy/round_05/raw/api/items/chara/73/votegeo.json,data_raw/cn_official_legacy/round_05/raw/api/items/chara/73/votepaper.json,True
5,chara,74,data_raw/cn_official_legacy/round_05/raw/api/items/chara/74/votedate.json,data_raw/cn_official_legacy/round_05/raw/api/items/chara/74/votesex.json,data_raw/cn_official_legacy/round_05/raw/api/items/chara/74/votegeo.json,data_raw/cn_official_legacy/round_05/raw/api/items/chara/74/votepaper.json,True
5,chara,75,data_raw/cn_official_legacy/round_05/raw/api/items/chara/75/votedate.json,data_raw/cn_official_legacy/round_05/raw/api/items/chara/75/votesex.json,data_raw/cn_official_legacy/round_05/raw/api/items/chara/75/votegeo.json,data_raw/cn_official_legacy/round_05/raw/api/items/chara/75/votepaper.json,True
5,chara,76,data_raw/cn_official_legacy/round_05/raw/api/items/chara/76/votedate.json,data_raw/cn_official_legacy/round_05/raw/api/items/chara/76/votesex.json,data_raw/cn_official_legacy/round_05/raw/api/items/chara/76/votegeo.json,data_raw/cn_official_legacy/round_05/raw/api/items/chara/76/votepaper.json,True
5,chara,77,data_raw/cn_official_legacy/round_05/raw/api/items/chara/77/votedate.json,data_raw/cn_official_legacy/round_05/raw/api/items/chara/77/votesex.json,data_raw/cn_official_legacy/round_05/raw/api/items/chara/77/votegeo.json,data_raw/cn_official_legacy/round_05/raw/api/items/chara/77/votepaper.json,True
5,chara,78,data_raw/cn_official_legacy/round_05/raw/api/items/chara/78/votedate.json,data_raw/cn_official_legacy/round_05/raw/api/items/chara/78/votesex.json,data_raw/cn_official_legacy/round_05/raw/api/items/chara/78/votegeo.json,data_raw/cn_official_legacy/round_05/raw/api/items/chara/78/votepaper.json,True
5,chara,79,data_raw/cn_official_legacy/round_05/raw/api/items/chara/79/votedate.json,data_raw/cn_official_legacy/round_05/raw/api/items/chara/79/votesex.json,data_raw/cn_official_legacy/round_05/raw/api/items/chara/79/votegeo.json,data_raw/cn_official_legacy/round_05/raw/api/items/chara/79/votepaper.json,True
5,chara,80,data_raw/cn_official_legacy/round_05/raw/api/items/chara/80/votedate.json,data_raw/cn_official_legacy/round_05/raw/api/items/chara/80/votesex.json,data_raw/cn_official_legacy/round_05/raw/api/items/chara/80/votegeo.json,data_raw/cn_official_legacy/round_05/raw/api/items/chara/80/votepaper.json,True
5,chara,81,data_raw/cn_official_legacy/round_05/raw/api/items/chara/81/votedate.json,data_raw/cn_official_legacy/round_05/raw/api/items/chara/81/votesex.json,data_raw/cn_official_legacy/round_05/raw/api/items/chara/81/votegeo.json,data_raw/cn_official_legacy/round_05/raw/api/items/chara/81/votepaper.json,True
5,chara,82,data_raw/cn_official_legacy/round_05/raw/api/items/chara/82/votedate.json,data_raw/cn_official_legacy/round_05/raw/api/items/chara/82/votesex.json,data_raw/cn_official_legacy/round_05/raw/api/items/chara/82/votegeo.json,data_raw/cn_official_legacy/round_05/raw/api/items/chara/82/votepaper.json,True
5,chara,83,data_raw/cn_official_legacy/round_05/raw/api/items/chara/83/votedate.json,data_raw/cn_official_legacy/round_05/raw/api/items/chara/83/votesex.json,data_raw/cn_official_legacy/round_05/raw/api/items/chara/83/votegeo.json,data_raw/cn_official_legacy/round_05/raw/api/items/chara/83/votepaper.json,True
5,chara,84,data_raw/cn_official_legacy/round_05/raw/api/items/chara/84/votedate.json,data_raw/cn_official_legacy/round_05/raw/api/items/chara/84/votesex.json,data_raw/cn_official_legacy/round_05/raw/api/items/chara/84/votegeo.json,data_raw/cn_official_legacy/round_05/raw/api/items/chara/84/votepaper.json,True
5,chara,85,data_raw/cn_official_legacy/round_05/raw/api/items/chara/85/votedate.json,data_raw/cn_official_legacy/round_05/raw/api/items/chara/85/votesex.json,data_raw/cn_official_legacy/round_05/raw/api/items/chara/85/votegeo.json,data_raw/cn_official_legacy/round_05/raw/api/items/chara/85/votepaper.json,True
5,chara,86,data_raw/cn_official_legacy/round_05/raw/api/items/chara/86/votedate.json,data_raw/cn_official_legacy/round_05/raw/api/items/chara/86/votesex.json,data_raw/cn_official_legacy/round_05/raw/api/items/chara/86/votegeo.json,data_raw/cn_official_legacy/round_05/raw/api/items/chara/86/votepaper.json,True
5,chara,87,data_raw/cn_official_legacy/round_05/raw/api/items/chara/87/votedate.json,data_raw/cn_official_legacy/round_05/raw/api/items/chara/87/votesex.json,data_raw/cn_official_legacy/round_05/raw/api/items/chara/87/votegeo.json,data_raw/cn_official_legacy/round_05/raw/api/items/chara/87/votepaper.json,True
5,chara,88,data_raw/cn_official_legacy/round_05/raw/api/items/chara/88/votedate.json,data_raw/cn_official_legacy/round_05/raw/api/items/chara/88/votesex.json,data_raw/cn_official_legacy/round_05/raw/api/items/chara/88/votegeo.json,data_raw/cn_official_legacy/round_05/raw/api/items/chara/88/votepaper.json,True
5,chara,89,data_raw/cn_official_legacy/round_05/raw/api/items/chara/89/votedate.json,data_raw/cn_official_legacy/round_05/raw/api/items/chara/89/votesex.json,data_raw/cn_official_legacy/round_05/raw/api/items/chara/89/votegeo.json,data_raw/cn_official_legacy/round_05/raw/api/items/chara/89/votepaper.json,True
5,chara,90,data_raw/cn_official_legacy/round_05/raw/api/items/chara/90/votedate.json,data_raw/cn_official_legacy/round_05/raw/api/items/chara/90/votesex.json,data_raw/cn_official_legacy/round_05/raw/api/items/chara/90/votegeo.json,data_raw/cn_official_legacy/round_05/raw/api/items/chara/90/votepaper.json,True
5,chara,91,data_raw/cn_official_legacy/round_05/raw/api/items/chara/91/votedate.json,data_raw/cn_official_legacy/round_05/raw/api/items/chara/91/votesex.json,data_raw/cn_official_legacy/round_05/raw/api/items/chara/91/votegeo.json,data_raw/cn_official_legacy/round_05/raw/api/items/chara/91/votepaper.json,True
5,chara,92,data_raw/cn_official_legacy/round_05/raw/api/items/chara/92/votedate.json,data_raw/cn_official_legacy/round_05/raw/api/items/chara/92/votesex.json,data_raw/cn_official_legacy/round_05/raw/api/items/chara/92/votegeo.json,data_raw/cn_official_legacy/round_05/raw/api/items/chara/92/votepaper.json,True
5,chara,93,data_raw/cn_official_legacy/round_05/raw/api/items/chara/93/votedate.json,data_raw/cn_official_legacy/round_05/raw/api/items/chara/93/votesex.json,data_raw/cn_official_legacy/round_05/raw/api/items/chara/93/votegeo.json,data_raw/cn_official_legacy/round_05/raw/api/items/chara/93/votepaper.json,True
5,chara,94,data_raw/cn_official_legacy/round_05/raw/api/items/chara/94/votedate.json,data_raw/cn_official_legacy/round_05/raw/api/items/chara/94/votesex.json,data_raw/cn_official_legacy/round_05/raw/api/items/chara/94/votegeo.json,data_raw/cn_official_legacy/round_05/raw/api/items/chara/94/votepaper.json,True
5,chara,95,data_raw/cn_official_legacy/round_05/raw/api/items/chara/95/votedate.json,data_raw/cn_official_legacy/round_05/raw/api/items/chara/95/votesex.json,data_raw/cn_official_legacy/round_05/raw/api/items/chara/95/votegeo.json,data_raw/cn_official_legacy/round_05/raw/api/items/chara/95/votepaper.json,True
5,chara,96,data_raw/cn_official_legacy/round_05/raw/api/items/chara/96/votedate.json,data_raw/cn_official_legacy/round_05/raw/api/items/chara/96/votesex.json,data_raw/cn_official_legacy/round_05/raw/api/items/chara/96/votegeo.json,data_raw/cn_official_legacy/round_05/raw/api/items/chara/96/votepaper.json,True
5,chara,97,data_raw/cn_official_legacy/round_05/raw/api/items/chara/97/votedate.json,data_raw/cn_official_legacy/round_05/raw/api/items/chara/97/votesex.json,data_raw/cn_official_legacy/round_05/raw/api/items/chara/97/votegeo.json,data_raw/cn_official_legacy/round_05/raw/api/items/chara/97/votepaper.json,True
5,chara,98,data_raw/cn_official_legacy/round_05/raw/api/items/chara/98/votedate.json,data_raw/cn_official_legacy/round_05/raw/api/items/chara/98/votesex.json,data_raw/cn_official_legacy/round_05/raw/api/items/chara/98/votegeo.json,data_raw/cn_official_legacy/round_05/raw/api/items/chara/98/votepaper.json,True
5,chara,99,data_raw/cn_official_legacy/round_05/raw/api/items/chara/99/votedate.json,data_raw/cn_official_legacy/round_05/raw/api/items/chara/99/votesex.json,data_raw/cn_official_legacy/round_05/raw/api/items/chara/99/votegeo.json,data_raw/cn_official_legacy/round_05/raw/api/items/chara/99/votepaper.json,True
5,chara,100,data_raw/cn_official_legacy/round_05/raw/api/items/chara/100/votedate.json,data_raw/cn_official_legacy/round_05/raw/api/items/chara/100/votesex.json,data_raw/cn_official_legacy/round_05/raw/api/items/chara/100/votegeo.json,data_raw/cn_official_legacy/round_05/raw/api/items/chara/100/votepaper.json,True
5,chara,101,data_raw/cn_official_legacy/round_05/raw/api/items/chara/101/votedate.json,data_raw/cn_official_legacy/round_05/raw/api/items/chara/101/votesex.json,data_raw/cn_official_legacy/round_05/raw/api/items/chara/101/votegeo.json,data_raw/cn_official_legacy/round_05/raw/api/items/chara/101/votepaper.json,True
5,chara,102,data_raw/cn_official_legacy/round_05/raw/api/items/chara/102/votedate.json,data_raw/cn_official_legacy/round_05/raw/api/items/chara/102/votesex.json,data_raw/cn_official_legacy/round_05/raw/api/items/chara/102/votegeo.json,data_raw/cn_official_legacy/round_05/raw/api/items/chara/102/votepaper.json,True
5,chara,103,data_raw/cn_official_legacy/round_05/raw/api/items/chara/103/votedate.json,data_raw/cn_official_legacy/round_05/raw/api/items/chara/103/votesex.json,data_raw/cn_official_legacy/round_05/raw/api/items/chara/103/votegeo.json,data_raw/cn_official_legacy/round_05/raw/api/items/chara/103/votepaper.json,True
5,chara,104,data_raw/cn_official_legacy/round_05/raw/api/items/chara/104/votedate.json,data_raw/cn_official_legacy/round_05/raw/api/items/chara/104/votesex.json,data_raw/cn_official_legacy/round_05/raw/api/items/chara/104/votegeo.json,data_raw/cn_official_legacy/round_05/raw/api/items/chara/104/votepaper.json,True
5,chara,105,data_raw/cn_official_legacy/round_05/raw/api/items/chara/105/votedate.json,data_raw/cn_official_legacy/round_05/raw/api/items/chara/105/votesex.json,data_raw/cn_official_legacy/round_05/raw/api/items/chara/105/votegeo.json,data_raw/cn_official_legacy/round_05/raw/api/items/chara/105/votepaper.json,True
5,chara,106,data_raw/cn_official_legacy/round_05/raw/api/items/chara/106/votedate.json,data_raw/cn_official_legacy/round_05/raw/api/items/chara/106/votesex.json,data_raw/cn_official_legacy/round_05/raw/api/items/chara/106/votegeo.json,data_raw/cn_official_legacy/round_05/raw/api/items/chara/106/votepaper.json,True
5,chara,107,data_raw/cn_official_legacy/round_05/raw/api/items/chara/107/votedate.json,data_raw/cn_official_legacy/round_05/raw/api/items/chara/107/votesex.json,data_raw/cn_official_legacy/round_05/raw/api/items/chara/107/votegeo.json,data_raw/cn_official_legacy/round_05/raw/api/items/chara/107/votepaper.json,True
5,chara,108,data_raw/cn_official_legacy/round_05/raw/api/items/chara/108/votedate.json,data_raw/cn_official_legacy/round_05/raw/api/items/chara/108/votesex.json,data_raw/cn_official_legacy/round_05/raw/api/items/chara/108/votegeo.json,data_raw/cn_official_legacy/round_05/raw/api/items/chara/108/votepaper.json,True
5,chara,109,data_raw/cn_official_legacy/round_05/raw/api/items/chara/109/votedate.json,data_raw/cn_official_legacy/round_05/raw/api/items/chara/109/votesex.json,data_raw/cn_official_legacy/round_05/raw/api/items/chara/109/votegeo.json,data_raw/cn_official_legacy/round_05/raw/api/items/chara/109/votepaper.json,True
5,chara,110,data_raw/cn_official_legacy/round_05/raw/api/items/chara/110/votedate.json,data_raw/cn_official_legacy/round_05/raw/api/items/chara/110/votesex.json,data_raw/cn_official_legacy/round_05/raw/api/items/chara/110/votegeo.json,data_raw/cn_official_legacy/round_05/raw/api/items/chara/110/votepaper.json,True
5,chara,111,data_raw/cn_official_legacy/round_05/raw/api/items/chara/111/votedate.json,data_raw/cn_official_legacy/round_05/raw/api/items/chara/111/votesex.json,data_raw/cn_official_legacy/round_05/raw/api/items/chara/111/votegeo.json,data_raw/cn_official_legacy/round_05/raw/api/items/chara/111/votepaper.json,True
5,chara,112,data_raw/cn_official_legacy/round_05/raw/api/items/chara/112/votedate.json,data_raw/cn_official_legacy/round_05/raw/api/items/chara/112/votesex.json,data_raw/cn_official_legacy/round_05/raw/api/items/chara/112/votegeo.json,data_raw/cn_official_legacy/round_05/raw/api/items/chara/112/votepaper.json,True
5,chara,113,data_raw/cn_official_legacy/round_05/raw/api/items/chara/113/votedate.json,data_raw/cn_official_legacy/round_05/raw/api/items/chara/113/votesex.json,data_raw/cn_official_legacy/round_05/raw/api/items/chara/113/votegeo.json,data_raw/cn_official_legacy/round_05/raw/api/items/chara/113/votepaper.json,True
5,chara,114,data_raw/cn_official_legacy/round_05/raw/api/items/chara/114/votedate.json,data_raw/cn_official_legacy/round_05/raw/api/items/chara/114/votesex.json,data_raw/cn_official_legacy/round_05/raw/api/items/chara/114/votegeo.json,data_raw/cn_official_legacy/round_05/raw/api/items/chara/114/votepaper.json,True
5,chara,115,data_raw/cn_official_legacy/round_05/raw/api/items/chara/115/votedate.json,data_raw/cn_official_legacy/round_05/raw/api/items/chara/115/votesex.json,data_raw/cn_official_legacy/round_05/raw/api/items/chara/115/votegeo.json,data_raw/cn_official_legacy/round_05/raw/api/items/chara/115/votepaper.json,True
5,chara,116,data_raw/cn_official_legacy/round_05/raw/api/items/chara/116/votedate.json,data_raw/cn_official_legacy/round_05/raw/api/items/chara/116/votesex.json,data_raw/cn_official_legacy/round_05/raw/api/items/chara/116/votegeo.json,data_raw/cn_official_legacy/round_05/raw/api/items/chara/116/votepaper.json,True
5,chara,117,data_raw/cn_official_legacy/round_05/raw/api/items/chara/117/votedate.json,data_raw/cn_official_legacy/round_05/raw/api/items/chara/117/votesex.json,data_raw/cn_official_legacy/round_05/raw/api/items/chara/117/votegeo.json,data_raw/cn_official_legacy/round_05/raw/api/items/chara/117/votepaper.json,True
5,chara,118,data_raw/cn_official_legacy/round_05/raw/api/items/chara/118/votedate.json,data_raw/cn_official_legacy/round_05/raw/api/items/chara/118/votesex.json,data_raw/cn_official_legacy/round_05/raw/api/items/chara/118/votegeo.json,data_raw/cn_official_legacy/round_05/raw/api/items/chara/118/votepaper.json,True
5,chara,119,data_raw/cn_official_legacy/round_05/raw/api/items/chara/119/votedate.json,data_raw/cn_official_legacy/round_05/raw/api/items/chara/119/votesex.json,data_raw/cn_official_legacy/round_05/raw/api/items/chara/119/votegeo.json,data_raw/cn_official_legacy/round_05/raw/api/items/chara/119/votepaper.json,True
5,chara,120,data_raw/cn_official_legacy/round_05/raw/api/items/chara/120/votedate.json,data_raw/cn_official_legacy/round_05/raw/api/items/chara/120/votesex.json,data_raw/cn_official_legacy/round_05/raw/api/items/chara/120/votegeo.json,data_raw/cn_official_legacy/round_05/raw/api/items/chara/120/votepaper.json,True
5,chara,121,data_raw/cn_official_legacy/round_05/raw/api/items/chara/121/votedate.json,data_raw/cn_official_legacy/round_05/raw/api/items/chara/121/votesex.json,data_raw/cn_official_legacy/round_05/raw/api/items/chara/121/votegeo.json,data_raw/cn_official_legacy/round_05/raw/api/items/chara/121/votepaper.json,True
5,chara,122,data_raw/cn_official_legacy/round_05/raw/api/items/chara/122/votedate.json,data_raw/cn_official_legacy/round_05/raw/api/items/chara/122/votesex.json,data_raw/cn_official_legacy/round_05/raw/api/items/chara/122/votegeo.json,data_raw/cn_official_legacy/round_05/raw/api/items/chara/122/votepaper.json,True
5,chara,123,data_raw/cn_official_legacy/round_05/raw/api/items/chara/123/votedate.json,data_raw/cn_official_legacy/round_05/raw/api/items/chara/123/votesex.json,data_raw/cn_official_legacy/round_05/raw/api/items/chara/123/votegeo.json,data_raw/cn_official_legacy/round_05/raw/api/items/chara/123/votepaper.json,True
5,chara,124,data_raw/cn_official_legacy/round_05/raw/api/items/chara/124/votedate.json,data_raw/cn_official_legacy/round_05/raw/api/items/chara/124/votesex.json,data_raw/cn_official_legacy/round_05/raw/api/items/chara/124/votegeo.json,data_raw/cn_official_legacy/round_05/raw/api/items/chara/124/votepaper.json,True
5,chara,125,data_raw/cn_official_legacy/round_05/raw/api/items/chara/125/votedate.json,data_raw/cn_official_legacy/round_05/raw/api/items/chara/125/votesex.json,data_raw/cn_official_legacy/round_05/raw/api/items/chara/125/votegeo.json,data_raw/cn_official_legacy/round_05/raw/api/items/chara/125/votepaper.json,True
5,chara,126,data_raw/cn_official_legacy/round_05/raw/api/items/chara/126/votedate.json,data_raw/cn_official_legacy/round_05/raw/api/items/chara/126/votesex.json,data_raw/cn_official_legacy/round_05/raw/api/items/chara/126/votegeo.json,data_raw/cn_official_legacy/round_05/raw/api/items/chara/126/votepaper.json,True
5,chara,127,data_raw/cn_official_legacy/round_05/raw/api/items/chara/127/votedate.json,data_raw/cn_official_legacy/round_05/raw/api/items/chara/127/votesex.json,data_raw/cn_official_legacy/round_05/raw/api/items/chara/127/votegeo.json,data_raw/cn_official_legacy/round_05/raw/api/items/chara/127/votepaper.json,True
5,chara,128,data_raw/cn_official_legacy/round_05/raw/api/items/chara/128/votedate.json,data_raw/cn_official_legacy/round_05/raw/api/items/chara/128/votesex.json,data_raw/cn_official_legacy/round_05/raw/api/items/chara/128/votegeo.json,data_raw/cn_official_legacy/round_05/raw/api/items/chara/128/votepaper.json,True
5,chara,129,data_raw/cn_official_legacy/round_05/raw/api/items/chara/129/votedate.json,data_raw/cn_official_legacy/round_05/raw/api/items/chara/129/votesex.json,data_raw/cn_official_legacy/round_05/raw/api/items/chara/129/votegeo.json,data_raw/cn_official_legacy/round_05/raw/api/items/chara/129/votepaper.json,True
5,chara,130,data_raw/cn_official_legacy/round_05/raw/api/items/chara/130/votedate.json,data_raw/cn_official_legacy/round_05/raw/api/items/chara/130/votesex.json,data_raw/cn_official_legacy/round_05/raw/api/items/chara/130/votegeo.json,data_raw/cn_official_legacy/round_05/raw/api/items/chara/130/votepaper.json,True
5,chara,131,data_raw/cn_official_legacy/round_05/raw/api/items/chara/131/votedate.json,data_raw/cn_official_legacy/round_05/raw/api/items/chara/131/votesex.json,data_raw/cn_official_legacy/round_05/raw/api/items/chara/131/votegeo.json,data_raw/cn_official_legacy/round_05/raw/api/items/chara/131/votepaper.json,True
5,chara,132,data_raw/cn_official_legacy/round_05/raw/api/items/chara/132/votedate.json,data_raw/cn_official_legacy/round_05/raw/api/items/chara/132/votesex.json,data_raw/cn_official_legacy/round_05/raw/api/items/chara/132/votegeo.json,data_raw/cn_official_legacy/round_05/raw/api/items/chara/132/votepaper.json,True
5,chara,133,data_raw/cn_official_legacy/round_05/raw/api/items/chara/133/votedate.json,data_raw/cn_official_legacy/round_05/raw/api/items/chara/133/votesex.json,data_raw/cn_official_legacy/round_05/raw/api/items/chara/133/votegeo.json,data_raw/cn_official_legacy/round_05/raw/api/items/chara/133/votepaper.json,True
5,chara,134,data_raw/cn_official_legacy/round_05/raw/api/items/chara/134/votedate.json,data_raw/cn_official_legacy/round_05/raw/api/items/chara/134/votesex.json,data_raw/cn_official_legacy/round_05/raw/api/items/chara/134/votegeo.json,data_raw/cn_official_legacy/round_05/raw/api/items/chara/134/votepaper.json,True
5,chara,135,data_raw/cn_official_legacy/round_05/raw/api/items/chara/135/votedate.json,data_raw/cn_official_legacy/round_05/raw/api/items/chara/135/votesex.json,data_raw/cn_official_legacy/round_05/raw/api/items/chara/135/votegeo.json,data_raw/cn_official_legacy/round_05/raw/api/items/chara/135/votepaper.json,True
5,chara,136,data_raw/cn_official_legacy/round_05/raw/api/items/chara/136/votedate.json,data_raw/cn_official_legacy/round_05/raw/api/items/chara/136/votesex.json,data_raw/cn_official_legacy/round_05/raw/api/items/chara/136/votegeo.json,data_raw/cn_official_legacy/round_05/raw/api/items/chara/136/votepaper.json,True
5,chara,137,data_raw/cn_official_legacy/round_05/raw/api/items/chara/137/votedate.json,data_raw/cn_official_legacy/round_05/raw/api/items/chara/137/votesex.json,data_raw/cn_official_legacy/round_05/raw/api/items/chara/137/votegeo.json,data_raw/cn_official_legacy/round_05/raw/api/items/chara/137/votepaper.json,True
5,chara,138,data_raw/cn_official_legacy/round_05/raw/api/items/chara/138/votedate.json,data_raw/cn_official_legacy/round_05/raw/api/items/chara/138/votesex.json,data_raw/cn_official_legacy/round_05/raw/api/items/chara/138/votegeo.json,data_raw/cn_official_legacy/round_05/raw/api/items/chara/138/votepaper.json,True
5,chara,139,data_raw/cn_official_legacy/round_05/raw/api/items/chara/139/votedate.json,data_raw/cn_official_legacy/round_05/raw/api/items/chara/139/votesex.json,data_raw/cn_official_legacy/round_05/raw/api/items/chara/139/votegeo.json,data_raw/cn_official_legacy/round_05/raw/api/items/chara/139/votepaper.json,True
5,chara,140,data_raw/cn_official_legacy/round_05/raw/api/items/chara/140/votedate.json,data_raw/cn_official_legacy/round_05/raw/api/items/chara/140/votesex.json,data_raw/cn_official_legacy/round_05/raw/api/items/chara/140/votegeo.json,data_raw/cn_official_legacy/round_05/raw/api/items/chara/140/votepaper.json,True
5,chara,141,data_raw/cn_official_legacy/round_05/raw/api/items/chara/141/votedate.json,data_raw/cn_official_legacy/round_05/raw/api/items/chara/141/votesex.json,data_raw/cn_official_legacy/round_05/raw/api/items/chara/141/votegeo.json,data_raw/cn_official_legacy/round_05/raw/api/items/chara/141/votepaper.json,True
5,chara,142,data_raw/cn_official_legacy/round_05/raw/api/items/chara/142/votedate.json,data_raw/cn_official_legacy/round_05/raw/api/items/chara/142/votesex.json,data_raw/cn_official_legacy/round_05/raw/api/items/chara/142/votegeo.json,data_raw/cn_official_legacy/round_05/raw/api/items/chara/142/votepaper.json,True
5,chara,143,data_raw/cn_official_legacy/round_05/raw/api/items/chara/143/votedate.json,data_raw/cn_official_legacy/round_05/raw/api/items/chara/143/votesex.json,data_raw/cn_official_legacy/round_05/raw/api/items/chara/143/votegeo.json,data_raw/cn_official_legacy/round_05/raw/api/items/chara/143/votepaper.json,True
5,chara,144,data_raw/cn_official_legacy/round_05/raw/api/items/chara/144/votedate.json,data_raw/cn_official_legacy/round_05/raw/api/items/chara/144/votesex.json,data_raw/cn_official_legacy/round_05/raw/api/items/chara/144/votegeo.json,data_raw/cn_official_legacy/round_05/raw/api/items/chara/144/votepaper.json,True
5,chara,145,data_raw/cn_official_legacy/round_05/raw/api/items/chara/145/votedate.json,data_raw/cn_official_legacy/round_05/raw/api/items/chara/145/votesex.json,data_raw/cn_official_legacy/round_05/raw/api/items/chara/145/votegeo.json,data_raw/cn_official_legacy/round_05/raw/api/items/chara/145/votepaper.json,True
5,chara,146,data_raw/cn_official_legacy/round_05/raw/api/items/chara/146/votedate.json,data_raw/cn_official_legacy/round_05/raw/api/items/chara/146/votesex.json,data_raw/cn_official_legacy/round_05/raw/api/items/chara/146/votegeo.json,data_raw/cn_official_legacy/round_05/raw/api/items/chara/146/votepaper.json,True
5,chara,147,data_raw/cn_official_legacy/round_05/raw/api/items/chara/147/votedate.json,data_raw/cn_official_legacy/round_05/raw/api/items/chara/147/votesex.json,data_raw/cn_official_legacy/round_05/raw/api/items/chara/147/votegeo.json,data_raw/cn_official_legacy/round_05/raw/api/items/chara/147/votepaper.json,True
5,chara,148,data_raw/cn_official_legacy/round_05/raw/api/items/chara/148/votedate.json,data_raw/cn_official_legacy/round_05/raw/api/items/chara/148/votesex.json,data_raw/cn_official_legacy/round_05/raw/api/items/chara/148/votegeo.json,data_raw/cn_official_legacy/round_05/raw/api/items/chara/148/votepaper.json,True
5,chara,149,data_raw/cn_official_legacy/round_05/raw/api/items/chara/149/votedate.json,data_raw/cn_official_legacy/round_05/raw/api/items/chara/149/votesex.json,data_raw/cn_official_legacy/round_05/raw/api/items/chara/149/votegeo.json,data_raw/cn_official_legacy/round_05/raw/api/items/chara/149/votepaper.json,True
5,chara,150,data_raw/cn_official_legacy/round_05/raw/api/items/chara/150/votedate.json,data_raw/cn_official_legacy/round_05/raw/api/items/chara/150/votesex.json,data_raw/cn_official_legacy/round_05/raw/api/items/chara/150/votegeo.json,data_raw/cn_official_legacy/round_05/raw/api/items/chara/150/votepaper.json,True
5,chara,151,data_raw/cn_official_legacy/round_05/raw/api/items/chara/151/votedate.json,data_raw/cn_official_legacy/round_05/raw/api/items/chara/151/votesex.json,data_raw/cn_official_legacy/round_05/raw/api/items/chara/151/votegeo.json,data_raw/cn_official_legacy/round_05/raw/api/items/chara/151/votepaper.json,True
5,chara,152,data_raw/cn_official_legacy/round_05/raw/api/items/chara/152/votedate.json,data_raw/cn_official_legacy/round_05/raw/api/items/chara/152/votesex.json,data_raw/cn_official_legacy/round_05/raw/api/items/chara/152/votegeo.json,data_raw/cn_official_legacy/round_05/raw/api/items/chara/152/votepaper.json,True
5,chara,153,data_raw/cn_official_legacy/round_05/raw/api/items/chara/153/votedate.json,data_raw/cn_official_legacy/round_05/raw/api/items/chara/153/votesex.json,data_raw/cn_official_legacy/round_05/raw/api/items/chara/153/votegeo.json,data_raw/cn_official_legacy/round_05/raw/api/items/chara/153/votepaper.json,True
5,chara,154,data_raw/cn_official_legacy/round_05/raw/api/items/chara/154/votedate.json,data_raw/cn_official_legacy/round_05/raw/api/items/chara/154/votesex.json,data_raw/cn_official_legacy/round_05/raw/api/items/chara/154/votegeo.json,data_raw/cn_official_legacy/round_05/raw/api/items/chara/154/votepaper.json,True
5,chara,155,data_raw/cn_official_legacy/round_05/raw/api/items/chara/155/votedate.json,data_raw/cn_official_legacy/round_05/raw/api/items/chara/155/votesex.json,data_raw/cn_official_legacy/round_05/raw/api/items/chara/155/votegeo.json,data_raw/cn_official_legacy/round_05/raw/api/items/chara/155/votepaper.json,True
5,chara,156,data_raw/cn_official_legacy/round_05/raw/api/items/chara/156/votedate.json,data_raw/cn_official_legacy/round_05/raw/api/items/chara/156/votesex.json,data_raw/cn_official_legacy/round_05/raw/api/items/chara/156/votegeo.json,data_raw/cn_official_legacy/round_05/raw/api/items/chara/156/votepaper.json,True
5,chara,157,data_raw/cn_official_legacy/round_05/raw/api/items/chara/157/votedate.json,data_raw/cn_official_legacy/round_05/raw/api/items/chara/157/votesex.json,data_raw/cn_official_legacy/round_05/raw/api/items/chara/157/votegeo.json,data_raw/cn_official_legacy/round_05/raw/api/items/chara/157/votepaper.json,True
5,chara,158,data_raw/cn_official_legacy/round_05/raw/api/items/chara/158/votedate.json,data_raw/cn_official_legacy/round_05/raw/api/items/chara/158/votesex.json,data_raw/cn_official_legacy/round_05/raw/api/items/chara/158/votegeo.json,data_raw/cn_official_legacy/round_05/raw/api/items/chara/158/votepaper.json,True
5,chara,159,data_raw/cn_official_legacy/round_05/raw/api/items/chara/159/votedate.json,data_raw/cn_official_legacy/round_05/raw/api/items/chara/159/votesex.json,data_raw/cn_official_legacy/round_05/raw/api/items/chara/159/votegeo.json,data_raw/cn_official_legacy/round_05/raw/api/items/chara/159/votepaper.json,True
5,chara,160,data_raw/cn_official_legacy/round_05/raw/api/items/chara/160/votedate.json,data_raw/cn_official_legacy/round_05/raw/api/items/chara/160/votesex.json,data_raw/cn_official_legacy/round_05/raw/api/items/chara/160/votegeo.json,data_raw/cn_official_legacy/round_05/raw/api/items/chara/160/votepaper.json,True
5,chara,161,data_raw/cn_official_legacy/round_05/raw/api/items/chara/161/votedate.json,data_raw/cn_official_legacy/round_05/raw/api/items/chara/161/votesex.json,data_raw/cn_official_legacy/round_05/raw/api/items/chara/161/votegeo.json,data_raw/cn_official_legacy/round_05/raw/api/items/chara/161/votepaper.json,True
5,chara,162,data_raw/cn_official_legacy/round_05/raw/api/items/chara/162/votedate.json,data_raw/cn_official_legacy/round_05/raw/api/items/chara/162/votesex.json,data_raw/cn_official_legacy/round_05/raw/api/items/chara/162/votegeo.json,data_raw/cn_official_legacy/round_05/raw/api/items/chara/162/votepaper.json,True
5,chara,163,data_raw/cn_official_legacy/round_05/raw/api/items/chara/163/votedate.json,data_raw/cn_official_legacy/round_05/raw/api/items/chara/163/votesex.json,data_raw/cn_official_legacy/round_05/raw/api/items/chara/163/votegeo.json,data_raw/cn_official_legacy/round_05/raw/api/items/chara/163/votepaper.json,True
5,chara,164,data_raw/cn_official_legacy/round_05/raw/api/items/chara/164/votedate.json,data_raw/cn_official_legacy/round_05/raw/api/items/chara/164/votesex.json,data_raw/cn_official_legacy/round_05/raw/api/items/chara/164/votegeo.json,data_raw/cn_official_legacy/round_05/raw/api/items/chara/164/votepaper.json,True
5,chara,165,data_raw/cn_official_legacy/round_05/raw/api/items/chara/165/votedate.json,data_raw/cn_official_legacy/round_05/raw/api/items/chara/165/votesex.json,data_raw/cn_official_legacy/round_05/raw/api/items/chara/165/votegeo.json,data_raw/cn_official_legacy/round_05/raw/api/items/chara/165/votepaper.json,True
5,chara,166,data_raw/cn_official_legacy/round_05/raw/api/items/chara/166/votedate.json,data_raw/cn_official_legacy/round_05/raw/api/items/chara/166/votesex.json,data_raw/cn_official_legacy/round_05/raw/api/items/chara/166/votegeo.json,data_raw/cn_official_legacy/round_05/raw/api/items/chara/166/votepaper.json,True
5,chara,167,data_raw/cn_official_legacy/round_05/raw/api/items/chara/167/votedate.json,data_raw/cn_official_legacy/round_05/raw/api/items/chara/167/votesex.json,data_raw/cn_official_legacy/round_05/raw/api/items/chara/167/votegeo.json,data_raw/cn_official_legacy/round_05/raw/api/items/chara/167/votepaper.json,True
5,chara,168,data_raw/cn_official_legacy/round_05/raw/api/items/chara/168/votedate.json,data_raw/cn_official_legacy/round_05/raw/api/items/chara/168/votesex.json,data_raw/cn_official_legacy/round_05/raw/api/items/chara/168/votegeo.json,data_raw/cn_official_legacy/round_05/raw/api/items/chara/168/votepaper.json,True
5,chara,169,data_raw/cn_official_legacy/round_05/raw/api/items/chara/169/votedate.json,data_raw/cn_official_legacy/round_05/raw/api/items/chara/169/votesex.json,data_raw/cn_official_legacy/round_05/raw/api/items/chara/169/votegeo.json,data_raw/cn_official_legacy/round_05/raw/api/items/chara/169/votepaper.json,True
5,chara,170,data_raw/cn_official_legacy/round_05/raw/api/items/chara/170/votedate.json,data_raw/cn_official_legacy/round_05/raw/api/items/chara/170/votesex.json,data_raw/cn_official_legacy/round_05/raw/api/items/chara/170/votegeo.json,data_raw/cn_official_legacy/round_05/raw/api/items/chara/170/votepaper.json,True
5,chara,171,data_raw/cn_official_legacy/round_05/raw/api/items/chara/171/votedate.json,data_raw/cn_official_legacy/round_05/raw/api/items/chara/171/votesex.json,data_raw/cn_official_legacy/round_05/raw/api/items/chara/171/votegeo.json,data_raw/cn_official_legacy/round_05/raw/api/items/chara/171/votepaper.json,True
5,chara,172,data_raw/cn_official_legacy/round_05/raw/api/items/chara/172/votedate.json,data_raw/cn_official_legacy/round_05/raw/api/items/chara/172/votesex.json,data_raw/cn_official_legacy/round_05/raw/api/items/chara/172/votegeo.json,data_raw/cn_official_legacy/round_05/raw/api/items/chara/172/votepaper.json,True
5,chara,173,data_raw/cn_official_legacy/round_05/raw/api/items/chara/173/votedate.json,data_raw/cn_official_legacy/round_05/raw/api/items/chara/173/votesex.json,data_raw/cn_official_legacy/round_05/raw/api/items/chara/173/votegeo.json,data_raw/cn_official_legacy/round_05/raw/api/items/chara/173/votepaper.json,True
5,chara,174,data_raw/cn_official_legacy/round_05/raw/api/items/chara/174/votedate.json,data_raw/cn_official_legacy/round_05/raw/api/items/chara/174/votesex.json,data_raw/cn_official_legacy/round_05/raw/api/items/chara/174/votegeo.json,data_raw/cn_official_legacy/round_05/raw/api/items/chara/174/votepaper.json,True
5,chara,175,data_raw/cn_official_legacy/round_05/raw/api/items/chara/175/votedate.json,data_raw/cn_official_legacy/round_05/raw/api/items/chara/175/votesex.json,data_raw/cn_official_legacy/round_05/raw/api/items/chara/175/votegeo.json,data_raw/cn_official_legacy/round_05/raw/api/items/chara/175/votepaper.json,True
5,chara,176,data_raw/cn_official_legacy/round_05/raw/api/items/chara/176/votedate.json,data_raw/cn_official_legacy/round_05/raw/api/items/chara/176/votesex.json,data_raw/cn_official_legacy/round_05/raw/api/items/chara/176/votegeo.json,data_raw/cn_official_legacy/round_05/raw/api/items/chara/176/votepaper.json,True
5,chara,177,data_raw/cn_official_legacy/round_05/raw/api/items/chara/177/votedate.json,data_raw/cn_official_legacy/round_05/raw/api/items/chara/177/votesex.json,data_raw/cn_official_legacy/round_05/raw/api/items/chara/177/votegeo.json,data_raw/cn_official_legacy/round_05/raw/api/items/chara/177/votepaper.json,True
5,chara,178,data_raw/cn_official_legacy/round_05/raw/api/items/chara/178/votedate.json,data_raw/cn_official_legacy/round_05/raw/api/items/chara/178/votesex.json,data_raw/cn_official_legacy/round_05/raw/api/items/chara/178/votegeo.json,data_raw/cn_official_legacy/round_05/raw/api/items/chara/178/votepaper.json,True
5,chara,179,data_raw/cn_official_legacy/round_05/raw/api/items/chara/179/votedate.json,data_raw/cn_official_legacy/round_05/raw/api/items/chara/179/votesex.json,data_raw/cn_official_legacy/round_05/raw/api/items/chara/179/votegeo.json,data_raw/cn_official_legacy/round_05/raw/api/items/chara/179/votepaper.json,True
5,chara,180,data_raw/cn_official_legacy/round_05/raw/api/items/chara/180/votedate.json,data_raw/cn_official_legacy/round_05/raw/api/items/chara/180/votesex.json,data_raw/cn_official_legacy/round_05/raw/api/items/chara/180/votegeo.json,data_raw/cn_official_legacy/round_05/raw/api/items/chara/180/votepaper.json,True
5,chara,181,data_raw/cn_official_legacy/round_05/raw/api/items/chara/181/votedate.json,data_raw/cn_official_legacy/round_05/raw/api/items/chara/181/votesex.json,data_raw/cn_official_legacy/round_05/raw/api/items/chara/181/votegeo.json,data_raw/cn_official_legacy/round_05/raw/api/items/chara/181/votepaper.json,True
5,chara,182,data_raw/cn_official_legacy/round_05/raw/api/items/chara/182/votedate.json,data_raw/cn_official_legacy/round_05/raw/api/items/chara/182/votesex.json,data_raw/cn_official_legacy/round_05/raw/api/items/chara/182/votegeo.json,data_raw/cn_official_legacy/round_05/raw/api/items/chara/182/votepaper.json,True
5,chara,183,data_raw/cn_official_legacy/round_05/raw/api/items/chara/183/votedate.json,data_raw/cn_official_legacy/round_05/raw/api/items/chara/183/votesex.json,data_raw/cn_official_legacy/round_05/raw/api/items/chara/183/votegeo.json,data_raw/cn_official_legacy/round_05/raw/api/items/chara/183/votepaper.json,True
5,chara,184,data_raw/cn_official_legacy/round_05/raw/api/items/chara/184/votedate.json,data_raw/cn_official_legacy/round_05/raw/api/items/chara/184/votesex.json,data_raw/cn_official_legacy/round_05/raw/api/items/chara/184/votegeo.json,data_raw/cn_official_legacy/round_05/raw/api/items/chara/184/votepaper.json,True
5,chara,185,data_raw/cn_official_legacy/round_05/raw/api/items/chara/185/votedate.json,data_raw/cn_official_legacy/round_05/raw/api/items/chara/185/votesex.json,data_raw/cn_official_legacy/round_05/raw/api/items/chara/185/votegeo.json,data_raw/cn_official_legacy/round_05/raw/api/items/chara/185/votepaper.json,True
5,chara,186,data_raw/cn_official_legacy/round_05/raw/api/items/chara/186/votedate.json,data_raw/cn_official_legacy/round_05/raw/api/items/chara/186/votesex.json,data_raw/cn_official_legacy/round_05/raw/api/items/chara/186/votegeo.json,data_raw/cn_official_legacy/round_05/raw/api/items/chara/186/votepaper.json,True
5,chara,187,data_raw/cn_official_legacy/round_05/raw/api/items/chara/187/votedate.json,data_raw/cn_official_legacy/round_05/raw/api/items/chara/187/votesex.json,data_raw/cn_official_legacy/round_05/raw/api/items/chara/187/votegeo.json,data_raw/cn_official_legacy/round_05/raw/api/items/chara/187/votepaper.json,True
5,chara,188,data_raw/cn_official_legacy/round_05/raw/api/items/chara/188/votedate.json,data_raw/cn_official_legacy/round_05/raw/api/items/chara/188/votesex.json,data_raw/cn_official_legacy/round_05/raw/api/items/chara/188/votegeo.json,data_raw/cn_official_legacy/round_05/raw/api/items/chara/188/votepaper.json,True
5,chara,189,data_raw/cn_official_legacy/round_05/raw/api/items/chara/189/votedate.json,data_raw/cn_official_legacy/round_05/raw/api/items/chara/189/votesex.json,data_raw/cn_official_legacy/round_05/raw/api/items/chara/189/votegeo.json,data_raw/cn_official_legacy/round_05/raw/api/items/chara/189/votepaper.json,True
5,chara,190,data_raw/cn_official_legacy/round_05/raw/api/items/chara/190/votedate.json,data_raw/cn_official_legacy/round_05/raw/api/items/chara/190/votesex.json,data_raw/cn_official_legacy/round_05/raw/api/items/chara/190/votegeo.json,data_raw/cn_official_legacy/round_05/raw/api/items/chara/190/votepaper.json,True
5,chara,191,data_raw/cn_official_legacy/round_05/raw/api/items/chara/191/votedate.json,data_raw/cn_official_legacy/round_05/raw/api/items/chara/191/votesex.json,data_raw/cn_official_legacy/round_05/raw/api/items/chara/191/votegeo.json,data_raw/cn_official_legacy/round_05/raw/api/items/chara/191/votepaper.json,True
5,chara,192,data_raw/cn_official_legacy/round_05/raw/api/items/chara/192/votedate.json,data_raw/cn_official_legacy/round_05/raw/api/items/chara/192/votesex.json,data_raw/cn_official_legacy/round_05/raw/api/items/chara/192/votegeo.json,data_raw/cn_official_legacy/round_05/raw/api/items/chara/192/votepaper.json,True
5,chara,193,data_raw/cn_official_legacy/round_05/raw/api/items/chara/193/votedate.json,data_raw/cn_official_legacy/round_05/raw/api/items/chara/193/votesex.json,data_raw/cn_official_legacy/round_05/raw/api/items/chara/193/votegeo.json,data_raw/cn_official_legacy/round_05/raw/api/items/chara/193/votepaper.json,True
5,chara,194,data_raw/cn_official_legacy/round_05/raw/api/items/chara/194/votedate.json,data_raw/cn_official_legacy/round_05/raw/api/items/chara/194/votesex.json,data_raw/cn_official_legacy/round_05/raw/api/items/chara/194/votegeo.json,data_raw/cn_official_legacy/round_05/raw/api/items/chara/194/votepaper.json,True
5,chara,195,data_raw/cn_official_legacy/round_05/raw/api/items/chara/195/votedate.json,data_raw/cn_official_legacy/round_05/raw/api/items/chara/195/votesex.json,data_raw/cn_official_legacy/round_05/raw/api/items/chara/195/votegeo.json,data_raw/cn_official_legacy/round_05/raw/api/items/chara/195/votepaper.json,True
5,chara,196,data_raw/cn_official_legacy/round_05/raw/api/items/chara/196/votedate.json,data_raw/cn_official_legacy/round_05/raw/api/items/chara/196/votesex.json,data_raw/cn_official_legacy/round_05/raw/api/items/chara/196/votegeo.json,data_raw/cn_official_legacy/round_05/raw/api/items/chara/196/votepaper.json,True
5,chara,197,data_raw/cn_official_legacy/round_05/raw/api/items/chara/197/votedate.json,data_raw/cn_official_legacy/round_05/raw/api/items/chara/197/votesex.json,data_raw/cn_official_legacy/round_05/raw/api/items/chara/197/votegeo.json,data_raw/cn_official_legacy/round_05/raw/api/items/chara/197/votepaper.json,True
5,chara,198,data_raw/cn_official_legacy/round_05/raw/api/items/chara/198/votedate.json,data_raw/cn_official_legacy/round_05/raw/api/items/chara/198/votesex.json,data_raw/cn_official_legacy/round_05/raw/api/items/chara/198/votegeo.json,data_raw/cn_official_legacy/round_05/raw/api/items/chara/198/votepaper.json,True
5,chara,199,data_raw/cn_official_legacy/round_05/raw/api/items/chara/199/votedate.json,data_raw/cn_official_legacy/round_05/raw/api/items/chara/199/votesex.json,data_raw/cn_official_legacy/round_05/raw/api/items/chara/199/votegeo.json,data_raw/cn_official_legacy/round_05/raw/api/items/chara/199/votepaper.json,True
5,chara,200,data_raw/cn_official_legacy/round_05/raw/api/items/chara/200/votedate.json,data_raw/cn_official_legacy/round_05/raw/api/items/chara/200/votesex.json,data_raw/cn_official_legacy/round_05/raw/api/items/chara/200/votegeo.json,data_raw/cn_official_legacy/round_05/raw/api/items/chara/200/votepaper.json,True
5,chara,201,data_raw/cn_official_legacy/round_05/raw/api/items/chara/201/votedate.json,data_raw/cn_official_legacy/round_05/raw/api/items/chara/201/votesex.json,data_raw/cn_official_legacy/round_05/raw/api/items/chara/201/votegeo.json,data_raw/cn_official_legacy/round_05/raw/api/items/chara/201/votepaper.json,True
5,chara,202,data_raw/cn_official_legacy/round_05/raw/api/items/chara/202/votedate.json,data_raw/cn_official_legacy/round_05/raw/api/items/chara/202/votesex.json,data_raw/cn_official_legacy/round_05/raw/api/items/chara/202/votegeo.json,data_raw/cn_official_legacy/round_05/raw/api/items/chara/202/votepaper.json,True
5,chara,203,data_raw/cn_official_legacy/round_05/raw/api/items/chara/203/votedate.json,data_raw/cn_official_legacy/round_05/raw/api/items/chara/203/votesex.json,data_raw/cn_official_legacy/round_05/raw/api/items/chara/203/votegeo.json,data_raw/cn_official_legacy/round_05/raw/api/items/chara/203/votepaper.json,True
5,cp,001001000,data_raw/cn_official_legacy/round_05/raw/api/items/cp/001001000/votedate.json,data_raw/cn_official_legacy/round_05/raw/api/items/cp/001001000/votesex.json,data_raw/cn_official_legacy/round_05/raw/api/items/cp/001001000/votegeo.json,data_raw/cn_official_legacy/round_05/raw/api/items/cp/001001000/votepaper.json,True
5,cp,001002000,data_raw/cn_official_legacy/round_05/raw/api/items/cp/001002000/votedate.json,data_raw/cn_official_legacy/round_05/raw/api/items/cp/001002000/votesex.json,data_raw/cn_official_legacy/round_05/raw/api/items/cp/001002000/votegeo.json,data_raw/cn_official_legacy/round_05/raw/api/items/cp/001002000/votepaper.json,True
5,cp,001002003,data_raw/cn_official_legacy/round_05/raw/api/items/cp/001002003/votedate.json,data_raw/cn_official_legacy/round_05/raw/api/items/cp/001002003/votesex.json,data_raw/cn_official_legacy/round_05/raw/api/items/cp/001002003/votegeo.json,data_raw/cn_official_legacy/round_05/raw/api/items/cp/001002003/votepaper.json,True
5,cp,001002004,data_raw/cn_official_legacy/round_05/raw/api/items/cp/001002004/votedate.json,data_raw/cn_official_legacy/round_05/raw/api/items/cp/001002004/votesex.json,data_raw/cn_official_legacy/round_05/raw/api/items/cp/001002004/votegeo.json,data_raw/cn_official_legacy/round_05/raw/api/items/cp/001002004/votepaper.json,True
5,cp,001002005,data_raw/cn_official_legacy/round_05/raw/api/items/cp/001002005/votedate.json,data_raw/cn_official_legacy/round_05/raw/api/items/cp/001002005/votesex.json,data_raw/cn_official_legacy/round_05/raw/api/items/cp/001002005/votegeo.json,data_raw/cn_official_legacy/round_05/raw/api/items/cp/001002005/votepaper.json,True
5,cp,001002007,data_raw/cn_official_legacy/round_05/raw/api/items/cp/001002007/votedate.json,data_raw/cn_official_legacy/round_05/raw/api/items/cp/001002007/votesex.json,data_raw/cn_official_legacy/round_05/raw/api/items/cp/001002007/votegeo.json,data_raw/cn_official_legacy/round_05/raw/api/items/cp/001002007/votepaper.json,True
5,cp,001002008,data_raw/cn_official_legacy/round_05/raw/api/items/cp/001002008/votedate.json,data_raw/cn_official_legacy/round_05/raw/api/items/cp/001002008/votesex.json,data_raw/cn_official_legacy/round_05/raw/api/items/cp/001002008/votegeo.json,data_raw/cn_official_legacy/round_05/raw/api/items/cp/001002008/votepaper.json,True
5,cp,001002009,data_raw/cn_official_legacy/round_05/raw/api/items/cp/001002009/votedate.json,data_raw/cn_official_legacy/round_05/raw/api/items/cp/001002009/votesex.json,data_raw/cn_official_legacy/round_05/raw/api/items/cp/001002009/votegeo.json,data_raw/cn_official_legacy/round_05/raw/api/items/cp/001002009/votepaper.json,True
5,cp,001002010,data_raw/cn_official_legacy/round_05/raw/api/items/cp/001002010/votedate.json,data_raw/cn_official_legacy/round_05/raw/api/items/cp/001002010/votesex.json,data_raw/cn_official_legacy/round_05/raw/api/items/cp/001002010/votegeo.json,data_raw/cn_official_legacy/round_05/raw/api/items/cp/001002010/votepaper.json,True
5,cp,001002011,data_raw/cn_official_legacy/round_05/raw/api/items/cp/001002011/votedate.json,data_raw/cn_official_legacy/round_05/raw/api/items/cp/001002011/votesex.json,data_raw/cn_official_legacy/round_05/raw/api/items/cp/001002011/votegeo.json,data_raw/cn_official_legacy/round_05/raw/api/items/cp/001002011/votepaper.json,True
5,cp,001002012,data_raw/cn_official_legacy/round_05/raw/api/items/cp/001002012/votedate.json,data_raw/cn_official_legacy/round_05/raw/api/items/cp/001002012/votesex.json,data_raw/cn_official_legacy/round_05/raw/api/items/cp/001002012/votegeo.json,data_raw/cn_official_legacy/round_05/raw/api/items/cp/001002012/votepaper.json,True
5,cp,001002015,data_raw/cn_official_legacy/round_05/raw/api/items/cp/001002015/votedate.json,data_raw/cn_official_legacy/round_05/raw/api/items/cp/001002015/votesex.json,data_raw/cn_official_legacy/round_05/raw/api/items/cp/001002015/votegeo.json,data_raw/cn_official_legacy/round_05/raw/api/items/cp/001002015/votepaper.json,True
5,cp,001002020,data_raw/cn_official_legacy/round_05/raw/api/items/cp/001002020/votedate.json,data_raw/cn_official_legacy/round_05/raw/api/items/cp/001002020/votesex.json,data_raw/cn_official_legacy/round_05/raw/api/items/cp/001002020/votegeo.json,data_raw/cn_official_legacy/round_05/raw/api/items/cp/001002020/votepaper.json,True
5,cp,001002021,data_raw/cn_official_legacy/round_05/raw/api/items/cp/001002021/votedate.json,data_raw/cn_official_legacy/round_05/raw/api/items/cp/001002021/votesex.json,data_raw/cn_official_legacy/round_05/raw/api/items/cp/001002021/votegeo.json,data_raw/cn_official_legacy/round_05/raw/api/items/cp/001002021/votepaper.json,True
5,cp,001002023,data_raw/cn_official_legacy/round_05/raw/api/items/cp/001002023/votedate.json,data_raw/cn_official_legacy/round_05/raw/api/items/cp/001002023/votesex.json,data_raw/cn_official_legacy/round_05/raw/api/items/cp/001002023/votegeo.json,data_raw/cn_official_legacy/round_05/raw/api/items/cp/001002023/votepaper.json,True
5,cp,001002026,data_raw/cn_official_legacy/round_05/raw/api/items/cp/001002026/votedate.json,data_raw/cn_official_legacy/round_05/raw/api/items/cp/001002026/votesex.json,data_raw/cn_official_legacy/round_05/raw/api/items/cp/001002026/votegeo.json,data_raw/cn_official_legacy/round_05/raw/api/items/cp/001002026/votepaper.json,True
5,cp,001002032,data_raw/cn_official_legacy/round_05/raw/api/items/cp/001002032/votedate.json,data_raw/cn_official_legacy/round_05/raw/api/items/cp/001002032/votesex.json,data_raw/cn_official_legacy/round_05/raw/api/items/cp/001002032/votegeo.json,data_raw/cn_official_legacy/round_05/raw/api/items/cp/001002032/votepaper.json,True
5,cp,001002034,data_raw/cn_official_legacy/round_05/raw/api/items/cp/001002034/votedate.json,data_raw/cn_official_legacy/round_05/raw/api/items/cp/001002034/votesex.json,data_raw/cn_official_legacy/round_05/raw/api/items/cp/001002034/votegeo.json,data_raw/cn_official_legacy/round_05/raw/api/items/cp/001002034/votepaper.json,True
5,cp,001002035,data_raw/cn_official_legacy/round_05/raw/api/items/cp/001002035/votedate.json,data_raw/cn_official_legacy/round_05/raw/api/items/cp/001002035/votesex.json,data_raw/cn_official_legacy/round_05/raw/api/items/cp/001002035/votegeo.json,data_raw/cn_official_legacy/round_05/raw/api/items/cp/001002035/votepaper.json,True
5,cp,001002045,data_raw/cn_official_legacy/round_05/raw/api/items/cp/001002045/votedate.json,data_raw/cn_official_legacy/round_05/raw/api/items/cp/001002045/votesex.json,data_raw/cn_official_legacy/round_05/raw/api/items/cp/001002045/votegeo.json,data_raw/cn_official_legacy/round_05/raw/api/items/cp/001002045/votepaper.json,True
5,cp,001002049,data_raw/cn_official_legacy/round_05/raw/api/items/cp/001002049/votedate.json,data_raw/cn_official_legacy/round_05/raw/api/items/cp/001002049/votesex.json,data_raw/cn_official_legacy/round_05/raw/api/items/cp/001002049/votegeo.json,data_raw/cn_official_legacy/round_05/raw/api/items/cp/001002049/votepaper.json,True
5,cp,001002057,data_raw/cn_official_legacy/round_05/raw/api/items/cp/001002057/votedate.json,data_raw/cn_official_legacy/round_05/raw/api/items/cp/001002057/votesex.json,data_raw/cn_official_legacy/round_05/raw/api/items/cp/001002057/votegeo.json,data_raw/cn_official_legacy/round_05/raw/api/items/cp/001002057/votepaper.json,True
5,cp,001002085,data_raw/cn_official_legacy/round_05/raw/api/items/cp/001002085/votedate.json,data_raw/cn_official_legacy/round_05/raw/api/items/cp/001002085/votesex.json,data_raw/cn_official_legacy/round_05/raw/api/items/cp/001002085/votegeo.json,data_raw/cn_official_legacy/round_05/raw/api/items/cp/001002085/votepaper.json,True
5,cp,001002099,data_raw/cn_official_legacy/round_05/raw/api/items/cp/001002099/votedate.json,data_raw/cn_official_legacy/round_05/raw/api/items/cp/001002099/votesex.json,data_raw/cn_official_legacy/round_05/raw/api/items/cp/001002099/votegeo.json,data_raw/cn_official_legacy/round_05/raw/api/items/cp/001002099/votepaper.json,True
5,cp,001002102,data_raw/cn_official_legacy/round_05/raw/api/items/cp/001002102/votedate.json,data_raw/cn_official_legacy/round_05/raw/api/items/cp/001002102/votesex.json,data_raw/cn_official_legacy/round_05/raw/api/items/cp/001002102/votegeo.json,data_raw/cn_official_legacy/round_05/raw/api/items/cp/001002102/votepaper.json,True
5,cp,001002110,data_raw/cn_official_legacy/round_05/raw/api/items/cp/001002110/votedate.json,data_raw/cn_official_legacy/round_05/raw/api/items/cp/001002110/votesex.json,data_raw/cn_official_legacy/round_05/raw/api/items/cp/001002110/votegeo.json,data_raw/cn_official_legacy/round_05/raw/api/items/cp/001002110/votepaper.json,True
5,cp,001002136,data_raw/cn_official_legacy/round_05/raw/api/items/cp/001002136/votedate.json,data_raw/cn_official_legacy/round_05/raw/api/items/cp/001002136/votesex.json,data_raw/cn_official_legacy/round_05/raw/api/items/cp/001002136/votegeo.json,data_raw/cn_official_legacy/round_05/raw/api/items/cp/001002136/votepaper.json,True
5,cp,001002137,data_raw/cn_official_legacy/round_05/raw/api/items/cp/001002137/votedate.json,data_raw/cn_official_legacy/round_05/raw/api/items/cp/001002137/votesex.json,data_raw/cn_official_legacy/round_05/raw/api/items/cp/001002137/votegeo.json,data_raw/cn_official_legacy/round_05/raw/api/items/cp/001002137/votepaper.json,True
5,cp,001002138,data_raw/cn_official_legacy/round_05/raw/api/items/cp/001002138/votedate.json,data_raw/cn_official_legacy/round_05/raw/api/items/cp/001002138/votesex.json,data_raw/cn_official_legacy/round_05/raw/api/items/cp/001002138/votegeo.json,data_raw/cn_official_legacy/round_05/raw/api/items/cp/001002138/votepaper.json,True
5,cp,001002145,data_raw/cn_official_legacy/round_05/raw/api/items/cp/001002145/votedate.json,data_raw/cn_official_legacy/round_05/raw/api/items/cp/001002145/votesex.json,data_raw/cn_official_legacy/round_05/raw/api/items/cp/001002145/votegeo.json,data_raw/cn_official_legacy/round_05/raw/api/items/cp/001002145/votepaper.json,True
5,cp,001002146,data_raw/cn_official_legacy/round_05/raw/api/items/cp/001002146/votedate.json,data_raw/cn_official_legacy/round_05/raw/api/items/cp/001002146/votesex.json,data_raw/cn_official_legacy/round_05/raw/api/items/cp/001002146/votegeo.json,data_raw/cn_official_legacy/round_05/raw/api/items/cp/001002146/votepaper.json,True
5,cp,001003000,data_raw/cn_official_legacy/round_05/raw/api/items/cp/001003000/votedate.json,data_raw/cn_official_legacy/round_05/raw/api/items/cp/001003000/votesex.json,data_raw/cn_official_legacy/round_05/raw/api/items/cp/001003000/votegeo.json,data_raw/cn_official_legacy/round_05/raw/api/items/cp/001003000/votepaper.json,True
5,cp,001003007,data_raw/cn_official_legacy/round_05/raw/api/items/cp/001003007/votedate.json,data_raw/cn_official_legacy/round_05/raw/api/items/cp/001003007/votesex.json,data_raw/cn_official_legacy/round_05/raw/api/items/cp/001003007/votegeo.json,data_raw/cn_official_legacy/round_05/raw/api/items/cp/001003007/votepaper.json,True
5,cp,001003009,data_raw/cn_official_legacy/round_05/raw/api/items/cp/001003009/votedate.json,data_raw/cn_official_legacy/round_05/raw/api/items/cp/001003009/votesex.json,data_raw/cn_official_legacy/round_05/raw/api/items/cp/001003009/votegeo.json,data_raw/cn_official_legacy/round_05/raw/api/items/cp/001003009/votepaper.json,True
5,cp,001003010,data_raw/cn_official_legacy/round_05/raw/api/items/cp/001003010/votedate.json,data_raw/cn_official_legacy/round_05/raw/api/items/cp/001003010/votesex.json,data_raw/cn_official_legacy/round_05/raw/api/items/cp/001003010/votegeo.json,data_raw/cn_official_legacy/round_05/raw/api/items/cp/001003010/votepaper.json,True
5,cp,001003011,data_raw/cn_official_legacy/round_05/raw/api/items/cp/001003011/votedate.json,data_raw/cn_official_legacy/round_05/raw/api/items/cp/001003011/votesex.json,data_raw/cn_official_legacy/round_05/raw/api/items/cp/001003011/votegeo.json,data_raw/cn_official_legacy/round_05/raw/api/items/cp/001003011/votepaper.json,True
5,cp,001003012,data_raw/cn_official_legacy/round_05/raw/api/items/cp/001003012/votedate.json,data_raw/cn_official_legacy/round_05/raw/api/items/cp/001003012/votesex.json,data_raw/cn_official_legacy/round_05/raw/api/items/cp/001003012/votegeo.json,data_raw/cn_official_legacy/round_05/raw/api/items/cp/001003012/votepaper.json,True
5,cp,001003015,data_raw/cn_official_legacy/round_05/raw/api/items/cp/001003015/votedate.json,data_raw/cn_official_legacy/round_05/raw/api/items/cp/001003015/votesex.json,data_raw/cn_official_legacy/round_05/raw/api/items/cp/001003015/votegeo.json,data_raw/cn_official_legacy/round_05/raw/api/items/cp/001003015/votepaper.json,True
5,cp,001003023,data_raw/cn_official_legacy/round_05/raw/api/items/cp/001003023/votedate.json,data_raw/cn_official_legacy/round_05/raw/api/items/cp/001003023/votesex.json,data_raw/cn_official_legacy/round_05/raw/api/items/cp/001003023/votegeo.json,data_raw/cn_official_legacy/round_05/raw/api/items/cp/001003023/votepaper.json,True
5,cp,001004000,data_raw/cn_official_legacy/round_05/raw/api/items/cp/001004000/votedate.json,data_raw/cn_official_legacy/round_05/raw/api/items/cp/001004000/votesex.json,data_raw/cn_official_legacy/round_05/raw/api/items/cp/001004000/votegeo.json,data_raw/cn_official_legacy/round_05/raw/api/items/cp/001004000/votepaper.json,True
5,cp,001004005,data_raw/cn_official_legacy/round_05/raw/api/items/cp/001004005/votedate.json,data_raw/cn_official_legacy/round_05/raw/api/items/cp/001004005/votesex.json,data_raw/cn_official_legacy/round_05/raw/api/items/cp/001004005/votegeo.json,data_raw/cn_official_legacy/round_05/raw/api/items/cp/001004005/votepaper.json,True
5,cp,001005000,data_raw/cn_official_legacy/round_05/raw/api/items/cp/001005000/votedate.json,data_raw/cn_official_legacy/round_05/raw/api/items/cp/001005000/votesex.json,data_raw/cn_official_legacy/round_05/raw/api/items/cp/001005000/votegeo.json,data_raw/cn_official_legacy/round_05/raw/api/items/cp/001005000/votepaper.json,True
5,cp,001005010,data_raw/cn_official_legacy/round_05/raw/api/items/cp/001005010/votedate.json,data_raw/cn_official_legacy/round_05/raw/api/items/cp/001005010/votesex.json,data_raw/cn_official_legacy/round_05/raw/api/items/cp/001005010/votegeo.json,data_raw/cn_official_legacy/round_05/raw/api/items/cp/001005010/votepaper.json,True
5,cp,001005023,data_raw/cn_official_legacy/round_05/raw/api/items/cp/001005023/votedate.json,data_raw/cn_official_legacy/round_05/raw/api/items/cp/001005023/votesex.json,data_raw/cn_official_legacy/round_05/raw/api/items/cp/001005023/votegeo.json,data_raw/cn_official_legacy/round_05/raw/api/items/cp/001005023/votepaper.json,True
5,cp,001005026,data_raw/cn_official_legacy/round_05/raw/api/items/cp/001005026/votedate.json,data_raw/cn_official_legacy/round_05/raw/api/items/cp/001005026/votesex.json,data_raw/cn_official_legacy/round_05/raw/api/items/cp/001005026/votegeo.json,data_raw/cn_official_legacy/round_05/raw/api/items/cp/001005026/votepaper.json,True
5,cp,001006009,data_raw/cn_official_legacy/round_05/raw/api/items/cp/001006009/votedate.json,data_raw/cn_official_legacy/round_05/raw/api/items/cp/001006009/votesex.json,data_raw/cn_official_legacy/round_05/raw/api/items/cp/001006009/votegeo.json,data_raw/cn_official_legacy/round_05/raw/api/items/cp/001006009/votepaper.json,True
5,cp,001008015,data_raw/cn_official_legacy/round_05/raw/api/items/cp/001008015/votedate.json,data_raw/cn_official_legacy/round_05/raw/api/items/cp/001008015/votesex.json,data_raw/cn_official_legacy/round_05/raw/api/items/cp/001008015/votegeo.json,data_raw/cn_official_legacy/round_05/raw/api/items/cp/001008015/votepaper.json,True
5,cp,001009000,data_raw/cn_official_legacy/round_05/raw/api/items/cp/001009000/votedate.json,data_raw/cn_official_legacy/round_05/raw/api/items/cp/001009000/votesex.json,data_raw/cn_official_legacy/round_05/raw/api/items/cp/001009000/votegeo.json,data_raw/cn_official_legacy/round_05/raw/api/items/cp/001009000/votepaper.json,True
5,cp,001009010,data_raw/cn_official_legacy/round_05/raw/api/items/cp/001009010/votedate.json,data_raw/cn_official_legacy/round_05/raw/api/items/cp/001009010/votesex.json,data_raw/cn_official_legacy/round_05/raw/api/items/cp/001009010/votegeo.json,data_raw/cn_official_legacy/round_05/raw/api/items/cp/001009010/votepaper.json,True
5,cp,001009015,data_raw/cn_official_legacy/round_05/raw/api/items/cp/001009015/votedate.json,data_raw/cn_official_legacy/round_05/raw/api/items/cp/001009015/votesex.json,data_raw/cn_official_legacy/round_05/raw/api/items/cp/001009015/votegeo.json,data_raw/cn_official_legacy/round_05/raw/api/items/cp/001009015/votepaper.json,True
5,cp,001009020,data_raw/cn_official_legacy/round_05/raw/api/items/cp/001009020/votedate.json,data_raw/cn_official_legacy/round_05/raw/api/items/cp/001009020/votesex.json,data_raw/cn_official_legacy/round_05/raw/api/items/cp/001009020/votegeo.json,data_raw/cn_official_legacy/round_05/raw/api/items/cp/001009020/votepaper.json,True
5,cp,001009023,data_raw/cn_official_legacy/round_05/raw/api/items/cp/001009023/votedate.json,data_raw/cn_official_legacy/round_05/raw/api/items/cp/001009023/votesex.json,data_raw/cn_official_legacy/round_05/raw/api/items/cp/001009023/votegeo.json,data_raw/cn_official_legacy/round_05/raw/api/items/cp/001009023/votepaper.json,True
5,cp,001009035,data_raw/cn_official_legacy/round_05/raw/api/items/cp/001009035/votedate.json,data_raw/cn_official_legacy/round_05/raw/api/items/cp/001009035/votesex.json,data_raw/cn_official_legacy/round_05/raw/api/items/cp/001009035/votegeo.json,data_raw/cn_official_legacy/round_05/raw/api/items/cp/001009035/votepaper.json,True
5,cp,001009045,data_raw/cn_official_legacy/round_05/raw/api/items/cp/001009045/votedate.json,data_raw/cn_official_legacy/round_05/raw/api/items/cp/001009045/votesex.json,data_raw/cn_official_legacy/round_05/raw/api/items/cp/001009045/votegeo.json,data_raw/cn_official_legacy/round_05/raw/api/items/cp/001009045/votepaper.json,True
5,cp,001010000,data_raw/cn_official_legacy/round_05/raw/api/items/cp/001010000/votedate.json,data_raw/cn_official_legacy/round_05/raw/api/items/cp/001010000/votesex.json,data_raw/cn_official_legacy/round_05/raw/api/items/cp/001010000/votegeo.json,data_raw/cn_official_legacy/round_05/raw/api/items/cp/001010000/votepaper.json,True
5,cp,001010011,data_raw/cn_official_legacy/round_05/raw/api/items/cp/001010011/votedate.json,data_raw/cn_official_legacy/round_05/raw/api/items/cp/001010011/votesex.json,data_raw/cn_official_legacy/round_05/raw/api/items/cp/001010011/votegeo.json,data_raw/cn_official_legacy/round_05/raw/api/items/cp/001010011/votepaper.json,True
5,cp,001010015,data_raw/cn_official_legacy/round_05/raw/api/items/cp/001010015/votedate.json,data_raw/cn_official_legacy/round_05/raw/api/items/cp/001010015/votesex.json,data_raw/cn_official_legacy/round_05/raw/api/items/cp/001010015/votegeo.json,data_raw/cn_official_legacy/round_05/raw/api/items/cp/001010015/votepaper.json,True
5,cp,001010023,data_raw/cn_official_legacy/round_05/raw/api/items/cp/001010023/votedate.json,data_raw/cn_official_legacy/round_05/raw/api/items/cp/001010023/votesex.json,data_raw/cn_official_legacy/round_05/raw/api/items/cp/001010023/votegeo.json,data_raw/cn_official_legacy/round_05/raw/api/items/cp/001010023/votepaper.json,True
5,cp,001010026,data_raw/cn_official_legacy/round_05/raw/api/items/cp/001010026/votedate.json,data_raw/cn_official_legacy/round_05/raw/api/items/cp/001010026/votesex.json,data_raw/cn_official_legacy/round_05/raw/api/items/cp/001010026/votegeo.json,data_raw/cn_official_legacy/round_05/raw/api/items/cp/001010026/votepaper.json,True
5,cp,001010069,data_raw/cn_official_legacy/round_05/raw/api/items/cp/001010069/votedate.json,data_raw/cn_official_legacy/round_05/raw/api/items/cp/001010069/votesex.json,data_raw/cn_official_legacy/round_05/raw/api/items/cp/001010069/votegeo.json,data_raw/cn_official_legacy/round_05/raw/api/items/cp/001010069/votepaper.json,True
5,cp,001010136,data_raw/cn_official_legacy/round_05/raw/api/items/cp/001010136/votedate.json,data_raw/cn_official_legacy/round_05/raw/api/items/cp/001010136/votesex.json,data_raw/cn_official_legacy/round_05/raw/api/items/cp/001010136/votegeo.json,data_raw/cn_official_legacy/round_05/raw/api/items/cp/001010136/votepaper.json,True
5,cp,001011000,data_raw/cn_official_legacy/round_05/raw/api/items/cp/001011000/votedate.json,data_raw/cn_official_legacy/round_05/raw/api/items/cp/001011000/votesex.json,data_raw/cn_official_legacy/round_05/raw/api/items/cp/001011000/votegeo.json,data_raw/cn_official_legacy/round_05/raw/api/items/cp/001011000/votepaper.json,True
5,cp,001011039,data_raw/cn_official_legacy/round_05/raw/api/items/cp/001011039/votedate.json,data_raw/cn_official_legacy/round_05/raw/api/items/cp/001011039/votesex.json,data_raw/cn_official_legacy/round_05/raw/api/items/cp/001011039/votegeo.json,data_raw/cn_official_legacy/round_05/raw/api/items/cp/001011039/votepaper.json,True
5,cp,001012000,data_raw/cn_official_legacy/round_05/raw/api/items/cp/001012000/votedate.json,data_raw/cn_official_legacy/round_05/raw/api/items/cp/001012000/votesex.json,data_raw/cn_official_legacy/round_05/raw/api/items/cp/001012000/votegeo.json,data_raw/cn_official_legacy/round_05/raw/api/items/cp/001012000/votepaper.json,True
5,cp,001013000,data_raw/cn_official_legacy/round_05/raw/api/items/cp/001013000/votedate.json,data_raw/cn_official_legacy/round_05/raw/api/items/cp/001013000/votesex.json,data_raw/cn_official_legacy/round_05/raw/api/items/cp/001013000/votegeo.json,data_raw/cn_official_legacy/round_05/raw/api/items/cp/001013000/votepaper.json,True
5,cp,001013018,data_raw/cn_official_legacy/round_05/raw/api/items/cp/001013018/votedate.json,data_raw/cn_official_legacy/round_05/raw/api/items/cp/001013018/votesex.json,data_raw/cn_official_legacy/round_05/raw/api/items/cp/001013018/votegeo.json,data_raw/cn_official_legacy/round_05/raw/api/items/cp/001013018/votepaper.json,True
5,cp,001015000,data_raw/cn_official_legacy/round_05/raw/api/items/cp/001015000/votedate.json,data_raw/cn_official_legacy/round_05/raw/api/items/cp/001015000/votesex.json,data_raw/cn_official_legacy/round_05/raw/api/items/cp/001015000/votegeo.json,data_raw/cn_official_legacy/round_05/raw/api/items/cp/001015000/votepaper.json,True
5,cp,001015023,data_raw/cn_official_legacy/round_05/raw/api/items/cp/001015023/votedate.json,data_raw/cn_official_legacy/round_05/raw/api/items/cp/001015023/votesex.json,data_raw/cn_official_legacy/round_05/raw/api/items/cp/001015023/votegeo.json,data_raw/cn_official_legacy/round_05/raw/api/items/cp/001015023/votepaper.json,True
5,cp,001015037,data_raw/cn_official_legacy/round_05/raw/api/items/cp/001015037/votedate.json,data_raw/cn_official_legacy/round_05/raw/api/items/cp/001015037/votesex.json,data_raw/cn_official_legacy/round_05/raw/api/items/cp/001015037/votegeo.json,data_raw/cn_official_legacy/round_05/raw/api/items/cp/001015037/votepaper.json,True
5,cp,001015045,data_raw/cn_official_legacy/round_05/raw/api/items/cp/001015045/votedate.json,data_raw/cn_official_legacy/round_05/raw/api/items/cp/001015045/votesex.json,data_raw/cn_official_legacy/round_05/raw/api/items/cp/001015045/votegeo.json,data_raw/cn_official_legacy/round_05/raw/api/items/cp/001015045/votepaper.json,True
5,cp,001016000,data_raw/cn_official_legacy/round_05/raw/api/items/cp/001016000/votedate.json,data_raw/cn_official_legacy/round_05/raw/api/items/cp/001016000/votesex.json,data_raw/cn_official_legacy/round_05/raw/api/items/cp/001016000/votegeo.json,data_raw/cn_official_legacy/round_05/raw/api/items/cp/001016000/votepaper.json,True
5,cp,001016023,data_raw/cn_official_legacy/round_05/raw/api/items/cp/001016023/votedate.json,data_raw/cn_official_legacy/round_05/raw/api/items/cp/001016023/votesex.json,data_raw/cn_official_legacy/round_05/raw/api/items/cp/001016023/votegeo.json,data_raw/cn_official_legacy/round_05/raw/api/items/cp/001016023/votepaper.json,True
5,cp,001020021,data_raw/cn_official_legacy/round_05/raw/api/items/cp/001020021/votedate.json,data_raw/cn_official_legacy/round_05/raw/api/items/cp/001020021/votesex.json,data_raw/cn_official_legacy/round_05/raw/api/items/cp/001020021/votegeo.json,data_raw/cn_official_legacy/round_05/raw/api/items/cp/001020021/votepaper.json,True
5,cp,001020045,data_raw/cn_official_legacy/round_05/raw/api/items/cp/001020045/votedate.json,data_raw/cn_official_legacy/round_05/raw/api/items/cp/001020045/votesex.json,data_raw/cn_official_legacy/round_05/raw/api/items/cp/001020045/votegeo.json,data_raw/cn_official_legacy/round_05/raw/api/items/cp/001020045/votepaper.json,True
5,cp,001020077,data_raw/cn_official_legacy/round_05/raw/api/items/cp/001020077/votedate.json,data_raw/cn_official_legacy/round_05/raw/api/items/cp/001020077/votesex.json,data_raw/cn_official_legacy/round_05/raw/api/items/cp/001020077/votegeo.json,data_raw/cn_official_legacy/round_05/raw/api/items/cp/001020077/votepaper.json,True
5,cp,001021023,data_raw/cn_official_legacy/round_05/raw/api/items/cp/001021023/votedate.json,data_raw/cn_official_legacy/round_05/raw/api/items/cp/001021023/votesex.json,data_raw/cn_official_legacy/round_05/raw/api/items/cp/001021023/votegeo.json,data_raw/cn_official_legacy/round_05/raw/api/items/cp/001021023/votepaper.json,True
5,cp,001021044,data_raw/cn_official_legacy/round_05/raw/api/items/cp/001021044/votedate.json,data_raw/cn_official_legacy/round_05/raw/api/items/cp/001021044/votesex.json,data_raw/cn_official_legacy/round_05/raw/api/items/cp/001021044/votegeo.json,data_raw/cn_official_legacy/round_05/raw/api/items/cp/001021044/votepaper.json,True
5,cp,001021075,data_raw/cn_official_legacy/round_05/raw/api/items/cp/001021075/votedate.json,data_raw/cn_official_legacy/round_05/raw/api/items/cp/001021075/votesex.json,data_raw/cn_official_legacy/round_05/raw/api/items/cp/001021075/votegeo.json,data_raw/cn_official_legacy/round_05/raw/api/items/cp/001021075/votepaper.json,True
5,cp,001022000,data_raw/cn_official_legacy/round_05/raw/api/items/cp/001022000/votedate.json,data_raw/cn_official_legacy/round_05/raw/api/items/cp/001022000/votesex.json,data_raw/cn_official_legacy/round_05/raw/api/items/cp/001022000/votegeo.json,data_raw/cn_official_legacy/round_05/raw/api/items/cp/001022000/votepaper.json,True
5,cp,001022023,data_raw/cn_official_legacy/round_05/raw/api/items/cp/001022023/votedate.json,data_raw/cn_official_legacy/round_05/raw/api/items/cp/001022023/votesex.json,data_raw/cn_official_legacy/round_05/raw/api/items/cp/001022023/votegeo.json,data_raw/cn_official_legacy/round_05/raw/api/items/cp/001022023/votepaper.json,True
5,cp,001023000,data_raw/cn_official_legacy/round_05/raw/api/items/cp/001023000/votedate.json,data_raw/cn_official_legacy/round_05/raw/api/items/cp/001023000/votesex.json,data_raw/cn_official_legacy/round_05/raw/api/items/cp/001023000/votegeo.json,data_raw/cn_official_legacy/round_05/raw/api/items/cp/001023000/votepaper.json,True
5,cp,001023026,data_raw/cn_official_legacy/round_05/raw/api/items/cp/001023026/votedate.json,data_raw/cn_official_legacy/round_05/raw/api/items/cp/001023026/votesex.json,data_raw/cn_official_legacy/round_05/raw/api/items/cp/001023026/votegeo.json,data_raw/cn_official_legacy/round_05/raw/api/items/cp/001023026/votepaper.json,True
5,cp,001023033,data_raw/cn_official_legacy/round_05/raw/api/items/cp/001023033/votedate.json,data_raw/cn_official_legacy/round_05/raw/api/items/cp/001023033/votesex.json,data_raw/cn_official_legacy/round_05/raw/api/items/cp/001023033/votegeo.json,data_raw/cn_official_legacy/round_05/raw/api/items/cp/001023033/votepaper.json,True
5,cp,001023037,data_raw/cn_official_legacy/round_05/raw/api/items/cp/001023037/votedate.json,data_raw/cn_official_legacy/round_05/raw/api/items/cp/001023037/votesex.json,data_raw/cn_official_legacy/round_05/raw/api/items/cp/001023037/votegeo.json,data_raw/cn_official_legacy/round_05/raw/api/items/cp/001023037/votepaper.json,True
5,cp,001023045,data_raw/cn_official_legacy/round_05/raw/api/items/cp/001023045/votedate.json,data_raw/cn_official_legacy/round_05/raw/api/items/cp/001023045/votesex.json,data_raw/cn_official_legacy/round_05/raw/api/items/cp/001023045/votegeo.json,data_raw/cn_official_legacy/round_05/raw/api/items/cp/001023045/votepaper.json,True
5,cp,001023049,data_raw/cn_official_legacy/round_05/raw/api/items/cp/001023049/votedate.json,data_raw/cn_official_legacy/round_05/raw/api/items/cp/001023049/votesex.json,data_raw/cn_official_legacy/round_05/raw/api/items/cp/001023049/votegeo.json,data_raw/cn_official_legacy/round_05/raw/api/items/cp/001023049/votepaper.json,True
5,cp,001023110,data_raw/cn_official_legacy/round_05/raw/api/items/cp/001023110/votedate.json,data_raw/cn_official_legacy/round_05/raw/api/items/cp/001023110/votesex.json,data_raw/cn_official_legacy/round_05/raw/api/items/cp/001023110/votegeo.json,data_raw/cn_official_legacy/round_05/raw/api/items/cp/001023110/votepaper.json,True
5,cp,001023137,data_raw/cn_official_legacy/round_05/raw/api/items/cp/001023137/votedate.json,data_raw/cn_official_legacy/round_05/raw/api/items/cp/001023137/votesex.json,data_raw/cn_official_legacy/round_05/raw/api/items/cp/001023137/votegeo.json,data_raw/cn_official_legacy/round_05/raw/api/items/cp/001023137/votepaper.json,True
5,cp,001026000,data_raw/cn_official_legacy/round_05/raw/api/items/cp/001026000/votedate.json,data_raw/cn_official_legacy/round_05/raw/api/items/cp/001026000/votesex.json,data_raw/cn_official_legacy/round_05/raw/api/items/cp/001026000/votegeo.json,data_raw/cn_official_legacy/round_05/raw/api/items/cp/001026000/votepaper.json,True
5,cp,001026035,data_raw/cn_official_legacy/round_05/raw/api/items/cp/001026035/votedate.json,data_raw/cn_official_legacy/round_05/raw/api/items/cp/001026035/votesex.json,data_raw/cn_official_legacy/round_05/raw/api/items/cp/001026035/votegeo.json,data_raw/cn_official_legacy/round_05/raw/api/items/cp/001026035/votepaper.json,True
5,cp,001026049,data_raw/cn_official_legacy/round_05/raw/api/items/cp/001026049/votedate.json,data_raw/cn_official_legacy/round_05/raw/api/items/cp/001026049/votesex.json,data_raw/cn_official_legacy/round_05/raw/api/items/cp/001026049/votegeo.json,data_raw/cn_official_legacy/round_05/raw/api/items/cp/001026049/votepaper.json,True
5,cp,001026145,data_raw/cn_official_legacy/round_05/raw/api/items/cp/001026145/votedate.json,data_raw/cn_official_legacy/round_05/raw/api/items/cp/001026145/votesex.json,data_raw/cn_official_legacy/round_05/raw/api/items/cp/001026145/votegeo.json,data_raw/cn_official_legacy/round_05/raw/api/items/cp/001026145/votepaper.json,True
5,cp,001027000,data_raw/cn_official_legacy/round_05/raw/api/items/cp/001027000/votedate.json,data_raw/cn_official_legacy/round_05/raw/api/items/cp/001027000/votesex.json,data_raw/cn_official_legacy/round_05/raw/api/items/cp/001027000/votegeo.json,data_raw/cn_official_legacy/round_05/raw/api/items/cp/001027000/votepaper.json,True
5,cp,001029034,data_raw/cn_official_legacy/round_05/raw/api/items/cp/001029034/votedate.json,data_raw/cn_official_legacy/round_05/raw/api/items/cp/001029034/votesex.json,data_raw/cn_official_legacy/round_05/raw/api/items/cp/001029034/votegeo.json,data_raw/cn_official_legacy/round_05/raw/api/items/cp/001029034/votepaper.json,True
5,cp,001032054,data_raw/cn_official_legacy/round_05/raw/api/items/cp/001032054/votedate.json,data_raw/cn_official_legacy/round_05/raw/api/items/cp/001032054/votesex.json,data_raw/cn_official_legacy/round_05/raw/api/items/cp/001032054/votegeo.json,data_raw/cn_official_legacy/round_05/raw/api/items/cp/001032054/votepaper.json,True
5,cp,001033084,data_raw/cn_official_legacy/round_05/raw/api/items/cp/001033084/votedate.json,data_raw/cn_official_legacy/round_05/raw/api/items/cp/001033084/votesex.json,data_raw/cn_official_legacy/round_05/raw/api/items/cp/001033084/votegeo.json,data_raw/cn_official_legacy/round_05/raw/api/items/cp/001033084/votepaper.json,True
5,cp,001034000,data_raw/cn_official_legacy/round_05/raw/api/items/cp/001034000/votedate.json,data_raw/cn_official_legacy/round_05/raw/api/items/cp/001034000/votesex.json,data_raw/cn_official_legacy/round_05/raw/api/items/cp/001034000/votegeo.json,data_raw/cn_official_legacy/round_05/raw/api/items/cp/001034000/votepaper.json,True
5,cp,001034049,data_raw/cn_official_legacy/round_05/raw/api/items/cp/001034049/votedate.json,data_raw/cn_official_legacy/round_05/raw/api/items/cp/001034049/votesex.json,data_raw/cn_official_legacy/round_05/raw/api/items/cp/001034049/votegeo.json,data_raw/cn_official_legacy/round_05/raw/api/items/cp/001034049/votepaper.json,True
5,cp,001035000,data_raw/cn_official_legacy/round_05/raw/api/items/cp/001035000/votedate.json,data_raw/cn_official_legacy/round_05/raw/api/items/cp/001035000/votesex.json,data_raw/cn_official_legacy/round_05/raw/api/items/cp/001035000/votegeo.json,data_raw/cn_official_legacy/round_05/raw/api/items/cp/001035000/votepaper.json,True
5,cp,001035044,data_raw/cn_official_legacy/round_05/raw/api/items/cp/001035044/votedate.json,data_raw/cn_official_legacy/round_05/raw/api/items/cp/001035044/votesex.json,data_raw/cn_official_legacy/round_05/raw/api/items/cp/001035044/votegeo.json,data_raw/cn_official_legacy/round_05/raw/api/items/cp/001035044/votepaper.json,True
5,cp,001035045,data_raw/cn_official_legacy/round_05/raw/api/items/cp/001035045/votedate.json,data_raw/cn_official_legacy/round_05/raw/api/items/cp/001035045/votesex.json,data_raw/cn_official_legacy/round_05/raw/api/items/cp/001035045/votegeo.json,data_raw/cn_official_legacy/round_05/raw/api/items/cp/001035045/votepaper.json,True
5,cp,001035049,data_raw/cn_official_legacy/round_05/raw/api/items/cp/001035049/votedate.json,data_raw/cn_official_legacy/round_05/raw/api/items/cp/001035049/votesex.json,data_raw/cn_official_legacy/round_05/raw/api/items/cp/001035049/votegeo.json,data_raw/cn_official_legacy/round_05/raw/api/items/cp/001035049/votepaper.json,True
5,cp,001035069,data_raw/cn_official_legacy/round_05/raw/api/items/cp/001035069/votedate.json,data_raw/cn_official_legacy/round_05/raw/api/items/cp/001035069/votesex.json,data_raw/cn_official_legacy/round_05/raw/api/items/cp/001035069/votegeo.json,data_raw/cn_official_legacy/round_05/raw/api/items/cp/001035069/votepaper.json,True
5,cp,001035085,data_raw/cn_official_legacy/round_05/raw/api/items/cp/001035085/votedate.json,data_raw/cn_official_legacy/round_05/raw/api/items/cp/001035085/votesex.json,data_raw/cn_official_legacy/round_05/raw/api/items/cp/001035085/votegeo.json,data_raw/cn_official_legacy/round_05/raw/api/items/cp/001035085/votepaper.json,True
5,cp,001035178,data_raw/cn_official_legacy/round_05/raw/api/items/cp/001035178/votedate.json,data_raw/cn_official_legacy/round_05/raw/api/items/cp/001035178/votesex.json,data_raw/cn_official_legacy/round_05/raw/api/items/cp/001035178/votegeo.json,data_raw/cn_official_legacy/round_05/raw/api/items/cp/001035178/votepaper.json,True
5,cp,001037000,data_raw/cn_official_legacy/round_05/raw/api/items/cp/001037000/votedate.json,data_raw/cn_official_legacy/round_05/raw/api/items/cp/001037000/votesex.json,data_raw/cn_official_legacy/round_05/raw/api/items/cp/001037000/votegeo.json,data_raw/cn_official_legacy/round_05/raw/api/items/cp/001037000/votepaper.json,True
5,cp,001037102,data_raw/cn_official_legacy/round_05/raw/api/items/cp/001037102/votedate.json,data_raw/cn_official_legacy/round_05/raw/api/items/cp/001037102/votesex.json,data_raw/cn_official_legacy/round_05/raw/api/items/cp/001037102/votegeo.json,data_raw/cn_official_legacy/round_05/raw/api/items/cp/001037102/votepaper.json,True
5,cp,001038145,data_raw/cn_official_legacy/round_05/raw/api/items/cp/001038145/votedate.json,data_raw/cn_official_legacy/round_05/raw/api/items/cp/001038145/votesex.json,data_raw/cn_official_legacy/round_05/raw/api/items/cp/001038145/votegeo.json,data_raw/cn_official_legacy/round_05/raw/api/items/cp/001038145/votepaper.json,True
5,cp,001039045,data_raw/cn_official_legacy/round_05/raw/api/items/cp/001039045/votedate.json,data_raw/cn_official_legacy/round_05/raw/api/items/cp/001039045/votesex.json,data_raw/cn_official_legacy/round_05/raw/api/items/cp/001039045/votegeo.json,data_raw/cn_official_legacy/round_05/raw/api/items/cp/001039045/votepaper.json,True
5,cp,001040000,data_raw/cn_official_legacy/round_05/raw/api/items/cp/001040000/votedate.json,data_raw/cn_official_legacy/round_05/raw/api/items/cp/001040000/votesex.json,data_raw/cn_official_legacy/round_05/raw/api/items/cp/001040000/votegeo.json,data_raw/cn_official_legacy/round_05/raw/api/items/cp/001040000/votepaper.json,True
5,cp,001041057,data_raw/cn_official_legacy/round_05/raw/api/items/cp/001041057/votedate.json,data_raw/cn_official_legacy/round_05/raw/api/items/cp/001041057/votesex.json,data_raw/cn_official_legacy/round_05/raw/api/items/cp/001041057/votegeo.json,data_raw/cn_official_legacy/round_05/raw/api/items/cp/001041057/votepaper.json,True
5,cp,001042000,data_raw/cn_official_legacy/round_05/raw/api/items/cp/001042000/votedate.json,data_raw/cn_official_legacy/round_05/raw/api/items/cp/001042000/votesex.json,data_raw/cn_official_legacy/round_05/raw/api/items/cp/001042000/votegeo.json,data_raw/cn_official_legacy/round_05/raw/api/items/cp/001042000/votepaper.json,True
5,cp,001043000,data_raw/cn_official_legacy/round_05/raw/api/items/cp/001043000/votedate.json,data_raw/cn_official_legacy/round_05/raw/api/items/cp/001043000/votesex.json,data_raw/cn_official_legacy/round_05/raw/api/items/cp/001043000/votegeo.json,data_raw/cn_official_legacy/round_05/raw/api/items/cp/001043000/votepaper.json,True
5,cp,001045000,data_raw/cn_official_legacy/round_05/raw/api/items/cp/001045000/votedate.json,data_raw/cn_official_legacy/round_05/raw/api/items/cp/001045000/votesex.json,data_raw/cn_official_legacy/round_05/raw/api/items/cp/001045000/votegeo.json,data_raw/cn_official_legacy/round_05/raw/api/items/cp/001045000/votepaper.json,True
5,cp,001045046,data_raw/cn_official_legacy/round_05/raw/api/items/cp/001045046/votedate.json,data_raw/cn_official_legacy/round_05/raw/api/items/cp/001045046/votesex.json,data_raw/cn_official_legacy/round_05/raw/api/items/cp/001045046/votegeo.json,data_raw/cn_official_legacy/round_05/raw/api/items/cp/001045046/votepaper.json,True
5,cp,001045047,data_raw/cn_official_legacy/round_05/raw/api/items/cp/001045047/votedate.json,data_raw/cn_official_legacy/round_05/raw/api/items/cp/001045047/votesex.json,data_raw/cn_official_legacy/round_05/raw/api/items/cp/001045047/votegeo.json,data_raw/cn_official_legacy/round_05/raw/api/items/cp/001045047/votepaper.json,True
5,cp,001045059,data_raw/cn_official_legacy/round_05/raw/api/items/cp/001045059/votedate.json,data_raw/cn_official_legacy/round_05/raw/api/items/cp/001045059/votesex.json,data_raw/cn_official_legacy/round_05/raw/api/items/cp/001045059/votegeo.json,data_raw/cn_official_legacy/round_05/raw/api/items/cp/001045059/votepaper.json,True
5,cp,001045064,data_raw/cn_official_legacy/round_05/raw/api/items/cp/001045064/votedate.json,data_raw/cn_official_legacy/round_05/raw/api/items/cp/001045064/votesex.json,data_raw/cn_official_legacy/round_05/raw/api/items/cp/001045064/votegeo.json,data_raw/cn_official_legacy/round_05/raw/api/items/cp/001045064/votepaper.json,True
5,cp,001045145,data_raw/cn_official_legacy/round_05/raw/api/items/cp/001045145/votedate.json,data_raw/cn_official_legacy/round_05/raw/api/items/cp/001045145/votesex.json,data_raw/cn_official_legacy/round_05/raw/api/items/cp/001045145/votegeo.json,data_raw/cn_official_legacy/round_05/raw/api/items/cp/001045145/votepaper.json,True
5,cp,001048049,data_raw/cn_official_legacy/round_05/raw/api/items/cp/001048049/votedate.json,data_raw/cn_official_legacy/round_05/raw/api/items/cp/001048049/votesex.json,data_raw/cn_official_legacy/round_05/raw/api/items/cp/001048049/votegeo.json,data_raw/cn_official_legacy/round_05/raw/api/items/cp/001048049/votepaper.json,True
5,cp,001049000,data_raw/cn_official_legacy/round_05/raw/api/items/cp/001049000/votedate.json,data_raw/cn_official_legacy/round_05/raw/api/items/cp/001049000/votesex.json,data_raw/cn_official_legacy/round_05/raw/api/items/cp/001049000/votegeo.json,data_raw/cn_official_legacy/round_05/raw/api/items/cp/001049000/votepaper.json,True
5,cp,001052000,data_raw/cn_official_legacy/round_05/raw/api/items/cp/001052000/votedate.json,data_raw/cn_official_legacy/round_05/raw/api/items/cp/001052000/votesex.json,data_raw/cn_official_legacy/round_05/raw/api/items/cp/001052000/votegeo.json,data_raw/cn_official_legacy/round_05/raw/api/items/cp/001052000/votepaper.json,True
5,cp,001052055,data_raw/cn_official_legacy/round_05/raw/api/items/cp/001052055/votedate.json,data_raw/cn_official_legacy/round_05/raw/api/items/cp/001052055/votesex.json,data_raw/cn_official_legacy/round_05/raw/api/items/cp/001052055/votegeo.json,data_raw/cn_official_legacy/round_05/raw/api/items/cp/001052055/votepaper.json,True
5,cp,001054000,data_raw/cn_official_legacy/round_05/raw/api/items/cp/001054000/votedate.json,data_raw/cn_official_legacy/round_05/raw/api/items/cp/001054000/votesex.json,data_raw/cn_official_legacy/round_05/raw/api/items/cp/001054000/votegeo.json,data_raw/cn_official_legacy/round_05/raw/api/items/cp/001054000/votepaper.json,True
5,cp,001054057,data_raw/cn_official_legacy/round_05/raw/api/items/cp/001054057/votedate.json,data_raw/cn_official_legacy/round_05/raw/api/items/cp/001054057/votesex.json,data_raw/cn_official_legacy/round_05/raw/api/items/cp/001054057/votegeo.json,data_raw/cn_official_legacy/round_05/raw/api/items/cp/001054057/votepaper.json,True
5,cp,001055000,data_raw/cn_official_legacy/round_05/raw/api/items/cp/001055000/votedate.json,data_raw/cn_official_legacy/round_05/raw/api/items/cp/001055000/votesex.json,data_raw/cn_official_legacy/round_05/raw/api/items/cp/001055000/votegeo.json,data_raw/cn_official_legacy/round_05/raw/api/items/cp/001055000/votepaper.json,True
5,cp,001055056,data_raw/cn_official_legacy/round_05/raw/api/items/cp/001055056/votedate.json,data_raw/cn_official_legacy/round_05/raw/api/items/cp/001055056/votesex.json,data_raw/cn_official_legacy/round_05/raw/api/items/cp/001055056/votegeo.json,data_raw/cn_official_legacy/round_05/raw/api/items/cp/001055056/votepaper.json,True
5,cp,001057143,data_raw/cn_official_legacy/round_05/raw/api/items/cp/001057143/votedate.json,data_raw/cn_official_legacy/round_05/raw/api/items/cp/001057143/votesex.json,data_raw/cn_official_legacy/round_05/raw/api/items/cp/001057143/votegeo.json,data_raw/cn_official_legacy/round_05/raw/api/items/cp/001057143/votepaper.json,True
5,cp,001059000,data_raw/cn_official_legacy/round_05/raw/api/items/cp/001059000/votedate.json,data_raw/cn_official_legacy/round_05/raw/api/items/cp/001059000/votesex.json,data_raw/cn_official_legacy/round_05/raw/api/items/cp/001059000/votegeo.json,data_raw/cn_official_legacy/round_05/raw/api/items/cp/001059000/votepaper.json,True
5,cp,001059070,data_raw/cn_official_legacy/round_05/raw/api/items/cp/001059070/votedate.json,data_raw/cn_official_legacy/round_05/raw/api/items/cp/001059070/votesex.json,data_raw/cn_official_legacy/round_05/raw/api/items/cp/001059070/votegeo.json,data_raw/cn_official_legacy/round_05/raw/api/items/cp/001059070/votepaper.json,True
5,cp,001064075,data_raw/cn_official_legacy/round_05/raw/api/items/cp/001064075/votedate.json,data_raw/cn_official_legacy/round_05/raw/api/items/cp/001064075/votesex.json,data_raw/cn_official_legacy/round_05/raw/api/items/cp/001064075/votegeo.json,data_raw/cn_official_legacy/round_05/raw/api/items/cp/001064075/votepaper.json,True
5,cp,001066075,data_raw/cn_official_legacy/round_05/raw/api/items/cp/001066075/votedate.json,data_raw/cn_official_legacy/round_05/raw/api/items/cp/001066075/votesex.json,data_raw/cn_official_legacy/round_05/raw/api/items/cp/001066075/votegeo.json,data_raw/cn_official_legacy/round_05/raw/api/items/cp/001066075/votepaper.json,True
5,cp,001068000,data_raw/cn_official_legacy/round_05/raw/api/items/cp/001068000/votedate.json,data_raw/cn_official_legacy/round_05/raw/api/items/cp/001068000/votesex.json,data_raw/cn_official_legacy/round_05/raw/api/items/cp/001068000/votegeo.json,data_raw/cn_official_legacy/round_05/raw/api/items/cp/001068000/votepaper.json,True
5,cp,001072000,data_raw/cn_official_legacy/round_05/raw/api/items/cp/001072000/votedate.json,data_raw/cn_official_legacy/round_05/raw/api/items/cp/001072000/votesex.json,data_raw/cn_official_legacy/round_05/raw/api/items/cp/001072000/votegeo.json,data_raw/cn_official_legacy/round_05/raw/api/items/cp/001072000/votepaper.json,True
5,cp,001077000,data_raw/cn_official_legacy/round_05/raw/api/items/cp/001077000/votedate.json,data_raw/cn_official_legacy/round_05/raw/api/items/cp/001077000/votesex.json,data_raw/cn_official_legacy/round_05/raw/api/items/cp/001077000/votegeo.json,data_raw/cn_official_legacy/round_05/raw/api/items/cp/001077000/votepaper.json,True
5,cp,001079000,data_raw/cn_official_legacy/round_05/raw/api/items/cp/001079000/votedate.json,data_raw/cn_official_legacy/round_05/raw/api/items/cp/001079000/votesex.json,data_raw/cn_official_legacy/round_05/raw/api/items/cp/001079000/votegeo.json,data_raw/cn_official_legacy/round_05/raw/api/items/cp/001079000/votepaper.json,True
5,cp,001081084,data_raw/cn_official_legacy/round_05/raw/api/items/cp/001081084/votedate.json,data_raw/cn_official_legacy/round_05/raw/api/items/cp/001081084/votesex.json,data_raw/cn_official_legacy/round_05/raw/api/items/cp/001081084/votegeo.json,data_raw/cn_official_legacy/round_05/raw/api/items/cp/001081084/votepaper.json,True
5,cp,001084000,data_raw/cn_official_legacy/round_05/raw/api/items/cp/001084000/votedate.json,data_raw/cn_official_legacy/round_05/raw/api/items/cp/001084000/votesex.json,data_raw/cn_official_legacy/round_05/raw/api/items/cp/001084000/votegeo.json,data_raw/cn_official_legacy/round_05/raw/api/items/cp/001084000/votepaper.json,True
5,cp,001084085,data_raw/cn_official_legacy/round_05/raw/api/items/cp/001084085/votedate.json,data_raw/cn_official_legacy/round_05/raw/api/items/cp/001084085/votesex.json,data_raw/cn_official_legacy/round_05/raw/api/items/cp/001084085/votegeo.json,data_raw/cn_official_legacy/round_05/raw/api/items/cp/001084085/votepaper.json,True
5,cp,001085000,data_raw/cn_official_legacy/round_05/raw/api/items/cp/001085000/votedate.json,data_raw/cn_official_legacy/round_05/raw/api/items/cp/001085000/votesex.json,data_raw/cn_official_legacy/round_05/raw/api/items/cp/001085000/votegeo.json,data_raw/cn_official_legacy/round_05/raw/api/items/cp/001085000/votepaper.json,True
5,cp,001087000,data_raw/cn_official_legacy/round_05/raw/api/items/cp/001087000/votedate.json,data_raw/cn_official_legacy/round_05/raw/api/items/cp/001087000/votesex.json,data_raw/cn_official_legacy/round_05/raw/api/items/cp/001087000/votegeo.json,data_raw/cn_official_legacy/round_05/raw/api/items/cp/001087000/votepaper.json,True
5,cp,001087118,data_raw/cn_official_legacy/round_05/raw/api/items/cp/001087118/votedate.json,data_raw/cn_official_legacy/round_05/raw/api/items/cp/001087118/votesex.json,data_raw/cn_official_legacy/round_05/raw/api/items/cp/001087118/votegeo.json,data_raw/cn_official_legacy/round_05/raw/api/items/cp/001087118/votepaper.json,True
5,cp,001108000,data_raw/cn_official_legacy/round_05/raw/api/items/cp/001108000/votedate.json,data_raw/cn_official_legacy/round_05/raw/api/items/cp/001108000/votesex.json,data_raw/cn_official_legacy/round_05/raw/api/items/cp/001108000/votegeo.json,data_raw/cn_official_legacy/round_05/raw/api/items/cp/001108000/votepaper.json,True
5,cp,001110000,data_raw/cn_official_legacy/round_05/raw/api/items/cp/001110000/votedate.json,data_raw/cn_official_legacy/round_05/raw/api/items/cp/001110000/votesex.json,data_raw/cn_official_legacy/round_05/raw/api/items/cp/001110000/votegeo.json,data_raw/cn_official_legacy/round_05/raw/api/items/cp/001110000/votepaper.json,True
5,cp,001120000,data_raw/cn_official_legacy/round_05/raw/api/items/cp/001120000/votedate.json,data_raw/cn_official_legacy/round_05/raw/api/items/cp/001120000/votesex.json,data_raw/cn_official_legacy/round_05/raw/api/items/cp/001120000/votegeo.json,data_raw/cn_official_legacy/round_05/raw/api/items/cp/001120000/votepaper.json,True
5,cp,001134135,data_raw/cn_official_legacy/round_05/raw/api/items/cp/001134135/votedate.json,data_raw/cn_official_legacy/round_05/raw/api/items/cp/001134135/votesex.json,data_raw/cn_official_legacy/round_05/raw/api/items/cp/001134135/votegeo.json,data_raw/cn_official_legacy/round_05/raw/api/items/cp/001134135/votepaper.json,True
5,cp,001134145,data_raw/cn_official_legacy/round_05/raw/api/items/cp/001134145/votedate.json,data_raw/cn_official_legacy/round_05/raw/api/items/cp/001134145/votesex.json,data_raw/cn_official_legacy/round_05/raw/api/items/cp/001134145/votegeo.json,data_raw/cn_official_legacy/round_05/raw/api/items/cp/001134145/votepaper.json,True
5,cp,001136000,data_raw/cn_official_legacy/round_05/raw/api/items/cp/001136000/votedate.json,data_raw/cn_official_legacy/round_05/raw/api/items/cp/001136000/votesex.json,data_raw/cn_official_legacy/round_05/raw/api/items/cp/001136000/votegeo.json,data_raw/cn_official_legacy/round_05/raw/api/items/cp/001136000/votepaper.json,True
5,cp,001136146,data_raw/cn_official_legacy/round_05/raw/api/items/cp/001136146/votedate.json,data_raw/cn_official_legacy/round_05/raw/api/items/cp/001136146/votesex.json,data_raw/cn_official_legacy/round_05/raw/api/items/cp/001136146/votegeo.json,data_raw/cn_official_legacy/round_05/raw/api/items/cp/001136146/votepaper.json,True
5,cp,001137000,data_raw/cn_official_legacy/round_05/raw/api/items/cp/001137000/votedate.json,data_raw/cn_official_legacy/round_05/raw/api/items/cp/001137000/votesex.json,data_raw/cn_official_legacy/round_05/raw/api/items/cp/001137000/votegeo.json,data_raw/cn_official_legacy/round_05/raw/api/items/cp/001137000/votepaper.json,True
5,cp,001143000,data_raw/cn_official_legacy/round_05/raw/api/items/cp/001143000/votedate.json,data_raw/cn_official_legacy/round_05/raw/api/items/cp/001143000/votesex.json,data_raw/cn_official_legacy/round_05/raw/api/items/cp/001143000/votegeo.json,data_raw/cn_official_legacy/round_05/raw/api/items/cp/001143000/votepaper.json,True
5,cp,001145000,data_raw/cn_official_legacy/round_05/raw/api/items/cp/001145000/votedate.json,data_raw/cn_official_legacy/round_05/raw/api/items/cp/001145000/votesex.json,data_raw/cn_official_legacy/round_05/raw/api/items/cp/001145000/votegeo.json,data_raw/cn_official_legacy/round_05/raw/api/items/cp/001145000/votepaper.json,True
5,cp,001146000,data_raw/cn_official_legacy/round_05/raw/api/items/cp/001146000/votedate.json,data_raw/cn_official_legacy/round_05/raw/api/items/cp/001146000/votesex.json,data_raw/cn_official_legacy/round_05/raw/api/items/cp/001146000/votegeo.json,data_raw/cn_official_legacy/round_05/raw/api/items/cp/001146000/votepaper.json,True
5,cp,001146178,data_raw/cn_official_legacy/round_05/raw/api/items/cp/001146178/votedate.json,data_raw/cn_official_legacy/round_05/raw/api/items/cp/001146178/votesex.json,data_raw/cn_official_legacy/round_05/raw/api/items/cp/001146178/votegeo.json,data_raw/cn_official_legacy/round_05/raw/api/items/cp/001146178/votepaper.json,True
5,cp,001178000,data_raw/cn_official_legacy/round_05/raw/api/items/cp/001178000/votedate.json,data_raw/cn_official_legacy/round_05/raw/api/items/cp/001178000/votesex.json,data_raw/cn_official_legacy/round_05/raw/api/items/cp/001178000/votegeo.json,data_raw/cn_official_legacy/round_05/raw/api/items/cp/001178000/votepaper.json,True
5,cp,001185000,data_raw/cn_official_legacy/round_05/raw/api/items/cp/001185000/votedate.json,data_raw/cn_official_legacy/round_05/raw/api/items/cp/001185000/votesex.json,data_raw/cn_official_legacy/round_05/raw/api/items/cp/001185000/votegeo.json,data_raw/cn_official_legacy/round_05/raw/api/items/cp/001185000/votepaper.json,True
5,cp,001193000,data_raw/cn_official_legacy/round_05/raw/api/items/cp/001193000/votedate.json,data_raw/cn_official_legacy/round_05/raw/api/items/cp/001193000/votesex.json,data_raw/cn_official_legacy/round_05/raw/api/items/cp/001193000/votegeo.json,data_raw/cn_official_legacy/round_05/raw/api/items/cp/001193000/votepaper.json,True
5,cp,002002000,data_raw/cn_official_legacy/round_05/raw/api/items/cp/002002000/votedate.json,data_raw/cn_official_legacy/round_05/raw/api/items/cp/002002000/votesex.json,data_raw/cn_official_legacy/round_05/raw/api/items/cp/002002000/votegeo.json,data_raw/cn_official_legacy/round_05/raw/api/items/cp/002002000/votepaper.json,True
5,cp,002004000,data_raw/cn_official_legacy/round_05/raw/api/items/cp/002004000/votedate.json,data_raw/cn_official_legacy/round_05/raw/api/items/cp/002004000/votesex.json,data_raw/cn_official_legacy/round_05/raw/api/items/cp/002004000/votegeo.json,data_raw/cn_official_legacy/round_05/raw/api/items/cp/002004000/votepaper.json,True
5,cp,002004005,data_raw/cn_official_legacy/round_05/raw/api/items/cp/002004005/votedate.json,data_raw/cn_official_legacy/round_05/raw/api/items/cp/002004005/votesex.json,data_raw/cn_official_legacy/round_05/raw/api/items/cp/002004005/votegeo.json,data_raw/cn_official_legacy/round_05/raw/api/items/cp/002004005/votepaper.json,True
5,cp,002005000,data_raw/cn_official_legacy/round_05/raw/api/items/cp/002005000/votedate.json,data_raw/cn_official_legacy/round_05/raw/api/items/cp/002005000/votesex.json,data_raw/cn_official_legacy/round_05/raw/api/items/cp/002005000/votegeo.json,data_raw/cn_official_legacy/round_05/raw/api/items/cp/002005000/votepaper.json,True
5,cp,002005015,data_raw/cn_official_legacy/round_05/raw/api/items/cp/002005015/votedate.json,data_raw/cn_official_legacy/round_05/raw/api/items/cp/002005015/votesex.json,data_raw/cn_official_legacy/round_05/raw/api/items/cp/002005015/votegeo.json,data_raw/cn_official_legacy/round_05/raw/api/items/cp/002005015/votepaper.json,True
5,cp,002007000,data_raw/cn_official_legacy/round_05/raw/api/items/cp/002007000/votedate.json,data_raw/cn_official_legacy/round_05/raw/api/items/cp/002007000/votesex.json,data_raw/cn_official_legacy/round_05/raw/api/items/cp/002007000/votegeo.json,data_raw/cn_official_legacy/round_05/raw/api/items/cp/002007000/votepaper.json,True
5,cp,002007008,data_raw/cn_official_legacy/round_05/raw/api/items/cp/002007008/votedate.json,data_raw/cn_official_legacy/round_05/raw/api/items/cp/002007008/votesex.json,data_raw/cn_official_legacy/round_05/raw/api/items/cp/002007008/votegeo.json,data_raw/cn_official_legacy/round_05/raw/api/items/cp/002007008/votepaper.json,True
5,cp,002008000,data_raw/cn_official_legacy/round_05/raw/api/items/cp/002008000/votedate.json,data_raw/cn_official_legacy/round_05/raw/api/items/cp/002008000/votesex.json,data_raw/cn_official_legacy/round_05/raw/api/items/cp/002008000/votegeo.json,data_raw/cn_official_legacy/round_05/raw/api/items/cp/002008000/votepaper.json,True
5,cp,002008011,data_raw/cn_official_legacy/round_05/raw/api/items/cp/002008011/votedate.json,data_raw/cn_official_legacy/round_05/raw/api/items/cp/002008011/votesex.json,data_raw/cn_official_legacy/round_05/raw/api/items/cp/002008011/votegeo.json,data_raw/cn_official_legacy/round_05/raw/api/items/cp/002008011/votepaper.json,True
5,cp,002008015,data_raw/cn_official_legacy/round_05/raw/api/items/cp/002008015/votedate.json,data_raw/cn_official_legacy/round_05/raw/api/items/cp/002008015/votesex.json,data_raw/cn_official_legacy/round_05/raw/api/items/cp/002008015/votegeo.json,data_raw/cn_official_legacy/round_05/raw/api/items/cp/002008015/votepaper.json,True
5,cp,002008043,data_raw/cn_official_legacy/round_05/raw/api/items/cp/002008043/votedate.json,data_raw/cn_official_legacy/round_05/raw/api/items/cp/002008043/votesex.json,data_raw/cn_official_legacy/round_05/raw/api/items/cp/002008043/votegeo.json,data_raw/cn_official_legacy/round_05/raw/api/items/cp/002008043/votepaper.json,True
5,cp,002008137,data_raw/cn_official_legacy/round_05/raw/api/items/cp/002008137/votedate.json,data_raw/cn_official_legacy/round_05/raw/api/items/cp/002008137/votesex.json,data_raw/cn_official_legacy/round_05/raw/api/items/cp/002008137/votegeo.json,data_raw/cn_official_legacy/round_05/raw/api/items/cp/002008137/votepaper.json,True
5,cp,002009000,data_raw/cn_official_legacy/round_05/raw/api/items/cp/002009000/votedate.json,data_raw/cn_official_legacy/round_05/raw/api/items/cp/002009000/votesex.json,data_raw/cn_official_legacy/round_05/raw/api/items/cp/002009000/votegeo.json,data_raw/cn_official_legacy/round_05/raw/api/items/cp/002009000/votepaper.json,True
5,cp,002009010,data_raw/cn_official_legacy/round_05/raw/api/items/cp/002009010/votedate.json,data_raw/cn_official_legacy/round_05/raw/api/items/cp/002009010/votesex.json,data_raw/cn_official_legacy/round_05/raw/api/items/cp/002009010/votegeo.json,data_raw/cn_official_legacy/round_05/raw/api/items/cp/002009010/votepaper.json,True
5,cp,002009057,data_raw/cn_official_legacy/round_05/raw/api/items/cp/002009057/votedate.json,data_raw/cn_official_legacy/round_05/raw/api/items/cp/002009057/votesex.json,data_raw/cn_official_legacy/round_05/raw/api/items/cp/002009057/votegeo.json,data_raw/cn_official_legacy/round_05/raw/api/items/cp/002009057/votepaper.json,True
5,cp,002010011,data_raw/cn_official_legacy/round_05/raw/api/items/cp/002010011/votedate.json,data_raw/cn_official_legacy/round_05/raw/api/items/cp/002010011/votesex.json,data_raw/cn_official_legacy/round_05/raw/api/items/cp/002010011/votegeo.json,data_raw/cn_official_legacy/round_05/raw/api/items/cp/002010011/votepaper.json,True
5,cp,002010064,data_raw/cn_official_legacy/round_05/raw/api/items/cp/002010064/votedate.json,data_raw/cn_official_legacy/round_05/raw/api/items/cp/002010064/votesex.json,data_raw/cn_official_legacy/round_05/raw/api/items/cp/002010064/votegeo.json,data_raw/cn_official_legacy/round_05/raw/api/items/cp/002010064/votepaper.json,True
5,cp,002011000,data_raw/cn_official_legacy/round_05/raw/api/items/cp/002011000/votedate.json,data_raw/cn_official_legacy/round_05/raw/api/items/cp/002011000/votesex.json,data_raw/cn_official_legacy/round_05/raw/api/items/cp/002011000/votegeo.json,data_raw/cn_official_legacy/round_05/raw/api/items/cp/002011000/votepaper.json,True
5,cp,002011015,data_raw/cn_official_legacy/round_05/raw/api/items/cp/002011015/votedate.json,data_raw/cn_official_legacy/round_05/raw/api/items/cp/002011015/votesex.json,data_raw/cn_official_legacy/round_05/raw/api/items/cp/002011015/votegeo.json,data_raw/cn_official_legacy/round_05/raw/api/items/cp/002011015/votepaper.json,True
5,cp,002011043,data_raw/cn_official_legacy/round_05/raw/api/items/cp/002011043/votedate.json,data_raw/cn_official_legacy/round_05/raw/api/items/cp/002011043/votesex.json,data_raw/cn_official_legacy/round_05/raw/api/items/cp/002011043/votegeo.json,data_raw/cn_official_legacy/round_05/raw/api/items/cp/002011043/votepaper.json,True
5,cp,002011057,data_raw/cn_official_legacy/round_05/raw/api/items/cp/002011057/votedate.json,data_raw/cn_official_legacy/round_05/raw/api/items/cp/002011057/votesex.json,data_raw/cn_official_legacy/round_05/raw/api/items/cp/002011057/votegeo.json,data_raw/cn_official_legacy/round_05/raw/api/items/cp/002011057/votepaper.json,True
5,cp,002015000,data_raw/cn_official_legacy/round_05/raw/api/items/cp/002015000/votedate.json,data_raw/cn_official_legacy/round_05/raw/api/items/cp/002015000/votesex.json,data_raw/cn_official_legacy/round_05/raw/api/items/cp/002015000/votegeo.json,data_raw/cn_official_legacy/round_05/raw/api/items/cp/002015000/votepaper.json,True
5,cp,002015037,data_raw/cn_official_legacy/round_05/raw/api/items/cp/002015037/votedate.json,data_raw/cn_official_legacy/round_05/raw/api/items/cp/002015037/votesex.json,data_raw/cn_official_legacy/round_05/raw/api/items/cp/002015037/votegeo.json,data_raw/cn_official_legacy/round_05/raw/api/items/cp/002015037/votepaper.json,True
5,cp,002015102,data_raw/cn_official_legacy/round_05/raw/api/items/cp/002015102/votedate.json,data_raw/cn_official_legacy/round_05/raw/api/items/cp/002015102/votesex.json,data_raw/cn_official_legacy/round_05/raw/api/items/cp/002015102/votegeo.json,data_raw/cn_official_legacy/round_05/raw/api/items/cp/002015102/votepaper.json,True
5,cp,002015133,data_raw/cn_official_legacy/round_05/raw/api/items/cp/002015133/votedate.json,data_raw/cn_official_legacy/round_05/raw/api/items/cp/002015133/votesex.json,data_raw/cn_official_legacy/round_05/raw/api/items/cp/002015133/votegeo.json,data_raw/cn_official_legacy/round_05/raw/api/items/cp/002015133/votepaper.json,True
5,cp,002015183,data_raw/cn_official_legacy/round_05/raw/api/items/cp/002015183/votedate.json,data_raw/cn_official_legacy/round_05/raw/api/items/cp/002015183/votesex.json,data_raw/cn_official_legacy/round_05/raw/api/items/cp/002015183/votegeo.json,data_raw/cn_official_legacy/round_05/raw/api/items/cp/002015183/votepaper.json,True
5,cp,002020000,data_raw/cn_official_legacy/round_05/raw/api/items/cp/002020000/votedate.json,data_raw/cn_official_legacy/round_05/raw/api/items/cp/002020000/votesex.json,data_raw/cn_official_legacy/round_05/raw/api/items/cp/002020000/votegeo.json,data_raw/cn_official_legacy/round_05/raw/api/items/cp/002020000/votepaper.json,True
5,cp,002020021,data_raw/cn_official_legacy/round_05/raw/api/items/cp/002020021/votedate.json,data_raw/cn_official_legacy/round_05/raw/api/items/cp/002020021/votesex.json,data_raw/cn_official_legacy/round_05/raw/api/items/cp/002020021/votegeo.json,data_raw/cn_official_legacy/round_05/raw/api/items/cp/002020021/votepaper.json,True
5,cp,002020137,data_raw/cn_official_legacy/round_05/raw/api/items/cp/002020137/votedate.json,data_raw/cn_official_legacy/round_05/raw/api/items/cp/002020137/votesex.json,data_raw/cn_official_legacy/round_05/raw/api/items/cp/002020137/votegeo.json,data_raw/cn_official_legacy/round_05/raw/api/items/cp/002020137/votepaper.json,True
5,cp,002021023,data_raw/cn_official_legacy/round_05/raw/api/items/cp/002021023/votedate.json,data_raw/cn_official_legacy/round_05/raw/api/items/cp/002021023/votesex.json,data_raw/cn_official_legacy/round_05/raw/api/items/cp/002021023/votegeo.json,data_raw/cn_official_legacy/round_05/raw/api/items/cp/002021023/votepaper.json,True
5,cp,002023000,data_raw/cn_official_legacy/round_05/raw/api/items/cp/002023000/votedate.json,data_raw/cn_official_legacy/round_05/raw/api/items/cp/002023000/votesex.json,data_raw/cn_official_legacy/round_05/raw/api/items/cp/002023000/votegeo.json,data_raw/cn_official_legacy/round_05/raw/api/items/cp/002023000/votepaper.json,True
5,cp,002029000,data_raw/cn_official_legacy/round_05/raw/api/items/cp/002029000/votedate.json,data_raw/cn_official_legacy/round_05/raw/api/items/cp/002029000/votesex.json,data_raw/cn_official_legacy/round_05/raw/api/items/cp/002029000/votegeo.json,data_raw/cn_official_legacy/round_05/raw/api/items/cp/002029000/votepaper.json,True
5,cp,002029137,data_raw/cn_official_legacy/round_05/raw/api/items/cp/002029137/votedate.json,data_raw/cn_official_legacy/round_05/raw/api/items/cp/002029137/votesex.json,data_raw/cn_official_legacy/round_05/raw/api/items/cp/002029137/votegeo.json,data_raw/cn_official_legacy/round_05/raw/api/items/cp/002029137/votepaper.json,True
5,cp,002034000,data_raw/cn_official_legacy/round_05/raw/api/items/cp/002034000/votedate.json,data_raw/cn_official_legacy/round_05/raw/api/items/cp/002034000/votesex.json,data_raw/cn_official_legacy/round_05/raw/api/items/cp/002034000/votegeo.json,data_raw/cn_official_legacy/round_05/raw/api/items/cp/002034000/votepaper.json,True
5,cp,002034056,data_raw/cn_official_legacy/round_05/raw/api/items/cp/002034056/votedate.json,data_raw/cn_official_legacy/round_05/raw/api/items/cp/002034056/votesex.json,data_raw/cn_official_legacy/round_05/raw/api/items/cp/002034056/votegeo.json,data_raw/cn_official_legacy/round_05/raw/api/items/cp/002034056/votepaper.json,True
5,cp,002035000,data_raw/cn_official_legacy/round_05/raw/api/items/cp/002035000/votedate.json,data_raw/cn_official_legacy/round_05/raw/api/items/cp/002035000/votesex.json,data_raw/cn_official_legacy/round_05/raw/api/items/cp/002035000/votegeo.json,data_raw/cn_official_legacy/round_05/raw/api/items/cp/002035000/votepaper.json,True
5,cp,002035049,data_raw/cn_official_legacy/round_05/raw/api/items/cp/002035049/votedate.json,data_raw/cn_official_legacy/round_05/raw/api/items/cp/002035049/votesex.json,data_raw/cn_official_legacy/round_05/raw/api/items/cp/002035049/votegeo.json,data_raw/cn_official_legacy/round_05/raw/api/items/cp/002035049/votepaper.json,True
5,cp,002035056,data_raw/cn_official_legacy/round_05/raw/api/items/cp/002035056/votedate.json,data_raw/cn_official_legacy/round_05/raw/api/items/cp/002035056/votesex.json,data_raw/cn_official_legacy/round_05/raw/api/items/cp/002035056/votegeo.json,data_raw/cn_official_legacy/round_05/raw/api/items/cp/002035056/votepaper.json,True
5,cp,002035081,data_raw/cn_official_legacy/round_05/raw/api/items/cp/002035081/votedate.json,data_raw/cn_official_legacy/round_05/raw/api/items/cp/002035081/votesex.json,data_raw/cn_official_legacy/round_05/raw/api/items/cp/002035081/votegeo.json,data_raw/cn_official_legacy/round_05/raw/api/items/cp/002035081/votepaper.json,True
5,cp,002037000,data_raw/cn_official_legacy/round_05/raw/api/items/cp/002037000/votedate.json,data_raw/cn_official_legacy/round_05/raw/api/items/cp/002037000/votesex.json,data_raw/cn_official_legacy/round_05/raw/api/items/cp/002037000/votegeo.json,data_raw/cn_official_legacy/round_05/raw/api/items/cp/002037000/votepaper.json,True
5,cp,002037056,data_raw/cn_official_legacy/round_05/raw/api/items/cp/002037056/votedate.json,data_raw/cn_official_legacy/round_05/raw/api/items/cp/002037056/votesex.json,data_raw/cn_official_legacy/round_05/raw/api/items/cp/002037056/votegeo.json,data_raw/cn_official_legacy/round_05/raw/api/items/cp/002037056/votepaper.json,True
5,cp,002037102,data_raw/cn_official_legacy/round_05/raw/api/items/cp/002037102/votedate.json,data_raw/cn_official_legacy/round_05/raw/api/items/cp/002037102/votesex.json,data_raw/cn_official_legacy/round_05/raw/api/items/cp/002037102/votegeo.json,data_raw/cn_official_legacy/round_05/raw/api/items/cp/002037102/votepaper.json,True
5,cp,002038000,data_raw/cn_official_legacy/round_05/raw/api/items/cp/002038000/votedate.json,data_raw/cn_official_legacy/round_05/raw/api/items/cp/002038000/votesex.json,data_raw/cn_official_legacy/round_05/raw/api/items/cp/002038000/votegeo.json,data_raw/cn_official_legacy/round_05/raw/api/items/cp/002038000/votepaper.json,True
5,cp,002042043,data_raw/cn_official_legacy/round_05/raw/api/items/cp/002042043/votedate.json,data_raw/cn_official_legacy/round_05/raw/api/items/cp/002042043/votesex.json,data_raw/cn_official_legacy/round_05/raw/api/items/cp/002042043/votegeo.json,data_raw/cn_official_legacy/round_05/raw/api/items/cp/002042043/votepaper.json,True
5,cp,002043000,data_raw/cn_official_legacy/round_05/raw/api/items/cp/002043000/votedate.json,data_raw/cn_official_legacy/round_05/raw/api/items/cp/002043000/votesex.json,data_raw/cn_official_legacy/round_05/raw/api/items/cp/002043000/votegeo.json,data_raw/cn_official_legacy/round_05/raw/api/items/cp/002043000/votepaper.json,True
5,cp,002045000,data_raw/cn_official_legacy/round_05/raw/api/items/cp/002045000/votedate.json,data_raw/cn_official_legacy/round_05/raw/api/items/cp/002045000/votesex.json,data_raw/cn_official_legacy/round_05/raw/api/items/cp/002045000/votegeo.json,data_raw/cn_official_legacy/round_05/raw/api/items/cp/002045000/votepaper.json,True
5,cp,002046000,data_raw/cn_official_legacy/round_05/raw/api/items/cp/002046000/votedate.json,data_raw/cn_official_legacy/round_05/raw/api/items/cp/002046000/votesex.json,data_raw/cn_official_legacy/round_05/raw/api/items/cp/002046000/votegeo.json,data_raw/cn_official_legacy/round_05/raw/api/items/cp/002046000/votepaper.json,True
5,cp,002056081,data_raw/cn_official_legacy/round_05/raw/api/items/cp/002056081/votedate.json,data_raw/cn_official_legacy/round_05/raw/api/items/cp/002056081/votesex.json,data_raw/cn_official_legacy/round_05/raw/api/items/cp/002056081/votegeo.json,data_raw/cn_official_legacy/round_05/raw/api/items/cp/002056081/votepaper.json,True
5,cp,002057000,data_raw/cn_official_legacy/round_05/raw/api/items/cp/002057000/votedate.json,data_raw/cn_official_legacy/round_05/raw/api/items/cp/002057000/votesex.json,data_raw/cn_official_legacy/round_05/raw/api/items/cp/002057000/votegeo.json,data_raw/cn_official_legacy/round_05/raw/api/items/cp/002057000/votepaper.json,True
5,cp,002064000,data_raw/cn_official_legacy/round_05/raw/api/items/cp/002064000/votedate.json,data_raw/cn_official_legacy/round_05/raw/api/items/cp/002064000/votesex.json,data_raw/cn_official_legacy/round_05/raw/api/items/cp/002064000/votegeo.json,data_raw/cn_official_legacy/round_05/raw/api/items/cp/002064000/votepaper.json,True
5,cp,002067079,data_raw/cn_official_legacy/round_05/raw/api/items/cp/002067079/votedate.json,data_raw/cn_official_legacy/round_05/raw/api/items/cp/002067079/votesex.json,data_raw/cn_official_legacy/round_05/raw/api/items/cp/002067079/votegeo.json,data_raw/cn_official_legacy/round_05/raw/api/items/cp/002067079/votepaper.json,True
5,cp,002076000,data_raw/cn_official_legacy/round_05/raw/api/items/cp/002076000/votedate.json,data_raw/cn_official_legacy/round_05/raw/api/items/cp/002076000/votesex.json,data_raw/cn_official_legacy/round_05/raw/api/items/cp/002076000/votegeo.json,data_raw/cn_official_legacy/round_05/raw/api/items/cp/002076000/votepaper.json,True
5,cp,002102000,data_raw/cn_official_legacy/round_05/raw/api/items/cp/002102000/votedate.json,data_raw/cn_official_legacy/round_05/raw/api/items/cp/002102000/votesex.json,data_raw/cn_official_legacy/round_05/raw/api/items/cp/002102000/votegeo.json,data_raw/cn_official_legacy/round_05/raw/api/items/cp/002102000/votepaper.json,True
5,cp,002102137,data_raw/cn_official_legacy/round_05/raw/api/items/cp/002102137/votedate.json,data_raw/cn_official_legacy/round_05/raw/api/items/cp/002102137/votesex.json,data_raw/cn_official_legacy/round_05/raw/api/items/cp/002102137/votegeo.json,data_raw/cn_official_legacy/round_05/raw/api/items/cp/002102137/votepaper.json,True
5,cp,002114000,data_raw/cn_official_legacy/round_05/raw/api/items/cp/002114000/votedate.json,data_raw/cn_official_legacy/round_05/raw/api/items/cp/002114000/votesex.json,data_raw/cn_official_legacy/round_05/raw/api/items/cp/002114000/votegeo.json,data_raw/cn_official_legacy/round_05/raw/api/items/cp/002114000/votepaper.json,True
5,cp,002118000,data_raw/cn_official_legacy/round_05/raw/api/items/cp/002118000/votedate.json,data_raw/cn_official_legacy/round_05/raw/api/items/cp/002118000/votesex.json,data_raw/cn_official_legacy/round_05/raw/api/items/cp/002118000/votegeo.json,data_raw/cn_official_legacy/round_05/raw/api/items/cp/002118000/votepaper.json,True
5,cp,002119000,data_raw/cn_official_legacy/round_05/raw/api/items/cp/002119000/votedate.json,data_raw/cn_official_legacy/round_05/raw/api/items/cp/002119000/votesex.json,data_raw/cn_official_legacy/round_05/raw/api/items/cp/002119000/votegeo.json,data_raw/cn_official_legacy/round_05/raw/api/items/cp/002119000/votepaper.json,True
5,cp,002137000,data_raw/cn_official_legacy/round_05/raw/api/items/cp/002137000/votedate.json,data_raw/cn_official_legacy/round_05/raw/api/items/cp/002137000/votesex.json,data_raw/cn_official_legacy/round_05/raw/api/items/cp/002137000/votegeo.json,data_raw/cn_official_legacy/round_05/raw/api/items/cp/002137000/votepaper.json,True
5,cp,002137138,data_raw/cn_official_legacy/round_05/raw/api/items/cp/002137138/votedate.json,data_raw/cn_official_legacy/round_05/raw/api/items/cp/002137138/votesex.json,data_raw/cn_official_legacy/round_05/raw/api/items/cp/002137138/votegeo.json,data_raw/cn_official_legacy/round_05/raw/api/items/cp/002137138/votepaper.json,True
5,cp,002146000,data_raw/cn_official_legacy/round_05/raw/api/items/cp/002146000/votedate.json,data_raw/cn_official_legacy/round_05/raw/api/items/cp/002146000/votesex.json,data_raw/cn_official_legacy/round_05/raw/api/items/cp/002146000/votegeo.json,data_raw/cn_official_legacy/round_05/raw/api/items/cp/002146000/votepaper.json,True
5,cp,002196000,data_raw/cn_official_legacy/round_05/raw/api/items/cp/002196000/votedate.json,data_raw/cn_official_legacy/round_05/raw/api/items/cp/002196000/votesex.json,data_raw/cn_official_legacy/round_05/raw/api/items/cp/002196000/votegeo.json,data_raw/cn_official_legacy/round_05/raw/api/items/cp/002196000/votepaper.json,True
5,cp,003003000,data_raw/cn_official_legacy/round_05/raw/api/items/cp/003003000/votedate.json,data_raw/cn_official_legacy/round_05/raw/api/items/cp/003003000/votesex.json,data_raw/cn_official_legacy/round_05/raw/api/items/cp/003003000/votegeo.json,data_raw/cn_official_legacy/round_05/raw/api/items/cp/003003000/votepaper.json,True
5,cp,003004000,data_raw/cn_official_legacy/round_05/raw/api/items/cp/003004000/votedate.json,data_raw/cn_official_legacy/round_05/raw/api/items/cp/003004000/votesex.json,data_raw/cn_official_legacy/round_05/raw/api/items/cp/003004000/votegeo.json,data_raw/cn_official_legacy/round_05/raw/api/items/cp/003004000/votepaper.json,True
5,cp,003004005,data_raw/cn_official_legacy/round_05/raw/api/items/cp/003004005/votedate.json,data_raw/cn_official_legacy/round_05/raw/api/items/cp/003004005/votesex.json,data_raw/cn_official_legacy/round_05/raw/api/items/cp/003004005/votegeo.json,data_raw/cn_official_legacy/round_05/raw/api/items/cp/003004005/votepaper.json,True
5,cp,003004012,data_raw/cn_official_legacy/round_05/raw/api/items/cp/003004012/votedate.json,data_raw/cn_official_legacy/round_05/raw/api/items/cp/003004012/votesex.json,data_raw/cn_official_legacy/round_05/raw/api/items/cp/003004012/votegeo.json,data_raw/cn_official_legacy/round_05/raw/api/items/cp/003004012/votepaper.json,True
5,cp,003005000,data_raw/cn_official_legacy/round_05/raw/api/items/cp/003005000/votedate.json,data_raw/cn_official_legacy/round_05/raw/api/items/cp/003005000/votesex.json,data_raw/cn_official_legacy/round_05/raw/api/items/cp/003005000/votegeo.json,data_raw/cn_official_legacy/round_05/raw/api/items/cp/003005000/votepaper.json,True
5,cp,003005006,data_raw/cn_official_legacy/round_05/raw/api/items/cp/003005006/votedate.json,data_raw/cn_official_legacy/round_05/raw/api/items/cp/003005006/votesex.json,data_raw/cn_official_legacy/round_05/raw/api/items/cp/003005006/votegeo.json,data_raw/cn_official_legacy/round_05/raw/api/items/cp/003005006/votepaper.json,True
5,cp,003005026,data_raw/cn_official_legacy/round_05/raw/api/items/cp/003005026/votedate.json,data_raw/cn_official_legacy/round_05/raw/api/items/cp/003005026/votesex.json,data_raw/cn_official_legacy/round_05/raw/api/items/cp/003005026/votegeo.json,data_raw/cn_official_legacy/round_05/raw/api/items/cp/003005026/votepaper.json,True
5,cp,003005027,data_raw/cn_official_legacy/round_05/raw/api/items/cp/003005027/votedate.json,data_raw/cn_official_legacy/round_05/raw/api/items/cp/003005027/votesex.json,data_raw/cn_official_legacy/round_05/raw/api/items/cp/003005027/votegeo.json,data_raw/cn_official_legacy/round_05/raw/api/items/cp/003005027/votepaper.json,True
5,cp,003005028,data_raw/cn_official_legacy/round_05/raw/api/items/cp/003005028/votedate.json,data_raw/cn_official_legacy/round_05/raw/api/items/cp/003005028/votesex.json,data_raw/cn_official_legacy/round_05/raw/api/items/cp/003005028/votegeo.json,data_raw/cn_official_legacy/round_05/raw/api/items/cp/003005028/votepaper.json,True
5,cp,003005034,data_raw/cn_official_legacy/round_05/raw/api/items/cp/003005034/votedate.json,data_raw/cn_official_legacy/round_05/raw/api/items/cp/003005034/votesex.json,data_raw/cn_official_legacy/round_05/raw/api/items/cp/003005034/votegeo.json,data_raw/cn_official_legacy/round_05/raw/api/items/cp/003005034/votepaper.json,True
5,cp,003005056,data_raw/cn_official_legacy/round_05/raw/api/items/cp/003005056/votedate.json,data_raw/cn_official_legacy/round_05/raw/api/items/cp/003005056/votesex.json,data_raw/cn_official_legacy/round_05/raw/api/items/cp/003005056/votegeo.json,data_raw/cn_official_legacy/round_05/raw/api/items/cp/003005056/votepaper.json,True
5,cp,003007000,data_raw/cn_official_legacy/round_05/raw/api/items/cp/003007000/votedate.json,data_raw/cn_official_legacy/round_05/raw/api/items/cp/003007000/votesex.json,data_raw/cn_official_legacy/round_05/raw/api/items/cp/003007000/votegeo.json,data_raw/cn_official_legacy/round_05/raw/api/items/cp/003007000/votepaper.json,True
5,cp,003009000,data_raw/cn_official_legacy/round_05/raw/api/items/cp/003009000/votedate.json,data_raw/cn_official_legacy/round_05/raw/api/items/cp/003009000/votesex.json,data_raw/cn_official_legacy/round_05/raw/api/items/cp/003009000/votegeo.json,data_raw/cn_official_legacy/round_05/raw/api/items/cp/003009000/votepaper.json,True
5,cp,003009011,data_raw/cn_official_legacy/round_05/raw/api/items/cp/003009011/votedate.json,data_raw/cn_official_legacy/round_05/raw/api/items/cp/003009011/votesex.json,data_raw/cn_official_legacy/round_05/raw/api/items/cp/003009011/votegeo.json,data_raw/cn_official_legacy/round_05/raw/api/items/cp/003009011/votepaper.json,True
5,cp,003010000,data_raw/cn_official_legacy/round_05/raw/api/items/cp/003010000/votedate.json,data_raw/cn_official_legacy/round_05/raw/api/items/cp/003010000/votesex.json,data_raw/cn_official_legacy/round_05/raw/api/items/cp/003010000/votegeo.json,data_raw/cn_official_legacy/round_05/raw/api/items/cp/003010000/votepaper.json,True
5,cp,003010011,data_raw/cn_official_legacy/round_05/raw/api/items/cp/003010011/votedate.json,data_raw/cn_official_legacy/round_05/raw/api/items/cp/003010011/votesex.json,data_raw/cn_official_legacy/round_05/raw/api/items/cp/003010011/votegeo.json,data_raw/cn_official_legacy/round_05/raw/api/items/cp/003010011/votepaper.json,True
5,cp,003010054,data_raw/cn_official_legacy/round_05/raw/api/items/cp/003010054/votedate.json,data_raw/cn_official_legacy/round_05/raw/api/items/cp/003010054/votesex.json,data_raw/cn_official_legacy/round_05/raw/api/items/cp/003010054/votegeo.json,data_raw/cn_official_legacy/round_05/raw/api/items/cp/003010054/votepaper.json,True
5,cp,003011000,data_raw/cn_official_legacy/round_05/raw/api/items/cp/003011000/votedate.json,data_raw/cn_official_legacy/round_05/raw/api/items/cp/003011000/votesex.json,data_raw/cn_official_legacy/round_05/raw/api/items/cp/003011000/votegeo.json,data_raw/cn_official_legacy/round_05/raw/api/items/cp/003011000/votepaper.json,True
5,cp,003015000,data_raw/cn_official_legacy/round_05/raw/api/items/cp/003015000/votedate.json,data_raw/cn_official_legacy/round_05/raw/api/items/cp/003015000/votesex.json,data_raw/cn_official_legacy/round_05/raw/api/items/cp/003015000/votegeo.json,data_raw/cn_official_legacy/round_05/raw/api/items/cp/003015000/votepaper.json,True
5,cp,003020000,data_raw/cn_official_legacy/round_05/raw/api/items/cp/003020000/votedate.json,data_raw/cn_official_legacy/round_05/raw/api/items/cp/003020000/votesex.json,data_raw/cn_official_legacy/round_05/raw/api/items/cp/003020000/votegeo.json,data_raw/cn_official_legacy/round_05/raw/api/items/cp/003020000/votepaper.json,True
5,cp,003021023,data_raw/cn_official_legacy/round_05/raw/api/items/cp/003021023/votedate.json,data_raw/cn_official_legacy/round_05/raw/api/items/cp/003021023/votesex.json,data_raw/cn_official_legacy/round_05/raw/api/items/cp/003021023/votegeo.json,data_raw/cn_official_legacy/round_05/raw/api/items/cp/003021023/votepaper.json,True
5,cp,003021028,data_raw/cn_official_legacy/round_05/raw/api/items/cp/003021028/votedate.json,data_raw/cn_official_legacy/round_05/raw/api/items/cp/003021028/votesex.json,data_raw/cn_official_legacy/round_05/raw/api/items/cp/003021028/votegeo.json,data_raw/cn_official_legacy/round_05/raw/api/items/cp/003021028/votepaper.json,True
5,cp,003021071,data_raw/cn_official_legacy/round_05/raw/api/items/cp/003021071/votedate.json,data_raw/cn_official_legacy/round_05/raw/api/items/cp/003021071/votesex.json,data_raw/cn_official_legacy/round_05/raw/api/items/cp/003021071/votegeo.json,data_raw/cn_official_legacy/round_05/raw/api/items/cp/003021071/votepaper.json,True
5,cp,003023000,data_raw/cn_official_legacy/round_05/raw/api/items/cp/003023000/votedate.json,data_raw/cn_official_legacy/round_05/raw/api/items/cp/003023000/votesex.json,data_raw/cn_official_legacy/round_05/raw/api/items/cp/003023000/votegeo.json,data_raw/cn_official_legacy/round_05/raw/api/items/cp/003023000/votepaper.json,True
5,cp,003024124,data_raw/cn_official_legacy/round_05/raw/api/items/cp/003024124/votedate.json,data_raw/cn_official_legacy/round_05/raw/api/items/cp/003024124/votesex.json,data_raw/cn_official_legacy/round_05/raw/api/items/cp/003024124/votegeo.json,data_raw/cn_official_legacy/round_05/raw/api/items/cp/003024124/votepaper.json,True
5,cp,003027028,data_raw/cn_official_legacy/round_05/raw/api/items/cp/003027028/votedate.json,data_raw/cn_official_legacy/round_05/raw/api/items/cp/003027028/votesex.json,data_raw/cn_official_legacy/round_05/raw/api/items/cp/003027028/votegeo.json,data_raw/cn_official_legacy/round_05/raw/api/items/cp/003027028/votepaper.json,True
5,cp,003028000,data_raw/cn_official_legacy/round_05/raw/api/items/cp/003028000/votedate.json,data_raw/cn_official_legacy/round_05/raw/api/items/cp/003028000/votesex.json,data_raw/cn_official_legacy/round_05/raw/api/items/cp/003028000/votegeo.json,data_raw/cn_official_legacy/round_05/raw/api/items/cp/003028000/votepaper.json,True
5,cp,003031039,data_raw/cn_official_legacy/round_05/raw/api/items/cp/003031039/votedate.json,data_raw/cn_official_legacy/round_05/raw/api/items/cp/003031039/votesex.json,data_raw/cn_official_legacy/round_05/raw/api/items/cp/003031039/votegeo.json,data_raw/cn_official_legacy/round_05/raw/api/items/cp/003031039/votepaper.json,True
5,cp,003035124,data_raw/cn_official_legacy/round_05/raw/api/items/cp/003035124/votedate.json,data_raw/cn_official_legacy/round_05/raw/api/items/cp/003035124/votesex.json,data_raw/cn_official_legacy/round_05/raw/api/items/cp/003035124/votegeo.json,data_raw/cn_official_legacy/round_05/raw/api/items/cp/003035124/votepaper.json,True
5,cp,003037000,data_raw/cn_official_legacy/round_05/raw/api/items/cp/003037000/votedate.json,data_raw/cn_official_legacy/round_05/raw/api/items/cp/003037000/votesex.json,data_raw/cn_official_legacy/round_05/raw/api/items/cp/003037000/votegeo.json,data_raw/cn_official_legacy/round_05/raw/api/items/cp/003037000/votepaper.json,True
5,cp,003080000,data_raw/cn_official_legacy/round_05/raw/api/items/cp/003080000/votedate.json,data_raw/cn_official_legacy/round_05/raw/api/items/cp/003080000/votesex.json,data_raw/cn_official_legacy/round_05/raw/api/items/cp/003080000/votegeo.json,data_raw/cn_official_legacy/round_05/raw/api/items/cp/003080000/votepaper.json,True
5,cp,003084097,data_raw/cn_official_legacy/round_05/raw/api/items/cp/003084097/votedate.json,data_raw/cn_official_legacy/round_05/raw/api/items/cp/003084097/votesex.json,data_raw/cn_official_legacy/round_05/raw/api/items/cp/003084097/votegeo.json,data_raw/cn_official_legacy/round_05/raw/api/items/cp/003084097/votepaper.json,True
5,cp,003104142,data_raw/cn_official_legacy/round_05/raw/api/items/cp/003104142/votedate.json,data_raw/cn_official_legacy/round_05/raw/api/items/cp/003104142/votesex.json,data_raw/cn_official_legacy/round_05/raw/api/items/cp/003104142/votegeo.json,data_raw/cn_official_legacy/round_05/raw/api/items/cp/003104142/votepaper.json,True
5,cp,004004000,data_raw/cn_official_legacy/round_05/raw/api/items/cp/004004000/votedate.json,data_raw/cn_official_legacy/round_05/raw/api/items/cp/004004000/votesex.json,data_raw/cn_official_legacy/round_05/raw/api/items/cp/004004000/votegeo.json,data_raw/cn_official_legacy/round_05/raw/api/items/cp/004004000/votepaper.json,True
5,cp,004005000,data_raw/cn_official_legacy/round_05/raw/api/items/cp/004005000/votedate.json,data_raw/cn_official_legacy/round_05/raw/api/items/cp/004005000/votesex.json,data_raw/cn_official_legacy/round_05/raw/api/items/cp/004005000/votegeo.json,data_raw/cn_official_legacy/round_05/raw/api/items/cp/004005000/votepaper.json,True
5,cp,004005006,data_raw/cn_official_legacy/round_05/raw/api/items/cp/004005006/votedate.json,data_raw/cn_official_legacy/round_05/raw/api/items/cp/004005006/votesex.json,data_raw/cn_official_legacy/round_05/raw/api/items/cp/004005006/votegeo.json,data_raw/cn_official_legacy/round_05/raw/api/items/cp/004005006/votepaper.json,True
5,cp,004005007,data_raw/cn_official_legacy/round_05/raw/api/items/cp/004005007/votedate.json,data_raw/cn_official_legacy/round_05/raw/api/items/cp/004005007/votesex.json,data_raw/cn_official_legacy/round_05/raw/api/items/cp/004005007/votegeo.json,data_raw/cn_official_legacy/round_05/raw/api/items/cp/004005007/votepaper.json,True
5,cp,004005009,data_raw/cn_official_legacy/round_05/raw/api/items/cp/004005009/votedate.json,data_raw/cn_official_legacy/round_05/raw/api/items/cp/004005009/votesex.json,data_raw/cn_official_legacy/round_05/raw/api/items/cp/004005009/votegeo.json,data_raw/cn_official_legacy/round_05/raw/api/items/cp/004005009/votepaper.json,True
5,cp,004005013,data_raw/cn_official_legacy/round_05/raw/api/items/cp/004005013/votedate.json,data_raw/cn_official_legacy/round_05/raw/api/items/cp/004005013/votesex.json,data_raw/cn_official_legacy/round_05/raw/api/items/cp/004005013/votegeo.json,data_raw/cn_official_legacy/round_05/raw/api/items/cp/004005013/votepaper.json,True
5,cp,004005014,data_raw/cn_official_legacy/round_05/raw/api/items/cp/004005014/votedate.json,data_raw/cn_official_legacy/round_05/raw/api/items/cp/004005014/votesex.json,data_raw/cn_official_legacy/round_05/raw/api/items/cp/004005014/votegeo.json,data_raw/cn_official_legacy/round_05/raw/api/items/cp/004005014/votepaper.json,True
5,cp,004005016,data_raw/cn_official_legacy/round_05/raw/api/items/cp/004005016/votedate.json,data_raw/cn_official_legacy/round_05/raw/api/items/cp/004005016/votesex.json,data_raw/cn_official_legacy/round_05/raw/api/items/cp/004005016/votegeo.json,data_raw/cn_official_legacy/round_05/raw/api/items/cp/004005016/votepaper.json,True
5,cp,004005027,data_raw/cn_official_legacy/round_05/raw/api/items/cp/004005027/votedate.json,data_raw/cn_official_legacy/round_05/raw/api/items/cp/004005027/votesex.json,data_raw/cn_official_legacy/round_05/raw/api/items/cp/004005027/votegeo.json,data_raw/cn_official_legacy/round_05/raw/api/items/cp/004005027/votepaper.json,True
5,cp,004005028,data_raw/cn_official_legacy/round_05/raw/api/items/cp/004005028/votedate.json,data_raw/cn_official_legacy/round_05/raw/api/items/cp/004005028/votesex.json,data_raw/cn_official_legacy/round_05/raw/api/items/cp/004005028/votegeo.json,data_raw/cn_official_legacy/round_05/raw/api/items/cp/004005028/votepaper.json,True
5,cp,004005037,data_raw/cn_official_legacy/round_05/raw/api/items/cp/004005037/votedate.json,data_raw/cn_official_legacy/round_05/raw/api/items/cp/004005037/votesex.json,data_raw/cn_official_legacy/round_05/raw/api/items/cp/004005037/votegeo.json,data_raw/cn_official_legacy/round_05/raw/api/items/cp/004005037/votepaper.json,True
5,cp,004005043,data_raw/cn_official_legacy/round_05/raw/api/items/cp/004005043/votedate.json,data_raw/cn_official_legacy/round_05/raw/api/items/cp/004005043/votesex.json,data_raw/cn_official_legacy/round_05/raw/api/items/cp/004005043/votegeo.json,data_raw/cn_official_legacy/round_05/raw/api/items/cp/004005043/votepaper.json,True
5,cp,004005047,data_raw/cn_official_legacy/round_05/raw/api/items/cp/004005047/votedate.json,data_raw/cn_official_legacy/round_05/raw/api/items/cp/004005047/votesex.json,data_raw/cn_official_legacy/round_05/raw/api/items/cp/004005047/votegeo.json,data_raw/cn_official_legacy/round_05/raw/api/items/cp/004005047/votepaper.json,True
5,cp,004005098,data_raw/cn_official_legacy/round_05/raw/api/items/cp/004005098/votedate.json,data_raw/cn_official_legacy/round_05/raw/api/items/cp/004005098/votesex.json,data_raw/cn_official_legacy/round_05/raw/api/items/cp/004005098/votegeo.json,data_raw/cn_official_legacy/round_05/raw/api/items/cp/004005098/votepaper.json,True
5,cp,004005137,data_raw/cn_official_legacy/round_05/raw/api/items/cp/004005137/votedate.json,data_raw/cn_official_legacy/round_05/raw/api/items/cp/004005137/votesex.json,data_raw/cn_official_legacy/round_05/raw/api/items/cp/004005137/votegeo.json,data_raw/cn_official_legacy/round_05/raw/api/items/cp/004005137/votepaper.json,True
5,cp,004007000,data_raw/cn_official_legacy/round_05/raw/api/items/cp/004007000/votedate.json,data_raw/cn_official_legacy/round_05/raw/api/items/cp/004007000/votesex.json,data_raw/cn_official_legacy/round_05/raw/api/items/cp/004007000/votegeo.json,data_raw/cn_official_legacy/round_05/raw/api/items/cp/004007000/votepaper.json,True
5,cp,004007138,data_raw/cn_official_legacy/round_05/raw/api/items/cp/004007138/votedate.json,data_raw/cn_official_legacy/round_05/raw/api/items/cp/004007138/votesex.json,data_raw/cn_official_legacy/round_05/raw/api/items/cp/004007138/votegeo.json,data_raw/cn_official_legacy/round_05/raw/api/items/cp/004007138/votepaper.json,True
5,cp,004008011,data_raw/cn_official_legacy/round_05/raw/api/items/cp/004008011/votedate.json,data_raw/cn_official_legacy/round_05/raw/api/items/cp/004008011/votesex.json,data_raw/cn_official_legacy/round_05/raw/api/items/cp/004008011/votegeo.json,data_raw/cn_official_legacy/round_05/raw/api/items/cp/004008011/votepaper.json,True
5,cp,004008085,data_raw/cn_official_legacy/round_05/raw/api/items/cp/004008085/votedate.json,data_raw/cn_official_legacy/round_05/raw/api/items/cp/004008085/votesex.json,data_raw/cn_official_legacy/round_05/raw/api/items/cp/004008085/votegeo.json,data_raw/cn_official_legacy/round_05/raw/api/items/cp/004008085/votepaper.json,True
5,cp,004013014,data_raw/cn_official_legacy/round_05/raw/api/items/cp/004013014/votedate.json,data_raw/cn_official_legacy/round_05/raw/api/items/cp/004013014/votesex.json,data_raw/cn_official_legacy/round_05/raw/api/items/cp/004013014/votegeo.json,data_raw/cn_official_legacy/round_05/raw/api/items/cp/004013014/votepaper.json,True
5,cp,004016000,data_raw/cn_official_legacy/round_05/raw/api/items/cp/004016000/votedate.json,data_raw/cn_official_legacy/round_05/raw/api/items/cp/004016000/votesex.json,data_raw/cn_official_legacy/round_05/raw/api/items/cp/004016000/votegeo.json,data_raw/cn_official_legacy/round_05/raw/api/items/cp/004016000/votepaper.json,True
5,cp,004035044,data_raw/cn_official_legacy/round_05/raw/api/items/cp/004035044/votedate.json,data_raw/cn_official_legacy/round_05/raw/api/items/cp/004035044/votesex.json,data_raw/cn_official_legacy/round_05/raw/api/items/cp/004035044/votegeo.json,data_raw/cn_official_legacy/round_05/raw/api/items/cp/004035044/votepaper.json,True
5,cp,004044047,data_raw/cn_official_legacy/round_05/raw/api/items/cp/004044047/votedate.json,data_raw/cn_official_legacy/round_05/raw/api/items/cp/004044047/votesex.json,data_raw/cn_official_legacy/round_05/raw/api/items/cp/004044047/votegeo.json,data_raw/cn_official_legacy/round_05/raw/api/items/cp/004044047/votepaper.json,True
5,cp,005005000,data_raw/cn_official_legacy/round_05/raw/api/items/cp/005005000/votedate.json,data_raw/cn_official_legacy/round_05/raw/api/items/cp/005005000/votesex.json,data_raw/cn_official_legacy/round_05/raw/api/items/cp/005005000/votegeo.json,data_raw/cn_official_legacy/round_05/raw/api/items/cp/005005000/votepaper.json,True
5,cp,005006000,data_raw/cn_official_legacy/round_05/raw/api/items/cp/005006000/votedate.json,data_raw/cn_official_legacy/round_05/raw/api/items/cp/005006000/votesex.json,data_raw/cn_official_legacy/round_05/raw/api/items/cp/005006000/votegeo.json,data_raw/cn_official_legacy/round_05/raw/api/items/cp/005006000/votepaper.json,True
5,cp,005006007,data_raw/cn_official_legacy/round_05/raw/api/items/cp/005006007/votedate.json,data_raw/cn_official_legacy/round_05/raw/api/items/cp/005006007/votesex.json,data_raw/cn_official_legacy/round_05/raw/api/items/cp/005006007/votegeo.json,data_raw/cn_official_legacy/round_05/raw/api/items/cp/005006007/votepaper.json,True
5,cp,005006009,data_raw/cn_official_legacy/round_05/raw/api/items/cp/005006009/votedate.json,data_raw/cn_official_legacy/round_05/raw/api/items/cp/005006009/votesex.json,data_raw/cn_official_legacy/round_05/raw/api/items/cp/005006009/votegeo.json,data_raw/cn_official_legacy/round_05/raw/api/items/cp/005006009/votepaper.json,True
5,cp,005006026,data_raw/cn_official_legacy/round_05/raw/api/items/cp/005006026/votedate.json,data_raw/cn_official_legacy/round_05/raw/api/items/cp/005006026/votesex.json,data_raw/cn_official_legacy/round_05/raw/api/items/cp/005006026/votegeo.json,data_raw/cn_official_legacy/round_05/raw/api/items/cp/005006026/votepaper.json,True
5,cp,005006031,data_raw/cn_official_legacy/round_05/raw/api/items/cp/005006031/votedate.json,data_raw/cn_official_legacy/round_05/raw/api/items/cp/005006031/votesex.json,data_raw/cn_official_legacy/round_05/raw/api/items/cp/005006031/votegeo.json,data_raw/cn_official_legacy/round_05/raw/api/items/cp/005006031/votepaper.json,True
5,cp,005007000,data_raw/cn_official_legacy/round_05/raw/api/items/cp/005007000/votedate.json,data_raw/cn_official_legacy/round_05/raw/api/items/cp/005007000/votesex.json,data_raw/cn_official_legacy/round_05/raw/api/items/cp/005007000/votegeo.json,data_raw/cn_official_legacy/round_05/raw/api/items/cp/005007000/votepaper.json,True
5,cp,005008009,data_raw/cn_official_legacy/round_05/raw/api/items/cp/005008009/votedate.json,data_raw/cn_official_legacy/round_05/raw/api/items/cp/005008009/votesex.json,data_raw/cn_official_legacy/round_05/raw/api/items/cp/005008009/votegeo.json,data_raw/cn_official_legacy/round_05/raw/api/items/cp/005008009/votepaper.json,True
5,cp,005008028,data_raw/cn_official_legacy/round_05/raw/api/items/cp/005008028/votedate.json,data_raw/cn_official_legacy/round_05/raw/api/items/cp/005008028/votesex.json,data_raw/cn_official_legacy/round_05/raw/api/items/cp/005008028/votegeo.json,data_raw/cn_official_legacy/round_05/raw/api/items/cp/005008028/votepaper.json,True
5,cp,005009000,data_raw/cn_official_legacy/round_05/raw/api/items/cp/005009000/votedate.json,data_raw/cn_official_legacy/round_05/raw/api/items/cp/005009000/votesex.json,data_raw/cn_official_legacy/round_05/raw/api/items/cp/005009000/votegeo.json,data_raw/cn_official_legacy/round_05/raw/api/items/cp/005009000/votepaper.json,True
5,cp,005009010,data_raw/cn_official_legacy/round_05/raw/api/items/cp/005009010/votedate.json,data_raw/cn_official_legacy/round_05/raw/api/items/cp/005009010/votesex.json,data_raw/cn_official_legacy/round_05/raw/api/items/cp/005009010/votegeo.json,data_raw/cn_official_legacy/round_05/raw/api/items/cp/005009010/votepaper.json,True
5,cp,005010000,data_raw/cn_official_legacy/round_05/raw/api/items/cp/005010000/votedate.json,data_raw/cn_official_legacy/round_05/raw/api/items/cp/005010000/votesex.json,data_raw/cn_official_legacy/round_05/raw/api/items/cp/005010000/votegeo.json,data_raw/cn_official_legacy/round_05/raw/api/items/cp/005010000/votepaper.json,True
5,cp,005010011,data_raw/cn_official_legacy/round_05/raw/api/items/cp/005010011/votedate.json,data_raw/cn_official_legacy/round_05/raw/api/items/cp/005010011/votesex.json,data_raw/cn_official_legacy/round_05/raw/api/items/cp/005010011/votegeo.json,data_raw/cn_official_legacy/round_05/raw/api/items/cp/005010011/votepaper.json,True
5,cp,005010023,data_raw/cn_official_legacy/round_05/raw/api/items/cp/005010023/votedate.json,data_raw/cn_official_legacy/round_05/raw/api/items/cp/005010023/votesex.json,data_raw/cn_official_legacy/round_05/raw/api/items/cp/005010023/votegeo.json,data_raw/cn_official_legacy/round_05/raw/api/items/cp/005010023/votepaper.json,True
5,cp,005011000,data_raw/cn_official_legacy/round_05/raw/api/items/cp/005011000/votedate.json,data_raw/cn_official_legacy/round_05/raw/api/items/cp/005011000/votesex.json,data_raw/cn_official_legacy/round_05/raw/api/items/cp/005011000/votegeo.json,data_raw/cn_official_legacy/round_05/raw/api/items/cp/005011000/votepaper.json,True
5,cp,005011026,data_raw/cn_official_legacy/round_05/raw/api/items/cp/005011026/votedate.json,data_raw/cn_official_legacy/round_05/raw/api/items/cp/005011026/votesex.json,data_raw/cn_official_legacy/round_05/raw/api/items/cp/005011026/votegeo.json,data_raw/cn_official_legacy/round_05/raw/api/items/cp/005011026/votepaper.json,True
5,cp,005011030,data_raw/cn_official_legacy/round_05/raw/api/items/cp/005011030/votedate.json,data_raw/cn_official_legacy/round_05/raw/api/items/cp/005011030/votesex.json,data_raw/cn_official_legacy/round_05/raw/api/items/cp/005011030/votegeo.json,data_raw/cn_official_legacy/round_05/raw/api/items/cp/005011030/votepaper.json,True
5,cp,005011036,data_raw/cn_official_legacy/round_05/raw/api/items/cp/005011036/votedate.json,data_raw/cn_official_legacy/round_05/raw/api/items/cp/005011036/votesex.json,data_raw/cn_official_legacy/round_05/raw/api/items/cp/005011036/votegeo.json,data_raw/cn_official_legacy/round_05/raw/api/items/cp/005011036/votepaper.json,True
5,cp,005011037,data_raw/cn_official_legacy/round_05/raw/api/items/cp/005011037/votedate.json,data_raw/cn_official_legacy/round_05/raw/api/items/cp/005011037/votesex.json,data_raw/cn_official_legacy/round_05/raw/api/items/cp/005011037/votegeo.json,data_raw/cn_official_legacy/round_05/raw/api/items/cp/005011037/votepaper.json,True
5,cp,005011049,data_raw/cn_official_legacy/round_05/raw/api/items/cp/005011049/votedate.json,data_raw/cn_official_legacy/round_05/raw/api/items/cp/005011049/votesex.json,data_raw/cn_official_legacy/round_05/raw/api/items/cp/005011049/votegeo.json,data_raw/cn_official_legacy/round_05/raw/api/items/cp/005011049/votepaper.json,True
5,cp,005011057,data_raw/cn_official_legacy/round_05/raw/api/items/cp/005011057/votedate.json,data_raw/cn_official_legacy/round_05/raw/api/items/cp/005011057/votesex.json,data_raw/cn_official_legacy/round_05/raw/api/items/cp/005011057/votegeo.json,data_raw/cn_official_legacy/round_05/raw/api/items/cp/005011057/votepaper.json,True
5,cp,005011077,data_raw/cn_official_legacy/round_05/raw/api/items/cp/005011077/votedate.json,data_raw/cn_official_legacy/round_05/raw/api/items/cp/005011077/votesex.json,data_raw/cn_official_legacy/round_05/raw/api/items/cp/005011077/votegeo.json,data_raw/cn_official_legacy/round_05/raw/api/items/cp/005011077/votepaper.json,True
5,cp,005013000,data_raw/cn_official_legacy/round_05/raw/api/items/cp/005013000/votedate.json,data_raw/cn_official_legacy/round_05/raw/api/items/cp/005013000/votesex.json,data_raw/cn_official_legacy/round_05/raw/api/items/cp/005013000/votegeo.json,data_raw/cn_official_legacy/round_05/raw/api/items/cp/005013000/votepaper.json,True
5,cp,005015098,data_raw/cn_official_legacy/round_05/raw/api/items/cp/005015098/votedate.json,data_raw/cn_official_legacy/round_05/raw/api/items/cp/005015098/votesex.json,data_raw/cn_official_legacy/round_05/raw/api/items/cp/005015098/votegeo.json,data_raw/cn_official_legacy/round_05/raw/api/items/cp/005015098/votepaper.json,True
5,cp,005016056,data_raw/cn_official_legacy/round_05/raw/api/items/cp/005016056/votedate.json,data_raw/cn_official_legacy/round_05/raw/api/items/cp/005016056/votesex.json,data_raw/cn_official_legacy/round_05/raw/api/items/cp/005016056/votegeo.json,data_raw/cn_official_legacy/round_05/raw/api/items/cp/005016056/votepaper.json,True
5,cp,005020077,data_raw/cn_official_legacy/round_05/raw/api/items/cp/005020077/votedate.json,data_raw/cn_official_legacy/round_05/raw/api/items/cp/005020077/votesex.json,data_raw/cn_official_legacy/round_05/raw/api/items/cp/005020077/votegeo.json,data_raw/cn_official_legacy/round_05/raw/api/items/cp/005020077/votepaper.json,True
5,cp,005021057,data_raw/cn_official_legacy/round_05/raw/api/items/cp/005021057/votedate.json,data_raw/cn_official_legacy/round_05/raw/api/items/cp/005021057/votesex.json,data_raw/cn_official_legacy/round_05/raw/api/items/cp/005021057/votegeo.json,data_raw/cn_official_legacy/round_05/raw/api/items/cp/005021057/votepaper.json,True
5,cp,005021137,data_raw/cn_official_legacy/round_05/raw/api/items/cp/005021137/votedate.json,data_raw/cn_official_legacy/round_05/raw/api/items/cp/005021137/votesex.json,data_raw/cn_official_legacy/round_05/raw/api/items/cp/005021137/votegeo.json,data_raw/cn_official_legacy/round_05/raw/api/items/cp/005021137/votepaper.json,True
5,cp,005023037,data_raw/cn_official_legacy/round_05/raw/api/items/cp/005023037/votedate.json,data_raw/cn_official_legacy/round_05/raw/api/items/cp/005023037/votesex.json,data_raw/cn_official_legacy/round_05/raw/api/items/cp/005023037/votegeo.json,data_raw/cn_official_legacy/round_05/raw/api/items/cp/005023037/votepaper.json,True
5,cp,005027037,data_raw/cn_official_legacy/round_05/raw/api/items/cp/005027037/votedate.json,data_raw/cn_official_legacy/round_05/raw/api/items/cp/005027037/votesex.json,data_raw/cn_official_legacy/round_05/raw/api/items/cp/005027037/votegeo.json,data_raw/cn_official_legacy/round_05/raw/api/items/cp/005027037/votepaper.json,True
5,cp,005028035,data_raw/cn_official_legacy/round_05/raw/api/items/cp/005028035/votedate.json,data_raw/cn_official_legacy/round_05/raw/api/items/cp/005028035/votesex.json,data_raw/cn_official_legacy/round_05/raw/api/items/cp/005028035/votegeo.json,data_raw/cn_official_legacy/round_05/raw/api/items/cp/005028035/votepaper.json,True
5,cp,005028070,data_raw/cn_official_legacy/round_05/raw/api/items/cp/005028070/votedate.json,data_raw/cn_official_legacy/round_05/raw/api/items/cp/005028070/votesex.json,data_raw/cn_official_legacy/round_05/raw/api/items/cp/005028070/votegeo.json,data_raw/cn_official_legacy/round_05/raw/api/items/cp/005028070/votepaper.json,True
5,cp,005029034,data_raw/cn_official_legacy/round_05/raw/api/items/cp/005029034/votedate.json,data_raw/cn_official_legacy/round_05/raw/api/items/cp/005029034/votesex.json,data_raw/cn_official_legacy/round_05/raw/api/items/cp/005029034/votegeo.json,data_raw/cn_official_legacy/round_05/raw/api/items/cp/005029034/votepaper.json,True
5,cp,005031054,data_raw/cn_official_legacy/round_05/raw/api/items/cp/005031054/votedate.json,data_raw/cn_official_legacy/round_05/raw/api/items/cp/005031054/votesex.json,data_raw/cn_official_legacy/round_05/raw/api/items/cp/005031054/votegeo.json,data_raw/cn_official_legacy/round_05/raw/api/items/cp/005031054/votepaper.json,True
5,cp,005032000,data_raw/cn_official_legacy/round_05/raw/api/items/cp/005032000/votedate.json,data_raw/cn_official_legacy/round_05/raw/api/items/cp/005032000/votesex.json,data_raw/cn_official_legacy/round_05/raw/api/items/cp/005032000/votegeo.json,data_raw/cn_official_legacy/round_05/raw/api/items/cp/005032000/votepaper.json,True
5,cp,005032056,data_raw/cn_official_legacy/round_05/raw/api/items/cp/005032056/votedate.json,data_raw/cn_official_legacy/round_05/raw/api/items/cp/005032056/votesex.json,data_raw/cn_official_legacy/round_05/raw/api/items/cp/005032056/votegeo.json,data_raw/cn_official_legacy/round_05/raw/api/items/cp/005032056/votepaper.json,True
5,cp,005034000,data_raw/cn_official_legacy/round_05/raw/api/items/cp/005034000/votedate.json,data_raw/cn_official_legacy/round_05/raw/api/items/cp/005034000/votesex.json,data_raw/cn_official_legacy/round_05/raw/api/items/cp/005034000/votegeo.json,data_raw/cn_official_legacy/round_05/raw/api/items/cp/005034000/votepaper.json,True
5,cp,005035000,data_raw/cn_official_legacy/round_05/raw/api/items/cp/005035000/votedate.json,data_raw/cn_official_legacy/round_05/raw/api/items/cp/005035000/votesex.json,data_raw/cn_official_legacy/round_05/raw/api/items/cp/005035000/votegeo.json,data_raw/cn_official_legacy/round_05/raw/api/items/cp/005035000/votepaper.json,True
5,cp,005037000,data_raw/cn_official_legacy/round_05/raw/api/items/cp/005037000/votedate.json,data_raw/cn_official_legacy/round_05/raw/api/items/cp/005037000/votesex.json,data_raw/cn_official_legacy/round_05/raw/api/items/cp/005037000/votegeo.json,data_raw/cn_official_legacy/round_05/raw/api/items/cp/005037000/votepaper.json,True
5,cp,005042043,data_raw/cn_official_legacy/round_05/raw/api/items/cp/005042043/votedate.json,data_raw/cn_official_legacy/round_05/raw/api/items/cp/005042043/votesex.json,data_raw/cn_official_legacy/round_05/raw/api/items/cp/005042043/votegeo.json,data_raw/cn_official_legacy/round_05/raw/api/items/cp/005042043/votepaper.json,True
5,cp,005043000,data_raw/cn_official_legacy/round_05/raw/api/items/cp/005043000/votedate.json,data_raw/cn_official_legacy/round_05/raw/api/items/cp/005043000/votesex.json,data_raw/cn_official_legacy/round_05/raw/api/items/cp/005043000/votegeo.json,data_raw/cn_official_legacy/round_05/raw/api/items/cp/005043000/votepaper.json,True
5,cp,005047000,data_raw/cn_official_legacy/round_05/raw/api/items/cp/005047000/votedate.json,data_raw/cn_official_legacy/round_05/raw/api/items/cp/005047000/votesex.json,data_raw/cn_official_legacy/round_05/raw/api/items/cp/005047000/votegeo.json,data_raw/cn_official_legacy/round_05/raw/api/items/cp/005047000/votepaper.json,True
5,cp,005049000,data_raw/cn_official_legacy/round_05/raw/api/items/cp/005049000/votedate.json,data_raw/cn_official_legacy/round_05/raw/api/items/cp/005049000/votesex.json,data_raw/cn_official_legacy/round_05/raw/api/items/cp/005049000/votegeo.json,data_raw/cn_official_legacy/round_05/raw/api/items/cp/005049000/votepaper.json,True
5,cp,005054000,data_raw/cn_official_legacy/round_05/raw/api/items/cp/005054000/votedate.json,data_raw/cn_official_legacy/round_05/raw/api/items/cp/005054000/votesex.json,data_raw/cn_official_legacy/round_05/raw/api/items/cp/005054000/votegeo.json,data_raw/cn_official_legacy/round_05/raw/api/items/cp/005054000/votepaper.json,True
5,cp,005056000,data_raw/cn_official_legacy/round_05/raw/api/items/cp/005056000/votedate.json,data_raw/cn_official_legacy/round_05/raw/api/items/cp/005056000/votesex.json,data_raw/cn_official_legacy/round_05/raw/api/items/cp/005056000/votegeo.json,data_raw/cn_official_legacy/round_05/raw/api/items/cp/005056000/votepaper.json,True
5,cp,005057000,data_raw/cn_official_legacy/round_05/raw/api/items/cp/005057000/votedate.json,data_raw/cn_official_legacy/round_05/raw/api/items/cp/005057000/votesex.json,data_raw/cn_official_legacy/round_05/raw/api/items/cp/005057000/votegeo.json,data_raw/cn_official_legacy/round_05/raw/api/items/cp/005057000/votepaper.json,True
5,cp,005079000,data_raw/cn_official_legacy/round_05/raw/api/items/cp/005079000/votedate.json,data_raw/cn_official_legacy/round_05/raw/api/items/cp/005079000/votesex.json,data_raw/cn_official_legacy/round_05/raw/api/items/cp/005079000/votegeo.json,data_raw/cn_official_legacy/round_05/raw/api/items/cp/005079000/votepaper.json,True
5,cp,005084000,data_raw/cn_official_legacy/round_05/raw/api/items/cp/005084000/votedate.json,data_raw/cn_official_legacy/round_05/raw/api/items/cp/005084000/votesex.json,data_raw/cn_official_legacy/round_05/raw/api/items/cp/005084000/votegeo.json,data_raw/cn_official_legacy/round_05/raw/api/items/cp/005084000/votepaper.json,True
5,cp,005098000,data_raw/cn_official_legacy/round_05/raw/api/items/cp/005098000/votedate.json,data_raw/cn_official_legacy/round_05/raw/api/items/cp/005098000/votesex.json,data_raw/cn_official_legacy/round_05/raw/api/items/cp/005098000/votegeo.json,data_raw/cn_official_legacy/round_05/raw/api/items/cp/005098000/votepaper.json,True
5,cp,005098099,data_raw/cn_official_legacy/round_05/raw/api/items/cp/005098099/votedate.json,data_raw/cn_official_legacy/round_05/raw/api/items/cp/005098099/votesex.json,data_raw/cn_official_legacy/round_05/raw/api/items/cp/005098099/votegeo.json,data_raw/cn_official_legacy/round_05/raw/api/items/cp/005098099/votepaper.json,True
5,cp,005098139,data_raw/cn_official_legacy/round_05/raw/api/items/cp/005098139/votedate.json,data_raw/cn_official_legacy/round_05/raw/api/items/cp/005098139/votesex.json,data_raw/cn_official_legacy/round_05/raw/api/items/cp/005098139/votegeo.json,data_raw/cn_official_legacy/round_05/raw/api/items/cp/005098139/votepaper.json,True
5,cp,005134135,data_raw/cn_official_legacy/round_05/raw/api/items/cp/005134135/votedate.json,data_raw/cn_official_legacy/round_05/raw/api/items/cp/005134135/votesex.json,data_raw/cn_official_legacy/round_05/raw/api/items/cp/005134135/votegeo.json,data_raw/cn_official_legacy/round_05/raw/api/items/cp/005134135/votepaper.json,True
5,cp,005193000,data_raw/cn_official_legacy/round_05/raw/api/items/cp/005193000/votedate.json,data_raw/cn_official_legacy/round_05/raw/api/items/cp/005193000/votesex.json,data_raw/cn_official_legacy/round_05/raw/api/items/cp/005193000/votegeo.json,data_raw/cn_official_legacy/round_05/raw/api/items/cp/005193000/votepaper.json,True
5,cp,006006000,data_raw/cn_official_legacy/round_05/raw/api/items/cp/006006000/votedate.json,data_raw/cn_official_legacy/round_05/raw/api/items/cp/006006000/votesex.json,data_raw/cn_official_legacy/round_05/raw/api/items/cp/006006000/votegeo.json,data_raw/cn_official_legacy/round_05/raw/api/items/cp/006006000/votepaper.json,True
5,cp,006007008,data_raw/cn_official_legacy/round_05/raw/api/items/cp/006007008/votedate.json,data_raw/cn_official_legacy/round_05/raw/api/items/cp/006007008/votesex.json,data_raw/cn_official_legacy/round_05/raw/api/items/cp/006007008/votegeo.json,data_raw/cn_official_legacy/round_05/raw/api/items/cp/006007008/votepaper.json,True
5,cp,006007009,data_raw/cn_official_legacy/round_05/raw/api/items/cp/006007009/votedate.json,data_raw/cn_official_legacy/round_05/raw/api/items/cp/006007009/votesex.json,data_raw/cn_official_legacy/round_05/raw/api/items/cp/006007009/votegeo.json,data_raw/cn_official_legacy/round_05/raw/api/items/cp/006007009/votepaper.json,True
5,cp,006008000,data_raw/cn_official_legacy/round_05/raw/api/items/cp/006008000/votedate.json,data_raw/cn_official_legacy/round_05/raw/api/items/cp/006008000/votesex.json,data_raw/cn_official_legacy/round_05/raw/api/items/cp/006008000/votegeo.json,data_raw/cn_official_legacy/round_05/raw/api/items/cp/006008000/votepaper.json,True
5,cp,006008009,data_raw/cn_official_legacy/round_05/raw/api/items/cp/006008009/votedate.json,data_raw/cn_official_legacy/round_05/raw/api/items/cp/006008009/votesex.json,data_raw/cn_official_legacy/round_05/raw/api/items/cp/006008009/votegeo.json,data_raw/cn_official_legacy/round_05/raw/api/items/cp/006008009/votepaper.json,True
5,cp,006008021,data_raw/cn_official_legacy/round_05/raw/api/items/cp/006008021/votedate.json,data_raw/cn_official_legacy/round_05/raw/api/items/cp/006008021/votesex.json,data_raw/cn_official_legacy/round_05/raw/api/items/cp/006008021/votegeo.json,data_raw/cn_official_legacy/round_05/raw/api/items/cp/006008021/votepaper.json,True
5,cp,006009000,data_raw/cn_official_legacy/round_05/raw/api/items/cp/006009000/votedate.json,data_raw/cn_official_legacy/round_05/raw/api/items/cp/006009000/votesex.json,data_raw/cn_official_legacy/round_05/raw/api/items/cp/006009000/votegeo.json,data_raw/cn_official_legacy/round_05/raw/api/items/cp/006009000/votepaper.json,True
5,cp,006009010,data_raw/cn_official_legacy/round_05/raw/api/items/cp/006009010/votedate.json,data_raw/cn_official_legacy/round_05/raw/api/items/cp/006009010/votesex.json,data_raw/cn_official_legacy/round_05/raw/api/items/cp/006009010/votegeo.json,data_raw/cn_official_legacy/round_05/raw/api/items/cp/006009010/votepaper.json,True
5,cp,006009011,data_raw/cn_official_legacy/round_05/raw/api/items/cp/006009011/votedate.json,data_raw/cn_official_legacy/round_05/raw/api/items/cp/006009011/votesex.json,data_raw/cn_official_legacy/round_05/raw/api/items/cp/006009011/votegeo.json,data_raw/cn_official_legacy/round_05/raw/api/items/cp/006009011/votepaper.json,True
5,cp,006009012,data_raw/cn_official_legacy/round_05/raw/api/items/cp/006009012/votedate.json,data_raw/cn_official_legacy/round_05/raw/api/items/cp/006009012/votesex.json,data_raw/cn_official_legacy/round_05/raw/api/items/cp/006009012/votegeo.json,data_raw/cn_official_legacy/round_05/raw/api/items/cp/006009012/votepaper.json,True
5,cp,006010000,data_raw/cn_official_legacy/round_05/raw/api/items/cp/006010000/votedate.json,data_raw/cn_official_legacy/round_05/raw/api/items/cp/006010000/votesex.json,data_raw/cn_official_legacy/round_05/raw/api/items/cp/006010000/votegeo.json,data_raw/cn_official_legacy/round_05/raw/api/items/cp/006010000/votepaper.json,True
5,cp,006010011,data_raw/cn_official_legacy/round_05/raw/api/items/cp/006010011/votedate.json,data_raw/cn_official_legacy/round_05/raw/api/items/cp/006010011/votesex.json,data_raw/cn_official_legacy/round_05/raw/api/items/cp/006010011/votegeo.json,data_raw/cn_official_legacy/round_05/raw/api/items/cp/006010011/votepaper.json,True
5,cp,006011000,data_raw/cn_official_legacy/round_05/raw/api/items/cp/006011000/votedate.json,data_raw/cn_official_legacy/round_05/raw/api/items/cp/006011000/votesex.json,data_raw/cn_official_legacy/round_05/raw/api/items/cp/006011000/votegeo.json,data_raw/cn_official_legacy/round_05/raw/api/items/cp/006011000/votepaper.json,True
5,cp,006015000,data_raw/cn_official_legacy/round_05/raw/api/items/cp/006015000/votedate.json,data_raw/cn_official_legacy/round_05/raw/api/items/cp/006015000/votesex.json,data_raw/cn_official_legacy/round_05/raw/api/items/cp/006015000/votegeo.json,data_raw/cn_official_legacy/round_05/raw/api/items/cp/006015000/votepaper.json,True
5,cp,006020000,data_raw/cn_official_legacy/round_05/raw/api/items/cp/006020000/votedate.json,data_raw/cn_official_legacy/round_05/raw/api/items/cp/006020000/votesex.json,data_raw/cn_official_legacy/round_05/raw/api/items/cp/006020000/votegeo.json,data_raw/cn_official_legacy/round_05/raw/api/items/cp/006020000/votepaper.json,True
5,cp,006020031,data_raw/cn_official_legacy/round_05/raw/api/items/cp/006020031/votedate.json,data_raw/cn_official_legacy/round_05/raw/api/items/cp/006020031/votesex.json,data_raw/cn_official_legacy/round_05/raw/api/items/cp/006020031/votegeo.json,data_raw/cn_official_legacy/round_05/raw/api/items/cp/006020031/votepaper.json,True
5,cp,006021026,data_raw/cn_official_legacy/round_05/raw/api/items/cp/006021026/votedate.json,data_raw/cn_official_legacy/round_05/raw/api/items/cp/006021026/votesex.json,data_raw/cn_official_legacy/round_05/raw/api/items/cp/006021026/votegeo.json,data_raw/cn_official_legacy/round_05/raw/api/items/cp/006021026/votepaper.json,True
5,cp,006038000,data_raw/cn_official_legacy/round_05/raw/api/items/cp/006038000/votedate.json,data_raw/cn_official_legacy/round_05/raw/api/items/cp/006038000/votesex.json,data_raw/cn_official_legacy/round_05/raw/api/items/cp/006038000/votegeo.json,data_raw/cn_official_legacy/round_05/raw/api/items/cp/006038000/votepaper.json,True
5,cp,006056064,data_raw/cn_official_legacy/round_05/raw/api/items/cp/006056064/votedate.json,data_raw/cn_official_legacy/round_05/raw/api/items/cp/006056064/votesex.json,data_raw/cn_official_legacy/round_05/raw/api/items/cp/006056064/votegeo.json,data_raw/cn_official_legacy/round_05/raw/api/items/cp/006056064/votepaper.json,True
5,cp,006059000,data_raw/cn_official_legacy/round_05/raw/api/items/cp/006059000/votedate.json,data_raw/cn_official_legacy/round_05/raw/api/items/cp/006059000/votesex.json,data_raw/cn_official_legacy/round_05/raw/api/items/cp/006059000/votegeo.json,data_raw/cn_official_legacy/round_05/raw/api/items/cp/006059000/votepaper.json,True
5,cp,006063000,data_raw/cn_official_legacy/round_05/raw/api/items/cp/006063000/votedate.json,data_raw/cn_official_legacy/round_05/raw/api/items/cp/006063000/votesex.json,data_raw/cn_official_legacy/round_05/raw/api/items/cp/006063000/votegeo.json,data_raw/cn_official_legacy/round_05/raw/api/items/cp/006063000/votepaper.json,True
5,cp,006063064,data_raw/cn_official_legacy/round_05/raw/api/items/cp/006063064/votedate.json,data_raw/cn_official_legacy/round_05/raw/api/items/cp/006063064/votesex.json,data_raw/cn_official_legacy/round_05/raw/api/items/cp/006063064/votegeo.json,data_raw/cn_official_legacy/round_05/raw/api/items/cp/006063064/votepaper.json,True
5,cp,006067000,data_raw/cn_official_legacy/round_05/raw/api/items/cp/006067000/votedate.json,data_raw/cn_official_legacy/round_05/raw/api/items/cp/006067000/votesex.json,data_raw/cn_official_legacy/round_05/raw/api/items/cp/006067000/votegeo.json,data_raw/cn_official_legacy/round_05/raw/api/items/cp/006067000/votepaper.json,True
5,cp,006072000,data_raw/cn_official_legacy/round_05/raw/api/items/cp/006072000/votedate.json,data_raw/cn_official_legacy/round_05/raw/api/items/cp/006072000/votesex.json,data_raw/cn_official_legacy/round_05/raw/api/items/cp/006072000/votegeo.json,data_raw/cn_official_legacy/round_05/raw/api/items/cp/006072000/votepaper.json,True
5,cp,006072099,data_raw/cn_official_legacy/round_05/raw/api/items/cp/006072099/votedate.json,data_raw/cn_official_legacy/round_05/raw/api/items/cp/006072099/votesex.json,data_raw/cn_official_legacy/round_05/raw/api/items/cp/006072099/votegeo.json,data_raw/cn_official_legacy/round_05/raw/api/items/cp/006072099/votepaper.json,True
5,cp,006098000,data_raw/cn_official_legacy/round_05/raw/api/items/cp/006098000/votedate.json,data_raw/cn_official_legacy/round_05/raw/api/items/cp/006098000/votesex.json,data_raw/cn_official_legacy/round_05/raw/api/items/cp/006098000/votegeo.json,data_raw/cn_official_legacy/round_05/raw/api/items/cp/006098000/votepaper.json,True
5,cp,006128000,data_raw/cn_official_legacy/round_05/raw/api/items/cp/006128000/votedate.json,data_raw/cn_official_legacy/round_05/raw/api/items/cp/006128000/votesex.json,data_raw/cn_official_legacy/round_05/raw/api/items/cp/006128000/votegeo.json,data_raw/cn_official_legacy/round_05/raw/api/items/cp/006128000/votepaper.json,True
5,cp,006147000,data_raw/cn_official_legacy/round_05/raw/api/items/cp/006147000/votedate.json,data_raw/cn_official_legacy/round_05/raw/api/items/cp/006147000/votesex.json,data_raw/cn_official_legacy/round_05/raw/api/items/cp/006147000/votegeo.json,data_raw/cn_official_legacy/round_05/raw/api/items/cp/006147000/votepaper.json,True
5,cp,007008000,data_raw/cn_official_legacy/round_05/raw/api/items/cp/007008000/votedate.json,data_raw/cn_official_legacy/round_05/raw/api/items/cp/007008000/votesex.json,data_raw/cn_official_legacy/round_05/raw/api/items/cp/007008000/votegeo.json,data_raw/cn_official_legacy/round_05/raw/api/items/cp/007008000/votepaper.json,True
5,cp,007008009,data_raw/cn_official_legacy/round_05/raw/api/items/cp/007008009/votedate.json,data_raw/cn_official_legacy/round_05/raw/api/items/cp/007008009/votesex.json,data_raw/cn_official_legacy/round_05/raw/api/items/cp/007008009/votegeo.json,data_raw/cn_official_legacy/round_05/raw/api/items/cp/007008009/votepaper.json,True
5,cp,007008011,data_raw/cn_official_legacy/round_05/raw/api/items/cp/007008011/votedate.json,data_raw/cn_official_legacy/round_05/raw/api/items/cp/007008011/votesex.json,data_raw/cn_official_legacy/round_05/raw/api/items/cp/007008011/votegeo.json,data_raw/cn_official_legacy/round_05/raw/api/items/cp/007008011/votepaper.json,True
5,cp,007008015,data_raw/cn_official_legacy/round_05/raw/api/items/cp/007008015/votedate.json,data_raw/cn_official_legacy/round_05/raw/api/items/cp/007008015/votesex.json,data_raw/cn_official_legacy/round_05/raw/api/items/cp/007008015/votegeo.json,data_raw/cn_official_legacy/round_05/raw/api/items/cp/007008015/votepaper.json,True
5,cp,007009000,data_raw/cn_official_legacy/round_05/raw/api/items/cp/007009000/votedate.json,data_raw/cn_official_legacy/round_05/raw/api/items/cp/007009000/votesex.json,data_raw/cn_official_legacy/round_05/raw/api/items/cp/007009000/votegeo.json,data_raw/cn_official_legacy/round_05/raw/api/items/cp/007009000/votepaper.json,True
5,cp,007011000,data_raw/cn_official_legacy/round_05/raw/api/items/cp/007011000/votedate.json,data_raw/cn_official_legacy/round_05/raw/api/items/cp/007011000/votesex.json,data_raw/cn_official_legacy/round_05/raw/api/items/cp/007011000/votegeo.json,data_raw/cn_official_legacy/round_05/raw/api/items/cp/007011000/votepaper.json,True
5,cp,007015000,data_raw/cn_official_legacy/round_05/raw/api/items/cp/007015000/votedate.json,data_raw/cn_official_legacy/round_05/raw/api/items/cp/007015000/votesex.json,data_raw/cn_official_legacy/round_05/raw/api/items/cp/007015000/votegeo.json,data_raw/cn_official_legacy/round_05/raw/api/items/cp/007015000/votepaper.json,True
5,cp,007031000,data_raw/cn_official_legacy/round_05/raw/api/items/cp/007031000/votedate.json,data_raw/cn_official_legacy/round_05/raw/api/items/cp/007031000/votesex.json,data_raw/cn_official_legacy/round_05/raw/api/items/cp/007031000/votegeo.json,data_raw/cn_official_legacy/round_05/raw/api/items/cp/007031000/votepaper.json,True
5,cp,007183000,data_raw/cn_official_legacy/round_05/raw/api/items/cp/007183000/votedate.json,data_raw/cn_official_legacy/round_05/raw/api/items/cp/007183000/votesex.json,data_raw/cn_official_legacy/round_05/raw/api/items/cp/007183000/votegeo.json,data_raw/cn_official_legacy/round_05/raw/api/items/cp/007183000/votepaper.json,True
5,cp,008008000,data_raw/cn_official_legacy/round_05/raw/api/items/cp/008008000/votedate.json,data_raw/cn_official_legacy/round_05/raw/api/items/cp/008008000/votesex.json,data_raw/cn_official_legacy/round_05/raw/api/items/cp/008008000/votegeo.json,data_raw/cn_official_legacy/round_05/raw/api/items/cp/008008000/votepaper.json,True
5,cp,008009000,data_raw/cn_official_legacy/round_05/raw/api/items/cp/008009000/votedate.json,data_raw/cn_official_legacy/round_05/raw/api/items/cp/008009000/votesex.json,data_raw/cn_official_legacy/round_05/raw/api/items/cp/008009000/votegeo.json,data_raw/cn_official_legacy/round_05/raw/api/items/cp/008009000/votepaper.json,True
5,cp,008009010,data_raw/cn_official_legacy/round_05/raw/api/items/cp/008009010/votedate.json,data_raw/cn_official_legacy/round_05/raw/api/items/cp/008009010/votesex.json,data_raw/cn_official_legacy/round_05/raw/api/items/cp/008009010/votegeo.json,data_raw/cn_official_legacy/round_05/raw/api/items/cp/008009010/votepaper.json,True
5,cp,008010000,data_raw/cn_official_legacy/round_05/raw/api/items/cp/008010000/votedate.json,data_raw/cn_official_legacy/round_05/raw/api/items/cp/008010000/votesex.json,data_raw/cn_official_legacy/round_05/raw/api/items/cp/008010000/votegeo.json,data_raw/cn_official_legacy/round_05/raw/api/items/cp/008010000/votepaper.json,True
5,cp,008010011,data_raw/cn_official_legacy/round_05/raw/api/items/cp/008010011/votedate.json,data_raw/cn_official_legacy/round_05/raw/api/items/cp/008010011/votesex.json,data_raw/cn_official_legacy/round_05/raw/api/items/cp/008010011/votegeo.json,data_raw/cn_official_legacy/round_05/raw/api/items/cp/008010011/votepaper.json,True
5,cp,008010035,data_raw/cn_official_legacy/round_05/raw/api/items/cp/008010035/votedate.json,data_raw/cn_official_legacy/round_05/raw/api/items/cp/008010035/votesex.json,data_raw/cn_official_legacy/round_05/raw/api/items/cp/008010035/votegeo.json,data_raw/cn_official_legacy/round_05/raw/api/items/cp/008010035/votepaper.json,True
5,cp,008010054,data_raw/cn_official_legacy/round_05/raw/api/items/cp/008010054/votedate.json,data_raw/cn_official_legacy/round_05/raw/api/items/cp/008010054/votesex.json,data_raw/cn_official_legacy/round_05/raw/api/items/cp/008010054/votegeo.json,data_raw/cn_official_legacy/round_05/raw/api/items/cp/008010054/votepaper.json,True
5,cp,008011000,data_raw/cn_official_legacy/round_05/raw/api/items/cp/008011000/votedate.json,data_raw/cn_official_legacy/round_05/raw/api/items/cp/008011000/votesex.json,data_raw/cn_official_legacy/round_05/raw/api/items/cp/008011000/votegeo.json,data_raw/cn_official_legacy/round_05/raw/api/items/cp/008011000/votepaper.json,True
5,cp,008011023,data_raw/cn_official_legacy/round_05/raw/api/items/cp/008011023/votedate.json,data_raw/cn_official_legacy/round_05/raw/api/items/cp/008011023/votesex.json,data_raw/cn_official_legacy/round_05/raw/api/items/cp/008011023/votegeo.json,data_raw/cn_official_legacy/round_05/raw/api/items/cp/008011023/votepaper.json,True
5,cp,008015000,data_raw/cn_official_legacy/round_05/raw/api/items/cp/008015000/votedate.json,data_raw/cn_official_legacy/round_05/raw/api/items/cp/008015000/votesex.json,data_raw/cn_official_legacy/round_05/raw/api/items/cp/008015000/votegeo.json,data_raw/cn_official_legacy/round_05/raw/api/items/cp/008015000/votepaper.json,True
5,cp,008015023,data_raw/cn_official_legacy/round_05/raw/api/items/cp/008015023/votedate.json,data_raw/cn_official_legacy/round_05/raw/api/items/cp/008015023/votesex.json,data_raw/cn_official_legacy/round_05/raw/api/items/cp/008015023/votegeo.json,data_raw/cn_official_legacy/round_05/raw/api/items/cp/008015023/votepaper.json,True
5,cp,008015033,data_raw/cn_official_legacy/round_05/raw/api/items/cp/008015033/votedate.json,data_raw/cn_official_legacy/round_05/raw/api/items/cp/008015033/votesex.json,data_raw/cn_official_legacy/round_05/raw/api/items/cp/008015033/votegeo.json,data_raw/cn_official_legacy/round_05/raw/api/items/cp/008015033/votepaper.json,True
5,cp,008021000,data_raw/cn_official_legacy/round_05/raw/api/items/cp/008021000/votedate.json,data_raw/cn_official_legacy/round_05/raw/api/items/cp/008021000/votesex.json,data_raw/cn_official_legacy/round_05/raw/api/items/cp/008021000/votegeo.json,data_raw/cn_official_legacy/round_05/raw/api/items/cp/008021000/votepaper.json,True
5,cp,008023032,data_raw/cn_official_legacy/round_05/raw/api/items/cp/008023032/votedate.json,data_raw/cn_official_legacy/round_05/raw/api/items/cp/008023032/votesex.json,data_raw/cn_official_legacy/round_05/raw/api/items/cp/008023032/votegeo.json,data_raw/cn_official_legacy/round_05/raw/api/items/cp/008023032/votepaper.json,True
5,cp,008031000,data_raw/cn_official_legacy/round_05/raw/api/items/cp/008031000/votedate.json,data_raw/cn_official_legacy/round_05/raw/api/items/cp/008031000/votesex.json,data_raw/cn_official_legacy/round_05/raw/api/items/cp/008031000/votegeo.json,data_raw/cn_official_legacy/round_05/raw/api/items/cp/008031000/votepaper.json,True
5,cp,008033000,data_raw/cn_official_legacy/round_05/raw/api/items/cp/008033000/votedate.json,data_raw/cn_official_legacy/round_05/raw/api/items/cp/008033000/votesex.json,data_raw/cn_official_legacy/round_05/raw/api/items/cp/008033000/votegeo.json,data_raw/cn_official_legacy/round_05/raw/api/items/cp/008033000/votepaper.json,True
5,cp,008037039,data_raw/cn_official_legacy/round_05/raw/api/items/cp/008037039/votedate.json,data_raw/cn_official_legacy/round_05/raw/api/items/cp/008037039/votesex.json,data_raw/cn_official_legacy/round_05/raw/api/items/cp/008037039/votegeo.json,data_raw/cn_official_legacy/round_05/raw/api/items/cp/008037039/votepaper.json,True
5,cp,008045047,data_raw/cn_official_legacy/round_05/raw/api/items/cp/008045047/votedate.json,data_raw/cn_official_legacy/round_05/raw/api/items/cp/008045047/votesex.json,data_raw/cn_official_legacy/round_05/raw/api/items/cp/008045047/votegeo.json,data_raw/cn_official_legacy/round_05/raw/api/items/cp/008045047/votepaper.json,True
5,cp,008054000,data_raw/cn_official_legacy/round_05/raw/api/items/cp/008054000/votedate.json,data_raw/cn_official_legacy/round_05/raw/api/items/cp/008054000/votesex.json,data_raw/cn_official_legacy/round_05/raw/api/items/cp/008054000/votegeo.json,data_raw/cn_official_legacy/round_05/raw/api/items/cp/008054000/votepaper.json,True
5,cp,008054136,data_raw/cn_official_legacy/round_05/raw/api/items/cp/008054136/votedate.json,data_raw/cn_official_legacy/round_05/raw/api/items/cp/008054136/votesex.json,data_raw/cn_official_legacy/round_05/raw/api/items/cp/008054136/votegeo.json,data_raw/cn_official_legacy/round_05/raw/api/items/cp/008054136/votepaper.json,True
5,cp,008136138,data_raw/cn_official_legacy/round_05/raw/api/items/cp/008136138/votedate.json,data_raw/cn_official_legacy/round_05/raw/api/items/cp/008136138/votesex.json,data_raw/cn_official_legacy/round_05/raw/api/items/cp/008136138/votegeo.json,data_raw/cn_official_legacy/round_05/raw/api/items/cp/008136138/votepaper.json,True
5,cp,009009000,data_raw/cn_official_legacy/round_05/raw/api/items/cp/009009000/votedate.json,data_raw/cn_official_legacy/round_05/raw/api/items/cp/009009000/votesex.json,data_raw/cn_official_legacy/round_05/raw/api/items/cp/009009000/votegeo.json,data_raw/cn_official_legacy/round_05/raw/api/items/cp/009009000/votepaper.json,True
5,cp,009010000,data_raw/cn_official_legacy/round_05/raw/api/items/cp/009010000/votedate.json,data_raw/cn_official_legacy/round_05/raw/api/items/cp/009010000/votesex.json,data_raw/cn_official_legacy/round_05/raw/api/items/cp/009010000/votegeo.json,data_raw/cn_official_legacy/round_05/raw/api/items/cp/009010000/votepaper.json,True
5,cp,009010011,data_raw/cn_official_legacy/round_05/raw/api/items/cp/009010011/votedate.json,data_raw/cn_official_legacy/round_05/raw/api/items/cp/009010011/votesex.json,data_raw/cn_official_legacy/round_05/raw/api/items/cp/009010011/votegeo.json,data_raw/cn_official_legacy/round_05/raw/api/items/cp/009010011/votepaper.json,True
5,cp,009010015,data_raw/cn_official_legacy/round_05/raw/api/items/cp/009010015/votedate.json,data_raw/cn_official_legacy/round_05/raw/api/items/cp/009010015/votesex.json,data_raw/cn_official_legacy/round_05/raw/api/items/cp/009010015/votegeo.json,data_raw/cn_official_legacy/round_05/raw/api/items/cp/009010015/votepaper.json,True
5,cp,009010020,data_raw/cn_official_legacy/round_05/raw/api/items/cp/009010020/votedate.json,data_raw/cn_official_legacy/round_05/raw/api/items/cp/009010020/votesex.json,data_raw/cn_official_legacy/round_05/raw/api/items/cp/009010020/votegeo.json,data_raw/cn_official_legacy/round_05/raw/api/items/cp/009010020/votepaper.json,True
5,cp,009010023,data_raw/cn_official_legacy/round_05/raw/api/items/cp/009010023/votedate.json,data_raw/cn_official_legacy/round_05/raw/api/items/cp/009010023/votesex.json,data_raw/cn_official_legacy/round_05/raw/api/items/cp/009010023/votegeo.json,data_raw/cn_official_legacy/round_05/raw/api/items/cp/009010023/votepaper.json,True
5,cp,009010033,data_raw/cn_official_legacy/round_05/raw/api/items/cp/009010033/votedate.json,data_raw/cn_official_legacy/round_05/raw/api/items/cp/009010033/votesex.json,data_raw/cn_official_legacy/round_05/raw/api/items/cp/009010033/votegeo.json,data_raw/cn_official_legacy/round_05/raw/api/items/cp/009010033/votepaper.json,True
5,cp,009011000,data_raw/cn_official_legacy/round_05/raw/api/items/cp/009011000/votedate.json,data_raw/cn_official_legacy/round_05/raw/api/items/cp/009011000/votesex.json,data_raw/cn_official_legacy/round_05/raw/api/items/cp/009011000/votegeo.json,data_raw/cn_official_legacy/round_05/raw/api/items/cp/009011000/votepaper.json,True
5,cp,009011037,data_raw/cn_official_legacy/round_05/raw/api/items/cp/009011037/votedate.json,data_raw/cn_official_legacy/round_05/raw/api/items/cp/009011037/votesex.json,data_raw/cn_official_legacy/round_05/raw/api/items/cp/009011037/votegeo.json,data_raw/cn_official_legacy/round_05/raw/api/items/cp/009011037/votepaper.json,True
5,cp,009014054,data_raw/cn_official_legacy/round_05/raw/api/items/cp/009014054/votedate.json,data_raw/cn_official_legacy/round_05/raw/api/items/cp/009014054/votesex.json,data_raw/cn_official_legacy/round_05/raw/api/items/cp/009014054/votegeo.json,data_raw/cn_official_legacy/round_05/raw/api/items/cp/009014054/votepaper.json,True
5,cp,009015000,data_raw/cn_official_legacy/round_05/raw/api/items/cp/009015000/votedate.json,data_raw/cn_official_legacy/round_05/raw/api/items/cp/009015000/votesex.json,data_raw/cn_official_legacy/round_05/raw/api/items/cp/009015000/votegeo.json,data_raw/cn_official_legacy/round_05/raw/api/items/cp/009015000/votepaper.json,True
5,cp,009016026,data_raw/cn_official_legacy/round_05/raw/api/items/cp/009016026/votedate.json,data_raw/cn_official_legacy/round_05/raw/api/items/cp/009016026/votesex.json,data_raw/cn_official_legacy/round_05/raw/api/items/cp/009016026/votegeo.json,data_raw/cn_official_legacy/round_05/raw/api/items/cp/009016026/votepaper.json,True
5,cp,009020000,data_raw/cn_official_legacy/round_05/raw/api/items/cp/009020000/votedate.json,data_raw/cn_official_legacy/round_05/raw/api/items/cp/009020000/votesex.json,data_raw/cn_official_legacy/round_05/raw/api/items/cp/009020000/votegeo.json,data_raw/cn_official_legacy/round_05/raw/api/items/cp/009020000/votepaper.json,True
5,cp,009020021,data_raw/cn_official_legacy/round_05/raw/api/items/cp/009020021/votedate.json,data_raw/cn_official_legacy/round_05/raw/api/items/cp/009020021/votesex.json,data_raw/cn_official_legacy/round_05/raw/api/items/cp/009020021/votegeo.json,data_raw/cn_official_legacy/round_05/raw/api/items/cp/009020021/votepaper.json,True
5,cp,009020028,data_raw/cn_official_legacy/round_05/raw/api/items/cp/009020028/votedate.json,data_raw/cn_official_legacy/round_05/raw/api/items/cp/009020028/votesex.json,data_raw/cn_official_legacy/round_05/raw/api/items/cp/009020028/votegeo.json,data_raw/cn_official_legacy/round_05/raw/api/items/cp/009020028/votepaper.json,True
5,cp,009020031,data_raw/cn_official_legacy/round_05/raw/api/items/cp/009020031/votedate.json,data_raw/cn_official_legacy/round_05/raw/api/items/cp/009020031/votesex.json,data_raw/cn_official_legacy/round_05/raw/api/items/cp/009020031/votegeo.json,data_raw/cn_official_legacy/round_05/raw/api/items/cp/009020031/votepaper.json,True
5,cp,009021039,data_raw/cn_official_legacy/round_05/raw/api/items/cp/009021039/votedate.json,data_raw/cn_official_legacy/round_05/raw/api/items/cp/009021039/votesex.json,data_raw/cn_official_legacy/round_05/raw/api/items/cp/009021039/votegeo.json,data_raw/cn_official_legacy/round_05/raw/api/items/cp/009021039/votepaper.json,True
5,cp,009021057,data_raw/cn_official_legacy/round_05/raw/api/items/cp/009021057/votedate.json,data_raw/cn_official_legacy/round_05/raw/api/items/cp/009021057/votesex.json,data_raw/cn_official_legacy/round_05/raw/api/items/cp/009021057/votegeo.json,data_raw/cn_official_legacy/round_05/raw/api/items/cp/009021057/votepaper.json,True
5,cp,009022047,data_raw/cn_official_legacy/round_05/raw/api/items/cp/009022047/votedate.json,data_raw/cn_official_legacy/round_05/raw/api/items/cp/009022047/votesex.json,data_raw/cn_official_legacy/round_05/raw/api/items/cp/009022047/votegeo.json,data_raw/cn_official_legacy/round_05/raw/api/items/cp/009022047/votepaper.json,True
5,cp,009023032,data_raw/cn_official_legacy/round_05/raw/api/items/cp/009023032/votedate.json,data_raw/cn_official_legacy/round_05/raw/api/items/cp/009023032/votesex.json,data_raw/cn_official_legacy/round_05/raw/api/items/cp/009023032/votegeo.json,data_raw/cn_official_legacy/round_05/raw/api/items/cp/009023032/votepaper.json,True
5,cp,009027035,data_raw/cn_official_legacy/round_05/raw/api/items/cp/009027035/votedate.json,data_raw/cn_official_legacy/round_05/raw/api/items/cp/009027035/votesex.json,data_raw/cn_official_legacy/round_05/raw/api/items/cp/009027035/votegeo.json,data_raw/cn_official_legacy/round_05/raw/api/items/cp/009027035/votepaper.json,True
5,cp,009031000,data_raw/cn_official_legacy/round_05/raw/api/items/cp/009031000/votedate.json,data_raw/cn_official_legacy/round_05/raw/api/items/cp/009031000/votesex.json,data_raw/cn_official_legacy/round_05/raw/api/items/cp/009031000/votegeo.json,data_raw/cn_official_legacy/round_05/raw/api/items/cp/009031000/votepaper.json,True
5,cp,009032000,data_raw/cn_official_legacy/round_05/raw/api/items/cp/009032000/votedate.json,data_raw/cn_official_legacy/round_05/raw/api/items/cp/009032000/votesex.json,data_raw/cn_official_legacy/round_05/raw/api/items/cp/009032000/votegeo.json,data_raw/cn_official_legacy/round_05/raw/api/items/cp/009032000/votepaper.json,True
5,cp,009032033,data_raw/cn_official_legacy/round_05/raw/api/items/cp/009032033/votedate.json,data_raw/cn_official_legacy/round_05/raw/api/items/cp/009032033/votesex.json,data_raw/cn_official_legacy/round_05/raw/api/items/cp/009032033/votegeo.json,data_raw/cn_official_legacy/round_05/raw/api/items/cp/009032033/votepaper.json,True
5,cp,009032035,data_raw/cn_official_legacy/round_05/raw/api/items/cp/009032035/votedate.json,data_raw/cn_official_legacy/round_05/raw/api/items/cp/009032035/votesex.json,data_raw/cn_official_legacy/round_05/raw/api/items/cp/009032035/votegeo.json,data_raw/cn_official_legacy/round_05/raw/api/items/cp/009032035/votepaper.json,True
5,cp,009032037,data_raw/cn_official_legacy/round_05/raw/api/items/cp/009032037/votedate.json,data_raw/cn_official_legacy/round_05/raw/api/items/cp/009032037/votesex.json,data_raw/cn_official_legacy/round_05/raw/api/items/cp/009032037/votegeo.json,data_raw/cn_official_legacy/round_05/raw/api/items/cp/009032037/votepaper.json,True
5,cp,009034000,data_raw/cn_official_legacy/round_05/raw/api/items/cp/009034000/votedate.json,data_raw/cn_official_legacy/round_05/raw/api/items/cp/009034000/votesex.json,data_raw/cn_official_legacy/round_05/raw/api/items/cp/009034000/votegeo.json,data_raw/cn_official_legacy/round_05/raw/api/items/cp/009034000/votepaper.json,True
5,cp,009035000,data_raw/cn_official_legacy/round_05/raw/api/items/cp/009035000/votedate.json,data_raw/cn_official_legacy/round_05/raw/api/items/cp/009035000/votesex.json,data_raw/cn_official_legacy/round_05/raw/api/items/cp/009035000/votegeo.json,data_raw/cn_official_legacy/round_05/raw/api/items/cp/009035000/votepaper.json,True
5,cp,009037000,data_raw/cn_official_legacy/round_05/raw/api/items/cp/009037000/votedate.json,data_raw/cn_official_legacy/round_05/raw/api/items/cp/009037000/votesex.json,data_raw/cn_official_legacy/round_05/raw/api/items/cp/009037000/votegeo.json,data_raw/cn_official_legacy/round_05/raw/api/items/cp/009037000/votepaper.json,True
5,cp,009045000,data_raw/cn_official_legacy/round_05/raw/api/items/cp/009045000/votedate.json,data_raw/cn_official_legacy/round_05/raw/api/items/cp/009045000/votesex.json,data_raw/cn_official_legacy/round_05/raw/api/items/cp/009045000/votegeo.json,data_raw/cn_official_legacy/round_05/raw/api/items/cp/009045000/votepaper.json,True
5,cp,009049057,data_raw/cn_official_legacy/round_05/raw/api/items/cp/009049057/votedate.json,data_raw/cn_official_legacy/round_05/raw/api/items/cp/009049057/votesex.json,data_raw/cn_official_legacy/round_05/raw/api/items/cp/009049057/votegeo.json,data_raw/cn_official_legacy/round_05/raw/api/items/cp/009049057/votepaper.json,True
5,cp,009054059,data_raw/cn_official_legacy/round_05/raw/api/items/cp/009054059/votedate.json,data_raw/cn_official_legacy/round_05/raw/api/items/cp/009054059/votesex.json,data_raw/cn_official_legacy/round_05/raw/api/items/cp/009054059/votegeo.json,data_raw/cn_official_legacy/round_05/raw/api/items/cp/009054059/votepaper.json,True
5,cp,009055000,data_raw/cn_official_legacy/round_05/raw/api/items/cp/009055000/votedate.json,data_raw/cn_official_legacy/round_05/raw/api/items/cp/009055000/votesex.json,data_raw/cn_official_legacy/round_05/raw/api/items/cp/009055000/votegeo.json,data_raw/cn_official_legacy/round_05/raw/api/items/cp/009055000/votepaper.json,True
5,cp,009061000,data_raw/cn_official_legacy/round_05/raw/api/items/cp/009061000/votedate.json,data_raw/cn_official_legacy/round_05/raw/api/items/cp/009061000/votesex.json,data_raw/cn_official_legacy/round_05/raw/api/items/cp/009061000/votegeo.json,data_raw/cn_official_legacy/round_05/raw/api/items/cp/009061000/votepaper.json,True
5,cp,009120132,data_raw/cn_official_legacy/round_05/raw/api/items/cp/009120132/votedate.json,data_raw/cn_official_legacy/round_05/raw/api/items/cp/009120132/votesex.json,data_raw/cn_official_legacy/round_05/raw/api/items/cp/009120132/votegeo.json,data_raw/cn_official_legacy/round_05/raw/api/items/cp/009120132/votepaper.json,True
5,cp,009132000,data_raw/cn_official_legacy/round_05/raw/api/items/cp/009132000/votedate.json,data_raw/cn_official_legacy/round_05/raw/api/items/cp/009132000/votesex.json,data_raw/cn_official_legacy/round_05/raw/api/items/cp/009132000/votegeo.json,data_raw/cn_official_legacy/round_05/raw/api/items/cp/009132000/votepaper.json,True
5,cp,009137000,data_raw/cn_official_legacy/round_05/raw/api/items/cp/009137000/votedate.json,data_raw/cn_official_legacy/round_05/raw/api/items/cp/009137000/votesex.json,data_raw/cn_official_legacy/round_05/raw/api/items/cp/009137000/votegeo.json,data_raw/cn_official_legacy/round_05/raw/api/items/cp/009137000/votepaper.json,True
5,cp,010010000,data_raw/cn_official_legacy/round_05/raw/api/items/cp/010010000/votedate.json,data_raw/cn_official_legacy/round_05/raw/api/items/cp/010010000/votesex.json,data_raw/cn_official_legacy/round_05/raw/api/items/cp/010010000/votegeo.json,data_raw/cn_official_legacy/round_05/raw/api/items/cp/010010000/votepaper.json,True
5,cp,010011000,data_raw/cn_official_legacy/round_05/raw/api/items/cp/010011000/votedate.json,data_raw/cn_official_legacy/round_05/raw/api/items/cp/010011000/votesex.json,data_raw/cn_official_legacy/round_05/raw/api/items/cp/010011000/votegeo.json,data_raw/cn_official_legacy/round_05/raw/api/items/cp/010011000/votepaper.json,True
5,cp,010011012,data_raw/cn_official_legacy/round_05/raw/api/items/cp/010011012/votedate.json,data_raw/cn_official_legacy/round_05/raw/api/items/cp/010011012/votesex.json,data_raw/cn_official_legacy/round_05/raw/api/items/cp/010011012/votegeo.json,data_raw/cn_official_legacy/round_05/raw/api/items/cp/010011012/votepaper.json,True
5,cp,010011015,data_raw/cn_official_legacy/round_05/raw/api/items/cp/010011015/votedate.json,data_raw/cn_official_legacy/round_05/raw/api/items/cp/010011015/votesex.json,data_raw/cn_official_legacy/round_05/raw/api/items/cp/010011015/votegeo.json,data_raw/cn_official_legacy/round_05/raw/api/items/cp/010011015/votepaper.json,True
5,cp,010011026,data_raw/cn_official_legacy/round_05/raw/api/items/cp/010011026/votedate.json,data_raw/cn_official_legacy/round_05/raw/api/items/cp/010011026/votesex.json,data_raw/cn_official_legacy/round_05/raw/api/items/cp/010011026/votegeo.json,data_raw/cn_official_legacy/round_05/raw/api/items/cp/010011026/votepaper.json,True
5,cp,010011031,data_raw/cn_official_legacy/round_05/raw/api/items/cp/010011031/votedate.json,data_raw/cn_official_legacy/round_05/raw/api/items/cp/010011031/votesex.json,data_raw/cn_official_legacy/round_05/raw/api/items/cp/010011031/votegeo.json,data_raw/cn_official_legacy/round_05/raw/api/items/cp/010011031/votepaper.json,True
5,cp,010011037,data_raw/cn_official_legacy/round_05/raw/api/items/cp/010011037/votedate.json,data_raw/cn_official_legacy/round_05/raw/api/items/cp/010011037/votesex.json,data_raw/cn_official_legacy/round_05/raw/api/items/cp/010011037/votegeo.json,data_raw/cn_official_legacy/round_05/raw/api/items/cp/010011037/votepaper.json,True
5,cp,010011049,data_raw/cn_official_legacy/round_05/raw/api/items/cp/010011049/votedate.json,data_raw/cn_official_legacy/round_05/raw/api/items/cp/010011049/votesex.json,data_raw/cn_official_legacy/round_05/raw/api/items/cp/010011049/votegeo.json,data_raw/cn_official_legacy/round_05/raw/api/items/cp/010011049/votepaper.json,True
5,cp,010011054,data_raw/cn_official_legacy/round_05/raw/api/items/cp/010011054/votedate.json,data_raw/cn_official_legacy/round_05/raw/api/items/cp/010011054/votesex.json,data_raw/cn_official_legacy/round_05/raw/api/items/cp/010011054/votegeo.json,data_raw/cn_official_legacy/round_05/raw/api/items/cp/010011054/votepaper.json,True
5,cp,010011057,data_raw/cn_official_legacy/round_05/raw/api/items/cp/010011057/votedate.json,data_raw/cn_official_legacy/round_05/raw/api/items/cp/010011057/votesex.json,data_raw/cn_official_legacy/round_05/raw/api/items/cp/010011057/votegeo.json,data_raw/cn_official_legacy/round_05/raw/api/items/cp/010011057/votepaper.json,True
5,cp,010011059,data_raw/cn_official_legacy/round_05/raw/api/items/cp/010011059/votedate.json,data_raw/cn_official_legacy/round_05/raw/api/items/cp/010011059/votesex.json,data_raw/cn_official_legacy/round_05/raw/api/items/cp/010011059/votegeo.json,data_raw/cn_official_legacy/round_05/raw/api/items/cp/010011059/votepaper.json,True
5,cp,010011124,data_raw/cn_official_legacy/round_05/raw/api/items/cp/010011124/votedate.json,data_raw/cn_official_legacy/round_05/raw/api/items/cp/010011124/votesex.json,data_raw/cn_official_legacy/round_05/raw/api/items/cp/010011124/votegeo.json,data_raw/cn_official_legacy/round_05/raw/api/items/cp/010011124/votepaper.json,True
5,cp,010015000,data_raw/cn_official_legacy/round_05/raw/api/items/cp/010015000/votedate.json,data_raw/cn_official_legacy/round_05/raw/api/items/cp/010015000/votesex.json,data_raw/cn_official_legacy/round_05/raw/api/items/cp/010015000/votegeo.json,data_raw/cn_official_legacy/round_05/raw/api/items/cp/010015000/votepaper.json,True
5,cp,010020000,data_raw/cn_official_legacy/round_05/raw/api/items/cp/010020000/votedate.json,data_raw/cn_official_legacy/round_05/raw/api/items/cp/010020000/votesex.json,data_raw/cn_official_legacy/round_05/raw/api/items/cp/010020000/votegeo.json,data_raw/cn_official_legacy/round_05/raw/api/items/cp/010020000/votepaper.json,True
5,cp,010021000,data_raw/cn_official_legacy/round_05/raw/api/items/cp/010021000/votedate.json,data_raw/cn_official_legacy/round_05/raw/api/items/cp/010021000/votesex.json,data_raw/cn_official_legacy/round_05/raw/api/items/cp/010021000/votegeo.json,data_raw/cn_official_legacy/round_05/raw/api/items/cp/010021000/votepaper.json,True
5,cp,010029000,data_raw/cn_official_legacy/round_05/raw/api/items/cp/010029000/votedate.json,data_raw/cn_official_legacy/round_05/raw/api/items/cp/010029000/votesex.json,data_raw/cn_official_legacy/round_05/raw/api/items/cp/010029000/votegeo.json,data_raw/cn_official_legacy/round_05/raw/api/items/cp/010029000/votepaper.json,True
5,cp,010032000,data_raw/cn_official_legacy/round_05/raw/api/items/cp/010032000/votedate.json,data_raw/cn_official_legacy/round_05/raw/api/items/cp/010032000/votesex.json,data_raw/cn_official_legacy/round_05/raw/api/items/cp/010032000/votegeo.json,data_raw/cn_official_legacy/round_05/raw/api/items/cp/010032000/votepaper.json,True
5,cp,010032048,data_raw/cn_official_legacy/round_05/raw/api/items/cp/010032048/votedate.json,data_raw/cn_official_legacy/round_05/raw/api/items/cp/010032048/votesex.json,data_raw/cn_official_legacy/round_05/raw/api/items/cp/010032048/votegeo.json,data_raw/cn_official_legacy/round_05/raw/api/items/cp/010032048/votepaper.json,True
5,cp,010033057,data_raw/cn_official_legacy/round_05/raw/api/items/cp/010033057/votedate.json,data_raw/cn_official_legacy/round_05/raw/api/items/cp/010033057/votesex.json,data_raw/cn_official_legacy/round_05/raw/api/items/cp/010033057/votegeo.json,data_raw/cn_official_legacy/round_05/raw/api/items/cp/010033057/votepaper.json,True
5,cp,010035000,data_raw/cn_official_legacy/round_05/raw/api/items/cp/010035000/votedate.json,data_raw/cn_official_legacy/round_05/raw/api/items/cp/010035000/votesex.json,data_raw/cn_official_legacy/round_05/raw/api/items/cp/010035000/votegeo.json,data_raw/cn_official_legacy/round_05/raw/api/items/cp/010035000/votepaper.json,True
5,cp,010041000,data_raw/cn_official_legacy/round_05/raw/api/items/cp/010041000/votedate.json,data_raw/cn_official_legacy/round_05/raw/api/items/cp/010041000/votesex.json,data_raw/cn_official_legacy/round_05/raw/api/items/cp/010041000/votegeo.json,data_raw/cn_official_legacy/round_05/raw/api/items/cp/010041000/votepaper.json,True
5,cp,010047054,data_raw/cn_official_legacy/round_05/raw/api/items/cp/010047054/votedate.json,data_raw/cn_official_legacy/round_05/raw/api/items/cp/010047054/votesex.json,data_raw/cn_official_legacy/round_05/raw/api/items/cp/010047054/votegeo.json,data_raw/cn_official_legacy/round_05/raw/api/items/cp/010047054/votepaper.json,True
5,cp,010049000,data_raw/cn_official_legacy/round_05/raw/api/items/cp/010049000/votedate.json,data_raw/cn_official_legacy/round_05/raw/api/items/cp/010049000/votesex.json,data_raw/cn_official_legacy/round_05/raw/api/items/cp/010049000/votegeo.json,data_raw/cn_official_legacy/round_05/raw/api/items/cp/010049000/votepaper.json,True
5,cp,010054000,data_raw/cn_official_legacy/round_05/raw/api/items/cp/010054000/votedate.json,data_raw/cn_official_legacy/round_05/raw/api/items/cp/010054000/votesex.json,data_raw/cn_official_legacy/round_05/raw/api/items/cp/010054000/votegeo.json,data_raw/cn_official_legacy/round_05/raw/api/items/cp/010054000/votepaper.json,True
5,cp,010054057,data_raw/cn_official_legacy/round_05/raw/api/items/cp/010054057/votedate.json,data_raw/cn_official_legacy/round_05/raw/api/items/cp/010054057/votesex.json,data_raw/cn_official_legacy/round_05/raw/api/items/cp/010054057/votegeo.json,data_raw/cn_official_legacy/round_05/raw/api/items/cp/010054057/votepaper.json,True
5,cp,010054062,data_raw/cn_official_legacy/round_05/raw/api/items/cp/010054062/votedate.json,data_raw/cn_official_legacy/round_05/raw/api/items/cp/010054062/votesex.json,data_raw/cn_official_legacy/round_05/raw/api/items/cp/010054062/votegeo.json,data_raw/cn_official_legacy/round_05/raw/api/items/cp/010054062/votepaper.json,True
5,cp,010054136,data_raw/cn_official_legacy/round_05/raw/api/items/cp/010054136/votedate.json,data_raw/cn_official_legacy/round_05/raw/api/items/cp/010054136/votesex.json,data_raw/cn_official_legacy/round_05/raw/api/items/cp/010054136/votegeo.json,data_raw/cn_official_legacy/round_05/raw/api/items/cp/010054136/votepaper.json,True
5,cp,010057000,data_raw/cn_official_legacy/round_05/raw/api/items/cp/010057000/votedate.json,data_raw/cn_official_legacy/round_05/raw/api/items/cp/010057000/votesex.json,data_raw/cn_official_legacy/round_05/raw/api/items/cp/010057000/votegeo.json,data_raw/cn_official_legacy/round_05/raw/api/items/cp/010057000/votepaper.json,True
5,cp,010064000,data_raw/cn_official_legacy/round_05/raw/api/items/cp/010064000/votedate.json,data_raw/cn_official_legacy/round_05/raw/api/items/cp/010064000/votesex.json,data_raw/cn_official_legacy/round_05/raw/api/items/cp/010064000/votegeo.json,data_raw/cn_official_legacy/round_05/raw/api/items/cp/010064000/votepaper.json,True
5,cp,010081000,data_raw/cn_official_legacy/round_05/raw/api/items/cp/010081000/votedate.json,data_raw/cn_official_legacy/round_05/raw/api/items/cp/010081000/votesex.json,data_raw/cn_official_legacy/round_05/raw/api/items/cp/010081000/votegeo.json,data_raw/cn_official_legacy/round_05/raw/api/items/cp/010081000/votepaper.json,True
5,cp,010136141,data_raw/cn_official_legacy/round_05/raw/api/items/cp/010136141/votedate.json,data_raw/cn_official_legacy/round_05/raw/api/items/cp/010136141/votesex.json,data_raw/cn_official_legacy/round_05/raw/api/items/cp/010136141/votegeo.json,data_raw/cn_official_legacy/round_05/raw/api/items/cp/010136141/votepaper.json,True
5,cp,010189000,data_raw/cn_official_legacy/round_05/raw/api/items/cp/010189000/votedate.json,data_raw/cn_official_legacy/round_05/raw/api/items/cp/010189000/votesex.json,data_raw/cn_official_legacy/round_05/raw/api/items/cp/010189000/votegeo.json,data_raw/cn_official_legacy/round_05/raw/api/items/cp/010189000/votepaper.json,True
5,cp,010200000,data_raw/cn_official_legacy/round_05/raw/api/items/cp/010200000/votedate.json,data_raw/cn_official_legacy/round_05/raw/api/items/cp/010200000/votesex.json,data_raw/cn_official_legacy/round_05/raw/api/items/cp/010200000/votegeo.json,data_raw/cn_official_legacy/round_05/raw/api/items/cp/010200000/votepaper.json,True
5,cp,011011000,data_raw/cn_official_legacy/round_05/raw/api/items/cp/011011000/votedate.json,data_raw/cn_official_legacy/round_05/raw/api/items/cp/011011000/votesex.json,data_raw/cn_official_legacy/round_05/raw/api/items/cp/011011000/votegeo.json,data_raw/cn_official_legacy/round_05/raw/api/items/cp/011011000/votepaper.json,True
5,cp,011015000,data_raw/cn_official_legacy/round_05/raw/api/items/cp/011015000/votedate.json,data_raw/cn_official_legacy/round_05/raw/api/items/cp/011015000/votesex.json,data_raw/cn_official_legacy/round_05/raw/api/items/cp/011015000/votegeo.json,data_raw/cn_official_legacy/round_05/raw/api/items/cp/011015000/votepaper.json,True
5,cp,011015057,data_raw/cn_official_legacy/round_05/raw/api/items/cp/011015057/votedate.json,data_raw/cn_official_legacy/round_05/raw/api/items/cp/011015057/votesex.json,data_raw/cn_official_legacy/round_05/raw/api/items/cp/011015057/votegeo.json,data_raw/cn_official_legacy/round_05/raw/api/items/cp/011015057/votepaper.json,True
5,cp,011021000,data_raw/cn_official_legacy/round_05/raw/api/items/cp/011021000/votedate.json,data_raw/cn_official_legacy/round_05/raw/api/items/cp/011021000/votesex.json,data_raw/cn_official_legacy/round_05/raw/api/items/cp/011021000/votegeo.json,data_raw/cn_official_legacy/round_05/raw/api/items/cp/011021000/votepaper.json,True
5,cp,011026000,data_raw/cn_official_legacy/round_05/raw/api/items/cp/011026000/votedate.json,data_raw/cn_official_legacy/round_05/raw/api/items/cp/011026000/votesex.json,data_raw/cn_official_legacy/round_05/raw/api/items/cp/011026000/votegeo.json,data_raw/cn_official_legacy/round_05/raw/api/items/cp/011026000/votepaper.json,True
5,cp,011030031,data_raw/cn_official_legacy/round_05/raw/api/items/cp/011030031/votedate.json,data_raw/cn_official_legacy/round_05/raw/api/items/cp/011030031/votesex.json,data_raw/cn_official_legacy/round_05/raw/api/items/cp/011030031/votegeo.json,data_raw/cn_official_legacy/round_05/raw/api/items/cp/011030031/votepaper.json,True
5,cp,011033000,data_raw/cn_official_legacy/round_05/raw/api/items/cp/011033000/votedate.json,data_raw/cn_official_legacy/round_05/raw/api/items/cp/011033000/votesex.json,data_raw/cn_official_legacy/round_05/raw/api/items/cp/011033000/votegeo.json,data_raw/cn_official_legacy/round_05/raw/api/items/cp/011033000/votepaper.json,True
5,cp,011033049,data_raw/cn_official_legacy/round_05/raw/api/items/cp/011033049/votedate.json,data_raw/cn_official_legacy/round_05/raw/api/items/cp/011033049/votesex.json,data_raw/cn_official_legacy/round_05/raw/api/items/cp/011033049/votegeo.json,data_raw/cn_official_legacy/round_05/raw/api/items/cp/011033049/votepaper.json,True
5,cp,011034000,data_raw/cn_official_legacy/round_05/raw/api/items/cp/011034000/votedate.json,data_raw/cn_official_legacy/round_05/raw/api/items/cp/011034000/votesex.json,data_raw/cn_official_legacy/round_05/raw/api/items/cp/011034000/votegeo.json,data_raw/cn_official_legacy/round_05/raw/api/items/cp/011034000/votepaper.json,True
5,cp,011034049,data_raw/cn_official_legacy/round_05/raw/api/items/cp/011034049/votedate.json,data_raw/cn_official_legacy/round_05/raw/api/items/cp/011034049/votesex.json,data_raw/cn_official_legacy/round_05/raw/api/items/cp/011034049/votegeo.json,data_raw/cn_official_legacy/round_05/raw/api/items/cp/011034049/votepaper.json,True
5,cp,011035000,data_raw/cn_official_legacy/round_05/raw/api/items/cp/011035000/votedate.json,data_raw/cn_official_legacy/round_05/raw/api/items/cp/011035000/votesex.json,data_raw/cn_official_legacy/round_05/raw/api/items/cp/011035000/votegeo.json,data_raw/cn_official_legacy/round_05/raw/api/items/cp/011035000/votepaper.json,True
5,cp,011037039,data_raw/cn_official_legacy/round_05/raw/api/items/cp/011037039/votedate.json,data_raw/cn_official_legacy/round_05/raw/api/items/cp/011037039/votesex.json,data_raw/cn_official_legacy/round_05/raw/api/items/cp/011037039/votegeo.json,data_raw/cn_official_legacy/round_05/raw/api/items/cp/011037039/votepaper.json,True
5,cp,011039000,data_raw/cn_official_legacy/round_05/raw/api/items/cp/011039000/votedate.json,data_raw/cn_official_legacy/round_05/raw/api/items/cp/011039000/votesex.json,data_raw/cn_official_legacy/round_05/raw/api/items/cp/011039000/votegeo.json,data_raw/cn_official_legacy/round_05/raw/api/items/cp/011039000/votepaper.json,True
5,cp,011041057,data_raw/cn_official_legacy/round_05/raw/api/items/cp/011041057/votedate.json,data_raw/cn_official_legacy/round_05/raw/api/items/cp/011041057/votesex.json,data_raw/cn_official_legacy/round_05/raw/api/items/cp/011041057/votegeo.json,data_raw/cn_official_legacy/round_05/raw/api/items/cp/011041057/votepaper.json,True
5,cp,011049000,data_raw/cn_official_legacy/round_05/raw/api/items/cp/011049000/votedate.json,data_raw/cn_official_legacy/round_05/raw/api/items/cp/011049000/votesex.json,data_raw/cn_official_legacy/round_05/raw/api/items/cp/011049000/votegeo.json,data_raw/cn_official_legacy/round_05/raw/api/items/cp/011049000/votepaper.json,True
5,cp,011054000,data_raw/cn_official_legacy/round_05/raw/api/items/cp/011054000/votedate.json,data_raw/cn_official_legacy/round_05/raw/api/items/cp/011054000/votesex.json,data_raw/cn_official_legacy/round_05/raw/api/items/cp/011054000/votegeo.json,data_raw/cn_official_legacy/round_05/raw/api/items/cp/011054000/votepaper.json,True
5,cp,011054057,data_raw/cn_official_legacy/round_05/raw/api/items/cp/011054057/votedate.json,data_raw/cn_official_legacy/round_05/raw/api/items/cp/011054057/votesex.json,data_raw/cn_official_legacy/round_05/raw/api/items/cp/011054057/votegeo.json,data_raw/cn_official_legacy/round_05/raw/api/items/cp/011054057/votepaper.json,True
5,cp,011054065,data_raw/cn_official_legacy/round_05/raw/api/items/cp/011054065/votedate.json,data_raw/cn_official_legacy/round_05/raw/api/items/cp/011054065/votesex.json,data_raw/cn_official_legacy/round_05/raw/api/items/cp/011054065/votegeo.json,data_raw/cn_official_legacy/round_05/raw/api/items/cp/011054065/votepaper.json,True
5,cp,011057000,data_raw/cn_official_legacy/round_05/raw/api/items/cp/011057000/votedate.json,data_raw/cn_official_legacy/round_05/raw/api/items/cp/011057000/votesex.json,data_raw/cn_official_legacy/round_05/raw/api/items/cp/011057000/votegeo.json,data_raw/cn_official_legacy/round_05/raw/api/items/cp/011057000/votepaper.json,True
5,cp,011057065,data_raw/cn_official_legacy/round_05/raw/api/items/cp/011057065/votedate.json,data_raw/cn_official_legacy/round_05/raw/api/items/cp/011057065/votesex.json,data_raw/cn_official_legacy/round_05/raw/api/items/cp/011057065/votegeo.json,data_raw/cn_official_legacy/round_05/raw/api/items/cp/011057065/votepaper.json,True
5,cp,011057077,data_raw/cn_official_legacy/round_05/raw/api/items/cp/011057077/votedate.json,data_raw/cn_official_legacy/round_05/raw/api/items/cp/011057077/votesex.json,data_raw/cn_official_legacy/round_05/raw/api/items/cp/011057077/votegeo.json,data_raw/cn_official_legacy/round_05/raw/api/items/cp/011057077/votepaper.json,True
5,cp,011057098,data_raw/cn_official_legacy/round_05/raw/api/items/cp/011057098/votedate.json,data_raw/cn_official_legacy/round_05/raw/api/items/cp/011057098/votesex.json,data_raw/cn_official_legacy/round_05/raw/api/items/cp/011057098/votegeo.json,data_raw/cn_official_legacy/round_05/raw/api/items/cp/011057098/votepaper.json,True
5,cp,011069077,data_raw/cn_official_legacy/round_05/raw/api/items/cp/011069077/votedate.json,data_raw/cn_official_legacy/round_05/raw/api/items/cp/011069077/votesex.json,data_raw/cn_official_legacy/round_05/raw/api/items/cp/011069077/votegeo.json,data_raw/cn_official_legacy/round_05/raw/api/items/cp/011069077/votepaper.json,True
5,cp,011098000,data_raw/cn_official_legacy/round_05/raw/api/items/cp/011098000/votedate.json,data_raw/cn_official_legacy/round_05/raw/api/items/cp/011098000/votesex.json,data_raw/cn_official_legacy/round_05/raw/api/items/cp/011098000/votegeo.json,data_raw/cn_official_legacy/round_05/raw/api/items/cp/011098000/votepaper.json,True
5,cp,011118000,data_raw/cn_official_legacy/round_05/raw/api/items/cp/011118000/votedate.json,data_raw/cn_official_legacy/round_05/raw/api/items/cp/011118000/votesex.json,data_raw/cn_official_legacy/round_05/raw/api/items/cp/011118000/votegeo.json,data_raw/cn_official_legacy/round_05/raw/api/items/cp/011118000/votepaper.json,True
5,cp,011134000,data_raw/cn_official_legacy/round_05/raw/api/items/cp/011134000/votedate.json,data_raw/cn_official_legacy/round_05/raw/api/items/cp/011134000/votesex.json,data_raw/cn_official_legacy/round_05/raw/api/items/cp/011134000/votegeo.json,data_raw/cn_official_legacy/round_05/raw/api/items/cp/011134000/votepaper.json,True
5,cp,012023000,data_raw/cn_official_legacy/round_05/raw/api/items/cp/012023000/votedate.json,data_raw/cn_official_legacy/round_05/raw/api/items/cp/012023000/votesex.json,data_raw/cn_official_legacy/round_05/raw/api/items/cp/012023000/votegeo.json,data_raw/cn_official_legacy/round_05/raw/api/items/cp/012023000/votepaper.json,True
5,cp,012024025,data_raw/cn_official_legacy/round_05/raw/api/items/cp/012024025/votedate.json,data_raw/cn_official_legacy/round_05/raw/api/items/cp/012024025/votesex.json,data_raw/cn_official_legacy/round_05/raw/api/items/cp/012024025/votegeo.json,data_raw/cn_official_legacy/round_05/raw/api/items/cp/012024025/votepaper.json,True
5,cp,012025000,data_raw/cn_official_legacy/round_05/raw/api/items/cp/012025000/votedate.json,data_raw/cn_official_legacy/round_05/raw/api/items/cp/012025000/votesex.json,data_raw/cn_official_legacy/round_05/raw/api/items/cp/012025000/votegeo.json,data_raw/cn_official_legacy/round_05/raw/api/items/cp/012025000/votepaper.json,True
5,cp,012025099,data_raw/cn_official_legacy/round_05/raw/api/items/cp/012025099/votedate.json,data_raw/cn_official_legacy/round_05/raw/api/items/cp/012025099/votesex.json,data_raw/cn_official_legacy/round_05/raw/api/items/cp/012025099/votegeo.json,data_raw/cn_official_legacy/round_05/raw/api/items/cp/012025099/votepaper.json,True
5,cp,012030042,data_raw/cn_official_legacy/round_05/raw/api/items/cp/012030042/votedate.json,data_raw/cn_official_legacy/round_05/raw/api/items/cp/012030042/votesex.json,data_raw/cn_official_legacy/round_05/raw/api/items/cp/012030042/votegeo.json,data_raw/cn_official_legacy/round_05/raw/api/items/cp/012030042/votepaper.json,True
5,cp,012037000,data_raw/cn_official_legacy/round_05/raw/api/items/cp/012037000/votedate.json,data_raw/cn_official_legacy/round_05/raw/api/items/cp/012037000/votesex.json,data_raw/cn_official_legacy/round_05/raw/api/items/cp/012037000/votegeo.json,data_raw/cn_official_legacy/round_05/raw/api/items/cp/012037000/votepaper.json,True
5,cp,012084000,data_raw/cn_official_legacy/round_05/raw/api/items/cp/012084000/votedate.json,data_raw/cn_official_legacy/round_05/raw/api/items/cp/012084000/votesex.json,data_raw/cn_official_legacy/round_05/raw/api/items/cp/012084000/votegeo.json,data_raw/cn_official_legacy/round_05/raw/api/items/cp/012084000/votepaper.json,True
5,cp,012137000,data_raw/cn_official_legacy/round_05/raw/api/items/cp/012137000/votedate.json,data_raw/cn_official_legacy/round_05/raw/api/items/cp/012137000/votesex.json,data_raw/cn_official_legacy/round_05/raw/api/items/cp/012137000/votegeo.json,data_raw/cn_official_legacy/round_05/raw/api/items/cp/012137000/votepaper.json,True
5,cp,012138000,data_raw/cn_official_legacy/round_05/raw/api/items/cp/012138000/votedate.json,data_raw/cn_official_legacy/round_05/raw/api/items/cp/012138000/votesex.json,data_raw/cn_official_legacy/round_05/raw/api/items/cp/012138000/votegeo.json,data_raw/cn_official_legacy/round_05/raw/api/items/cp/012138000/votepaper.json,True
5,cp,013016000,data_raw/cn_official_legacy/round_05/raw/api/items/cp/013016000/votedate.json,data_raw/cn_official_legacy/round_05/raw/api/items/cp/013016000/votesex.json,data_raw/cn_official_legacy/round_05/raw/api/items/cp/013016000/votegeo.json,data_raw/cn_official_legacy/round_05/raw/api/items/cp/013016000/votepaper.json,True
5,cp,013018000,data_raw/cn_official_legacy/round_05/raw/api/items/cp/013018000/votedate.json,data_raw/cn_official_legacy/round_05/raw/api/items/cp/013018000/votesex.json,data_raw/cn_official_legacy/round_05/raw/api/items/cp/013018000/votegeo.json,data_raw/cn_official_legacy/round_05/raw/api/items/cp/013018000/votepaper.json,True
5,cp,013023134,data_raw/cn_official_legacy/round_05/raw/api/items/cp/013023134/votedate.json,data_raw/cn_official_legacy/round_05/raw/api/items/cp/013023134/votesex.json,data_raw/cn_official_legacy/round_05/raw/api/items/cp/013023134/votegeo.json,data_raw/cn_official_legacy/round_05/raw/api/items/cp/013023134/votepaper.json,True
5,cp,013023135,data_raw/cn_official_legacy/round_05/raw/api/items/cp/013023135/votedate.json,data_raw/cn_official_legacy/round_05/raw/api/items/cp/013023135/votesex.json,data_raw/cn_official_legacy/round_05/raw/api/items/cp/013023135/votegeo.json,data_raw/cn_official_legacy/round_05/raw/api/items/cp/013023135/votepaper.json,True
5,cp,013034000,data_raw/cn_official_legacy/round_05/raw/api/items/cp/013034000/votedate.json,data_raw/cn_official_legacy/round_05/raw/api/items/cp/013034000/votesex.json,data_raw/cn_official_legacy/round_05/raw/api/items/cp/013034000/votegeo.json,data_raw/cn_official_legacy/round_05/raw/api/items/cp/013034000/votepaper.json,True
5,cp,013042135,data_raw/cn_official_legacy/round_05/raw/api/items/cp/013042135/votedate.json,data_raw/cn_official_legacy/round_05/raw/api/items/cp/013042135/votesex.json,data_raw/cn_official_legacy/round_05/raw/api/items/cp/013042135/votegeo.json,data_raw/cn_official_legacy/round_05/raw/api/items/cp/013042135/votepaper.json,True
5,cp,013087000,data_raw/cn_official_legacy/round_05/raw/api/items/cp/013087000/votedate.json,data_raw/cn_official_legacy/round_05/raw/api/items/cp/013087000/votesex.json,data_raw/cn_official_legacy/round_05/raw/api/items/cp/013087000/votegeo.json,data_raw/cn_official_legacy/round_05/raw/api/items/cp/013087000/votepaper.json,True
5,cp,013087135,data_raw/cn_official_legacy/round_05/raw/api/items/cp/013087135/votedate.json,data_raw/cn_official_legacy/round_05/raw/api/items/cp/013087135/votesex.json,data_raw/cn_official_legacy/round_05/raw/api/items/cp/013087135/votegeo.json,data_raw/cn_official_legacy/round_05/raw/api/items/cp/013087135/votepaper.json,True
5,cp,013134000,data_raw/cn_official_legacy/round_05/raw/api/items/cp/013134000/votedate.json,data_raw/cn_official_legacy/round_05/raw/api/items/cp/013134000/votesex.json,data_raw/cn_official_legacy/round_05/raw/api/items/cp/013134000/votegeo.json,data_raw/cn_official_legacy/round_05/raw/api/items/cp/013134000/votepaper.json,True
5,cp,013134135,data_raw/cn_official_legacy/round_05/raw/api/items/cp/013134135/votedate.json,data_raw/cn_official_legacy/round_05/raw/api/items/cp/013134135/votesex.json,data_raw/cn_official_legacy/round_05/raw/api/items/cp/013134135/votegeo.json,data_raw/cn_official_legacy/round_05/raw/api/items/cp/013134135/votepaper.json,True
5,cp,013135000,data_raw/cn_official_legacy/round_05/raw/api/items/cp/013135000/votedate.json,data_raw/cn_official_legacy/round_05/raw/api/items/cp/013135000/votesex.json,data_raw/cn_official_legacy/round_05/raw/api/items/cp/013135000/votegeo.json,data_raw/cn_official_legacy/round_05/raw/api/items/cp/013135000/votepaper.json,True
5,cp,014015022,data_raw/cn_official_legacy/round_05/raw/api/items/cp/014015022/votedate.json,data_raw/cn_official_legacy/round_05/raw/api/items/cp/014015022/votesex.json,data_raw/cn_official_legacy/round_05/raw/api/items/cp/014015022/votegeo.json,data_raw/cn_official_legacy/round_05/raw/api/items/cp/014015022/votepaper.json,True
5,cp,014020000,data_raw/cn_official_legacy/round_05/raw/api/items/cp/014020000/votedate.json,data_raw/cn_official_legacy/round_05/raw/api/items/cp/014020000/votesex.json,data_raw/cn_official_legacy/round_05/raw/api/items/cp/014020000/votegeo.json,data_raw/cn_official_legacy/round_05/raw/api/items/cp/014020000/votepaper.json,True
5,cp,014021023,data_raw/cn_official_legacy/round_05/raw/api/items/cp/014021023/votedate.json,data_raw/cn_official_legacy/round_05/raw/api/items/cp/014021023/votesex.json,data_raw/cn_official_legacy/round_05/raw/api/items/cp/014021023/votegeo.json,data_raw/cn_official_legacy/round_05/raw/api/items/cp/014021023/votepaper.json,True
5,cp,014022000,data_raw/cn_official_legacy/round_05/raw/api/items/cp/014022000/votedate.json,data_raw/cn_official_legacy/round_05/raw/api/items/cp/014022000/votesex.json,data_raw/cn_official_legacy/round_05/raw/api/items/cp/014022000/votegeo.json,data_raw/cn_official_legacy/round_05/raw/api/items/cp/014022000/votepaper.json,True
5,cp,014022023,data_raw/cn_official_legacy/round_05/raw/api/items/cp/014022023/votedate.json,data_raw/cn_official_legacy/round_05/raw/api/items/cp/014022023/votesex.json,data_raw/cn_official_legacy/round_05/raw/api/items/cp/014022023/votegeo.json,data_raw/cn_official_legacy/round_05/raw/api/items/cp/014022023/votepaper.json,True
5,cp,014022099,data_raw/cn_official_legacy/round_05/raw/api/items/cp/014022099/votedate.json,data_raw/cn_official_legacy/round_05/raw/api/items/cp/014022099/votesex.json,data_raw/cn_official_legacy/round_05/raw/api/items/cp/014022099/votegeo.json,data_raw/cn_official_legacy/round_05/raw/api/items/cp/014022099/votepaper.json,True
5,cp,014030000,data_raw/cn_official_legacy/round_05/raw/api/items/cp/014030000/votedate.json,data_raw/cn_official_legacy/round_05/raw/api/items/cp/014030000/votesex.json,data_raw/cn_official_legacy/round_05/raw/api/items/cp/014030000/votegeo.json,data_raw/cn_official_legacy/round_05/raw/api/items/cp/014030000/votepaper.json,True
5,cp,014037000,data_raw/cn_official_legacy/round_05/raw/api/items/cp/014037000/votedate.json,data_raw/cn_official_legacy/round_05/raw/api/items/cp/014037000/votesex.json,data_raw/cn_official_legacy/round_05/raw/api/items/cp/014037000/votegeo.json,data_raw/cn_official_legacy/round_05/raw/api/items/cp/014037000/votepaper.json,True
5,cp,014040120,data_raw/cn_official_legacy/round_05/raw/api/items/cp/014040120/votedate.json,data_raw/cn_official_legacy/round_05/raw/api/items/cp/014040120/votesex.json,data_raw/cn_official_legacy/round_05/raw/api/items/cp/014040120/votegeo.json,data_raw/cn_official_legacy/round_05/raw/api/items/cp/014040120/votepaper.json,True
5,cp,014044058,data_raw/cn_official_legacy/round_05/raw/api/items/cp/014044058/votedate.json,data_raw/cn_official_legacy/round_05/raw/api/items/cp/014044058/votesex.json,data_raw/cn_official_legacy/round_05/raw/api/items/cp/014044058/votegeo.json,data_raw/cn_official_legacy/round_05/raw/api/items/cp/014044058/votepaper.json,True
5,cp,014055000,data_raw/cn_official_legacy/round_05/raw/api/items/cp/014055000/votedate.json,data_raw/cn_official_legacy/round_05/raw/api/items/cp/014055000/votesex.json,data_raw/cn_official_legacy/round_05/raw/api/items/cp/014055000/votegeo.json,data_raw/cn_official_legacy/round_05/raw/api/items/cp/014055000/votepaper.json,True
5,cp,014055058,data_raw/cn_official_legacy/round_05/raw/api/items/cp/014055058/votedate.json,data_raw/cn_official_legacy/round_05/raw/api/items/cp/014055058/votesex.json,data_raw/cn_official_legacy/round_05/raw/api/items/cp/014055058/votegeo.json,data_raw/cn_official_legacy/round_05/raw/api/items/cp/014055058/votepaper.json,True
5,cp,014055063,data_raw/cn_official_legacy/round_05/raw/api/items/cp/014055063/votedate.json,data_raw/cn_official_legacy/round_05/raw/api/items/cp/014055063/votesex.json,data_raw/cn_official_legacy/round_05/raw/api/items/cp/014055063/votegeo.json,data_raw/cn_official_legacy/round_05/raw/api/items/cp/014055063/votepaper.json,True
5,cp,014058000,data_raw/cn_official_legacy/round_05/raw/api/items/cp/014058000/votedate.json,data_raw/cn_official_legacy/round_05/raw/api/items/cp/014058000/votesex.json,data_raw/cn_official_legacy/round_05/raw/api/items/cp/014058000/votegeo.json,data_raw/cn_official_legacy/round_05/raw/api/items/cp/014058000/votepaper.json,True
5,cp,014059065,data_raw/cn_official_legacy/round_05/raw/api/items/cp/014059065/votedate.json,data_raw/cn_official_legacy/round_05/raw/api/items/cp/014059065/votesex.json,data_raw/cn_official_legacy/round_05/raw/api/items/cp/014059065/votegeo.json,data_raw/cn_official_legacy/round_05/raw/api/items/cp/014059065/votepaper.json,True
5,cp,014065000,data_raw/cn_official_legacy/round_05/raw/api/items/cp/014065000/votedate.json,data_raw/cn_official_legacy/round_05/raw/api/items/cp/014065000/votesex.json,data_raw/cn_official_legacy/round_05/raw/api/items/cp/014065000/votegeo.json,data_raw/cn_official_legacy/round_05/raw/api/items/cp/014065000/votepaper.json,True
5,cp,014065084,data_raw/cn_official_legacy/round_05/raw/api/items/cp/014065084/votedate.json,data_raw/cn_official_legacy/round_05/raw/api/items/cp/014065084/votesex.json,data_raw/cn_official_legacy/round_05/raw/api/items/cp/014065084/votegeo.json,data_raw/cn_official_legacy/round_05/raw/api/items/cp/014065084/votepaper.json,True
5,cp,014070000,data_raw/cn_official_legacy/round_05/raw/api/items/cp/014070000/votedate.json,data_raw/cn_official_legacy/round_05/raw/api/items/cp/014070000/votesex.json,data_raw/cn_official_legacy/round_05/raw/api/items/cp/014070000/votegeo.json,data_raw/cn_official_legacy/round_05/raw/api/items/cp/014070000/votepaper.json,True
5,cp,014179000,data_raw/cn_official_legacy/round_05/raw/api/items/cp/014179000/votedate.json,data_raw/cn_official_legacy/round_05/raw/api/items/cp/014179000/votesex.json,data_raw/cn_official_legacy/round_05/raw/api/items/cp/014179000/votegeo.json,data_raw/cn_official_legacy/round_05/raw/api/items/cp/014179000/votepaper.json,True
5,cp,015015000,data_raw/cn_official_legacy/round_05/raw/api/items/cp/015015000/votedate.json,data_raw/cn_official_legacy/round_05/raw/api/items/cp/015015000/votesex.json,data_raw/cn_official_legacy/round_05/raw/api/items/cp/015015000/votegeo.json,data_raw/cn_official_legacy/round_05/raw/api/items/cp/015015000/votepaper.json,True
5,cp,015020021,data_raw/cn_official_legacy/round_05/raw/api/items/cp/015020021/votedate.json,data_raw/cn_official_legacy/round_05/raw/api/items/cp/015020021/votesex.json,data_raw/cn_official_legacy/round_05/raw/api/items/cp/015020021/votegeo.json,data_raw/cn_official_legacy/round_05/raw/api/items/cp/015020021/votepaper.json,True
5,cp,015023133,data_raw/cn_official_legacy/round_05/raw/api/items/cp/015023133/votedate.json,data_raw/cn_official_legacy/round_05/raw/api/items/cp/015023133/votesex.json,data_raw/cn_official_legacy/round_05/raw/api/items/cp/015023133/votegeo.json,data_raw/cn_official_legacy/round_05/raw/api/items/cp/015023133/votepaper.json,True
5,cp,015026000,data_raw/cn_official_legacy/round_05/raw/api/items/cp/015026000/votedate.json,data_raw/cn_official_legacy/round_05/raw/api/items/cp/015026000/votesex.json,data_raw/cn_official_legacy/round_05/raw/api/items/cp/015026000/votegeo.json,data_raw/cn_official_legacy/round_05/raw/api/items/cp/015026000/votepaper.json,True
5,cp,015027000,data_raw/cn_official_legacy/round_05/raw/api/items/cp/015027000/votedate.json,data_raw/cn_official_legacy/round_05/raw/api/items/cp/015027000/votesex.json,data_raw/cn_official_legacy/round_05/raw/api/items/cp/015027000/votegeo.json,data_raw/cn_official_legacy/round_05/raw/api/items/cp/015027000/votepaper.json,True
5,cp,015031000,data_raw/cn_official_legacy/round_05/raw/api/items/cp/015031000/votedate.json,data_raw/cn_official_legacy/round_05/raw/api/items/cp/015031000/votesex.json,data_raw/cn_official_legacy/round_05/raw/api/items/cp/015031000/votegeo.json,data_raw/cn_official_legacy/round_05/raw/api/items/cp/015031000/votepaper.json,True
5,cp,015032037,data_raw/cn_official_legacy/round_05/raw/api/items/cp/015032037/votedate.json,data_raw/cn_official_legacy/round_05/raw/api/items/cp/015032037/votesex.json,data_raw/cn_official_legacy/round_05/raw/api/items/cp/015032037/votegeo.json,data_raw/cn_official_legacy/round_05/raw/api/items/cp/015032037/votepaper.json,True
5,cp,015035000,data_raw/cn_official_legacy/round_05/raw/api/items/cp/015035000/votedate.json,data_raw/cn_official_legacy/round_05/raw/api/items/cp/015035000/votesex.json,data_raw/cn_official_legacy/round_05/raw/api/items/cp/015035000/votegeo.json,data_raw/cn_official_legacy/round_05/raw/api/items/cp/015035000/votepaper.json,True
5,cp,015035056,data_raw/cn_official_legacy/round_05/raw/api/items/cp/015035056/votedate.json,data_raw/cn_official_legacy/round_05/raw/api/items/cp/015035056/votesex.json,data_raw/cn_official_legacy/round_05/raw/api/items/cp/015035056/votegeo.json,data_raw/cn_official_legacy/round_05/raw/api/items/cp/015035056/votepaper.json,True
5,cp,015036000,data_raw/cn_official_legacy/round_05/raw/api/items/cp/015036000/votedate.json,data_raw/cn_official_legacy/round_05/raw/api/items/cp/015036000/votesex.json,data_raw/cn_official_legacy/round_05/raw/api/items/cp/015036000/votegeo.json,data_raw/cn_official_legacy/round_05/raw/api/items/cp/015036000/votepaper.json,True
5,cp,015036037,data_raw/cn_official_legacy/round_05/raw/api/items/cp/015036037/votedate.json,data_raw/cn_official_legacy/round_05/raw/api/items/cp/015036037/votesex.json,data_raw/cn_official_legacy/round_05/raw/api/items/cp/015036037/votegeo.json,data_raw/cn_official_legacy/round_05/raw/api/items/cp/015036037/votepaper.json,True
5,cp,015036183,data_raw/cn_official_legacy/round_05/raw/api/items/cp/015036183/votedate.json,data_raw/cn_official_legacy/round_05/raw/api/items/cp/015036183/votesex.json,data_raw/cn_official_legacy/round_05/raw/api/items/cp/015036183/votegeo.json,data_raw/cn_official_legacy/round_05/raw/api/items/cp/015036183/votepaper.json,True
5,cp,015037000,data_raw/cn_official_legacy/round_05/raw/api/items/cp/015037000/votedate.json,data_raw/cn_official_legacy/round_05/raw/api/items/cp/015037000/votesex.json,data_raw/cn_official_legacy/round_05/raw/api/items/cp/015037000/votegeo.json,data_raw/cn_official_legacy/round_05/raw/api/items/cp/015037000/votepaper.json,True
5,cp,015037133,data_raw/cn_official_legacy/round_05/raw/api/items/cp/015037133/votedate.json,data_raw/cn_official_legacy/round_05/raw/api/items/cp/015037133/votesex.json,data_raw/cn_official_legacy/round_05/raw/api/items/cp/015037133/votegeo.json,data_raw/cn_official_legacy/round_05/raw/api/items/cp/015037133/votepaper.json,True
5,cp,015037183,data_raw/cn_official_legacy/round_05/raw/api/items/cp/015037183/votedate.json,data_raw/cn_official_legacy/round_05/raw/api/items/cp/015037183/votesex.json,data_raw/cn_official_legacy/round_05/raw/api/items/cp/015037183/votegeo.json,data_raw/cn_official_legacy/round_05/raw/api/items/cp/015037183/votepaper.json,True
5,cp,015045000,data_raw/cn_official_legacy/round_05/raw/api/items/cp/015045000/votedate.json,data_raw/cn_official_legacy/round_05/raw/api/items/cp/015045000/votesex.json,data_raw/cn_official_legacy/round_05/raw/api/items/cp/015045000/votegeo.json,data_raw/cn_official_legacy/round_05/raw/api/items/cp/015045000/votepaper.json,True
5,cp,015049000,data_raw/cn_official_legacy/round_05/raw/api/items/cp/015049000/votedate.json,data_raw/cn_official_legacy/round_05/raw/api/items/cp/015049000/votesex.json,data_raw/cn_official_legacy/round_05/raw/api/items/cp/015049000/votegeo.json,data_raw/cn_official_legacy/round_05/raw/api/items/cp/015049000/votepaper.json,True
5,cp,015052000,data_raw/cn_official_legacy/round_05/raw/api/items/cp/015052000/votedate.json,data_raw/cn_official_legacy/round_05/raw/api/items/cp/015052000/votesex.json,data_raw/cn_official_legacy/round_05/raw/api/items/cp/015052000/votegeo.json,data_raw/cn_official_legacy/round_05/raw/api/items/cp/015052000/votepaper.json,True
5,cp,015054000,data_raw/cn_official_legacy/round_05/raw/api/items/cp/015054000/votedate.json,data_raw/cn_official_legacy/round_05/raw/api/items/cp/015054000/votesex.json,data_raw/cn_official_legacy/round_05/raw/api/items/cp/015054000/votegeo.json,data_raw/cn_official_legacy/round_05/raw/api/items/cp/015054000/votepaper.json,True
5,cp,015057200,data_raw/cn_official_legacy/round_05/raw/api/items/cp/015057200/votedate.json,data_raw/cn_official_legacy/round_05/raw/api/items/cp/015057200/votesex.json,data_raw/cn_official_legacy/round_05/raw/api/items/cp/015057200/votegeo.json,data_raw/cn_official_legacy/round_05/raw/api/items/cp/015057200/votepaper.json,True
5,cp,015058000,data_raw/cn_official_legacy/round_05/raw/api/items/cp/015058000/votedate.json,data_raw/cn_official_legacy/round_05/raw/api/items/cp/015058000/votesex.json,data_raw/cn_official_legacy/round_05/raw/api/items/cp/015058000/votegeo.json,data_raw/cn_official_legacy/round_05/raw/api/items/cp/015058000/votepaper.json,True
5,cp,015077000,data_raw/cn_official_legacy/round_05/raw/api/items/cp/015077000/votedate.json,data_raw/cn_official_legacy/round_05/raw/api/items/cp/015077000/votesex.json,data_raw/cn_official_legacy/round_05/raw/api/items/cp/015077000/votegeo.json,data_raw/cn_official_legacy/round_05/raw/api/items/cp/015077000/votepaper.json,True
5,cp,015090000,data_raw/cn_official_legacy/round_05/raw/api/items/cp/015090000/votedate.json,data_raw/cn_official_legacy/round_05/raw/api/items/cp/015090000/votesex.json,data_raw/cn_official_legacy/round_05/raw/api/items/cp/015090000/votegeo.json,data_raw/cn_official_legacy/round_05/raw/api/items/cp/015090000/votepaper.json,True
5,cp,015102000,data_raw/cn_official_legacy/round_05/raw/api/items/cp/015102000/votedate.json,data_raw/cn_official_legacy/round_05/raw/api/items/cp/015102000/votesex.json,data_raw/cn_official_legacy/round_05/raw/api/items/cp/015102000/votegeo.json,data_raw/cn_official_legacy/round_05/raw/api/items/cp/015102000/votepaper.json,True
5,cp,015102133,data_raw/cn_official_legacy/round_05/raw/api/items/cp/015102133/votedate.json,data_raw/cn_official_legacy/round_05/raw/api/items/cp/015102133/votesex.json,data_raw/cn_official_legacy/round_05/raw/api/items/cp/015102133/votegeo.json,data_raw/cn_official_legacy/round_05/raw/api/items/cp/015102133/votepaper.json,True
5,cp,015129000,data_raw/cn_official_legacy/round_05/raw/api/items/cp/015129000/votedate.json,data_raw/cn_official_legacy/round_05/raw/api/items/cp/015129000/votesex.json,data_raw/cn_official_legacy/round_05/raw/api/items/cp/015129000/votegeo.json,data_raw/cn_official_legacy/round_05/raw/api/items/cp/015129000/votepaper.json,True
5,cp,015132133,data_raw/cn_official_legacy/round_05/raw/api/items/cp/015132133/votedate.json,data_raw/cn_official_legacy/round_05/raw/api/items/cp/015132133/votesex.json,data_raw/cn_official_legacy/round_05/raw/api/items/cp/015132133/votegeo.json,data_raw/cn_official_legacy/round_05/raw/api/items/cp/015132133/votepaper.json,True
5,cp,015133000,data_raw/cn_official_legacy/round_05/raw/api/items/cp/015133000/votedate.json,data_raw/cn_official_legacy/round_05/raw/api/items/cp/015133000/votesex.json,data_raw/cn_official_legacy/round_05/raw/api/items/cp/015133000/votegeo.json,data_raw/cn_official_legacy/round_05/raw/api/items/cp/015133000/votepaper.json,True
5,cp,015133183,data_raw/cn_official_legacy/round_05/raw/api/items/cp/015133183/votedate.json,data_raw/cn_official_legacy/round_05/raw/api/items/cp/015133183/votesex.json,data_raw/cn_official_legacy/round_05/raw/api/items/cp/015133183/votegeo.json,data_raw/cn_official_legacy/round_05/raw/api/items/cp/015133183/votepaper.json,True
5,cp,015183000,data_raw/cn_official_legacy/round_05/raw/api/items/cp/015183000/votedate.json,data_raw/cn_official_legacy/round_05/raw/api/items/cp/015183000/votesex.json,data_raw/cn_official_legacy/round_05/raw/api/items/cp/015183000/votegeo.json,data_raw/cn_official_legacy/round_05/raw/api/items/cp/015183000/votepaper.json,True
5,cp,016016000,data_raw/cn_official_legacy/round_05/raw/api/items/cp/016016000/votedate.json,data_raw/cn_official_legacy/round_05/raw/api/items/cp/016016000/votesex.json,data_raw/cn_official_legacy/round_05/raw/api/items/cp/016016000/votegeo.json,data_raw/cn_official_legacy/round_05/raw/api/items/cp/016016000/votepaper.json,True
5,cp,016021000,data_raw/cn_official_legacy/round_05/raw/api/items/cp/016021000/votedate.json,data_raw/cn_official_legacy/round_05/raw/api/items/cp/016021000/votesex.json,data_raw/cn_official_legacy/round_05/raw/api/items/cp/016021000/votegeo.json,data_raw/cn_official_legacy/round_05/raw/api/items/cp/016021000/votepaper.json,True
5,cp,016027028,data_raw/cn_official_legacy/round_05/raw/api/items/cp/016027028/votedate.json,data_raw/cn_official_legacy/round_05/raw/api/items/cp/016027028/votesex.json,data_raw/cn_official_legacy/round_05/raw/api/items/cp/016027028/votegeo.json,data_raw/cn_official_legacy/round_05/raw/api/items/cp/016027028/votepaper.json,True
5,cp,016036037,data_raw/cn_official_legacy/round_05/raw/api/items/cp/016036037/votedate.json,data_raw/cn_official_legacy/round_05/raw/api/items/cp/016036037/votesex.json,data_raw/cn_official_legacy/round_05/raw/api/items/cp/016036037/votegeo.json,data_raw/cn_official_legacy/round_05/raw/api/items/cp/016036037/votepaper.json,True
5,cp,016037000,data_raw/cn_official_legacy/round_05/raw/api/items/cp/016037000/votedate.json,data_raw/cn_official_legacy/round_05/raw/api/items/cp/016037000/votesex.json,data_raw/cn_official_legacy/round_05/raw/api/items/cp/016037000/votegeo.json,data_raw/cn_official_legacy/round_05/raw/api/items/cp/016037000/votepaper.json,True
5,cp,016038039,data_raw/cn_official_legacy/round_05/raw/api/items/cp/016038039/votedate.json,data_raw/cn_official_legacy/round_05/raw/api/items/cp/016038039/votesex.json,data_raw/cn_official_legacy/round_05/raw/api/items/cp/016038039/votegeo.json,data_raw/cn_official_legacy/round_05/raw/api/items/cp/016038039/votepaper.json,True
5,cp,016040041,data_raw/cn_official_legacy/round_05/raw/api/items/cp/016040041/votedate.json,data_raw/cn_official_legacy/round_05/raw/api/items/cp/016040041/votesex.json,data_raw/cn_official_legacy/round_05/raw/api/items/cp/016040041/votegeo.json,data_raw/cn_official_legacy/round_05/raw/api/items/cp/016040041/votepaper.json,True
5,cp,016042000,data_raw/cn_official_legacy/round_05/raw/api/items/cp/016042000/votedate.json,data_raw/cn_official_legacy/round_05/raw/api/items/cp/016042000/votesex.json,data_raw/cn_official_legacy/round_05/raw/api/items/cp/016042000/votegeo.json,data_raw/cn_official_legacy/round_05/raw/api/items/cp/016042000/votepaper.json,True
5,cp,016048049,data_raw/cn_official_legacy/round_05/raw/api/items/cp/016048049/votedate.json,data_raw/cn_official_legacy/round_05/raw/api/items/cp/016048049/votesex.json,data_raw/cn_official_legacy/round_05/raw/api/items/cp/016048049/votegeo.json,data_raw/cn_official_legacy/round_05/raw/api/items/cp/016048049/votepaper.json,True
5,cp,016070000,data_raw/cn_official_legacy/round_05/raw/api/items/cp/016070000/votedate.json,data_raw/cn_official_legacy/round_05/raw/api/items/cp/016070000/votesex.json,data_raw/cn_official_legacy/round_05/raw/api/items/cp/016070000/votegeo.json,data_raw/cn_official_legacy/round_05/raw/api/items/cp/016070000/votepaper.json,True
5,cp,016098000,data_raw/cn_official_legacy/round_05/raw/api/items/cp/016098000/votedate.json,data_raw/cn_official_legacy/round_05/raw/api/items/cp/016098000/votesex.json,data_raw/cn_official_legacy/round_05/raw/api/items/cp/016098000/votegeo.json,data_raw/cn_official_legacy/round_05/raw/api/items/cp/016098000/votepaper.json,True
5,cp,017018019,data_raw/cn_official_legacy/round_05/raw/api/items/cp/017018019/votedate.json,data_raw/cn_official_legacy/round_05/raw/api/items/cp/017018019/votesex.json,data_raw/cn_official_legacy/round_05/raw/api/items/cp/017018019/votegeo.json,data_raw/cn_official_legacy/round_05/raw/api/items/cp/017018019/votepaper.json,True
5,cp,017018025,data_raw/cn_official_legacy/round_05/raw/api/items/cp/017018025/votedate.json,data_raw/cn_official_legacy/round_05/raw/api/items/cp/017018025/votesex.json,data_raw/cn_official_legacy/round_05/raw/api/items/cp/017018025/votegeo.json,data_raw/cn_official_legacy/round_05/raw/api/items/cp/017018025/votepaper.json,True
5,cp,017023025,data_raw/cn_official_legacy/round_05/raw/api/items/cp/017023025/votedate.json,data_raw/cn_official_legacy/round_05/raw/api/items/cp/017023025/votesex.json,data_raw/cn_official_legacy/round_05/raw/api/items/cp/017023025/votegeo.json,data_raw/cn_official_legacy/round_05/raw/api/items/cp/017023025/votepaper.json,True
5,cp,017025000,data_raw/cn_official_legacy/round_05/raw/api/items/cp/017025000/votedate.json,data_raw/cn_official_legacy/round_05/raw/api/items/cp/017025000/votesex.json,data_raw/cn_official_legacy/round_05/raw/api/items/cp/017025000/votegeo.json,data_raw/cn_official_legacy/round_05/raw/api/items/cp/017025000/votepaper.json,True
5,cp,017140000,data_raw/cn_official_legacy/round_05/raw/api/items/cp/017140000/votedate.json,data_raw/cn_official_legacy/round_05/raw/api/items/cp/017140000/votesex.json,data_raw/cn_official_legacy/round_05/raw/api/items/cp/017140000/votegeo.json,data_raw/cn_official_legacy/round_05/raw/api/items/cp/017140000/votepaper.json,True
5,cp,018023000,data_raw/cn_official_legacy/round_05/raw/api/items/cp/018023000/votedate.json,data_raw/cn_official_legacy/round_05/raw/api/items/cp/018023000/votesex.json,data_raw/cn_official_legacy/round_05/raw/api/items/cp/018023000/votegeo.json,data_raw/cn_official_legacy/round_05/raw/api/items/cp/018023000/votepaper.json,True
5,cp,018074075,data_raw/cn_official_legacy/round_05/raw/api/items/cp/018074075/votedate.json,data_raw/cn_official_legacy/round_05/raw/api/items/cp/018074075/votesex.json,data_raw/cn_official_legacy/round_05/raw/api/items/cp/018074075/votegeo.json,data_raw/cn_official_legacy/round_05/raw/api/items/cp/018074075/votepaper.json,True
5,cp,019028070,data_raw/cn_official_legacy/round_05/raw/api/items/cp/019028070/votedate.json,data_raw/cn_official_legacy/round_05/raw/api/items/cp/019028070/votesex.json,data_raw/cn_official_legacy/round_05/raw/api/items/cp/019028070/votegeo.json,data_raw/cn_official_legacy/round_05/raw/api/items/cp/019028070/votepaper.json,True
5,cp,019086193,data_raw/cn_official_legacy/round_05/raw/api/items/cp/019086193/votedate.json,data_raw/cn_official_legacy/round_05/raw/api/items/cp/019086193/votesex.json,data_raw/cn_official_legacy/round_05/raw/api/items/cp/019086193/votegeo.json,data_raw/cn_official_legacy/round_05/raw/api/items/cp/019086193/votepaper.json,True
5,cp,020020000,data_raw/cn_official_legacy/round_05/raw/api/items/cp/020020000/votedate.json,data_raw/cn_official_legacy/round_05/raw/api/items/cp/020020000/votesex.json,data_raw/cn_official_legacy/round_05/raw/api/items/cp/020020000/votegeo.json,data_raw/cn_official_legacy/round_05/raw/api/items/cp/020020000/votepaper.json,True
5,cp,020021000,data_raw/cn_official_legacy/round_05/raw/api/items/cp/020021000/votedate.json,data_raw/cn_official_legacy/round_05/raw/api/items/cp/020021000/votesex.json,data_raw/cn_official_legacy/round_05/raw/api/items/cp/020021000/votegeo.json,data_raw/cn_official_legacy/round_05/raw/api/items/cp/020021000/votepaper.json,True
5,cp,020021023,data_raw/cn_official_legacy/round_05/raw/api/items/cp/020021023/votedate.json,data_raw/cn_official_legacy/round_05/raw/api/items/cp/020021023/votesex.json,data_raw/cn_official_legacy/round_05/raw/api/items/cp/020021023/votegeo.json,data_raw/cn_official_legacy/round_05/raw/api/items/cp/020021023/votepaper.json,True
5,cp,020021024,data_raw/cn_official_legacy/round_05/raw/api/items/cp/020021024/votedate.json,data_raw/cn_official_legacy/round_05/raw/api/items/cp/020021024/votesex.json,data_raw/cn_official_legacy/round_05/raw/api/items/cp/020021024/votegeo.json,data_raw/cn_official_legacy/round_05/raw/api/items/cp/020021024/votepaper.json,True
5,cp,020021028,data_raw/cn_official_legacy/round_05/raw/api/items/cp/020021028/votedate.json,data_raw/cn_official_legacy/round_05/raw/api/items/cp/020021028/votesex.json,data_raw/cn_official_legacy/round_05/raw/api/items/cp/020021028/votegeo.json,data_raw/cn_official_legacy/round_05/raw/api/items/cp/020021028/votepaper.json,True
5,cp,020021031,data_raw/cn_official_legacy/round_05/raw/api/items/cp/020021031/votedate.json,data_raw/cn_official_legacy/round_05/raw/api/items/cp/020021031/votesex.json,data_raw/cn_official_legacy/round_05/raw/api/items/cp/020021031/votegeo.json,data_raw/cn_official_legacy/round_05/raw/api/items/cp/020021031/votepaper.json,True
5,cp,020021088,data_raw/cn_official_legacy/round_05/raw/api/items/cp/020021088/votedate.json,data_raw/cn_official_legacy/round_05/raw/api/items/cp/020021088/votesex.json,data_raw/cn_official_legacy/round_05/raw/api/items/cp/020021088/votegeo.json,data_raw/cn_official_legacy/round_05/raw/api/items/cp/020021088/votepaper.json,True
5,cp,020023000,data_raw/cn_official_legacy/round_05/raw/api/items/cp/020023000/votedate.json,data_raw/cn_official_legacy/round_05/raw/api/items/cp/020023000/votesex.json,data_raw/cn_official_legacy/round_05/raw/api/items/cp/020023000/votegeo.json,data_raw/cn_official_legacy/round_05/raw/api/items/cp/020023000/votepaper.json,True
5,cp,020024000,data_raw/cn_official_legacy/round_05/raw/api/items/cp/020024000/votedate.json,data_raw/cn_official_legacy/round_05/raw/api/items/cp/020024000/votesex.json,data_raw/cn_official_legacy/round_05/raw/api/items/cp/020024000/votegeo.json,data_raw/cn_official_legacy/round_05/raw/api/items/cp/020024000/votepaper.json,True
5,cp,020026000,data_raw/cn_official_legacy/round_05/raw/api/items/cp/020026000/votedate.json,data_raw/cn_official_legacy/round_05/raw/api/items/cp/020026000/votesex.json,data_raw/cn_official_legacy/round_05/raw/api/items/cp/020026000/votegeo.json,data_raw/cn_official_legacy/round_05/raw/api/items/cp/020026000/votepaper.json,True
5,cp,020026039,data_raw/cn_official_legacy/round_05/raw/api/items/cp/020026039/votedate.json,data_raw/cn_official_legacy/round_05/raw/api/items/cp/020026039/votesex.json,data_raw/cn_official_legacy/round_05/raw/api/items/cp/020026039/votegeo.json,data_raw/cn_official_legacy/round_05/raw/api/items/cp/020026039/votepaper.json,True
5,cp,020027034,data_raw/cn_official_legacy/round_05/raw/api/items/cp/020027034/votedate.json,data_raw/cn_official_legacy/round_05/raw/api/items/cp/020027034/votesex.json,data_raw/cn_official_legacy/round_05/raw/api/items/cp/020027034/votegeo.json,data_raw/cn_official_legacy/round_05/raw/api/items/cp/020027034/votepaper.json,True
5,cp,020029034,data_raw/cn_official_legacy/round_05/raw/api/items/cp/020029034/votedate.json,data_raw/cn_official_legacy/round_05/raw/api/items/cp/020029034/votesex.json,data_raw/cn_official_legacy/round_05/raw/api/items/cp/020029034/votegeo.json,data_raw/cn_official_legacy/round_05/raw/api/items/cp/020029034/votepaper.json,True
5,cp,020030031,data_raw/cn_official_legacy/round_05/raw/api/items/cp/020030031/votedate.json,data_raw/cn_official_legacy/round_05/raw/api/items/cp/020030031/votesex.json,data_raw/cn_official_legacy/round_05/raw/api/items/cp/020030031/votegeo.json,data_raw/cn_official_legacy/round_05/raw/api/items/cp/020030031/votepaper.json,True
5,cp,020031000,data_raw/cn_official_legacy/round_05/raw/api/items/cp/020031000/votedate.json,data_raw/cn_official_legacy/round_05/raw/api/items/cp/020031000/votesex.json,data_raw/cn_official_legacy/round_05/raw/api/items/cp/020031000/votegeo.json,data_raw/cn_official_legacy/round_05/raw/api/items/cp/020031000/votepaper.json,True
5,cp,020031032,data_raw/cn_official_legacy/round_05/raw/api/items/cp/020031032/votedate.json,data_raw/cn_official_legacy/round_05/raw/api/items/cp/020031032/votesex.json,data_raw/cn_official_legacy/round_05/raw/api/items/cp/020031032/votegeo.json,data_raw/cn_official_legacy/round_05/raw/api/items/cp/020031032/votepaper.json,True
5,cp,020031033,data_raw/cn_official_legacy/round_05/raw/api/items/cp/020031033/votedate.json,data_raw/cn_official_legacy/round_05/raw/api/items/cp/020031033/votesex.json,data_raw/cn_official_legacy/round_05/raw/api/items/cp/020031033/votegeo.json,data_raw/cn_official_legacy/round_05/raw/api/items/cp/020031033/votepaper.json,True
5,cp,020031045,data_raw/cn_official_legacy/round_05/raw/api/items/cp/020031045/votedate.json,data_raw/cn_official_legacy/round_05/raw/api/items/cp/020031045/votesex.json,data_raw/cn_official_legacy/round_05/raw/api/items/cp/020031045/votegeo.json,data_raw/cn_official_legacy/round_05/raw/api/items/cp/020031045/votepaper.json,True
5,cp,020031049,data_raw/cn_official_legacy/round_05/raw/api/items/cp/020031049/votedate.json,data_raw/cn_official_legacy/round_05/raw/api/items/cp/020031049/votesex.json,data_raw/cn_official_legacy/round_05/raw/api/items/cp/020031049/votegeo.json,data_raw/cn_official_legacy/round_05/raw/api/items/cp/020031049/votepaper.json,True
5,cp,020032000,data_raw/cn_official_legacy/round_05/raw/api/items/cp/020032000/votedate.json,data_raw/cn_official_legacy/round_05/raw/api/items/cp/020032000/votesex.json,data_raw/cn_official_legacy/round_05/raw/api/items/cp/020032000/votegeo.json,data_raw/cn_official_legacy/round_05/raw/api/items/cp/020032000/votepaper.json,True
5,cp,020036000,data_raw/cn_official_legacy/round_05/raw/api/items/cp/020036000/votedate.json,data_raw/cn_official_legacy/round_05/raw/api/items/cp/020036000/votesex.json,data_raw/cn_official_legacy/round_05/raw/api/items/cp/020036000/votegeo.json,data_raw/cn_official_legacy/round_05/raw/api/items/cp/020036000/votepaper.json,True
5,cp,020038000,data_raw/cn_official_legacy/round_05/raw/api/items/cp/020038000/votedate.json,data_raw/cn_official_legacy/round_05/raw/api/items/cp/020038000/votesex.json,data_raw/cn_official_legacy/round_05/raw/api/items/cp/020038000/votegeo.json,data_raw/cn_official_legacy/round_05/raw/api/items/cp/020038000/votepaper.json,True
5,cp,020038039,data_raw/cn_official_legacy/round_05/raw/api/items/cp/020038039/votedate.json,data_raw/cn_official_legacy/round_05/raw/api/items/cp/020038039/votesex.json,data_raw/cn_official_legacy/round_05/raw/api/items/cp/020038039/votegeo.json,data_raw/cn_official_legacy/round_05/raw/api/items/cp/020038039/votepaper.json,True
5,cp,020049000,data_raw/cn_official_legacy/round_05/raw/api/items/cp/020049000/votedate.json,data_raw/cn_official_legacy/round_05/raw/api/items/cp/020049000/votesex.json,data_raw/cn_official_legacy/round_05/raw/api/items/cp/020049000/votegeo.json,data_raw/cn_official_legacy/round_05/raw/api/items/cp/020049000/votepaper.json,True
5,cp,020049110,data_raw/cn_official_legacy/round_05/raw/api/items/cp/020049110/votedate.json,data_raw/cn_official_legacy/round_05/raw/api/items/cp/020049110/votesex.json,data_raw/cn_official_legacy/round_05/raw/api/items/cp/020049110/votegeo.json,data_raw/cn_official_legacy/round_05/raw/api/items/cp/020049110/votepaper.json,True
5,cp,020054000,data_raw/cn_official_legacy/round_05/raw/api/items/cp/020054000/votedate.json,data_raw/cn_official_legacy/round_05/raw/api/items/cp/020054000/votesex.json,data_raw/cn_official_legacy/round_05/raw/api/items/cp/020054000/votegeo.json,data_raw/cn_official_legacy/round_05/raw/api/items/cp/020054000/votepaper.json,True
5,cp,020074000,data_raw/cn_official_legacy/round_05/raw/api/items/cp/020074000/votedate.json,data_raw/cn_official_legacy/round_05/raw/api/items/cp/020074000/votesex.json,data_raw/cn_official_legacy/round_05/raw/api/items/cp/020074000/votegeo.json,data_raw/cn_official_legacy/round_05/raw/api/items/cp/020074000/votepaper.json,True
5,cp,020097098,data_raw/cn_official_legacy/round_05/raw/api/items/cp/020097098/votedate.json,data_raw/cn_official_legacy/round_05/raw/api/items/cp/020097098/votesex.json,data_raw/cn_official_legacy/round_05/raw/api/items/cp/020097098/votegeo.json,data_raw/cn_official_legacy/round_05/raw/api/items/cp/020097098/votepaper.json,True
5,cp,020143000,data_raw/cn_official_legacy/round_05/raw/api/items/cp/020143000/votedate.json,data_raw/cn_official_legacy/round_05/raw/api/items/cp/020143000/votesex.json,data_raw/cn_official_legacy/round_05/raw/api/items/cp/020143000/votegeo.json,data_raw/cn_official_legacy/round_05/raw/api/items/cp/020143000/votepaper.json,True
5,cp,021021000,data_raw/cn_official_legacy/round_05/raw/api/items/cp/021021000/votedate.json,data_raw/cn_official_legacy/round_05/raw/api/items/cp/021021000/votesex.json,data_raw/cn_official_legacy/round_05/raw/api/items/cp/021021000/votegeo.json,data_raw/cn_official_legacy/round_05/raw/api/items/cp/021021000/votepaper.json,True
5,cp,021022000,data_raw/cn_official_legacy/round_05/raw/api/items/cp/021022000/votedate.json,data_raw/cn_official_legacy/round_05/raw/api/items/cp/021022000/votesex.json,data_raw/cn_official_legacy/round_05/raw/api/items/cp/021022000/votegeo.json,data_raw/cn_official_legacy/round_05/raw/api/items/cp/021022000/votepaper.json,True
5,cp,021022023,data_raw/cn_official_legacy/round_05/raw/api/items/cp/021022023/votedate.json,data_raw/cn_official_legacy/round_05/raw/api/items/cp/021022023/votesex.json,data_raw/cn_official_legacy/round_05/raw/api/items/cp/021022023/votegeo.json,data_raw/cn_official_legacy/round_05/raw/api/items/cp/021022023/votepaper.json,True
5,cp,021023000,data_raw/cn_official_legacy/round_05/raw/api/items/cp/021023000/votedate.json,data_raw/cn_official_legacy/round_05/raw/api/items/cp/021023000/votesex.json,data_raw/cn_official_legacy/round_05/raw/api/items/cp/021023000/votegeo.json,data_raw/cn_official_legacy/round_05/raw/api/items/cp/021023000/votepaper.json,True
5,cp,021023024,data_raw/cn_official_legacy/round_05/raw/api/items/cp/021023024/votedate.json,data_raw/cn_official_legacy/round_05/raw/api/items/cp/021023024/votesex.json,data_raw/cn_official_legacy/round_05/raw/api/items/cp/021023024/votegeo.json,data_raw/cn_official_legacy/round_05/raw/api/items/cp/021023024/votepaper.json,True
5,cp,021023026,data_raw/cn_official_legacy/round_05/raw/api/items/cp/021023026/votedate.json,data_raw/cn_official_legacy/round_05/raw/api/items/cp/021023026/votesex.json,data_raw/cn_official_legacy/round_05/raw/api/items/cp/021023026/votegeo.json,data_raw/cn_official_legacy/round_05/raw/api/items/cp/021023026/votepaper.json,True
5,cp,021023032,data_raw/cn_official_legacy/round_05/raw/api/items/cp/021023032/votedate.json,data_raw/cn_official_legacy/round_05/raw/api/items/cp/021023032/votesex.json,data_raw/cn_official_legacy/round_05/raw/api/items/cp/021023032/votegeo.json,data_raw/cn_official_legacy/round_05/raw/api/items/cp/021023032/votepaper.json,True
5,cp,021023035,data_raw/cn_official_legacy/round_05/raw/api/items/cp/021023035/votedate.json,data_raw/cn_official_legacy/round_05/raw/api/items/cp/021023035/votesex.json,data_raw/cn_official_legacy/round_05/raw/api/items/cp/021023035/votegeo.json,data_raw/cn_official_legacy/round_05/raw/api/items/cp/021023035/votepaper.json,True
5,cp,021023037,data_raw/cn_official_legacy/round_05/raw/api/items/cp/021023037/votedate.json,data_raw/cn_official_legacy/round_05/raw/api/items/cp/021023037/votesex.json,data_raw/cn_official_legacy/round_05/raw/api/items/cp/021023037/votegeo.json,data_raw/cn_official_legacy/round_05/raw/api/items/cp/021023037/votepaper.json,True
5,cp,021023064,data_raw/cn_official_legacy/round_05/raw/api/items/cp/021023064/votedate.json,data_raw/cn_official_legacy/round_05/raw/api/items/cp/021023064/votesex.json,data_raw/cn_official_legacy/round_05/raw/api/items/cp/021023064/votegeo.json,data_raw/cn_official_legacy/round_05/raw/api/items/cp/021023064/votepaper.json,True
5,cp,021023085,data_raw/cn_official_legacy/round_05/raw/api/items/cp/021023085/votedate.json,data_raw/cn_official_legacy/round_05/raw/api/items/cp/021023085/votesex.json,data_raw/cn_official_legacy/round_05/raw/api/items/cp/021023085/votegeo.json,data_raw/cn_official_legacy/round_05/raw/api/items/cp/021023085/votepaper.json,True
5,cp,021023107,data_raw/cn_official_legacy/round_05/raw/api/items/cp/021023107/votedate.json,data_raw/cn_official_legacy/round_05/raw/api/items/cp/021023107/votesex.json,data_raw/cn_official_legacy/round_05/raw/api/items/cp/021023107/votegeo.json,data_raw/cn_official_legacy/round_05/raw/api/items/cp/021023107/votepaper.json,True
5,cp,021023145,data_raw/cn_official_legacy/round_05/raw/api/items/cp/021023145/votedate.json,data_raw/cn_official_legacy/round_05/raw/api/items/cp/021023145/votesex.json,data_raw/cn_official_legacy/round_05/raw/api/items/cp/021023145/votegeo.json,data_raw/cn_official_legacy/round_05/raw/api/items/cp/021023145/votepaper.json,True
5,cp,021024000,data_raw/cn_official_legacy/round_05/raw/api/items/cp/021024000/votedate.json,data_raw/cn_official_legacy/round_05/raw/api/items/cp/021024000/votesex.json,data_raw/cn_official_legacy/round_05/raw/api/items/cp/021024000/votegeo.json,data_raw/cn_official_legacy/round_05/raw/api/items/cp/021024000/votepaper.json,True
5,cp,021026045,data_raw/cn_official_legacy/round_05/raw/api/items/cp/021026045/votedate.json,data_raw/cn_official_legacy/round_05/raw/api/items/cp/021026045/votesex.json,data_raw/cn_official_legacy/round_05/raw/api/items/cp/021026045/votegeo.json,data_raw/cn_official_legacy/round_05/raw/api/items/cp/021026045/votepaper.json,True
5,cp,021028000,data_raw/cn_official_legacy/round_05/raw/api/items/cp/021028000/votedate.json,data_raw/cn_official_legacy/round_05/raw/api/items/cp/021028000/votesex.json,data_raw/cn_official_legacy/round_05/raw/api/items/cp/021028000/votegeo.json,data_raw/cn_official_legacy/round_05/raw/api/items/cp/021028000/votepaper.json,True
5,cp,021028067,data_raw/cn_official_legacy/round_05/raw/api/items/cp/021028067/votedate.json,data_raw/cn_official_legacy/round_05/raw/api/items/cp/021028067/votesex.json,data_raw/cn_official_legacy/round_05/raw/api/items/cp/021028067/votegeo.json,data_raw/cn_official_legacy/round_05/raw/api/items/cp/021028067/votepaper.json,True
5,cp,021028079,data_raw/cn_official_legacy/round_05/raw/api/items/cp/021028079/votedate.json,data_raw/cn_official_legacy/round_05/raw/api/items/cp/021028079/votesex.json,data_raw/cn_official_legacy/round_05/raw/api/items/cp/021028079/votegeo.json,data_raw/cn_official_legacy/round_05/raw/api/items/cp/021028079/votepaper.json,True
5,cp,021032000,data_raw/cn_official_legacy/round_05/raw/api/items/cp/021032000/votedate.json,data_raw/cn_official_legacy/round_05/raw/api/items/cp/021032000/votesex.json,data_raw/cn_official_legacy/round_05/raw/api/items/cp/021032000/votegeo.json,data_raw/cn_official_legacy/round_05/raw/api/items/cp/021032000/votepaper.json,True
5,cp,021033000,data_raw/cn_official_legacy/round_05/raw/api/items/cp/021033000/votedate.json,data_raw/cn_official_legacy/round_05/raw/api/items/cp/021033000/votesex.json,data_raw/cn_official_legacy/round_05/raw/api/items/cp/021033000/votegeo.json,data_raw/cn_official_legacy/round_05/raw/api/items/cp/021033000/votepaper.json,True
5,cp,021037000,data_raw/cn_official_legacy/round_05/raw/api/items/cp/021037000/votedate.json,data_raw/cn_official_legacy/round_05/raw/api/items/cp/021037000/votesex.json,data_raw/cn_official_legacy/round_05/raw/api/items/cp/021037000/votegeo.json,data_raw/cn_official_legacy/round_05/raw/api/items/cp/021037000/votepaper.json,True
5,cp,021037038,data_raw/cn_official_legacy/round_05/raw/api/items/cp/021037038/votedate.json,data_raw/cn_official_legacy/round_05/raw/api/items/cp/021037038/votesex.json,data_raw/cn_official_legacy/round_05/raw/api/items/cp/021037038/votegeo.json,data_raw/cn_official_legacy/round_05/raw/api/items/cp/021037038/votepaper.json,True
5,cp,021039000,data_raw/cn_official_legacy/round_05/raw/api/items/cp/021039000/votedate.json,data_raw/cn_official_legacy/round_05/raw/api/items/cp/021039000/votesex.json,data_raw/cn_official_legacy/round_05/raw/api/items/cp/021039000/votegeo.json,data_raw/cn_official_legacy/round_05/raw/api/items/cp/021039000/votepaper.json,True
5,cp,021049000,data_raw/cn_official_legacy/round_05/raw/api/items/cp/021049000/votedate.json,data_raw/cn_official_legacy/round_05/raw/api/items/cp/021049000/votesex.json,data_raw/cn_official_legacy/round_05/raw/api/items/cp/021049000/votegeo.json,data_raw/cn_official_legacy/round_05/raw/api/items/cp/021049000/votepaper.json,True
5,cp,021170000,data_raw/cn_official_legacy/round_05/raw/api/items/cp/021170000/votedate.json,data_raw/cn_official_legacy/round_05/raw/api/items/cp/021170000/votesex.json,data_raw/cn_official_legacy/round_05/raw/api/items/cp/021170000/votegeo.json,data_raw/cn_official_legacy/round_05/raw/api/items/cp/021170000/votepaper.json,True
5,cp,022023000,data_raw/cn_official_legacy/round_05/raw/api/items/cp/022023000/votedate.json,data_raw/cn_official_legacy/round_05/raw/api/items/cp/022023000/votesex.json,data_raw/cn_official_legacy/round_05/raw/api/items/cp/022023000/votegeo.json,data_raw/cn_official_legacy/round_05/raw/api/items/cp/022023000/votepaper.json,True
5,cp,022024000,data_raw/cn_official_legacy/round_05/raw/api/items/cp/022024000/votedate.json,data_raw/cn_official_legacy/round_05/raw/api/items/cp/022024000/votesex.json,data_raw/cn_official_legacy/round_05/raw/api/items/cp/022024000/votegeo.json,data_raw/cn_official_legacy/round_05/raw/api/items/cp/022024000/votepaper.json,True
5,cp,022029137,data_raw/cn_official_legacy/round_05/raw/api/items/cp/022029137/votedate.json,data_raw/cn_official_legacy/round_05/raw/api/items/cp/022029137/votesex.json,data_raw/cn_official_legacy/round_05/raw/api/items/cp/022029137/votegeo.json,data_raw/cn_official_legacy/round_05/raw/api/items/cp/022029137/votepaper.json,True
5,cp,022030000,data_raw/cn_official_legacy/round_05/raw/api/items/cp/022030000/votedate.json,data_raw/cn_official_legacy/round_05/raw/api/items/cp/022030000/votesex.json,data_raw/cn_official_legacy/round_05/raw/api/items/cp/022030000/votegeo.json,data_raw/cn_official_legacy/round_05/raw/api/items/cp/022030000/votepaper.json,True
5,cp,022044081,data_raw/cn_official_legacy/round_05/raw/api/items/cp/022044081/votedate.json,data_raw/cn_official_legacy/round_05/raw/api/items/cp/022044081/votesex.json,data_raw/cn_official_legacy/round_05/raw/api/items/cp/022044081/votegeo.json,data_raw/cn_official_legacy/round_05/raw/api/items/cp/022044081/votepaper.json,True
5,cp,022076000,data_raw/cn_official_legacy/round_05/raw/api/items/cp/022076000/votedate.json,data_raw/cn_official_legacy/round_05/raw/api/items/cp/022076000/votesex.json,data_raw/cn_official_legacy/round_05/raw/api/items/cp/022076000/votegeo.json,data_raw/cn_official_legacy/round_05/raw/api/items/cp/022076000/votepaper.json,True
5,cp,022086000,data_raw/cn_official_legacy/round_05/raw/api/items/cp/022086000/votedate.json,data_raw/cn_official_legacy/round_05/raw/api/items/cp/022086000/votesex.json,data_raw/cn_official_legacy/round_05/raw/api/items/cp/022086000/votegeo.json,data_raw/cn_official_legacy/round_05/raw/api/items/cp/022086000/votepaper.json,True
5,cp,023023000,data_raw/cn_official_legacy/round_05/raw/api/items/cp/023023000/votedate.json,data_raw/cn_official_legacy/round_05/raw/api/items/cp/023023000/votesex.json,data_raw/cn_official_legacy/round_05/raw/api/items/cp/023023000/votegeo.json,data_raw/cn_official_legacy/round_05/raw/api/items/cp/023023000/votepaper.json,True
5,cp,023026000,data_raw/cn_official_legacy/round_05/raw/api/items/cp/023026000/votedate.json,data_raw/cn_official_legacy/round_05/raw/api/items/cp/023026000/votesex.json,data_raw/cn_official_legacy/round_05/raw/api/items/cp/023026000/votegeo.json,data_raw/cn_official_legacy/round_05/raw/api/items/cp/023026000/votepaper.json,True
5,cp,023026035,data_raw/cn_official_legacy/round_05/raw/api/items/cp/023026035/votedate.json,data_raw/cn_official_legacy/round_05/raw/api/items/cp/023026035/votesex.json,data_raw/cn_official_legacy/round_05/raw/api/items/cp/023026035/votegeo.json,data_raw/cn_official_legacy/round_05/raw/api/items/cp/023026035/votepaper.json,True
5,cp,023030000,data_raw/cn_official_legacy/round_05/raw/api/items/cp/023030000/votedate.json,data_raw/cn_official_legacy/round_05/raw/api/items/cp/023030000/votesex.json,data_raw/cn_official_legacy/round_05/raw/api/items/cp/023030000/votegeo.json,data_raw/cn_official_legacy/round_05/raw/api/items/cp/023030000/votepaper.json,True
5,cp,023032000,data_raw/cn_official_legacy/round_05/raw/api/items/cp/023032000/votedate.json,data_raw/cn_official_legacy/round_05/raw/api/items/cp/023032000/votesex.json,data_raw/cn_official_legacy/round_05/raw/api/items/cp/023032000/votegeo.json,data_raw/cn_official_legacy/round_05/raw/api/items/cp/023032000/votepaper.json,True
5,cp,023032037,data_raw/cn_official_legacy/round_05/raw/api/items/cp/023032037/votedate.json,data_raw/cn_official_legacy/round_05/raw/api/items/cp/023032037/votesex.json,data_raw/cn_official_legacy/round_05/raw/api/items/cp/023032037/votegeo.json,data_raw/cn_official_legacy/round_05/raw/api/items/cp/023032037/votepaper.json,True
5,cp,023032039,data_raw/cn_official_legacy/round_05/raw/api/items/cp/023032039/votedate.json,data_raw/cn_official_legacy/round_05/raw/api/items/cp/023032039/votesex.json,data_raw/cn_official_legacy/round_05/raw/api/items/cp/023032039/votegeo.json,data_raw/cn_official_legacy/round_05/raw/api/items/cp/023032039/votepaper.json,True
5,cp,023032046,data_raw/cn_official_legacy/round_05/raw/api/items/cp/023032046/votedate.json,data_raw/cn_official_legacy/round_05/raw/api/items/cp/023032046/votesex.json,data_raw/cn_official_legacy/round_05/raw/api/items/cp/023032046/votegeo.json,data_raw/cn_official_legacy/round_05/raw/api/items/cp/023032046/votepaper.json,True
5,cp,023032099,data_raw/cn_official_legacy/round_05/raw/api/items/cp/023032099/votedate.json,data_raw/cn_official_legacy/round_05/raw/api/items/cp/023032099/votesex.json,data_raw/cn_official_legacy/round_05/raw/api/items/cp/023032099/votegeo.json,data_raw/cn_official_legacy/round_05/raw/api/items/cp/023032099/votepaper.json,True
5,cp,023037000,data_raw/cn_official_legacy/round_05/raw/api/items/cp/023037000/votedate.json,data_raw/cn_official_legacy/round_05/raw/api/items/cp/023037000/votesex.json,data_raw/cn_official_legacy/round_05/raw/api/items/cp/023037000/votegeo.json,data_raw/cn_official_legacy/round_05/raw/api/items/cp/023037000/votepaper.json,True
5,cp,023037049,data_raw/cn_official_legacy/round_05/raw/api/items/cp/023037049/votedate.json,data_raw/cn_official_legacy/round_05/raw/api/items/cp/023037049/votesex.json,data_raw/cn_official_legacy/round_05/raw/api/items/cp/023037049/votegeo.json,data_raw/cn_official_legacy/round_05/raw/api/items/cp/023037049/votepaper.json,True
5,cp,023037059,data_raw/cn_official_legacy/round_05/raw/api/items/cp/023037059/votedate.json,data_raw/cn_official_legacy/round_05/raw/api/items/cp/023037059/votesex.json,data_raw/cn_official_legacy/round_05/raw/api/items/cp/023037059/votegeo.json,data_raw/cn_official_legacy/round_05/raw/api/items/cp/023037059/votepaper.json,True
5,cp,023039136,data_raw/cn_official_legacy/round_05/raw/api/items/cp/023039136/votedate.json,data_raw/cn_official_legacy/round_05/raw/api/items/cp/023039136/votesex.json,data_raw/cn_official_legacy/round_05/raw/api/items/cp/023039136/votegeo.json,data_raw/cn_official_legacy/round_05/raw/api/items/cp/023039136/votepaper.json,True
5,cp,023045054,data_raw/cn_official_legacy/round_05/raw/api/items/cp/023045054/votedate.json,data_raw/cn_official_legacy/round_05/raw/api/items/cp/023045054/votesex.json,data_raw/cn_official_legacy/round_05/raw/api/items/cp/023045054/votegeo.json,data_raw/cn_official_legacy/round_05/raw/api/items/cp/023045054/votepaper.json,True
5,cp,023046047,data_raw/cn_official_legacy/round_05/raw/api/items/cp/023046047/votedate.json,data_raw/cn_official_legacy/round_05/raw/api/items/cp/023046047/votesex.json,data_raw/cn_official_legacy/round_05/raw/api/items/cp/023046047/votegeo.json,data_raw/cn_official_legacy/round_05/raw/api/items/cp/023046047/votepaper.json,True
5,cp,023048049,data_raw/cn_official_legacy/round_05/raw/api/items/cp/023048049/votedate.json,data_raw/cn_official_legacy/round_05/raw/api/items/cp/023048049/votesex.json,data_raw/cn_official_legacy/round_05/raw/api/items/cp/023048049/votegeo.json,data_raw/cn_official_legacy/round_05/raw/api/items/cp/023048049/votepaper.json,True
5,cp,023049000,data_raw/cn_official_legacy/round_05/raw/api/items/cp/023049000/votedate.json,data_raw/cn_official_legacy/round_05/raw/api/items/cp/023049000/votesex.json,data_raw/cn_official_legacy/round_05/raw/api/items/cp/023049000/votegeo.json,data_raw/cn_official_legacy/round_05/raw/api/items/cp/023049000/votepaper.json,True
5,cp,023051000,data_raw/cn_official_legacy/round_05/raw/api/items/cp/023051000/votedate.json,data_raw/cn_official_legacy/round_05/raw/api/items/cp/023051000/votesex.json,data_raw/cn_official_legacy/round_05/raw/api/items/cp/023051000/votegeo.json,data_raw/cn_official_legacy/round_05/raw/api/items/cp/023051000/votepaper.json,True
5,cp,023054000,data_raw/cn_official_legacy/round_05/raw/api/items/cp/023054000/votedate.json,data_raw/cn_official_legacy/round_05/raw/api/items/cp/023054000/votesex.json,data_raw/cn_official_legacy/round_05/raw/api/items/cp/023054000/votegeo.json,data_raw/cn_official_legacy/round_05/raw/api/items/cp/023054000/votepaper.json,True
5,cp,023057000,data_raw/cn_official_legacy/round_05/raw/api/items/cp/023057000/votedate.json,data_raw/cn_official_legacy/round_05/raw/api/items/cp/023057000/votesex.json,data_raw/cn_official_legacy/round_05/raw/api/items/cp/023057000/votegeo.json,data_raw/cn_official_legacy/round_05/raw/api/items/cp/023057000/votepaper.json,True
5,cp,023076000,data_raw/cn_official_legacy/round_05/raw/api/items/cp/023076000/votedate.json,data_raw/cn_official_legacy/round_05/raw/api/items/cp/023076000/votesex.json,data_raw/cn_official_legacy/round_05/raw/api/items/cp/023076000/votegeo.json,data_raw/cn_official_legacy/round_05/raw/api/items/cp/023076000/votepaper.json,True
5,cp,023084085,data_raw/cn_official_legacy/round_05/raw/api/items/cp/023084085/votedate.json,data_raw/cn_official_legacy/round_05/raw/api/items/cp/023084085/votesex.json,data_raw/cn_official_legacy/round_05/raw/api/items/cp/023084085/votegeo.json,data_raw/cn_official_legacy/round_05/raw/api/items/cp/023084085/votepaper.json,True
5,cp,023087000,data_raw/cn_official_legacy/round_05/raw/api/items/cp/023087000/votedate.json,data_raw/cn_official_legacy/round_05/raw/api/items/cp/023087000/votesex.json,data_raw/cn_official_legacy/round_05/raw/api/items/cp/023087000/votegeo.json,data_raw/cn_official_legacy/round_05/raw/api/items/cp/023087000/votepaper.json,True
5,cp,023099000,data_raw/cn_official_legacy/round_05/raw/api/items/cp/023099000/votedate.json,data_raw/cn_official_legacy/round_05/raw/api/items/cp/023099000/votesex.json,data_raw/cn_official_legacy/round_05/raw/api/items/cp/023099000/votegeo.json,data_raw/cn_official_legacy/round_05/raw/api/items/cp/023099000/votepaper.json,True
5,cp,023099100,data_raw/cn_official_legacy/round_05/raw/api/items/cp/023099100/votedate.json,data_raw/cn_official_legacy/round_05/raw/api/items/cp/023099100/votesex.json,data_raw/cn_official_legacy/round_05/raw/api/items/cp/023099100/votegeo.json,data_raw/cn_official_legacy/round_05/raw/api/items/cp/023099100/votepaper.json,True
5,cp,023114000,data_raw/cn_official_legacy/round_05/raw/api/items/cp/023114000/votedate.json,data_raw/cn_official_legacy/round_05/raw/api/items/cp/023114000/votesex.json,data_raw/cn_official_legacy/round_05/raw/api/items/cp/023114000/votegeo.json,data_raw/cn_official_legacy/round_05/raw/api/items/cp/023114000/votepaper.json,True
5,cp,023118000,data_raw/cn_official_legacy/round_05/raw/api/items/cp/023118000/votedate.json,data_raw/cn_official_legacy/round_05/raw/api/items/cp/023118000/votesex.json,data_raw/cn_official_legacy/round_05/raw/api/items/cp/023118000/votegeo.json,data_raw/cn_official_legacy/round_05/raw/api/items/cp/023118000/votepaper.json,True
5,cp,023133000,data_raw/cn_official_legacy/round_05/raw/api/items/cp/023133000/votedate.json,data_raw/cn_official_legacy/round_05/raw/api/items/cp/023133000/votesex.json,data_raw/cn_official_legacy/round_05/raw/api/items/cp/023133000/votegeo.json,data_raw/cn_official_legacy/round_05/raw/api/items/cp/023133000/votepaper.json,True
5,cp,023134000,data_raw/cn_official_legacy/round_05/raw/api/items/cp/023134000/votedate.json,data_raw/cn_official_legacy/round_05/raw/api/items/cp/023134000/votesex.json,data_raw/cn_official_legacy/round_05/raw/api/items/cp/023134000/votegeo.json,data_raw/cn_official_legacy/round_05/raw/api/items/cp/023134000/votepaper.json,True
5,cp,023134135,data_raw/cn_official_legacy/round_05/raw/api/items/cp/023134135/votedate.json,data_raw/cn_official_legacy/round_05/raw/api/items/cp/023134135/votesex.json,data_raw/cn_official_legacy/round_05/raw/api/items/cp/023134135/votegeo.json,data_raw/cn_official_legacy/round_05/raw/api/items/cp/023134135/votepaper.json,True
5,cp,023135000,data_raw/cn_official_legacy/round_05/raw/api/items/cp/023135000/votedate.json,data_raw/cn_official_legacy/round_05/raw/api/items/cp/023135000/votesex.json,data_raw/cn_official_legacy/round_05/raw/api/items/cp/023135000/votegeo.json,data_raw/cn_official_legacy/round_05/raw/api/items/cp/023135000/votepaper.json,True
5,cp,023137000,data_raw/cn_official_legacy/round_05/raw/api/items/cp/023137000/votedate.json,data_raw/cn_official_legacy/round_05/raw/api/items/cp/023137000/votesex.json,data_raw/cn_official_legacy/round_05/raw/api/items/cp/023137000/votegeo.json,data_raw/cn_official_legacy/round_05/raw/api/items/cp/023137000/votepaper.json,True
5,cp,023137138,data_raw/cn_official_legacy/round_05/raw/api/items/cp/023137138/votedate.json,data_raw/cn_official_legacy/round_05/raw/api/items/cp/023137138/votesex.json,data_raw/cn_official_legacy/round_05/raw/api/items/cp/023137138/votegeo.json,data_raw/cn_official_legacy/round_05/raw/api/items/cp/023137138/votepaper.json,True
5,cp,023142000,data_raw/cn_official_legacy/round_05/raw/api/items/cp/023142000/votedate.json,data_raw/cn_official_legacy/round_05/raw/api/items/cp/023142000/votesex.json,data_raw/cn_official_legacy/round_05/raw/api/items/cp/023142000/votegeo.json,data_raw/cn_official_legacy/round_05/raw/api/items/cp/023142000/votepaper.json,True
5,cp,023143000,data_raw/cn_official_legacy/round_05/raw/api/items/cp/023143000/votedate.json,data_raw/cn_official_legacy/round_05/raw/api/items/cp/023143000/votesex.json,data_raw/cn_official_legacy/round_05/raw/api/items/cp/023143000/votegeo.json,data_raw/cn_official_legacy/round_05/raw/api/items/cp/023143000/votepaper.json,True
5,cp,023145000,data_raw/cn_official_legacy/round_05/raw/api/items/cp/023145000/votedate.json,data_raw/cn_official_legacy/round_05/raw/api/items/cp/023145000/votesex.json,data_raw/cn_official_legacy/round_05/raw/api/items/cp/023145000/votegeo.json,data_raw/cn_official_legacy/round_05/raw/api/items/cp/023145000/votepaper.json,True
5,cp,023158000,data_raw/cn_official_legacy/round_05/raw/api/items/cp/023158000/votedate.json,data_raw/cn_official_legacy/round_05/raw/api/items/cp/023158000/votesex.json,data_raw/cn_official_legacy/round_05/raw/api/items/cp/023158000/votegeo.json,data_raw/cn_official_legacy/round_05/raw/api/items/cp/023158000/votepaper.json,True
5,cp,024024000,data_raw/cn_official_legacy/round_05/raw/api/items/cp/024024000/votedate.json,data_raw/cn_official_legacy/round_05/raw/api/items/cp/024024000/votesex.json,data_raw/cn_official_legacy/round_05/raw/api/items/cp/024024000/votegeo.json,data_raw/cn_official_legacy/round_05/raw/api/items/cp/024024000/votepaper.json,True
5,cp,024031000,data_raw/cn_official_legacy/round_05/raw/api/items/cp/024031000/votedate.json,data_raw/cn_official_legacy/round_05/raw/api/items/cp/024031000/votesex.json,data_raw/cn_official_legacy/round_05/raw/api/items/cp/024031000/votegeo.json,data_raw/cn_official_legacy/round_05/raw/api/items/cp/024031000/votepaper.json,True
5,cp,024049000,data_raw/cn_official_legacy/round_05/raw/api/items/cp/024049000/votedate.json,data_raw/cn_official_legacy/round_05/raw/api/items/cp/024049000/votesex.json,data_raw/cn_official_legacy/round_05/raw/api/items/cp/024049000/votegeo.json,data_raw/cn_official_legacy/round_05/raw/api/items/cp/024049000/votepaper.json,True
5,cp,024060000,data_raw/cn_official_legacy/round_05/raw/api/items/cp/024060000/votedate.json,data_raw/cn_official_legacy/round_05/raw/api/items/cp/024060000/votesex.json,data_raw/cn_official_legacy/round_05/raw/api/items/cp/024060000/votegeo.json,data_raw/cn_official_legacy/round_05/raw/api/items/cp/024060000/votepaper.json,True
5,cp,024060066,data_raw/cn_official_legacy/round_05/raw/api/items/cp/024060066/votedate.json,data_raw/cn_official_legacy/round_05/raw/api/items/cp/024060066/votesex.json,data_raw/cn_official_legacy/round_05/raw/api/items/cp/024060066/votegeo.json,data_raw/cn_official_legacy/round_05/raw/api/items/cp/024060066/votepaper.json,True
5,cp,024060137,data_raw/cn_official_legacy/round_05/raw/api/items/cp/024060137/votedate.json,data_raw/cn_official_legacy/round_05/raw/api/items/cp/024060137/votesex.json,data_raw/cn_official_legacy/round_05/raw/api/items/cp/024060137/votegeo.json,data_raw/cn_official_legacy/round_05/raw/api/items/cp/024060137/votepaper.json,True
5,cp,024066137,data_raw/cn_official_legacy/round_05/raw/api/items/cp/024066137/votedate.json,data_raw/cn_official_legacy/round_05/raw/api/items/cp/024066137/votesex.json,data_raw/cn_official_legacy/round_05/raw/api/items/cp/024066137/votegeo.json,data_raw/cn_official_legacy/round_05/raw/api/items/cp/024066137/votepaper.json,True
5,cp,024066178,data_raw/cn_official_legacy/round_05/raw/api/items/cp/024066178/votedate.json,data_raw/cn_official_legacy/round_05/raw/api/items/cp/024066178/votesex.json,data_raw/cn_official_legacy/round_05/raw/api/items/cp/024066178/votegeo.json,data_raw/cn_official_legacy/round_05/raw/api/items/cp/024066178/votepaper.json,True
5,cp,024071084,data_raw/cn_official_legacy/round_05/raw/api/items/cp/024071084/votedate.json,data_raw/cn_official_legacy/round_05/raw/api/items/cp/024071084/votesex.json,data_raw/cn_official_legacy/round_05/raw/api/items/cp/024071084/votegeo.json,data_raw/cn_official_legacy/round_05/raw/api/items/cp/024071084/votepaper.json,True
5,cp,024108137,data_raw/cn_official_legacy/round_05/raw/api/items/cp/024108137/votedate.json,data_raw/cn_official_legacy/round_05/raw/api/items/cp/024108137/votesex.json,data_raw/cn_official_legacy/round_05/raw/api/items/cp/024108137/votegeo.json,data_raw/cn_official_legacy/round_05/raw/api/items/cp/024108137/votepaper.json,True
5,cp,024137000,data_raw/cn_official_legacy/round_05/raw/api/items/cp/024137000/votedate.json,data_raw/cn_official_legacy/round_05/raw/api/items/cp/024137000/votesex.json,data_raw/cn_official_legacy/round_05/raw/api/items/cp/024137000/votegeo.json,data_raw/cn_official_legacy/round_05/raw/api/items/cp/024137000/votepaper.json,True
5,cp,024137178,data_raw/cn_official_legacy/round_05/raw/api/items/cp/024137178/votedate.json,data_raw/cn_official_legacy/round_05/raw/api/items/cp/024137178/votesex.json,data_raw/cn_official_legacy/round_05/raw/api/items/cp/024137178/votegeo.json,data_raw/cn_official_legacy/round_05/raw/api/items/cp/024137178/votepaper.json,True
5,cp,025032033,data_raw/cn_official_legacy/round_05/raw/api/items/cp/025032033/votedate.json,data_raw/cn_official_legacy/round_05/raw/api/items/cp/025032033/votesex.json,data_raw/cn_official_legacy/round_05/raw/api/items/cp/025032033/votegeo.json,data_raw/cn_official_legacy/round_05/raw/api/items/cp/025032033/votepaper.json,True
5,cp,025115000,data_raw/cn_official_legacy/round_05/raw/api/items/cp/025115000/votedate.json,data_raw/cn_official_legacy/round_05/raw/api/items/cp/025115000/votesex.json,data_raw/cn_official_legacy/round_05/raw/api/items/cp/025115000/votegeo.json,data_raw/cn_official_legacy/round_05/raw/api/items/cp/025115000/votepaper.json,True
5,cp,026026000,data_raw/cn_official_legacy/round_05/raw/api/items/cp/026026000/votedate.json,data_raw/cn_official_legacy/round_05/raw/api/items/cp/026026000/votesex.json,data_raw/cn_official_legacy/round_05/raw/api/items/cp/026026000/votegeo.json,data_raw/cn_official_legacy/round_05/raw/api/items/cp/026026000/votepaper.json,True
5,cp,026030000,data_raw/cn_official_legacy/round_05/raw/api/items/cp/026030000/votedate.json,data_raw/cn_official_legacy/round_05/raw/api/items/cp/026030000/votesex.json,data_raw/cn_official_legacy/round_05/raw/api/items/cp/026030000/votegeo.json,data_raw/cn_official_legacy/round_05/raw/api/items/cp/026030000/votepaper.json,True
5,cp,026033034,data_raw/cn_official_legacy/round_05/raw/api/items/cp/026033034/votedate.json,data_raw/cn_official_legacy/round_05/raw/api/items/cp/026033034/votesex.json,data_raw/cn_official_legacy/round_05/raw/api/items/cp/026033034/votegeo.json,data_raw/cn_official_legacy/round_05/raw/api/items/cp/026033034/votepaper.json,True
5,cp,026034049,data_raw/cn_official_legacy/round_05/raw/api/items/cp/026034049/votedate.json,data_raw/cn_official_legacy/round_05/raw/api/items/cp/026034049/votesex.json,data_raw/cn_official_legacy/round_05/raw/api/items/cp/026034049/votegeo.json,data_raw/cn_official_legacy/round_05/raw/api/items/cp/026034049/votepaper.json,True
5,cp,026035000,data_raw/cn_official_legacy/round_05/raw/api/items/cp/026035000/votedate.json,data_raw/cn_official_legacy/round_05/raw/api/items/cp/026035000/votesex.json,data_raw/cn_official_legacy/round_05/raw/api/items/cp/026035000/votegeo.json,data_raw/cn_official_legacy/round_05/raw/api/items/cp/026035000/votepaper.json,True
5,cp,026035042,data_raw/cn_official_legacy/round_05/raw/api/items/cp/026035042/votedate.json,data_raw/cn_official_legacy/round_05/raw/api/items/cp/026035042/votesex.json,data_raw/cn_official_legacy/round_05/raw/api/items/cp/026035042/votegeo.json,data_raw/cn_official_legacy/round_05/raw/api/items/cp/026035042/votepaper.json,True
5,cp,026035044,data_raw/cn_official_legacy/round_05/raw/api/items/cp/026035044/votedate.json,data_raw/cn_official_legacy/round_05/raw/api/items/cp/026035044/votesex.json,data_raw/cn_official_legacy/round_05/raw/api/items/cp/026035044/votegeo.json,data_raw/cn_official_legacy/round_05/raw/api/items/cp/026035044/votepaper.json,True
5,cp,026035054,data_raw/cn_official_legacy/round_05/raw/api/items/cp/026035054/votedate.json,data_raw/cn_official_legacy/round_05/raw/api/items/cp/026035054/votesex.json,data_raw/cn_official_legacy/round_05/raw/api/items/cp/026035054/votegeo.json,data_raw/cn_official_legacy/round_05/raw/api/items/cp/026035054/votepaper.json,True
5,cp,026039047,data_raw/cn_official_legacy/round_05/raw/api/items/cp/026039047/votedate.json,data_raw/cn_official_legacy/round_05/raw/api/items/cp/026039047/votesex.json,data_raw/cn_official_legacy/round_05/raw/api/items/cp/026039047/votegeo.json,data_raw/cn_official_legacy/round_05/raw/api/items/cp/026039047/votepaper.json,True
5,cp,026048000,data_raw/cn_official_legacy/round_05/raw/api/items/cp/026048000/votedate.json,data_raw/cn_official_legacy/round_05/raw/api/items/cp/026048000/votesex.json,data_raw/cn_official_legacy/round_05/raw/api/items/cp/026048000/votegeo.json,data_raw/cn_official_legacy/round_05/raw/api/items/cp/026048000/votepaper.json,True
5,cp,026048049,data_raw/cn_official_legacy/round_05/raw/api/items/cp/026048049/votedate.json,data_raw/cn_official_legacy/round_05/raw/api/items/cp/026048049/votesex.json,data_raw/cn_official_legacy/round_05/raw/api/items/cp/026048049/votegeo.json,data_raw/cn_official_legacy/round_05/raw/api/items/cp/026048049/votepaper.json,True
5,cp,026049000,data_raw/cn_official_legacy/round_05/raw/api/items/cp/026049000/votedate.json,data_raw/cn_official_legacy/round_05/raw/api/items/cp/026049000/votesex.json,data_raw/cn_official_legacy/round_05/raw/api/items/cp/026049000/votegeo.json,data_raw/cn_official_legacy/round_05/raw/api/items/cp/026049000/votepaper.json,True
5,cp,026052053,data_raw/cn_official_legacy/round_05/raw/api/items/cp/026052053/votedate.json,data_raw/cn_official_legacy/round_05/raw/api/items/cp/026052053/votesex.json,data_raw/cn_official_legacy/round_05/raw/api/items/cp/026052053/votegeo.json,data_raw/cn_official_legacy/round_05/raw/api/items/cp/026052053/votepaper.json,True
5,cp,026053000,data_raw/cn_official_legacy/round_05/raw/api/items/cp/026053000/votedate.json,data_raw/cn_official_legacy/round_05/raw/api/items/cp/026053000/votesex.json,data_raw/cn_official_legacy/round_05/raw/api/items/cp/026053000/votegeo.json,data_raw/cn_official_legacy/round_05/raw/api/items/cp/026053000/votepaper.json,True
5,cp,026053145,data_raw/cn_official_legacy/round_05/raw/api/items/cp/026053145/votedate.json,data_raw/cn_official_legacy/round_05/raw/api/items/cp/026053145/votesex.json,data_raw/cn_official_legacy/round_05/raw/api/items/cp/026053145/votegeo.json,data_raw/cn_official_legacy/round_05/raw/api/items/cp/026053145/votepaper.json,True
5,cp,026085000,data_raw/cn_official_legacy/round_05/raw/api/items/cp/026085000/votedate.json,data_raw/cn_official_legacy/round_05/raw/api/items/cp/026085000/votesex.json,data_raw/cn_official_legacy/round_05/raw/api/items/cp/026085000/votegeo.json,data_raw/cn_official_legacy/round_05/raw/api/items/cp/026085000/votepaper.json,True
5,cp,026145000,data_raw/cn_official_legacy/round_05/raw/api/items/cp/026145000/votedate.json,data_raw/cn_official_legacy/round_05/raw/api/items/cp/026145000/votesex.json,data_raw/cn_official_legacy/round_05/raw/api/items/cp/026145000/votegeo.json,data_raw/cn_official_legacy/round_05/raw/api/items/cp/026145000/votepaper.json,True
5,cp,026161000,data_raw/cn_official_legacy/round_05/raw/api/items/cp/026161000/votedate.json,data_raw/cn_official_legacy/round_05/raw/api/items/cp/026161000/votesex.json,data_raw/cn_official_legacy/round_05/raw/api/items/cp/026161000/votegeo.json,data_raw/cn_official_legacy/round_05/raw/api/items/cp/026161000/votepaper.json,True
5,cp,027028000,data_raw/cn_official_legacy/round_05/raw/api/items/cp/027028000/votedate.json,data_raw/cn_official_legacy/round_05/raw/api/items/cp/027028000/votesex.json,data_raw/cn_official_legacy/round_05/raw/api/items/cp/027028000/votegeo.json,data_raw/cn_official_legacy/round_05/raw/api/items/cp/027028000/votepaper.json,True
5,cp,027034062,data_raw/cn_official_legacy/round_05/raw/api/items/cp/027034062/votedate.json,data_raw/cn_official_legacy/round_05/raw/api/items/cp/027034062/votesex.json,data_raw/cn_official_legacy/round_05/raw/api/items/cp/027034062/votegeo.json,data_raw/cn_official_legacy/round_05/raw/api/items/cp/027034062/votepaper.json,True
5,cp,027036000,data_raw/cn_official_legacy/round_05/raw/api/items/cp/027036000/votedate.json,data_raw/cn_official_legacy/round_05/raw/api/items/cp/027036000/votesex.json,data_raw/cn_official_legacy/round_05/raw/api/items/cp/027036000/votegeo.json,data_raw/cn_official_legacy/round_05/raw/api/items/cp/027036000/votepaper.json,True
5,cp,027036037,data_raw/cn_official_legacy/round_05/raw/api/items/cp/027036037/votedate.json,data_raw/cn_official_legacy/round_05/raw/api/items/cp/027036037/votesex.json,data_raw/cn_official_legacy/round_05/raw/api/items/cp/027036037/votegeo.json,data_raw/cn_official_legacy/round_05/raw/api/items/cp/027036037/votepaper.json,True
5,cp,027037000,data_raw/cn_official_legacy/round_05/raw/api/items/cp/027037000/votedate.json,data_raw/cn_official_legacy/round_05/raw/api/items/cp/027037000/votesex.json,data_raw/cn_official_legacy/round_05/raw/api/items/cp/027037000/votegeo.json,data_raw/cn_official_legacy/round_05/raw/api/items/cp/027037000/votepaper.json,True
5,cp,027037039,data_raw/cn_official_legacy/round_05/raw/api/items/cp/027037039/votedate.json,data_raw/cn_official_legacy/round_05/raw/api/items/cp/027037039/votesex.json,data_raw/cn_official_legacy/round_05/raw/api/items/cp/027037039/votegeo.json,data_raw/cn_official_legacy/round_05/raw/api/items/cp/027037039/votepaper.json,True
5,cp,027037049,data_raw/cn_official_legacy/round_05/raw/api/items/cp/027037049/votedate.json,data_raw/cn_official_legacy/round_05/raw/api/items/cp/027037049/votesex.json,data_raw/cn_official_legacy/round_05/raw/api/items/cp/027037049/votegeo.json,data_raw/cn_official_legacy/round_05/raw/api/items/cp/027037049/votepaper.json,True
5,cp,027051000,data_raw/cn_official_legacy/round_05/raw/api/items/cp/027051000/votedate.json,data_raw/cn_official_legacy/round_05/raw/api/items/cp/027051000/votesex.json,data_raw/cn_official_legacy/round_05/raw/api/items/cp/027051000/votegeo.json,data_raw/cn_official_legacy/round_05/raw/api/items/cp/027051000/votepaper.json,True
5,cp,027054000,data_raw/cn_official_legacy/round_05/raw/api/items/cp/027054000/votedate.json,data_raw/cn_official_legacy/round_05/raw/api/items/cp/027054000/votesex.json,data_raw/cn_official_legacy/round_05/raw/api/items/cp/027054000/votegeo.json,data_raw/cn_official_legacy/round_05/raw/api/items/cp/027054000/votepaper.json,True
5,cp,027058000,data_raw/cn_official_legacy/round_05/raw/api/items/cp/027058000/votedate.json,data_raw/cn_official_legacy/round_05/raw/api/items/cp/027058000/votesex.json,data_raw/cn_official_legacy/round_05/raw/api/items/cp/027058000/votegeo.json,data_raw/cn_official_legacy/round_05/raw/api/items/cp/027058000/votepaper.json,True
5,cp,028029032,data_raw/cn_official_legacy/round_05/raw/api/items/cp/028029032/votedate.json,data_raw/cn_official_legacy/round_05/raw/api/items/cp/028029032/votesex.json,data_raw/cn_official_legacy/round_05/raw/api/items/cp/028029032/votegeo.json,data_raw/cn_official_legacy/round_05/raw/api/items/cp/028029032/votepaper.json,True
5,cp,028029034,data_raw/cn_official_legacy/round_05/raw/api/items/cp/028029034/votedate.json,data_raw/cn_official_legacy/round_05/raw/api/items/cp/028029034/votesex.json,data_raw/cn_official_legacy/round_05/raw/api/items/cp/028029034/votegeo.json,data_raw/cn_official_legacy/round_05/raw/api/items/cp/028029034/votepaper.json,True
5,cp,028033034,data_raw/cn_official_legacy/round_05/raw/api/items/cp/028033034/votedate.json,data_raw/cn_official_legacy/round_05/raw/api/items/cp/028033034/votesex.json,data_raw/cn_official_legacy/round_05/raw/api/items/cp/028033034/votegeo.json,data_raw/cn_official_legacy/round_05/raw/api/items/cp/028033034/votepaper.json,True
5,cp,028034000,data_raw/cn_official_legacy/round_05/raw/api/items/cp/028034000/votedate.json,data_raw/cn_official_legacy/round_05/raw/api/items/cp/028034000/votesex.json,data_raw/cn_official_legacy/round_05/raw/api/items/cp/028034000/votegeo.json,data_raw/cn_official_legacy/round_05/raw/api/items/cp/028034000/votepaper.json,True
5,cp,028037000,data_raw/cn_official_legacy/round_05/raw/api/items/cp/028037000/votedate.json,data_raw/cn_official_legacy/round_05/raw/api/items/cp/028037000/votesex.json,data_raw/cn_official_legacy/round_05/raw/api/items/cp/028037000/votegeo.json,data_raw/cn_official_legacy/round_05/raw/api/items/cp/028037000/votepaper.json,True
5,cp,028044079,data_raw/cn_official_legacy/round_05/raw/api/items/cp/028044079/votedate.json,data_raw/cn_official_legacy/round_05/raw/api/items/cp/028044079/votesex.json,data_raw/cn_official_legacy/round_05/raw/api/items/cp/028044079/votegeo.json,data_raw/cn_official_legacy/round_05/raw/api/items/cp/028044079/votepaper.json,True
5,cp,028070000,data_raw/cn_official_legacy/round_05/raw/api/items/cp/028070000/votedate.json,data_raw/cn_official_legacy/round_05/raw/api/items/cp/028070000/votesex.json,data_raw/cn_official_legacy/round_05/raw/api/items/cp/028070000/votegeo.json,data_raw/cn_official_legacy/round_05/raw/api/items/cp/028070000/votepaper.json,True
5,cp,028070086,data_raw/cn_official_legacy/round_05/raw/api/items/cp/028070086/votedate.json,data_raw/cn_official_legacy/round_05/raw/api/items/cp/028070086/votesex.json,data_raw/cn_official_legacy/round_05/raw/api/items/cp/028070086/votegeo.json,data_raw/cn_official_legacy/round_05/raw/api/items/cp/028070086/votepaper.json,True
5,cp,028086193,data_raw/cn_official_legacy/round_05/raw/api/items/cp/028086193/votedate.json,data_raw/cn_official_legacy/round_05/raw/api/items/cp/028086193/votesex.json,data_raw/cn_official_legacy/round_05/raw/api/items/cp/028086193/votegeo.json,data_raw/cn_official_legacy/round_05/raw/api/items/cp/028086193/votepaper.json,True
5,cp,028097000,data_raw/cn_official_legacy/round_05/raw/api/items/cp/028097000/votedate.json,data_raw/cn_official_legacy/round_05/raw/api/items/cp/028097000/votesex.json,data_raw/cn_official_legacy/round_05/raw/api/items/cp/028097000/votegeo.json,data_raw/cn_official_legacy/round_05/raw/api/items/cp/028097000/votepaper.json,True
5,cp,028138000,data_raw/cn_official_legacy/round_05/raw/api/items/cp/028138000/votedate.json,data_raw/cn_official_legacy/round_05/raw/api/items/cp/028138000/votesex.json,data_raw/cn_official_legacy/round_05/raw/api/items/cp/028138000/votegeo.json,data_raw/cn_official_legacy/round_05/raw/api/items/cp/028138000/votepaper.json,True
5,cp,029029000,data_raw/cn_official_legacy/round_05/raw/api/items/cp/029029000/votedate.json,data_raw/cn_official_legacy/round_05/raw/api/items/cp/029029000/votesex.json,data_raw/cn_official_legacy/round_05/raw/api/items/cp/029029000/votegeo.json,data_raw/cn_official_legacy/round_05/raw/api/items/cp/029029000/votepaper.json,True
5,cp,029031034,data_raw/cn_official_legacy/round_05/raw/api/items/cp/029031034/votedate.json,data_raw/cn_official_legacy/round_05/raw/api/items/cp/029031034/votesex.json,data_raw/cn_official_legacy/round_05/raw/api/items/cp/029031034/votegeo.json,data_raw/cn_official_legacy/round_05/raw/api/items/cp/029031034/votepaper.json,True
5,cp,029032000,data_raw/cn_official_legacy/round_05/raw/api/items/cp/029032000/votedate.json,data_raw/cn_official_legacy/round_05/raw/api/items/cp/029032000/votesex.json,data_raw/cn_official_legacy/round_05/raw/api/items/cp/029032000/votegeo.json,data_raw/cn_official_legacy/round_05/raw/api/items/cp/029032000/votepaper.json,True
5,cp,029032033,data_raw/cn_official_legacy/round_05/raw/api/items/cp/029032033/votedate.json,data_raw/cn_official_legacy/round_05/raw/api/items/cp/029032033/votesex.json,data_raw/cn_official_legacy/round_05/raw/api/items/cp/029032033/votegeo.json,data_raw/cn_official_legacy/round_05/raw/api/items/cp/029032033/votepaper.json,True
5,cp,029032034,data_raw/cn_official_legacy/round_05/raw/api/items/cp/029032034/votedate.json,data_raw/cn_official_legacy/round_05/raw/api/items/cp/029032034/votesex.json,data_raw/cn_official_legacy/round_05/raw/api/items/cp/029032034/votegeo.json,data_raw/cn_official_legacy/round_05/raw/api/items/cp/029032034/votepaper.json,True
5,cp,029032038,data_raw/cn_official_legacy/round_05/raw/api/items/cp/029032038/votedate.json,data_raw/cn_official_legacy/round_05/raw/api/items/cp/029032038/votesex.json,data_raw/cn_official_legacy/round_05/raw/api/items/cp/029032038/votegeo.json,data_raw/cn_official_legacy/round_05/raw/api/items/cp/029032038/votepaper.json,True
5,cp,029032097,data_raw/cn_official_legacy/round_05/raw/api/items/cp/029032097/votedate.json,data_raw/cn_official_legacy/round_05/raw/api/items/cp/029032097/votesex.json,data_raw/cn_official_legacy/round_05/raw/api/items/cp/029032097/votegeo.json,data_raw/cn_official_legacy/round_05/raw/api/items/cp/029032097/votepaper.json,True
5,cp,029033000,data_raw/cn_official_legacy/round_05/raw/api/items/cp/029033000/votedate.json,data_raw/cn_official_legacy/round_05/raw/api/items/cp/029033000/votesex.json,data_raw/cn_official_legacy/round_05/raw/api/items/cp/029033000/votegeo.json,data_raw/cn_official_legacy/round_05/raw/api/items/cp/029033000/votepaper.json,True
5,cp,029033034,data_raw/cn_official_legacy/round_05/raw/api/items/cp/029033034/votedate.json,data_raw/cn_official_legacy/round_05/raw/api/items/cp/029033034/votesex.json,data_raw/cn_official_legacy/round_05/raw/api/items/cp/029033034/votegeo.json,data_raw/cn_official_legacy/round_05/raw/api/items/cp/029033034/votepaper.json,True
5,cp,029034000,data_raw/cn_official_legacy/round_05/raw/api/items/cp/029034000/votedate.json,data_raw/cn_official_legacy/round_05/raw/api/items/cp/029034000/votesex.json,data_raw/cn_official_legacy/round_05/raw/api/items/cp/029034000/votegeo.json,data_raw/cn_official_legacy/round_05/raw/api/items/cp/029034000/votepaper.json,True
5,cp,029034037,data_raw/cn_official_legacy/round_05/raw/api/items/cp/029034037/votedate.json,data_raw/cn_official_legacy/round_05/raw/api/items/cp/029034037/votesex.json,data_raw/cn_official_legacy/round_05/raw/api/items/cp/029034037/votegeo.json,data_raw/cn_official_legacy/round_05/raw/api/items/cp/029034037/votepaper.json,True
5,cp,029034136,data_raw/cn_official_legacy/round_05/raw/api/items/cp/029034136/votedate.json,data_raw/cn_official_legacy/round_05/raw/api/items/cp/029034136/votesex.json,data_raw/cn_official_legacy/round_05/raw/api/items/cp/029034136/votegeo.json,data_raw/cn_official_legacy/round_05/raw/api/items/cp/029034136/votepaper.json,True
5,cp,029035146,data_raw/cn_official_legacy/round_05/raw/api/items/cp/029035146/votedate.json,data_raw/cn_official_legacy/round_05/raw/api/items/cp/029035146/votesex.json,data_raw/cn_official_legacy/round_05/raw/api/items/cp/029035146/votegeo.json,data_raw/cn_official_legacy/round_05/raw/api/items/cp/029035146/votepaper.json,True
5,cp,029037000,data_raw/cn_official_legacy/round_05/raw/api/items/cp/029037000/votedate.json,data_raw/cn_official_legacy/round_05/raw/api/items/cp/029037000/votesex.json,data_raw/cn_official_legacy/round_05/raw/api/items/cp/029037000/votegeo.json,data_raw/cn_official_legacy/round_05/raw/api/items/cp/029037000/votepaper.json,True
5,cp,029075000,data_raw/cn_official_legacy/round_05/raw/api/items/cp/029075000/votedate.json,data_raw/cn_official_legacy/round_05/raw/api/items/cp/029075000/votesex.json,data_raw/cn_official_legacy/round_05/raw/api/items/cp/029075000/votegeo.json,data_raw/cn_official_legacy/round_05/raw/api/items/cp/029075000/votepaper.json,True
5,cp,029136000,data_raw/cn_official_legacy/round_05/raw/api/items/cp/029136000/votedate.json,data_raw/cn_official_legacy/round_05/raw/api/items/cp/029136000/votesex.json,data_raw/cn_official_legacy/round_05/raw/api/items/cp/029136000/votegeo.json,data_raw/cn_official_legacy/round_05/raw/api/items/cp/029136000/votepaper.json,True
5,cp,029136146,data_raw/cn_official_legacy/round_05/raw/api/items/cp/029136146/votedate.json,data_raw/cn_official_legacy/round_05/raw/api/items/cp/029136146/votesex.json,data_raw/cn_official_legacy/round_05/raw/api/items/cp/029136146/votegeo.json,data_raw/cn_official_legacy/round_05/raw/api/items/cp/029136146/votepaper.json,True
5,cp,029137000,data_raw/cn_official_legacy/round_05/raw/api/items/cp/029137000/votedate.json,data_raw/cn_official_legacy/round_05/raw/api/items/cp/029137000/votesex.json,data_raw/cn_official_legacy/round_05/raw/api/items/cp/029137000/votegeo.json,data_raw/cn_official_legacy/round_05/raw/api/items/cp/029137000/votepaper.json,True
5,cp,029137138,data_raw/cn_official_legacy/round_05/raw/api/items/cp/029137138/votedate.json,data_raw/cn_official_legacy/round_05/raw/api/items/cp/029137138/votesex.json,data_raw/cn_official_legacy/round_05/raw/api/items/cp/029137138/votegeo.json,data_raw/cn_official_legacy/round_05/raw/api/items/cp/029137138/votepaper.json,True
5,cp,030031000,data_raw/cn_official_legacy/round_05/raw/api/items/cp/030031000/votedate.json,data_raw/cn_official_legacy/round_05/raw/api/items/cp/030031000/votesex.json,data_raw/cn_official_legacy/round_05/raw/api/items/cp/030031000/votegeo.json,data_raw/cn_official_legacy/round_05/raw/api/items/cp/030031000/votepaper.json,True
5,cp,030031032,data_raw/cn_official_legacy/round_05/raw/api/items/cp/030031032/votedate.json,data_raw/cn_official_legacy/round_05/raw/api/items/cp/030031032/votesex.json,data_raw/cn_official_legacy/round_05/raw/api/items/cp/030031032/votegeo.json,data_raw/cn_official_legacy/round_05/raw/api/items/cp/030031032/votepaper.json,True
5,cp,030031033,data_raw/cn_official_legacy/round_05/raw/api/items/cp/030031033/votedate.json,data_raw/cn_official_legacy/round_05/raw/api/items/cp/030031033/votesex.json,data_raw/cn_official_legacy/round_05/raw/api/items/cp/030031033/votegeo.json,data_raw/cn_official_legacy/round_05/raw/api/items/cp/030031033/votepaper.json,True
5,cp,030031034,data_raw/cn_official_legacy/round_05/raw/api/items/cp/030031034/votedate.json,data_raw/cn_official_legacy/round_05/raw/api/items/cp/030031034/votesex.json,data_raw/cn_official_legacy/round_05/raw/api/items/cp/030031034/votegeo.json,data_raw/cn_official_legacy/round_05/raw/api/items/cp/030031034/votepaper.json,True
5,cp,030031144,data_raw/cn_official_legacy/round_05/raw/api/items/cp/030031144/votedate.json,data_raw/cn_official_legacy/round_05/raw/api/items/cp/030031144/votesex.json,data_raw/cn_official_legacy/round_05/raw/api/items/cp/030031144/votegeo.json,data_raw/cn_official_legacy/round_05/raw/api/items/cp/030031144/votepaper.json,True
5,cp,030031199,data_raw/cn_official_legacy/round_05/raw/api/items/cp/030031199/votedate.json,data_raw/cn_official_legacy/round_05/raw/api/items/cp/030031199/votesex.json,data_raw/cn_official_legacy/round_05/raw/api/items/cp/030031199/votegeo.json,data_raw/cn_official_legacy/round_05/raw/api/items/cp/030031199/votepaper.json,True
5,cp,030033000,data_raw/cn_official_legacy/round_05/raw/api/items/cp/030033000/votedate.json,data_raw/cn_official_legacy/round_05/raw/api/items/cp/030033000/votesex.json,data_raw/cn_official_legacy/round_05/raw/api/items/cp/030033000/votegeo.json,data_raw/cn_official_legacy/round_05/raw/api/items/cp/030033000/votepaper.json,True
5,cp,030039000,data_raw/cn_official_legacy/round_05/raw/api/items/cp/030039000/votedate.json,data_raw/cn_official_legacy/round_05/raw/api/items/cp/030039000/votesex.json,data_raw/cn_official_legacy/round_05/raw/api/items/cp/030039000/votegeo.json,data_raw/cn_official_legacy/round_05/raw/api/items/cp/030039000/votepaper.json,True
5,cp,030042000,data_raw/cn_official_legacy/round_05/raw/api/items/cp/030042000/votedate.json,data_raw/cn_official_legacy/round_05/raw/api/items/cp/030042000/votesex.json,data_raw/cn_official_legacy/round_05/raw/api/items/cp/030042000/votegeo.json,data_raw/cn_official_legacy/round_05/raw/api/items/cp/030042000/votepaper.json,True
5,cp,030042048,data_raw/cn_official_legacy/round_05/raw/api/items/cp/030042048/votedate.json,data_raw/cn_official_legacy/round_05/raw/api/items/cp/030042048/votesex.json,data_raw/cn_official_legacy/round_05/raw/api/items/cp/030042048/votegeo.json,data_raw/cn_official_legacy/round_05/raw/api/items/cp/030042048/votepaper.json,True
5,cp,030046000,data_raw/cn_official_legacy/round_05/raw/api/items/cp/030046000/votedate.json,data_raw/cn_official_legacy/round_05/raw/api/items/cp/030046000/votesex.json,data_raw/cn_official_legacy/round_05/raw/api/items/cp/030046000/votegeo.json,data_raw/cn_official_legacy/round_05/raw/api/items/cp/030046000/votepaper.json,True
5,cp,030047000,data_raw/cn_official_legacy/round_05/raw/api/items/cp/030047000/votedate.json,data_raw/cn_official_legacy/round_05/raw/api/items/cp/030047000/votesex.json,data_raw/cn_official_legacy/round_05/raw/api/items/cp/030047000/votegeo.json,data_raw/cn_official_legacy/round_05/raw/api/items/cp/030047000/votepaper.json,True
5,cp,030047169,data_raw/cn_official_legacy/round_05/raw/api/items/cp/030047169/votedate.json,data_raw/cn_official_legacy/round_05/raw/api/items/cp/030047169/votesex.json,data_raw/cn_official_legacy/round_05/raw/api/items/cp/030047169/votegeo.json,data_raw/cn_official_legacy/round_05/raw/api/items/cp/030047169/votepaper.json,True
5,cp,030052085,data_raw/cn_official_legacy/round_05/raw/api/items/cp/030052085/votedate.json,data_raw/cn_official_legacy/round_05/raw/api/items/cp/030052085/votesex.json,data_raw/cn_official_legacy/round_05/raw/api/items/cp/030052085/votegeo.json,data_raw/cn_official_legacy/round_05/raw/api/items/cp/030052085/votepaper.json,True
5,cp,030057000,data_raw/cn_official_legacy/round_05/raw/api/items/cp/030057000/votedate.json,data_raw/cn_official_legacy/round_05/raw/api/items/cp/030057000/votesex.json,data_raw/cn_official_legacy/round_05/raw/api/items/cp/030057000/votegeo.json,data_raw/cn_official_legacy/round_05/raw/api/items/cp/030057000/votepaper.json,True
5,cp,030076000,data_raw/cn_official_legacy/round_05/raw/api/items/cp/030076000/votedate.json,data_raw/cn_official_legacy/round_05/raw/api/items/cp/030076000/votesex.json,data_raw/cn_official_legacy/round_05/raw/api/items/cp/030076000/votegeo.json,data_raw/cn_official_legacy/round_05/raw/api/items/cp/030076000/votepaper.json,True
5,cp,031031000,data_raw/cn_official_legacy/round_05/raw/api/items/cp/031031000/votedate.json,data_raw/cn_official_legacy/round_05/raw/api/items/cp/031031000/votesex.json,data_raw/cn_official_legacy/round_05/raw/api/items/cp/031031000/votegeo.json,data_raw/cn_official_legacy/round_05/raw/api/items/cp/031031000/votepaper.json,True
5,cp,031032000,data_raw/cn_official_legacy/round_05/raw/api/items/cp/031032000/votedate.json,data_raw/cn_official_legacy/round_05/raw/api/items/cp/031032000/votesex.json,data_raw/cn_official_legacy/round_05/raw/api/items/cp/031032000/votegeo.json,data_raw/cn_official_legacy/round_05/raw/api/items/cp/031032000/votepaper.json,True
5,cp,031032033,data_raw/cn_official_legacy/round_05/raw/api/items/cp/031032033/votedate.json,data_raw/cn_official_legacy/round_05/raw/api/items/cp/031032033/votesex.json,data_raw/cn_official_legacy/round_05/raw/api/items/cp/031032033/votegeo.json,data_raw/cn_official_legacy/round_05/raw/api/items/cp/031032033/votepaper.json,True
5,cp,031032035,data_raw/cn_official_legacy/round_05/raw/api/items/cp/031032035/votedate.json,data_raw/cn_official_legacy/round_05/raw/api/items/cp/031032035/votesex.json,data_raw/cn_official_legacy/round_05/raw/api/items/cp/031032035/votegeo.json,data_raw/cn_official_legacy/round_05/raw/api/items/cp/031032035/votepaper.json,True
5,cp,031032099,data_raw/cn_official_legacy/round_05/raw/api/items/cp/031032099/votedate.json,data_raw/cn_official_legacy/round_05/raw/api/items/cp/031032099/votesex.json,data_raw/cn_official_legacy/round_05/raw/api/items/cp/031032099/votegeo.json,data_raw/cn_official_legacy/round_05/raw/api/items/cp/031032099/votepaper.json,True
5,cp,031033000,data_raw/cn_official_legacy/round_05/raw/api/items/cp/031033000/votedate.json,data_raw/cn_official_legacy/round_05/raw/api/items/cp/031033000/votesex.json,data_raw/cn_official_legacy/round_05/raw/api/items/cp/031033000/votegeo.json,data_raw/cn_official_legacy/round_05/raw/api/items/cp/031033000/votepaper.json,True
5,cp,031033034,data_raw/cn_official_legacy/round_05/raw/api/items/cp/031033034/votedate.json,data_raw/cn_official_legacy/round_05/raw/api/items/cp/031033034/votesex.json,data_raw/cn_official_legacy/round_05/raw/api/items/cp/031033034/votegeo.json,data_raw/cn_official_legacy/round_05/raw/api/items/cp/031033034/votepaper.json,True
5,cp,031034000,data_raw/cn_official_legacy/round_05/raw/api/items/cp/031034000/votedate.json,data_raw/cn_official_legacy/round_05/raw/api/items/cp/031034000/votesex.json,data_raw/cn_official_legacy/round_05/raw/api/items/cp/031034000/votegeo.json,data_raw/cn_official_legacy/round_05/raw/api/items/cp/031034000/votepaper.json,True
5,cp,031035000,data_raw/cn_official_legacy/round_05/raw/api/items/cp/031035000/votedate.json,data_raw/cn_official_legacy/round_05/raw/api/items/cp/031035000/votesex.json,data_raw/cn_official_legacy/round_05/raw/api/items/cp/031035000/votegeo.json,data_raw/cn_official_legacy/round_05/raw/api/items/cp/031035000/votepaper.json,True
5,cp,031035045,data_raw/cn_official_legacy/round_05/raw/api/items/cp/031035045/votedate.json,data_raw/cn_official_legacy/round_05/raw/api/items/cp/031035045/votesex.json,data_raw/cn_official_legacy/round_05/raw/api/items/cp/031035045/votegeo.json,data_raw/cn_official_legacy/round_05/raw/api/items/cp/031035045/votepaper.json,True
5,cp,031035114,data_raw/cn_official_legacy/round_05/raw/api/items/cp/031035114/votedate.json,data_raw/cn_official_legacy/round_05/raw/api/items/cp/031035114/votesex.json,data_raw/cn_official_legacy/round_05/raw/api/items/cp/031035114/votegeo.json,data_raw/cn_official_legacy/round_05/raw/api/items/cp/031035114/votepaper.json,True
5,cp,031044000,data_raw/cn_official_legacy/round_05/raw/api/items/cp/031044000/votedate.json,data_raw/cn_official_legacy/round_05/raw/api/items/cp/031044000/votesex.json,data_raw/cn_official_legacy/round_05/raw/api/items/cp/031044000/votegeo.json,data_raw/cn_official_legacy/round_05/raw/api/items/cp/031044000/votepaper.json,True
5,cp,031045000,data_raw/cn_official_legacy/round_05/raw/api/items/cp/031045000/votedate.json,data_raw/cn_official_legacy/round_05/raw/api/items/cp/031045000/votesex.json,data_raw/cn_official_legacy/round_05/raw/api/items/cp/031045000/votegeo.json,data_raw/cn_official_legacy/round_05/raw/api/items/cp/031045000/votepaper.json,True
5,cp,031049000,data_raw/cn_official_legacy/round_05/raw/api/items/cp/031049000/votedate.json,data_raw/cn_official_legacy/round_05/raw/api/items/cp/031049000/votesex.json,data_raw/cn_official_legacy/round_05/raw/api/items/cp/031049000/votegeo.json,data_raw/cn_official_legacy/round_05/raw/api/items/cp/031049000/votepaper.json,True
5,cp,031054000,data_raw/cn_official_legacy/round_05/raw/api/items/cp/031054000/votedate.json,data_raw/cn_official_legacy/round_05/raw/api/items/cp/031054000/votesex.json,data_raw/cn_official_legacy/round_05/raw/api/items/cp/031054000/votegeo.json,data_raw/cn_official_legacy/round_05/raw/api/items/cp/031054000/votepaper.json,True
5,cp,031055146,data_raw/cn_official_legacy/round_05/raw/api/items/cp/031055146/votedate.json,data_raw/cn_official_legacy/round_05/raw/api/items/cp/031055146/votesex.json,data_raw/cn_official_legacy/round_05/raw/api/items/cp/031055146/votegeo.json,data_raw/cn_official_legacy/round_05/raw/api/items/cp/031055146/votepaper.json,True
5,cp,031057000,data_raw/cn_official_legacy/round_05/raw/api/items/cp/031057000/votedate.json,data_raw/cn_official_legacy/round_05/raw/api/items/cp/031057000/votesex.json,data_raw/cn_official_legacy/round_05/raw/api/items/cp/031057000/votegeo.json,data_raw/cn_official_legacy/round_05/raw/api/items/cp/031057000/votepaper.json,True
5,cp,031087136,data_raw/cn_official_legacy/round_05/raw/api/items/cp/031087136/votedate.json,data_raw/cn_official_legacy/round_05/raw/api/items/cp/031087136/votesex.json,data_raw/cn_official_legacy/round_05/raw/api/items/cp/031087136/votegeo.json,data_raw/cn_official_legacy/round_05/raw/api/items/cp/031087136/votepaper.json,True
5,cp,031094095,data_raw/cn_official_legacy/round_05/raw/api/items/cp/031094095/votedate.json,data_raw/cn_official_legacy/round_05/raw/api/items/cp/031094095/votesex.json,data_raw/cn_official_legacy/round_05/raw/api/items/cp/031094095/votegeo.json,data_raw/cn_official_legacy/round_05/raw/api/items/cp/031094095/votepaper.json,True
5,cp,031094144,data_raw/cn_official_legacy/round_05/raw/api/items/cp/031094144/votedate.json,data_raw/cn_official_legacy/round_05/raw/api/items/cp/031094144/votesex.json,data_raw/cn_official_legacy/round_05/raw/api/items/cp/031094144/votegeo.json,data_raw/cn_official_legacy/round_05/raw/api/items/cp/031094144/votepaper.json,True
5,cp,031098000,data_raw/cn_official_legacy/round_05/raw/api/items/cp/031098000/votedate.json,data_raw/cn_official_legacy/round_05/raw/api/items/cp/031098000/votesex.json,data_raw/cn_official_legacy/round_05/raw/api/items/cp/031098000/votegeo.json,data_raw/cn_official_legacy/round_05/raw/api/items/cp/031098000/votepaper.json,True
5,cp,031099000,data_raw/cn_official_legacy/round_05/raw/api/items/cp/031099000/votedate.json,data_raw/cn_official_legacy/round_05/raw/api/items/cp/031099000/votesex.json,data_raw/cn_official_legacy/round_05/raw/api/items/cp/031099000/votegeo.json,data_raw/cn_official_legacy/round_05/raw/api/items/cp/031099000/votepaper.json,True
5,cp,031099100,data_raw/cn_official_legacy/round_05/raw/api/items/cp/031099100/votedate.json,data_raw/cn_official_legacy/round_05/raw/api/items/cp/031099100/votesex.json,data_raw/cn_official_legacy/round_05/raw/api/items/cp/031099100/votegeo.json,data_raw/cn_official_legacy/round_05/raw/api/items/cp/031099100/votepaper.json,True
5,cp,031100000,data_raw/cn_official_legacy/round_05/raw/api/items/cp/031100000/votedate.json,data_raw/cn_official_legacy/round_05/raw/api/items/cp/031100000/votesex.json,data_raw/cn_official_legacy/round_05/raw/api/items/cp/031100000/votegeo.json,data_raw/cn_official_legacy/round_05/raw/api/items/cp/031100000/votepaper.json,True
5,cp,031134000,data_raw/cn_official_legacy/round_05/raw/api/items/cp/031134000/votedate.json,data_raw/cn_official_legacy/round_05/raw/api/items/cp/031134000/votesex.json,data_raw/cn_official_legacy/round_05/raw/api/items/cp/031134000/votegeo.json,data_raw/cn_official_legacy/round_05/raw/api/items/cp/031134000/votepaper.json,True
5,cp,031144000,data_raw/cn_official_legacy/round_05/raw/api/items/cp/031144000/votedate.json,data_raw/cn_official_legacy/round_05/raw/api/items/cp/031144000/votesex.json,data_raw/cn_official_legacy/round_05/raw/api/items/cp/031144000/votegeo.json,data_raw/cn_official_legacy/round_05/raw/api/items/cp/031144000/votepaper.json,True
5,cp,031178000,data_raw/cn_official_legacy/round_05/raw/api/items/cp/031178000/votedate.json,data_raw/cn_official_legacy/round_05/raw/api/items/cp/031178000/votesex.json,data_raw/cn_official_legacy/round_05/raw/api/items/cp/031178000/votegeo.json,data_raw/cn_official_legacy/round_05/raw/api/items/cp/031178000/votepaper.json,True
5,cp,031193000,data_raw/cn_official_legacy/round_05/raw/api/items/cp/031193000/votedate.json,data_raw/cn_official_legacy/round_05/raw/api/items/cp/031193000/votesex.json,data_raw/cn_official_legacy/round_05/raw/api/items/cp/031193000/votegeo.json,data_raw/cn_official_legacy/round_05/raw/api/items/cp/031193000/votepaper.json,True
5,cp,032032000,data_raw/cn_official_legacy/round_05/raw/api/items/cp/032032000/votedate.json,data_raw/cn_official_legacy/round_05/raw/api/items/cp/032032000/votesex.json,data_raw/cn_official_legacy/round_05/raw/api/items/cp/032032000/votegeo.json,data_raw/cn_official_legacy/round_05/raw/api/items/cp/032032000/votepaper.json,True
5,cp,032033000,data_raw/cn_official_legacy/round_05/raw/api/items/cp/032033000/votedate.json,data_raw/cn_official_legacy/round_05/raw/api/items/cp/032033000/votesex.json,data_raw/cn_official_legacy/round_05/raw/api/items/cp/032033000/votegeo.json,data_raw/cn_official_legacy/round_05/raw/api/items/cp/032033000/votepaper.json,True
5,cp,032033034,data_raw/cn_official_legacy/round_05/raw/api/items/cp/032033034/votedate.json,data_raw/cn_official_legacy/round_05/raw/api/items/cp/032033034/votesex.json,data_raw/cn_official_legacy/round_05/raw/api/items/cp/032033034/votegeo.json,data_raw/cn_official_legacy/round_05/raw/api/items/cp/032033034/votepaper.json,True
5,cp,032034000,data_raw/cn_official_legacy/round_05/raw/api/items/cp/032034000/votedate.json,data_raw/cn_official_legacy/round_05/raw/api/items/cp/032034000/votesex.json,data_raw/cn_official_legacy/round_05/raw/api/items/cp/032034000/votegeo.json,data_raw/cn_official_legacy/round_05/raw/api/items/cp/032034000/votepaper.json,True
5,cp,032037000,data_raw/cn_official_legacy/round_05/raw/api/items/cp/032037000/votedate.json,data_raw/cn_official_legacy/round_05/raw/api/items/cp/032037000/votesex.json,data_raw/cn_official_legacy/round_05/raw/api/items/cp/032037000/votegeo.json,data_raw/cn_official_legacy/round_05/raw/api/items/cp/032037000/votepaper.json,True
5,cp,032097000,data_raw/cn_official_legacy/round_05/raw/api/items/cp/032097000/votedate.json,data_raw/cn_official_legacy/round_05/raw/api/items/cp/032097000/votesex.json,data_raw/cn_official_legacy/round_05/raw/api/items/cp/032097000/votegeo.json,data_raw/cn_official_legacy/round_05/raw/api/items/cp/032097000/votepaper.json,True
5,cp,032099000,data_raw/cn_official_legacy/round_05/raw/api/items/cp/032099000/votedate.json,data_raw/cn_official_legacy/round_05/raw/api/items/cp/032099000/votesex.json,data_raw/cn_official_legacy/round_05/raw/api/items/cp/032099000/votegeo.json,data_raw/cn_official_legacy/round_05/raw/api/items/cp/032099000/votepaper.json,True
5,cp,032117118,data_raw/cn_official_legacy/round_05/raw/api/items/cp/032117118/votedate.json,data_raw/cn_official_legacy/round_05/raw/api/items/cp/032117118/votesex.json,data_raw/cn_official_legacy/round_05/raw/api/items/cp/032117118/votegeo.json,data_raw/cn_official_legacy/round_05/raw/api/items/cp/032117118/votepaper.json,True
5,cp,032142143,data_raw/cn_official_legacy/round_05/raw/api/items/cp/032142143/votedate.json,data_raw/cn_official_legacy/round_05/raw/api/items/cp/032142143/votesex.json,data_raw/cn_official_legacy/round_05/raw/api/items/cp/032142143/votegeo.json,data_raw/cn_official_legacy/round_05/raw/api/items/cp/032142143/votepaper.json,True
5,cp,032143000,data_raw/cn_official_legacy/round_05/raw/api/items/cp/032143000/votedate.json,data_raw/cn_official_legacy/round_05/raw/api/items/cp/032143000/votesex.json,data_raw/cn_official_legacy/round_05/raw/api/items/cp/032143000/votegeo.json,data_raw/cn_official_legacy/round_05/raw/api/items/cp/032143000/votepaper.json,True
5,cp,032192193,data_raw/cn_official_legacy/round_05/raw/api/items/cp/032192193/votedate.json,data_raw/cn_official_legacy/round_05/raw/api/items/cp/032192193/votesex.json,data_raw/cn_official_legacy/round_05/raw/api/items/cp/032192193/votegeo.json,data_raw/cn_official_legacy/round_05/raw/api/items/cp/032192193/votepaper.json,True
5,cp,033033000,data_raw/cn_official_legacy/round_05/raw/api/items/cp/033033000/votedate.json,data_raw/cn_official_legacy/round_05/raw/api/items/cp/033033000/votesex.json,data_raw/cn_official_legacy/round_05/raw/api/items/cp/033033000/votegeo.json,data_raw/cn_official_legacy/round_05/raw/api/items/cp/033033000/votepaper.json,True
5,cp,033034000,data_raw/cn_official_legacy/round_05/raw/api/items/cp/033034000/votedate.json,data_raw/cn_official_legacy/round_05/raw/api/items/cp/033034000/votesex.json,data_raw/cn_official_legacy/round_05/raw/api/items/cp/033034000/votegeo.json,data_raw/cn_official_legacy/round_05/raw/api/items/cp/033034000/votepaper.json,True
5,cp,033034037,data_raw/cn_official_legacy/round_05/raw/api/items/cp/033034037/votedate.json,data_raw/cn_official_legacy/round_05/raw/api/items/cp/033034037/votesex.json,data_raw/cn_official_legacy/round_05/raw/api/items/cp/033034037/votegeo.json,data_raw/cn_official_legacy/round_05/raw/api/items/cp/033034037/votepaper.json,True
5,cp,033040000,data_raw/cn_official_legacy/round_05/raw/api/items/cp/033040000/votedate.json,data_raw/cn_official_legacy/round_05/raw/api/items/cp/033040000/votesex.json,data_raw/cn_official_legacy/round_05/raw/api/items/cp/033040000/votegeo.json,data_raw/cn_official_legacy/round_05/raw/api/items/cp/033040000/votepaper.json,True
5,cp,033072000,data_raw/cn_official_legacy/round_05/raw/api/items/cp/033072000/votedate.json,data_raw/cn_official_legacy/round_05/raw/api/items/cp/033072000/votesex.json,data_raw/cn_official_legacy/round_05/raw/api/items/cp/033072000/votegeo.json,data_raw/cn_official_legacy/round_05/raw/api/items/cp/033072000/votepaper.json,True
5,cp,033077000,data_raw/cn_official_legacy/round_05/raw/api/items/cp/033077000/votedate.json,data_raw/cn_official_legacy/round_05/raw/api/items/cp/033077000/votesex.json,data_raw/cn_official_legacy/round_05/raw/api/items/cp/033077000/votegeo.json,data_raw/cn_official_legacy/round_05/raw/api/items/cp/033077000/votepaper.json,True
5,cp,033085000,data_raw/cn_official_legacy/round_05/raw/api/items/cp/033085000/votedate.json,data_raw/cn_official_legacy/round_05/raw/api/items/cp/033085000/votesex.json,data_raw/cn_official_legacy/round_05/raw/api/items/cp/033085000/votegeo.json,data_raw/cn_official_legacy/round_05/raw/api/items/cp/033085000/votepaper.json,True
5,cp,033142143,data_raw/cn_official_legacy/round_05/raw/api/items/cp/033142143/votedate.json,data_raw/cn_official_legacy/round_05/raw/api/items/cp/033142143/votesex.json,data_raw/cn_official_legacy/round_05/raw/api/items/cp/033142143/votegeo.json,data_raw/cn_official_legacy/round_05/raw/api/items/cp/033142143/votepaper.json,True
5,cp,033156000,data_raw/cn_official_legacy/round_05/raw/api/items/cp/033156000/votedate.json,data_raw/cn_official_legacy/round_05/raw/api/items/cp/033156000/votesex.json,data_raw/cn_official_legacy/round_05/raw/api/items/cp/033156000/votegeo.json,data_raw/cn_official_legacy/round_05/raw/api/items/cp/033156000/votepaper.json,True
5,cp,034034000,data_raw/cn_official_legacy/round_05/raw/api/items/cp/034034000/votedate.json,data_raw/cn_official_legacy/round_05/raw/api/items/cp/034034000/votesex.json,data_raw/cn_official_legacy/round_05/raw/api/items/cp/034034000/votegeo.json,data_raw/cn_official_legacy/round_05/raw/api/items/cp/034034000/votepaper.json,True
5,cp,034040000,data_raw/cn_official_legacy/round_05/raw/api/items/cp/034040000/votedate.json,data_raw/cn_official_legacy/round_05/raw/api/items/cp/034040000/votesex.json,data_raw/cn_official_legacy/round_05/raw/api/items/cp/034040000/votegeo.json,data_raw/cn_official_legacy/round_05/raw/api/items/cp/034040000/votepaper.json,True
5,cp,034048049,data_raw/cn_official_legacy/round_05/raw/api/items/cp/034048049/votedate.json,data_raw/cn_official_legacy/round_05/raw/api/items/cp/034048049/votesex.json,data_raw/cn_official_legacy/round_05/raw/api/items/cp/034048049/votegeo.json,data_raw/cn_official_legacy/round_05/raw/api/items/cp/034048049/votepaper.json,True
5,cp,034053056,data_raw/cn_official_legacy/round_05/raw/api/items/cp/034053056/votedate.json,data_raw/cn_official_legacy/round_05/raw/api/items/cp/034053056/votesex.json,data_raw/cn_official_legacy/round_05/raw/api/items/cp/034053056/votegeo.json,data_raw/cn_official_legacy/round_05/raw/api/items/cp/034053056/votepaper.json,True
5,cp,034056000,data_raw/cn_official_legacy/round_05/raw/api/items/cp/034056000/votedate.json,data_raw/cn_official_legacy/round_05/raw/api/items/cp/034056000/votesex.json,data_raw/cn_official_legacy/round_05/raw/api/items/cp/034056000/votegeo.json,data_raw/cn_official_legacy/round_05/raw/api/items/cp/034056000/votepaper.json,True
5,cp,034057000,data_raw/cn_official_legacy/round_05/raw/api/items/cp/034057000/votedate.json,data_raw/cn_official_legacy/round_05/raw/api/items/cp/034057000/votesex.json,data_raw/cn_official_legacy/round_05/raw/api/items/cp/034057000/votegeo.json,data_raw/cn_official_legacy/round_05/raw/api/items/cp/034057000/votepaper.json,True
5,cp,034064000,data_raw/cn_official_legacy/round_05/raw/api/items/cp/034064000/votedate.json,data_raw/cn_official_legacy/round_05/raw/api/items/cp/034064000/votesex.json,data_raw/cn_official_legacy/round_05/raw/api/items/cp/034064000/votegeo.json,data_raw/cn_official_legacy/round_05/raw/api/items/cp/034064000/votepaper.json,True
5,cp,034074000,data_raw/cn_official_legacy/round_05/raw/api/items/cp/034074000/votedate.json,data_raw/cn_official_legacy/round_05/raw/api/items/cp/034074000/votesex.json,data_raw/cn_official_legacy/round_05/raw/api/items/cp/034074000/votegeo.json,data_raw/cn_official_legacy/round_05/raw/api/items/cp/034074000/votepaper.json,True
5,cp,034087000,data_raw/cn_official_legacy/round_05/raw/api/items/cp/034087000/votedate.json,data_raw/cn_official_legacy/round_05/raw/api/items/cp/034087000/votesex.json,data_raw/cn_official_legacy/round_05/raw/api/items/cp/034087000/votegeo.json,data_raw/cn_official_legacy/round_05/raw/api/items/cp/034087000/votepaper.json,True
5,cp,034156000,data_raw/cn_official_legacy/round_05/raw/api/items/cp/034156000/votedate.json,data_raw/cn_official_legacy/round_05/raw/api/items/cp/034156000/votesex.json,data_raw/cn_official_legacy/round_05/raw/api/items/cp/034156000/votegeo.json,data_raw/cn_official_legacy/round_05/raw/api/items/cp/034156000/votepaper.json,True
5,cp,035037000,data_raw/cn_official_legacy/round_05/raw/api/items/cp/035037000/votedate.json,data_raw/cn_official_legacy/round_05/raw/api/items/cp/035037000/votesex.json,data_raw/cn_official_legacy/round_05/raw/api/items/cp/035037000/votegeo.json,data_raw/cn_official_legacy/round_05/raw/api/items/cp/035037000/votepaper.json,True
5,cp,035037063,data_raw/cn_official_legacy/round_05/raw/api/items/cp/035037063/votedate.json,data_raw/cn_official_legacy/round_05/raw/api/items/cp/035037063/votesex.json,data_raw/cn_official_legacy/round_05/raw/api/items/cp/035037063/votegeo.json,data_raw/cn_official_legacy/round_05/raw/api/items/cp/035037063/votepaper.json,True
5,cp,035038000,data_raw/cn_official_legacy/round_05/raw/api/items/cp/035038000/votedate.json,data_raw/cn_official_legacy/round_05/raw/api/items/cp/035038000/votesex.json,data_raw/cn_official_legacy/round_05/raw/api/items/cp/035038000/votegeo.json,data_raw/cn_official_legacy/round_05/raw/api/items/cp/035038000/votepaper.json,True
5,cp,035038039,data_raw/cn_official_legacy/round_05/raw/api/items/cp/035038039/votedate.json,data_raw/cn_official_legacy/round_05/raw/api/items/cp/035038039/votesex.json,data_raw/cn_official_legacy/round_05/raw/api/items/cp/035038039/votegeo.json,data_raw/cn_official_legacy/round_05/raw/api/items/cp/035038039/votepaper.json,True
5,cp,035039000,data_raw/cn_official_legacy/round_05/raw/api/items/cp/035039000/votedate.json,data_raw/cn_official_legacy/round_05/raw/api/items/cp/035039000/votesex.json,data_raw/cn_official_legacy/round_05/raw/api/items/cp/035039000/votegeo.json,data_raw/cn_official_legacy/round_05/raw/api/items/cp/035039000/votepaper.json,True
5,cp,035039054,data_raw/cn_official_legacy/round_05/raw/api/items/cp/035039054/votedate.json,data_raw/cn_official_legacy/round_05/raw/api/items/cp/035039054/votesex.json,data_raw/cn_official_legacy/round_05/raw/api/items/cp/035039054/votegeo.json,data_raw/cn_official_legacy/round_05/raw/api/items/cp/035039054/votepaper.json,True
5,cp,035042047,data_raw/cn_official_legacy/round_05/raw/api/items/cp/035042047/votedate.json,data_raw/cn_official_legacy/round_05/raw/api/items/cp/035042047/votesex.json,data_raw/cn_official_legacy/round_05/raw/api/items/cp/035042047/votegeo.json,data_raw/cn_official_legacy/round_05/raw/api/items/cp/035042047/votepaper.json,True
5,cp,035043000,data_raw/cn_official_legacy/round_05/raw/api/items/cp/035043000/votedate.json,data_raw/cn_official_legacy/round_05/raw/api/items/cp/035043000/votesex.json,data_raw/cn_official_legacy/round_05/raw/api/items/cp/035043000/votegeo.json,data_raw/cn_official_legacy/round_05/raw/api/items/cp/035043000/votepaper.json,True
5,cp,035043044,data_raw/cn_official_legacy/round_05/raw/api/items/cp/035043044/votedate.json,data_raw/cn_official_legacy/round_05/raw/api/items/cp/035043044/votesex.json,data_raw/cn_official_legacy/round_05/raw/api/items/cp/035043044/votegeo.json,data_raw/cn_official_legacy/round_05/raw/api/items/cp/035043044/votepaper.json,True
5,cp,035044000,data_raw/cn_official_legacy/round_05/raw/api/items/cp/035044000/votedate.json,data_raw/cn_official_legacy/round_05/raw/api/items/cp/035044000/votesex.json,data_raw/cn_official_legacy/round_05/raw/api/items/cp/035044000/votegeo.json,data_raw/cn_official_legacy/round_05/raw/api/items/cp/035044000/votepaper.json,True
5,cp,035044049,data_raw/cn_official_legacy/round_05/raw/api/items/cp/035044049/votedate.json,data_raw/cn_official_legacy/round_05/raw/api/items/cp/035044049/votesex.json,data_raw/cn_official_legacy/round_05/raw/api/items/cp/035044049/votegeo.json,data_raw/cn_official_legacy/round_05/raw/api/items/cp/035044049/votepaper.json,True
5,cp,035044069,data_raw/cn_official_legacy/round_05/raw/api/items/cp/035044069/votedate.json,data_raw/cn_official_legacy/round_05/raw/api/items/cp/035044069/votesex.json,data_raw/cn_official_legacy/round_05/raw/api/items/cp/035044069/votegeo.json,data_raw/cn_official_legacy/round_05/raw/api/items/cp/035044069/votepaper.json,True
5,cp,035045000,data_raw/cn_official_legacy/round_05/raw/api/items/cp/035045000/votedate.json,data_raw/cn_official_legacy/round_05/raw/api/items/cp/035045000/votesex.json,data_raw/cn_official_legacy/round_05/raw/api/items/cp/035045000/votegeo.json,data_raw/cn_official_legacy/round_05/raw/api/items/cp/035045000/votepaper.json,True
5,cp,035045047,data_raw/cn_official_legacy/round_05/raw/api/items/cp/035045047/votedate.json,data_raw/cn_official_legacy/round_05/raw/api/items/cp/035045047/votesex.json,data_raw/cn_official_legacy/round_05/raw/api/items/cp/035045047/votegeo.json,data_raw/cn_official_legacy/round_05/raw/api/items/cp/035045047/votepaper.json,True
5,cp,035047000,data_raw/cn_official_legacy/round_05/raw/api/items/cp/035047000/votedate.json,data_raw/cn_official_legacy/round_05/raw/api/items/cp/035047000/votesex.json,data_raw/cn_official_legacy/round_05/raw/api/items/cp/035047000/votegeo.json,data_raw/cn_official_legacy/round_05/raw/api/items/cp/035047000/votepaper.json,True
5,cp,035047069,data_raw/cn_official_legacy/round_05/raw/api/items/cp/035047069/votedate.json,data_raw/cn_official_legacy/round_05/raw/api/items/cp/035047069/votesex.json,data_raw/cn_official_legacy/round_05/raw/api/items/cp/035047069/votegeo.json,data_raw/cn_official_legacy/round_05/raw/api/items/cp/035047069/votepaper.json,True
5,cp,035047136,data_raw/cn_official_legacy/round_05/raw/api/items/cp/035047136/votedate.json,data_raw/cn_official_legacy/round_05/raw/api/items/cp/035047136/votesex.json,data_raw/cn_official_legacy/round_05/raw/api/items/cp/035047136/votegeo.json,data_raw/cn_official_legacy/round_05/raw/api/items/cp/035047136/votepaper.json,True
5,cp,035049000,data_raw/cn_official_legacy/round_05/raw/api/items/cp/035049000/votedate.json,data_raw/cn_official_legacy/round_05/raw/api/items/cp/035049000/votesex.json,data_raw/cn_official_legacy/round_05/raw/api/items/cp/035049000/votegeo.json,data_raw/cn_official_legacy/round_05/raw/api/items/cp/035049000/votepaper.json,True
5,cp,035049069,data_raw/cn_official_legacy/round_05/raw/api/items/cp/035049069/votedate.json,data_raw/cn_official_legacy/round_05/raw/api/items/cp/035049069/votesex.json,data_raw/cn_official_legacy/round_05/raw/api/items/cp/035049069/votegeo.json,data_raw/cn_official_legacy/round_05/raw/api/items/cp/035049069/votepaper.json,True
5,cp,035056000,data_raw/cn_official_legacy/round_05/raw/api/items/cp/035056000/votedate.json,data_raw/cn_official_legacy/round_05/raw/api/items/cp/035056000/votesex.json,data_raw/cn_official_legacy/round_05/raw/api/items/cp/035056000/votegeo.json,data_raw/cn_official_legacy/round_05/raw/api/items/cp/035056000/votepaper.json,True
5,cp,035057000,data_raw/cn_official_legacy/round_05/raw/api/items/cp/035057000/votedate.json,data_raw/cn_official_legacy/round_05/raw/api/items/cp/035057000/votesex.json,data_raw/cn_official_legacy/round_05/raw/api/items/cp/035057000/votegeo.json,data_raw/cn_official_legacy/round_05/raw/api/items/cp/035057000/votepaper.json,True
5,cp,035069000,data_raw/cn_official_legacy/round_05/raw/api/items/cp/035069000/votedate.json,data_raw/cn_official_legacy/round_05/raw/api/items/cp/035069000/votesex.json,data_raw/cn_official_legacy/round_05/raw/api/items/cp/035069000/votegeo.json,data_raw/cn_official_legacy/round_05/raw/api/items/cp/035069000/votepaper.json,True
5,cp,035136000,data_raw/cn_official_legacy/round_05/raw/api/items/cp/035136000/votedate.json,data_raw/cn_official_legacy/round_05/raw/api/items/cp/035136000/votesex.json,data_raw/cn_official_legacy/round_05/raw/api/items/cp/035136000/votegeo.json,data_raw/cn_official_legacy/round_05/raw/api/items/cp/035136000/votepaper.json,True
5,cp,035136137,data_raw/cn_official_legacy/round_05/raw/api/items/cp/035136137/votedate.json,data_raw/cn_official_legacy/round_05/raw/api/items/cp/035136137/votesex.json,data_raw/cn_official_legacy/round_05/raw/api/items/cp/035136137/votegeo.json,data_raw/cn_official_legacy/round_05/raw/api/items/cp/035136137/votepaper.json,True
5,cp,035136146,data_raw/cn_official_legacy/round_05/raw/api/items/cp/035136146/votedate.json,data_raw/cn_official_legacy/round_05/raw/api/items/cp/035136146/votesex.json,data_raw/cn_official_legacy/round_05/raw/api/items/cp/035136146/votegeo.json,data_raw/cn_official_legacy/round_05/raw/api/items/cp/035136146/votepaper.json,True
5,cp,035142143,data_raw/cn_official_legacy/round_05/raw/api/items/cp/035142143/votedate.json,data_raw/cn_official_legacy/round_05/raw/api/items/cp/035142143/votesex.json,data_raw/cn_official_legacy/round_05/raw/api/items/cp/035142143/votegeo.json,data_raw/cn_official_legacy/round_05/raw/api/items/cp/035142143/votepaper.json,True
5,cp,035146000,data_raw/cn_official_legacy/round_05/raw/api/items/cp/035146000/votedate.json,data_raw/cn_official_legacy/round_05/raw/api/items/cp/035146000/votesex.json,data_raw/cn_official_legacy/round_05/raw/api/items/cp/035146000/votegeo.json,data_raw/cn_official_legacy/round_05/raw/api/items/cp/035146000/votepaper.json,True
5,cp,036037000,data_raw/cn_official_legacy/round_05/raw/api/items/cp/036037000/votedate.json,data_raw/cn_official_legacy/round_05/raw/api/items/cp/036037000/votesex.json,data_raw/cn_official_legacy/round_05/raw/api/items/cp/036037000/votegeo.json,data_raw/cn_official_legacy/round_05/raw/api/items/cp/036037000/votepaper.json,True
5,cp,036037086,data_raw/cn_official_legacy/round_05/raw/api/items/cp/036037086/votedate.json,data_raw/cn_official_legacy/round_05/raw/api/items/cp/036037086/votesex.json,data_raw/cn_official_legacy/round_05/raw/api/items/cp/036037086/votegeo.json,data_raw/cn_official_legacy/round_05/raw/api/items/cp/036037086/votepaper.json,True
5,cp,036042000,data_raw/cn_official_legacy/round_05/raw/api/items/cp/036042000/votedate.json,data_raw/cn_official_legacy/round_05/raw/api/items/cp/036042000/votesex.json,data_raw/cn_official_legacy/round_05/raw/api/items/cp/036042000/votegeo.json,data_raw/cn_official_legacy/round_05/raw/api/items/cp/036042000/votepaper.json,True
5,cp,036057084,data_raw/cn_official_legacy/round_05/raw/api/items/cp/036057084/votedate.json,data_raw/cn_official_legacy/round_05/raw/api/items/cp/036057084/votesex.json,data_raw/cn_official_legacy/round_05/raw/api/items/cp/036057084/votegeo.json,data_raw/cn_official_legacy/round_05/raw/api/items/cp/036057084/votepaper.json,True
5,cp,036059000,data_raw/cn_official_legacy/round_05/raw/api/items/cp/036059000/votedate.json,data_raw/cn_official_legacy/round_05/raw/api/items/cp/036059000/votesex.json,data_raw/cn_official_legacy/round_05/raw/api/items/cp/036059000/votegeo.json,data_raw/cn_official_legacy/round_05/raw/api/items/cp/036059000/votepaper.json,True
5,cp,036183000,data_raw/cn_official_legacy/round_05/raw/api/items/cp/036183000/votedate.json,data_raw/cn_official_legacy/round_05/raw/api/items/cp/036183000/votesex.json,data_raw/cn_official_legacy/round_05/raw/api/items/cp/036183000/votegeo.json,data_raw/cn_official_legacy/round_05/raw/api/items/cp/036183000/votepaper.json,True
5,cp,037037000,data_raw/cn_official_legacy/round_05/raw/api/items/cp/037037000/votedate.json,data_raw/cn_official_legacy/round_05/raw/api/items/cp/037037000/votesex.json,data_raw/cn_official_legacy/round_05/raw/api/items/cp/037037000/votegeo.json,data_raw/cn_official_legacy/round_05/raw/api/items/cp/037037000/votepaper.json,True
5,cp,037038039,data_raw/cn_official_legacy/round_05/raw/api/items/cp/037038039/votedate.json,data_raw/cn_official_legacy/round_05/raw/api/items/cp/037038039/votesex.json,data_raw/cn_official_legacy/round_05/raw/api/items/cp/037038039/votegeo.json,data_raw/cn_official_legacy/round_05/raw/api/items/cp/037038039/votepaper.json,True
5,cp,037039000,data_raw/cn_official_legacy/round_05/raw/api/items/cp/037039000/votedate.json,data_raw/cn_official_legacy/round_05/raw/api/items/cp/037039000/votesex.json,data_raw/cn_official_legacy/round_05/raw/api/items/cp/037039000/votegeo.json,data_raw/cn_official_legacy/round_05/raw/api/items/cp/037039000/votepaper.json,True
5,cp,037039133,data_raw/cn_official_legacy/round_05/raw/api/items/cp/037039133/votedate.json,data_raw/cn_official_legacy/round_05/raw/api/items/cp/037039133/votesex.json,data_raw/cn_official_legacy/round_05/raw/api/items/cp/037039133/votegeo.json,data_raw/cn_official_legacy/round_05/raw/api/items/cp/037039133/votepaper.json,True
5,cp,037045000,data_raw/cn_official_legacy/round_05/raw/api/items/cp/037045000/votedate.json,data_raw/cn_official_legacy/round_05/raw/api/items/cp/037045000/votesex.json,data_raw/cn_official_legacy/round_05/raw/api/items/cp/037045000/votegeo.json,data_raw/cn_official_legacy/round_05/raw/api/items/cp/037045000/votepaper.json,True
5,cp,037048049,data_raw/cn_official_legacy/round_05/raw/api/items/cp/037048049/votedate.json,data_raw/cn_official_legacy/round_05/raw/api/items/cp/037048049/votesex.json,data_raw/cn_official_legacy/round_05/raw/api/items/cp/037048049/votegeo.json,data_raw/cn_official_legacy/round_05/raw/api/items/cp/037048049/votepaper.json,True
5,cp,037049000,data_raw/cn_official_legacy/round_05/raw/api/items/cp/037049000/votedate.json,data_raw/cn_official_legacy/round_05/raw/api/items/cp/037049000/votesex.json,data_raw/cn_official_legacy/round_05/raw/api/items/cp/037049000/votegeo.json,data_raw/cn_official_legacy/round_05/raw/api/items/cp/037049000/votepaper.json,True
5,cp,037052000,data_raw/cn_official_legacy/round_05/raw/api/items/cp/037052000/votedate.json,data_raw/cn_official_legacy/round_05/raw/api/items/cp/037052000/votesex.json,data_raw/cn_official_legacy/round_05/raw/api/items/cp/037052000/votegeo.json,data_raw/cn_official_legacy/round_05/raw/api/items/cp/037052000/votepaper.json,True
5,cp,037052099,data_raw/cn_official_legacy/round_05/raw/api/items/cp/037052099/votedate.json,data_raw/cn_official_legacy/round_05/raw/api/items/cp/037052099/votesex.json,data_raw/cn_official_legacy/round_05/raw/api/items/cp/037052099/votegeo.json,data_raw/cn_official_legacy/round_05/raw/api/items/cp/037052099/votepaper.json,True
5,cp,037057000,data_raw/cn_official_legacy/round_05/raw/api/items/cp/037057000/votedate.json,data_raw/cn_official_legacy/round_05/raw/api/items/cp/037057000/votesex.json,data_raw/cn_official_legacy/round_05/raw/api/items/cp/037057000/votegeo.json,data_raw/cn_official_legacy/round_05/raw/api/items/cp/037057000/votepaper.json,True
5,cp,037059000,data_raw/cn_official_legacy/round_05/raw/api/items/cp/037059000/votedate.json,data_raw/cn_official_legacy/round_05/raw/api/items/cp/037059000/votesex.json,data_raw/cn_official_legacy/round_05/raw/api/items/cp/037059000/votegeo.json,data_raw/cn_official_legacy/round_05/raw/api/items/cp/037059000/votepaper.json,True
5,cp,037064000,data_raw/cn_official_legacy/round_05/raw/api/items/cp/037064000/votedate.json,data_raw/cn_official_legacy/round_05/raw/api/items/cp/037064000/votesex.json,data_raw/cn_official_legacy/round_05/raw/api/items/cp/037064000/votegeo.json,data_raw/cn_official_legacy/round_05/raw/api/items/cp/037064000/votepaper.json,True
5,cp,037087000,data_raw/cn_official_legacy/round_05/raw/api/items/cp/037087000/votedate.json,data_raw/cn_official_legacy/round_05/raw/api/items/cp/037087000/votesex.json,data_raw/cn_official_legacy/round_05/raw/api/items/cp/037087000/votegeo.json,data_raw/cn_official_legacy/round_05/raw/api/items/cp/037087000/votepaper.json,True
5,cp,037102000,data_raw/cn_official_legacy/round_05/raw/api/items/cp/037102000/votedate.json,data_raw/cn_official_legacy/round_05/raw/api/items/cp/037102000/votesex.json,data_raw/cn_official_legacy/round_05/raw/api/items/cp/037102000/votegeo.json,data_raw/cn_official_legacy/round_05/raw/api/items/cp/037102000/votepaper.json,True
5,cp,037102133,data_raw/cn_official_legacy/round_05/raw/api/items/cp/037102133/votedate.json,data_raw/cn_official_legacy/round_05/raw/api/items/cp/037102133/votesex.json,data_raw/cn_official_legacy/round_05/raw/api/items/cp/037102133/votegeo.json,data_raw/cn_official_legacy/round_05/raw/api/items/cp/037102133/votepaper.json,True
5,cp,037124125,data_raw/cn_official_legacy/round_05/raw/api/items/cp/037124125/votedate.json,data_raw/cn_official_legacy/round_05/raw/api/items/cp/037124125/votesex.json,data_raw/cn_official_legacy/round_05/raw/api/items/cp/037124125/votegeo.json,data_raw/cn_official_legacy/round_05/raw/api/items/cp/037124125/votepaper.json,True
5,cp,037125000,data_raw/cn_official_legacy/round_05/raw/api/items/cp/037125000/votedate.json,data_raw/cn_official_legacy/round_05/raw/api/items/cp/037125000/votesex.json,data_raw/cn_official_legacy/round_05/raw/api/items/cp/037125000/votegeo.json,data_raw/cn_official_legacy/round_05/raw/api/items/cp/037125000/votepaper.json,True
5,cp,037126127,data_raw/cn_official_legacy/round_05/raw/api/items/cp/037126127/votedate.json,data_raw/cn_official_legacy/round_05/raw/api/items/cp/037126127/votesex.json,data_raw/cn_official_legacy/round_05/raw/api/items/cp/037126127/votegeo.json,data_raw/cn_official_legacy/round_05/raw/api/items/cp/037126127/votepaper.json,True
5,cp,037127000,data_raw/cn_official_legacy/round_05/raw/api/items/cp/037127000/votedate.json,data_raw/cn_official_legacy/round_05/raw/api/items/cp/037127000/votesex.json,data_raw/cn_official_legacy/round_05/raw/api/items/cp/037127000/votegeo.json,data_raw/cn_official_legacy/round_05/raw/api/items/cp/037127000/votepaper.json,True
5,cp,037133000,data_raw/cn_official_legacy/round_05/raw/api/items/cp/037133000/votedate.json,data_raw/cn_official_legacy/round_05/raw/api/items/cp/037133000/votesex.json,data_raw/cn_official_legacy/round_05/raw/api/items/cp/037133000/votegeo.json,data_raw/cn_official_legacy/round_05/raw/api/items/cp/037133000/votepaper.json,True
5,cp,038039000,data_raw/cn_official_legacy/round_05/raw/api/items/cp/038039000/votedate.json,data_raw/cn_official_legacy/round_05/raw/api/items/cp/038039000/votesex.json,data_raw/cn_official_legacy/round_05/raw/api/items/cp/038039000/votegeo.json,data_raw/cn_official_legacy/round_05/raw/api/items/cp/038039000/votepaper.json,True
5,cp,038039054,data_raw/cn_official_legacy/round_05/raw/api/items/cp/038039054/votedate.json,data_raw/cn_official_legacy/round_05/raw/api/items/cp/038039054/votesex.json,data_raw/cn_official_legacy/round_05/raw/api/items/cp/038039054/votegeo.json,data_raw/cn_official_legacy/round_05/raw/api/items/cp/038039054/votepaper.json,True
5,cp,038039072,data_raw/cn_official_legacy/round_05/raw/api/items/cp/038039072/votedate.json,data_raw/cn_official_legacy/round_05/raw/api/items/cp/038039072/votesex.json,data_raw/cn_official_legacy/round_05/raw/api/items/cp/038039072/votegeo.json,data_raw/cn_official_legacy/round_05/raw/api/items/cp/038039072/votepaper.json,True
5,cp,038039102,data_raw/cn_official_legacy/round_05/raw/api/items/cp/038039102/votedate.json,data_raw/cn_official_legacy/round_05/raw/api/items/cp/038039102/votesex.json,data_raw/cn_official_legacy/round_05/raw/api/items/cp/038039102/votegeo.json,data_raw/cn_official_legacy/round_05/raw/api/items/cp/038039102/votepaper.json,True
5,cp,038042000,data_raw/cn_official_legacy/round_05/raw/api/items/cp/038042000/votedate.json,data_raw/cn_official_legacy/round_05/raw/api/items/cp/038042000/votesex.json,data_raw/cn_official_legacy/round_05/raw/api/items/cp/038042000/votegeo.json,data_raw/cn_official_legacy/round_05/raw/api/items/cp/038042000/votepaper.json,True
5,cp,038046053,data_raw/cn_official_legacy/round_05/raw/api/items/cp/038046053/votedate.json,data_raw/cn_official_legacy/round_05/raw/api/items/cp/038046053/votesex.json,data_raw/cn_official_legacy/round_05/raw/api/items/cp/038046053/votegeo.json,data_raw/cn_official_legacy/round_05/raw/api/items/cp/038046053/votepaper.json,True
5,cp,038049000,data_raw/cn_official_legacy/round_05/raw/api/items/cp/038049000/votedate.json,data_raw/cn_official_legacy/round_05/raw/api/items/cp/038049000/votesex.json,data_raw/cn_official_legacy/round_05/raw/api/items/cp/038049000/votegeo.json,data_raw/cn_official_legacy/round_05/raw/api/items/cp/038049000/votepaper.json,True
5,cp,038094136,data_raw/cn_official_legacy/round_05/raw/api/items/cp/038094136/votedate.json,data_raw/cn_official_legacy/round_05/raw/api/items/cp/038094136/votesex.json,data_raw/cn_official_legacy/round_05/raw/api/items/cp/038094136/votegeo.json,data_raw/cn_official_legacy/round_05/raw/api/items/cp/038094136/votepaper.json,True
5,cp,038136000,data_raw/cn_official_legacy/round_05/raw/api/items/cp/038136000/votedate.json,data_raw/cn_official_legacy/round_05/raw/api/items/cp/038136000/votesex.json,data_raw/cn_official_legacy/round_05/raw/api/items/cp/038136000/votegeo.json,data_raw/cn_official_legacy/round_05/raw/api/items/cp/038136000/votepaper.json,True
5,cp,038137000,data_raw/cn_official_legacy/round_05/raw/api/items/cp/038137000/votedate.json,data_raw/cn_official_legacy/round_05/raw/api/items/cp/038137000/votesex.json,data_raw/cn_official_legacy/round_05/raw/api/items/cp/038137000/votegeo.json,data_raw/cn_official_legacy/round_05/raw/api/items/cp/038137000/votepaper.json,True
5,cp,038145000,data_raw/cn_official_legacy/round_05/raw/api/items/cp/038145000/votedate.json,data_raw/cn_official_legacy/round_05/raw/api/items/cp/038145000/votesex.json,data_raw/cn_official_legacy/round_05/raw/api/items/cp/038145000/votegeo.json,data_raw/cn_official_legacy/round_05/raw/api/items/cp/038145000/votepaper.json,True
5,cp,039039000,data_raw/cn_official_legacy/round_05/raw/api/items/cp/039039000/votedate.json,data_raw/cn_official_legacy/round_05/raw/api/items/cp/039039000/votesex.json,data_raw/cn_official_legacy/round_05/raw/api/items/cp/039039000/votegeo.json,data_raw/cn_official_legacy/round_05/raw/api/items/cp/039039000/votepaper.json,True
5,cp,039044074,data_raw/cn_official_legacy/round_05/raw/api/items/cp/039044074/votedate.json,data_raw/cn_official_legacy/round_05/raw/api/items/cp/039044074/votesex.json,data_raw/cn_official_legacy/round_05/raw/api/items/cp/039044074/votegeo.json,data_raw/cn_official_legacy/round_05/raw/api/items/cp/039044074/votepaper.json,True
5,cp,039047000,data_raw/cn_official_legacy/round_05/raw/api/items/cp/039047000/votedate.json,data_raw/cn_official_legacy/round_05/raw/api/items/cp/039047000/votesex.json,data_raw/cn_official_legacy/round_05/raw/api/items/cp/039047000/votegeo.json,data_raw/cn_official_legacy/round_05/raw/api/items/cp/039047000/votepaper.json,True
5,cp,039049000,data_raw/cn_official_legacy/round_05/raw/api/items/cp/039049000/votedate.json,data_raw/cn_official_legacy/round_05/raw/api/items/cp/039049000/votesex.json,data_raw/cn_official_legacy/round_05/raw/api/items/cp/039049000/votegeo.json,data_raw/cn_official_legacy/round_05/raw/api/items/cp/039049000/votepaper.json,True
5,cp,039054000,data_raw/cn_official_legacy/round_05/raw/api/items/cp/039054000/votedate.json,data_raw/cn_official_legacy/round_05/raw/api/items/cp/039054000/votesex.json,data_raw/cn_official_legacy/round_05/raw/api/items/cp/039054000/votegeo.json,data_raw/cn_official_legacy/round_05/raw/api/items/cp/039054000/votepaper.json,True
5,cp,039054056,data_raw/cn_official_legacy/round_05/raw/api/items/cp/039054056/votedate.json,data_raw/cn_official_legacy/round_05/raw/api/items/cp/039054056/votesex.json,data_raw/cn_official_legacy/round_05/raw/api/items/cp/039054056/votegeo.json,data_raw/cn_official_legacy/round_05/raw/api/items/cp/039054056/votepaper.json,True
5,cp,039054057,data_raw/cn_official_legacy/round_05/raw/api/items/cp/039054057/votedate.json,data_raw/cn_official_legacy/round_05/raw/api/items/cp/039054057/votesex.json,data_raw/cn_official_legacy/round_05/raw/api/items/cp/039054057/votegeo.json,data_raw/cn_official_legacy/round_05/raw/api/items/cp/039054057/votepaper.json,True
5,cp,039075000,data_raw/cn_official_legacy/round_05/raw/api/items/cp/039075000/votedate.json,data_raw/cn_official_legacy/round_05/raw/api/items/cp/039075000/votesex.json,data_raw/cn_official_legacy/round_05/raw/api/items/cp/039075000/votegeo.json,data_raw/cn_official_legacy/round_05/raw/api/items/cp/039075000/votepaper.json,True
5,cp,039084000,data_raw/cn_official_legacy/round_05/raw/api/items/cp/039084000/votedate.json,data_raw/cn_official_legacy/round_05/raw/api/items/cp/039084000/votesex.json,data_raw/cn_official_legacy/round_05/raw/api/items/cp/039084000/votegeo.json,data_raw/cn_official_legacy/round_05/raw/api/items/cp/039084000/votepaper.json,True
5,cp,039100000,data_raw/cn_official_legacy/round_05/raw/api/items/cp/039100000/votedate.json,data_raw/cn_official_legacy/round_05/raw/api/items/cp/039100000/votesex.json,data_raw/cn_official_legacy/round_05/raw/api/items/cp/039100000/votegeo.json,data_raw/cn_official_legacy/round_05/raw/api/items/cp/039100000/votepaper.json,True
5,cp,039136000,data_raw/cn_official_legacy/round_05/raw/api/items/cp/039136000/votedate.json,data_raw/cn_official_legacy/round_05/raw/api/items/cp/039136000/votesex.json,data_raw/cn_official_legacy/round_05/raw/api/items/cp/039136000/votegeo.json,data_raw/cn_official_legacy/round_05/raw/api/items/cp/039136000/votepaper.json,True
5,cp,040041000,data_raw/cn_official_legacy/round_05/raw/api/items/cp/040041000/votedate.json,data_raw/cn_official_legacy/round_05/raw/api/items/cp/040041000/votesex.json,data_raw/cn_official_legacy/round_05/raw/api/items/cp/040041000/votegeo.json,data_raw/cn_official_legacy/round_05/raw/api/items/cp/040041000/votepaper.json,True
5,cp,040041042,data_raw/cn_official_legacy/round_05/raw/api/items/cp/040041042/votedate.json,data_raw/cn_official_legacy/round_05/raw/api/items/cp/040041042/votesex.json,data_raw/cn_official_legacy/round_05/raw/api/items/cp/040041042/votegeo.json,data_raw/cn_official_legacy/round_05/raw/api/items/cp/040041042/votepaper.json,True
5,cp,040041043,data_raw/cn_official_legacy/round_05/raw/api/items/cp/040041043/votedate.json,data_raw/cn_official_legacy/round_05/raw/api/items/cp/040041043/votesex.json,data_raw/cn_official_legacy/round_05/raw/api/items/cp/040041043/votegeo.json,data_raw/cn_official_legacy/round_05/raw/api/items/cp/040041043/votepaper.json,True
5,cp,040057077,data_raw/cn_official_legacy/round_05/raw/api/items/cp/040057077/votedate.json,data_raw/cn_official_legacy/round_05/raw/api/items/cp/040057077/votesex.json,data_raw/cn_official_legacy/round_05/raw/api/items/cp/040057077/votegeo.json,data_raw/cn_official_legacy/round_05/raw/api/items/cp/040057077/votepaper.json,True
5,cp,041045000,data_raw/cn_official_legacy/round_05/raw/api/items/cp/041045000/votedate.json,data_raw/cn_official_legacy/round_05/raw/api/items/cp/041045000/votesex.json,data_raw/cn_official_legacy/round_05/raw/api/items/cp/041045000/votegeo.json,data_raw/cn_official_legacy/round_05/raw/api/items/cp/041045000/votepaper.json,True
5,cp,042042000,data_raw/cn_official_legacy/round_05/raw/api/items/cp/042042000/votedate.json,data_raw/cn_official_legacy/round_05/raw/api/items/cp/042042000/votesex.json,data_raw/cn_official_legacy/round_05/raw/api/items/cp/042042000/votegeo.json,data_raw/cn_official_legacy/round_05/raw/api/items/cp/042042000/votepaper.json,True
5,cp,042043000,data_raw/cn_official_legacy/round_05/raw/api/items/cp/042043000/votedate.json,data_raw/cn_official_legacy/round_05/raw/api/items/cp/042043000/votesex.json,data_raw/cn_official_legacy/round_05/raw/api/items/cp/042043000/votegeo.json,data_raw/cn_official_legacy/round_05/raw/api/items/cp/042043000/votepaper.json,True
5,cp,042043044,data_raw/cn_official_legacy/round_05/raw/api/items/cp/042043044/votedate.json,data_raw/cn_official_legacy/round_05/raw/api/items/cp/042043044/votesex.json,data_raw/cn_official_legacy/round_05/raw/api/items/cp/042043044/votegeo.json,data_raw/cn_official_legacy/round_05/raw/api/items/cp/042043044/votepaper.json,True
5,cp,042043048,data_raw/cn_official_legacy/round_05/raw/api/items/cp/042043048/votedate.json,data_raw/cn_official_legacy/round_05/raw/api/items/cp/042043048/votesex.json,data_raw/cn_official_legacy/round_05/raw/api/items/cp/042043048/votegeo.json,data_raw/cn_official_legacy/round_05/raw/api/items/cp/042043048/votepaper.json,True
5,cp,042044000,data_raw/cn_official_legacy/round_05/raw/api/items/cp/042044000/votedate.json,data_raw/cn_official_legacy/round_05/raw/api/items/cp/042044000/votesex.json,data_raw/cn_official_legacy/round_05/raw/api/items/cp/042044000/votegeo.json,data_raw/cn_official_legacy/round_05/raw/api/items/cp/042044000/votepaper.json,True
5,cp,042045000,data_raw/cn_official_legacy/round_05/raw/api/items/cp/042045000/votedate.json,data_raw/cn_official_legacy/round_05/raw/api/items/cp/042045000/votesex.json,data_raw/cn_official_legacy/round_05/raw/api/items/cp/042045000/votegeo.json,data_raw/cn_official_legacy/round_05/raw/api/items/cp/042045000/votepaper.json,True
5,cp,042045047,data_raw/cn_official_legacy/round_05/raw/api/items/cp/042045047/votedate.json,data_raw/cn_official_legacy/round_05/raw/api/items/cp/042045047/votesex.json,data_raw/cn_official_legacy/round_05/raw/api/items/cp/042045047/votegeo.json,data_raw/cn_official_legacy/round_05/raw/api/items/cp/042045047/votepaper.json,True
5,cp,042048000,data_raw/cn_official_legacy/round_05/raw/api/items/cp/042048000/votedate.json,data_raw/cn_official_legacy/round_05/raw/api/items/cp/042048000/votesex.json,data_raw/cn_official_legacy/round_05/raw/api/items/cp/042048000/votegeo.json,data_raw/cn_official_legacy/round_05/raw/api/items/cp/042048000/votepaper.json,True
5,cp,042052000,data_raw/cn_official_legacy/round_05/raw/api/items/cp/042052000/votedate.json,data_raw/cn_official_legacy/round_05/raw/api/items/cp/042052000/votesex.json,data_raw/cn_official_legacy/round_05/raw/api/items/cp/042052000/votegeo.json,data_raw/cn_official_legacy/round_05/raw/api/items/cp/042052000/votepaper.json,True
5,cp,042052053,data_raw/cn_official_legacy/round_05/raw/api/items/cp/042052053/votedate.json,data_raw/cn_official_legacy/round_05/raw/api/items/cp/042052053/votesex.json,data_raw/cn_official_legacy/round_05/raw/api/items/cp/042052053/votegeo.json,data_raw/cn_official_legacy/round_05/raw/api/items/cp/042052053/votepaper.json,True
5,cp,042052072,data_raw/cn_official_legacy/round_05/raw/api/items/cp/042052072/votedate.json,data_raw/cn_official_legacy/round_05/raw/api/items/cp/042052072/votesex.json,data_raw/cn_official_legacy/round_05/raw/api/items/cp/042052072/votegeo.json,data_raw/cn_official_legacy/round_05/raw/api/items/cp/042052072/votepaper.json,True
5,cp,042054000,data_raw/cn_official_legacy/round_05/raw/api/items/cp/042054000/votedate.json,data_raw/cn_official_legacy/round_05/raw/api/items/cp/042054000/votesex.json,data_raw/cn_official_legacy/round_05/raw/api/items/cp/042054000/votegeo.json,data_raw/cn_official_legacy/round_05/raw/api/items/cp/042054000/votepaper.json,True
5,cp,042097000,data_raw/cn_official_legacy/round_05/raw/api/items/cp/042097000/votedate.json,data_raw/cn_official_legacy/round_05/raw/api/items/cp/042097000/votesex.json,data_raw/cn_official_legacy/round_05/raw/api/items/cp/042097000/votegeo.json,data_raw/cn_official_legacy/round_05/raw/api/items/cp/042097000/votepaper.json,True
5,cp,042135000,data_raw/cn_official_legacy/round_05/raw/api/items/cp/042135000/votedate.json,data_raw/cn_official_legacy/round_05/raw/api/items/cp/042135000/votesex.json,data_raw/cn_official_legacy/round_05/raw/api/items/cp/042135000/votegeo.json,data_raw/cn_official_legacy/round_05/raw/api/items/cp/042135000/votepaper.json,True
5,cp,042146000,data_raw/cn_official_legacy/round_05/raw/api/items/cp/042146000/votedate.json,data_raw/cn_official_legacy/round_05/raw/api/items/cp/042146000/votesex.json,data_raw/cn_official_legacy/round_05/raw/api/items/cp/042146000/votegeo.json,data_raw/cn_official_legacy/round_05/raw/api/items/cp/042146000/votepaper.json,True
5,cp,043044000,data_raw/cn_official_legacy/round_05/raw/api/items/cp/043044000/votedate.json,data_raw/cn_official_legacy/round_05/raw/api/items/cp/043044000/votesex.json,data_raw/cn_official_legacy/round_05/raw/api/items/cp/043044000/votegeo.json,data_raw/cn_official_legacy/round_05/raw/api/items/cp/043044000/votepaper.json,True
5,cp,043045000,data_raw/cn_official_legacy/round_05/raw/api/items/cp/043045000/votedate.json,data_raw/cn_official_legacy/round_05/raw/api/items/cp/043045000/votesex.json,data_raw/cn_official_legacy/round_05/raw/api/items/cp/043045000/votegeo.json,data_raw/cn_official_legacy/round_05/raw/api/items/cp/043045000/votepaper.json,True
5,cp,043057000,data_raw/cn_official_legacy/round_05/raw/api/items/cp/043057000/votedate.json,data_raw/cn_official_legacy/round_05/raw/api/items/cp/043057000/votesex.json,data_raw/cn_official_legacy/round_05/raw/api/items/cp/043057000/votegeo.json,data_raw/cn_official_legacy/round_05/raw/api/items/cp/043057000/votepaper.json,True
5,cp,043068000,data_raw/cn_official_legacy/round_05/raw/api/items/cp/043068000/votedate.json,data_raw/cn_official_legacy/round_05/raw/api/items/cp/043068000/votesex.json,data_raw/cn_official_legacy/round_05/raw/api/items/cp/043068000/votegeo.json,data_raw/cn_official_legacy/round_05/raw/api/items/cp/043068000/votepaper.json,True
5,cp,043070000,data_raw/cn_official_legacy/round_05/raw/api/items/cp/043070000/votedate.json,data_raw/cn_official_legacy/round_05/raw/api/items/cp/043070000/votesex.json,data_raw/cn_official_legacy/round_05/raw/api/items/cp/043070000/votegeo.json,data_raw/cn_official_legacy/round_05/raw/api/items/cp/043070000/votepaper.json,True
5,cp,044044000,data_raw/cn_official_legacy/round_05/raw/api/items/cp/044044000/votedate.json,data_raw/cn_official_legacy/round_05/raw/api/items/cp/044044000/votesex.json,data_raw/cn_official_legacy/round_05/raw/api/items/cp/044044000/votegeo.json,data_raw/cn_official_legacy/round_05/raw/api/items/cp/044044000/votepaper.json,True
5,cp,044054000,data_raw/cn_official_legacy/round_05/raw/api/items/cp/044054000/votedate.json,data_raw/cn_official_legacy/round_05/raw/api/items/cp/044054000/votesex.json,data_raw/cn_official_legacy/round_05/raw/api/items/cp/044054000/votegeo.json,data_raw/cn_official_legacy/round_05/raw/api/items/cp/044054000/votepaper.json,True
5,cp,044069000,data_raw/cn_official_legacy/round_05/raw/api/items/cp/044069000/votedate.json,data_raw/cn_official_legacy/round_05/raw/api/items/cp/044069000/votesex.json,data_raw/cn_official_legacy/round_05/raw/api/items/cp/044069000/votegeo.json,data_raw/cn_official_legacy/round_05/raw/api/items/cp/044069000/votepaper.json,True
5,cp,044081000,data_raw/cn_official_legacy/round_05/raw/api/items/cp/044081000/votedate.json,data_raw/cn_official_legacy/round_05/raw/api/items/cp/044081000/votesex.json,data_raw/cn_official_legacy/round_05/raw/api/items/cp/044081000/votegeo.json,data_raw/cn_official_legacy/round_05/raw/api/items/cp/044081000/votepaper.json,True
5,cp,044098000,data_raw/cn_official_legacy/round_05/raw/api/items/cp/044098000/votedate.json,data_raw/cn_official_legacy/round_05/raw/api/items/cp/044098000/votesex.json,data_raw/cn_official_legacy/round_05/raw/api/items/cp/044098000/votegeo.json,data_raw/cn_official_legacy/round_05/raw/api/items/cp/044098000/votepaper.json,True
5,cp,045045000,data_raw/cn_official_legacy/round_05/raw/api/items/cp/045045000/votedate.json,data_raw/cn_official_legacy/round_05/raw/api/items/cp/045045000/votesex.json,data_raw/cn_official_legacy/round_05/raw/api/items/cp/045045000/votegeo.json,data_raw/cn_official_legacy/round_05/raw/api/items/cp/045045000/votepaper.json,True
5,cp,045046000,data_raw/cn_official_legacy/round_05/raw/api/items/cp/045046000/votedate.json,data_raw/cn_official_legacy/round_05/raw/api/items/cp/045046000/votesex.json,data_raw/cn_official_legacy/round_05/raw/api/items/cp/045046000/votegeo.json,data_raw/cn_official_legacy/round_05/raw/api/items/cp/045046000/votepaper.json,True
5,cp,045046047,data_raw/cn_official_legacy/round_05/raw/api/items/cp/045046047/votedate.json,data_raw/cn_official_legacy/round_05/raw/api/items/cp/045046047/votesex.json,data_raw/cn_official_legacy/round_05/raw/api/items/cp/045046047/votegeo.json,data_raw/cn_official_legacy/round_05/raw/api/items/cp/045046047/votepaper.json,True
5,cp,045046086,data_raw/cn_official_legacy/round_05/raw/api/items/cp/045046086/votedate.json,data_raw/cn_official_legacy/round_05/raw/api/items/cp/045046086/votesex.json,data_raw/cn_official_legacy/round_05/raw/api/items/cp/045046086/votegeo.json,data_raw/cn_official_legacy/round_05/raw/api/items/cp/045046086/votepaper.json,True
5,cp,045047000,data_raw/cn_official_legacy/round_05/raw/api/items/cp/045047000/votedate.json,data_raw/cn_official_legacy/round_05/raw/api/items/cp/045047000/votesex.json,data_raw/cn_official_legacy/round_05/raw/api/items/cp/045047000/votegeo.json,data_raw/cn_official_legacy/round_05/raw/api/items/cp/045047000/votepaper.json,True
5,cp,045049000,data_raw/cn_official_legacy/round_05/raw/api/items/cp/045049000/votedate.json,data_raw/cn_official_legacy/round_05/raw/api/items/cp/045049000/votesex.json,data_raw/cn_official_legacy/round_05/raw/api/items/cp/045049000/votegeo.json,data_raw/cn_official_legacy/round_05/raw/api/items/cp/045049000/votepaper.json,True
5,cp,045054000,data_raw/cn_official_legacy/round_05/raw/api/items/cp/045054000/votedate.json,data_raw/cn_official_legacy/round_05/raw/api/items/cp/045054000/votesex.json,data_raw/cn_official_legacy/round_05/raw/api/items/cp/045054000/votegeo.json,data_raw/cn_official_legacy/round_05/raw/api/items/cp/045054000/votepaper.json,True
5,cp,045054057,data_raw/cn_official_legacy/round_05/raw/api/items/cp/045054057/votedate.json,data_raw/cn_official_legacy/round_05/raw/api/items/cp/045054057/votesex.json,data_raw/cn_official_legacy/round_05/raw/api/items/cp/045054057/votegeo.json,data_raw/cn_official_legacy/round_05/raw/api/items/cp/045054057/votepaper.json,True
5,cp,045057000,data_raw/cn_official_legacy/round_05/raw/api/items/cp/045057000/votedate.json,data_raw/cn_official_legacy/round_05/raw/api/items/cp/045057000/votesex.json,data_raw/cn_official_legacy/round_05/raw/api/items/cp/045057000/votegeo.json,data_raw/cn_official_legacy/round_05/raw/api/items/cp/045057000/votepaper.json,True
5,cp,045059000,data_raw/cn_official_legacy/round_05/raw/api/items/cp/045059000/votedate.json,data_raw/cn_official_legacy/round_05/raw/api/items/cp/045059000/votesex.json,data_raw/cn_official_legacy/round_05/raw/api/items/cp/045059000/votegeo.json,data_raw/cn_official_legacy/round_05/raw/api/items/cp/045059000/votepaper.json,True
5,cp,045067000,data_raw/cn_official_legacy/round_05/raw/api/items/cp/045067000/votedate.json,data_raw/cn_official_legacy/round_05/raw/api/items/cp/045067000/votesex.json,data_raw/cn_official_legacy/round_05/raw/api/items/cp/045067000/votegeo.json,data_raw/cn_official_legacy/round_05/raw/api/items/cp/045067000/votepaper.json,True
5,cp,045068000,data_raw/cn_official_legacy/round_05/raw/api/items/cp/045068000/votedate.json,data_raw/cn_official_legacy/round_05/raw/api/items/cp/045068000/votesex.json,data_raw/cn_official_legacy/round_05/raw/api/items/cp/045068000/votegeo.json,data_raw/cn_official_legacy/round_05/raw/api/items/cp/045068000/votepaper.json,True
5,cp,045069000,data_raw/cn_official_legacy/round_05/raw/api/items/cp/045069000/votedate.json,data_raw/cn_official_legacy/round_05/raw/api/items/cp/045069000/votesex.json,data_raw/cn_official_legacy/round_05/raw/api/items/cp/045069000/votegeo.json,data_raw/cn_official_legacy/round_05/raw/api/items/cp/045069000/votepaper.json,True
5,cp,045072085,data_raw/cn_official_legacy/round_05/raw/api/items/cp/045072085/votedate.json,data_raw/cn_official_legacy/round_05/raw/api/items/cp/045072085/votesex.json,data_raw/cn_official_legacy/round_05/raw/api/items/cp/045072085/votegeo.json,data_raw/cn_official_legacy/round_05/raw/api/items/cp/045072085/votepaper.json,True
5,cp,045077000,data_raw/cn_official_legacy/round_05/raw/api/items/cp/045077000/votedate.json,data_raw/cn_official_legacy/round_05/raw/api/items/cp/045077000/votesex.json,data_raw/cn_official_legacy/round_05/raw/api/items/cp/045077000/votegeo.json,data_raw/cn_official_legacy/round_05/raw/api/items/cp/045077000/votepaper.json,True
5,cp,045082000,data_raw/cn_official_legacy/round_05/raw/api/items/cp/045082000/votedate.json,data_raw/cn_official_legacy/round_05/raw/api/items/cp/045082000/votesex.json,data_raw/cn_official_legacy/round_05/raw/api/items/cp/045082000/votegeo.json,data_raw/cn_official_legacy/round_05/raw/api/items/cp/045082000/votepaper.json,True
5,cp,046047000,data_raw/cn_official_legacy/round_05/raw/api/items/cp/046047000/votedate.json,data_raw/cn_official_legacy/round_05/raw/api/items/cp/046047000/votesex.json,data_raw/cn_official_legacy/round_05/raw/api/items/cp/046047000/votegeo.json,data_raw/cn_official_legacy/round_05/raw/api/items/cp/046047000/votepaper.json,True
5,cp,046064075,data_raw/cn_official_legacy/round_05/raw/api/items/cp/046064075/votedate.json,data_raw/cn_official_legacy/round_05/raw/api/items/cp/046064075/votesex.json,data_raw/cn_official_legacy/round_05/raw/api/items/cp/046064075/votegeo.json,data_raw/cn_official_legacy/round_05/raw/api/items/cp/046064075/votepaper.json,True
5,cp,047054057,data_raw/cn_official_legacy/round_05/raw/api/items/cp/047054057/votedate.json,data_raw/cn_official_legacy/round_05/raw/api/items/cp/047054057/votesex.json,data_raw/cn_official_legacy/round_05/raw/api/items/cp/047054057/votegeo.json,data_raw/cn_official_legacy/round_05/raw/api/items/cp/047054057/votepaper.json,True
5,cp,047057000,data_raw/cn_official_legacy/round_05/raw/api/items/cp/047057000/votedate.json,data_raw/cn_official_legacy/round_05/raw/api/items/cp/047057000/votesex.json,data_raw/cn_official_legacy/round_05/raw/api/items/cp/047057000/votegeo.json,data_raw/cn_official_legacy/round_05/raw/api/items/cp/047057000/votepaper.json,True
5,cp,047057085,data_raw/cn_official_legacy/round_05/raw/api/items/cp/047057085/votedate.json,data_raw/cn_official_legacy/round_05/raw/api/items/cp/047057085/votesex.json,data_raw/cn_official_legacy/round_05/raw/api/items/cp/047057085/votegeo.json,data_raw/cn_official_legacy/round_05/raw/api/items/cp/047057085/votepaper.json,True
5,cp,047098000,data_raw/cn_official_legacy/round_05/raw/api/items/cp/047098000/votedate.json,data_raw/cn_official_legacy/round_05/raw/api/items/cp/047098000/votesex.json,data_raw/cn_official_legacy/round_05/raw/api/items/cp/047098000/votegeo.json,data_raw/cn_official_legacy/round_05/raw/api/items/cp/047098000/votepaper.json,True
5,cp,047136000,data_raw/cn_official_legacy/round_05/raw/api/items/cp/047136000/votedate.json,data_raw/cn_official_legacy/round_05/raw/api/items/cp/047136000/votesex.json,data_raw/cn_official_legacy/round_05/raw/api/items/cp/047136000/votegeo.json,data_raw/cn_official_legacy/round_05/raw/api/items/cp/047136000/votepaper.json,True
5,cp,048048000,data_raw/cn_official_legacy/round_05/raw/api/items/cp/048048000/votedate.json,data_raw/cn_official_legacy/round_05/raw/api/items/cp/048048000/votesex.json,data_raw/cn_official_legacy/round_05/raw/api/items/cp/048048000/votegeo.json,data_raw/cn_official_legacy/round_05/raw/api/items/cp/048048000/votepaper.json,True
5,cp,048049000,data_raw/cn_official_legacy/round_05/raw/api/items/cp/048049000/votedate.json,data_raw/cn_official_legacy/round_05/raw/api/items/cp/048049000/votesex.json,data_raw/cn_official_legacy/round_05/raw/api/items/cp/048049000/votegeo.json,data_raw/cn_official_legacy/round_05/raw/api/items/cp/048049000/votepaper.json,True
5,cp,048049056,data_raw/cn_official_legacy/round_05/raw/api/items/cp/048049056/votedate.json,data_raw/cn_official_legacy/round_05/raw/api/items/cp/048049056/votesex.json,data_raw/cn_official_legacy/round_05/raw/api/items/cp/048049056/votegeo.json,data_raw/cn_official_legacy/round_05/raw/api/items/cp/048049056/votepaper.json,True
5,cp,048049077,data_raw/cn_official_legacy/round_05/raw/api/items/cp/048049077/votedate.json,data_raw/cn_official_legacy/round_05/raw/api/items/cp/048049077/votesex.json,data_raw/cn_official_legacy/round_05/raw/api/items/cp/048049077/votegeo.json,data_raw/cn_official_legacy/round_05/raw/api/items/cp/048049077/votepaper.json,True
5,cp,048060000,data_raw/cn_official_legacy/round_05/raw/api/items/cp/048060000/votedate.json,data_raw/cn_official_legacy/round_05/raw/api/items/cp/048060000/votesex.json,data_raw/cn_official_legacy/round_05/raw/api/items/cp/048060000/votegeo.json,data_raw/cn_official_legacy/round_05/raw/api/items/cp/048060000/votepaper.json,True
5,cp,048067000,data_raw/cn_official_legacy/round_05/raw/api/items/cp/048067000/votedate.json,data_raw/cn_official_legacy/round_05/raw/api/items/cp/048067000/votesex.json,data_raw/cn_official_legacy/round_05/raw/api/items/cp/048067000/votegeo.json,data_raw/cn_official_legacy/round_05/raw/api/items/cp/048067000/votepaper.json,True
5,cp,048067079,data_raw/cn_official_legacy/round_05/raw/api/items/cp/048067079/votedate.json,data_raw/cn_official_legacy/round_05/raw/api/items/cp/048067079/votesex.json,data_raw/cn_official_legacy/round_05/raw/api/items/cp/048067079/votegeo.json,data_raw/cn_official_legacy/round_05/raw/api/items/cp/048067079/votepaper.json,True
5,cp,048073086,data_raw/cn_official_legacy/round_05/raw/api/items/cp/048073086/votedate.json,data_raw/cn_official_legacy/round_05/raw/api/items/cp/048073086/votesex.json,data_raw/cn_official_legacy/round_05/raw/api/items/cp/048073086/votegeo.json,data_raw/cn_official_legacy/round_05/raw/api/items/cp/048073086/votepaper.json,True
5,cp,048079137,data_raw/cn_official_legacy/round_05/raw/api/items/cp/048079137/votedate.json,data_raw/cn_official_legacy/round_05/raw/api/items/cp/048079137/votesex.json,data_raw/cn_official_legacy/round_05/raw/api/items/cp/048079137/votegeo.json,data_raw/cn_official_legacy/round_05/raw/api/items/cp/048079137/votepaper.json,True
5,cp,048096097,data_raw/cn_official_legacy/round_05/raw/api/items/cp/048096097/votedate.json,data_raw/cn_official_legacy/round_05/raw/api/items/cp/048096097/votesex.json,data_raw/cn_official_legacy/round_05/raw/api/items/cp/048096097/votegeo.json,data_raw/cn_official_legacy/round_05/raw/api/items/cp/048096097/votepaper.json,True
5,cp,048147000,data_raw/cn_official_legacy/round_05/raw/api/items/cp/048147000/votedate.json,data_raw/cn_official_legacy/round_05/raw/api/items/cp/048147000/votesex.json,data_raw/cn_official_legacy/round_05/raw/api/items/cp/048147000/votegeo.json,data_raw/cn_official_legacy/round_05/raw/api/items/cp/048147000/votepaper.json,True
5,cp,049049000,data_raw/cn_official_legacy/round_05/raw/api/items/cp/049049000/votedate.json,data_raw/cn_official_legacy/round_05/raw/api/items/cp/049049000/votesex.json,data_raw/cn_official_legacy/round_05/raw/api/items/cp/049049000/votegeo.json,data_raw/cn_official_legacy/round_05/raw/api/items/cp/049049000/votepaper.json,True
5,cp,049054075,data_raw/cn_official_legacy/round_05/raw/api/items/cp/049054075/votedate.json,data_raw/cn_official_legacy/round_05/raw/api/items/cp/049054075/votesex.json,data_raw/cn_official_legacy/round_05/raw/api/items/cp/049054075/votegeo.json,data_raw/cn_official_legacy/round_05/raw/api/items/cp/049054075/votepaper.json,True
5,cp,049056000,data_raw/cn_official_legacy/round_05/raw/api/items/cp/049056000/votedate.json,data_raw/cn_official_legacy/round_05/raw/api/items/cp/049056000/votesex.json,data_raw/cn_official_legacy/round_05/raw/api/items/cp/049056000/votegeo.json,data_raw/cn_official_legacy/round_05/raw/api/items/cp/049056000/votepaper.json,True
5,cp,049077000,data_raw/cn_official_legacy/round_05/raw/api/items/cp/049077000/votedate.json,data_raw/cn_official_legacy/round_05/raw/api/items/cp/049077000/votesex.json,data_raw/cn_official_legacy/round_05/raw/api/items/cp/049077000/votegeo.json,data_raw/cn_official_legacy/round_05/raw/api/items/cp/049077000/votepaper.json,True
5,cp,049084000,data_raw/cn_official_legacy/round_05/raw/api/items/cp/049084000/votedate.json,data_raw/cn_official_legacy/round_05/raw/api/items/cp/049084000/votesex.json,data_raw/cn_official_legacy/round_05/raw/api/items/cp/049084000/votegeo.json,data_raw/cn_official_legacy/round_05/raw/api/items/cp/049084000/votepaper.json,True
5,cp,049145000,data_raw/cn_official_legacy/round_05/raw/api/items/cp/049145000/votedate.json,data_raw/cn_official_legacy/round_05/raw/api/items/cp/049145000/votesex.json,data_raw/cn_official_legacy/round_05/raw/api/items/cp/049145000/votegeo.json,data_raw/cn_official_legacy/round_05/raw/api/items/cp/049145000/votepaper.json,True
5,cp,050051000,data_raw/cn_official_legacy/round_05/raw/api/items/cp/050051000/votedate.json,data_raw/cn_official_legacy/round_05/raw/api/items/cp/050051000/votesex.json,data_raw/cn_official_legacy/round_05/raw/api/items/cp/050051000/votegeo.json,data_raw/cn_official_legacy/round_05/raw/api/items/cp/050051000/votepaper.json,True
5,cp,050071080,data_raw/cn_official_legacy/round_05/raw/api/items/cp/050071080/votedate.json,data_raw/cn_official_legacy/round_05/raw/api/items/cp/050071080/votesex.json,data_raw/cn_official_legacy/round_05/raw/api/items/cp/050071080/votegeo.json,data_raw/cn_official_legacy/round_05/raw/api/items/cp/050071080/votepaper.json,True
5,cp,051052000,data_raw/cn_official_legacy/round_05/raw/api/items/cp/051052000/votedate.json,data_raw/cn_official_legacy/round_05/raw/api/items/cp/051052000/votesex.json,data_raw/cn_official_legacy/round_05/raw/api/items/cp/051052000/votegeo.json,data_raw/cn_official_legacy/round_05/raw/api/items/cp/051052000/votepaper.json,True
5,cp,051052053,data_raw/cn_official_legacy/round_05/raw/api/items/cp/051052053/votedate.json,data_raw/cn_official_legacy/round_05/raw/api/items/cp/051052053/votesex.json,data_raw/cn_official_legacy/round_05/raw/api/items/cp/051052053/votegeo.json,data_raw/cn_official_legacy/round_05/raw/api/items/cp/051052053/votepaper.json,True
5,cp,052052000,data_raw/cn_official_legacy/round_05/raw/api/items/cp/052052000/votedate.json,data_raw/cn_official_legacy/round_05/raw/api/items/cp/052052000/votesex.json,data_raw/cn_official_legacy/round_05/raw/api/items/cp/052052000/votegeo.json,data_raw/cn_official_legacy/round_05/raw/api/items/cp/052052000/votepaper.json,True
5,cp,052053000,data_raw/cn_official_legacy/round_05/raw/api/items/cp/052053000/votedate.json,data_raw/cn_official_legacy/round_05/raw/api/items/cp/052053000/votesex.json,data_raw/cn_official_legacy/round_05/raw/api/items/cp/052053000/votegeo.json,data_raw/cn_official_legacy/round_05/raw/api/items/cp/052053000/votepaper.json,True
5,cp,052054000,data_raw/cn_official_legacy/round_05/raw/api/items/cp/052054000/votedate.json,data_raw/cn_official_legacy/round_05/raw/api/items/cp/052054000/votesex.json,data_raw/cn_official_legacy/round_05/raw/api/items/cp/052054000/votegeo.json,data_raw/cn_official_legacy/round_05/raw/api/items/cp/052054000/votepaper.json,True
5,cp,052071099,data_raw/cn_official_legacy/round_05/raw/api/items/cp/052071099/votedate.json,data_raw/cn_official_legacy/round_05/raw/api/items/cp/052071099/votesex.json,data_raw/cn_official_legacy/round_05/raw/api/items/cp/052071099/votegeo.json,data_raw/cn_official_legacy/round_05/raw/api/items/cp/052071099/votepaper.json,True
5,cp,052084000,data_raw/cn_official_legacy/round_05/raw/api/items/cp/052084000/votedate.json,data_raw/cn_official_legacy/round_05/raw/api/items/cp/052084000/votesex.json,data_raw/cn_official_legacy/round_05/raw/api/items/cp/052084000/votegeo.json,data_raw/cn_official_legacy/round_05/raw/api/items/cp/052084000/votepaper.json,True
5,cp,053053000,data_raw/cn_official_legacy/round_05/raw/api/items/cp/053053000/votedate.json,data_raw/cn_official_legacy/round_05/raw/api/items/cp/053053000/votesex.json,data_raw/cn_official_legacy/round_05/raw/api/items/cp/053053000/votegeo.json,data_raw/cn_official_legacy/round_05/raw/api/items/cp/053053000/votepaper.json,True
5,cp,054054000,data_raw/cn_official_legacy/round_05/raw/api/items/cp/054054000/votedate.json,data_raw/cn_official_legacy/round_05/raw/api/items/cp/054054000/votesex.json,data_raw/cn_official_legacy/round_05/raw/api/items/cp/054054000/votegeo.json,data_raw/cn_official_legacy/round_05/raw/api/items/cp/054054000/votepaper.json,True
5,cp,054055000,data_raw/cn_official_legacy/round_05/raw/api/items/cp/054055000/votedate.json,data_raw/cn_official_legacy/round_05/raw/api/items/cp/054055000/votesex.json,data_raw/cn_official_legacy/round_05/raw/api/items/cp/054055000/votegeo.json,data_raw/cn_official_legacy/round_05/raw/api/items/cp/054055000/votepaper.json,True
5,cp,054055056,data_raw/cn_official_legacy/round_05/raw/api/items/cp/054055056/votedate.json,data_raw/cn_official_legacy/round_05/raw/api/items/cp/054055056/votesex.json,data_raw/cn_official_legacy/round_05/raw/api/items/cp/054055056/votegeo.json,data_raw/cn_official_legacy/round_05/raw/api/items/cp/054055056/votepaper.json,True
5,cp,054055057,data_raw/cn_official_legacy/round_05/raw/api/items/cp/054055057/votedate.json,data_raw/cn_official_legacy/round_05/raw/api/items/cp/054055057/votesex.json,data_raw/cn_official_legacy/round_05/raw/api/items/cp/054055057/votegeo.json,data_raw/cn_official_legacy/round_05/raw/api/items/cp/054055057/votepaper.json,True
5,cp,054056000,data_raw/cn_official_legacy/round_05/raw/api/items/cp/054056000/votedate.json,data_raw/cn_official_legacy/round_05/raw/api/items/cp/054056000/votesex.json,data_raw/cn_official_legacy/round_05/raw/api/items/cp/054056000/votegeo.json,data_raw/cn_official_legacy/round_05/raw/api/items/cp/054056000/votepaper.json,True
5,cp,054056057,data_raw/cn_official_legacy/round_05/raw/api/items/cp/054056057/votedate.json,data_raw/cn_official_legacy/round_05/raw/api/items/cp/054056057/votesex.json,data_raw/cn_official_legacy/round_05/raw/api/items/cp/054056057/votegeo.json,data_raw/cn_official_legacy/round_05/raw/api/items/cp/054056057/votepaper.json,True
5,cp,054057000,data_raw/cn_official_legacy/round_05/raw/api/items/cp/054057000/votedate.json,data_raw/cn_official_legacy/round_05/raw/api/items/cp/054057000/votesex.json,data_raw/cn_official_legacy/round_05/raw/api/items/cp/054057000/votegeo.json,data_raw/cn_official_legacy/round_05/raw/api/items/cp/054057000/votepaper.json,True
5,cp,054057077,data_raw/cn_official_legacy/round_05/raw/api/items/cp/054057077/votedate.json,data_raw/cn_official_legacy/round_05/raw/api/items/cp/054057077/votesex.json,data_raw/cn_official_legacy/round_05/raw/api/items/cp/054057077/votegeo.json,data_raw/cn_official_legacy/round_05/raw/api/items/cp/054057077/votepaper.json,True
5,cp,054062065,data_raw/cn_official_legacy/round_05/raw/api/items/cp/054062065/votedate.json,data_raw/cn_official_legacy/round_05/raw/api/items/cp/054062065/votesex.json,data_raw/cn_official_legacy/round_05/raw/api/items/cp/054062065/votegeo.json,data_raw/cn_official_legacy/round_05/raw/api/items/cp/054062065/votepaper.json,True
5,cp,054064000,data_raw/cn_official_legacy/round_05/raw/api/items/cp/054064000/votedate.json,data_raw/cn_official_legacy/round_05/raw/api/items/cp/054064000/votesex.json,data_raw/cn_official_legacy/round_05/raw/api/items/cp/054064000/votegeo.json,data_raw/cn_official_legacy/round_05/raw/api/items/cp/054064000/votepaper.json,True
5,cp,054077000,data_raw/cn_official_legacy/round_05/raw/api/items/cp/054077000/votedate.json,data_raw/cn_official_legacy/round_05/raw/api/items/cp/054077000/votesex.json,data_raw/cn_official_legacy/round_05/raw/api/items/cp/054077000/votegeo.json,data_raw/cn_official_legacy/round_05/raw/api/items/cp/054077000/votepaper.json,True
5,cp,054097000,data_raw/cn_official_legacy/round_05/raw/api/items/cp/054097000/votedate.json,data_raw/cn_official_legacy/round_05/raw/api/items/cp/054097000/votesex.json,data_raw/cn_official_legacy/round_05/raw/api/items/cp/054097000/votegeo.json,data_raw/cn_official_legacy/round_05/raw/api/items/cp/054097000/votepaper.json,True
5,cp,054137000,data_raw/cn_official_legacy/round_05/raw/api/items/cp/054137000/votedate.json,data_raw/cn_official_legacy/round_05/raw/api/items/cp/054137000/votesex.json,data_raw/cn_official_legacy/round_05/raw/api/items/cp/054137000/votegeo.json,data_raw/cn_official_legacy/round_05/raw/api/items/cp/054137000/votepaper.json,True
5,cp,054146000,data_raw/cn_official_legacy/round_05/raw/api/items/cp/054146000/votedate.json,data_raw/cn_official_legacy/round_05/raw/api/items/cp/054146000/votesex.json,data_raw/cn_official_legacy/round_05/raw/api/items/cp/054146000/votegeo.json,data_raw/cn_official_legacy/round_05/raw/api/items/cp/054146000/votepaper.json,True
5,cp,054169193,data_raw/cn_official_legacy/round_05/raw/api/items/cp/054169193/votedate.json,data_raw/cn_official_legacy/round_05/raw/api/items/cp/054169193/votesex.json,data_raw/cn_official_legacy/round_05/raw/api/items/cp/054169193/votegeo.json,data_raw/cn_official_legacy/round_05/raw/api/items/cp/054169193/votepaper.json,True
5,cp,054200000,data_raw/cn_official_legacy/round_05/raw/api/items/cp/054200000/votedate.json,data_raw/cn_official_legacy/round_05/raw/api/items/cp/054200000/votesex.json,data_raw/cn_official_legacy/round_05/raw/api/items/cp/054200000/votegeo.json,data_raw/cn_official_legacy/round_05/raw/api/items/cp/054200000/votepaper.json,True
5,cp,055056000,data_raw/cn_official_legacy/round_05/raw/api/items/cp/055056000/votedate.json,data_raw/cn_official_legacy/round_05/raw/api/items/cp/055056000/votesex.json,data_raw/cn_official_legacy/round_05/raw/api/items/cp/055056000/votegeo.json,data_raw/cn_official_legacy/round_05/raw/api/items/cp/055056000/votepaper.json,True
5,cp,055056057,data_raw/cn_official_legacy/round_05/raw/api/items/cp/055056057/votedate.json,data_raw/cn_official_legacy/round_05/raw/api/items/cp/055056057/votesex.json,data_raw/cn_official_legacy/round_05/raw/api/items/cp/055056057/votegeo.json,data_raw/cn_official_legacy/round_05/raw/api/items/cp/055056057/votepaper.json,True
5,cp,055057000,data_raw/cn_official_legacy/round_05/raw/api/items/cp/055057000/votedate.json,data_raw/cn_official_legacy/round_05/raw/api/items/cp/055057000/votesex.json,data_raw/cn_official_legacy/round_05/raw/api/items/cp/055057000/votegeo.json,data_raw/cn_official_legacy/round_05/raw/api/items/cp/055057000/votepaper.json,True
5,cp,056077000,data_raw/cn_official_legacy/round_05/raw/api/items/cp/056077000/votedate.json,data_raw/cn_official_legacy/round_05/raw/api/items/cp/056077000/votesex.json,data_raw/cn_official_legacy/round_05/raw/api/items/cp/056077000/votegeo.json,data_raw/cn_official_legacy/round_05/raw/api/items/cp/056077000/votepaper.json,True
5,cp,056118000,data_raw/cn_official_legacy/round_05/raw/api/items/cp/056118000/votedate.json,data_raw/cn_official_legacy/round_05/raw/api/items/cp/056118000/votesex.json,data_raw/cn_official_legacy/round_05/raw/api/items/cp/056118000/votegeo.json,data_raw/cn_official_legacy/round_05/raw/api/items/cp/056118000/votepaper.json,True
5,cp,057057000,data_raw/cn_official_legacy/round_05/raw/api/items/cp/057057000/votedate.json,data_raw/cn_official_legacy/round_05/raw/api/items/cp/057057000/votesex.json,data_raw/cn_official_legacy/round_05/raw/api/items/cp/057057000/votegeo.json,data_raw/cn_official_legacy/round_05/raw/api/items/cp/057057000/votepaper.json,True
5,cp,057059000,data_raw/cn_official_legacy/round_05/raw/api/items/cp/057059000/votedate.json,data_raw/cn_official_legacy/round_05/raw/api/items/cp/057059000/votesex.json,data_raw/cn_official_legacy/round_05/raw/api/items/cp/057059000/votegeo.json,data_raw/cn_official_legacy/round_05/raw/api/items/cp/057059000/votepaper.json,True
5,cp,057075077,data_raw/cn_official_legacy/round_05/raw/api/items/cp/057075077/votedate.json,data_raw/cn_official_legacy/round_05/raw/api/items/cp/057075077/votesex.json,data_raw/cn_official_legacy/round_05/raw/api/items/cp/057075077/votegeo.json,data_raw/cn_official_legacy/round_05/raw/api/items/cp/057075077/votepaper.json,True
5,cp,057077000,data_raw/cn_official_legacy/round_05/raw/api/items/cp/057077000/votedate.json,data_raw/cn_official_legacy/round_05/raw/api/items/cp/057077000/votesex.json,data_raw/cn_official_legacy/round_05/raw/api/items/cp/057077000/votegeo.json,data_raw/cn_official_legacy/round_05/raw/api/items/cp/057077000/votepaper.json,True
5,cp,057077097,data_raw/cn_official_legacy/round_05/raw/api/items/cp/057077097/votedate.json,data_raw/cn_official_legacy/round_05/raw/api/items/cp/057077097/votesex.json,data_raw/cn_official_legacy/round_05/raw/api/items/cp/057077097/votegeo.json,data_raw/cn_official_legacy/round_05/raw/api/items/cp/057077097/votepaper.json,True
5,cp,057087000,data_raw/cn_official_legacy/round_05/raw/api/items/cp/057087000/votedate.json,data_raw/cn_official_legacy/round_05/raw/api/items/cp/057087000/votesex.json,data_raw/cn_official_legacy/round_05/raw/api/items/cp/057087000/votegeo.json,data_raw/cn_official_legacy/round_05/raw/api/items/cp/057087000/votepaper.json,True
5,cp,057113000,data_raw/cn_official_legacy/round_05/raw/api/items/cp/057113000/votedate.json,data_raw/cn_official_legacy/round_05/raw/api/items/cp/057113000/votesex.json,data_raw/cn_official_legacy/round_05/raw/api/items/cp/057113000/votegeo.json,data_raw/cn_official_legacy/round_05/raw/api/items/cp/057113000/votepaper.json,True
5,cp,058059000,data_raw/cn_official_legacy/round_05/raw/api/items/cp/058059000/votedate.json,data_raw/cn_official_legacy/round_05/raw/api/items/cp/058059000/votesex.json,data_raw/cn_official_legacy/round_05/raw/api/items/cp/058059000/votegeo.json,data_raw/cn_official_legacy/round_05/raw/api/items/cp/058059000/votepaper.json,True
5,cp,058063000,data_raw/cn_official_legacy/round_05/raw/api/items/cp/058063000/votedate.json,data_raw/cn_official_legacy/round_05/raw/api/items/cp/058063000/votesex.json,data_raw/cn_official_legacy/round_05/raw/api/items/cp/058063000/votegeo.json,data_raw/cn_official_legacy/round_05/raw/api/items/cp/058063000/votepaper.json,True
5,cp,058063064,data_raw/cn_official_legacy/round_05/raw/api/items/cp/058063064/votedate.json,data_raw/cn_official_legacy/round_05/raw/api/items/cp/058063064/votesex.json,data_raw/cn_official_legacy/round_05/raw/api/items/cp/058063064/votegeo.json,data_raw/cn_official_legacy/round_05/raw/api/items/cp/058063064/votepaper.json,True
5,cp,058070000,data_raw/cn_official_legacy/round_05/raw/api/items/cp/058070000/votedate.json,data_raw/cn_official_legacy/round_05/raw/api/items/cp/058070000/votesex.json,data_raw/cn_official_legacy/round_05/raw/api/items/cp/058070000/votegeo.json,data_raw/cn_official_legacy/round_05/raw/api/items/cp/058070000/votepaper.json,True
5,cp,058091102,data_raw/cn_official_legacy/round_05/raw/api/items/cp/058091102/votedate.json,data_raw/cn_official_legacy/round_05/raw/api/items/cp/058091102/votesex.json,data_raw/cn_official_legacy/round_05/raw/api/items/cp/058091102/votegeo.json,data_raw/cn_official_legacy/round_05/raw/api/items/cp/058091102/votepaper.json,True
5,cp,059062000,data_raw/cn_official_legacy/round_05/raw/api/items/cp/059062000/votedate.json,data_raw/cn_official_legacy/round_05/raw/api/items/cp/059062000/votesex.json,data_raw/cn_official_legacy/round_05/raw/api/items/cp/059062000/votegeo.json,data_raw/cn_official_legacy/round_05/raw/api/items/cp/059062000/votepaper.json,True
5,cp,059062065,data_raw/cn_official_legacy/round_05/raw/api/items/cp/059062065/votedate.json,data_raw/cn_official_legacy/round_05/raw/api/items/cp/059062065/votesex.json,data_raw/cn_official_legacy/round_05/raw/api/items/cp/059062065/votegeo.json,data_raw/cn_official_legacy/round_05/raw/api/items/cp/059062065/votepaper.json,True
5,cp,059062074,data_raw/cn_official_legacy/round_05/raw/api/items/cp/059062074/votedate.json,data_raw/cn_official_legacy/round_05/raw/api/items/cp/059062074/votesex.json,data_raw/cn_official_legacy/round_05/raw/api/items/cp/059062074/votegeo.json,data_raw/cn_official_legacy/round_05/raw/api/items/cp/059062074/votepaper.json,True
5,cp,059065000,data_raw/cn_official_legacy/round_05/raw/api/items/cp/059065000/votedate.json,data_raw/cn_official_legacy/round_05/raw/api/items/cp/059065000/votesex.json,data_raw/cn_official_legacy/round_05/raw/api/items/cp/059065000/votegeo.json,data_raw/cn_official_legacy/round_05/raw/api/items/cp/059065000/votepaper.json,True
5,cp,059065084,data_raw/cn_official_legacy/round_05/raw/api/items/cp/059065084/votedate.json,data_raw/cn_official_legacy/round_05/raw/api/items/cp/059065084/votesex.json,data_raw/cn_official_legacy/round_05/raw/api/items/cp/059065084/votegeo.json,data_raw/cn_official_legacy/round_05/raw/api/items/cp/059065084/votepaper.json,True
5,cp,059070000,data_raw/cn_official_legacy/round_05/raw/api/items/cp/059070000/votedate.json,data_raw/cn_official_legacy/round_05/raw/api/items/cp/059070000/votesex.json,data_raw/cn_official_legacy/round_05/raw/api/items/cp/059070000/votegeo.json,data_raw/cn_official_legacy/round_05/raw/api/items/cp/059070000/votepaper.json,True
5,cp,059070071,data_raw/cn_official_legacy/round_05/raw/api/items/cp/059070071/votedate.json,data_raw/cn_official_legacy/round_05/raw/api/items/cp/059070071/votesex.json,data_raw/cn_official_legacy/round_05/raw/api/items/cp/059070071/votegeo.json,data_raw/cn_official_legacy/round_05/raw/api/items/cp/059070071/votepaper.json,True
5,cp,059071072,data_raw/cn_official_legacy/round_05/raw/api/items/cp/059071072/votedate.json,data_raw/cn_official_legacy/round_05/raw/api/items/cp/059071072/votesex.json,data_raw/cn_official_legacy/round_05/raw/api/items/cp/059071072/votegeo.json,data_raw/cn_official_legacy/round_05/raw/api/items/cp/059071072/votepaper.json,True
5,cp,059077000,data_raw/cn_official_legacy/round_05/raw/api/items/cp/059077000/votedate.json,data_raw/cn_official_legacy/round_05/raw/api/items/cp/059077000/votesex.json,data_raw/cn_official_legacy/round_05/raw/api/items/cp/059077000/votegeo.json,data_raw/cn_official_legacy/round_05/raw/api/items/cp/059077000/votepaper.json,True
5,cp,059079080,data_raw/cn_official_legacy/round_05/raw/api/items/cp/059079080/votedate.json,data_raw/cn_official_legacy/round_05/raw/api/items/cp/059079080/votesex.json,data_raw/cn_official_legacy/round_05/raw/api/items/cp/059079080/votegeo.json,data_raw/cn_official_legacy/round_05/raw/api/items/cp/059079080/votepaper.json,True
5,cp,059080000,data_raw/cn_official_legacy/round_05/raw/api/items/cp/059080000/votedate.json,data_raw/cn_official_legacy/round_05/raw/api/items/cp/059080000/votesex.json,data_raw/cn_official_legacy/round_05/raw/api/items/cp/059080000/votegeo.json,data_raw/cn_official_legacy/round_05/raw/api/items/cp/059080000/votepaper.json,True
5,cp,059080081,data_raw/cn_official_legacy/round_05/raw/api/items/cp/059080081/votedate.json,data_raw/cn_official_legacy/round_05/raw/api/items/cp/059080081/votesex.json,data_raw/cn_official_legacy/round_05/raw/api/items/cp/059080081/votegeo.json,data_raw/cn_official_legacy/round_05/raw/api/items/cp/059080081/votepaper.json,True
5,cp,059084000,data_raw/cn_official_legacy/round_05/raw/api/items/cp/059084000/votedate.json,data_raw/cn_official_legacy/round_05/raw/api/items/cp/059084000/votesex.json,data_raw/cn_official_legacy/round_05/raw/api/items/cp/059084000/votegeo.json,data_raw/cn_official_legacy/round_05/raw/api/items/cp/059084000/votepaper.json,True
5,cp,060061000,data_raw/cn_official_legacy/round_05/raw/api/items/cp/060061000/votedate.json,data_raw/cn_official_legacy/round_05/raw/api/items/cp/060061000/votesex.json,data_raw/cn_official_legacy/round_05/raw/api/items/cp/060061000/votegeo.json,data_raw/cn_official_legacy/round_05/raw/api/items/cp/060061000/votepaper.json,True
5,cp,060061090,data_raw/cn_official_legacy/round_05/raw/api/items/cp/060061090/votedate.json,data_raw/cn_official_legacy/round_05/raw/api/items/cp/060061090/votesex.json,data_raw/cn_official_legacy/round_05/raw/api/items/cp/060061090/votegeo.json,data_raw/cn_official_legacy/round_05/raw/api/items/cp/060061090/votepaper.json,True
5,cp,060090000,data_raw/cn_official_legacy/round_05/raw/api/items/cp/060090000/votedate.json,data_raw/cn_official_legacy/round_05/raw/api/items/cp/060090000/votesex.json,data_raw/cn_official_legacy/round_05/raw/api/items/cp/060090000/votegeo.json,data_raw/cn_official_legacy/round_05/raw/api/items/cp/060090000/votepaper.json,True
5,cp,060100147,data_raw/cn_official_legacy/round_05/raw/api/items/cp/060100147/votedate.json,data_raw/cn_official_legacy/round_05/raw/api/items/cp/060100147/votesex.json,data_raw/cn_official_legacy/round_05/raw/api/items/cp/060100147/votegeo.json,data_raw/cn_official_legacy/round_05/raw/api/items/cp/060100147/votepaper.json,True
5,cp,060137000,data_raw/cn_official_legacy/round_05/raw/api/items/cp/060137000/votedate.json,data_raw/cn_official_legacy/round_05/raw/api/items/cp/060137000/votesex.json,data_raw/cn_official_legacy/round_05/raw/api/items/cp/060137000/votegeo.json,data_raw/cn_official_legacy/round_05/raw/api/items/cp/060137000/votepaper.json,True
5,cp,060137178,data_raw/cn_official_legacy/round_05/raw/api/items/cp/060137178/votedate.json,data_raw/cn_official_legacy/round_05/raw/api/items/cp/060137178/votesex.json,data_raw/cn_official_legacy/round_05/raw/api/items/cp/060137178/votegeo.json,data_raw/cn_official_legacy/round_05/raw/api/items/cp/060137178/votepaper.json,True
5,cp,061062000,data_raw/cn_official_legacy/round_05/raw/api/items/cp/061062000/votedate.json,data_raw/cn_official_legacy/round_05/raw/api/items/cp/061062000/votesex.json,data_raw/cn_official_legacy/round_05/raw/api/items/cp/061062000/votegeo.json,data_raw/cn_official_legacy/round_05/raw/api/items/cp/061062000/votepaper.json,True
5,cp,061062064,data_raw/cn_official_legacy/round_05/raw/api/items/cp/061062064/votedate.json,data_raw/cn_official_legacy/round_05/raw/api/items/cp/061062064/votesex.json,data_raw/cn_official_legacy/round_05/raw/api/items/cp/061062064/votegeo.json,data_raw/cn_official_legacy/round_05/raw/api/items/cp/061062064/votepaper.json,True
5,cp,061062065,data_raw/cn_official_legacy/round_05/raw/api/items/cp/061062065/votedate.json,data_raw/cn_official_legacy/round_05/raw/api/items/cp/061062065/votesex.json,data_raw/cn_official_legacy/round_05/raw/api/items/cp/061062065/votegeo.json,data_raw/cn_official_legacy/round_05/raw/api/items/cp/061062065/votepaper.json,True
5,cp,061064000,data_raw/cn_official_legacy/round_05/raw/api/items/cp/061064000/votedate.json,data_raw/cn_official_legacy/round_05/raw/api/items/cp/061064000/votesex.json,data_raw/cn_official_legacy/round_05/raw/api/items/cp/061064000/votegeo.json,data_raw/cn_official_legacy/round_05/raw/api/items/cp/061064000/votepaper.json,True
5,cp,061064066,data_raw/cn_official_legacy/round_05/raw/api/items/cp/061064066/votedate.json,data_raw/cn_official_legacy/round_05/raw/api/items/cp/061064066/votesex.json,data_raw/cn_official_legacy/round_05/raw/api/items/cp/061064066/votegeo.json,data_raw/cn_official_legacy/round_05/raw/api/items/cp/061064066/votepaper.json,True
5,cp,061074000,data_raw/cn_official_legacy/round_05/raw/api/items/cp/061074000/votedate.json,data_raw/cn_official_legacy/round_05/raw/api/items/cp/061074000/votesex.json,data_raw/cn_official_legacy/round_05/raw/api/items/cp/061074000/votegeo.json,data_raw/cn_official_legacy/round_05/raw/api/items/cp/061074000/votepaper.json,True
5,cp,062063064,data_raw/cn_official_legacy/round_05/raw/api/items/cp/062063064/votedate.json,data_raw/cn_official_legacy/round_05/raw/api/items/cp/062063064/votesex.json,data_raw/cn_official_legacy/round_05/raw/api/items/cp/062063064/votegeo.json,data_raw/cn_official_legacy/round_05/raw/api/items/cp/062063064/votepaper.json,True
5,cp,062064000,data_raw/cn_official_legacy/round_05/raw/api/items/cp/062064000/votedate.json,data_raw/cn_official_legacy/round_05/raw/api/items/cp/062064000/votesex.json,data_raw/cn_official_legacy/round_05/raw/api/items/cp/062064000/votegeo.json,data_raw/cn_official_legacy/round_05/raw/api/items/cp/062064000/votepaper.json,True
5,cp,062064065,data_raw/cn_official_legacy/round_05/raw/api/items/cp/062064065/votedate.json,data_raw/cn_official_legacy/round_05/raw/api/items/cp/062064065/votesex.json,data_raw/cn_official_legacy/round_05/raw/api/items/cp/062064065/votegeo.json,data_raw/cn_official_legacy/round_05/raw/api/items/cp/062064065/votepaper.json,True
5,cp,062065000,data_raw/cn_official_legacy/round_05/raw/api/items/cp/062065000/votedate.json,data_raw/cn_official_legacy/round_05/raw/api/items/cp/062065000/votesex.json,data_raw/cn_official_legacy/round_05/raw/api/items/cp/062065000/votegeo.json,data_raw/cn_official_legacy/round_05/raw/api/items/cp/062065000/votepaper.json,True
5,cp,062065084,data_raw/cn_official_legacy/round_05/raw/api/items/cp/062065084/votedate.json,data_raw/cn_official_legacy/round_05/raw/api/items/cp/062065084/votesex.json,data_raw/cn_official_legacy/round_05/raw/api/items/cp/062065084/votegeo.json,data_raw/cn_official_legacy/round_05/raw/api/items/cp/062065084/votepaper.json,True
5,cp,062085000,data_raw/cn_official_legacy/round_05/raw/api/items/cp/062085000/votedate.json,data_raw/cn_official_legacy/round_05/raw/api/items/cp/062085000/votesex.json,data_raw/cn_official_legacy/round_05/raw/api/items/cp/062085000/votegeo.json,data_raw/cn_official_legacy/round_05/raw/api/items/cp/062085000/votepaper.json,True
5,cp,063064000,data_raw/cn_official_legacy/round_05/raw/api/items/cp/063064000/votedate.json,data_raw/cn_official_legacy/round_05/raw/api/items/cp/063064000/votesex.json,data_raw/cn_official_legacy/round_05/raw/api/items/cp/063064000/votegeo.json,data_raw/cn_official_legacy/round_05/raw/api/items/cp/063064000/votepaper.json,True
5,cp,063064065,data_raw/cn_official_legacy/round_05/raw/api/items/cp/063064065/votedate.json,data_raw/cn_official_legacy/round_05/raw/api/items/cp/063064065/votesex.json,data_raw/cn_official_legacy/round_05/raw/api/items/cp/063064065/votegeo.json,data_raw/cn_official_legacy/round_05/raw/api/items/cp/063064065/votepaper.json,True
5,cp,064064000,data_raw/cn_official_legacy/round_05/raw/api/items/cp/064064000/votedate.json,data_raw/cn_official_legacy/round_05/raw/api/items/cp/064064000/votesex.json,data_raw/cn_official_legacy/round_05/raw/api/items/cp/064064000/votegeo.json,data_raw/cn_official_legacy/round_05/raw/api/items/cp/064064000/votepaper.json,True
5,cp,064065000,data_raw/cn_official_legacy/round_05/raw/api/items/cp/064065000/votedate.json,data_raw/cn_official_legacy/round_05/raw/api/items/cp/064065000/votesex.json,data_raw/cn_official_legacy/round_05/raw/api/items/cp/064065000/votegeo.json,data_raw/cn_official_legacy/round_05/raw/api/items/cp/064065000/votepaper.json,True
5,cp,064066000,data_raw/cn_official_legacy/round_05/raw/api/items/cp/064066000/votedate.json,data_raw/cn_official_legacy/round_05/raw/api/items/cp/064066000/votesex.json,data_raw/cn_official_legacy/round_05/raw/api/items/cp/064066000/votegeo.json,data_raw/cn_official_legacy/round_05/raw/api/items/cp/064066000/votepaper.json,True
5,cp,064066075,data_raw/cn_official_legacy/round_05/raw/api/items/cp/064066075/votedate.json,data_raw/cn_official_legacy/round_05/raw/api/items/cp/064066075/votesex.json,data_raw/cn_official_legacy/round_05/raw/api/items/cp/064066075/votegeo.json,data_raw/cn_official_legacy/round_05/raw/api/items/cp/064066075/votepaper.json,True
5,cp,064070000,data_raw/cn_official_legacy/round_05/raw/api/items/cp/064070000/votedate.json,data_raw/cn_official_legacy/round_05/raw/api/items/cp/064070000/votesex.json,data_raw/cn_official_legacy/round_05/raw/api/items/cp/064070000/votegeo.json,data_raw/cn_official_legacy/round_05/raw/api/items/cp/064070000/votepaper.json,True
5,cp,064072075,data_raw/cn_official_legacy/round_05/raw/api/items/cp/064072075/votedate.json,data_raw/cn_official_legacy/round_05/raw/api/items/cp/064072075/votesex.json,data_raw/cn_official_legacy/round_05/raw/api/items/cp/064072075/votegeo.json,data_raw/cn_official_legacy/round_05/raw/api/items/cp/064072075/votepaper.json,True
5,cp,064074075,data_raw/cn_official_legacy/round_05/raw/api/items/cp/064074075/votedate.json,data_raw/cn_official_legacy/round_05/raw/api/items/cp/064074075/votesex.json,data_raw/cn_official_legacy/round_05/raw/api/items/cp/064074075/votegeo.json,data_raw/cn_official_legacy/round_05/raw/api/items/cp/064074075/votepaper.json,True
5,cp,064075000,data_raw/cn_official_legacy/round_05/raw/api/items/cp/064075000/votedate.json,data_raw/cn_official_legacy/round_05/raw/api/items/cp/064075000/votesex.json,data_raw/cn_official_legacy/round_05/raw/api/items/cp/064075000/votegeo.json,data_raw/cn_official_legacy/round_05/raw/api/items/cp/064075000/votepaper.json,True
5,cp,064075077,data_raw/cn_official_legacy/round_05/raw/api/items/cp/064075077/votedate.json,data_raw/cn_official_legacy/round_05/raw/api/items/cp/064075077/votesex.json,data_raw/cn_official_legacy/round_05/raw/api/items/cp/064075077/votegeo.json,data_raw/cn_official_legacy/round_05/raw/api/items/cp/064075077/votepaper.json,True
5,cp,064077000,data_raw/cn_official_legacy/round_05/raw/api/items/cp/064077000/votedate.json,data_raw/cn_official_legacy/round_05/raw/api/items/cp/064077000/votesex.json,data_raw/cn_official_legacy/round_05/raw/api/items/cp/064077000/votegeo.json,data_raw/cn_official_legacy/round_05/raw/api/items/cp/064077000/votepaper.json,True
5,cp,064080084,data_raw/cn_official_legacy/round_05/raw/api/items/cp/064080084/votedate.json,data_raw/cn_official_legacy/round_05/raw/api/items/cp/064080084/votesex.json,data_raw/cn_official_legacy/round_05/raw/api/items/cp/064080084/votegeo.json,data_raw/cn_official_legacy/round_05/raw/api/items/cp/064080084/votepaper.json,True
5,cp,064100000,data_raw/cn_official_legacy/round_05/raw/api/items/cp/064100000/votedate.json,data_raw/cn_official_legacy/round_05/raw/api/items/cp/064100000/votesex.json,data_raw/cn_official_legacy/round_05/raw/api/items/cp/064100000/votegeo.json,data_raw/cn_official_legacy/round_05/raw/api/items/cp/064100000/votepaper.json,True
5,cp,064133000,data_raw/cn_official_legacy/round_05/raw/api/items/cp/064133000/votedate.json,data_raw/cn_official_legacy/round_05/raw/api/items/cp/064133000/votesex.json,data_raw/cn_official_legacy/round_05/raw/api/items/cp/064133000/votegeo.json,data_raw/cn_official_legacy/round_05/raw/api/items/cp/064133000/votepaper.json,True
5,cp,064137000,data_raw/cn_official_legacy/round_05/raw/api/items/cp/064137000/votedate.json,data_raw/cn_official_legacy/round_05/raw/api/items/cp/064137000/votesex.json,data_raw/cn_official_legacy/round_05/raw/api/items/cp/064137000/votegeo.json,data_raw/cn_official_legacy/round_05/raw/api/items/cp/064137000/votepaper.json,True
5,cp,065076000,data_raw/cn_official_legacy/round_05/raw/api/items/cp/065076000/votedate.json,data_raw/cn_official_legacy/round_05/raw/api/items/cp/065076000/votesex.json,data_raw/cn_official_legacy/round_05/raw/api/items/cp/065076000/votegeo.json,data_raw/cn_official_legacy/round_05/raw/api/items/cp/065076000/votepaper.json,True
5,cp,065077000,data_raw/cn_official_legacy/round_05/raw/api/items/cp/065077000/votedate.json,data_raw/cn_official_legacy/round_05/raw/api/items/cp/065077000/votesex.json,data_raw/cn_official_legacy/round_05/raw/api/items/cp/065077000/votegeo.json,data_raw/cn_official_legacy/round_05/raw/api/items/cp/065077000/votepaper.json,True
5,cp,065084000,data_raw/cn_official_legacy/round_05/raw/api/items/cp/065084000/votedate.json,data_raw/cn_official_legacy/round_05/raw/api/items/cp/065084000/votesex.json,data_raw/cn_official_legacy/round_05/raw/api/items/cp/065084000/votegeo.json,data_raw/cn_official_legacy/round_05/raw/api/items/cp/065084000/votepaper.json,True
5,cp,065084085,data_raw/cn_official_legacy/round_05/raw/api/items/cp/065084085/votedate.json,data_raw/cn_official_legacy/round_05/raw/api/items/cp/065084085/votesex.json,data_raw/cn_official_legacy/round_05/raw/api/items/cp/065084085/votegeo.json,data_raw/cn_official_legacy/round_05/raw/api/items/cp/065084085/votepaper.json,True
5,cp,065084097,data_raw/cn_official_legacy/round_05/raw/api/items/cp/065084097/votedate.json,data_raw/cn_official_legacy/round_05/raw/api/items/cp/065084097/votesex.json,data_raw/cn_official_legacy/round_05/raw/api/items/cp/065084097/votegeo.json,data_raw/cn_official_legacy/round_05/raw/api/items/cp/065084097/votepaper.json,True
5,cp,065085000,data_raw/cn_official_legacy/round_05/raw/api/items/cp/065085000/votedate.json,data_raw/cn_official_legacy/round_05/raw/api/items/cp/065085000/votesex.json,data_raw/cn_official_legacy/round_05/raw/api/items/cp/065085000/votegeo.json,data_raw/cn_official_legacy/round_05/raw/api/items/cp/065085000/votepaper.json,True
5,cp,065136000,data_raw/cn_official_legacy/round_05/raw/api/items/cp/065136000/votedate.json,data_raw/cn_official_legacy/round_05/raw/api/items/cp/065136000/votesex.json,data_raw/cn_official_legacy/round_05/raw/api/items/cp/065136000/votegeo.json,data_raw/cn_official_legacy/round_05/raw/api/items/cp/065136000/votepaper.json,True
5,cp,065181000,data_raw/cn_official_legacy/round_05/raw/api/items/cp/065181000/votedate.json,data_raw/cn_official_legacy/round_05/raw/api/items/cp/065181000/votesex.json,data_raw/cn_official_legacy/round_05/raw/api/items/cp/065181000/votegeo.json,data_raw/cn_official_legacy/round_05/raw/api/items/cp/065181000/votepaper.json,True
5,cp,066137000,data_raw/cn_official_legacy/round_05/raw/api/items/cp/066137000/votedate.json,data_raw/cn_official_legacy/round_05/raw/api/items/cp/066137000/votesex.json,data_raw/cn_official_legacy/round_05/raw/api/items/cp/066137000/votegeo.json,data_raw/cn_official_legacy/round_05/raw/api/items/cp/066137000/votepaper.json,True
5,cp,066137193,data_raw/cn_official_legacy/round_05/raw/api/items/cp/066137193/votedate.json,data_raw/cn_official_legacy/round_05/raw/api/items/cp/066137193/votesex.json,data_raw/cn_official_legacy/round_05/raw/api/items/cp/066137193/votegeo.json,data_raw/cn_official_legacy/round_05/raw/api/items/cp/066137193/votepaper.json,True
5,cp,067067000,data_raw/cn_official_legacy/round_05/raw/api/items/cp/067067000/votedate.json,data_raw/cn_official_legacy/round_05/raw/api/items/cp/067067000/votesex.json,data_raw/cn_official_legacy/round_05/raw/api/items/cp/067067000/votegeo.json,data_raw/cn_official_legacy/round_05/raw/api/items/cp/067067000/votepaper.json,True
5,cp,067068000,data_raw/cn_official_legacy/round_05/raw/api/items/cp/067068000/votedate.json,data_raw/cn_official_legacy/round_05/raw/api/items/cp/067068000/votesex.json,data_raw/cn_official_legacy/round_05/raw/api/items/cp/067068000/votegeo.json,data_raw/cn_official_legacy/round_05/raw/api/items/cp/067068000/votepaper.json,True
5,cp,067094095,data_raw/cn_official_legacy/round_05/raw/api/items/cp/067094095/votedate.json,data_raw/cn_official_legacy/round_05/raw/api/items/cp/067094095/votesex.json,data_raw/cn_official_legacy/round_05/raw/api/items/cp/067094095/votegeo.json,data_raw/cn_official_legacy/round_05/raw/api/items/cp/067094095/votepaper.json,True
5,cp,067108000,data_raw/cn_official_legacy/round_05/raw/api/items/cp/067108000/votedate.json,data_raw/cn_official_legacy/round_05/raw/api/items/cp/067108000/votesex.json,data_raw/cn_official_legacy/round_05/raw/api/items/cp/067108000/votegeo.json,data_raw/cn_official_legacy/round_05/raw/api/items/cp/067108000/votepaper.json,True
5,cp,067160000,data_raw/cn_official_legacy/round_05/raw/api/items/cp/067160000/votedate.json,data_raw/cn_official_legacy/round_05/raw/api/items/cp/067160000/votesex.json,data_raw/cn_official_legacy/round_05/raw/api/items/cp/067160000/votegeo.json,data_raw/cn_official_legacy/round_05/raw/api/items/cp/067160000/votepaper.json,True
5,cp,068093000,data_raw/cn_official_legacy/round_05/raw/api/items/cp/068093000/votedate.json,data_raw/cn_official_legacy/round_05/raw/api/items/cp/068093000/votesex.json,data_raw/cn_official_legacy/round_05/raw/api/items/cp/068093000/votegeo.json,data_raw/cn_official_legacy/round_05/raw/api/items/cp/068093000/votepaper.json,True
5,cp,069075076,data_raw/cn_official_legacy/round_05/raw/api/items/cp/069075076/votedate.json,data_raw/cn_official_legacy/round_05/raw/api/items/cp/069075076/votesex.json,data_raw/cn_official_legacy/round_05/raw/api/items/cp/069075076/votegeo.json,data_raw/cn_official_legacy/round_05/raw/api/items/cp/069075076/votepaper.json,True
5,cp,070086193,data_raw/cn_official_legacy/round_05/raw/api/items/cp/070086193/votedate.json,data_raw/cn_official_legacy/round_05/raw/api/items/cp/070086193/votesex.json,data_raw/cn_official_legacy/round_05/raw/api/items/cp/070086193/votegeo.json,data_raw/cn_official_legacy/round_05/raw/api/items/cp/070086193/votepaper.json,True
5,cp,071072000,data_raw/cn_official_legacy/round_05/raw/api/items/cp/071072000/votedate.json,data_raw/cn_official_legacy/round_05/raw/api/items/cp/071072000/votesex.json,data_raw/cn_official_legacy/round_05/raw/api/items/cp/071072000/votegeo.json,data_raw/cn_official_legacy/round_05/raw/api/items/cp/071072000/votepaper.json,True
5,cp,071072145,data_raw/cn_official_legacy/round_05/raw/api/items/cp/071072145/votedate.json,data_raw/cn_official_legacy/round_05/raw/api/items/cp/071072145/votesex.json,data_raw/cn_official_legacy/round_05/raw/api/items/cp/071072145/votegeo.json,data_raw/cn_official_legacy/round_05/raw/api/items/cp/071072145/votepaper.json,True
5,cp,071145000,data_raw/cn_official_legacy/round_05/raw/api/items/cp/071145000/votedate.json,data_raw/cn_official_legacy/round_05/raw/api/items/cp/071145000/votesex.json,data_raw/cn_official_legacy/round_05/raw/api/items/cp/071145000/votegeo.json,data_raw/cn_official_legacy/round_05/raw/api/items/cp/071145000/votepaper.json,True
5,cp,072072000,data_raw/cn_official_legacy/round_05/raw/api/items/cp/072072000/votedate.json,data_raw/cn_official_legacy/round_05/raw/api/items/cp/072072000/votesex.json,data_raw/cn_official_legacy/round_05/raw/api/items/cp/072072000/votegeo.json,data_raw/cn_official_legacy/round_05/raw/api/items/cp/072072000/votepaper.json,True
5,cp,072073000,data_raw/cn_official_legacy/round_05/raw/api/items/cp/072073000/votedate.json,data_raw/cn_official_legacy/round_05/raw/api/items/cp/072073000/votesex.json,data_raw/cn_official_legacy/round_05/raw/api/items/cp/072073000/votegeo.json,data_raw/cn_official_legacy/round_05/raw/api/items/cp/072073000/votepaper.json,True
5,cp,072073075,data_raw/cn_official_legacy/round_05/raw/api/items/cp/072073075/votedate.json,data_raw/cn_official_legacy/round_05/raw/api/items/cp/072073075/votesex.json,data_raw/cn_official_legacy/round_05/raw/api/items/cp/072073075/votegeo.json,data_raw/cn_official_legacy/round_05/raw/api/items/cp/072073075/votepaper.json,True
5,cp,072074000,data_raw/cn_official_legacy/round_05/raw/api/items/cp/072074000/votedate.json,data_raw/cn_official_legacy/round_05/raw/api/items/cp/072074000/votesex.json,data_raw/cn_official_legacy/round_05/raw/api/items/cp/072074000/votegeo.json,data_raw/cn_official_legacy/round_05/raw/api/items/cp/072074000/votepaper.json,True
5,cp,072074075,data_raw/cn_official_legacy/round_05/raw/api/items/cp/072074075/votedate.json,data_raw/cn_official_legacy/round_05/raw/api/items/cp/072074075/votesex.json,data_raw/cn_official_legacy/round_05/raw/api/items/cp/072074075/votegeo.json,data_raw/cn_official_legacy/round_05/raw/api/items/cp/072074075/votepaper.json,True
5,cp,072075000,data_raw/cn_official_legacy/round_05/raw/api/items/cp/072075000/votedate.json,data_raw/cn_official_legacy/round_05/raw/api/items/cp/072075000/votesex.json,data_raw/cn_official_legacy/round_05/raw/api/items/cp/072075000/votegeo.json,data_raw/cn_official_legacy/round_05/raw/api/items/cp/072075000/votepaper.json,True
5,cp,072075145,data_raw/cn_official_legacy/round_05/raw/api/items/cp/072075145/votedate.json,data_raw/cn_official_legacy/round_05/raw/api/items/cp/072075145/votesex.json,data_raw/cn_official_legacy/round_05/raw/api/items/cp/072075145/votegeo.json,data_raw/cn_official_legacy/round_05/raw/api/items/cp/072075145/votepaper.json,True
5,cp,072077000,data_raw/cn_official_legacy/round_05/raw/api/items/cp/072077000/votedate.json,data_raw/cn_official_legacy/round_05/raw/api/items/cp/072077000/votesex.json,data_raw/cn_official_legacy/round_05/raw/api/items/cp/072077000/votegeo.json,data_raw/cn_official_legacy/round_05/raw/api/items/cp/072077000/votepaper.json,True
5,cp,072099000,data_raw/cn_official_legacy/round_05/raw/api/items/cp/072099000/votedate.json,data_raw/cn_official_legacy/round_05/raw/api/items/cp/072099000/votesex.json,data_raw/cn_official_legacy/round_05/raw/api/items/cp/072099000/votegeo.json,data_raw/cn_official_legacy/round_05/raw/api/items/cp/072099000/votepaper.json,True
5,cp,072145000,data_raw/cn_official_legacy/round_05/raw/api/items/cp/072145000/votedate.json,data_raw/cn_official_legacy/round_05/raw/api/items/cp/072145000/votesex.json,data_raw/cn_official_legacy/round_05/raw/api/items/cp/072145000/votegeo.json,data_raw/cn_official_legacy/round_05/raw/api/items/cp/072145000/votepaper.json,True
5,cp,073074000,data_raw/cn_official_legacy/round_05/raw/api/items/cp/073074000/votedate.json,data_raw/cn_official_legacy/round_05/raw/api/items/cp/073074000/votesex.json,data_raw/cn_official_legacy/round_05/raw/api/items/cp/073074000/votegeo.json,data_raw/cn_official_legacy/round_05/raw/api/items/cp/073074000/votepaper.json,True
5,cp,073074075,data_raw/cn_official_legacy/round_05/raw/api/items/cp/073074075/votedate.json,data_raw/cn_official_legacy/round_05/raw/api/items/cp/073074075/votesex.json,data_raw/cn_official_legacy/round_05/raw/api/items/cp/073074075/votegeo.json,data_raw/cn_official_legacy/round_05/raw/api/items/cp/073074075/votepaper.json,True
5,cp,073075000,data_raw/cn_official_legacy/round_05/raw/api/items/cp/073075000/votedate.json,data_raw/cn_official_legacy/round_05/raw/api/items/cp/073075000/votesex.json,data_raw/cn_official_legacy/round_05/raw/api/items/cp/073075000/votegeo.json,data_raw/cn_official_legacy/round_05/raw/api/items/cp/073075000/votepaper.json,True
5,cp,074075000,data_raw/cn_official_legacy/round_05/raw/api/items/cp/074075000/votedate.json,data_raw/cn_official_legacy/round_05/raw/api/items/cp/074075000/votesex.json,data_raw/cn_official_legacy/round_05/raw/api/items/cp/074075000/votegeo.json,data_raw/cn_official_legacy/round_05/raw/api/items/cp/074075000/votepaper.json,True
5,cp,074075077,data_raw/cn_official_legacy/round_05/raw/api/items/cp/074075077/votedate.json,data_raw/cn_official_legacy/round_05/raw/api/items/cp/074075077/votesex.json,data_raw/cn_official_legacy/round_05/raw/api/items/cp/074075077/votegeo.json,data_raw/cn_official_legacy/round_05/raw/api/items/cp/074075077/votepaper.json,True
5,cp,074075078,data_raw/cn_official_legacy/round_05/raw/api/items/cp/074075078/votedate.json,data_raw/cn_official_legacy/round_05/raw/api/items/cp/074075078/votesex.json,data_raw/cn_official_legacy/round_05/raw/api/items/cp/074075078/votegeo.json,data_raw/cn_official_legacy/round_05/raw/api/items/cp/074075078/votepaper.json,True
5,cp,074098000,data_raw/cn_official_legacy/round_05/raw/api/items/cp/074098000/votedate.json,data_raw/cn_official_legacy/round_05/raw/api/items/cp/074098000/votesex.json,data_raw/cn_official_legacy/round_05/raw/api/items/cp/074098000/votegeo.json,data_raw/cn_official_legacy/round_05/raw/api/items/cp/074098000/votepaper.json,True
5,cp,075077000,data_raw/cn_official_legacy/round_05/raw/api/items/cp/075077000/votedate.json,data_raw/cn_official_legacy/round_05/raw/api/items/cp/075077000/votesex.json,data_raw/cn_official_legacy/round_05/raw/api/items/cp/075077000/votegeo.json,data_raw/cn_official_legacy/round_05/raw/api/items/cp/075077000/votepaper.json,True
5,cp,075078000,data_raw/cn_official_legacy/round_05/raw/api/items/cp/075078000/votedate.json,data_raw/cn_official_legacy/round_05/raw/api/items/cp/075078000/votesex.json,data_raw/cn_official_legacy/round_05/raw/api/items/cp/075078000/votegeo.json,data_raw/cn_official_legacy/round_05/raw/api/items/cp/075078000/votepaper.json,True
5,cp,075086000,data_raw/cn_official_legacy/round_05/raw/api/items/cp/075086000/votedate.json,data_raw/cn_official_legacy/round_05/raw/api/items/cp/075086000/votesex.json,data_raw/cn_official_legacy/round_05/raw/api/items/cp/075086000/votegeo.json,data_raw/cn_official_legacy/round_05/raw/api/items/cp/075086000/votepaper.json,True
5,cp,075087000,data_raw/cn_official_legacy/round_05/raw/api/items/cp/075087000/votedate.json,data_raw/cn_official_legacy/round_05/raw/api/items/cp/075087000/votesex.json,data_raw/cn_official_legacy/round_05/raw/api/items/cp/075087000/votegeo.json,data_raw/cn_official_legacy/round_05/raw/api/items/cp/075087000/votepaper.json,True
5,cp,075097000,data_raw/cn_official_legacy/round_05/raw/api/items/cp/075097000/votedate.json,data_raw/cn_official_legacy/round_05/raw/api/items/cp/075097000/votesex.json,data_raw/cn_official_legacy/round_05/raw/api/items/cp/075097000/votegeo.json,data_raw/cn_official_legacy/round_05/raw/api/items/cp/075097000/votepaper.json,True
5,cp,076077000,data_raw/cn_official_legacy/round_05/raw/api/items/cp/076077000/votedate.json,data_raw/cn_official_legacy/round_05/raw/api/items/cp/076077000/votesex.json,data_raw/cn_official_legacy/round_05/raw/api/items/cp/076077000/votegeo.json,data_raw/cn_official_legacy/round_05/raw/api/items/cp/076077000/votepaper.json,True
5,cp,076084000,data_raw/cn_official_legacy/round_05/raw/api/items/cp/076084000/votedate.json,data_raw/cn_official_legacy/round_05/raw/api/items/cp/076084000/votesex.json,data_raw/cn_official_legacy/round_05/raw/api/items/cp/076084000/votegeo.json,data_raw/cn_official_legacy/round_05/raw/api/items/cp/076084000/votepaper.json,True
5,cp,076087145,data_raw/cn_official_legacy/round_05/raw/api/items/cp/076087145/votedate.json,data_raw/cn_official_legacy/round_05/raw/api/items/cp/076087145/votesex.json,data_raw/cn_official_legacy/round_05/raw/api/items/cp/076087145/votegeo.json,data_raw/cn_official_legacy/round_05/raw/api/items/cp/076087145/votepaper.json,True
5,cp,076136146,data_raw/cn_official_legacy/round_05/raw/api/items/cp/076136146/votedate.json,data_raw/cn_official_legacy/round_05/raw/api/items/cp/076136146/votesex.json,data_raw/cn_official_legacy/round_05/raw/api/items/cp/076136146/votegeo.json,data_raw/cn_official_legacy/round_05/raw/api/items/cp/076136146/votepaper.json,True
5,cp,076145000,data_raw/cn_official_legacy/round_05/raw/api/items/cp/076145000/votedate.json,data_raw/cn_official_legacy/round_05/raw/api/items/cp/076145000/votesex.json,data_raw/cn_official_legacy/round_05/raw/api/items/cp/076145000/votegeo.json,data_raw/cn_official_legacy/round_05/raw/api/items/cp/076145000/votepaper.json,True
5,cp,076145146,data_raw/cn_official_legacy/round_05/raw/api/items/cp/076145146/votedate.json,data_raw/cn_official_legacy/round_05/raw/api/items/cp/076145146/votesex.json,data_raw/cn_official_legacy/round_05/raw/api/items/cp/076145146/votegeo.json,data_raw/cn_official_legacy/round_05/raw/api/items/cp/076145146/votepaper.json,True
5,cp,076146000,data_raw/cn_official_legacy/round_05/raw/api/items/cp/076146000/votedate.json,data_raw/cn_official_legacy/round_05/raw/api/items/cp/076146000/votesex.json,data_raw/cn_official_legacy/round_05/raw/api/items/cp/076146000/votegeo.json,data_raw/cn_official_legacy/round_05/raw/api/items/cp/076146000/votepaper.json,True
5,cp,076193000,data_raw/cn_official_legacy/round_05/raw/api/items/cp/076193000/votedate.json,data_raw/cn_official_legacy/round_05/raw/api/items/cp/076193000/votesex.json,data_raw/cn_official_legacy/round_05/raw/api/items/cp/076193000/votegeo.json,data_raw/cn_official_legacy/round_05/raw/api/items/cp/076193000/votepaper.json,True
5,cp,077078000,data_raw/cn_official_legacy/round_05/raw/api/items/cp/077078000/votedate.json,data_raw/cn_official_legacy/round_05/raw/api/items/cp/077078000/votesex.json,data_raw/cn_official_legacy/round_05/raw/api/items/cp/077078000/votegeo.json,data_raw/cn_official_legacy/round_05/raw/api/items/cp/077078000/votepaper.json,True
5,cp,077082083,data_raw/cn_official_legacy/round_05/raw/api/items/cp/077082083/votedate.json,data_raw/cn_official_legacy/round_05/raw/api/items/cp/077082083/votesex.json,data_raw/cn_official_legacy/round_05/raw/api/items/cp/077082083/votegeo.json,data_raw/cn_official_legacy/round_05/raw/api/items/cp/077082083/votepaper.json,True
5,cp,077084085,data_raw/cn_official_legacy/round_05/raw/api/items/cp/077084085/votedate.json,data_raw/cn_official_legacy/round_05/raw/api/items/cp/077084085/votesex.json,data_raw/cn_official_legacy/round_05/raw/api/items/cp/077084085/votegeo.json,data_raw/cn_official_legacy/round_05/raw/api/items/cp/077084085/votepaper.json,True
5,cp,077087000,data_raw/cn_official_legacy/round_05/raw/api/items/cp/077087000/votedate.json,data_raw/cn_official_legacy/round_05/raw/api/items/cp/077087000/votesex.json,data_raw/cn_official_legacy/round_05/raw/api/items/cp/077087000/votegeo.json,data_raw/cn_official_legacy/round_05/raw/api/items/cp/077087000/votepaper.json,True
5,cp,078090099,data_raw/cn_official_legacy/round_05/raw/api/items/cp/078090099/votedate.json,data_raw/cn_official_legacy/round_05/raw/api/items/cp/078090099/votesex.json,data_raw/cn_official_legacy/round_05/raw/api/items/cp/078090099/votegeo.json,data_raw/cn_official_legacy/round_05/raw/api/items/cp/078090099/votepaper.json,True
5,cp,079080000,data_raw/cn_official_legacy/round_05/raw/api/items/cp/079080000/votedate.json,data_raw/cn_official_legacy/round_05/raw/api/items/cp/079080000/votesex.json,data_raw/cn_official_legacy/round_05/raw/api/items/cp/079080000/votegeo.json,data_raw/cn_official_legacy/round_05/raw/api/items/cp/079080000/votepaper.json,True
5,cp,079080081,data_raw/cn_official_legacy/round_05/raw/api/items/cp/079080081/votedate.json,data_raw/cn_official_legacy/round_05/raw/api/items/cp/079080081/votesex.json,data_raw/cn_official_legacy/round_05/raw/api/items/cp/079080081/votegeo.json,data_raw/cn_official_legacy/round_05/raw/api/items/cp/079080081/votepaper.json,True
5,cp,079081000,data_raw/cn_official_legacy/round_05/raw/api/items/cp/079081000/votedate.json,data_raw/cn_official_legacy/round_05/raw/api/items/cp/079081000/votesex.json,data_raw/cn_official_legacy/round_05/raw/api/items/cp/079081000/votegeo.json,data_raw/cn_official_legacy/round_05/raw/api/items/cp/079081000/votepaper.json,True
5,cp,079081084,data_raw/cn_official_legacy/round_05/raw/api/items/cp/079081084/votedate.json,data_raw/cn_official_legacy/round_05/raw/api/items/cp/079081084/votesex.json,data_raw/cn_official_legacy/round_05/raw/api/items/cp/079081084/votegeo.json,data_raw/cn_official_legacy/round_05/raw/api/items/cp/079081084/votepaper.json,True
5,cp,079096097,data_raw/cn_official_legacy/round_05/raw/api/items/cp/079096097/votedate.json,data_raw/cn_official_legacy/round_05/raw/api/items/cp/079096097/votesex.json,data_raw/cn_official_legacy/round_05/raw/api/items/cp/079096097/votegeo.json,data_raw/cn_official_legacy/round_05/raw/api/items/cp/079096097/votepaper.json,True
5,cp,080081000,data_raw/cn_official_legacy/round_05/raw/api/items/cp/080081000/votedate.json,data_raw/cn_official_legacy/round_05/raw/api/items/cp/080081000/votesex.json,data_raw/cn_official_legacy/round_05/raw/api/items/cp/080081000/votegeo.json,data_raw/cn_official_legacy/round_05/raw/api/items/cp/080081000/votepaper.json,True
5,cp,080084000,data_raw/cn_official_legacy/round_05/raw/api/items/cp/080084000/votedate.json,data_raw/cn_official_legacy/round_05/raw/api/items/cp/080084000/votesex.json,data_raw/cn_official_legacy/round_05/raw/api/items/cp/080084000/votegeo.json,data_raw/cn_official_legacy/round_05/raw/api/items/cp/080084000/votepaper.json,True
5,cp,082083000,data_raw/cn_official_legacy/round_05/raw/api/items/cp/082083000/votedate.json,data_raw/cn_official_legacy/round_05/raw/api/items/cp/082083000/votesex.json,data_raw/cn_official_legacy/round_05/raw/api/items/cp/082083000/votegeo.json,data_raw/cn_official_legacy/round_05/raw/api/items/cp/082083000/votepaper.json,True
5,cp,082083086,data_raw/cn_official_legacy/round_05/raw/api/items/cp/082083086/votedate.json,data_raw/cn_official_legacy/round_05/raw/api/items/cp/082083086/votesex.json,data_raw/cn_official_legacy/round_05/raw/api/items/cp/082083086/votegeo.json,data_raw/cn_official_legacy/round_05/raw/api/items/cp/082083086/votepaper.json,True
5,cp,082086000,data_raw/cn_official_legacy/round_05/raw/api/items/cp/082086000/votedate.json,data_raw/cn_official_legacy/round_05/raw/api/items/cp/082086000/votesex.json,data_raw/cn_official_legacy/round_05/raw/api/items/cp/082086000/votegeo.json,data_raw/cn_official_legacy/round_05/raw/api/items/cp/082086000/votepaper.json,True
5,cp,083086000,data_raw/cn_official_legacy/round_05/raw/api/items/cp/083086000/votedate.json,data_raw/cn_official_legacy/round_05/raw/api/items/cp/083086000/votesex.json,data_raw/cn_official_legacy/round_05/raw/api/items/cp/083086000/votegeo.json,data_raw/cn_official_legacy/round_05/raw/api/items/cp/083086000/votepaper.json,True
5,cp,083086193,data_raw/cn_official_legacy/round_05/raw/api/items/cp/083086193/votedate.json,data_raw/cn_official_legacy/round_05/raw/api/items/cp/083086193/votesex.json,data_raw/cn_official_legacy/round_05/raw/api/items/cp/083086193/votegeo.json,data_raw/cn_official_legacy/round_05/raw/api/items/cp/083086193/votepaper.json,True
5,cp,084085000,data_raw/cn_official_legacy/round_05/raw/api/items/cp/084085000/votedate.json,data_raw/cn_official_legacy/round_05/raw/api/items/cp/084085000/votesex.json,data_raw/cn_official_legacy/round_05/raw/api/items/cp/084085000/votegeo.json,data_raw/cn_official_legacy/round_05/raw/api/items/cp/084085000/votepaper.json,True
5,cp,084085097,data_raw/cn_official_legacy/round_05/raw/api/items/cp/084085097/votedate.json,data_raw/cn_official_legacy/round_05/raw/api/items/cp/084085097/votesex.json,data_raw/cn_official_legacy/round_05/raw/api/items/cp/084085097/votegeo.json,data_raw/cn_official_legacy/round_05/raw/api/items/cp/084085097/votepaper.json,True
5,cp,084086000,data_raw/cn_official_legacy/round_05/raw/api/items/cp/084086000/votedate.json,data_raw/cn_official_legacy/round_05/raw/api/items/cp/084086000/votesex.json,data_raw/cn_official_legacy/round_05/raw/api/items/cp/084086000/votegeo.json,data_raw/cn_official_legacy/round_05/raw/api/items/cp/084086000/votepaper.json,True
5,cp,084096000,data_raw/cn_official_legacy/round_05/raw/api/items/cp/084096000/votedate.json,data_raw/cn_official_legacy/round_05/raw/api/items/cp/084096000/votesex.json,data_raw/cn_official_legacy/round_05/raw/api/items/cp/084096000/votegeo.json,data_raw/cn_official_legacy/round_05/raw/api/items/cp/084096000/votepaper.json,True
5,cp,084096097,data_raw/cn_official_legacy/round_05/raw/api/items/cp/084096097/votedate.json,data_raw/cn_official_legacy/round_05/raw/api/items/cp/084096097/votesex.json,data_raw/cn_official_legacy/round_05/raw/api/items/cp/084096097/votegeo.json,data_raw/cn_official_legacy/round_05/raw/api/items/cp/084096097/votepaper.json,True
5,cp,084097000,data_raw/cn_official_legacy/round_05/raw/api/items/cp/084097000/votedate.json,data_raw/cn_official_legacy/round_05/raw/api/items/cp/084097000/votesex.json,data_raw/cn_official_legacy/round_05/raw/api/items/cp/084097000/votegeo.json,data_raw/cn_official_legacy/round_05/raw/api/items/cp/084097000/votepaper.json,True
5,cp,084145000,data_raw/cn_official_legacy/round_05/raw/api/items/cp/084145000/votedate.json,data_raw/cn_official_legacy/round_05/raw/api/items/cp/084145000/votesex.json,data_raw/cn_official_legacy/round_05/raw/api/items/cp/084145000/votegeo.json,data_raw/cn_official_legacy/round_05/raw/api/items/cp/084145000/votepaper.json,True
5,cp,085087000,data_raw/cn_official_legacy/round_05/raw/api/items/cp/085087000/votedate.json,data_raw/cn_official_legacy/round_05/raw/api/items/cp/085087000/votesex.json,data_raw/cn_official_legacy/round_05/raw/api/items/cp/085087000/votegeo.json,data_raw/cn_official_legacy/round_05/raw/api/items/cp/085087000/votepaper.json,True
5,cp,086095000,data_raw/cn_official_legacy/round_05/raw/api/items/cp/086095000/votedate.json,data_raw/cn_official_legacy/round_05/raw/api/items/cp/086095000/votesex.json,data_raw/cn_official_legacy/round_05/raw/api/items/cp/086095000/votegeo.json,data_raw/cn_official_legacy/round_05/raw/api/items/cp/086095000/votepaper.json,True
5,cp,086100000,data_raw/cn_official_legacy/round_05/raw/api/items/cp/086100000/votedate.json,data_raw/cn_official_legacy/round_05/raw/api/items/cp/086100000/votesex.json,data_raw/cn_official_legacy/round_05/raw/api/items/cp/086100000/votegeo.json,data_raw/cn_official_legacy/round_05/raw/api/items/cp/086100000/votepaper.json,True
5,cp,086178193,data_raw/cn_official_legacy/round_05/raw/api/items/cp/086178193/votedate.json,data_raw/cn_official_legacy/round_05/raw/api/items/cp/086178193/votesex.json,data_raw/cn_official_legacy/round_05/raw/api/items/cp/086178193/votegeo.json,data_raw/cn_official_legacy/round_05/raw/api/items/cp/086178193/votepaper.json,True
5,cp,087096000,data_raw/cn_official_legacy/round_05/raw/api/items/cp/087096000/votedate.json,data_raw/cn_official_legacy/round_05/raw/api/items/cp/087096000/votesex.json,data_raw/cn_official_legacy/round_05/raw/api/items/cp/087096000/votegeo.json,data_raw/cn_official_legacy/round_05/raw/api/items/cp/087096000/votepaper.json,True
5,cp,087118000,data_raw/cn_official_legacy/round_05/raw/api/items/cp/087118000/votedate.json,data_raw/cn_official_legacy/round_05/raw/api/items/cp/087118000/votesex.json,data_raw/cn_official_legacy/round_05/raw/api/items/cp/087118000/votegeo.json,data_raw/cn_official_legacy/round_05/raw/api/items/cp/087118000/votepaper.json,True
5,cp,087118134,data_raw/cn_official_legacy/round_05/raw/api/items/cp/087118134/votedate.json,data_raw/cn_official_legacy/round_05/raw/api/items/cp/087118134/votesex.json,data_raw/cn_official_legacy/round_05/raw/api/items/cp/087118134/votegeo.json,data_raw/cn_official_legacy/round_05/raw/api/items/cp/087118134/votepaper.json,True
5,cp,087134000,data_raw/cn_official_legacy/round_05/raw/api/items/cp/087134000/votedate.json,data_raw/cn_official_legacy/round_05/raw/api/items/cp/087134000/votesex.json,data_raw/cn_official_legacy/round_05/raw/api/items/cp/087134000/votegeo.json,data_raw/cn_official_legacy/round_05/raw/api/items/cp/087134000/votepaper.json,True
5,cp,087134135,data_raw/cn_official_legacy/round_05/raw/api/items/cp/087134135/votedate.json,data_raw/cn_official_legacy/round_05/raw/api/items/cp/087134135/votesex.json,data_raw/cn_official_legacy/round_05/raw/api/items/cp/087134135/votegeo.json,data_raw/cn_official_legacy/round_05/raw/api/items/cp/087134135/votepaper.json,True
5,cp,087137000,data_raw/cn_official_legacy/round_05/raw/api/items/cp/087137000/votedate.json,data_raw/cn_official_legacy/round_05/raw/api/items/cp/087137000/votesex.json,data_raw/cn_official_legacy/round_05/raw/api/items/cp/087137000/votegeo.json,data_raw/cn_official_legacy/round_05/raw/api/items/cp/087137000/votepaper.json,True
5,cp,087137145,data_raw/cn_official_legacy/round_05/raw/api/items/cp/087137145/votedate.json,data_raw/cn_official_legacy/round_05/raw/api/items/cp/087137145/votesex.json,data_raw/cn_official_legacy/round_05/raw/api/items/cp/087137145/votegeo.json,data_raw/cn_official_legacy/round_05/raw/api/items/cp/087137145/votepaper.json,True
5,cp,087145000,data_raw/cn_official_legacy/round_05/raw/api/items/cp/087145000/votedate.json,data_raw/cn_official_legacy/round_05/raw/api/items/cp/087145000/votesex.json,data_raw/cn_official_legacy/round_05/raw/api/items/cp/087145000/votegeo.json,data_raw/cn_official_legacy/round_05/raw/api/items/cp/087145000/votepaper.json,True
5,cp,088090000,data_raw/cn_official_legacy/round_05/raw/api/items/cp/088090000/votedate.json,data_raw/cn_official_legacy/round_05/raw/api/items/cp/088090000/votesex.json,data_raw/cn_official_legacy/round_05/raw/api/items/cp/088090000/votegeo.json,data_raw/cn_official_legacy/round_05/raw/api/items/cp/088090000/votepaper.json,True
5,cp,088108137,data_raw/cn_official_legacy/round_05/raw/api/items/cp/088108137/votedate.json,data_raw/cn_official_legacy/round_05/raw/api/items/cp/088108137/votesex.json,data_raw/cn_official_legacy/round_05/raw/api/items/cp/088108137/votegeo.json,data_raw/cn_official_legacy/round_05/raw/api/items/cp/088108137/votepaper.json,True
5,cp,094095000,data_raw/cn_official_legacy/round_05/raw/api/items/cp/094095000/votedate.json,data_raw/cn_official_legacy/round_05/raw/api/items/cp/094095000/votesex.json,data_raw/cn_official_legacy/round_05/raw/api/items/cp/094095000/votegeo.json,data_raw/cn_official_legacy/round_05/raw/api/items/cp/094095000/votepaper.json,True
5,cp,094095097,data_raw/cn_official_legacy/round_05/raw/api/items/cp/094095097/votedate.json,data_raw/cn_official_legacy/round_05/raw/api/items/cp/094095097/votesex.json,data_raw/cn_official_legacy/round_05/raw/api/items/cp/094095097/votegeo.json,data_raw/cn_official_legacy/round_05/raw/api/items/cp/094095097/votepaper.json,True
5,cp,094201000,data_raw/cn_official_legacy/round_05/raw/api/items/cp/094201000/votedate.json,data_raw/cn_official_legacy/round_05/raw/api/items/cp/094201000/votesex.json,data_raw/cn_official_legacy/round_05/raw/api/items/cp/094201000/votegeo.json,data_raw/cn_official_legacy/round_05/raw/api/items/cp/094201000/votepaper.json,True
5,cp,096097000,data_raw/cn_official_legacy/round_05/raw/api/items/cp/096097000/votedate.json,data_raw/cn_official_legacy/round_05/raw/api/items/cp/096097000/votesex.json,data_raw/cn_official_legacy/round_05/raw/api/items/cp/096097000/votegeo.json,data_raw/cn_official_legacy/round_05/raw/api/items/cp/096097000/votepaper.json,True
5,cp,096097098,data_raw/cn_official_legacy/round_05/raw/api/items/cp/096097098/votedate.json,data_raw/cn_official_legacy/round_05/raw/api/items/cp/096097098/votesex.json,data_raw/cn_official_legacy/round_05/raw/api/items/cp/096097098/votegeo.json,data_raw/cn_official_legacy/round_05/raw/api/items/cp/096097098/votepaper.json,True
5,cp,096100000,data_raw/cn_official_legacy/round_05/raw/api/items/cp/096100000/votedate.json,data_raw/cn_official_legacy/round_05/raw/api/items/cp/096100000/votesex.json,data_raw/cn_official_legacy/round_05/raw/api/items/cp/096100000/votegeo.json,data_raw/cn_official_legacy/round_05/raw/api/items/cp/096100000/votepaper.json,True
5,cp,097097000,data_raw/cn_official_legacy/round_05/raw/api/items/cp/097097000/votedate.json,data_raw/cn_official_legacy/round_05/raw/api/items/cp/097097000/votesex.json,data_raw/cn_official_legacy/round_05/raw/api/items/cp/097097000/votegeo.json,data_raw/cn_official_legacy/round_05/raw/api/items/cp/097097000/votepaper.json,True
5,cp,097098000,data_raw/cn_official_legacy/round_05/raw/api/items/cp/097098000/votedate.json,data_raw/cn_official_legacy/round_05/raw/api/items/cp/097098000/votesex.json,data_raw/cn_official_legacy/round_05/raw/api/items/cp/097098000/votegeo.json,data_raw/cn_official_legacy/round_05/raw/api/items/cp/097098000/votepaper.json,True
5,cp,097098100,data_raw/cn_official_legacy/round_05/raw/api/items/cp/097098100/votedate.json,data_raw/cn_official_legacy/round_05/raw/api/items/cp/097098100/votesex.json,data_raw/cn_official_legacy/round_05/raw/api/items/cp/097098100/votegeo.json,data_raw/cn_official_legacy/round_05/raw/api/items/cp/097098100/votepaper.json,True
5,cp,097099000,data_raw/cn_official_legacy/round_05/raw/api/items/cp/097099000/votedate.json,data_raw/cn_official_legacy/round_05/raw/api/items/cp/097099000/votesex.json,data_raw/cn_official_legacy/round_05/raw/api/items/cp/097099000/votegeo.json,data_raw/cn_official_legacy/round_05/raw/api/items/cp/097099000/votepaper.json,True
5,cp,097099100,data_raw/cn_official_legacy/round_05/raw/api/items/cp/097099100/votedate.json,data_raw/cn_official_legacy/round_05/raw/api/items/cp/097099100/votesex.json,data_raw/cn_official_legacy/round_05/raw/api/items/cp/097099100/votegeo.json,data_raw/cn_official_legacy/round_05/raw/api/items/cp/097099100/votepaper.json,True
5,cp,097133000,data_raw/cn_official_legacy/round_05/raw/api/items/cp/097133000/votedate.json,data_raw/cn_official_legacy/round_05/raw/api/items/cp/097133000/votesex.json,data_raw/cn_official_legacy/round_05/raw/api/items/cp/097133000/votegeo.json,data_raw/cn_official_legacy/round_05/raw/api/items/cp/097133000/votepaper.json,True
5,cp,097143000,data_raw/cn_official_legacy/round_05/raw/api/items/cp/097143000/votedate.json,data_raw/cn_official_legacy/round_05/raw/api/items/cp/097143000/votesex.json,data_raw/cn_official_legacy/round_05/raw/api/items/cp/097143000/votegeo.json,data_raw/cn_official_legacy/round_05/raw/api/items/cp/097143000/votepaper.json,True
5,cp,097201000,data_raw/cn_official_legacy/round_05/raw/api/items/cp/097201000/votedate.json,data_raw/cn_official_legacy/round_05/raw/api/items/cp/097201000/votesex.json,data_raw/cn_official_legacy/round_05/raw/api/items/cp/097201000/votegeo.json,data_raw/cn_official_legacy/round_05/raw/api/items/cp/097201000/votepaper.json,True
5,cp,098099000,data_raw/cn_official_legacy/round_05/raw/api/items/cp/098099000/votedate.json,data_raw/cn_official_legacy/round_05/raw/api/items/cp/098099000/votesex.json,data_raw/cn_official_legacy/round_05/raw/api/items/cp/098099000/votegeo.json,data_raw/cn_official_legacy/round_05/raw/api/items/cp/098099000/votepaper.json,True
5,cp,098099100,data_raw/cn_official_legacy/round_05/raw/api/items/cp/098099100/votedate.json,data_raw/cn_official_legacy/round_05/raw/api/items/cp/098099100/votesex.json,data_raw/cn_official_legacy/round_05/raw/api/items/cp/098099100/votegeo.json,data_raw/cn_official_legacy/round_05/raw/api/items/cp/098099100/votepaper.json,True
5,cp,098100000,data_raw/cn_official_legacy/round_05/raw/api/items/cp/098100000/votedate.json,data_raw/cn_official_legacy/round_05/raw/api/items/cp/098100000/votesex.json,data_raw/cn_official_legacy/round_05/raw/api/items/cp/098100000/votegeo.json,data_raw/cn_official_legacy/round_05/raw/api/items/cp/098100000/votepaper.json,True
5,cp,098139140,data_raw/cn_official_legacy/round_05/raw/api/items/cp/098139140/votedate.json,data_raw/cn_official_legacy/round_05/raw/api/items/cp/098139140/votesex.json,data_raw/cn_official_legacy/round_05/raw/api/items/cp/098139140/votegeo.json,data_raw/cn_official_legacy/round_05/raw/api/items/cp/098139140/votepaper.json,True
5,cp,098139141,data_raw/cn_official_legacy/round_05/raw/api/items/cp/098139141/votedate.json,data_raw/cn_official_legacy/round_05/raw/api/items/cp/098139141/votesex.json,data_raw/cn_official_legacy/round_05/raw/api/items/cp/098139141/votegeo.json,data_raw/cn_official_legacy/round_05/raw/api/items/cp/098139141/votepaper.json,True
5,cp,099100000,data_raw/cn_official_legacy/round_05/raw/api/items/cp/099100000/votedate.json,data_raw/cn_official_legacy/round_05/raw/api/items/cp/099100000/votesex.json,data_raw/cn_official_legacy/round_05/raw/api/items/cp/099100000/votegeo.json,data_raw/cn_official_legacy/round_05/raw/api/items/cp/099100000/votepaper.json,True
5,cp,099201000,data_raw/cn_official_legacy/round_05/raw/api/items/cp/099201000/votedate.json,data_raw/cn_official_legacy/round_05/raw/api/items/cp/099201000/votesex.json,data_raw/cn_official_legacy/round_05/raw/api/items/cp/099201000/votegeo.json,data_raw/cn_official_legacy/round_05/raw/api/items/cp/099201000/votepaper.json,True
5,cp,102107133,data_raw/cn_official_legacy/round_05/raw/api/items/cp/102107133/votedate.json,data_raw/cn_official_legacy/round_05/raw/api/items/cp/102107133/votesex.json,data_raw/cn_official_legacy/round_05/raw/api/items/cp/102107133/votegeo.json,data_raw/cn_official_legacy/round_05/raw/api/items/cp/102107133/votepaper.json,True
5,cp,102118000,data_raw/cn_official_legacy/round_05/raw/api/items/cp/102118000/votedate.json,data_raw/cn_official_legacy/round_05/raw/api/items/cp/102118000/votesex.json,data_raw/cn_official_legacy/round_05/raw/api/items/cp/102118000/votegeo.json,data_raw/cn_official_legacy/round_05/raw/api/items/cp/102118000/votepaper.json,True
5,cp,102118133,data_raw/cn_official_legacy/round_05/raw/api/items/cp/102118133/votedate.json,data_raw/cn_official_legacy/round_05/raw/api/items/cp/102118133/votesex.json,data_raw/cn_official_legacy/round_05/raw/api/items/cp/102118133/votegeo.json,data_raw/cn_official_legacy/round_05/raw/api/items/cp/102118133/votepaper.json,True
5,cp,102133000,data_raw/cn_official_legacy/round_05/raw/api/items/cp/102133000/votedate.json,data_raw/cn_official_legacy/round_05/raw/api/items/cp/102133000/votesex.json,data_raw/cn_official_legacy/round_05/raw/api/items/cp/102133000/votegeo.json,data_raw/cn_official_legacy/round_05/raw/api/items/cp/102133000/votepaper.json,True
5,cp,103104000,data_raw/cn_official_legacy/round_05/raw/api/items/cp/103104000/votedate.json,data_raw/cn_official_legacy/round_05/raw/api/items/cp/103104000/votesex.json,data_raw/cn_official_legacy/round_05/raw/api/items/cp/103104000/votegeo.json,data_raw/cn_official_legacy/round_05/raw/api/items/cp/103104000/votepaper.json,True
5,cp,104107000,data_raw/cn_official_legacy/round_05/raw/api/items/cp/104107000/votedate.json,data_raw/cn_official_legacy/round_05/raw/api/items/cp/104107000/votesex.json,data_raw/cn_official_legacy/round_05/raw/api/items/cp/104107000/votegeo.json,data_raw/cn_official_legacy/round_05/raw/api/items/cp/104107000/votepaper.json,True
5,cp,104110000,data_raw/cn_official_legacy/round_05/raw/api/items/cp/104110000/votedate.json,data_raw/cn_official_legacy/round_05/raw/api/items/cp/104110000/votesex.json,data_raw/cn_official_legacy/round_05/raw/api/items/cp/104110000/votegeo.json,data_raw/cn_official_legacy/round_05/raw/api/items/cp/104110000/votepaper.json,True
5,cp,106107000,data_raw/cn_official_legacy/round_05/raw/api/items/cp/106107000/votedate.json,data_raw/cn_official_legacy/round_05/raw/api/items/cp/106107000/votesex.json,data_raw/cn_official_legacy/round_05/raw/api/items/cp/106107000/votegeo.json,data_raw/cn_official_legacy/round_05/raw/api/items/cp/106107000/votepaper.json,True
5,cp,107118133,data_raw/cn_official_legacy/round_05/raw/api/items/cp/107118133/votedate.json,data_raw/cn_official_legacy/round_05/raw/api/items/cp/107118133/votesex.json,data_raw/cn_official_legacy/round_05/raw/api/items/cp/107118133/votegeo.json,data_raw/cn_official_legacy/round_05/raw/api/items/cp/107118133/votepaper.json,True
5,cp,107133000,data_raw/cn_official_legacy/round_05/raw/api/items/cp/107133000/votedate.json,data_raw/cn_official_legacy/round_05/raw/api/items/cp/107133000/votesex.json,data_raw/cn_official_legacy/round_05/raw/api/items/cp/107133000/votegeo.json,data_raw/cn_official_legacy/round_05/raw/api/items/cp/107133000/votepaper.json,True
5,cp,108181193,data_raw/cn_official_legacy/round_05/raw/api/items/cp/108181193/votedate.json,data_raw/cn_official_legacy/round_05/raw/api/items/cp/108181193/votesex.json,data_raw/cn_official_legacy/round_05/raw/api/items/cp/108181193/votegeo.json,data_raw/cn_official_legacy/round_05/raw/api/items/cp/108181193/votepaper.json,True
5,cp,109116000,data_raw/cn_official_legacy/round_05/raw/api/items/cp/109116000/votedate.json,data_raw/cn_official_legacy/round_05/raw/api/items/cp/109116000/votesex.json,data_raw/cn_official_legacy/round_05/raw/api/items/cp/109116000/votegeo.json,data_raw/cn_official_legacy/round_05/raw/api/items/cp/109116000/votepaper.json,True
5,cp,111188000,data_raw/cn_official_legacy/round_05/raw/api/items/cp/111188000/votedate.json,data_raw/cn_official_legacy/round_05/raw/api/items/cp/111188000/votesex.json,data_raw/cn_official_legacy/round_05/raw/api/items/cp/111188000/votegeo.json,data_raw/cn_official_legacy/round_05/raw/api/items/cp/111188000/votepaper.json,True
5,cp,111202000,data_raw/cn_official_legacy/round_05/raw/api/items/cp/111202000/votedate.json,data_raw/cn_official_legacy/round_05/raw/api/items/cp/111202000/votesex.json,data_raw/cn_official_legacy/round_05/raw/api/items/cp/111202000/votegeo.json,data_raw/cn_official_legacy/round_05/raw/api/items/cp/111202000/votepaper.json,True
5,cp,113114115,data_raw/cn_official_legacy/round_05/raw/api/items/cp/113114115/votedate.json,data_raw/cn_official_legacy/round_05/raw/api/items/cp/113114115/votesex.json,data_raw/cn_official_legacy/round_05/raw/api/items/cp/113114115/votegeo.json,data_raw/cn_official_legacy/round_05/raw/api/items/cp/113114115/votepaper.json,True
5,cp,113115000,data_raw/cn_official_legacy/round_05/raw/api/items/cp/113115000/votedate.json,data_raw/cn_official_legacy/round_05/raw/api/items/cp/113115000/votesex.json,data_raw/cn_official_legacy/round_05/raw/api/items/cp/113115000/votegeo.json,data_raw/cn_official_legacy/round_05/raw/api/items/cp/113115000/votepaper.json,True
5,cp,113122000,data_raw/cn_official_legacy/round_05/raw/api/items/cp/113122000/votedate.json,data_raw/cn_official_legacy/round_05/raw/api/items/cp/113122000/votesex.json,data_raw/cn_official_legacy/round_05/raw/api/items/cp/113122000/votegeo.json,data_raw/cn_official_legacy/round_05/raw/api/items/cp/113122000/votepaper.json,True
5,cp,116117118,data_raw/cn_official_legacy/round_05/raw/api/items/cp/116117118/votedate.json,data_raw/cn_official_legacy/round_05/raw/api/items/cp/116117118/votesex.json,data_raw/cn_official_legacy/round_05/raw/api/items/cp/116117118/votegeo.json,data_raw/cn_official_legacy/round_05/raw/api/items/cp/116117118/votepaper.json,True
5,cp,116118000,data_raw/cn_official_legacy/round_05/raw/api/items/cp/116118000/votedate.json,data_raw/cn_official_legacy/round_05/raw/api/items/cp/116118000/votesex.json,data_raw/cn_official_legacy/round_05/raw/api/items/cp/116118000/votegeo.json,data_raw/cn_official_legacy/round_05/raw/api/items/cp/116118000/votepaper.json,True
5,cp,117118000,data_raw/cn_official_legacy/round_05/raw/api/items/cp/117118000/votedate.json,data_raw/cn_official_legacy/round_05/raw/api/items/cp/117118000/votesex.json,data_raw/cn_official_legacy/round_05/raw/api/items/cp/117118000/votegeo.json,data_raw/cn_official_legacy/round_05/raw/api/items/cp/117118000/votepaper.json,True
5,cp,117118120,data_raw/cn_official_legacy/round_05/raw/api/items/cp/117118120/votedate.json,data_raw/cn_official_legacy/round_05/raw/api/items/cp/117118120/votesex.json,data_raw/cn_official_legacy/round_05/raw/api/items/cp/117118120/votegeo.json,data_raw/cn_official_legacy/round_05/raw/api/items/cp/117118120/votepaper.json,True
5,cp,117118134,data_raw/cn_official_legacy/round_05/raw/api/items/cp/117118134/votedate.json,data_raw/cn_official_legacy/round_05/raw/api/items/cp/117118134/votesex.json,data_raw/cn_official_legacy/round_05/raw/api/items/cp/117118134/votegeo.json,data_raw/cn_official_legacy/round_05/raw/api/items/cp/117118134/votepaper.json,True
5,cp,118134000,data_raw/cn_official_legacy/round_05/raw/api/items/cp/118134000/votedate.json,data_raw/cn_official_legacy/round_05/raw/api/items/cp/118134000/votesex.json,data_raw/cn_official_legacy/round_05/raw/api/items/cp/118134000/votegeo.json,data_raw/cn_official_legacy/round_05/raw/api/items/cp/118134000/votepaper.json,True
5,cp,118134135,data_raw/cn_official_legacy/round_05/raw/api/items/cp/118134135/votedate.json,data_raw/cn_official_legacy/round_05/raw/api/items/cp/118134135/votesex.json,data_raw/cn_official_legacy/round_05/raw/api/items/cp/118134135/votegeo.json,data_raw/cn_official_legacy/round_05/raw/api/items/cp/118134135/votepaper.json,True
5,cp,123125000,data_raw/cn_official_legacy/round_05/raw/api/items/cp/123125000/votedate.json,data_raw/cn_official_legacy/round_05/raw/api/items/cp/123125000/votesex.json,data_raw/cn_official_legacy/round_05/raw/api/items/cp/123125000/votegeo.json,data_raw/cn_official_legacy/round_05/raw/api/items/cp/123125000/votepaper.json,True
5,cp,124125000,data_raw/cn_official_legacy/round_05/raw/api/items/cp/124125000/votedate.json,data_raw/cn_official_legacy/round_05/raw/api/items/cp/124125000/votesex.json,data_raw/cn_official_legacy/round_05/raw/api/items/cp/124125000/votegeo.json,data_raw/cn_official_legacy/round_05/raw/api/items/cp/124125000/votepaper.json,True
5,cp,126127000,data_raw/cn_official_legacy/round_05/raw/api/items/cp/126127000/votedate.json,data_raw/cn_official_legacy/round_05/raw/api/items/cp/126127000/votesex.json,data_raw/cn_official_legacy/round_05/raw/api/items/cp/126127000/votegeo.json,data_raw/cn_official_legacy/round_05/raw/api/items/cp/126127000/votepaper.json,True
5,cp,128129000,data_raw/cn_official_legacy/round_05/raw/api/items/cp/128129000/votedate.json,data_raw/cn_official_legacy/round_05/raw/api/items/cp/128129000/votesex.json,data_raw/cn_official_legacy/round_05/raw/api/items/cp/128129000/votegeo.json,data_raw/cn_official_legacy/round_05/raw/api/items/cp/128129000/votepaper.json,True
5,cp,130131000,data_raw/cn_official_legacy/round_05/raw/api/items/cp/130131000/votedate.json,data_raw/cn_official_legacy/round_05/raw/api/items/cp/130131000/votesex.json,data_raw/cn_official_legacy/round_05/raw/api/items/cp/130131000/votegeo.json,data_raw/cn_official_legacy/round_05/raw/api/items/cp/130131000/votepaper.json,True
5,cp,132133000,data_raw/cn_official_legacy/round_05/raw/api/items/cp/132133000/votedate.json,data_raw/cn_official_legacy/round_05/raw/api/items/cp/132133000/votesex.json,data_raw/cn_official_legacy/round_05/raw/api/items/cp/132133000/votegeo.json,data_raw/cn_official_legacy/round_05/raw/api/items/cp/132133000/votepaper.json,True
5,cp,134134000,data_raw/cn_official_legacy/round_05/raw/api/items/cp/134134000/votedate.json,data_raw/cn_official_legacy/round_05/raw/api/items/cp/134134000/votesex.json,data_raw/cn_official_legacy/round_05/raw/api/items/cp/134134000/votegeo.json,data_raw/cn_official_legacy/round_05/raw/api/items/cp/134134000/votepaper.json,True
5,cp,134135000,data_raw/cn_official_legacy/round_05/raw/api/items/cp/134135000/votedate.json,data_raw/cn_official_legacy/round_05/raw/api/items/cp/134135000/votesex.json,data_raw/cn_official_legacy/round_05/raw/api/items/cp/134135000/votegeo.json,data_raw/cn_official_legacy/round_05/raw/api/items/cp/134135000/votepaper.json,True
5,cp,134135136,data_raw/cn_official_legacy/round_05/raw/api/items/cp/134135136/votedate.json,data_raw/cn_official_legacy/round_05/raw/api/items/cp/134135136/votesex.json,data_raw/cn_official_legacy/round_05/raw/api/items/cp/134135136/votegeo.json,data_raw/cn_official_legacy/round_05/raw/api/items/cp/134135136/votepaper.json,True
5,cp,134135137,data_raw/cn_official_legacy/round_05/raw/api/items/cp/134135137/votedate.json,data_raw/cn_official_legacy/round_05/raw/api/items/cp/134135137/votesex.json,data_raw/cn_official_legacy/round_05/raw/api/items/cp/134135137/votegeo.json,data_raw/cn_official_legacy/round_05/raw/api/items/cp/134135137/votepaper.json,True
5,cp,134135192,data_raw/cn_official_legacy/round_05/raw/api/items/cp/134135192/votedate.json,data_raw/cn_official_legacy/round_05/raw/api/items/cp/134135192/votesex.json,data_raw/cn_official_legacy/round_05/raw/api/items/cp/134135192/votegeo.json,data_raw/cn_official_legacy/round_05/raw/api/items/cp/134135192/votepaper.json,True
5,cp,134135200,data_raw/cn_official_legacy/round_05/raw/api/items/cp/134135200/votedate.json,data_raw/cn_official_legacy/round_05/raw/api/items/cp/134135200/votesex.json,data_raw/cn_official_legacy/round_05/raw/api/items/cp/134135200/votegeo.json,data_raw/cn_official_legacy/round_05/raw/api/items/cp/134135200/votepaper.json,True
5,cp,135135000,data_raw/cn_official_legacy/round_05/raw/api/items/cp/135135000/votedate.json,data_raw/cn_official_legacy/round_05/raw/api/items/cp/135135000/votesex.json,data_raw/cn_official_legacy/round_05/raw/api/items/cp/135135000/votegeo.json,data_raw/cn_official_legacy/round_05/raw/api/items/cp/135135000/votepaper.json,True
5,cp,135192000,data_raw/cn_official_legacy/round_05/raw/api/items/cp/135192000/votedate.json,data_raw/cn_official_legacy/round_05/raw/api/items/cp/135192000/votesex.json,data_raw/cn_official_legacy/round_05/raw/api/items/cp/135192000/votegeo.json,data_raw/cn_official_legacy/round_05/raw/api/items/cp/135192000/votepaper.json,True
5,cp,136137000,data_raw/cn_official_legacy/round_05/raw/api/items/cp/136137000/votedate.json,data_raw/cn_official_legacy/round_05/raw/api/items/cp/136137000/votesex.json,data_raw/cn_official_legacy/round_05/raw/api/items/cp/136137000/votegeo.json,data_raw/cn_official_legacy/round_05/raw/api/items/cp/136137000/votepaper.json,True
5,cp,136137146,data_raw/cn_official_legacy/round_05/raw/api/items/cp/136137146/votedate.json,data_raw/cn_official_legacy/round_05/raw/api/items/cp/136137146/votesex.json,data_raw/cn_official_legacy/round_05/raw/api/items/cp/136137146/votegeo.json,data_raw/cn_official_legacy/round_05/raw/api/items/cp/136137146/votepaper.json,True
5,cp,136145000,data_raw/cn_official_legacy/round_05/raw/api/items/cp/136145000/votedate.json,data_raw/cn_official_legacy/round_05/raw/api/items/cp/136145000/votesex.json,data_raw/cn_official_legacy/round_05/raw/api/items/cp/136145000/votegeo.json,data_raw/cn_official_legacy/round_05/raw/api/items/cp/136145000/votepaper.json,True
5,cp,136145146,data_raw/cn_official_legacy/round_05/raw/api/items/cp/136145146/votedate.json,data_raw/cn_official_legacy/round_05/raw/api/items/cp/136145146/votesex.json,data_raw/cn_official_legacy/round_05/raw/api/items/cp/136145146/votegeo.json,data_raw/cn_official_legacy/round_05/raw/api/items/cp/136145146/votepaper.json,True
5,cp,136146000,data_raw/cn_official_legacy/round_05/raw/api/items/cp/136146000/votedate.json,data_raw/cn_official_legacy/round_05/raw/api/items/cp/136146000/votesex.json,data_raw/cn_official_legacy/round_05/raw/api/items/cp/136146000/votegeo.json,data_raw/cn_official_legacy/round_05/raw/api/items/cp/136146000/votepaper.json,True
5,cp,136159000,data_raw/cn_official_legacy/round_05/raw/api/items/cp/136159000/votedate.json,data_raw/cn_official_legacy/round_05/raw/api/items/cp/136159000/votesex.json,data_raw/cn_official_legacy/round_05/raw/api/items/cp/136159000/votegeo.json,data_raw/cn_official_legacy/round_05/raw/api/items/cp/136159000/votepaper.json,True
5,cp,137137000,data_raw/cn_official_legacy/round_05/raw/api/items/cp/137137000/votedate.json,data_raw/cn_official_legacy/round_05/raw/api/items/cp/137137000/votesex.json,data_raw/cn_official_legacy/round_05/raw/api/items/cp/137137000/votegeo.json,data_raw/cn_official_legacy/round_05/raw/api/items/cp/137137000/votepaper.json,True
5,cp,137138000,data_raw/cn_official_legacy/round_05/raw/api/items/cp/137138000/votedate.json,data_raw/cn_official_legacy/round_05/raw/api/items/cp/137138000/votesex.json,data_raw/cn_official_legacy/round_05/raw/api/items/cp/137138000/votegeo.json,data_raw/cn_official_legacy/round_05/raw/api/items/cp/137138000/votepaper.json,True
5,cp,137145146,data_raw/cn_official_legacy/round_05/raw/api/items/cp/137145146/votedate.json,data_raw/cn_official_legacy/round_05/raw/api/items/cp/137145146/votesex.json,data_raw/cn_official_legacy/round_05/raw/api/items/cp/137145146/votegeo.json,data_raw/cn_official_legacy/round_05/raw/api/items/cp/137145146/votepaper.json,True
5,cp,137178000,data_raw/cn_official_legacy/round_05/raw/api/items/cp/137178000/votedate.json,data_raw/cn_official_legacy/round_05/raw/api/items/cp/137178000/votesex.json,data_raw/cn_official_legacy/round_05/raw/api/items/cp/137178000/votegeo.json,data_raw/cn_official_legacy/round_05/raw/api/items/cp/137178000/votepaper.json,True
5,cp,137178193,data_raw/cn_official_legacy/round_05/raw/api/items/cp/137178193/votedate.json,data_raw/cn_official_legacy/round_05/raw/api/items/cp/137178193/votesex.json,data_raw/cn_official_legacy/round_05/raw/api/items/cp/137178193/votegeo.json,data_raw/cn_official_legacy/round_05/raw/api/items/cp/137178193/votepaper.json,True
5,cp,137193000,data_raw/cn_official_legacy/round_05/raw/api/items/cp/137193000/votedate.json,data_raw/cn_official_legacy/round_05/raw/api/items/cp/137193000/votesex.json,data_raw/cn_official_legacy/round_05/raw/api/items/cp/137193000/votegeo.json,data_raw/cn_official_legacy/round_05/raw/api/items/cp/137193000/votepaper.json,True
5,cp,139140141,data_raw/cn_official_legacy/round_05/raw/api/items/cp/139140141/votedate.json,data_raw/cn_official_legacy/round_05/raw/api/items/cp/139140141/votesex.json,data_raw/cn_official_legacy/round_05/raw/api/items/cp/139140141/votegeo.json,data_raw/cn_official_legacy/round_05/raw/api/items/cp/139140141/votepaper.json,True
5,cp,140140000,data_raw/cn_official_legacy/round_05/raw/api/items/cp/140140000/votedate.json,data_raw/cn_official_legacy/round_05/raw/api/items/cp/140140000/votesex.json,data_raw/cn_official_legacy/round_05/raw/api/items/cp/140140000/votegeo.json,data_raw/cn_official_legacy/round_05/raw/api/items/cp/140140000/votepaper.json,True
5,cp,142143000,data_raw/cn_official_legacy/round_05/raw/api/items/cp/142143000/votedate.json,data_raw/cn_official_legacy/round_05/raw/api/items/cp/142143000/votesex.json,data_raw/cn_official_legacy/round_05/raw/api/items/cp/142143000/votegeo.json,data_raw/cn_official_legacy/round_05/raw/api/items/cp/142143000/votepaper.json,True
5,cp,147148000,data_raw/cn_official_legacy/round_05/raw/api/items/cp/147148000/votedate.json,data_raw/cn_official_legacy/round_05/raw/api/items/cp/147148000/votesex.json,data_raw/cn_official_legacy/round_05/raw/api/items/cp/147148000/votegeo.json,data_raw/cn_official_legacy/round_05/raw/api/items/cp/147148000/votepaper.json,True
5,cp,148151000,data_raw/cn_official_legacy/round_05/raw/api/items/cp/148151000/votedate.json,data_raw/cn_official_legacy/round_05/raw/api/items/cp/148151000/votesex.json,data_raw/cn_official_legacy/round_05/raw/api/items/cp/148151000/votegeo.json,data_raw/cn_official_legacy/round_05/raw/api/items/cp/148151000/votepaper.json,True
5,cp,149150000,data_raw/cn_official_legacy/round_05/raw/api/items/cp/149150000/votedate.json,data_raw/cn_official_legacy/round_05/raw/api/items/cp/149150000/votesex.json,data_raw/cn_official_legacy/round_05/raw/api/items/cp/149150000/votegeo.json,data_raw/cn_official_legacy/round_05/raw/api/items/cp/149150000/votepaper.json,True
5,cp,151191200,data_raw/cn_official_legacy/round_05/raw/api/items/cp/151191200/votedate.json,data_raw/cn_official_legacy/round_05/raw/api/items/cp/151191200/votesex.json,data_raw/cn_official_legacy/round_05/raw/api/items/cp/151191200/votegeo.json,data_raw/cn_official_legacy/round_05/raw/api/items/cp/151191200/votepaper.json,True
5,cp,156168189,data_raw/cn_official_legacy/round_05/raw/api/items/cp/156168189/votedate.json,data_raw/cn_official_legacy/round_05/raw/api/items/cp/156168189/votesex.json,data_raw/cn_official_legacy/round_05/raw/api/items/cp/156168189/votegeo.json,data_raw/cn_official_legacy/round_05/raw/api/items/cp/156168189/votepaper.json,True
5,cp,159161191,data_raw/cn_official_legacy/round_05/raw/api/items/cp/159161191/votedate.json,data_raw/cn_official_legacy/round_05/raw/api/items/cp/159161191/votesex.json,data_raw/cn_official_legacy/round_05/raw/api/items/cp/159161191/votegeo.json,data_raw/cn_official_legacy/round_05/raw/api/items/cp/159161191/votepaper.json,True
5,cp,159178193,data_raw/cn_official_legacy/round_05/raw/api/items/cp/159178193/votedate.json,data_raw/cn_official_legacy/round_05/raw/api/items/cp/159178193/votesex.json,data_raw/cn_official_legacy/round_05/raw/api/items/cp/159178193/votegeo.json,data_raw/cn_official_legacy/round_05/raw/api/items/cp/159178193/votepaper.json,True
5,cp,159181182,data_raw/cn_official_legacy/round_05/raw/api/items/cp/159181182/votedate.json,data_raw/cn_official_legacy/round_05/raw/api/items/cp/159181182/votesex.json,data_raw/cn_official_legacy/round_05/raw/api/items/cp/159181182/votegeo.json,data_raw/cn_official_legacy/round_05/raw/api/items/cp/159181182/votepaper.json,True
5,cp,162171000,data_raw/cn_official_legacy/round_05/raw/api/items/cp/162171000/votedate.json,data_raw/cn_official_legacy/round_05/raw/api/items/cp/162171000/votesex.json,data_raw/cn_official_legacy/round_05/raw/api/items/cp/162171000/votegeo.json,data_raw/cn_official_legacy/round_05/raw/api/items/cp/162171000/votepaper.json,True
5,cp,166171178,data_raw/cn_official_legacy/round_05/raw/api/items/cp/166171178/votedate.json,data_raw/cn_official_legacy/round_05/raw/api/items/cp/166171178/votesex.json,data_raw/cn_official_legacy/round_05/raw/api/items/cp/166171178/votegeo.json,data_raw/cn_official_legacy/round_05/raw/api/items/cp/166171178/votepaper.json,True
5,cp,178193000,data_raw/cn_official_legacy/round_05/raw/api/items/cp/178193000/votedate.json,data_raw/cn_official_legacy/round_05/raw/api/items/cp/178193000/votesex.json,data_raw/cn_official_legacy/round_05/raw/api/items/cp/178193000/votegeo.json,data_raw/cn_official_legacy/round_05/raw/api/items/cp/178193000/votepaper.json,True
5,cp,178193194,data_raw/cn_official_legacy/round_05/raw/api/items/cp/178193194/votedate.json,data_raw/cn_official_legacy/round_05/raw/api/items/cp/178193194/votesex.json,data_raw/cn_official_legacy/round_05/raw/api/items/cp/178193194/votegeo.json,data_raw/cn_official_legacy/round_05/raw/api/items/cp/178193194/votepaper.json,True
5,cp,178194000,data_raw/cn_official_legacy/round_05/raw/api/items/cp/178194000/votedate.json,data_raw/cn_official_legacy/round_05/raw/api/items/cp/178194000/votesex.json,data_raw/cn_official_legacy/round_05/raw/api/items/cp/178194000/votegeo.json,data_raw/cn_official_legacy/round_05/raw/api/items/cp/178194000/votepaper.json,True
5,cp,178194197,data_raw/cn_official_legacy/round_05/raw/api/items/cp/178194197/votedate.json,data_raw/cn_official_legacy/round_05/raw/api/items/cp/178194197/votesex.json,data_raw/cn_official_legacy/round_05/raw/api/items/cp/178194197/votegeo.json,data_raw/cn_official_legacy/round_05/raw/api/items/cp/178194197/votepaper.json,True
5,cp,178195000,data_raw/cn_official_legacy/round_05/raw/api/items/cp/178195000/votedate.json,data_raw/cn_official_legacy/round_05/raw/api/items/cp/178195000/votesex.json,data_raw/cn_official_legacy/round_05/raw/api/items/cp/178195000/votegeo.json,data_raw/cn_official_legacy/round_05/raw/api/items/cp/178195000/votepaper.json,True
5,cp,179179000,data_raw/cn_official_legacy/round_05/raw/api/items/cp/179179000/votedate.json,data_raw/cn_official_legacy/round_05/raw/api/items/cp/179179000/votesex.json,data_raw/cn_official_legacy/round_05/raw/api/items/cp/179179000/votegeo.json,data_raw/cn_official_legacy/round_05/raw/api/items/cp/179179000/votepaper.json,True
5,cp,179180000,data_raw/cn_official_legacy/round_05/raw/api/items/cp/179180000/votedate.json,data_raw/cn_official_legacy/round_05/raw/api/items/cp/179180000/votesex.json,data_raw/cn_official_legacy/round_05/raw/api/items/cp/179180000/votegeo.json,data_raw/cn_official_legacy/round_05/raw/api/items/cp/179180000/votepaper.json,True
5,cp,179180181,data_raw/cn_official_legacy/round_05/raw/api/items/cp/179180181/votedate.json,data_raw/cn_official_legacy/round_05/raw/api/items/cp/179180181/votesex.json,data_raw/cn_official_legacy/round_05/raw/api/items/cp/179180181/votegeo.json,data_raw/cn_official_legacy/round_05/raw/api/items/cp/179180181/votepaper.json,True
5,cp,179180182,data_raw/cn_official_legacy/round_05/raw/api/items/cp/179180182/votedate.json,data_raw/cn_official_legacy/round_05/raw/api/items/cp/179180182/votesex.json,data_raw/cn_official_legacy/round_05/raw/api/items/cp/179180182/votegeo.json,data_raw/cn_official_legacy/round_05/raw/api/items/cp/179180182/votepaper.json,True
5,cp,179180185,data_raw/cn_official_legacy/round_05/raw/api/items/cp/179180185/votedate.json,data_raw/cn_official_legacy/round_05/raw/api/items/cp/179180185/votesex.json,data_raw/cn_official_legacy/round_05/raw/api/items/cp/179180185/votegeo.json,data_raw/cn_official_legacy/round_05/raw/api/items/cp/179180185/votepaper.json,True
5,cp,179181000,data_raw/cn_official_legacy/round_05/raw/api/items/cp/179181000/votedate.json,data_raw/cn_official_legacy/round_05/raw/api/items/cp/179181000/votesex.json,data_raw/cn_official_legacy/round_05/raw/api/items/cp/179181000/votegeo.json,data_raw/cn_official_legacy/round_05/raw/api/items/cp/179181000/votepaper.json,True
5,cp,179182184,data_raw/cn_official_legacy/round_05/raw/api/items/cp/179182184/votedate.json,data_raw/cn_official_legacy/round_05/raw/api/items/cp/179182184/votesex.json,data_raw/cn_official_legacy/round_05/raw/api/items/cp/179182184/votegeo.json,data_raw/cn_official_legacy/round_05/raw/api/items/cp/179182184/votepaper.json,True
5,cp,179182188,data_raw/cn_official_legacy/round_05/raw/api/items/cp/179182188/votedate.json,data_raw/cn_official_legacy/round_05/raw/api/items/cp/179182188/votesex.json,data_raw/cn_official_legacy/round_05/raw/api/items/cp/179182188/votegeo.json,data_raw/cn_official_legacy/round_05/raw/api/items/cp/179182188/votepaper.json,True
5,cp,179185000,data_raw/cn_official_legacy/round_05/raw/api/items/cp/179185000/votedate.json,data_raw/cn_official_legacy/round_05/raw/api/items/cp/179185000/votesex.json,data_raw/cn_official_legacy/round_05/raw/api/items/cp/179185000/votegeo.json,data_raw/cn_official_legacy/round_05/raw/api/items/cp/179185000/votepaper.json,True
5,cp,179186000,data_raw/cn_official_legacy/round_05/raw/api/items/cp/179186000/votedate.json,data_raw/cn_official_legacy/round_05/raw/api/items/cp/179186000/votesex.json,data_raw/cn_official_legacy/round_05/raw/api/items/cp/179186000/votegeo.json,data_raw/cn_official_legacy/round_05/raw/api/items/cp/179186000/votepaper.json,True
5,cp,180180000,data_raw/cn_official_legacy/round_05/raw/api/items/cp/180180000/votedate.json,data_raw/cn_official_legacy/round_05/raw/api/items/cp/180180000/votesex.json,data_raw/cn_official_legacy/round_05/raw/api/items/cp/180180000/votegeo.json,data_raw/cn_official_legacy/round_05/raw/api/items/cp/180180000/votepaper.json,True
5,cp,180181182,data_raw/cn_official_legacy/round_05/raw/api/items/cp/180181182/votedate.json,data_raw/cn_official_legacy/round_05/raw/api/items/cp/180181182/votesex.json,data_raw/cn_official_legacy/round_05/raw/api/items/cp/180181182/votegeo.json,data_raw/cn_official_legacy/round_05/raw/api/items/cp/180181182/votepaper.json,True
5,cp,181185188,data_raw/cn_official_legacy/round_05/raw/api/items/cp/181185188/votedate.json,data_raw/cn_official_legacy/round_05/raw/api/items/cp/181185188/votesex.json,data_raw/cn_official_legacy/round_05/raw/api/items/cp/181185188/votegeo.json,data_raw/cn_official_legacy/round_05/raw/api/items/cp/181185188/votepaper.json,True
5,cp,183183000,data_raw/cn_official_legacy/round_05/raw/api/items/cp/183183000/votedate.json,data_raw/cn_official_legacy/round_05/raw/api/items/cp/183183000/votesex.json,data_raw/cn_official_legacy/round_05/raw/api/items/cp/183183000/votegeo.json,data_raw/cn_official_legacy/round_05/raw/api/items/cp/183183000/votepaper.json,True
5,cp,189200000,data_raw/cn_official_legacy/round_05/raw/api/items/cp/189200000/votedate.json,data_raw/cn_official_legacy/round_05/raw/api/items/cp/189200000/votesex.json,data_raw/cn_official_legacy/round_05/raw/api/items/cp/189200000/votegeo.json,data_raw/cn_official_legacy/round_05/raw/api/items/cp/189200000/votepaper.json,True
5,cp,190193000,data_raw/cn_official_legacy/round_05/raw/api/items/cp/190193000/votedate.json,data_raw/cn_official_legacy/round_05/raw/api/items/cp/190193000/votesex.json,data_raw/cn_official_legacy/round_05/raw/api/items/cp/190193000/votegeo.json,data_raw/cn_official_legacy/round_05/raw/api/items/cp/190193000/votepaper.json,True
5,cp,191191000,data_raw/cn_official_legacy/round_05/raw/api/items/cp/191191000/votedate.json,data_raw/cn_official_legacy/round_05/raw/api/items/cp/191191000/votesex.json,data_raw/cn_official_legacy/round_05/raw/api/items/cp/191191000/votegeo.json,data_raw/cn_official_legacy/round_05/raw/api/items/cp/191191000/votepaper.json,True
5,cp,192193000,data_raw/cn_official_legacy/round_05/raw/api/items/cp/192193000/votedate.json,data_raw/cn_official_legacy/round_05/raw/api/items/cp/192193000/votesex.json,data_raw/cn_official_legacy/round_05/raw/api/items/cp/192193000/votegeo.json,data_raw/cn_official_legacy/round_05/raw/api/items/cp/192193000/votepaper.json,True
5,cp,192200000,data_raw/cn_official_legacy/round_05/raw/api/items/cp/192200000/votedate.json,data_raw/cn_official_legacy/round_05/raw/api/items/cp/192200000/votesex.json,data_raw/cn_official_legacy/round_05/raw/api/items/cp/192200000/votegeo.json,data_raw/cn_official_legacy/round_05/raw/api/items/cp/192200000/votepaper.json,True
5,cp,193197000,data_raw/cn_official_legacy/round_05/raw/api/items/cp/193197000/votedate.json,data_raw/cn_official_legacy/round_05/raw/api/items/cp/193197000/votesex.json,data_raw/cn_official_legacy/round_05/raw/api/items/cp/193197000/votegeo.json,data_raw/cn_official_legacy/round_05/raw/api/items/cp/193197000/votepaper.json,True
5,cp,197198000,data_raw/cn_official_legacy/round_05/raw/api/items/cp/197198000/votedate.json,data_raw/cn_official_legacy/round_05/raw/api/items/cp/197198000/votesex.json,data_raw/cn_official_legacy/round_05/raw/api/items/cp/197198000/votegeo.json,data_raw/cn_official_legacy/round_05/raw/api/items/cp/197198000/votepaper.json,True
5,cp,199199000,data_raw/cn_official_legacy/round_05/raw/api/items/cp/199199000/votedate.json,data_raw/cn_official_legacy/round_05/raw/api/items/cp/199199000/votesex.json,data_raw/cn_official_legacy/round_05/raw/api/items/cp/199199000/votegeo.json,data_raw/cn_official_legacy/round_05/raw/api/items/cp/199199000/votepaper.json,True
5,music,1,data_raw/cn_official_legacy/round_05/raw/api/items/music/1/votedate.json,data_raw/cn_official_legacy/round_05/raw/api/items/music/1/votesex.json,data_raw/cn_official_legacy/round_05/raw/api/items/music/1/votegeo.json,data_raw/cn_official_legacy/round_05/raw/api/items/music/1/votepaper.json,True
5,music,2,data_raw/cn_official_legacy/round_05/raw/api/items/music/2/votedate.json,data_raw/cn_official_legacy/round_05/raw/api/items/music/2/votesex.json,data_raw/cn_official_legacy/round_05/raw/api/items/music/2/votegeo.json,data_raw/cn_official_legacy/round_05/raw/api/items/music/2/votepaper.json,True
5,music,3,data_raw/cn_official_legacy/round_05/raw/api/items/music/3/votedate.json,data_raw/cn_official_legacy/round_05/raw/api/items/music/3/votesex.json,data_raw/cn_official_legacy/round_05/raw/api/items/music/3/votegeo.json,data_raw/cn_official_legacy/round_05/raw/api/items/music/3/votepaper.json,True
5,music,4,data_raw/cn_official_legacy/round_05/raw/api/items/music/4/votedate.json,data_raw/cn_official_legacy/round_05/raw/api/items/music/4/votesex.json,data_raw/cn_official_legacy/round_05/raw/api/items/music/4/votegeo.json,data_raw/cn_official_legacy/round_05/raw/api/items/music/4/votepaper.json,True
5,music,5,data_raw/cn_official_legacy/round_05/raw/api/items/music/5/votedate.json,data_raw/cn_official_legacy/round_05/raw/api/items/music/5/votesex.json,data_raw/cn_official_legacy/round_05/raw/api/items/music/5/votegeo.json,data_raw/cn_official_legacy/round_05/raw/api/items/music/5/votepaper.json,True
5,music,6,data_raw/cn_official_legacy/round_05/raw/api/items/music/6/votedate.json,data_raw/cn_official_legacy/round_05/raw/api/items/music/6/votesex.json,data_raw/cn_official_legacy/round_05/raw/api/items/music/6/votegeo.json,data_raw/cn_official_legacy/round_05/raw/api/items/music/6/votepaper.json,True
5,music,7,data_raw/cn_official_legacy/round_05/raw/api/items/music/7/votedate.json,data_raw/cn_official_legacy/round_05/raw/api/items/music/7/votesex.json,data_raw/cn_official_legacy/round_05/raw/api/items/music/7/votegeo.json,data_raw/cn_official_legacy/round_05/raw/api/items/music/7/votepaper.json,True
5,music,8,data_raw/cn_official_legacy/round_05/raw/api/items/music/8/votedate.json,data_raw/cn_official_legacy/round_05/raw/api/items/music/8/votesex.json,data_raw/cn_official_legacy/round_05/raw/api/items/music/8/votegeo.json,data_raw/cn_official_legacy/round_05/raw/api/items/music/8/votepaper.json,True
5,music,9,data_raw/cn_official_legacy/round_05/raw/api/items/music/9/votedate.json,data_raw/cn_official_legacy/round_05/raw/api/items/music/9/votesex.json,data_raw/cn_official_legacy/round_05/raw/api/items/music/9/votegeo.json,data_raw/cn_official_legacy/round_05/raw/api/items/music/9/votepaper.json,True
5,music,10,data_raw/cn_official_legacy/round_05/raw/api/items/music/10/votedate.json,data_raw/cn_official_legacy/round_05/raw/api/items/music/10/votesex.json,data_raw/cn_official_legacy/round_05/raw/api/items/music/10/votegeo.json,data_raw/cn_official_legacy/round_05/raw/api/items/music/10/votepaper.json,True
5,music,11,data_raw/cn_official_legacy/round_05/raw/api/items/music/11/votedate.json,data_raw/cn_official_legacy/round_05/raw/api/items/music/11/votesex.json,data_raw/cn_official_legacy/round_05/raw/api/items/music/11/votegeo.json,data_raw/cn_official_legacy/round_05/raw/api/items/music/11/votepaper.json,True
5,music,12,data_raw/cn_official_legacy/round_05/raw/api/items/music/12/votedate.json,data_raw/cn_official_legacy/round_05/raw/api/items/music/12/votesex.json,data_raw/cn_official_legacy/round_05/raw/api/items/music/12/votegeo.json,data_raw/cn_official_legacy/round_05/raw/api/items/music/12/votepaper.json,True
5,music,13,data_raw/cn_official_legacy/round_05/raw/api/items/music/13/votedate.json,data_raw/cn_official_legacy/round_05/raw/api/items/music/13/votesex.json,data_raw/cn_official_legacy/round_05/raw/api/items/music/13/votegeo.json,data_raw/cn_official_legacy/round_05/raw/api/items/music/13/votepaper.json,True
5,music,14,data_raw/cn_official_legacy/round_05/raw/api/items/music/14/votedate.json,data_raw/cn_official_legacy/round_05/raw/api/items/music/14/votesex.json,data_raw/cn_official_legacy/round_05/raw/api/items/music/14/votegeo.json,data_raw/cn_official_legacy/round_05/raw/api/items/music/14/votepaper.json,True
5,music,15,data_raw/cn_official_legacy/round_05/raw/api/items/music/15/votedate.json,data_raw/cn_official_legacy/round_05/raw/api/items/music/15/votesex.json,data_raw/cn_official_legacy/round_05/raw/api/items/music/15/votegeo.json,data_raw/cn_official_legacy/round_05/raw/api/items/music/15/votepaper.json,True
5,music,16,data_raw/cn_official_legacy/round_05/raw/api/items/music/16/votedate.json,data_raw/cn_official_legacy/round_05/raw/api/items/music/16/votesex.json,data_raw/cn_official_legacy/round_05/raw/api/items/music/16/votegeo.json,data_raw/cn_official_legacy/round_05/raw/api/items/music/16/votepaper.json,True
5,music,17,data_raw/cn_official_legacy/round_05/raw/api/items/music/17/votedate.json,data_raw/cn_official_legacy/round_05/raw/api/items/music/17/votesex.json,data_raw/cn_official_legacy/round_05/raw/api/items/music/17/votegeo.json,data_raw/cn_official_legacy/round_05/raw/api/items/music/17/votepaper.json,True
5,music,18,data_raw/cn_official_legacy/round_05/raw/api/items/music/18/votedate.json,data_raw/cn_official_legacy/round_05/raw/api/items/music/18/votesex.json,data_raw/cn_official_legacy/round_05/raw/api/items/music/18/votegeo.json,data_raw/cn_official_legacy/round_05/raw/api/items/music/18/votepaper.json,True
5,music,19,data_raw/cn_official_legacy/round_05/raw/api/items/music/19/votedate.json,data_raw/cn_official_legacy/round_05/raw/api/items/music/19/votesex.json,data_raw/cn_official_legacy/round_05/raw/api/items/music/19/votegeo.json,data_raw/cn_official_legacy/round_05/raw/api/items/music/19/votepaper.json,True
5,music,20,data_raw/cn_official_legacy/round_05/raw/api/items/music/20/votedate.json,data_raw/cn_official_legacy/round_05/raw/api/items/music/20/votesex.json,data_raw/cn_official_legacy/round_05/raw/api/items/music/20/votegeo.json,data_raw/cn_official_legacy/round_05/raw/api/items/music/20/votepaper.json,True
5,music,21,data_raw/cn_official_legacy/round_05/raw/api/items/music/21/votedate.json,data_raw/cn_official_legacy/round_05/raw/api/items/music/21/votesex.json,data_raw/cn_official_legacy/round_05/raw/api/items/music/21/votegeo.json,data_raw/cn_official_legacy/round_05/raw/api/items/music/21/votepaper.json,True
5,music,22,data_raw/cn_official_legacy/round_05/raw/api/items/music/22/votedate.json,data_raw/cn_official_legacy/round_05/raw/api/items/music/22/votesex.json,data_raw/cn_official_legacy/round_05/raw/api/items/music/22/votegeo.json,data_raw/cn_official_legacy/round_05/raw/api/items/music/22/votepaper.json,True
5,music,23,data_raw/cn_official_legacy/round_05/raw/api/items/music/23/votedate.json,data_raw/cn_official_legacy/round_05/raw/api/items/music/23/votesex.json,data_raw/cn_official_legacy/round_05/raw/api/items/music/23/votegeo.json,data_raw/cn_official_legacy/round_05/raw/api/items/music/23/votepaper.json,True
5,music,24,data_raw/cn_official_legacy/round_05/raw/api/items/music/24/votedate.json,data_raw/cn_official_legacy/round_05/raw/api/items/music/24/votesex.json,data_raw/cn_official_legacy/round_05/raw/api/items/music/24/votegeo.json,data_raw/cn_official_legacy/round_05/raw/api/items/music/24/votepaper.json,True
5,music,25,data_raw/cn_official_legacy/round_05/raw/api/items/music/25/votedate.json,data_raw/cn_official_legacy/round_05/raw/api/items/music/25/votesex.json,data_raw/cn_official_legacy/round_05/raw/api/items/music/25/votegeo.json,data_raw/cn_official_legacy/round_05/raw/api/items/music/25/votepaper.json,True
5,music,26,data_raw/cn_official_legacy/round_05/raw/api/items/music/26/votedate.json,data_raw/cn_official_legacy/round_05/raw/api/items/music/26/votesex.json,data_raw/cn_official_legacy/round_05/raw/api/items/music/26/votegeo.json,data_raw/cn_official_legacy/round_05/raw/api/items/music/26/votepaper.json,True
5,music,27,data_raw/cn_official_legacy/round_05/raw/api/items/music/27/votedate.json,data_raw/cn_official_legacy/round_05/raw/api/items/music/27/votesex.json,data_raw/cn_official_legacy/round_05/raw/api/items/music/27/votegeo.json,data_raw/cn_official_legacy/round_05/raw/api/items/music/27/votepaper.json,True
5,music,28,data_raw/cn_official_legacy/round_05/raw/api/items/music/28/votedate.json,data_raw/cn_official_legacy/round_05/raw/api/items/music/28/votesex.json,data_raw/cn_official_legacy/round_05/raw/api/items/music/28/votegeo.json,data_raw/cn_official_legacy/round_05/raw/api/items/music/28/votepaper.json,True
5,music,29,data_raw/cn_official_legacy/round_05/raw/api/items/music/29/votedate.json,data_raw/cn_official_legacy/round_05/raw/api/items/music/29/votesex.json,data_raw/cn_official_legacy/round_05/raw/api/items/music/29/votegeo.json,data_raw/cn_official_legacy/round_05/raw/api/items/music/29/votepaper.json,True
5,music,30,data_raw/cn_official_legacy/round_05/raw/api/items/music/30/votedate.json,data_raw/cn_official_legacy/round_05/raw/api/items/music/30/votesex.json,data_raw/cn_official_legacy/round_05/raw/api/items/music/30/votegeo.json,data_raw/cn_official_legacy/round_05/raw/api/items/music/30/votepaper.json,True
5,music,31,data_raw/cn_official_legacy/round_05/raw/api/items/music/31/votedate.json,data_raw/cn_official_legacy/round_05/raw/api/items/music/31/votesex.json,data_raw/cn_official_legacy/round_05/raw/api/items/music/31/votegeo.json,data_raw/cn_official_legacy/round_05/raw/api/items/music/31/votepaper.json,True
5,music,32,data_raw/cn_official_legacy/round_05/raw/api/items/music/32/votedate.json,data_raw/cn_official_legacy/round_05/raw/api/items/music/32/votesex.json,data_raw/cn_official_legacy/round_05/raw/api/items/music/32/votegeo.json,data_raw/cn_official_legacy/round_05/raw/api/items/music/32/votepaper.json,True
5,music,33,data_raw/cn_official_legacy/round_05/raw/api/items/music/33/votedate.json,data_raw/cn_official_legacy/round_05/raw/api/items/music/33/votesex.json,data_raw/cn_official_legacy/round_05/raw/api/items/music/33/votegeo.json,data_raw/cn_official_legacy/round_05/raw/api/items/music/33/votepaper.json,True
5,music,34,data_raw/cn_official_legacy/round_05/raw/api/items/music/34/votedate.json,data_raw/cn_official_legacy/round_05/raw/api/items/music/34/votesex.json,data_raw/cn_official_legacy/round_05/raw/api/items/music/34/votegeo.json,data_raw/cn_official_legacy/round_05/raw/api/items/music/34/votepaper.json,True
5,music,35,data_raw/cn_official_legacy/round_05/raw/api/items/music/35/votedate.json,data_raw/cn_official_legacy/round_05/raw/api/items/music/35/votesex.json,data_raw/cn_official_legacy/round_05/raw/api/items/music/35/votegeo.json,data_raw/cn_official_legacy/round_05/raw/api/items/music/35/votepaper.json,True
5,music,36,data_raw/cn_official_legacy/round_05/raw/api/items/music/36/votedate.json,data_raw/cn_official_legacy/round_05/raw/api/items/music/36/votesex.json,data_raw/cn_official_legacy/round_05/raw/api/items/music/36/votegeo.json,data_raw/cn_official_legacy/round_05/raw/api/items/music/36/votepaper.json,True
5,music,37,data_raw/cn_official_legacy/round_05/raw/api/items/music/37/votedate.json,data_raw/cn_official_legacy/round_05/raw/api/items/music/37/votesex.json,data_raw/cn_official_legacy/round_05/raw/api/items/music/37/votegeo.json,data_raw/cn_official_legacy/round_05/raw/api/items/music/37/votepaper.json,True
5,music,38,data_raw/cn_official_legacy/round_05/raw/api/items/music/38/votedate.json,data_raw/cn_official_legacy/round_05/raw/api/items/music/38/votesex.json,data_raw/cn_official_legacy/round_05/raw/api/items/music/38/votegeo.json,data_raw/cn_official_legacy/round_05/raw/api/items/music/38/votepaper.json,True
5,music,39,data_raw/cn_official_legacy/round_05/raw/api/items/music/39/votedate.json,data_raw/cn_official_legacy/round_05/raw/api/items/music/39/votesex.json,data_raw/cn_official_legacy/round_05/raw/api/items/music/39/votegeo.json,data_raw/cn_official_legacy/round_05/raw/api/items/music/39/votepaper.json,True
5,music,40,data_raw/cn_official_legacy/round_05/raw/api/items/music/40/votedate.json,data_raw/cn_official_legacy/round_05/raw/api/items/music/40/votesex.json,data_raw/cn_official_legacy/round_05/raw/api/items/music/40/votegeo.json,data_raw/cn_official_legacy/round_05/raw/api/items/music/40/votepaper.json,True
5,music,41,data_raw/cn_official_legacy/round_05/raw/api/items/music/41/votedate.json,data_raw/cn_official_legacy/round_05/raw/api/items/music/41/votesex.json,data_raw/cn_official_legacy/round_05/raw/api/items/music/41/votegeo.json,data_raw/cn_official_legacy/round_05/raw/api/items/music/41/votepaper.json,True
5,music,42,data_raw/cn_official_legacy/round_05/raw/api/items/music/42/votedate.json,data_raw/cn_official_legacy/round_05/raw/api/items/music/42/votesex.json,data_raw/cn_official_legacy/round_05/raw/api/items/music/42/votegeo.json,data_raw/cn_official_legacy/round_05/raw/api/items/music/42/votepaper.json,True
5,music,43,data_raw/cn_official_legacy/round_05/raw/api/items/music/43/votedate.json,data_raw/cn_official_legacy/round_05/raw/api/items/music/43/votesex.json,data_raw/cn_official_legacy/round_05/raw/api/items/music/43/votegeo.json,data_raw/cn_official_legacy/round_05/raw/api/items/music/43/votepaper.json,True
5,music,44,data_raw/cn_official_legacy/round_05/raw/api/items/music/44/votedate.json,data_raw/cn_official_legacy/round_05/raw/api/items/music/44/votesex.json,data_raw/cn_official_legacy/round_05/raw/api/items/music/44/votegeo.json,data_raw/cn_official_legacy/round_05/raw/api/items/music/44/votepaper.json,True
5,music,45,data_raw/cn_official_legacy/round_05/raw/api/items/music/45/votedate.json,data_raw/cn_official_legacy/round_05/raw/api/items/music/45/votesex.json,data_raw/cn_official_legacy/round_05/raw/api/items/music/45/votegeo.json,data_raw/cn_official_legacy/round_05/raw/api/items/music/45/votepaper.json,True
5,music,46,data_raw/cn_official_legacy/round_05/raw/api/items/music/46/votedate.json,data_raw/cn_official_legacy/round_05/raw/api/items/music/46/votesex.json,data_raw/cn_official_legacy/round_05/raw/api/items/music/46/votegeo.json,data_raw/cn_official_legacy/round_05/raw/api/items/music/46/votepaper.json,True
5,music,47,data_raw/cn_official_legacy/round_05/raw/api/items/music/47/votedate.json,data_raw/cn_official_legacy/round_05/raw/api/items/music/47/votesex.json,data_raw/cn_official_legacy/round_05/raw/api/items/music/47/votegeo.json,data_raw/cn_official_legacy/round_05/raw/api/items/music/47/votepaper.json,True
5,music,48,data_raw/cn_official_legacy/round_05/raw/api/items/music/48/votedate.json,data_raw/cn_official_legacy/round_05/raw/api/items/music/48/votesex.json,data_raw/cn_official_legacy/round_05/raw/api/items/music/48/votegeo.json,data_raw/cn_official_legacy/round_05/raw/api/items/music/48/votepaper.json,True
5,music,49,data_raw/cn_official_legacy/round_05/raw/api/items/music/49/votedate.json,data_raw/cn_official_legacy/round_05/raw/api/items/music/49/votesex.json,data_raw/cn_official_legacy/round_05/raw/api/items/music/49/votegeo.json,data_raw/cn_official_legacy/round_05/raw/api/items/music/49/votepaper.json,True
5,music,50,data_raw/cn_official_legacy/round_05/raw/api/items/music/50/votedate.json,data_raw/cn_official_legacy/round_05/raw/api/items/music/50/votesex.json,data_raw/cn_official_legacy/round_05/raw/api/items/music/50/votegeo.json,data_raw/cn_official_legacy/round_05/raw/api/items/music/50/votepaper.json,True
5,music,51,data_raw/cn_official_legacy/round_05/raw/api/items/music/51/votedate.json,data_raw/cn_official_legacy/round_05/raw/api/items/music/51/votesex.json,data_raw/cn_official_legacy/round_05/raw/api/items/music/51/votegeo.json,data_raw/cn_official_legacy/round_05/raw/api/items/music/51/votepaper.json,True
5,music,52,data_raw/cn_official_legacy/round_05/raw/api/items/music/52/votedate.json,data_raw/cn_official_legacy/round_05/raw/api/items/music/52/votesex.json,data_raw/cn_official_legacy/round_05/raw/api/items/music/52/votegeo.json,data_raw/cn_official_legacy/round_05/raw/api/items/music/52/votepaper.json,True
5,music,53,data_raw/cn_official_legacy/round_05/raw/api/items/music/53/votedate.json,data_raw/cn_official_legacy/round_05/raw/api/items/music/53/votesex.json,data_raw/cn_official_legacy/round_05/raw/api/items/music/53/votegeo.json,data_raw/cn_official_legacy/round_05/raw/api/items/music/53/votepaper.json,True
5,music,54,data_raw/cn_official_legacy/round_05/raw/api/items/music/54/votedate.json,data_raw/cn_official_legacy/round_05/raw/api/items/music/54/votesex.json,data_raw/cn_official_legacy/round_05/raw/api/items/music/54/votegeo.json,data_raw/cn_official_legacy/round_05/raw/api/items/music/54/votepaper.json,True
5,music,55,data_raw/cn_official_legacy/round_05/raw/api/items/music/55/votedate.json,data_raw/cn_official_legacy/round_05/raw/api/items/music/55/votesex.json,data_raw/cn_official_legacy/round_05/raw/api/items/music/55/votegeo.json,data_raw/cn_official_legacy/round_05/raw/api/items/music/55/votepaper.json,True
5,music,56,data_raw/cn_official_legacy/round_05/raw/api/items/music/56/votedate.json,data_raw/cn_official_legacy/round_05/raw/api/items/music/56/votesex.json,data_raw/cn_official_legacy/round_05/raw/api/items/music/56/votegeo.json,data_raw/cn_official_legacy/round_05/raw/api/items/music/56/votepaper.json,True
5,music,57,data_raw/cn_official_legacy/round_05/raw/api/items/music/57/votedate.json,data_raw/cn_official_legacy/round_05/raw/api/items/music/57/votesex.json,data_raw/cn_official_legacy/round_05/raw/api/items/music/57/votegeo.json,data_raw/cn_official_legacy/round_05/raw/api/items/music/57/votepaper.json,True
5,music,58,data_raw/cn_official_legacy/round_05/raw/api/items/music/58/votedate.json,data_raw/cn_official_legacy/round_05/raw/api/items/music/58/votesex.json,data_raw/cn_official_legacy/round_05/raw/api/items/music/58/votegeo.json,data_raw/cn_official_legacy/round_05/raw/api/items/music/58/votepaper.json,True
5,music,59,data_raw/cn_official_legacy/round_05/raw/api/items/music/59/votedate.json,data_raw/cn_official_legacy/round_05/raw/api/items/music/59/votesex.json,data_raw/cn_official_legacy/round_05/raw/api/items/music/59/votegeo.json,data_raw/cn_official_legacy/round_05/raw/api/items/music/59/votepaper.json,True
5,music,60,data_raw/cn_official_legacy/round_05/raw/api/items/music/60/votedate.json,data_raw/cn_official_legacy/round_05/raw/api/items/music/60/votesex.json,data_raw/cn_official_legacy/round_05/raw/api/items/music/60/votegeo.json,data_raw/cn_official_legacy/round_05/raw/api/items/music/60/votepaper.json,True
5,music,61,data_raw/cn_official_legacy/round_05/raw/api/items/music/61/votedate.json,data_raw/cn_official_legacy/round_05/raw/api/items/music/61/votesex.json,data_raw/cn_official_legacy/round_05/raw/api/items/music/61/votegeo.json,data_raw/cn_official_legacy/round_05/raw/api/items/music/61/votepaper.json,True
5,music,62,data_raw/cn_official_legacy/round_05/raw/api/items/music/62/votedate.json,data_raw/cn_official_legacy/round_05/raw/api/items/music/62/votesex.json,data_raw/cn_official_legacy/round_05/raw/api/items/music/62/votegeo.json,data_raw/cn_official_legacy/round_05/raw/api/items/music/62/votepaper.json,True
5,music,63,data_raw/cn_official_legacy/round_05/raw/api/items/music/63/votedate.json,data_raw/cn_official_legacy/round_05/raw/api/items/music/63/votesex.json,data_raw/cn_official_legacy/round_05/raw/api/items/music/63/votegeo.json,data_raw/cn_official_legacy/round_05/raw/api/items/music/63/votepaper.json,True
5,music,64,data_raw/cn_official_legacy/round_05/raw/api/items/music/64/votedate.json,data_raw/cn_official_legacy/round_05/raw/api/items/music/64/votesex.json,data_raw/cn_official_legacy/round_05/raw/api/items/music/64/votegeo.json,data_raw/cn_official_legacy/round_05/raw/api/items/music/64/votepaper.json,True
5,music,65,data_raw/cn_official_legacy/round_05/raw/api/items/music/65/votedate.json,data_raw/cn_official_legacy/round_05/raw/api/items/music/65/votesex.json,data_raw/cn_official_legacy/round_05/raw/api/items/music/65/votegeo.json,data_raw/cn_official_legacy/round_05/raw/api/items/music/65/votepaper.json,True
5,music,66,data_raw/cn_official_legacy/round_05/raw/api/items/music/66/votedate.json,data_raw/cn_official_legacy/round_05/raw/api/items/music/66/votesex.json,data_raw/cn_official_legacy/round_05/raw/api/items/music/66/votegeo.json,data_raw/cn_official_legacy/round_05/raw/api/items/music/66/votepaper.json,True
5,music,67,data_raw/cn_official_legacy/round_05/raw/api/items/music/67/votedate.json,data_raw/cn_official_legacy/round_05/raw/api/items/music/67/votesex.json,data_raw/cn_official_legacy/round_05/raw/api/items/music/67/votegeo.json,data_raw/cn_official_legacy/round_05/raw/api/items/music/67/votepaper.json,True
5,music,68,data_raw/cn_official_legacy/round_05/raw/api/items/music/68/votedate.json,data_raw/cn_official_legacy/round_05/raw/api/items/music/68/votesex.json,data_raw/cn_official_legacy/round_05/raw/api/items/music/68/votegeo.json,data_raw/cn_official_legacy/round_05/raw/api/items/music/68/votepaper.json,True
5,music,69,data_raw/cn_official_legacy/round_05/raw/api/items/music/69/votedate.json,data_raw/cn_official_legacy/round_05/raw/api/items/music/69/votesex.json,data_raw/cn_official_legacy/round_05/raw/api/items/music/69/votegeo.json,data_raw/cn_official_legacy/round_05/raw/api/items/music/69/votepaper.json,True
5,music,70,data_raw/cn_official_legacy/round_05/raw/api/items/music/70/votedate.json,data_raw/cn_official_legacy/round_05/raw/api/items/music/70/votesex.json,data_raw/cn_official_legacy/round_05/raw/api/items/music/70/votegeo.json,data_raw/cn_official_legacy/round_05/raw/api/items/music/70/votepaper.json,True
5,music,71,data_raw/cn_official_legacy/round_05/raw/api/items/music/71/votedate.json,data_raw/cn_official_legacy/round_05/raw/api/items/music/71/votesex.json,data_raw/cn_official_legacy/round_05/raw/api/items/music/71/votegeo.json,data_raw/cn_official_legacy/round_05/raw/api/items/music/71/votepaper.json,True
5,music,72,data_raw/cn_official_legacy/round_05/raw/api/items/music/72/votedate.json,data_raw/cn_official_legacy/round_05/raw/api/items/music/72/votesex.json,data_raw/cn_official_legacy/round_05/raw/api/items/music/72/votegeo.json,data_raw/cn_official_legacy/round_05/raw/api/items/music/72/votepaper.json,True
5,music,73,data_raw/cn_official_legacy/round_05/raw/api/items/music/73/votedate.json,data_raw/cn_official_legacy/round_05/raw/api/items/music/73/votesex.json,data_raw/cn_official_legacy/round_05/raw/api/items/music/73/votegeo.json,data_raw/cn_official_legacy/round_05/raw/api/items/music/73/votepaper.json,True
5,music,74,data_raw/cn_official_legacy/round_05/raw/api/items/music/74/votedate.json,data_raw/cn_official_legacy/round_05/raw/api/items/music/74/votesex.json,data_raw/cn_official_legacy/round_05/raw/api/items/music/74/votegeo.json,data_raw/cn_official_legacy/round_05/raw/api/items/music/74/votepaper.json,True
5,music,75,data_raw/cn_official_legacy/round_05/raw/api/items/music/75/votedate.json,data_raw/cn_official_legacy/round_05/raw/api/items/music/75/votesex.json,data_raw/cn_official_legacy/round_05/raw/api/items/music/75/votegeo.json,data_raw/cn_official_legacy/round_05/raw/api/items/music/75/votepaper.json,True
5,music,76,data_raw/cn_official_legacy/round_05/raw/api/items/music/76/votedate.json,data_raw/cn_official_legacy/round_05/raw/api/items/music/76/votesex.json,data_raw/cn_official_legacy/round_05/raw/api/items/music/76/votegeo.json,data_raw/cn_official_legacy/round_05/raw/api/items/music/76/votepaper.json,True
5,music,77,data_raw/cn_official_legacy/round_05/raw/api/items/music/77/votedate.json,data_raw/cn_official_legacy/round_05/raw/api/items/music/77/votesex.json,data_raw/cn_official_legacy/round_05/raw/api/items/music/77/votegeo.json,data_raw/cn_official_legacy/round_05/raw/api/items/music/77/votepaper.json,True
5,music,78,data_raw/cn_official_legacy/round_05/raw/api/items/music/78/votedate.json,data_raw/cn_official_legacy/round_05/raw/api/items/music/78/votesex.json,data_raw/cn_official_legacy/round_05/raw/api/items/music/78/votegeo.json,data_raw/cn_official_legacy/round_05/raw/api/items/music/78/votepaper.json,True
5,music,79,data_raw/cn_official_legacy/round_05/raw/api/items/music/79/votedate.json,data_raw/cn_official_legacy/round_05/raw/api/items/music/79/votesex.json,data_raw/cn_official_legacy/round_05/raw/api/items/music/79/votegeo.json,data_raw/cn_official_legacy/round_05/raw/api/items/music/79/votepaper.json,True
5,music,80,data_raw/cn_official_legacy/round_05/raw/api/items/music/80/votedate.json,data_raw/cn_official_legacy/round_05/raw/api/items/music/80/votesex.json,data_raw/cn_official_legacy/round_05/raw/api/items/music/80/votegeo.json,data_raw/cn_official_legacy/round_05/raw/api/items/music/80/votepaper.json,True
5,music,81,data_raw/cn_official_legacy/round_05/raw/api/items/music/81/votedate.json,data_raw/cn_official_legacy/round_05/raw/api/items/music/81/votesex.json,data_raw/cn_official_legacy/round_05/raw/api/items/music/81/votegeo.json,data_raw/cn_official_legacy/round_05/raw/api/items/music/81/votepaper.json,True
5,music,82,data_raw/cn_official_legacy/round_05/raw/api/items/music/82/votedate.json,data_raw/cn_official_legacy/round_05/raw/api/items/music/82/votesex.json,data_raw/cn_official_legacy/round_05/raw/api/items/music/82/votegeo.json,data_raw/cn_official_legacy/round_05/raw/api/items/music/82/votepaper.json,True
5,music,83,data_raw/cn_official_legacy/round_05/raw/api/items/music/83/votedate.json,data_raw/cn_official_legacy/round_05/raw/api/items/music/83/votesex.json,data_raw/cn_official_legacy/round_05/raw/api/items/music/83/votegeo.json,data_raw/cn_official_legacy/round_05/raw/api/items/music/83/votepaper.json,True
5,music,84,data_raw/cn_official_legacy/round_05/raw/api/items/music/84/votedate.json,data_raw/cn_official_legacy/round_05/raw/api/items/music/84/votesex.json,data_raw/cn_official_legacy/round_05/raw/api/items/music/84/votegeo.json,data_raw/cn_official_legacy/round_05/raw/api/items/music/84/votepaper.json,True
5,music,85,data_raw/cn_official_legacy/round_05/raw/api/items/music/85/votedate.json,data_raw/cn_official_legacy/round_05/raw/api/items/music/85/votesex.json,data_raw/cn_official_legacy/round_05/raw/api/items/music/85/votegeo.json,data_raw/cn_official_legacy/round_05/raw/api/items/music/85/votepaper.json,True
5,music,86,data_raw/cn_official_legacy/round_05/raw/api/items/music/86/votedate.json,data_raw/cn_official_legacy/round_05/raw/api/items/music/86/votesex.json,data_raw/cn_official_legacy/round_05/raw/api/items/music/86/votegeo.json,data_raw/cn_official_legacy/round_05/raw/api/items/music/86/votepaper.json,True
5,music,87,data_raw/cn_official_legacy/round_05/raw/api/items/music/87/votedate.json,data_raw/cn_official_legacy/round_05/raw/api/items/music/87/votesex.json,data_raw/cn_official_legacy/round_05/raw/api/items/music/87/votegeo.json,data_raw/cn_official_legacy/round_05/raw/api/items/music/87/votepaper.json,True
5,music,88,data_raw/cn_official_legacy/round_05/raw/api/items/music/88/votedate.json,data_raw/cn_official_legacy/round_05/raw/api/items/music/88/votesex.json,data_raw/cn_official_legacy/round_05/raw/api/items/music/88/votegeo.json,data_raw/cn_official_legacy/round_05/raw/api/items/music/88/votepaper.json,True
5,music,89,data_raw/cn_official_legacy/round_05/raw/api/items/music/89/votedate.json,data_raw/cn_official_legacy/round_05/raw/api/items/music/89/votesex.json,data_raw/cn_official_legacy/round_05/raw/api/items/music/89/votegeo.json,data_raw/cn_official_legacy/round_05/raw/api/items/music/89/votepaper.json,True
5,music,90,data_raw/cn_official_legacy/round_05/raw/api/items/music/90/votedate.json,data_raw/cn_official_legacy/round_05/raw/api/items/music/90/votesex.json,data_raw/cn_official_legacy/round_05/raw/api/items/music/90/votegeo.json,data_raw/cn_official_legacy/round_05/raw/api/items/music/90/votepaper.json,True
5,music,91,data_raw/cn_official_legacy/round_05/raw/api/items/music/91/votedate.json,data_raw/cn_official_legacy/round_05/raw/api/items/music/91/votesex.json,data_raw/cn_official_legacy/round_05/raw/api/items/music/91/votegeo.json,data_raw/cn_official_legacy/round_05/raw/api/items/music/91/votepaper.json,True
5,music,92,data_raw/cn_official_legacy/round_05/raw/api/items/music/92/votedate.json,data_raw/cn_official_legacy/round_05/raw/api/items/music/92/votesex.json,data_raw/cn_official_legacy/round_05/raw/api/items/music/92/votegeo.json,data_raw/cn_official_legacy/round_05/raw/api/items/music/92/votepaper.json,True
5,music,93,data_raw/cn_official_legacy/round_05/raw/api/items/music/93/votedate.json,data_raw/cn_official_legacy/round_05/raw/api/items/music/93/votesex.json,data_raw/cn_official_legacy/round_05/raw/api/items/music/93/votegeo.json,data_raw/cn_official_legacy/round_05/raw/api/items/music/93/votepaper.json,True
5,music,94,data_raw/cn_official_legacy/round_05/raw/api/items/music/94/votedate.json,data_raw/cn_official_legacy/round_05/raw/api/items/music/94/votesex.json,data_raw/cn_official_legacy/round_05/raw/api/items/music/94/votegeo.json,data_raw/cn_official_legacy/round_05/raw/api/items/music/94/votepaper.json,True
5,music,95,data_raw/cn_official_legacy/round_05/raw/api/items/music/95/votedate.json,data_raw/cn_official_legacy/round_05/raw/api/items/music/95/votesex.json,data_raw/cn_official_legacy/round_05/raw/api/items/music/95/votegeo.json,data_raw/cn_official_legacy/round_05/raw/api/items/music/95/votepaper.json,True
5,music,96,data_raw/cn_official_legacy/round_05/raw/api/items/music/96/votedate.json,data_raw/cn_official_legacy/round_05/raw/api/items/music/96/votesex.json,data_raw/cn_official_legacy/round_05/raw/api/items/music/96/votegeo.json,data_raw/cn_official_legacy/round_05/raw/api/items/music/96/votepaper.json,True
5,music,97,data_raw/cn_official_legacy/round_05/raw/api/items/music/97/votedate.json,data_raw/cn_official_legacy/round_05/raw/api/items/music/97/votesex.json,data_raw/cn_official_legacy/round_05/raw/api/items/music/97/votegeo.json,data_raw/cn_official_legacy/round_05/raw/api/items/music/97/votepaper.json,True
5,music,98,data_raw/cn_official_legacy/round_05/raw/api/items/music/98/votedate.json,data_raw/cn_official_legacy/round_05/raw/api/items/music/98/votesex.json,data_raw/cn_official_legacy/round_05/raw/api/items/music/98/votegeo.json,data_raw/cn_official_legacy/round_05/raw/api/items/music/98/votepaper.json,True
5,music,99,data_raw/cn_official_legacy/round_05/raw/api/items/music/99/votedate.json,data_raw/cn_official_legacy/round_05/raw/api/items/music/99/votesex.json,data_raw/cn_official_legacy/round_05/raw/api/items/music/99/votegeo.json,data_raw/cn_official_legacy/round_05/raw/api/items/music/99/votepaper.json,True
5,music,100,data_raw/cn_official_legacy/round_05/raw/api/items/music/100/votedate.json,data_raw/cn_official_legacy/round_05/raw/api/items/music/100/votesex.json,data_raw/cn_official_legacy/round_05/raw/api/items/music/100/votegeo.json,data_raw/cn_official_legacy/round_05/raw/api/items/music/100/votepaper.json,True
5,music,101,data_raw/cn_official_legacy/round_05/raw/api/items/music/101/votedate.json,data_raw/cn_official_legacy/round_05/raw/api/items/music/101/votesex.json,data_raw/cn_official_legacy/round_05/raw/api/items/music/101/votegeo.json,data_raw/cn_official_legacy/round_05/raw/api/items/music/101/votepaper.json,True
5,music,102,data_raw/cn_official_legacy/round_05/raw/api/items/music/102/votedate.json,data_raw/cn_official_legacy/round_05/raw/api/items/music/102/votesex.json,data_raw/cn_official_legacy/round_05/raw/api/items/music/102/votegeo.json,data_raw/cn_official_legacy/round_05/raw/api/items/music/102/votepaper.json,True
5,music,103,data_raw/cn_official_legacy/round_05/raw/api/items/music/103/votedate.json,data_raw/cn_official_legacy/round_05/raw/api/items/music/103/votesex.json,data_raw/cn_official_legacy/round_05/raw/api/items/music/103/votegeo.json,data_raw/cn_official_legacy/round_05/raw/api/items/music/103/votepaper.json,True
5,music,104,data_raw/cn_official_legacy/round_05/raw/api/items/music/104/votedate.json,data_raw/cn_official_legacy/round_05/raw/api/items/music/104/votesex.json,data_raw/cn_official_legacy/round_05/raw/api/items/music/104/votegeo.json,data_raw/cn_official_legacy/round_05/raw/api/items/music/104/votepaper.json,True
5,music,105,data_raw/cn_official_legacy/round_05/raw/api/items/music/105/votedate.json,data_raw/cn_official_legacy/round_05/raw/api/items/music/105/votesex.json,data_raw/cn_official_legacy/round_05/raw/api/items/music/105/votegeo.json,data_raw/cn_official_legacy/round_05/raw/api/items/music/105/votepaper.json,True
5,music,106,data_raw/cn_official_legacy/round_05/raw/api/items/music/106/votedate.json,data_raw/cn_official_legacy/round_05/raw/api/items/music/106/votesex.json,data_raw/cn_official_legacy/round_05/raw/api/items/music/106/votegeo.json,data_raw/cn_official_legacy/round_05/raw/api/items/music/106/votepaper.json,True
5,music,107,data_raw/cn_official_legacy/round_05/raw/api/items/music/107/votedate.json,data_raw/cn_official_legacy/round_05/raw/api/items/music/107/votesex.json,data_raw/cn_official_legacy/round_05/raw/api/items/music/107/votegeo.json,data_raw/cn_official_legacy/round_05/raw/api/items/music/107/votepaper.json,True
5,music,108,data_raw/cn_official_legacy/round_05/raw/api/items/music/108/votedate.json,data_raw/cn_official_legacy/round_05/raw/api/items/music/108/votesex.json,data_raw/cn_official_legacy/round_05/raw/api/items/music/108/votegeo.json,data_raw/cn_official_legacy/round_05/raw/api/items/music/108/votepaper.json,True
5,music,109,data_raw/cn_official_legacy/round_05/raw/api/items/music/109/votedate.json,data_raw/cn_official_legacy/round_05/raw/api/items/music/109/votesex.json,data_raw/cn_official_legacy/round_05/raw/api/items/music/109/votegeo.json,data_raw/cn_official_legacy/round_05/raw/api/items/music/109/votepaper.json,True
5,music,110,data_raw/cn_official_legacy/round_05/raw/api/items/music/110/votedate.json,data_raw/cn_official_legacy/round_05/raw/api/items/music/110/votesex.json,data_raw/cn_official_legacy/round_05/raw/api/items/music/110/votegeo.json,data_raw/cn_official_legacy/round_05/raw/api/items/music/110/votepaper.json,True
5,music,111,data_raw/cn_official_legacy/round_05/raw/api/items/music/111/votedate.json,data_raw/cn_official_legacy/round_05/raw/api/items/music/111/votesex.json,data_raw/cn_official_legacy/round_05/raw/api/items/music/111/votegeo.json,data_raw/cn_official_legacy/round_05/raw/api/items/music/111/votepaper.json,True
5,music,112,data_raw/cn_official_legacy/round_05/raw/api/items/music/112/votedate.json,data_raw/cn_official_legacy/round_05/raw/api/items/music/112/votesex.json,data_raw/cn_official_legacy/round_05/raw/api/items/music/112/votegeo.json,data_raw/cn_official_legacy/round_05/raw/api/items/music/112/votepaper.json,True
5,music,113,data_raw/cn_official_legacy/round_05/raw/api/items/music/113/votedate.json,data_raw/cn_official_legacy/round_05/raw/api/items/music/113/votesex.json,data_raw/cn_official_legacy/round_05/raw/api/items/music/113/votegeo.json,data_raw/cn_official_legacy/round_05/raw/api/items/music/113/votepaper.json,True
5,music,114,data_raw/cn_official_legacy/round_05/raw/api/items/music/114/votedate.json,data_raw/cn_official_legacy/round_05/raw/api/items/music/114/votesex.json,data_raw/cn_official_legacy/round_05/raw/api/items/music/114/votegeo.json,data_raw/cn_official_legacy/round_05/raw/api/items/music/114/votepaper.json,True
5,music,115,data_raw/cn_official_legacy/round_05/raw/api/items/music/115/votedate.json,data_raw/cn_official_legacy/round_05/raw/api/items/music/115/votesex.json,data_raw/cn_official_legacy/round_05/raw/api/items/music/115/votegeo.json,data_raw/cn_official_legacy/round_05/raw/api/items/music/115/votepaper.json,True
5,music,116,data_raw/cn_official_legacy/round_05/raw/api/items/music/116/votedate.json,data_raw/cn_official_legacy/round_05/raw/api/items/music/116/votesex.json,data_raw/cn_official_legacy/round_05/raw/api/items/music/116/votegeo.json,data_raw/cn_official_legacy/round_05/raw/api/items/music/116/votepaper.json,True
5,music,117,data_raw/cn_official_legacy/round_05/raw/api/items/music/117/votedate.json,data_raw/cn_official_legacy/round_05/raw/api/items/music/117/votesex.json,data_raw/cn_official_legacy/round_05/raw/api/items/music/117/votegeo.json,data_raw/cn_official_legacy/round_05/raw/api/items/music/117/votepaper.json,True
5,music,118,data_raw/cn_official_legacy/round_05/raw/api/items/music/118/votedate.json,data_raw/cn_official_legacy/round_05/raw/api/items/music/118/votesex.json,data_raw/cn_official_legacy/round_05/raw/api/items/music/118/votegeo.json,data_raw/cn_official_legacy/round_05/raw/api/items/music/118/votepaper.json,True
5,music,119,data_raw/cn_official_legacy/round_05/raw/api/items/music/119/votedate.json,data_raw/cn_official_legacy/round_05/raw/api/items/music/119/votesex.json,data_raw/cn_official_legacy/round_05/raw/api/items/music/119/votegeo.json,data_raw/cn_official_legacy/round_05/raw/api/items/music/119/votepaper.json,True
5,music,120,data_raw/cn_official_legacy/round_05/raw/api/items/music/120/votedate.json,data_raw/cn_official_legacy/round_05/raw/api/items/music/120/votesex.json,data_raw/cn_official_legacy/round_05/raw/api/items/music/120/votegeo.json,data_raw/cn_official_legacy/round_05/raw/api/items/music/120/votepaper.json,True
5,music,121,data_raw/cn_official_legacy/round_05/raw/api/items/music/121/votedate.json,data_raw/cn_official_legacy/round_05/raw/api/items/music/121/votesex.json,data_raw/cn_official_legacy/round_05/raw/api/items/music/121/votegeo.json,data_raw/cn_official_legacy/round_05/raw/api/items/music/121/votepaper.json,True
5,music,122,data_raw/cn_official_legacy/round_05/raw/api/items/music/122/votedate.json,data_raw/cn_official_legacy/round_05/raw/api/items/music/122/votesex.json,data_raw/cn_official_legacy/round_05/raw/api/items/music/122/votegeo.json,data_raw/cn_official_legacy/round_05/raw/api/items/music/122/votepaper.json,True
5,music,123,data_raw/cn_official_legacy/round_05/raw/api/items/music/123/votedate.json,data_raw/cn_official_legacy/round_05/raw/api/items/music/123/votesex.json,data_raw/cn_official_legacy/round_05/raw/api/items/music/123/votegeo.json,data_raw/cn_official_legacy/round_05/raw/api/items/music/123/votepaper.json,True
5,music,124,data_raw/cn_official_legacy/round_05/raw/api/items/music/124/votedate.json,data_raw/cn_official_legacy/round_05/raw/api/items/music/124/votesex.json,data_raw/cn_official_legacy/round_05/raw/api/items/music/124/votegeo.json,data_raw/cn_official_legacy/round_05/raw/api/items/music/124/votepaper.json,True
5,music,125,data_raw/cn_official_legacy/round_05/raw/api/items/music/125/votedate.json,data_raw/cn_official_legacy/round_05/raw/api/items/music/125/votesex.json,data_raw/cn_official_legacy/round_05/raw/api/items/music/125/votegeo.json,data_raw/cn_official_legacy/round_05/raw/api/items/music/125/votepaper.json,True
5,music,126,data_raw/cn_official_legacy/round_05/raw/api/items/music/126/votedate.json,data_raw/cn_official_legacy/round_05/raw/api/items/music/126/votesex.json,data_raw/cn_official_legacy/round_05/raw/api/items/music/126/votegeo.json,data_raw/cn_official_legacy/round_05/raw/api/items/music/126/votepaper.json,True
5,music,127,data_raw/cn_official_legacy/round_05/raw/api/items/music/127/votedate.json,data_raw/cn_official_legacy/round_05/raw/api/items/music/127/votesex.json,data_raw/cn_official_legacy/round_05/raw/api/items/music/127/votegeo.json,data_raw/cn_official_legacy/round_05/raw/api/items/music/127/votepaper.json,True
5,music,128,data_raw/cn_official_legacy/round_05/raw/api/items/music/128/votedate.json,data_raw/cn_official_legacy/round_05/raw/api/items/music/128/votesex.json,data_raw/cn_official_legacy/round_05/raw/api/items/music/128/votegeo.json,data_raw/cn_official_legacy/round_05/raw/api/items/music/128/votepaper.json,True
5,music,129,data_raw/cn_official_legacy/round_05/raw/api/items/music/129/votedate.json,data_raw/cn_official_legacy/round_05/raw/api/items/music/129/votesex.json,data_raw/cn_official_legacy/round_05/raw/api/items/music/129/votegeo.json,data_raw/cn_official_legacy/round_05/raw/api/items/music/129/votepaper.json,True
5,music,130,data_raw/cn_official_legacy/round_05/raw/api/items/music/130/votedate.json,data_raw/cn_official_legacy/round_05/raw/api/items/music/130/votesex.json,data_raw/cn_official_legacy/round_05/raw/api/items/music/130/votegeo.json,data_raw/cn_official_legacy/round_05/raw/api/items/music/130/votepaper.json,True
5,music,131,data_raw/cn_official_legacy/round_05/raw/api/items/music/131/votedate.json,data_raw/cn_official_legacy/round_05/raw/api/items/music/131/votesex.json,data_raw/cn_official_legacy/round_05/raw/api/items/music/131/votegeo.json,data_raw/cn_official_legacy/round_05/raw/api/items/music/131/votepaper.json,True
5,music,132,data_raw/cn_official_legacy/round_05/raw/api/items/music/132/votedate.json,data_raw/cn_official_legacy/round_05/raw/api/items/music/132/votesex.json,data_raw/cn_official_legacy/round_05/raw/api/items/music/132/votegeo.json,data_raw/cn_official_legacy/round_05/raw/api/items/music/132/votepaper.json,True
5,music,133,data_raw/cn_official_legacy/round_05/raw/api/items/music/133/votedate.json,data_raw/cn_official_legacy/round_05/raw/api/items/music/133/votesex.json,data_raw/cn_official_legacy/round_05/raw/api/items/music/133/votegeo.json,data_raw/cn_official_legacy/round_05/raw/api/items/music/133/votepaper.json,True
5,music,134,data_raw/cn_official_legacy/round_05/raw/api/items/music/134/votedate.json,data_raw/cn_official_legacy/round_05/raw/api/items/music/134/votesex.json,data_raw/cn_official_legacy/round_05/raw/api/items/music/134/votegeo.json,data_raw/cn_official_legacy/round_05/raw/api/items/music/134/votepaper.json,True
5,music,135,data_raw/cn_official_legacy/round_05/raw/api/items/music/135/votedate.json,data_raw/cn_official_legacy/round_05/raw/api/items/music/135/votesex.json,data_raw/cn_official_legacy/round_05/raw/api/items/music/135/votegeo.json,data_raw/cn_official_legacy/round_05/raw/api/items/music/135/votepaper.json,True
5,music,136,data_raw/cn_official_legacy/round_05/raw/api/items/music/136/votedate.json,data_raw/cn_official_legacy/round_05/raw/api/items/music/136/votesex.json,data_raw/cn_official_legacy/round_05/raw/api/items/music/136/votegeo.json,data_raw/cn_official_legacy/round_05/raw/api/items/music/136/votepaper.json,True
5,music,137,data_raw/cn_official_legacy/round_05/raw/api/items/music/137/votedate.json,data_raw/cn_official_legacy/round_05/raw/api/items/music/137/votesex.json,data_raw/cn_official_legacy/round_05/raw/api/items/music/137/votegeo.json,data_raw/cn_official_legacy/round_05/raw/api/items/music/137/votepaper.json,True
5,music,138,data_raw/cn_official_legacy/round_05/raw/api/items/music/138/votedate.json,data_raw/cn_official_legacy/round_05/raw/api/items/music/138/votesex.json,data_raw/cn_official_legacy/round_05/raw/api/items/music/138/votegeo.json,data_raw/cn_official_legacy/round_05/raw/api/items/music/138/votepaper.json,True
5,music,139,data_raw/cn_official_legacy/round_05/raw/api/items/music/139/votedate.json,data_raw/cn_official_legacy/round_05/raw/api/items/music/139/votesex.json,data_raw/cn_official_legacy/round_05/raw/api/items/music/139/votegeo.json,data_raw/cn_official_legacy/round_05/raw/api/items/music/139/votepaper.json,True
5,music,140,data_raw/cn_official_legacy/round_05/raw/api/items/music/140/votedate.json,data_raw/cn_official_legacy/round_05/raw/api/items/music/140/votesex.json,data_raw/cn_official_legacy/round_05/raw/api/items/music/140/votegeo.json,data_raw/cn_official_legacy/round_05/raw/api/items/music/140/votepaper.json,True
5,music,141,data_raw/cn_official_legacy/round_05/raw/api/items/music/141/votedate.json,data_raw/cn_official_legacy/round_05/raw/api/items/music/141/votesex.json,data_raw/cn_official_legacy/round_05/raw/api/items/music/141/votegeo.json,data_raw/cn_official_legacy/round_05/raw/api/items/music/141/votepaper.json,True
5,music,142,data_raw/cn_official_legacy/round_05/raw/api/items/music/142/votedate.json,data_raw/cn_official_legacy/round_05/raw/api/items/music/142/votesex.json,data_raw/cn_official_legacy/round_05/raw/api/items/music/142/votegeo.json,data_raw/cn_official_legacy/round_05/raw/api/items/music/142/votepaper.json,True
5,music,143,data_raw/cn_official_legacy/round_05/raw/api/items/music/143/votedate.json,data_raw/cn_official_legacy/round_05/raw/api/items/music/143/votesex.json,data_raw/cn_official_legacy/round_05/raw/api/items/music/143/votegeo.json,data_raw/cn_official_legacy/round_05/raw/api/items/music/143/votepaper.json,True
5,music,144,data_raw/cn_official_legacy/round_05/raw/api/items/music/144/votedate.json,data_raw/cn_official_legacy/round_05/raw/api/items/music/144/votesex.json,data_raw/cn_official_legacy/round_05/raw/api/items/music/144/votegeo.json,data_raw/cn_official_legacy/round_05/raw/api/items/music/144/votepaper.json,True
5,music,145,data_raw/cn_official_legacy/round_05/raw/api/items/music/145/votedate.json,data_raw/cn_official_legacy/round_05/raw/api/items/music/145/votesex.json,data_raw/cn_official_legacy/round_05/raw/api/items/music/145/votegeo.json,data_raw/cn_official_legacy/round_05/raw/api/items/music/145/votepaper.json,True
5,music,146,data_raw/cn_official_legacy/round_05/raw/api/items/music/146/votedate.json,data_raw/cn_official_legacy/round_05/raw/api/items/music/146/votesex.json,data_raw/cn_official_legacy/round_05/raw/api/items/music/146/votegeo.json,data_raw/cn_official_legacy/round_05/raw/api/items/music/146/votepaper.json,True
5,music,147,data_raw/cn_official_legacy/round_05/raw/api/items/music/147/votedate.json,data_raw/cn_official_legacy/round_05/raw/api/items/music/147/votesex.json,data_raw/cn_official_legacy/round_05/raw/api/items/music/147/votegeo.json,data_raw/cn_official_legacy/round_05/raw/api/items/music/147/votepaper.json,True
5,music,148,data_raw/cn_official_legacy/round_05/raw/api/items/music/148/votedate.json,data_raw/cn_official_legacy/round_05/raw/api/items/music/148/votesex.json,data_raw/cn_official_legacy/round_05/raw/api/items/music/148/votegeo.json,data_raw/cn_official_legacy/round_05/raw/api/items/music/148/votepaper.json,True
5,music,149,data_raw/cn_official_legacy/round_05/raw/api/items/music/149/votedate.json,data_raw/cn_official_legacy/round_05/raw/api/items/music/149/votesex.json,data_raw/cn_official_legacy/round_05/raw/api/items/music/149/votegeo.json,data_raw/cn_official_legacy/round_05/raw/api/items/music/149/votepaper.json,True
5,music,150,data_raw/cn_official_legacy/round_05/raw/api/items/music/150/votedate.json,data_raw/cn_official_legacy/round_05/raw/api/items/music/150/votesex.json,data_raw/cn_official_legacy/round_05/raw/api/items/music/150/votegeo.json,data_raw/cn_official_legacy/round_05/raw/api/items/music/150/votepaper.json,True
5,music,151,data_raw/cn_official_legacy/round_05/raw/api/items/music/151/votedate.json,data_raw/cn_official_legacy/round_05/raw/api/items/music/151/votesex.json,data_raw/cn_official_legacy/round_05/raw/api/items/music/151/votegeo.json,data_raw/cn_official_legacy/round_05/raw/api/items/music/151/votepaper.json,True
5,music,152,data_raw/cn_official_legacy/round_05/raw/api/items/music/152/votedate.json,data_raw/cn_official_legacy/round_05/raw/api/items/music/152/votesex.json,data_raw/cn_official_legacy/round_05/raw/api/items/music/152/votegeo.json,data_raw/cn_official_legacy/round_05/raw/api/items/music/152/votepaper.json,True
5,music,153,data_raw/cn_official_legacy/round_05/raw/api/items/music/153/votedate.json,data_raw/cn_official_legacy/round_05/raw/api/items/music/153/votesex.json,data_raw/cn_official_legacy/round_05/raw/api/items/music/153/votegeo.json,data_raw/cn_official_legacy/round_05/raw/api/items/music/153/votepaper.json,True
5,music,154,data_raw/cn_official_legacy/round_05/raw/api/items/music/154/votedate.json,data_raw/cn_official_legacy/round_05/raw/api/items/music/154/votesex.json,data_raw/cn_official_legacy/round_05/raw/api/items/music/154/votegeo.json,data_raw/cn_official_legacy/round_05/raw/api/items/music/154/votepaper.json,True
5,music,155,data_raw/cn_official_legacy/round_05/raw/api/items/music/155/votedate.json,data_raw/cn_official_legacy/round_05/raw/api/items/music/155/votesex.json,data_raw/cn_official_legacy/round_05/raw/api/items/music/155/votegeo.json,data_raw/cn_official_legacy/round_05/raw/api/items/music/155/votepaper.json,True
5,music,156,data_raw/cn_official_legacy/round_05/raw/api/items/music/156/votedate.json,data_raw/cn_official_legacy/round_05/raw/api/items/music/156/votesex.json,data_raw/cn_official_legacy/round_05/raw/api/items/music/156/votegeo.json,data_raw/cn_official_legacy/round_05/raw/api/items/music/156/votepaper.json,True
5,music,157,data_raw/cn_official_legacy/round_05/raw/api/items/music/157/votedate.json,data_raw/cn_official_legacy/round_05/raw/api/items/music/157/votesex.json,data_raw/cn_official_legacy/round_05/raw/api/items/music/157/votegeo.json,data_raw/cn_official_legacy/round_05/raw/api/items/music/157/votepaper.json,True
5,music,158,data_raw/cn_official_legacy/round_05/raw/api/items/music/158/votedate.json,data_raw/cn_official_legacy/round_05/raw/api/items/music/158/votesex.json,data_raw/cn_official_legacy/round_05/raw/api/items/music/158/votegeo.json,data_raw/cn_official_legacy/round_05/raw/api/items/music/158/votepaper.json,True
5,music,159,data_raw/cn_official_legacy/round_05/raw/api/items/music/159/votedate.json,data_raw/cn_official_legacy/round_05/raw/api/items/music/159/votesex.json,data_raw/cn_official_legacy/round_05/raw/api/items/music/159/votegeo.json,data_raw/cn_official_legacy/round_05/raw/api/items/music/159/votepaper.json,True
5,music,160,data_raw/cn_official_legacy/round_05/raw/api/items/music/160/votedate.json,data_raw/cn_official_legacy/round_05/raw/api/items/music/160/votesex.json,data_raw/cn_official_legacy/round_05/raw/api/items/music/160/votegeo.json,data_raw/cn_official_legacy/round_05/raw/api/items/music/160/votepaper.json,True
5,music,161,data_raw/cn_official_legacy/round_05/raw/api/items/music/161/votedate.json,data_raw/cn_official_legacy/round_05/raw/api/items/music/161/votesex.json,data_raw/cn_official_legacy/round_05/raw/api/items/music/161/votegeo.json,data_raw/cn_official_legacy/round_05/raw/api/items/music/161/votepaper.json,True
5,music,162,data_raw/cn_official_legacy/round_05/raw/api/items/music/162/votedate.json,data_raw/cn_official_legacy/round_05/raw/api/items/music/162/votesex.json,data_raw/cn_official_legacy/round_05/raw/api/items/music/162/votegeo.json,data_raw/cn_official_legacy/round_05/raw/api/items/music/162/votepaper.json,True
5,music,163,data_raw/cn_official_legacy/round_05/raw/api/items/music/163/votedate.json,data_raw/cn_official_legacy/round_05/raw/api/items/music/163/votesex.json,data_raw/cn_official_legacy/round_05/raw/api/items/music/163/votegeo.json,data_raw/cn_official_legacy/round_05/raw/api/items/music/163/votepaper.json,True
5,music,164,data_raw/cn_official_legacy/round_05/raw/api/items/music/164/votedate.json,data_raw/cn_official_legacy/round_05/raw/api/items/music/164/votesex.json,data_raw/cn_official_legacy/round_05/raw/api/items/music/164/votegeo.json,data_raw/cn_official_legacy/round_05/raw/api/items/music/164/votepaper.json,True
5,music,165,data_raw/cn_official_legacy/round_05/raw/api/items/music/165/votedate.json,data_raw/cn_official_legacy/round_05/raw/api/items/music/165/votesex.json,data_raw/cn_official_legacy/round_05/raw/api/items/music/165/votegeo.json,data_raw/cn_official_legacy/round_05/raw/api/items/music/165/votepaper.json,True
5,music,166,data_raw/cn_official_legacy/round_05/raw/api/items/music/166/votedate.json,data_raw/cn_official_legacy/round_05/raw/api/items/music/166/votesex.json,data_raw/cn_official_legacy/round_05/raw/api/items/music/166/votegeo.json,data_raw/cn_official_legacy/round_05/raw/api/items/music/166/votepaper.json,True
5,music,167,data_raw/cn_official_legacy/round_05/raw/api/items/music/167/votedate.json,data_raw/cn_official_legacy/round_05/raw/api/items/music/167/votesex.json,data_raw/cn_official_legacy/round_05/raw/api/items/music/167/votegeo.json,data_raw/cn_official_legacy/round_05/raw/api/items/music/167/votepaper.json,True
5,music,168,data_raw/cn_official_legacy/round_05/raw/api/items/music/168/votedate.json,data_raw/cn_official_legacy/round_05/raw/api/items/music/168/votesex.json,data_raw/cn_official_legacy/round_05/raw/api/items/music/168/votegeo.json,data_raw/cn_official_legacy/round_05/raw/api/items/music/168/votepaper.json,True
5,music,169,data_raw/cn_official_legacy/round_05/raw/api/items/music/169/votedate.json,data_raw/cn_official_legacy/round_05/raw/api/items/music/169/votesex.json,data_raw/cn_official_legacy/round_05/raw/api/items/music/169/votegeo.json,data_raw/cn_official_legacy/round_05/raw/api/items/music/169/votepaper.json,True
5,music,170,data_raw/cn_official_legacy/round_05/raw/api/items/music/170/votedate.json,data_raw/cn_official_legacy/round_05/raw/api/items/music/170/votesex.json,data_raw/cn_official_legacy/round_05/raw/api/items/music/170/votegeo.json,data_raw/cn_official_legacy/round_05/raw/api/items/music/170/votepaper.json,True
5,music,171,data_raw/cn_official_legacy/round_05/raw/api/items/music/171/votedate.json,data_raw/cn_official_legacy/round_05/raw/api/items/music/171/votesex.json,data_raw/cn_official_legacy/round_05/raw/api/items/music/171/votegeo.json,data_raw/cn_official_legacy/round_05/raw/api/items/music/171/votepaper.json,True
5,music,172,data_raw/cn_official_legacy/round_05/raw/api/items/music/172/votedate.json,data_raw/cn_official_legacy/round_05/raw/api/items/music/172/votesex.json,data_raw/cn_official_legacy/round_05/raw/api/items/music/172/votegeo.json,data_raw/cn_official_legacy/round_05/raw/api/items/music/172/votepaper.json,True
5,music,173,data_raw/cn_official_legacy/round_05/raw/api/items/music/173/votedate.json,data_raw/cn_official_legacy/round_05/raw/api/items/music/173/votesex.json,data_raw/cn_official_legacy/round_05/raw/api/items/music/173/votegeo.json,data_raw/cn_official_legacy/round_05/raw/api/items/music/173/votepaper.json,True
5,music,174,data_raw/cn_official_legacy/round_05/raw/api/items/music/174/votedate.json,data_raw/cn_official_legacy/round_05/raw/api/items/music/174/votesex.json,data_raw/cn_official_legacy/round_05/raw/api/items/music/174/votegeo.json,data_raw/cn_official_legacy/round_05/raw/api/items/music/174/votepaper.json,True
5,music,175,data_raw/cn_official_legacy/round_05/raw/api/items/music/175/votedate.json,data_raw/cn_official_legacy/round_05/raw/api/items/music/175/votesex.json,data_raw/cn_official_legacy/round_05/raw/api/items/music/175/votegeo.json,data_raw/cn_official_legacy/round_05/raw/api/items/music/175/votepaper.json,True
5,music,176,data_raw/cn_official_legacy/round_05/raw/api/items/music/176/votedate.json,data_raw/cn_official_legacy/round_05/raw/api/items/music/176/votesex.json,data_raw/cn_official_legacy/round_05/raw/api/items/music/176/votegeo.json,data_raw/cn_official_legacy/round_05/raw/api/items/music/176/votepaper.json,True
5,music,177,data_raw/cn_official_legacy/round_05/raw/api/items/music/177/votedate.json,data_raw/cn_official_legacy/round_05/raw/api/items/music/177/votesex.json,data_raw/cn_official_legacy/round_05/raw/api/items/music/177/votegeo.json,data_raw/cn_official_legacy/round_05/raw/api/items/music/177/votepaper.json,True
5,music,178,data_raw/cn_official_legacy/round_05/raw/api/items/music/178/votedate.json,data_raw/cn_official_legacy/round_05/raw/api/items/music/178/votesex.json,data_raw/cn_official_legacy/round_05/raw/api/items/music/178/votegeo.json,data_raw/cn_official_legacy/round_05/raw/api/items/music/178/votepaper.json,True
5,music,179,data_raw/cn_official_legacy/round_05/raw/api/items/music/179/votedate.json,data_raw/cn_official_legacy/round_05/raw/api/items/music/179/votesex.json,data_raw/cn_official_legacy/round_05/raw/api/items/music/179/votegeo.json,data_raw/cn_official_legacy/round_05/raw/api/items/music/179/votepaper.json,True
5,music,180,data_raw/cn_official_legacy/round_05/raw/api/items/music/180/votedate.json,data_raw/cn_official_legacy/round_05/raw/api/items/music/180/votesex.json,data_raw/cn_official_legacy/round_05/raw/api/items/music/180/votegeo.json,data_raw/cn_official_legacy/round_05/raw/api/items/music/180/votepaper.json,True
5,music,181,data_raw/cn_official_legacy/round_05/raw/api/items/music/181/votedate.json,data_raw/cn_official_legacy/round_05/raw/api/items/music/181/votesex.json,data_raw/cn_official_legacy/round_05/raw/api/items/music/181/votegeo.json,data_raw/cn_official_legacy/round_05/raw/api/items/music/181/votepaper.json,True
5,music,182,data_raw/cn_official_legacy/round_05/raw/api/items/music/182/votedate.json,data_raw/cn_official_legacy/round_05/raw/api/items/music/182/votesex.json,data_raw/cn_official_legacy/round_05/raw/api/items/music/182/votegeo.json,data_raw/cn_official_legacy/round_05/raw/api/items/music/182/votepaper.json,True
5,music,183,data_raw/cn_official_legacy/round_05/raw/api/items/music/183/votedate.json,data_raw/cn_official_legacy/round_05/raw/api/items/music/183/votesex.json,data_raw/cn_official_legacy/round_05/raw/api/items/music/183/votegeo.json,data_raw/cn_official_legacy/round_05/raw/api/items/music/183/votepaper.json,True
5,music,184,data_raw/cn_official_legacy/round_05/raw/api/items/music/184/votedate.json,data_raw/cn_official_legacy/round_05/raw/api/items/music/184/votesex.json,data_raw/cn_official_legacy/round_05/raw/api/items/music/184/votegeo.json,data_raw/cn_official_legacy/round_05/raw/api/items/music/184/votepaper.json,True
5,music,185,data_raw/cn_official_legacy/round_05/raw/api/items/music/185/votedate.json,data_raw/cn_official_legacy/round_05/raw/api/items/music/185/votesex.json,data_raw/cn_official_legacy/round_05/raw/api/items/music/185/votegeo.json,data_raw/cn_official_legacy/round_05/raw/api/items/music/185/votepaper.json,True
5,music,186,data_raw/cn_official_legacy/round_05/raw/api/items/music/186/votedate.json,data_raw/cn_official_legacy/round_05/raw/api/items/music/186/votesex.json,data_raw/cn_official_legacy/round_05/raw/api/items/music/186/votegeo.json,data_raw/cn_official_legacy/round_05/raw/api/items/music/186/votepaper.json,True
5,music,187,data_raw/cn_official_legacy/round_05/raw/api/items/music/187/votedate.json,data_raw/cn_official_legacy/round_05/raw/api/items/music/187/votesex.json,data_raw/cn_official_legacy/round_05/raw/api/items/music/187/votegeo.json,data_raw/cn_official_legacy/round_05/raw/api/items/music/187/votepaper.json,True
5,music,188,data_raw/cn_official_legacy/round_05/raw/api/items/music/188/votedate.json,data_raw/cn_official_legacy/round_05/raw/api/items/music/188/votesex.json,data_raw/cn_official_legacy/round_05/raw/api/items/music/188/votegeo.json,data_raw/cn_official_legacy/round_05/raw/api/items/music/188/votepaper.json,True
5,music,189,data_raw/cn_official_legacy/round_05/raw/api/items/music/189/votedate.json,data_raw/cn_official_legacy/round_05/raw/api/items/music/189/votesex.json,data_raw/cn_official_legacy/round_05/raw/api/items/music/189/votegeo.json,data_raw/cn_official_legacy/round_05/raw/api/items/music/189/votepaper.json,True
5,music,190,data_raw/cn_official_legacy/round_05/raw/api/items/music/190/votedate.json,data_raw/cn_official_legacy/round_05/raw/api/items/music/190/votesex.json,data_raw/cn_official_legacy/round_05/raw/api/items/music/190/votegeo.json,data_raw/cn_official_legacy/round_05/raw/api/items/music/190/votepaper.json,True
5,music,191,data_raw/cn_official_legacy/round_05/raw/api/items/music/191/votedate.json,data_raw/cn_official_legacy/round_05/raw/api/items/music/191/votesex.json,data_raw/cn_official_legacy/round_05/raw/api/items/music/191/votegeo.json,data_raw/cn_official_legacy/round_05/raw/api/items/music/191/votepaper.json,True
5,music,192,data_raw/cn_official_legacy/round_05/raw/api/items/music/192/votedate.json,data_raw/cn_official_legacy/round_05/raw/api/items/music/192/votesex.json,data_raw/cn_official_legacy/round_05/raw/api/items/music/192/votegeo.json,data_raw/cn_official_legacy/round_05/raw/api/items/music/192/votepaper.json,True
5,music,193,data_raw/cn_official_legacy/round_05/raw/api/items/music/193/votedate.json,data_raw/cn_official_legacy/round_05/raw/api/items/music/193/votesex.json,data_raw/cn_official_legacy/round_05/raw/api/items/music/193/votegeo.json,data_raw/cn_official_legacy/round_05/raw/api/items/music/193/votepaper.json,True
5,music,194,data_raw/cn_official_legacy/round_05/raw/api/items/music/194/votedate.json,data_raw/cn_official_legacy/round_05/raw/api/items/music/194/votesex.json,data_raw/cn_official_legacy/round_05/raw/api/items/music/194/votegeo.json,data_raw/cn_official_legacy/round_05/raw/api/items/music/194/votepaper.json,True
5,music,195,data_raw/cn_official_legacy/round_05/raw/api/items/music/195/votedate.json,data_raw/cn_official_legacy/round_05/raw/api/items/music/195/votesex.json,data_raw/cn_official_legacy/round_05/raw/api/items/music/195/votegeo.json,data_raw/cn_official_legacy/round_05/raw/api/items/music/195/votepaper.json,True
5,music,196,data_raw/cn_official_legacy/round_05/raw/api/items/music/196/votedate.json,data_raw/cn_official_legacy/round_05/raw/api/items/music/196/votesex.json,data_raw/cn_official_legacy/round_05/raw/api/items/music/196/votegeo.json,data_raw/cn_official_legacy/round_05/raw/api/items/music/196/votepaper.json,True
5,music,197,data_raw/cn_official_legacy/round_05/raw/api/items/music/197/votedate.json,data_raw/cn_official_legacy/round_05/raw/api/items/music/197/votesex.json,data_raw/cn_official_legacy/round_05/raw/api/items/music/197/votegeo.json,data_raw/cn_official_legacy/round_05/raw/api/items/music/197/votepaper.json,True
5,music,198,data_raw/cn_official_legacy/round_05/raw/api/items/music/198/votedate.json,data_raw/cn_official_legacy/round_05/raw/api/items/music/198/votesex.json,data_raw/cn_official_legacy/round_05/raw/api/items/music/198/votegeo.json,data_raw/cn_official_legacy/round_05/raw/api/items/music/198/votepaper.json,True
5,music,199,data_raw/cn_official_legacy/round_05/raw/api/items/music/199/votedate.json,data_raw/cn_official_legacy/round_05/raw/api/items/music/199/votesex.json,data_raw/cn_official_legacy/round_05/raw/api/items/music/199/votegeo.json,data_raw/cn_official_legacy/round_05/raw/api/items/music/199/votepaper.json,True
5,music,200,data_raw/cn_official_legacy/round_05/raw/api/items/music/200/votedate.json,data_raw/cn_official_legacy/round_05/raw/api/items/music/200/votesex.json,data_raw/cn_official_legacy/round_05/raw/api/items/music/200/votegeo.json,data_raw/cn_official_legacy/round_05/raw/api/items/music/200/votepaper.json,True
5,music,201,data_raw/cn_official_legacy/round_05/raw/api/items/music/201/votedate.json,data_raw/cn_official_legacy/round_05/raw/api/items/music/201/votesex.json,data_raw/cn_official_legacy/round_05/raw/api/items/music/201/votegeo.json,data_raw/cn_official_legacy/round_05/raw/api/items/music/201/votepaper.json,True
5,music,202,data_raw/cn_official_legacy/round_05/raw/api/items/music/202/votedate.json,data_raw/cn_official_legacy/round_05/raw/api/items/music/202/votesex.json,data_raw/cn_official_legacy/round_05/raw/api/items/music/202/votegeo.json,data_raw/cn_official_legacy/round_05/raw/api/items/music/202/votepaper.json,True
5,music,203,data_raw/cn_official_legacy/round_05/raw/api/items/music/203/votedate.json,data_raw/cn_official_legacy/round_05/raw/api/items/music/203/votesex.json,data_raw/cn_official_legacy/round_05/raw/api/items/music/203/votegeo.json,data_raw/cn_official_legacy/round_05/raw/api/items/music/203/votepaper.json,True
5,music,204,data_raw/cn_official_legacy/round_05/raw/api/items/music/204/votedate.json,data_raw/cn_official_legacy/round_05/raw/api/items/music/204/votesex.json,data_raw/cn_official_legacy/round_05/raw/api/items/music/204/votegeo.json,data_raw/cn_official_legacy/round_05/raw/api/items/music/204/votepaper.json,True
5,music,205,data_raw/cn_official_legacy/round_05/raw/api/items/music/205/votedate.json,data_raw/cn_official_legacy/round_05/raw/api/items/music/205/votesex.json,data_raw/cn_official_legacy/round_05/raw/api/items/music/205/votegeo.json,data_raw/cn_official_legacy/round_05/raw/api/items/music/205/votepaper.json,True
5,music,206,data_raw/cn_official_legacy/round_05/raw/api/items/music/206/votedate.json,data_raw/cn_official_legacy/round_05/raw/api/items/music/206/votesex.json,data_raw/cn_official_legacy/round_05/raw/api/items/music/206/votegeo.json,data_raw/cn_official_legacy/round_05/raw/api/items/music/206/votepaper.json,True
5,music,207,data_raw/cn_official_legacy/round_05/raw/api/items/music/207/votedate.json,data_raw/cn_official_legacy/round_05/raw/api/items/music/207/votesex.json,data_raw/cn_official_legacy/round_05/raw/api/items/music/207/votegeo.json,data_raw/cn_official_legacy/round_05/raw/api/items/music/207/votepaper.json,True
5,music,208,data_raw/cn_official_legacy/round_05/raw/api/items/music/208/votedate.json,data_raw/cn_official_legacy/round_05/raw/api/items/music/208/votesex.json,data_raw/cn_official_legacy/round_05/raw/api/items/music/208/votegeo.json,data_raw/cn_official_legacy/round_05/raw/api/items/music/208/votepaper.json,True
5,music,209,data_raw/cn_official_legacy/round_05/raw/api/items/music/209/votedate.json,data_raw/cn_official_legacy/round_05/raw/api/items/music/209/votesex.json,data_raw/cn_official_legacy/round_05/raw/api/items/music/209/votegeo.json,data_raw/cn_official_legacy/round_05/raw/api/items/music/209/votepaper.json,True
5,music,210,data_raw/cn_official_legacy/round_05/raw/api/items/music/210/votedate.json,data_raw/cn_official_legacy/round_05/raw/api/items/music/210/votesex.json,data_raw/cn_official_legacy/round_05/raw/api/items/music/210/votegeo.json,data_raw/cn_official_legacy/round_05/raw/api/items/music/210/votepaper.json,True
5,music,211,data_raw/cn_official_legacy/round_05/raw/api/items/music/211/votedate.json,data_raw/cn_official_legacy/round_05/raw/api/items/music/211/votesex.json,data_raw/cn_official_legacy/round_05/raw/api/items/music/211/votegeo.json,data_raw/cn_official_legacy/round_05/raw/api/items/music/211/votepaper.json,True
5,music,212,data_raw/cn_official_legacy/round_05/raw/api/items/music/212/votedate.json,data_raw/cn_official_legacy/round_05/raw/api/items/music/212/votesex.json,data_raw/cn_official_legacy/round_05/raw/api/items/music/212/votegeo.json,data_raw/cn_official_legacy/round_05/raw/api/items/music/212/votepaper.json,True
5,music,213,data_raw/cn_official_legacy/round_05/raw/api/items/music/213/votedate.json,data_raw/cn_official_legacy/round_05/raw/api/items/music/213/votesex.json,data_raw/cn_official_legacy/round_05/raw/api/items/music/213/votegeo.json,data_raw/cn_official_legacy/round_05/raw/api/items/music/213/votepaper.json,True
5,music,214,data_raw/cn_official_legacy/round_05/raw/api/items/music/214/votedate.json,data_raw/cn_official_legacy/round_05/raw/api/items/music/214/votesex.json,data_raw/cn_official_legacy/round_05/raw/api/items/music/214/votegeo.json,data_raw/cn_official_legacy/round_05/raw/api/items/music/214/votepaper.json,True
5,music,215,data_raw/cn_official_legacy/round_05/raw/api/items/music/215/votedate.json,data_raw/cn_official_legacy/round_05/raw/api/items/music/215/votesex.json,data_raw/cn_official_legacy/round_05/raw/api/items/music/215/votegeo.json,data_raw/cn_official_legacy/round_05/raw/api/items/music/215/votepaper.json,True
5,music,216,data_raw/cn_official_legacy/round_05/raw/api/items/music/216/votedate.json,data_raw/cn_official_legacy/round_05/raw/api/items/music/216/votesex.json,data_raw/cn_official_legacy/round_05/raw/api/items/music/216/votegeo.json,data_raw/cn_official_legacy/round_05/raw/api/items/music/216/votepaper.json,True
5,music,217,data_raw/cn_official_legacy/round_05/raw/api/items/music/217/votedate.json,data_raw/cn_official_legacy/round_05/raw/api/items/music/217/votesex.json,data_raw/cn_official_legacy/round_05/raw/api/items/music/217/votegeo.json,data_raw/cn_official_legacy/round_05/raw/api/items/music/217/votepaper.json,True
5,music,218,data_raw/cn_official_legacy/round_05/raw/api/items/music/218/votedate.json,data_raw/cn_official_legacy/round_05/raw/api/items/music/218/votesex.json,data_raw/cn_official_legacy/round_05/raw/api/items/music/218/votegeo.json,data_raw/cn_official_legacy/round_05/raw/api/items/music/218/votepaper.json,True
5,music,219,data_raw/cn_official_legacy/round_05/raw/api/items/music/219/votedate.json,data_raw/cn_official_legacy/round_05/raw/api/items/music/219/votesex.json,data_raw/cn_official_legacy/round_05/raw/api/items/music/219/votegeo.json,data_raw/cn_official_legacy/round_05/raw/api/items/music/219/votepaper.json,True
5,music,220,data_raw/cn_official_legacy/round_05/raw/api/items/music/220/votedate.json,data_raw/cn_official_legacy/round_05/raw/api/items/music/220/votesex.json,data_raw/cn_official_legacy/round_05/raw/api/items/music/220/votegeo.json,data_raw/cn_official_legacy/round_05/raw/api/items/music/220/votepaper.json,True
5,music,221,data_raw/cn_official_legacy/round_05/raw/api/items/music/221/votedate.json,data_raw/cn_official_legacy/round_05/raw/api/items/music/221/votesex.json,data_raw/cn_official_legacy/round_05/raw/api/items/music/221/votegeo.json,data_raw/cn_official_legacy/round_05/raw/api/items/music/221/votepaper.json,True
5,music,222,data_raw/cn_official_legacy/round_05/raw/api/items/music/222/votedate.json,data_raw/cn_official_legacy/round_05/raw/api/items/music/222/votesex.json,data_raw/cn_official_legacy/round_05/raw/api/items/music/222/votegeo.json,data_raw/cn_official_legacy/round_05/raw/api/items/music/222/votepaper.json,True
5,music,223,data_raw/cn_official_legacy/round_05/raw/api/items/music/223/votedate.json,data_raw/cn_official_legacy/round_05/raw/api/items/music/223/votesex.json,data_raw/cn_official_legacy/round_05/raw/api/items/music/223/votegeo.json,data_raw/cn_official_legacy/round_05/raw/api/items/music/223/votepaper.json,True
5,music,224,data_raw/cn_official_legacy/round_05/raw/api/items/music/224/votedate.json,data_raw/cn_official_legacy/round_05/raw/api/items/music/224/votesex.json,data_raw/cn_official_legacy/round_05/raw/api/items/music/224/votegeo.json,data_raw/cn_official_legacy/round_05/raw/api/items/music/224/votepaper.json,True
5,music,225,data_raw/cn_official_legacy/round_05/raw/api/items/music/225/votedate.json,data_raw/cn_official_legacy/round_05/raw/api/items/music/225/votesex.json,data_raw/cn_official_legacy/round_05/raw/api/items/music/225/votegeo.json,data_raw/cn_official_legacy/round_05/raw/api/items/music/225/votepaper.json,True
5,music,226,data_raw/cn_official_legacy/round_05/raw/api/items/music/226/votedate.json,data_raw/cn_official_legacy/round_05/raw/api/items/music/226/votesex.json,data_raw/cn_official_legacy/round_05/raw/api/items/music/226/votegeo.json,data_raw/cn_official_legacy/round_05/raw/api/items/music/226/votepaper.json,True
5,music,227,data_raw/cn_official_legacy/round_05/raw/api/items/music/227/votedate.json,data_raw/cn_official_legacy/round_05/raw/api/items/music/227/votesex.json,data_raw/cn_official_legacy/round_05/raw/api/items/music/227/votegeo.json,data_raw/cn_official_legacy/round_05/raw/api/items/music/227/votepaper.json,True
5,music,228,data_raw/cn_official_legacy/round_05/raw/api/items/music/228/votedate.json,data_raw/cn_official_legacy/round_05/raw/api/items/music/228/votesex.json,data_raw/cn_official_legacy/round_05/raw/api/items/music/228/votegeo.json,data_raw/cn_official_legacy/round_05/raw/api/items/music/228/votepaper.json,True
5,music,229,data_raw/cn_official_legacy/round_05/raw/api/items/music/229/votedate.json,data_raw/cn_official_legacy/round_05/raw/api/items/music/229/votesex.json,data_raw/cn_official_legacy/round_05/raw/api/items/music/229/votegeo.json,data_raw/cn_official_legacy/round_05/raw/api/items/music/229/votepaper.json,True
5,music,230,data_raw/cn_official_legacy/round_05/raw/api/items/music/230/votedate.json,data_raw/cn_official_legacy/round_05/raw/api/items/music/230/votesex.json,data_raw/cn_official_legacy/round_05/raw/api/items/music/230/votegeo.json,data_raw/cn_official_legacy/round_05/raw/api/items/music/230/votepaper.json,True
5,music,231,data_raw/cn_official_legacy/round_05/raw/api/items/music/231/votedate.json,data_raw/cn_official_legacy/round_05/raw/api/items/music/231/votesex.json,data_raw/cn_official_legacy/round_05/raw/api/items/music/231/votegeo.json,data_raw/cn_official_legacy/round_05/raw/api/items/music/231/votepaper.json,True
5,music,232,data_raw/cn_official_legacy/round_05/raw/api/items/music/232/votedate.json,data_raw/cn_official_legacy/round_05/raw/api/items/music/232/votesex.json,data_raw/cn_official_legacy/round_05/raw/api/items/music/232/votegeo.json,data_raw/cn_official_legacy/round_05/raw/api/items/music/232/votepaper.json,True
5,music,233,data_raw/cn_official_legacy/round_05/raw/api/items/music/233/votedate.json,data_raw/cn_official_legacy/round_05/raw/api/items/music/233/votesex.json,data_raw/cn_official_legacy/round_05/raw/api/items/music/233/votegeo.json,data_raw/cn_official_legacy/round_05/raw/api/items/music/233/votepaper.json,True
5,music,234,data_raw/cn_official_legacy/round_05/raw/api/items/music/234/votedate.json,data_raw/cn_official_legacy/round_05/raw/api/items/music/234/votesex.json,data_raw/cn_official_legacy/round_05/raw/api/items/music/234/votegeo.json,data_raw/cn_official_legacy/round_05/raw/api/items/music/234/votepaper.json,True
5,music,235,data_raw/cn_official_legacy/round_05/raw/api/items/music/235/votedate.json,data_raw/cn_official_legacy/round_05/raw/api/items/music/235/votesex.json,data_raw/cn_official_legacy/round_05/raw/api/items/music/235/votegeo.json,data_raw/cn_official_legacy/round_05/raw/api/items/music/235/votepaper.json,True
5,music,236,data_raw/cn_official_legacy/round_05/raw/api/items/music/236/votedate.json,data_raw/cn_official_legacy/round_05/raw/api/items/music/236/votesex.json,data_raw/cn_official_legacy/round_05/raw/api/items/music/236/votegeo.json,data_raw/cn_official_legacy/round_05/raw/api/items/music/236/votepaper.json,True
5,music,237,data_raw/cn_official_legacy/round_05/raw/api/items/music/237/votedate.json,data_raw/cn_official_legacy/round_05/raw/api/items/music/237/votesex.json,data_raw/cn_official_legacy/round_05/raw/api/items/music/237/votegeo.json,data_raw/cn_official_legacy/round_05/raw/api/items/music/237/votepaper.json,True
5,music,238,data_raw/cn_official_legacy/round_05/raw/api/items/music/238/votedate.json,data_raw/cn_official_legacy/round_05/raw/api/items/music/238/votesex.json,data_raw/cn_official_legacy/round_05/raw/api/items/music/238/votegeo.json,data_raw/cn_official_legacy/round_05/raw/api/items/music/238/votepaper.json,True
5,music,239,data_raw/cn_official_legacy/round_05/raw/api/items/music/239/votedate.json,data_raw/cn_official_legacy/round_05/raw/api/items/music/239/votesex.json,data_raw/cn_official_legacy/round_05/raw/api/items/music/239/votegeo.json,data_raw/cn_official_legacy/round_05/raw/api/items/music/239/votepaper.json,True
5,music,240,data_raw/cn_official_legacy/round_05/raw/api/items/music/240/votedate.json,data_raw/cn_official_legacy/round_05/raw/api/items/music/240/votesex.json,data_raw/cn_official_legacy/round_05/raw/api/items/music/240/votegeo.json,data_raw/cn_official_legacy/round_05/raw/api/items/music/240/votepaper.json,True
5,music,241,data_raw/cn_official_legacy/round_05/raw/api/items/music/241/votedate.json,data_raw/cn_official_legacy/round_05/raw/api/items/music/241/votesex.json,data_raw/cn_official_legacy/round_05/raw/api/items/music/241/votegeo.json,data_raw/cn_official_legacy/round_05/raw/api/items/music/241/votepaper.json,True
5,music,242,data_raw/cn_official_legacy/round_05/raw/api/items/music/242/votedate.json,data_raw/cn_official_legacy/round_05/raw/api/items/music/242/votesex.json,data_raw/cn_official_legacy/round_05/raw/api/items/music/242/votegeo.json,data_raw/cn_official_legacy/round_05/raw/api/items/music/242/votepaper.json,True
5,music,243,data_raw/cn_official_legacy/round_05/raw/api/items/music/243/votedate.json,data_raw/cn_official_legacy/round_05/raw/api/items/music/243/votesex.json,data_raw/cn_official_legacy/round_05/raw/api/items/music/243/votegeo.json,data_raw/cn_official_legacy/round_05/raw/api/items/music/243/votepaper.json,True
5,music,244,data_raw/cn_official_legacy/round_05/raw/api/items/music/244/votedate.json,data_raw/cn_official_legacy/round_05/raw/api/items/music/244/votesex.json,data_raw/cn_official_legacy/round_05/raw/api/items/music/244/votegeo.json,data_raw/cn_official_legacy/round_05/raw/api/items/music/244/votepaper.json,True
5,music,245,data_raw/cn_official_legacy/round_05/raw/api/items/music/245/votedate.json,data_raw/cn_official_legacy/round_05/raw/api/items/music/245/votesex.json,data_raw/cn_official_legacy/round_05/raw/api/items/music/245/votegeo.json,data_raw/cn_official_legacy/round_05/raw/api/items/music/245/votepaper.json,True
5,music,246,data_raw/cn_official_legacy/round_05/raw/api/items/music/246/votedate.json,data_raw/cn_official_legacy/round_05/raw/api/items/music/246/votesex.json,data_raw/cn_official_legacy/round_05/raw/api/items/music/246/votegeo.json,data_raw/cn_official_legacy/round_05/raw/api/items/music/246/votepaper.json,True
5,music,247,data_raw/cn_official_legacy/round_05/raw/api/items/music/247/votedate.json,data_raw/cn_official_legacy/round_05/raw/api/items/music/247/votesex.json,data_raw/cn_official_legacy/round_05/raw/api/items/music/247/votegeo.json,data_raw/cn_official_legacy/round_05/raw/api/items/music/247/votepaper.json,True
5,music,248,data_raw/cn_official_legacy/round_05/raw/api/items/music/248/votedate.json,data_raw/cn_official_legacy/round_05/raw/api/items/music/248/votesex.json,data_raw/cn_official_legacy/round_05/raw/api/items/music/248/votegeo.json,data_raw/cn_official_legacy/round_05/raw/api/items/music/248/votepaper.json,True
5,music,249,data_raw/cn_official_legacy/round_05/raw/api/items/music/249/votedate.json,data_raw/cn_official_legacy/round_05/raw/api/items/music/249/votesex.json,data_raw/cn_official_legacy/round_05/raw/api/items/music/249/votegeo.json,data_raw/cn_official_legacy/round_05/raw/api/items/music/249/votepaper.json,True
5,music,250,data_raw/cn_official_legacy/round_05/raw/api/items/music/250/votedate.json,data_raw/cn_official_legacy/round_05/raw/api/items/music/250/votesex.json,data_raw/cn_official_legacy/round_05/raw/api/items/music/250/votegeo.json,data_raw/cn_official_legacy/round_05/raw/api/items/music/250/votepaper.json,True
5,music,251,data_raw/cn_official_legacy/round_05/raw/api/items/music/251/votedate.json,data_raw/cn_official_legacy/round_05/raw/api/items/music/251/votesex.json,data_raw/cn_official_legacy/round_05/raw/api/items/music/251/votegeo.json,data_raw/cn_official_legacy/round_05/raw/api/items/music/251/votepaper.json,True
5,music,252,data_raw/cn_official_legacy/round_05/raw/api/items/music/252/votedate.json,data_raw/cn_official_legacy/round_05/raw/api/items/music/252/votesex.json,data_raw/cn_official_legacy/round_05/raw/api/items/music/252/votegeo.json,data_raw/cn_official_legacy/round_05/raw/api/items/music/252/votepaper.json,True
5,music,253,data_raw/cn_official_legacy/round_05/raw/api/items/music/253/votedate.json,data_raw/cn_official_legacy/round_05/raw/api/items/music/253/votesex.json,data_raw/cn_official_legacy/round_05/raw/api/items/music/253/votegeo.json,data_raw/cn_official_legacy/round_05/raw/api/items/music/253/votepaper.json,True
5,music,254,data_raw/cn_official_legacy/round_05/raw/api/items/music/254/votedate.json,data_raw/cn_official_legacy/round_05/raw/api/items/music/254/votesex.json,data_raw/cn_official_legacy/round_05/raw/api/items/music/254/votegeo.json,data_raw/cn_official_legacy/round_05/raw/api/items/music/254/votepaper.json,True
5,music,255,data_raw/cn_official_legacy/round_05/raw/api/items/music/255/votedate.json,data_raw/cn_official_legacy/round_05/raw/api/items/music/255/votesex.json,data_raw/cn_official_legacy/round_05/raw/api/items/music/255/votegeo.json,data_raw/cn_official_legacy/round_05/raw/api/items/music/255/votepaper.json,True
5,music,256,data_raw/cn_official_legacy/round_05/raw/api/items/music/256/votedate.json,data_raw/cn_official_legacy/round_05/raw/api/items/music/256/votesex.json,data_raw/cn_official_legacy/round_05/raw/api/items/music/256/votegeo.json,data_raw/cn_official_legacy/round_05/raw/api/items/music/256/votepaper.json,True
5,music,257,data_raw/cn_official_legacy/round_05/raw/api/items/music/257/votedate.json,data_raw/cn_official_legacy/round_05/raw/api/items/music/257/votesex.json,data_raw/cn_official_legacy/round_05/raw/api/items/music/257/votegeo.json,data_raw/cn_official_legacy/round_05/raw/api/items/music/257/votepaper.json,True
5,music,258,data_raw/cn_official_legacy/round_05/raw/api/items/music/258/votedate.json,data_raw/cn_official_legacy/round_05/raw/api/items/music/258/votesex.json,data_raw/cn_official_legacy/round_05/raw/api/items/music/258/votegeo.json,data_raw/cn_official_legacy/round_05/raw/api/items/music/258/votepaper.json,True
5,music,259,data_raw/cn_official_legacy/round_05/raw/api/items/music/259/votedate.json,data_raw/cn_official_legacy/round_05/raw/api/items/music/259/votesex.json,data_raw/cn_official_legacy/round_05/raw/api/items/music/259/votegeo.json,data_raw/cn_official_legacy/round_05/raw/api/items/music/259/votepaper.json,True
5,music,260,data_raw/cn_official_legacy/round_05/raw/api/items/music/260/votedate.json,data_raw/cn_official_legacy/round_05/raw/api/items/music/260/votesex.json,data_raw/cn_official_legacy/round_05/raw/api/items/music/260/votegeo.json,data_raw/cn_official_legacy/round_05/raw/api/items/music/260/votepaper.json,True
5,music,261,data_raw/cn_official_legacy/round_05/raw/api/items/music/261/votedate.json,data_raw/cn_official_legacy/round_05/raw/api/items/music/261/votesex.json,data_raw/cn_official_legacy/round_05/raw/api/items/music/261/votegeo.json,data_raw/cn_official_legacy/round_05/raw/api/items/music/261/votepaper.json,True
5,music,262,data_raw/cn_official_legacy/round_05/raw/api/items/music/262/votedate.json,data_raw/cn_official_legacy/round_05/raw/api/items/music/262/votesex.json,data_raw/cn_official_legacy/round_05/raw/api/items/music/262/votegeo.json,data_raw/cn_official_legacy/round_05/raw/api/items/music/262/votepaper.json,True
5,music,263,data_raw/cn_official_legacy/round_05/raw/api/items/music/263/votedate.json,data_raw/cn_official_legacy/round_05/raw/api/items/music/263/votesex.json,data_raw/cn_official_legacy/round_05/raw/api/items/music/263/votegeo.json,data_raw/cn_official_legacy/round_05/raw/api/items/music/263/votepaper.json,True
5,music,264,data_raw/cn_official_legacy/round_05/raw/api/items/music/264/votedate.json,data_raw/cn_official_legacy/round_05/raw/api/items/music/264/votesex.json,data_raw/cn_official_legacy/round_05/raw/api/items/music/264/votegeo.json,data_raw/cn_official_legacy/round_05/raw/api/items/music/264/votepaper.json,True
5,music,265,data_raw/cn_official_legacy/round_05/raw/api/items/music/265/votedate.json,data_raw/cn_official_legacy/round_05/raw/api/items/music/265/votesex.json,data_raw/cn_official_legacy/round_05/raw/api/items/music/265/votegeo.json,data_raw/cn_official_legacy/round_05/raw/api/items/music/265/votepaper.json,True
5,music,266,data_raw/cn_official_legacy/round_05/raw/api/items/music/266/votedate.json,data_raw/cn_official_legacy/round_05/raw/api/items/music/266/votesex.json,data_raw/cn_official_legacy/round_05/raw/api/items/music/266/votegeo.json,data_raw/cn_official_legacy/round_05/raw/api/items/music/266/votepaper.json,True
5,music,267,data_raw/cn_official_legacy/round_05/raw/api/items/music/267/votedate.json,data_raw/cn_official_legacy/round_05/raw/api/items/music/267/votesex.json,data_raw/cn_official_legacy/round_05/raw/api/items/music/267/votegeo.json,data_raw/cn_official_legacy/round_05/raw/api/items/music/267/votepaper.json,True
5,music,268,data_raw/cn_official_legacy/round_05/raw/api/items/music/268/votedate.json,data_raw/cn_official_legacy/round_05/raw/api/items/music/268/votesex.json,data_raw/cn_official_legacy/round_05/raw/api/items/music/268/votegeo.json,data_raw/cn_official_legacy/round_05/raw/api/items/music/268/votepaper.json,True
5,music,269,data_raw/cn_official_legacy/round_05/raw/api/items/music/269/votedate.json,data_raw/cn_official_legacy/round_05/raw/api/items/music/269/votesex.json,data_raw/cn_official_legacy/round_05/raw/api/items/music/269/votegeo.json,data_raw/cn_official_legacy/round_05/raw/api/items/music/269/votepaper.json,True
5,music,270,data_raw/cn_official_legacy/round_05/raw/api/items/music/270/votedate.json,data_raw/cn_official_legacy/round_05/raw/api/items/music/270/votesex.json,data_raw/cn_official_legacy/round_05/raw/api/items/music/270/votegeo.json,data_raw/cn_official_legacy/round_05/raw/api/items/music/270/votepaper.json,True
5,music,271,data_raw/cn_official_legacy/round_05/raw/api/items/music/271/votedate.json,data_raw/cn_official_legacy/round_05/raw/api/items/music/271/votesex.json,data_raw/cn_official_legacy/round_05/raw/api/items/music/271/votegeo.json,data_raw/cn_official_legacy/round_05/raw/api/items/music/271/votepaper.json,True
5,music,272,data_raw/cn_official_legacy/round_05/raw/api/items/music/272/votedate.json,data_raw/cn_official_legacy/round_05/raw/api/items/music/272/votesex.json,data_raw/cn_official_legacy/round_05/raw/api/items/music/272/votegeo.json,data_raw/cn_official_legacy/round_05/raw/api/items/music/272/votepaper.json,True
5,music,273,data_raw/cn_official_legacy/round_05/raw/api/items/music/273/votedate.json,data_raw/cn_official_legacy/round_05/raw/api/items/music/273/votesex.json,data_raw/cn_official_legacy/round_05/raw/api/items/music/273/votegeo.json,data_raw/cn_official_legacy/round_05/raw/api/items/music/273/votepaper.json,True
5,music,274,data_raw/cn_official_legacy/round_05/raw/api/items/music/274/votedate.json,data_raw/cn_official_legacy/round_05/raw/api/items/music/274/votesex.json,data_raw/cn_official_legacy/round_05/raw/api/items/music/274/votegeo.json,data_raw/cn_official_legacy/round_05/raw/api/items/music/274/votepaper.json,True
5,music,275,data_raw/cn_official_legacy/round_05/raw/api/items/music/275/votedate.json,data_raw/cn_official_legacy/round_05/raw/api/items/music/275/votesex.json,data_raw/cn_official_legacy/round_05/raw/api/items/music/275/votegeo.json,data_raw/cn_official_legacy/round_05/raw/api/items/music/275/votepaper.json,True
5,music,276,data_raw/cn_official_legacy/round_05/raw/api/items/music/276/votedate.json,data_raw/cn_official_legacy/round_05/raw/api/items/music/276/votesex.json,data_raw/cn_official_legacy/round_05/raw/api/items/music/276/votegeo.json,data_raw/cn_official_legacy/round_05/raw/api/items/music/276/votepaper.json,True
5,music,277,data_raw/cn_official_legacy/round_05/raw/api/items/music/277/votedate.json,data_raw/cn_official_legacy/round_05/raw/api/items/music/277/votesex.json,data_raw/cn_official_legacy/round_05/raw/api/items/music/277/votegeo.json,data_raw/cn_official_legacy/round_05/raw/api/items/music/277/votepaper.json,True
5,music,278,data_raw/cn_official_legacy/round_05/raw/api/items/music/278/votedate.json,data_raw/cn_official_legacy/round_05/raw/api/items/music/278/votesex.json,data_raw/cn_official_legacy/round_05/raw/api/items/music/278/votegeo.json,data_raw/cn_official_legacy/round_05/raw/api/items/music/278/votepaper.json,True
5,music,279,data_raw/cn_official_legacy/round_05/raw/api/items/music/279/votedate.json,data_raw/cn_official_legacy/round_05/raw/api/items/music/279/votesex.json,data_raw/cn_official_legacy/round_05/raw/api/items/music/279/votegeo.json,data_raw/cn_official_legacy/round_05/raw/api/items/music/279/votepaper.json,True
5,music,280,data_raw/cn_official_legacy/round_05/raw/api/items/music/280/votedate.json,data_raw/cn_official_legacy/round_05/raw/api/items/music/280/votesex.json,data_raw/cn_official_legacy/round_05/raw/api/items/music/280/votegeo.json,data_raw/cn_official_legacy/round_05/raw/api/items/music/280/votepaper.json,True
5,music,281,data_raw/cn_official_legacy/round_05/raw/api/items/music/281/votedate.json,data_raw/cn_official_legacy/round_05/raw/api/items/music/281/votesex.json,data_raw/cn_official_legacy/round_05/raw/api/items/music/281/votegeo.json,data_raw/cn_official_legacy/round_05/raw/api/items/music/281/votepaper.json,True
5,music,282,data_raw/cn_official_legacy/round_05/raw/api/items/music/282/votedate.json,data_raw/cn_official_legacy/round_05/raw/api/items/music/282/votesex.json,data_raw/cn_official_legacy/round_05/raw/api/items/music/282/votegeo.json,data_raw/cn_official_legacy/round_05/raw/api/items/music/282/votepaper.json,True
5,music,283,data_raw/cn_official_legacy/round_05/raw/api/items/music/283/votedate.json,data_raw/cn_official_legacy/round_05/raw/api/items/music/283/votesex.json,data_raw/cn_official_legacy/round_05/raw/api/items/music/283/votegeo.json,data_raw/cn_official_legacy/round_05/raw/api/items/music/283/votepaper.json,True
5,music,284,data_raw/cn_official_legacy/round_05/raw/api/items/music/284/votedate.json,data_raw/cn_official_legacy/round_05/raw/api/items/music/284/votesex.json,data_raw/cn_official_legacy/round_05/raw/api/items/music/284/votegeo.json,data_raw/cn_official_legacy/round_05/raw/api/items/music/284/votepaper.json,True
5,music,285,data_raw/cn_official_legacy/round_05/raw/api/items/music/285/votedate.json,data_raw/cn_official_legacy/round_05/raw/api/items/music/285/votesex.json,data_raw/cn_official_legacy/round_05/raw/api/items/music/285/votegeo.json,data_raw/cn_official_legacy/round_05/raw/api/items/music/285/votepaper.json,True
5,music,286,data_raw/cn_official_legacy/round_05/raw/api/items/music/286/votedate.json,data_raw/cn_official_legacy/round_05/raw/api/items/music/286/votesex.json,data_raw/cn_official_legacy/round_05/raw/api/items/music/286/votegeo.json,data_raw/cn_official_legacy/round_05/raw/api/items/music/286/votepaper.json,True
5,music,287,data_raw/cn_official_legacy/round_05/raw/api/items/music/287/votedate.json,data_raw/cn_official_legacy/round_05/raw/api/items/music/287/votesex.json,data_raw/cn_official_legacy/round_05/raw/api/items/music/287/votegeo.json,data_raw/cn_official_legacy/round_05/raw/api/items/music/287/votepaper.json,True
5,music,288,data_raw/cn_official_legacy/round_05/raw/api/items/music/288/votedate.json,data_raw/cn_official_legacy/round_05/raw/api/items/music/288/votesex.json,data_raw/cn_official_legacy/round_05/raw/api/items/music/288/votegeo.json,data_raw/cn_official_legacy/round_05/raw/api/items/music/288/votepaper.json,True
5,music,289,data_raw/cn_official_legacy/round_05/raw/api/items/music/289/votedate.json,data_raw/cn_official_legacy/round_05/raw/api/items/music/289/votesex.json,data_raw/cn_official_legacy/round_05/raw/api/items/music/289/votegeo.json,data_raw/cn_official_legacy/round_05/raw/api/items/music/289/votepaper.json,True
5,music,290,data_raw/cn_official_legacy/round_05/raw/api/items/music/290/votedate.json,data_raw/cn_official_legacy/round_05/raw/api/items/music/290/votesex.json,data_raw/cn_official_legacy/round_05/raw/api/items/music/290/votegeo.json,data_raw/cn_official_legacy/round_05/raw/api/items/music/290/votepaper.json,True
5,music,291,data_raw/cn_official_legacy/round_05/raw/api/items/music/291/votedate.json,data_raw/cn_official_legacy/round_05/raw/api/items/music/291/votesex.json,data_raw/cn_official_legacy/round_05/raw/api/items/music/291/votegeo.json,data_raw/cn_official_legacy/round_05/raw/api/items/music/291/votepaper.json,True
5,music,292,data_raw/cn_official_legacy/round_05/raw/api/items/music/292/votedate.json,data_raw/cn_official_legacy/round_05/raw/api/items/music/292/votesex.json,data_raw/cn_official_legacy/round_05/raw/api/items/music/292/votegeo.json,data_raw/cn_official_legacy/round_05/raw/api/items/music/292/votepaper.json,True
5,music,293,data_raw/cn_official_legacy/round_05/raw/api/items/music/293/votedate.json,data_raw/cn_official_legacy/round_05/raw/api/items/music/293/votesex.json,data_raw/cn_official_legacy/round_05/raw/api/items/music/293/votegeo.json,data_raw/cn_official_legacy/round_05/raw/api/items/music/293/votepaper.json,True
5,music,294,data_raw/cn_official_legacy/round_05/raw/api/items/music/294/votedate.json,data_raw/cn_official_legacy/round_05/raw/api/items/music/294/votesex.json,data_raw/cn_official_legacy/round_05/raw/api/items/music/294/votegeo.json,data_raw/cn_official_legacy/round_05/raw/api/items/music/294/votepaper.json,True
5,music,295,data_raw/cn_official_legacy/round_05/raw/api/items/music/295/votedate.json,data_raw/cn_official_legacy/round_05/raw/api/items/music/295/votesex.json,data_raw/cn_official_legacy/round_05/raw/api/items/music/295/votegeo.json,data_raw/cn_official_legacy/round_05/raw/api/items/music/295/votepaper.json,True
5,music,296,data_raw/cn_official_legacy/round_05/raw/api/items/music/296/votedate.json,data_raw/cn_official_legacy/round_05/raw/api/items/music/296/votesex.json,data_raw/cn_official_legacy/round_05/raw/api/items/music/296/votegeo.json,data_raw/cn_official_legacy/round_05/raw/api/items/music/296/votepaper.json,True
5,music,297,data_raw/cn_official_legacy/round_05/raw/api/items/music/297/votedate.json,data_raw/cn_official_legacy/round_05/raw/api/items/music/297/votesex.json,data_raw/cn_official_legacy/round_05/raw/api/items/music/297/votegeo.json,data_raw/cn_official_legacy/round_05/raw/api/items/music/297/votepaper.json,True
5,music,298,data_raw/cn_official_legacy/round_05/raw/api/items/music/298/votedate.json,data_raw/cn_official_legacy/round_05/raw/api/items/music/298/votesex.json,data_raw/cn_official_legacy/round_05/raw/api/items/music/298/votegeo.json,data_raw/cn_official_legacy/round_05/raw/api/items/music/298/votepaper.json,True
5,music,299,data_raw/cn_official_legacy/round_05/raw/api/items/music/299/votedate.json,data_raw/cn_official_legacy/round_05/raw/api/items/music/299/votesex.json,data_raw/cn_official_legacy/round_05/raw/api/items/music/299/votegeo.json,data_raw/cn_official_legacy/round_05/raw/api/items/music/299/votepaper.json,True
5,music,300,data_raw/cn_official_legacy/round_05/raw/api/items/music/300/votedate.json,data_raw/cn_official_legacy/round_05/raw/api/items/music/300/votesex.json,data_raw/cn_official_legacy/round_05/raw/api/items/music/300/votegeo.json,data_raw/cn_official_legacy/round_05/raw/api/items/music/300/votepaper.json,True
5,music,301,data_raw/cn_official_legacy/round_05/raw/api/items/music/301/votedate.json,data_raw/cn_official_legacy/round_05/raw/api/items/music/301/votesex.json,data_raw/cn_official_legacy/round_05/raw/api/items/music/301/votegeo.json,data_raw/cn_official_legacy/round_05/raw/api/items/music/301/votepaper.json,True
5,music,302,data_raw/cn_official_legacy/round_05/raw/api/items/music/302/votedate.json,data_raw/cn_official_legacy/round_05/raw/api/items/music/302/votesex.json,data_raw/cn_official_legacy/round_05/raw/api/items/music/302/votegeo.json,data_raw/cn_official_legacy/round_05/raw/api/items/music/302/votepaper.json,True
5,music,303,data_raw/cn_official_legacy/round_05/raw/api/items/music/303/votedate.json,data_raw/cn_official_legacy/round_05/raw/api/items/music/303/votesex.json,data_raw/cn_official_legacy/round_05/raw/api/items/music/303/votegeo.json,data_raw/cn_official_legacy/round_05/raw/api/items/music/303/votepaper.json,True
5,music,304,data_raw/cn_official_legacy/round_05/raw/api/items/music/304/votedate.json,data_raw/cn_official_legacy/round_05/raw/api/items/music/304/votesex.json,data_raw/cn_official_legacy/round_05/raw/api/items/music/304/votegeo.json,data_raw/cn_official_legacy/round_05/raw/api/items/music/304/votepaper.json,True
5,music,305,data_raw/cn_official_legacy/round_05/raw/api/items/music/305/votedate.json,data_raw/cn_official_legacy/round_05/raw/api/items/music/305/votesex.json,data_raw/cn_official_legacy/round_05/raw/api/items/music/305/votegeo.json,data_raw/cn_official_legacy/round_05/raw/api/items/music/305/votepaper.json,True
5,music,306,data_raw/cn_official_legacy/round_05/raw/api/items/music/306/votedate.json,data_raw/cn_official_legacy/round_05/raw/api/items/music/306/votesex.json,data_raw/cn_official_legacy/round_05/raw/api/items/music/306/votegeo.json,data_raw/cn_official_legacy/round_05/raw/api/items/music/306/votepaper.json,True
5,music,307,data_raw/cn_official_legacy/round_05/raw/api/items/music/307/votedate.json,data_raw/cn_official_legacy/round_05/raw/api/items/music/307/votesex.json,data_raw/cn_official_legacy/round_05/raw/api/items/music/307/votegeo.json,data_raw/cn_official_legacy/round_05/raw/api/items/music/307/votepaper.json,True
5,music,308,data_raw/cn_official_legacy/round_05/raw/api/items/music/308/votedate.json,data_raw/cn_official_legacy/round_05/raw/api/items/music/308/votesex.json,data_raw/cn_official_legacy/round_05/raw/api/items/music/308/votegeo.json,data_raw/cn_official_legacy/round_05/raw/api/items/music/308/votepaper.json,True
5,music,309,data_raw/cn_official_legacy/round_05/raw/api/items/music/309/votedate.json,data_raw/cn_official_legacy/round_05/raw/api/items/music/309/votesex.json,data_raw/cn_official_legacy/round_05/raw/api/items/music/309/votegeo.json,data_raw/cn_official_legacy/round_05/raw/api/items/music/309/votepaper.json,True
5,music,310,data_raw/cn_official_legacy/round_05/raw/api/items/music/310/votedate.json,data_raw/cn_official_legacy/round_05/raw/api/items/music/310/votesex.json,data_raw/cn_official_legacy/round_05/raw/api/items/music/310/votegeo.json,data_raw/cn_official_legacy/round_05/raw/api/items/music/310/votepaper.json,True
5,music,311,data_raw/cn_official_legacy/round_05/raw/api/items/music/311/votedate.json,data_raw/cn_official_legacy/round_05/raw/api/items/music/311/votesex.json,data_raw/cn_official_legacy/round_05/raw/api/items/music/311/votegeo.json,data_raw/cn_official_legacy/round_05/raw/api/items/music/311/votepaper.json,True
5,music,312,data_raw/cn_official_legacy/round_05/raw/api/items/music/312/votedate.json,data_raw/cn_official_legacy/round_05/raw/api/items/music/312/votesex.json,data_raw/cn_official_legacy/round_05/raw/api/items/music/312/votegeo.json,data_raw/cn_official_legacy/round_05/raw/api/items/music/312/votepaper.json,True
5,music,313,data_raw/cn_official_legacy/round_05/raw/api/items/music/313/votedate.json,data_raw/cn_official_legacy/round_05/raw/api/items/music/313/votesex.json,data_raw/cn_official_legacy/round_05/raw/api/items/music/313/votegeo.json,data_raw/cn_official_legacy/round_05/raw/api/items/music/313/votepaper.json,True
5,music,314,data_raw/cn_official_legacy/round_05/raw/api/items/music/314/votedate.json,data_raw/cn_official_legacy/round_05/raw/api/items/music/314/votesex.json,data_raw/cn_official_legacy/round_05/raw/api/items/music/314/votegeo.json,data_raw/cn_official_legacy/round_05/raw/api/items/music/314/votepaper.json,True
5,music,315,data_raw/cn_official_legacy/round_05/raw/api/items/music/315/votedate.json,data_raw/cn_official_legacy/round_05/raw/api/items/music/315/votesex.json,data_raw/cn_official_legacy/round_05/raw/api/items/music/315/votegeo.json,data_raw/cn_official_legacy/round_05/raw/api/items/music/315/votepaper.json,True
5,music,316,data_raw/cn_official_legacy/round_05/raw/api/items/music/316/votedate.json,data_raw/cn_official_legacy/round_05/raw/api/items/music/316/votesex.json,data_raw/cn_official_legacy/round_05/raw/api/items/music/316/votegeo.json,data_raw/cn_official_legacy/round_05/raw/api/items/music/316/votepaper.json,True
5,music,317,data_raw/cn_official_legacy/round_05/raw/api/items/music/317/votedate.json,data_raw/cn_official_legacy/round_05/raw/api/items/music/317/votesex.json,data_raw/cn_official_legacy/round_05/raw/api/items/music/317/votegeo.json,data_raw/cn_official_legacy/round_05/raw/api/items/music/317/votepaper.json,True
5,music,318,data_raw/cn_official_legacy/round_05/raw/api/items/music/318/votedate.json,data_raw/cn_official_legacy/round_05/raw/api/items/music/318/votesex.json,data_raw/cn_official_legacy/round_05/raw/api/items/music/318/votegeo.json,data_raw/cn_official_legacy/round_05/raw/api/items/music/318/votepaper.json,True
5,music,319,data_raw/cn_official_legacy/round_05/raw/api/items/music/319/votedate.json,data_raw/cn_official_legacy/round_05/raw/api/items/music/319/votesex.json,data_raw/cn_official_legacy/round_05/raw/api/items/music/319/votegeo.json,data_raw/cn_official_legacy/round_05/raw/api/items/music/319/votepaper.json,True
5,music,320,data_raw/cn_official_legacy/round_05/raw/api/items/music/320/votedate.json,data_raw/cn_official_legacy/round_05/raw/api/items/music/320/votesex.json,data_raw/cn_official_legacy/round_05/raw/api/items/music/320/votegeo.json,data_raw/cn_official_legacy/round_05/raw/api/items/music/320/votepaper.json,True
5,music,321,data_raw/cn_official_legacy/round_05/raw/api/items/music/321/votedate.json,data_raw/cn_official_legacy/round_05/raw/api/items/music/321/votesex.json,data_raw/cn_official_legacy/round_05/raw/api/items/music/321/votegeo.json,data_raw/cn_official_legacy/round_05/raw/api/items/music/321/votepaper.json,True
5,music,322,data_raw/cn_official_legacy/round_05/raw/api/items/music/322/votedate.json,data_raw/cn_official_legacy/round_05/raw/api/items/music/322/votesex.json,data_raw/cn_official_legacy/round_05/raw/api/items/music/322/votegeo.json,data_raw/cn_official_legacy/round_05/raw/api/items/music/322/votepaper.json,True
5,music,323,data_raw/cn_official_legacy/round_05/raw/api/items/music/323/votedate.json,data_raw/cn_official_legacy/round_05/raw/api/items/music/323/votesex.json,data_raw/cn_official_legacy/round_05/raw/api/items/music/323/votegeo.json,data_raw/cn_official_legacy/round_05/raw/api/items/music/323/votepaper.json,True
5,music,324,data_raw/cn_official_legacy/round_05/raw/api/items/music/324/votedate.json,data_raw/cn_official_legacy/round_05/raw/api/items/music/324/votesex.json,data_raw/cn_official_legacy/round_05/raw/api/items/music/324/votegeo.json,data_raw/cn_official_legacy/round_05/raw/api/items/music/324/votepaper.json,True
5,music,325,data_raw/cn_official_legacy/round_05/raw/api/items/music/325/votedate.json,data_raw/cn_official_legacy/round_05/raw/api/items/music/325/votesex.json,data_raw/cn_official_legacy/round_05/raw/api/items/music/325/votegeo.json,data_raw/cn_official_legacy/round_05/raw/api/items/music/325/votepaper.json,True
5,music,326,data_raw/cn_official_legacy/round_05/raw/api/items/music/326/votedate.json,data_raw/cn_official_legacy/round_05/raw/api/items/music/326/votesex.json,data_raw/cn_official_legacy/round_05/raw/api/items/music/326/votegeo.json,data_raw/cn_official_legacy/round_05/raw/api/items/music/326/votepaper.json,True
5,music,327,data_raw/cn_official_legacy/round_05/raw/api/items/music/327/votedate.json,data_raw/cn_official_legacy/round_05/raw/api/items/music/327/votesex.json,data_raw/cn_official_legacy/round_05/raw/api/items/music/327/votegeo.json,data_raw/cn_official_legacy/round_05/raw/api/items/music/327/votepaper.json,True
5,music,328,data_raw/cn_official_legacy/round_05/raw/api/items/music/328/votedate.json,data_raw/cn_official_legacy/round_05/raw/api/items/music/328/votesex.json,data_raw/cn_official_legacy/round_05/raw/api/items/music/328/votegeo.json,data_raw/cn_official_legacy/round_05/raw/api/items/music/328/votepaper.json,True
5,music,329,data_raw/cn_official_legacy/round_05/raw/api/items/music/329/votedate.json,data_raw/cn_official_legacy/round_05/raw/api/items/music/329/votesex.json,data_raw/cn_official_legacy/round_05/raw/api/items/music/329/votegeo.json,data_raw/cn_official_legacy/round_05/raw/api/items/music/329/votepaper.json,True
5,music,330,data_raw/cn_official_legacy/round_05/raw/api/items/music/330/votedate.json,data_raw/cn_official_legacy/round_05/raw/api/items/music/330/votesex.json,data_raw/cn_official_legacy/round_05/raw/api/items/music/330/votegeo.json,data_raw/cn_official_legacy/round_05/raw/api/items/music/330/votepaper.json,True
5,music,331,data_raw/cn_official_legacy/round_05/raw/api/items/music/331/votedate.json,data_raw/cn_official_legacy/round_05/raw/api/items/music/331/votesex.json,data_raw/cn_official_legacy/round_05/raw/api/items/music/331/votegeo.json,data_raw/cn_official_legacy/round_05/raw/api/items/music/331/votepaper.json,True
5,music,332,data_raw/cn_official_legacy/round_05/raw/api/items/music/332/votedate.json,data_raw/cn_official_legacy/round_05/raw/api/items/music/332/votesex.json,data_raw/cn_official_legacy/round_05/raw/api/items/music/332/votegeo.json,data_raw/cn_official_legacy/round_05/raw/api/items/music/332/votepaper.json,True
5,music,333,data_raw/cn_official_legacy/round_05/raw/api/items/music/333/votedate.json,data_raw/cn_official_legacy/round_05/raw/api/items/music/333/votesex.json,data_raw/cn_official_legacy/round_05/raw/api/items/music/333/votegeo.json,data_raw/cn_official_legacy/round_05/raw/api/items/music/333/votepaper.json,True
5,music,334,data_raw/cn_official_legacy/round_05/raw/api/items/music/334/votedate.json,data_raw/cn_official_legacy/round_05/raw/api/items/music/334/votesex.json,data_raw/cn_official_legacy/round_05/raw/api/items/music/334/votegeo.json,data_raw/cn_official_legacy/round_05/raw/api/items/music/334/votepaper.json,True
5,music,335,data_raw/cn_official_legacy/round_05/raw/api/items/music/335/votedate.json,data_raw/cn_official_legacy/round_05/raw/api/items/music/335/votesex.json,data_raw/cn_official_legacy/round_05/raw/api/items/music/335/votegeo.json,data_raw/cn_official_legacy/round_05/raw/api/items/music/335/votepaper.json,True
5,music,336,data_raw/cn_official_legacy/round_05/raw/api/items/music/336/votedate.json,data_raw/cn_official_legacy/round_05/raw/api/items/music/336/votesex.json,data_raw/cn_official_legacy/round_05/raw/api/items/music/336/votegeo.json,data_raw/cn_official_legacy/round_05/raw/api/items/music/336/votepaper.json,True
5,music,337,data_raw/cn_official_legacy/round_05/raw/api/items/music/337/votedate.json,data_raw/cn_official_legacy/round_05/raw/api/items/music/337/votesex.json,data_raw/cn_official_legacy/round_05/raw/api/items/music/337/votegeo.json,data_raw/cn_official_legacy/round_05/raw/api/items/music/337/votepaper.json,True
5,music,338,data_raw/cn_official_legacy/round_05/raw/api/items/music/338/votedate.json,data_raw/cn_official_legacy/round_05/raw/api/items/music/338/votesex.json,data_raw/cn_official_legacy/round_05/raw/api/items/music/338/votegeo.json,data_raw/cn_official_legacy/round_05/raw/api/items/music/338/votepaper.json,True
5,music,339,data_raw/cn_official_legacy/round_05/raw/api/items/music/339/votedate.json,data_raw/cn_official_legacy/round_05/raw/api/items/music/339/votesex.json,data_raw/cn_official_legacy/round_05/raw/api/items/music/339/votegeo.json,data_raw/cn_official_legacy/round_05/raw/api/items/music/339/votepaper.json,True
5,music,340,data_raw/cn_official_legacy/round_05/raw/api/items/music/340/votedate.json,data_raw/cn_official_legacy/round_05/raw/api/items/music/340/votesex.json,data_raw/cn_official_legacy/round_05/raw/api/items/music/340/votegeo.json,data_raw/cn_official_legacy/round_05/raw/api/items/music/340/votepaper.json,True
5,music,341,data_raw/cn_official_legacy/round_05/raw/api/items/music/341/votedate.json,data_raw/cn_official_legacy/round_05/raw/api/items/music/341/votesex.json,data_raw/cn_official_legacy/round_05/raw/api/items/music/341/votegeo.json,data_raw/cn_official_legacy/round_05/raw/api/items/music/341/votepaper.json,True
5,music,342,data_raw/cn_official_legacy/round_05/raw/api/items/music/342/votedate.json,data_raw/cn_official_legacy/round_05/raw/api/items/music/342/votesex.json,data_raw/cn_official_legacy/round_05/raw/api/items/music/342/votegeo.json,data_raw/cn_official_legacy/round_05/raw/api/items/music/342/votepaper.json,True
5,music,343,data_raw/cn_official_legacy/round_05/raw/api/items/music/343/votedate.json,data_raw/cn_official_legacy/round_05/raw/api/items/music/343/votesex.json,data_raw/cn_official_legacy/round_05/raw/api/items/music/343/votegeo.json,data_raw/cn_official_legacy/round_05/raw/api/items/music/343/votepaper.json,True
5,music,344,data_raw/cn_official_legacy/round_05/raw/api/items/music/344/votedate.json,data_raw/cn_official_legacy/round_05/raw/api/items/music/344/votesex.json,data_raw/cn_official_legacy/round_05/raw/api/items/music/344/votegeo.json,data_raw/cn_official_legacy/round_05/raw/api/items/music/344/votepaper.json,True
5,music,345,data_raw/cn_official_legacy/round_05/raw/api/items/music/345/votedate.json,data_raw/cn_official_legacy/round_05/raw/api/items/music/345/votesex.json,data_raw/cn_official_legacy/round_05/raw/api/items/music/345/votegeo.json,data_raw/cn_official_legacy/round_05/raw/api/items/music/345/votepaper.json,True
5,music,346,data_raw/cn_official_legacy/round_05/raw/api/items/music/346/votedate.json,data_raw/cn_official_legacy/round_05/raw/api/items/music/346/votesex.json,data_raw/cn_official_legacy/round_05/raw/api/items/music/346/votegeo.json,data_raw/cn_official_legacy/round_05/raw/api/items/music/346/votepaper.json,True
5,music,347,data_raw/cn_official_legacy/round_05/raw/api/items/music/347/votedate.json,data_raw/cn_official_legacy/round_05/raw/api/items/music/347/votesex.json,data_raw/cn_official_legacy/round_05/raw/api/items/music/347/votegeo.json,data_raw/cn_official_legacy/round_05/raw/api/items/music/347/votepaper.json,True
5,music,348,data_raw/cn_official_legacy/round_05/raw/api/items/music/348/votedate.json,data_raw/cn_official_legacy/round_05/raw/api/items/music/348/votesex.json,data_raw/cn_official_legacy/round_05/raw/api/items/music/348/votegeo.json,data_raw/cn_official_legacy/round_05/raw/api/items/music/348/votepaper.json,True
5,music,349,data_raw/cn_official_legacy/round_05/raw/api/items/music/349/votedate.json,data_raw/cn_official_legacy/round_05/raw/api/items/music/349/votesex.json,data_raw/cn_official_legacy/round_05/raw/api/items/music/349/votegeo.json,data_raw/cn_official_legacy/round_05/raw/api/items/music/349/votepaper.json,True
5,music,350,data_raw/cn_official_legacy/round_05/raw/api/items/music/350/votedate.json,data_raw/cn_official_legacy/round_05/raw/api/items/music/350/votesex.json,data_raw/cn_official_legacy/round_05/raw/api/items/music/350/votegeo.json,data_raw/cn_official_legacy/round_05/raw/api/items/music/350/votepaper.json,True
5,music,351,data_raw/cn_official_legacy/round_05/raw/api/items/music/351/votedate.json,data_raw/cn_official_legacy/round_05/raw/api/items/music/351/votesex.json,data_raw/cn_official_legacy/round_05/raw/api/items/music/351/votegeo.json,data_raw/cn_official_legacy/round_05/raw/api/items/music/351/votepaper.json,True
5,music,352,data_raw/cn_official_legacy/round_05/raw/api/items/music/352/votedate.json,data_raw/cn_official_legacy/round_05/raw/api/items/music/352/votesex.json,data_raw/cn_official_legacy/round_05/raw/api/items/music/352/votegeo.json,data_raw/cn_official_legacy/round_05/raw/api/items/music/352/votepaper.json,True
5,music,353,data_raw/cn_official_legacy/round_05/raw/api/items/music/353/votedate.json,data_raw/cn_official_legacy/round_05/raw/api/items/music/353/votesex.json,data_raw/cn_official_legacy/round_05/raw/api/items/music/353/votegeo.json,data_raw/cn_official_legacy/round_05/raw/api/items/music/353/votepaper.json,True
5,music,354,data_raw/cn_official_legacy/round_05/raw/api/items/music/354/votedate.json,data_raw/cn_official_legacy/round_05/raw/api/items/music/354/votesex.json,data_raw/cn_official_legacy/round_05/raw/api/items/music/354/votegeo.json,data_raw/cn_official_legacy/round_05/raw/api/items/music/354/votepaper.json,True
5,music,355,data_raw/cn_official_legacy/round_05/raw/api/items/music/355/votedate.json,data_raw/cn_official_legacy/round_05/raw/api/items/music/355/votesex.json,data_raw/cn_official_legacy/round_05/raw/api/items/music/355/votegeo.json,data_raw/cn_official_legacy/round_05/raw/api/items/music/355/votepaper.json,True
5,music,356,data_raw/cn_official_legacy/round_05/raw/api/items/music/356/votedate.json,data_raw/cn_official_legacy/round_05/raw/api/items/music/356/votesex.json,data_raw/cn_official_legacy/round_05/raw/api/items/music/356/votegeo.json,data_raw/cn_official_legacy/round_05/raw/api/items/music/356/votepaper.json,True
5,music,357,data_raw/cn_official_legacy/round_05/raw/api/items/music/357/votedate.json,data_raw/cn_official_legacy/round_05/raw/api/items/music/357/votesex.json,data_raw/cn_official_legacy/round_05/raw/api/items/music/357/votegeo.json,data_raw/cn_official_legacy/round_05/raw/api/items/music/357/votepaper.json,True
5,music,358,data_raw/cn_official_legacy/round_05/raw/api/items/music/358/votedate.json,data_raw/cn_official_legacy/round_05/raw/api/items/music/358/votesex.json,data_raw/cn_official_legacy/round_05/raw/api/items/music/358/votegeo.json,data_raw/cn_official_legacy/round_05/raw/api/items/music/358/votepaper.json,True
5,music,359,data_raw/cn_official_legacy/round_05/raw/api/items/music/359/votedate.json,data_raw/cn_official_legacy/round_05/raw/api/items/music/359/votesex.json,data_raw/cn_official_legacy/round_05/raw/api/items/music/359/votegeo.json,data_raw/cn_official_legacy/round_05/raw/api/items/music/359/votepaper.json,True
5,music,360,data_raw/cn_official_legacy/round_05/raw/api/items/music/360/votedate.json,data_raw/cn_official_legacy/round_05/raw/api/items/music/360/votesex.json,data_raw/cn_official_legacy/round_05/raw/api/items/music/360/votegeo.json,data_raw/cn_official_legacy/round_05/raw/api/items/music/360/votepaper.json,True
5,music,361,data_raw/cn_official_legacy/round_05/raw/api/items/music/361/votedate.json,data_raw/cn_official_legacy/round_05/raw/api/items/music/361/votesex.json,data_raw/cn_official_legacy/round_05/raw/api/items/music/361/votegeo.json,data_raw/cn_official_legacy/round_05/raw/api/items/music/361/votepaper.json,True
5,music,362,data_raw/cn_official_legacy/round_05/raw/api/items/music/362/votedate.json,data_raw/cn_official_legacy/round_05/raw/api/items/music/362/votesex.json,data_raw/cn_official_legacy/round_05/raw/api/items/music/362/votegeo.json,data_raw/cn_official_legacy/round_05/raw/api/items/music/362/votepaper.json,True
5,music,363,data_raw/cn_official_legacy/round_05/raw/api/items/music/363/votedate.json,data_raw/cn_official_legacy/round_05/raw/api/items/music/363/votesex.json,data_raw/cn_official_legacy/round_05/raw/api/items/music/363/votegeo.json,data_raw/cn_official_legacy/round_05/raw/api/items/music/363/votepaper.json,True
5,music,364,data_raw/cn_official_legacy/round_05/raw/api/items/music/364/votedate.json,data_raw/cn_official_legacy/round_05/raw/api/items/music/364/votesex.json,data_raw/cn_official_legacy/round_05/raw/api/items/music/364/votegeo.json,data_raw/cn_official_legacy/round_05/raw/api/items/music/364/votepaper.json,True
5,music,365,data_raw/cn_official_legacy/round_05/raw/api/items/music/365/votedate.json,data_raw/cn_official_legacy/round_05/raw/api/items/music/365/votesex.json,data_raw/cn_official_legacy/round_05/raw/api/items/music/365/votegeo.json,data_raw/cn_official_legacy/round_05/raw/api/items/music/365/votepaper.json,True
5,music,366,data_raw/cn_official_legacy/round_05/raw/api/items/music/366/votedate.json,data_raw/cn_official_legacy/round_05/raw/api/items/music/366/votesex.json,data_raw/cn_official_legacy/round_05/raw/api/items/music/366/votegeo.json,data_raw/cn_official_legacy/round_05/raw/api/items/music/366/votepaper.json,True
5,music,367,data_raw/cn_official_legacy/round_05/raw/api/items/music/367/votedate.json,data_raw/cn_official_legacy/round_05/raw/api/items/music/367/votesex.json,data_raw/cn_official_legacy/round_05/raw/api/items/music/367/votegeo.json,data_raw/cn_official_legacy/round_05/raw/api/items/music/367/votepaper.json,True
5,music,368,data_raw/cn_official_legacy/round_05/raw/api/items/music/368/votedate.json,data_raw/cn_official_legacy/round_05/raw/api/items/music/368/votesex.json,data_raw/cn_official_legacy/round_05/raw/api/items/music/368/votegeo.json,data_raw/cn_official_legacy/round_05/raw/api/items/music/368/votepaper.json,True
5,music,369,data_raw/cn_official_legacy/round_05/raw/api/items/music/369/votedate.json,data_raw/cn_official_legacy/round_05/raw/api/items/music/369/votesex.json,data_raw/cn_official_legacy/round_05/raw/api/items/music/369/votegeo.json,data_raw/cn_official_legacy/round_05/raw/api/items/music/369/votepaper.json,True
5,music,370,data_raw/cn_official_legacy/round_05/raw/api/items/music/370/votedate.json,data_raw/cn_official_legacy/round_05/raw/api/items/music/370/votesex.json,data_raw/cn_official_legacy/round_05/raw/api/items/music/370/votegeo.json,data_raw/cn_official_legacy/round_05/raw/api/items/music/370/votepaper.json,True
5,music,371,data_raw/cn_official_legacy/round_05/raw/api/items/music/371/votedate.json,data_raw/cn_official_legacy/round_05/raw/api/items/music/371/votesex.json,data_raw/cn_official_legacy/round_05/raw/api/items/music/371/votegeo.json,data_raw/cn_official_legacy/round_05/raw/api/items/music/371/votepaper.json,True
5,music,372,data_raw/cn_official_legacy/round_05/raw/api/items/music/372/votedate.json,data_raw/cn_official_legacy/round_05/raw/api/items/music/372/votesex.json,data_raw/cn_official_legacy/round_05/raw/api/items/music/372/votegeo.json,data_raw/cn_official_legacy/round_05/raw/api/items/music/372/votepaper.json,True
5,music,373,data_raw/cn_official_legacy/round_05/raw/api/items/music/373/votedate.json,data_raw/cn_official_legacy/round_05/raw/api/items/music/373/votesex.json,data_raw/cn_official_legacy/round_05/raw/api/items/music/373/votegeo.json,data_raw/cn_official_legacy/round_05/raw/api/items/music/373/votepaper.json,True
5,music,374,data_raw/cn_official_legacy/round_05/raw/api/items/music/374/votedate.json,data_raw/cn_official_legacy/round_05/raw/api/items/music/374/votesex.json,data_raw/cn_official_legacy/round_05/raw/api/items/music/374/votegeo.json,data_raw/cn_official_legacy/round_05/raw/api/items/music/374/votepaper.json,True
5,music,375,data_raw/cn_official_legacy/round_05/raw/api/items/music/375/votedate.json,data_raw/cn_official_legacy/round_05/raw/api/items/music/375/votesex.json,data_raw/cn_official_legacy/round_05/raw/api/items/music/375/votegeo.json,data_raw/cn_official_legacy/round_05/raw/api/items/music/375/votepaper.json,True
5,music,376,data_raw/cn_official_legacy/round_05/raw/api/items/music/376/votedate.json,data_raw/cn_official_legacy/round_05/raw/api/items/music/376/votesex.json,data_raw/cn_official_legacy/round_05/raw/api/items/music/376/votegeo.json,data_raw/cn_official_legacy/round_05/raw/api/items/music/376/votepaper.json,True
5,music,377,data_raw/cn_official_legacy/round_05/raw/api/items/music/377/votedate.json,data_raw/cn_official_legacy/round_05/raw/api/items/music/377/votesex.json,data_raw/cn_official_legacy/round_05/raw/api/items/music/377/votegeo.json,data_raw/cn_official_legacy/round_05/raw/api/items/music/377/votepaper.json,True
5,music,378,data_raw/cn_official_legacy/round_05/raw/api/items/music/378/votedate.json,data_raw/cn_official_legacy/round_05/raw/api/items/music/378/votesex.json,data_raw/cn_official_legacy/round_05/raw/api/items/music/378/votegeo.json,data_raw/cn_official_legacy/round_05/raw/api/items/music/378/votepaper.json,True
5,music,379,data_raw/cn_official_legacy/round_05/raw/api/items/music/379/votedate.json,data_raw/cn_official_legacy/round_05/raw/api/items/music/379/votesex.json,data_raw/cn_official_legacy/round_05/raw/api/items/music/379/votegeo.json,data_raw/cn_official_legacy/round_05/raw/api/items/music/379/votepaper.json,True
5,music,380,data_raw/cn_official_legacy/round_05/raw/api/items/music/380/votedate.json,data_raw/cn_official_legacy/round_05/raw/api/items/music/380/votesex.json,data_raw/cn_official_legacy/round_05/raw/api/items/music/380/votegeo.json,data_raw/cn_official_legacy/round_05/raw/api/items/music/380/votepaper.json,True
5,music,381,data_raw/cn_official_legacy/round_05/raw/api/items/music/381/votedate.json,data_raw/cn_official_legacy/round_05/raw/api/items/music/381/votesex.json,data_raw/cn_official_legacy/round_05/raw/api/items/music/381/votegeo.json,data_raw/cn_official_legacy/round_05/raw/api/items/music/381/votepaper.json,True
5,music,382,data_raw/cn_official_legacy/round_05/raw/api/items/music/382/votedate.json,data_raw/cn_official_legacy/round_05/raw/api/items/music/382/votesex.json,data_raw/cn_official_legacy/round_05/raw/api/items/music/382/votegeo.json,data_raw/cn_official_legacy/round_05/raw/api/items/music/382/votepaper.json,True
5,music,383,data_raw/cn_official_legacy/round_05/raw/api/items/music/383/votedate.json,data_raw/cn_official_legacy/round_05/raw/api/items/music/383/votesex.json,data_raw/cn_official_legacy/round_05/raw/api/items/music/383/votegeo.json,data_raw/cn_official_legacy/round_05/raw/api/items/music/383/votepaper.json,True
5,music,384,data_raw/cn_official_legacy/round_05/raw/api/items/music/384/votedate.json,data_raw/cn_official_legacy/round_05/raw/api/items/music/384/votesex.json,data_raw/cn_official_legacy/round_05/raw/api/items/music/384/votegeo.json,data_raw/cn_official_legacy/round_05/raw/api/items/music/384/votepaper.json,True
5,music,385,data_raw/cn_official_legacy/round_05/raw/api/items/music/385/votedate.json,data_raw/cn_official_legacy/round_05/raw/api/items/music/385/votesex.json,data_raw/cn_official_legacy/round_05/raw/api/items/music/385/votegeo.json,data_raw/cn_official_legacy/round_05/raw/api/items/music/385/votepaper.json,True
5,music,386,data_raw/cn_official_legacy/round_05/raw/api/items/music/386/votedate.json,data_raw/cn_official_legacy/round_05/raw/api/items/music/386/votesex.json,data_raw/cn_official_legacy/round_05/raw/api/items/music/386/votegeo.json,data_raw/cn_official_legacy/round_05/raw/api/items/music/386/votepaper.json,True
5,music,387,data_raw/cn_official_legacy/round_05/raw/api/items/music/387/votedate.json,data_raw/cn_official_legacy/round_05/raw/api/items/music/387/votesex.json,data_raw/cn_official_legacy/round_05/raw/api/items/music/387/votegeo.json,data_raw/cn_official_legacy/round_05/raw/api/items/music/387/votepaper.json,True
5,music,388,data_raw/cn_official_legacy/round_05/raw/api/items/music/388/votedate.json,data_raw/cn_official_legacy/round_05/raw/api/items/music/388/votesex.json,data_raw/cn_official_legacy/round_05/raw/api/items/music/388/votegeo.json,data_raw/cn_official_legacy/round_05/raw/api/items/music/388/votepaper.json,True
5,music,389,data_raw/cn_official_legacy/round_05/raw/api/items/music/389/votedate.json,data_raw/cn_official_legacy/round_05/raw/api/items/music/389/votesex.json,data_raw/cn_official_legacy/round_05/raw/api/items/music/389/votegeo.json,data_raw/cn_official_legacy/round_05/raw/api/items/music/389/votepaper.json,True
5,music,390,data_raw/cn_official_legacy/round_05/raw/api/items/music/390/votedate.json,data_raw/cn_official_legacy/round_05/raw/api/items/music/390/votesex.json,data_raw/cn_official_legacy/round_05/raw/api/items/music/390/votegeo.json,data_raw/cn_official_legacy/round_05/raw/api/items/music/390/votepaper.json,True
5,music,391,data_raw/cn_official_legacy/round_05/raw/api/items/music/391/votedate.json,data_raw/cn_official_legacy/round_05/raw/api/items/music/391/votesex.json,data_raw/cn_official_legacy/round_05/raw/api/items/music/391/votegeo.json,data_raw/cn_official_legacy/round_05/raw/api/items/music/391/votepaper.json,True
5,music,392,data_raw/cn_official_legacy/round_05/raw/api/items/music/392/votedate.json,data_raw/cn_official_legacy/round_05/raw/api/items/music/392/votesex.json,data_raw/cn_official_legacy/round_05/raw/api/items/music/392/votegeo.json,data_raw/cn_official_legacy/round_05/raw/api/items/music/392/votepaper.json,True
5,music,393,data_raw/cn_official_legacy/round_05/raw/api/items/music/393/votedate.json,data_raw/cn_official_legacy/round_05/raw/api/items/music/393/votesex.json,data_raw/cn_official_legacy/round_05/raw/api/items/music/393/votegeo.json,data_raw/cn_official_legacy/round_05/raw/api/items/music/393/votepaper.json,True
5,music,394,data_raw/cn_official_legacy/round_05/raw/api/items/music/394/votedate.json,data_raw/cn_official_legacy/round_05/raw/api/items/music/394/votesex.json,data_raw/cn_official_legacy/round_05/raw/api/items/music/394/votegeo.json,data_raw/cn_official_legacy/round_05/raw/api/items/music/394/votepaper.json,True
5,music,395,data_raw/cn_official_legacy/round_05/raw/api/items/music/395/votedate.json,data_raw/cn_official_legacy/round_05/raw/api/items/music/395/votesex.json,data_raw/cn_official_legacy/round_05/raw/api/items/music/395/votegeo.json,data_raw/cn_official_legacy/round_05/raw/api/items/music/395/votepaper.json,True
5,music,396,data_raw/cn_official_legacy/round_05/raw/api/items/music/396/votedate.json,data_raw/cn_official_legacy/round_05/raw/api/items/music/396/votesex.json,data_raw/cn_official_legacy/round_05/raw/api/items/music/396/votegeo.json,data_raw/cn_official_legacy/round_05/raw/api/items/music/396/votepaper.json,True
5,music,397,data_raw/cn_official_legacy/round_05/raw/api/items/music/397/votedate.json,data_raw/cn_official_legacy/round_05/raw/api/items/music/397/votesex.json,data_raw/cn_official_legacy/round_05/raw/api/items/music/397/votegeo.json,data_raw/cn_official_legacy/round_05/raw/api/items/music/397/votepaper.json,True
5,music,398,data_raw/cn_official_legacy/round_05/raw/api/items/music/398/votedate.json,data_raw/cn_official_legacy/round_05/raw/api/items/music/398/votesex.json,data_raw/cn_official_legacy/round_05/raw/api/items/music/398/votegeo.json,data_raw/cn_official_legacy/round_05/raw/api/items/music/398/votepaper.json,True
5,music,399,data_raw/cn_official_legacy/round_05/raw/api/items/music/399/votedate.json,data_raw/cn_official_legacy/round_05/raw/api/items/music/399/votesex.json,data_raw/cn_official_legacy/round_05/raw/api/items/music/399/votegeo.json,data_raw/cn_official_legacy/round_05/raw/api/items/music/399/votepaper.json,True
5,music,400,data_raw/cn_official_legacy/round_05/raw/api/items/music/400/votedate.json,data_raw/cn_official_legacy/round_05/raw/api/items/music/400/votesex.json,data_raw/cn_official_legacy/round_05/raw/api/items/music/400/votegeo.json,data_raw/cn_official_legacy/round_05/raw/api/items/music/400/votepaper.json,True
5,music,401,data_raw/cn_official_legacy/round_05/raw/api/items/music/401/votedate.json,data_raw/cn_official_legacy/round_05/raw/api/items/music/401/votesex.json,data_raw/cn_official_legacy/round_05/raw/api/items/music/401/votegeo.json,data_raw/cn_official_legacy/round_05/raw/api/items/music/401/votepaper.json,True
5,music,402,data_raw/cn_official_legacy/round_05/raw/api/items/music/402/votedate.json,data_raw/cn_official_legacy/round_05/raw/api/items/music/402/votesex.json,data_raw/cn_official_legacy/round_05/raw/api/items/music/402/votegeo.json,data_raw/cn_official_legacy/round_05/raw/api/items/music/402/votepaper.json,True
5,music,403,data_raw/cn_official_legacy/round_05/raw/api/items/music/403/votedate.json,data_raw/cn_official_legacy/round_05/raw/api/items/music/403/votesex.json,data_raw/cn_official_legacy/round_05/raw/api/items/music/403/votegeo.json,data_raw/cn_official_legacy/round_05/raw/api/items/music/403/votepaper.json,True
5,music,404,data_raw/cn_official_legacy/round_05/raw/api/items/music/404/votedate.json,data_raw/cn_official_legacy/round_05/raw/api/items/music/404/votesex.json,data_raw/cn_official_legacy/round_05/raw/api/items/music/404/votegeo.json,data_raw/cn_official_legacy/round_05/raw/api/items/music/404/votepaper.json,True
5,music,405,data_raw/cn_official_legacy/round_05/raw/api/items/music/405/votedate.json,data_raw/cn_official_legacy/round_05/raw/api/items/music/405/votesex.json,data_raw/cn_official_legacy/round_05/raw/api/items/music/405/votegeo.json,data_raw/cn_official_legacy/round_05/raw/api/items/music/405/votepaper.json,True
5,music,406,data_raw/cn_official_legacy/round_05/raw/api/items/music/406/votedate.json,data_raw/cn_official_legacy/round_05/raw/api/items/music/406/votesex.json,data_raw/cn_official_legacy/round_05/raw/api/items/music/406/votegeo.json,data_raw/cn_official_legacy/round_05/raw/api/items/music/406/votepaper.json,True
5,music,407,data_raw/cn_official_legacy/round_05/raw/api/items/music/407/votedate.json,data_raw/cn_official_legacy/round_05/raw/api/items/music/407/votesex.json,data_raw/cn_official_legacy/round_05/raw/api/items/music/407/votegeo.json,data_raw/cn_official_legacy/round_05/raw/api/items/music/407/votepaper.json,True
5,music,408,data_raw/cn_official_legacy/round_05/raw/api/items/music/408/votedate.json,data_raw/cn_official_legacy/round_05/raw/api/items/music/408/votesex.json,data_raw/cn_official_legacy/round_05/raw/api/items/music/408/votegeo.json,data_raw/cn_official_legacy/round_05/raw/api/items/music/408/votepaper.json,True
5,music,409,data_raw/cn_official_legacy/round_05/raw/api/items/music/409/votedate.json,data_raw/cn_official_legacy/round_05/raw/api/items/music/409/votesex.json,data_raw/cn_official_legacy/round_05/raw/api/items/music/409/votegeo.json,data_raw/cn_official_legacy/round_05/raw/api/items/music/409/votepaper.json,True
5,music,410,data_raw/cn_official_legacy/round_05/raw/api/items/music/410/votedate.json,data_raw/cn_official_legacy/round_05/raw/api/items/music/410/votesex.json,data_raw/cn_official_legacy/round_05/raw/api/items/music/410/votegeo.json,data_raw/cn_official_legacy/round_05/raw/api/items/music/410/votepaper.json,True
5,music,411,data_raw/cn_official_legacy/round_05/raw/api/items/music/411/votedate.json,data_raw/cn_official_legacy/round_05/raw/api/items/music/411/votesex.json,data_raw/cn_official_legacy/round_05/raw/api/items/music/411/votegeo.json,data_raw/cn_official_legacy/round_05/raw/api/items/music/411/votepaper.json,True
5,music,412,data_raw/cn_official_legacy/round_05/raw/api/items/music/412/votedate.json,data_raw/cn_official_legacy/round_05/raw/api/items/music/412/votesex.json,data_raw/cn_official_legacy/round_05/raw/api/items/music/412/votegeo.json,data_raw/cn_official_legacy/round_05/raw/api/items/music/412/votepaper.json,True
5,music,413,data_raw/cn_official_legacy/round_05/raw/api/items/music/413/votedate.json,data_raw/cn_official_legacy/round_05/raw/api/items/music/413/votesex.json,data_raw/cn_official_legacy/round_05/raw/api/items/music/413/votegeo.json,data_raw/cn_official_legacy/round_05/raw/api/items/music/413/votepaper.json,True
5,music,414,data_raw/cn_official_legacy/round_05/raw/api/items/music/414/votedate.json,data_raw/cn_official_legacy/round_05/raw/api/items/music/414/votesex.json,data_raw/cn_official_legacy/round_05/raw/api/items/music/414/votegeo.json,data_raw/cn_official_legacy/round_05/raw/api/items/music/414/votepaper.json,True
5,music,415,data_raw/cn_official_legacy/round_05/raw/api/items/music/415/votedate.json,data_raw/cn_official_legacy/round_05/raw/api/items/music/415/votesex.json,data_raw/cn_official_legacy/round_05/raw/api/items/music/415/votegeo.json,data_raw/cn_official_legacy/round_05/raw/api/items/music/415/votepaper.json,True
5,music,416,data_raw/cn_official_legacy/round_05/raw/api/items/music/416/votedate.json,data_raw/cn_official_legacy/round_05/raw/api/items/music/416/votesex.json,data_raw/cn_official_legacy/round_05/raw/api/items/music/416/votegeo.json,data_raw/cn_official_legacy/round_05/raw/api/items/music/416/votepaper.json,True
5,music,417,data_raw/cn_official_legacy/round_05/raw/api/items/music/417/votedate.json,data_raw/cn_official_legacy/round_05/raw/api/items/music/417/votesex.json,data_raw/cn_official_legacy/round_05/raw/api/items/music/417/votegeo.json,data_raw/cn_official_legacy/round_05/raw/api/items/music/417/votepaper.json,True
5,music,418,data_raw/cn_official_legacy/round_05/raw/api/items/music/418/votedate.json,data_raw/cn_official_legacy/round_05/raw/api/items/music/418/votesex.json,data_raw/cn_official_legacy/round_05/raw/api/items/music/418/votegeo.json,data_raw/cn_official_legacy/round_05/raw/api/items/music/418/votepaper.json,True
5,music,419,data_raw/cn_official_legacy/round_05/raw/api/items/music/419/votedate.json,data_raw/cn_official_legacy/round_05/raw/api/items/music/419/votesex.json,data_raw/cn_official_legacy/round_05/raw/api/items/music/419/votegeo.json,data_raw/cn_official_legacy/round_05/raw/api/items/music/419/votepaper.json,True
5,music,420,data_raw/cn_official_legacy/round_05/raw/api/items/music/420/votedate.json,data_raw/cn_official_legacy/round_05/raw/api/items/music/420/votesex.json,data_raw/cn_official_legacy/round_05/raw/api/items/music/420/votegeo.json,data_raw/cn_official_legacy/round_05/raw/api/items/music/420/votepaper.json,True
5,music,421,data_raw/cn_official_legacy/round_05/raw/api/items/music/421/votedate.json,data_raw/cn_official_legacy/round_05/raw/api/items/music/421/votesex.json,data_raw/cn_official_legacy/round_05/raw/api/items/music/421/votegeo.json,data_raw/cn_official_legacy/round_05/raw/api/items/music/421/votepaper.json,True
5,music,422,data_raw/cn_official_legacy/round_05/raw/api/items/music/422/votedate.json,data_raw/cn_official_legacy/round_05/raw/api/items/music/422/votesex.json,data_raw/cn_official_legacy/round_05/raw/api/items/music/422/votegeo.json,data_raw/cn_official_legacy/round_05/raw/api/items/music/422/votepaper.json,True
5,music,423,data_raw/cn_official_legacy/round_05/raw/api/items/music/423/votedate.json,data_raw/cn_official_legacy/round_05/raw/api/items/music/423/votesex.json,data_raw/cn_official_legacy/round_05/raw/api/items/music/423/votegeo.json,data_raw/cn_official_legacy/round_05/raw/api/items/music/423/votepaper.json,True
5,music,424,data_raw/cn_official_legacy/round_05/raw/api/items/music/424/votedate.json,data_raw/cn_official_legacy/round_05/raw/api/items/music/424/votesex.json,data_raw/cn_official_legacy/round_05/raw/api/items/music/424/votegeo.json,data_raw/cn_official_legacy/round_05/raw/api/items/music/424/votepaper.json,True
5,music,425,data_raw/cn_official_legacy/round_05/raw/api/items/music/425/votedate.json,data_raw/cn_official_legacy/round_05/raw/api/items/music/425/votesex.json,data_raw/cn_official_legacy/round_05/raw/api/items/music/425/votegeo.json,data_raw/cn_official_legacy/round_05/raw/api/items/music/425/votepaper.json,True
5,music,426,data_raw/cn_official_legacy/round_05/raw/api/items/music/426/votedate.json,data_raw/cn_official_legacy/round_05/raw/api/items/music/426/votesex.json,data_raw/cn_official_legacy/round_05/raw/api/items/music/426/votegeo.json,data_raw/cn_official_legacy/round_05/raw/api/items/music/426/votepaper.json,True
5,music,427,data_raw/cn_official_legacy/round_05/raw/api/items/music/427/votedate.json,data_raw/cn_official_legacy/round_05/raw/api/items/music/427/votesex.json,data_raw/cn_official_legacy/round_05/raw/api/items/music/427/votegeo.json,data_raw/cn_official_legacy/round_05/raw/api/items/music/427/votepaper.json,True
5,music,428,data_raw/cn_official_legacy/round_05/raw/api/items/music/428/votedate.json,data_raw/cn_official_legacy/round_05/raw/api/items/music/428/votesex.json,data_raw/cn_official_legacy/round_05/raw/api/items/music/428/votegeo.json,data_raw/cn_official_legacy/round_05/raw/api/items/music/428/votepaper.json,True
5,music,429,data_raw/cn_official_legacy/round_05/raw/api/items/music/429/votedate.json,data_raw/cn_official_legacy/round_05/raw/api/items/music/429/votesex.json,data_raw/cn_official_legacy/round_05/raw/api/items/music/429/votegeo.json,data_raw/cn_official_legacy/round_05/raw/api/items/music/429/votepaper.json,True
5,music,430,data_raw/cn_official_legacy/round_05/raw/api/items/music/430/votedate.json,data_raw/cn_official_legacy/round_05/raw/api/items/music/430/votesex.json,data_raw/cn_official_legacy/round_05/raw/api/items/music/430/votegeo.json,data_raw/cn_official_legacy/round_05/raw/api/items/music/430/votepaper.json,True
5,music,431,data_raw/cn_official_legacy/round_05/raw/api/items/music/431/votedate.json,data_raw/cn_official_legacy/round_05/raw/api/items/music/431/votesex.json,data_raw/cn_official_legacy/round_05/raw/api/items/music/431/votegeo.json,data_raw/cn_official_legacy/round_05/raw/api/items/music/431/votepaper.json,True
5,music,432,data_raw/cn_official_legacy/round_05/raw/api/items/music/432/votedate.json,data_raw/cn_official_legacy/round_05/raw/api/items/music/432/votesex.json,data_raw/cn_official_legacy/round_05/raw/api/items/music/432/votegeo.json,data_raw/cn_official_legacy/round_05/raw/api/items/music/432/votepaper.json,True
5,music,433,data_raw/cn_official_legacy/round_05/raw/api/items/music/433/votedate.json,data_raw/cn_official_legacy/round_05/raw/api/items/music/433/votesex.json,data_raw/cn_official_legacy/round_05/raw/api/items/music/433/votegeo.json,data_raw/cn_official_legacy/round_05/raw/api/items/music/433/votepaper.json,True
5,music,434,data_raw/cn_official_legacy/round_05/raw/api/items/music/434/votedate.json,data_raw/cn_official_legacy/round_05/raw/api/items/music/434/votesex.json,data_raw/cn_official_legacy/round_05/raw/api/items/music/434/votegeo.json,data_raw/cn_official_legacy/round_05/raw/api/items/music/434/votepaper.json,True
5,music,435,data_raw/cn_official_legacy/round_05/raw/api/items/music/435/votedate.json,data_raw/cn_official_legacy/round_05/raw/api/items/music/435/votesex.json,data_raw/cn_official_legacy/round_05/raw/api/items/music/435/votegeo.json,data_raw/cn_official_legacy/round_05/raw/api/items/music/435/votepaper.json,True
5,music,436,data_raw/cn_official_legacy/round_05/raw/api/items/music/436/votedate.json,data_raw/cn_official_legacy/round_05/raw/api/items/music/436/votesex.json,data_raw/cn_official_legacy/round_05/raw/api/items/music/436/votegeo.json,data_raw/cn_official_legacy/round_05/raw/api/items/music/436/votepaper.json,True
5,music,437,data_raw/cn_official_legacy/round_05/raw/api/items/music/437/votedate.json,data_raw/cn_official_legacy/round_05/raw/api/items/music/437/votesex.json,data_raw/cn_official_legacy/round_05/raw/api/items/music/437/votegeo.json,data_raw/cn_official_legacy/round_05/raw/api/items/music/437/votepaper.json,True
5,music,438,data_raw/cn_official_legacy/round_05/raw/api/items/music/438/votedate.json,data_raw/cn_official_legacy/round_05/raw/api/items/music/438/votesex.json,data_raw/cn_official_legacy/round_05/raw/api/items/music/438/votegeo.json,data_raw/cn_official_legacy/round_05/raw/api/items/music/438/votepaper.json,True
5,music,439,data_raw/cn_official_legacy/round_05/raw/api/items/music/439/votedate.json,data_raw/cn_official_legacy/round_05/raw/api/items/music/439/votesex.json,data_raw/cn_official_legacy/round_05/raw/api/items/music/439/votegeo.json,data_raw/cn_official_legacy/round_05/raw/api/items/music/439/votepaper.json,True
5,music,440,data_raw/cn_official_legacy/round_05/raw/api/items/music/440/votedate.json,data_raw/cn_official_legacy/round_05/raw/api/items/music/440/votesex.json,data_raw/cn_official_legacy/round_05/raw/api/items/music/440/votegeo.json,data_raw/cn_official_legacy/round_05/raw/api/items/music/440/votepaper.json,True
5,music,441,data_raw/cn_official_legacy/round_05/raw/api/items/music/441/votedate.json,data_raw/cn_official_legacy/round_05/raw/api/items/music/441/votesex.json,data_raw/cn_official_legacy/round_05/raw/api/items/music/441/votegeo.json,data_raw/cn_official_legacy/round_05/raw/api/items/music/441/votepaper.json,True
5,music,442,data_raw/cn_official_legacy/round_05/raw/api/items/music/442/votedate.json,data_raw/cn_official_legacy/round_05/raw/api/items/music/442/votesex.json,data_raw/cn_official_legacy/round_05/raw/api/items/music/442/votegeo.json,data_raw/cn_official_legacy/round_05/raw/api/items/music/442/votepaper.json,True
5,music,443,data_raw/cn_official_legacy/round_05/raw/api/items/music/443/votedate.json,data_raw/cn_official_legacy/round_05/raw/api/items/music/443/votesex.json,data_raw/cn_official_legacy/round_05/raw/api/items/music/443/votegeo.json,data_raw/cn_official_legacy/round_05/raw/api/items/music/443/votepaper.json,True
5,music,444,data_raw/cn_official_legacy/round_05/raw/api/items/music/444/votedate.json,data_raw/cn_official_legacy/round_05/raw/api/items/music/444/votesex.json,data_raw/cn_official_legacy/round_05/raw/api/items/music/444/votegeo.json,data_raw/cn_official_legacy/round_05/raw/api/items/music/444/votepaper.json,True
5,music,445,data_raw/cn_official_legacy/round_05/raw/api/items/music/445/votedate.json,data_raw/cn_official_legacy/round_05/raw/api/items/music/445/votesex.json,data_raw/cn_official_legacy/round_05/raw/api/items/music/445/votegeo.json,data_raw/cn_official_legacy/round_05/raw/api/items/music/445/votepaper.json,True
5,music,446,data_raw/cn_official_legacy/round_05/raw/api/items/music/446/votedate.json,data_raw/cn_official_legacy/round_05/raw/api/items/music/446/votesex.json,data_raw/cn_official_legacy/round_05/raw/api/items/music/446/votegeo.json,data_raw/cn_official_legacy/round_05/raw/api/items/music/446/votepaper.json,True
5,music,447,data_raw/cn_official_legacy/round_05/raw/api/items/music/447/votedate.json,data_raw/cn_official_legacy/round_05/raw/api/items/music/447/votesex.json,data_raw/cn_official_legacy/round_05/raw/api/items/music/447/votegeo.json,data_raw/cn_official_legacy/round_05/raw/api/items/music/447/votepaper.json,True
5,music,448,data_raw/cn_official_legacy/round_05/raw/api/items/music/448/votedate.json,data_raw/cn_official_legacy/round_05/raw/api/items/music/448/votesex.json,data_raw/cn_official_legacy/round_05/raw/api/items/music/448/votegeo.json,data_raw/cn_official_legacy/round_05/raw/api/items/music/448/votepaper.json,True
5,music,449,data_raw/cn_official_legacy/round_05/raw/api/items/music/449/votedate.json,data_raw/cn_official_legacy/round_05/raw/api/items/music/449/votesex.json,data_raw/cn_official_legacy/round_05/raw/api/items/music/449/votegeo.json,data_raw/cn_official_legacy/round_05/raw/api/items/music/449/votepaper.json,True
5,music,450,data_raw/cn_official_legacy/round_05/raw/api/items/music/450/votedate.json,data_raw/cn_official_legacy/round_05/raw/api/items/music/450/votesex.json,data_raw/cn_official_legacy/round_05/raw/api/items/music/450/votegeo.json,data_raw/cn_official_legacy/round_05/raw/api/items/music/450/votepaper.json,True
5,music,451,data_raw/cn_official_legacy/round_05/raw/api/items/music/451/votedate.json,data_raw/cn_official_legacy/round_05/raw/api/items/music/451/votesex.json,data_raw/cn_official_legacy/round_05/raw/api/items/music/451/votegeo.json,data_raw/cn_official_legacy/round_05/raw/api/items/music/451/votepaper.json,True
5,music,452,data_raw/cn_official_legacy/round_05/raw/api/items/music/452/votedate.json,data_raw/cn_official_legacy/round_05/raw/api/items/music/452/votesex.json,data_raw/cn_official_legacy/round_05/raw/api/items/music/452/votegeo.json,data_raw/cn_official_legacy/round_05/raw/api/items/music/452/votepaper.json,True
5,music,453,data_raw/cn_official_legacy/round_05/raw/api/items/music/453/votedate.json,data_raw/cn_official_legacy/round_05/raw/api/items/music/453/votesex.json,data_raw/cn_official_legacy/round_05/raw/api/items/music/453/votegeo.json,data_raw/cn_official_legacy/round_05/raw/api/items/music/453/votepaper.json,True
5,music,454,data_raw/cn_official_legacy/round_05/raw/api/items/music/454/votedate.json,data_raw/cn_official_legacy/round_05/raw/api/items/music/454/votesex.json,data_raw/cn_official_legacy/round_05/raw/api/items/music/454/votegeo.json,data_raw/cn_official_legacy/round_05/raw/api/items/music/454/votepaper.json,True
5,music,455,data_raw/cn_official_legacy/round_05/raw/api/items/music/455/votedate.json,data_raw/cn_official_legacy/round_05/raw/api/items/music/455/votesex.json,data_raw/cn_official_legacy/round_05/raw/api/items/music/455/votegeo.json,data_raw/cn_official_legacy/round_05/raw/api/items/music/455/votepaper.json,True
5,music,456,data_raw/cn_official_legacy/round_05/raw/api/items/music/456/votedate.json,data_raw/cn_official_legacy/round_05/raw/api/items/music/456/votesex.json,data_raw/cn_official_legacy/round_05/raw/api/items/music/456/votegeo.json,data_raw/cn_official_legacy/round_05/raw/api/items/music/456/votepaper.json,True
5,music,457,data_raw/cn_official_legacy/round_05/raw/api/items/music/457/votedate.json,data_raw/cn_official_legacy/round_05/raw/api/items/music/457/votesex.json,data_raw/cn_official_legacy/round_05/raw/api/items/music/457/votegeo.json,data_raw/cn_official_legacy/round_05/raw/api/items/music/457/votepaper.json,True
5,music,458,data_raw/cn_official_legacy/round_05/raw/api/items/music/458/votedate.json,data_raw/cn_official_legacy/round_05/raw/api/items/music/458/votesex.json,data_raw/cn_official_legacy/round_05/raw/api/items/music/458/votegeo.json,data_raw/cn_official_legacy/round_05/raw/api/items/music/458/votepaper.json,True
5,music,459,data_raw/cn_official_legacy/round_05/raw/api/items/music/459/votedate.json,data_raw/cn_official_legacy/round_05/raw/api/items/music/459/votesex.json,data_raw/cn_official_legacy/round_05/raw/api/items/music/459/votegeo.json,data_raw/cn_official_legacy/round_05/raw/api/items/music/459/votepaper.json,True
5,music,460,data_raw/cn_official_legacy/round_05/raw/api/items/music/460/votedate.json,data_raw/cn_official_legacy/round_05/raw/api/items/music/460/votesex.json,data_raw/cn_official_legacy/round_05/raw/api/items/music/460/votegeo.json,data_raw/cn_official_legacy/round_05/raw/api/items/music/460/votepaper.json,True
5,music,461,data_raw/cn_official_legacy/round_05/raw/api/items/music/461/votedate.json,data_raw/cn_official_legacy/round_05/raw/api/items/music/461/votesex.json,data_raw/cn_official_legacy/round_05/raw/api/items/music/461/votegeo.json,data_raw/cn_official_legacy/round_05/raw/api/items/music/461/votepaper.json,True
5,music,462,data_raw/cn_official_legacy/round_05/raw/api/items/music/462/votedate.json,data_raw/cn_official_legacy/round_05/raw/api/items/music/462/votesex.json,data_raw/cn_official_legacy/round_05/raw/api/items/music/462/votegeo.json,data_raw/cn_official_legacy/round_05/raw/api/items/music/462/votepaper.json,True
5,music,463,data_raw/cn_official_legacy/round_05/raw/api/items/music/463/votedate.json,data_raw/cn_official_legacy/round_05/raw/api/items/music/463/votesex.json,data_raw/cn_official_legacy/round_05/raw/api/items/music/463/votegeo.json,data_raw/cn_official_legacy/round_05/raw/api/items/music/463/votepaper.json,True
5,music,464,data_raw/cn_official_legacy/round_05/raw/api/items/music/464/votedate.json,data_raw/cn_official_legacy/round_05/raw/api/items/music/464/votesex.json,data_raw/cn_official_legacy/round_05/raw/api/items/music/464/votegeo.json,data_raw/cn_official_legacy/round_05/raw/api/items/music/464/votepaper.json,True
5,music,465,data_raw/cn_official_legacy/round_05/raw/api/items/music/465/votedate.json,data_raw/cn_official_legacy/round_05/raw/api/items/music/465/votesex.json,data_raw/cn_official_legacy/round_05/raw/api/items/music/465/votegeo.json,data_raw/cn_official_legacy/round_05/raw/api/items/music/465/votepaper.json,True
5,music,466,data_raw/cn_official_legacy/round_05/raw/api/items/music/466/votedate.json,data_raw/cn_official_legacy/round_05/raw/api/items/music/466/votesex.json,data_raw/cn_official_legacy/round_05/raw/api/items/music/466/votegeo.json,data_raw/cn_official_legacy/round_05/raw/api/items/music/466/votepaper.json,True
5,music,467,data_raw/cn_official_legacy/round_05/raw/api/items/music/467/votedate.json,data_raw/cn_official_legacy/round_05/raw/api/items/music/467/votesex.json,data_raw/cn_official_legacy/round_05/raw/api/items/music/467/votegeo.json,data_raw/cn_official_legacy/round_05/raw/api/items/music/467/votepaper.json,True
5,music,468,data_raw/cn_official_legacy/round_05/raw/api/items/music/468/votedate.json,data_raw/cn_official_legacy/round_05/raw/api/items/music/468/votesex.json,data_raw/cn_official_legacy/round_05/raw/api/items/music/468/votegeo.json,data_raw/cn_official_legacy/round_05/raw/api/items/music/468/votepaper.json,True
5,music,469,data_raw/cn_official_legacy/round_05/raw/api/items/music/469/votedate.json,data_raw/cn_official_legacy/round_05/raw/api/items/music/469/votesex.json,data_raw/cn_official_legacy/round_05/raw/api/items/music/469/votegeo.json,data_raw/cn_official_legacy/round_05/raw/api/items/music/469/votepaper.json,True
5,music,470,data_raw/cn_official_legacy/round_05/raw/api/items/music/470/votedate.json,data_raw/cn_official_legacy/round_05/raw/api/items/music/470/votesex.json,data_raw/cn_official_legacy/round_05/raw/api/items/music/470/votegeo.json,data_raw/cn_official_legacy/round_05/raw/api/items/music/470/votepaper.json,True
5,music,471,data_raw/cn_official_legacy/round_05/raw/api/items/music/471/votedate.json,data_raw/cn_official_legacy/round_05/raw/api/items/music/471/votesex.json,data_raw/cn_official_legacy/round_05/raw/api/items/music/471/votegeo.json,data_raw/cn_official_legacy/round_05/raw/api/items/music/471/votepaper.json,True
5,music,472,data_raw/cn_official_legacy/round_05/raw/api/items/music/472/votedate.json,data_raw/cn_official_legacy/round_05/raw/api/items/music/472/votesex.json,data_raw/cn_official_legacy/round_05/raw/api/items/music/472/votegeo.json,data_raw/cn_official_legacy/round_05/raw/api/items/music/472/votepaper.json,True
5,music,473,data_raw/cn_official_legacy/round_05/raw/api/items/music/473/votedate.json,data_raw/cn_official_legacy/round_05/raw/api/items/music/473/votesex.json,data_raw/cn_official_legacy/round_05/raw/api/items/music/473/votegeo.json,data_raw/cn_official_legacy/round_05/raw/api/items/music/473/votepaper.json,True
5,music,474,data_raw/cn_official_legacy/round_05/raw/api/items/music/474/votedate.json,data_raw/cn_official_legacy/round_05/raw/api/items/music/474/votesex.json,data_raw/cn_official_legacy/round_05/raw/api/items/music/474/votegeo.json,data_raw/cn_official_legacy/round_05/raw/api/items/music/474/votepaper.json,True
5,music,475,data_raw/cn_official_legacy/round_05/raw/api/items/music/475/votedate.json,data_raw/cn_official_legacy/round_05/raw/api/items/music/475/votesex.json,data_raw/cn_official_legacy/round_05/raw/api/items/music/475/votegeo.json,data_raw/cn_official_legacy/round_05/raw/api/items/music/475/votepaper.json,True
5,music,476,data_raw/cn_official_legacy/round_05/raw/api/items/music/476/votedate.json,data_raw/cn_official_legacy/round_05/raw/api/items/music/476/votesex.json,data_raw/cn_official_legacy/round_05/raw/api/items/music/476/votegeo.json,data_raw/cn_official_legacy/round_05/raw/api/items/music/476/votepaper.json,True
5,music,477,data_raw/cn_official_legacy/round_05/raw/api/items/music/477/votedate.json,data_raw/cn_official_legacy/round_05/raw/api/items/music/477/votesex.json,data_raw/cn_official_legacy/round_05/raw/api/items/music/477/votegeo.json,data_raw/cn_official_legacy/round_05/raw/api/items/music/477/votepaper.json,True
5,music,478,data_raw/cn_official_legacy/round_05/raw/api/items/music/478/votedate.json,data_raw/cn_official_legacy/round_05/raw/api/items/music/478/votesex.json,data_raw/cn_official_legacy/round_05/raw/api/items/music/478/votegeo.json,data_raw/cn_official_legacy/round_05/raw/api/items/music/478/votepaper.json,True
5,music,479,data_raw/cn_official_legacy/round_05/raw/api/items/music/479/votedate.json,data_raw/cn_official_legacy/round_05/raw/api/items/music/479/votesex.json,data_raw/cn_official_legacy/round_05/raw/api/items/music/479/votegeo.json,data_raw/cn_official_legacy/round_05/raw/api/items/music/479/votepaper.json,True
5,music,480,data_raw/cn_official_legacy/round_05/raw/api/items/music/480/votedate.json,data_raw/cn_official_legacy/round_05/raw/api/items/music/480/votesex.json,data_raw/cn_official_legacy/round_05/raw/api/items/music/480/votegeo.json,data_raw/cn_official_legacy/round_05/raw/api/items/music/480/votepaper.json,True
5,music,481,data_raw/cn_official_legacy/round_05/raw/api/items/music/481/votedate.json,data_raw/cn_official_legacy/round_05/raw/api/items/music/481/votesex.json,data_raw/cn_official_legacy/round_05/raw/api/items/music/481/votegeo.json,data_raw/cn_official_legacy/round_05/raw/api/items/music/481/votepaper.json,True
5,music,482,data_raw/cn_official_legacy/round_05/raw/api/items/music/482/votedate.json,data_raw/cn_official_legacy/round_05/raw/api/items/music/482/votesex.json,data_raw/cn_official_legacy/round_05/raw/api/items/music/482/votegeo.json,data_raw/cn_official_legacy/round_05/raw/api/items/music/482/votepaper.json,True
5,music,483,data_raw/cn_official_legacy/round_05/raw/api/items/music/483/votedate.json,data_raw/cn_official_legacy/round_05/raw/api/items/music/483/votesex.json,data_raw/cn_official_legacy/round_05/raw/api/items/music/483/votegeo.json,data_raw/cn_official_legacy/round_05/raw/api/items/music/483/votepaper.json,True
5,music,484,data_raw/cn_official_legacy/round_05/raw/api/items/music/484/votedate.json,data_raw/cn_official_legacy/round_05/raw/api/items/music/484/votesex.json,data_raw/cn_official_legacy/round_05/raw/api/items/music/484/votegeo.json,data_raw/cn_official_legacy/round_05/raw/api/items/music/484/votepaper.json,True
5,music,485,data_raw/cn_official_legacy/round_05/raw/api/items/music/485/votedate.json,data_raw/cn_official_legacy/round_05/raw/api/items/music/485/votesex.json,data_raw/cn_official_legacy/round_05/raw/api/items/music/485/votegeo.json,data_raw/cn_official_legacy/round_05/raw/api/items/music/485/votepaper.json,True
5,music,486,data_raw/cn_official_legacy/round_05/raw/api/items/music/486/votedate.json,data_raw/cn_official_legacy/round_05/raw/api/items/music/486/votesex.json,data_raw/cn_official_legacy/round_05/raw/api/items/music/486/votegeo.json,data_raw/cn_official_legacy/round_05/raw/api/items/music/486/votepaper.json,True
5,music,487,data_raw/cn_official_legacy/round_05/raw/api/items/music/487/votedate.json,data_raw/cn_official_legacy/round_05/raw/api/items/music/487/votesex.json,data_raw/cn_official_legacy/round_05/raw/api/items/music/487/votegeo.json,data_raw/cn_official_legacy/round_05/raw/api/items/music/487/votepaper.json,True
5,music,488,data_raw/cn_official_legacy/round_05/raw/api/items/music/488/votedate.json,data_raw/cn_official_legacy/round_05/raw/api/items/music/488/votesex.json,data_raw/cn_official_legacy/round_05/raw/api/items/music/488/votegeo.json,data_raw/cn_official_legacy/round_05/raw/api/items/music/488/votepaper.json,True
5,music,489,data_raw/cn_official_legacy/round_05/raw/api/items/music/489/votedate.json,data_raw/cn_official_legacy/round_05/raw/api/items/music/489/votesex.json,data_raw/cn_official_legacy/round_05/raw/api/items/music/489/votegeo.json,data_raw/cn_official_legacy/round_05/raw/api/items/music/489/votepaper.json,True
5,music,490,data_raw/cn_official_legacy/round_05/raw/api/items/music/490/votedate.json,data_raw/cn_official_legacy/round_05/raw/api/items/music/490/votesex.json,data_raw/cn_official_legacy/round_05/raw/api/items/music/490/votegeo.json,data_raw/cn_official_legacy/round_05/raw/api/items/music/490/votepaper.json,True
5,music,491,data_raw/cn_official_legacy/round_05/raw/api/items/music/491/votedate.json,data_raw/cn_official_legacy/round_05/raw/api/items/music/491/votesex.json,data_raw/cn_official_legacy/round_05/raw/api/items/music/491/votegeo.json,data_raw/cn_official_legacy/round_05/raw/api/items/music/491/votepaper.json,True
5,work,1,data_raw/cn_official_legacy/round_05/raw/api/items/work/1/votedate.json,data_raw/cn_official_legacy/round_05/raw/api/items/work/1/votesex.json,data_raw/cn_official_legacy/round_05/raw/api/items/work/1/votegeo.json,data_raw/cn_official_legacy/round_05/raw/api/items/work/1/votepaper.json,True
5,work,2,data_raw/cn_official_legacy/round_05/raw/api/items/work/2/votedate.json,data_raw/cn_official_legacy/round_05/raw/api/items/work/2/votesex.json,data_raw/cn_official_legacy/round_05/raw/api/items/work/2/votegeo.json,data_raw/cn_official_legacy/round_05/raw/api/items/work/2/votepaper.json,True
5,work,3,data_raw/cn_official_legacy/round_05/raw/api/items/work/3/votedate.json,data_raw/cn_official_legacy/round_05/raw/api/items/work/3/votesex.json,data_raw/cn_official_legacy/round_05/raw/api/items/work/3/votegeo.json,data_raw/cn_official_legacy/round_05/raw/api/items/work/3/votepaper.json,True
5,work,4,data_raw/cn_official_legacy/round_05/raw/api/items/work/4/votedate.json,data_raw/cn_official_legacy/round_05/raw/api/items/work/4/votesex.json,data_raw/cn_official_legacy/round_05/raw/api/items/work/4/votegeo.json,data_raw/cn_official_legacy/round_05/raw/api/items/work/4/votepaper.json,True
5,work,5,data_raw/cn_official_legacy/round_05/raw/api/items/work/5/votedate.json,data_raw/cn_official_legacy/round_05/raw/api/items/work/5/votesex.json,data_raw/cn_official_legacy/round_05/raw/api/items/work/5/votegeo.json,data_raw/cn_official_legacy/round_05/raw/api/items/work/5/votepaper.json,True
5,work,6,data_raw/cn_official_legacy/round_05/raw/api/items/work/6/votedate.json,data_raw/cn_official_legacy/round_05/raw/api/items/work/6/votesex.json,data_raw/cn_official_legacy/round_05/raw/api/items/work/6/votegeo.json,data_raw/cn_official_legacy/round_05/raw/api/items/work/6/votepaper.json,True
5,work,7,data_raw/cn_official_legacy/round_05/raw/api/items/work/7/votedate.json,data_raw/cn_official_legacy/round_05/raw/api/items/work/7/votesex.json,data_raw/cn_official_legacy/round_05/raw/api/items/work/7/votegeo.json,data_raw/cn_official_legacy/round_05/raw/api/items/work/7/votepaper.json,True
5,work,8,data_raw/cn_official_legacy/round_05/raw/api/items/work/8/votedate.json,data_raw/cn_official_legacy/round_05/raw/api/items/work/8/votesex.json,data_raw/cn_official_legacy/round_05/raw/api/items/work/8/votegeo.json,data_raw/cn_official_legacy/round_05/raw/api/items/work/8/votepaper.json,True
5,work,9,data_raw/cn_official_legacy/round_05/raw/api/items/work/9/votedate.json,data_raw/cn_official_legacy/round_05/raw/api/items/work/9/votesex.json,data_raw/cn_official_legacy/round_05/raw/api/items/work/9/votegeo.json,data_raw/cn_official_legacy/round_05/raw/api/items/work/9/votepaper.json,True
5,work,10,data_raw/cn_official_legacy/round_05/raw/api/items/work/10/votedate.json,data_raw/cn_official_legacy/round_05/raw/api/items/work/10/votesex.json,data_raw/cn_official_legacy/round_05/raw/api/items/work/10/votegeo.json,data_raw/cn_official_legacy/round_05/raw/api/items/work/10/votepaper.json,True
5,work,11,data_raw/cn_official_legacy/round_05/raw/api/items/work/11/votedate.json,data_raw/cn_official_legacy/round_05/raw/api/items/work/11/votesex.json,data_raw/cn_official_legacy/round_05/raw/api/items/work/11/votegeo.json,data_raw/cn_official_legacy/round_05/raw/api/items/work/11/votepaper.json,True
5,work,12,data_raw/cn_official_legacy/round_05/raw/api/items/work/12/votedate.json,data_raw/cn_official_legacy/round_05/raw/api/items/work/12/votesex.json,data_raw/cn_official_legacy/round_05/raw/api/items/work/12/votegeo.json,data_raw/cn_official_legacy/round_05/raw/api/items/work/12/votepaper.json,True
5,work,13,data_raw/cn_official_legacy/round_05/raw/api/items/work/13/votedate.json,data_raw/cn_official_legacy/round_05/raw/api/items/work/13/votesex.json,data_raw/cn_official_legacy/round_05/raw/api/items/work/13/votegeo.json,data_raw/cn_official_legacy/round_05/raw/api/items/work/13/votepaper.json,True
5,work,14,data_raw/cn_official_legacy/round_05/raw/api/items/work/14/votedate.json,data_raw/cn_official_legacy/round_05/raw/api/items/work/14/votesex.json,data_raw/cn_official_legacy/round_05/raw/api/items/work/14/votegeo.json,data_raw/cn_official_legacy/round_05/raw/api/items/work/14/votepaper.json,True
5,work,15,data_raw/cn_official_legacy/round_05/raw/api/items/work/15/votedate.json,data_raw/cn_official_legacy/round_05/raw/api/items/work/15/votesex.json,data_raw/cn_official_legacy/round_05/raw/api/items/work/15/votegeo.json,data_raw/cn_official_legacy/round_05/raw/api/items/work/15/votepaper.json,True
5,work,16,data_raw/cn_official_legacy/round_05/raw/api/items/work/16/votedate.json,data_raw/cn_official_legacy/round_05/raw/api/items/work/16/votesex.json,data_raw/cn_official_legacy/round_05/raw/api/items/work/16/votegeo.json,data_raw/cn_official_legacy/round_05/raw/api/items/work/16/votepaper.json,True
5,work,17,data_raw/cn_official_legacy/round_05/raw/api/items/work/17/votedate.json,data_raw/cn_official_legacy/round_05/raw/api/items/work/17/votesex.json,data_raw/cn_official_legacy/round_05/raw/api/items/work/17/votegeo.json,data_raw/cn_official_legacy/round_05/raw/api/items/work/17/votepaper.json,True
5,work,18,data_raw/cn_official_legacy/round_05/raw/api/items/work/18/votedate.json,data_raw/cn_official_legacy/round_05/raw/api/items/work/18/votesex.json,data_raw/cn_official_legacy/round_05/raw/api/items/work/18/votegeo.json,data_raw/cn_official_legacy/round_05/raw/api/items/work/18/votepaper.json,True
5,work,19,data_raw/cn_official_legacy/round_05/raw/api/items/work/19/votedate.json,data_raw/cn_official_legacy/round_05/raw/api/items/work/19/votesex.json,data_raw/cn_official_legacy/round_05/raw/api/items/work/19/votegeo.json,data_raw/cn_official_legacy/round_05/raw/api/items/work/19/votepaper.json,True
5,work,20,data_raw/cn_official_legacy/round_05/raw/api/items/work/20/votedate.json,data_raw/cn_official_legacy/round_05/raw/api/items/work/20/votesex.json,data_raw/cn_official_legacy/round_05/raw/api/items/work/20/votegeo.json,data_raw/cn_official_legacy/round_05/raw/api/items/work/20/votepaper.json,True
5,work,21,data_raw/cn_official_legacy/round_05/raw/api/items/work/21/votedate.json,data_raw/cn_official_legacy/round_05/raw/api/items/work/21/votesex.json,data_raw/cn_official_legacy/round_05/raw/api/items/work/21/votegeo.json,data_raw/cn_official_legacy/round_05/raw/api/items/work/21/votepaper.json,True
5,work,22,data_raw/cn_official_legacy/round_05/raw/api/items/work/22/votedate.json,data_raw/cn_official_legacy/round_05/raw/api/items/work/22/votesex.json,data_raw/cn_official_legacy/round_05/raw/api/items/work/22/votegeo.json,data_raw/cn_official_legacy/round_05/raw/api/items/work/22/votepaper.json,True
5,work,23,data_raw/cn_official_legacy/round_05/raw/api/items/work/23/votedate.json,data_raw/cn_official_legacy/round_05/raw/api/items/work/23/votesex.json,data_raw/cn_official_legacy/round_05/raw/api/items/work/23/votegeo.json,data_raw/cn_official_legacy/round_05/raw/api/items/work/23/votepaper.json,True
5,work,24,data_raw/cn_official_legacy/round_05/raw/api/items/work/24/votedate.json,data_raw/cn_official_legacy/round_05/raw/api/items/work/24/votesex.json,data_raw/cn_official_legacy/round_05/raw/api/items/work/24/votegeo.json,data_raw/cn_official_legacy/round_05/raw/api/items/work/24/votepaper.json,True
5,work,25,data_raw/cn_official_legacy/round_05/raw/api/items/work/25/votedate.json,data_raw/cn_official_legacy/round_05/raw/api/items/work/25/votesex.json,data_raw/cn_official_legacy/round_05/raw/api/items/work/25/votegeo.json,data_raw/cn_official_legacy/round_05/raw/api/items/work/25/votepaper.json,True
5,work,26,data_raw/cn_official_legacy/round_05/raw/api/items/work/26/votedate.json,data_raw/cn_official_legacy/round_05/raw/api/items/work/26/votesex.json,data_raw/cn_official_legacy/round_05/raw/api/items/work/26/votegeo.json,data_raw/cn_official_legacy/round_05/raw/api/items/work/26/votepaper.json,True
5,work,27,data_raw/cn_official_legacy/round_05/raw/api/items/work/27/votedate.json,data_raw/cn_official_legacy/round_05/raw/api/items/work/27/votesex.json,data_raw/cn_official_legacy/round_05/raw/api/items/work/27/votegeo.json,data_raw/cn_official_legacy/round_05/raw/api/items/work/27/votepaper.json,True
5,work,28,data_raw/cn_official_legacy/round_05/raw/api/items/work/28/votedate.json,data_raw/cn_official_legacy/round_05/raw/api/items/work/28/votesex.json,data_raw/cn_official_legacy/round_05/raw/api/items/work/28/votegeo.json,data_raw/cn_official_legacy/round_05/raw/api/items/work/28/votepaper.json,True
5,work,29,data_raw/cn_official_legacy/round_05/raw/api/items/work/29/votedate.json,data_raw/cn_official_legacy/round_05/raw/api/items/work/29/votesex.json,data_raw/cn_official_legacy/round_05/raw/api/items/work/29/votegeo.json,data_raw/cn_official_legacy/round_05/raw/api/items/work/29/votepaper.json,True
5,work,30,data_raw/cn_official_legacy/round_05/raw/api/items/work/30/votedate.json,data_raw/cn_official_legacy/round_05/raw/api/items/work/30/votesex.json,data_raw/cn_official_legacy/round_05/raw/api/items/work/30/votegeo.json,data_raw/cn_official_legacy/round_05/raw/api/items/work/30/votepaper.json,True
5,work,31,data_raw/cn_official_legacy/round_05/raw/api/items/work/31/votedate.json,data_raw/cn_official_legacy/round_05/raw/api/items/work/31/votesex.json,data_raw/cn_official_legacy/round_05/raw/api/items/work/31/votegeo.json,data_raw/cn_official_legacy/round_05/raw/api/items/work/31/votepaper.json,True
5,work,32,data_raw/cn_official_legacy/round_05/raw/api/items/work/32/votedate.json,data_raw/cn_official_legacy/round_05/raw/api/items/work/32/votesex.json,data_raw/cn_official_legacy/round_05/raw/api/items/work/32/votegeo.json,data_raw/cn_official_legacy/round_05/raw/api/items/work/32/votepaper.json,True
5,work,33,data_raw/cn_official_legacy/round_05/raw/api/items/work/33/votedate.json,data_raw/cn_official_legacy/round_05/raw/api/items/work/33/votesex.json,data_raw/cn_official_legacy/round_05/raw/api/items/work/33/votegeo.json,data_raw/cn_official_legacy/round_05/raw/api/items/work/33/votepaper.json,True
5,work,34,data_raw/cn_official_legacy/round_05/raw/api/items/work/34/votedate.json,data_raw/cn_official_legacy/round_05/raw/api/items/work/34/votesex.json,data_raw/cn_official_legacy/round_05/raw/api/items/work/34/votegeo.json,data_raw/cn_official_legacy/round_05/raw/api/items/work/34/votepaper.json,True
5,work,35,data_raw/cn_official_legacy/round_05/raw/api/items/work/35/votedate.json,data_raw/cn_official_legacy/round_05/raw/api/items/work/35/votesex.json,data_raw/cn_official_legacy/round_05/raw/api/items/work/35/votegeo.json,data_raw/cn_official_legacy/round_05/raw/api/items/work/35/votepaper.json,True
5,work,36,data_raw/cn_official_legacy/round_05/raw/api/items/work/36/votedate.json,data_raw/cn_official_legacy/round_05/raw/api/items/work/36/votesex.json,data_raw/cn_official_legacy/round_05/raw/api/items/work/36/votegeo.json,data_raw/cn_official_legacy/round_05/raw/api/items/work/36/votepaper.json,True
5,work,37,data_raw/cn_official_legacy/round_05/raw/api/items/work/37/votedate.json,data_raw/cn_official_legacy/round_05/raw/api/items/work/37/votesex.json,data_raw/cn_official_legacy/round_05/raw/api/items/work/37/votegeo.json,data_raw/cn_official_legacy/round_05/raw/api/items/work/37/votepaper.json,True
5,work,38,data_raw/cn_official_legacy/round_05/raw/api/items/work/38/votedate.json,data_raw/cn_official_legacy/round_05/raw/api/items/work/38/votesex.json,data_raw/cn_official_legacy/round_05/raw/api/items/work/38/votegeo.json,data_raw/cn_official_legacy/round_05/raw/api/items/work/38/votepaper.json,True
5,work,39,data_raw/cn_official_legacy/round_05/raw/api/items/work/39/votedate.json,data_raw/cn_official_legacy/round_05/raw/api/items/work/39/votesex.json,data_raw/cn_official_legacy/round_05/raw/api/items/work/39/votegeo.json,data_raw/cn_official_legacy/round_05/raw/api/items/work/39/votepaper.json,True
5,work,40,data_raw/cn_official_legacy/round_05/raw/api/items/work/40/votedate.json,data_raw/cn_official_legacy/round_05/raw/api/items/work/40/votesex.json,data_raw/cn_official_legacy/round_05/raw/api/items/work/40/votegeo.json,data_raw/cn_official_legacy/round_05/raw/api/items/work/40/votepaper.json,True
5,work,41,data_raw/cn_official_legacy/round_05/raw/api/items/work/41/votedate.json,data_raw/cn_official_legacy/round_05/raw/api/items/work/41/votesex.json,data_raw/cn_official_legacy/round_05/raw/api/items/work/41/votegeo.json,data_raw/cn_official_legacy/round_05/raw/api/items/work/41/votepaper.json,True
5,work,42,data_raw/cn_official_legacy/round_05/raw/api/items/work/42/votedate.json,data_raw/cn_official_legacy/round_05/raw/api/items/work/42/votesex.json,data_raw/cn_official_legacy/round_05/raw/api/items/work/42/votegeo.json,data_raw/cn_official_legacy/round_05/raw/api/items/work/42/votepaper.json,True
5,work,43,data_raw/cn_official_legacy/round_05/raw/api/items/work/43/votedate.json,data_raw/cn_official_legacy/round_05/raw/api/items/work/43/votesex.json,data_raw/cn_official_legacy/round_05/raw/api/items/work/43/votegeo.json,data_raw/cn_official_legacy/round_05/raw/api/items/work/43/votepaper.json,True
5,work,44,data_raw/cn_official_legacy/round_05/raw/api/items/work/44/votedate.json,data_raw/cn_official_legacy/round_05/raw/api/items/work/44/votesex.json,data_raw/cn_official_legacy/round_05/raw/api/items/work/44/votegeo.json,data_raw/cn_official_legacy/round_05/raw/api/items/work/44/votepaper.json,True
5,work,45,data_raw/cn_official_legacy/round_05/raw/api/items/work/45/votedate.json,data_raw/cn_official_legacy/round_05/raw/api/items/work/45/votesex.json,data_raw/cn_official_legacy/round_05/raw/api/items/work/45/votegeo.json,data_raw/cn_official_legacy/round_05/raw/api/items/work/45/votepaper.json,True
5,work,46,data_raw/cn_official_legacy/round_05/raw/api/items/work/46/votedate.json,data_raw/cn_official_legacy/round_05/raw/api/items/work/46/votesex.json,data_raw/cn_official_legacy/round_05/raw/api/items/work/46/votegeo.json,data_raw/cn_official_legacy/round_05/raw/api/items/work/46/votepaper.json,True
5,work,47,data_raw/cn_official_legacy/round_05/raw/api/items/work/47/votedate.json,data_raw/cn_official_legacy/round_05/raw/api/items/work/47/votesex.json,data_raw/cn_official_legacy/round_05/raw/api/items/work/47/votegeo.json,data_raw/cn_official_legacy/round_05/raw/api/items/work/47/votepaper.json,True
5,work,48,data_raw/cn_official_legacy/round_05/raw/api/items/work/48/votedate.json,data_raw/cn_official_legacy/round_05/raw/api/items/work/48/votesex.json,data_raw/cn_official_legacy/round_05/raw/api/items/work/48/votegeo.json,data_raw/cn_official_legacy/round_05/raw/api/items/work/48/votepaper.json,True
5,work,49,data_raw/cn_official_legacy/round_05/raw/api/items/work/49/votedate.json,data_raw/cn_official_legacy/round_05/raw/api/items/work/49/votesex.json,data_raw/cn_official_legacy/round_05/raw/api/items/work/49/votegeo.json,data_raw/cn_official_legacy/round_05/raw/api/items/work/49/votepaper.json,True
5,work,50,data_raw/cn_official_legacy/round_05/raw/api/items/work/50/votedate.json,data_raw/cn_official_legacy/round_05/raw/api/items/work/50/votesex.json,data_raw/cn_official_legacy/round_05/raw/api/items/work/50/votegeo.json,data_raw/cn_official_legacy/round_05/raw/api/items/work/50/votepaper.json,True
5,work,51,data_raw/cn_official_legacy/round_05/raw/api/items/work/51/votedate.json,data_raw/cn_official_legacy/round_05/raw/api/items/work/51/votesex.json,data_raw/cn_official_legacy/round_05/raw/api/items/work/51/votegeo.json,data_raw/cn_official_legacy/round_05/raw/api/items/work/51/votepaper.json,True
5,work,52,data_raw/cn_official_legacy/round_05/raw/api/items/work/52/votedate.json,data_raw/cn_official_legacy/round_05/raw/api/items/work/52/votesex.json,data_raw/cn_official_legacy/round_05/raw/api/items/work/52/votegeo.json,data_raw/cn_official_legacy/round_05/raw/api/items/work/52/votepaper.json,True
5,work,53,data_raw/cn_official_legacy/round_05/raw/api/items/work/53/votedate.json,data_raw/cn_official_legacy/round_05/raw/api/items/work/53/votesex.json,data_raw/cn_official_legacy/round_05/raw/api/items/work/53/votegeo.json,data_raw/cn_official_legacy/round_05/raw/api/items/work/53/votepaper.json,True
5,work,54,data_raw/cn_official_legacy/round_05/raw/api/items/work/54/votedate.json,data_raw/cn_official_legacy/round_05/raw/api/items/work/54/votesex.json,data_raw/cn_official_legacy/round_05/raw/api/items/work/54/votegeo.json,data_raw/cn_official_legacy/round_05/raw/api/items/work/54/votepaper.json,True
5,work,55,data_raw/cn_official_legacy/round_05/raw/api/items/work/55/votedate.json,data_raw/cn_official_legacy/round_05/raw/api/items/work/55/votesex.json,data_raw/cn_official_legacy/round_05/raw/api/items/work/55/votegeo.json,data_raw/cn_official_legacy/round_05/raw/api/items/work/55/votepaper.json,True
