keyword,tfidf
凭依华设定文档,0.1665965321667706
egoistic,0.1665965321667706
flowers,0.1665965321667706
抵押封条等文件,0.1447617252831529
石油,0.13327722573341647
向包含自己的一切对象降下不幸程度的能力,0.10857129396236467
今宵是飘逸的利己主义者,0.09995791930006236
主役依神女苑,0.09995791930006236
下仆依神紫苑,0.09995791930006236
故事模式专用,0.09942838015896056
ver,0.09384663272051834
在凭依华和人妖名鉴中,0.09384663272051834
live,0.08523325805821604
凭依华,0.0755840503930237
泡沫经济,0.07238086264157645
shion,0.07238086264157645
贫穷神,0.07238086264157645
让一切陷入不幸程度的能力,0.07238086264157645
来保护他人免受财祸之苦的守护神,0.07238086264157645
喜欢坐享其成,0.07238086264157645
整天无精打采,0.07238086264157645
被她凭依的话运气会下降,0.07238086264157645
还会变得贫穷,0.07238086264157645
充盈到一定程度,0.07238086264157645
就会定期爆发,0.07238086264157645
一扫所有的不幸,0.07238086264157645
最凶最恶的双子之姐,0.07238086264157645
让一切徒劳无功的贫乏神,0.07238086264157645
东方凭依华,0.07081065250793869
东方刚欲异闻,0.07081065250793869
幺乐团的历史,0.07081065250793869
主役依神紫苑,0.06663861286670823
下仆八云紫,0.06663861286670823
依神,0.06663861286670823
yorigami,0.06663861286670823
因采到石油而一夜暴富,0.06663861286670823
今宵は飄逸なエゴイスト,0.06663861286670823
油井,0.06663861286670823
紫苑,0.0625644218136789
在凭依华中,0.0625644218136789
梦境世界,0.05176383073163001
故事模式,0.050347092808159334
二次设定,0.049567456755557085
在,0.049567456755557085
中,0.049567456755557085
与,0.044880169392629926
官网角色介绍,0.04440781685063504
刚欲挑战,0.04384554311661357
change_log,0.04384554311661357
斯卡蕾特,0.042486391504763216
