keyword,tfidf
必,0.17645117125952314
杀,0.17645117125952314
egoistic,0.15831137528639191
flowers,0.15831137528639191
使人消耗财产程度的能力,0.13756245415400012
凭依华设定文档,0.12664910022911352
石油,0.12664910022911352
使其像是出于自身意识一般挥霍财产,0.1031718406155001
击,0.09802842847751286
今宵是飘逸的利己主义者,0.09498682517183514
主役依神女苑,0.09498682517183514
下仆依神紫苑,0.09498682517183514
ver,0.08917946429466883
在凭依华和人妖名鉴中,0.08917946429466883
live,0.08099444885100389
射,0.07842274278201028
故事模式专用,0.07558689680145879
凭依华,0.07182511431544815
官网角色介绍,0.07033222188215213
jyoon,0.06878122707700006
对其降下不幸,0.06878122707700006
毫无自制力,0.06878122707700006
失去财产的人运气也会变差,0.06878122707700006
最后会变成一具空壳,0.06878122707700006
凭依了,0.06878122707700006
最凶最恶的双子之妹,0.06878122707700006
让努力付诸东流的疫病神,0.06878122707700006
东方凭依华,0.067289106427718
东方刚欲异闻,0.067289106427718
幺乐团的历史,0.067289106427718
女苑,0.06332455011455676
依神,0.06332455011455676
yorigami,0.06332455011455676
因采到石油而一夜暴富,0.06332455011455676
今宵は飄逸なエゴイスト,0.06332455011455676
凭依交换,0.06332455011455676
loser,0.06332455011455676
绝对输家,0.06332455011455676
油井,0.06332455011455676
疫病神,0.06332455011455676
例大祭15签名会,0.05945297619644589
absolute,0.05945297619644589
在刚欲异闻中,0.05644995016183773
命莲寺,0.056265777505721704
在,0.0538312851421744
梦境世界,0.04918951869306007
查看日文原文,0.04788094387012222
故事模式,0.04784323779412449
二次设定,0.0471023744994026
中,0.0471023744994026
