keyword,tfidf
月之头脑,0.20045227330221085
月の頭脳,0.1336348488681406
永琳,0.12239413078144538
制作任何药物程度的能力,0.1113623740567838
中,0.10023078915176185
在,0.09587292875385917
eirin,0.08908989924542704
yagokoro,0.08908989924542704
儚月抄小说1话,0.08908989924542704
秋例11对话,0.08202205789600343
永夜符,0.08202205789600343
13,0.08158766243128829
永夜抄设定文档,0.0811559875759829
查看日文原文,0.07973807018905521
永夜抄,0.07093669178226406
救救我,0.0668174244340703
えーりん,0.0668174244340703
天才,0.0668174244340703
铃仙线结局,0.0668174244340703
game,0.0668174244340703
药符,0.0668174244340703
蝴蝶梦丸噩梦,0.0668174244340703
秘药,0.0668174244340703
仙香玉兔,0.0668174244340703
噩梦周二,0.06376919370631953
蓬莱之药,0.06151654342200258
蓬莱壶中的弹枝,0.06151654342200258
神符,0.06151654342200258
东方文花帖,0.06101004557063765
东方永夜抄,0.06101004557063765
里,0.05896071917176348
月人,0.05775550848983001
level9,0.05483822315387133
辉夜,0.05483822315387133
永远亭,0.05341397056001317
移动型压迫类,0.052454627477762306
easy,0.04957482500509398
儚月抄,0.048952521687187715
normal,0.048713969336867315
参考度,0.04838319096202343
hard,0.04746127589668063
lunatic,0.047053518228710185
moon,0.04577630720963106
やごころ,0.04454494962271352
えいりん,0.04454494962271352
八亿永琳,0.04454494962271352
文字摘自,0.04454494962271352
萌娘百科,0.04454494962271352
儚月抄漫画2话,0.04454494962271352
她的头脑远远凌驾于人类之上,0.04454494962271352
