keyword,tfidf
本能,0.18028914045219255
道,0.13659770913976563
抑制,0.13521685533914443
无意识,0.1201927603014617
本我的解放,0.1201927603014617
神,0.11356679621105217
哈德曼的妖怪少女,0.1106574104093286
表象,0.10516866526377898
介绍,0.0962318123744391
心绮楼,0.0960639379132049
地灵殿设定文档,0.09263643970641834
超我,0.09014457022609627
300,0.08759118368628488
恋,0.08631375398524302
mind,0.08256204433902267
口授,0.08034584071665911
必,0.07708554438977101
杀,0.07708554438977101
地灵殿,0.07642228973825611
こいし,0.07512047518841355
操纵无意识程度的能力,0.07512047518841355
胎儿之梦,0.07512047518841355
梅莉小姐的电话,0.07512047518841355
本怖,0.07512047518841355
ego,0.07512047518841355
技能名,0.07205056421610316
消费灵力,0.07205056421610316
宗教倾向,0.07205056421610316
佛,0.07205056421610316
仏,0.07205056421610316
凭依华,0.07060041311299224
rose,0.06916088150583037
先祖大人在看着你,0.06009638015073085
ハルトマンの妖怪少女,0.06009638015073085
イドの解放,0.06009638015073085
スーパーエゴ,0.06009638015073085
心符,0.06009638015073085
记忆,0.06009638015073085
dna的瑕疵,0.06009638015073085
蔷薇地狱,0.06009638015073085
岸田,0.06009638015073085
super,0.05670715645020171
komeiji,0.0553287052046643
koishi,0.0553287052046643
小石头,0.0553287052046643
514,0.0553287052046643
梦符,0.0553287052046643
在,0.052913399521361835
故事模式专用,0.049532035240254256
level9,0.04932214513442458
