keyword,tfidf
鬼符,0.12927190226621718
吉吊,0.12335223712782363
鬼杰组,0.12335223712782363
yachie,0.1141650934925204
龟符,0.1141650934925204
鬼杰组长的恐吓,0.1141650934925204
剥夺反抗意志程度的能力,0.1141650934925204
tortoise,0.1141650934925204
幸运与不幸,0.1141650934925204
吉吊八千慧的能力,0.1141650934925204
獭,0.11412744988467685
鹫,0.11412744988467685
狼,0.11121200071113102
八千慧,0.10510794138794367
鬼形兽,0.09510620823723069
鬼形兽设定文档,0.08618126817747812
kitcho,0.0856238201193903
龟甲地狱,0.0856238201193903
亀符,0.0856238201193903
龙纹弹,0.0856238201193903
畜生界,0.08164620259185723
的组长,0.07883095604095776
在鬼形兽,0.07883095604095776
dragon,0.07608496658978456
东方兽王园,0.07259747818305956
查看日文原文,0.062444007848406265
在,0.061428635385665786
东方鬼形兽,0.061428635385665786
吉弔,0.0570825467462602
上吊,0.0570825467462602
坏女人,0.0570825467462602
真吉八弔,0.0570825467462602
惊世智慧,0.0570825467462602
尾巴,0.0570825467462602
与骊驹早鬼,0.0570825467462602
与姬虫百百世,0.0570825467462602
与红美铃,0.0570825467462602
危,0.0570825467462602
两面三刀的家伙,0.0570825467462602
但内心里却瞧不起绝大多数人,0.0570825467462602
招揽进了鬼杰组,0.0570825467462602
按计划派遣水獭灵前往,0.0570825467462602
诱骗自机来帮忙,0.0570825467462602
因为鬼杰组的电脑被入侵而拜托,0.0570825467462602
得知是有人入侵后便让蓝布下陷阱抓住入侵者的线索,0.0570825467462602
鬼杰组组长,0.0570825467462602
トータスドラゴン,0.0570825467462602
幸運と不運,0.0570825467462602
担任鬼杰组组长的吉吊,0.0570825467462602
亀甲地獄,0.0570825467462602
