keyword,tfidf
审判,0.24750875546193224
四季映姬,0.1646547715586575
guilty,0.14850525327715935
夜摩仙那度,0.13559804716595322
明鉴黑白程度的能力,0.12375437773096612
四季,0.0990035021847729
史纪,0.09218862937525754
风花符,0.08557644445869933
10,0.08334602217110976
level10,0.08125389734500184
花映塚设定文档,0.07772211919392802
山田,0.07425262663857968
異議あり,0.07425262663857968
yamaxanadu,0.07425262663857968
净颇梨审判,0.07425262663857968
净玻璃之镜,0.07425262663857968
sixty,0.07425262663857968
years,0.07425262663857968
地狱的最高裁判长,0.07425262663857968
十王审判,0.07425262663857968
not,0.07425262663857968
審判,0.07425262663857968
噩梦周一,0.07086519978019704
花映塚,0.06924173996457912
妖花符,0.0683618826900012
东方花映塚,0.06779902358297661
里,0.06552165552748782
fate,0.0641823333440245
普莉兹姆利巴,0.06295623618419258
of,0.06259654347394648
查看日文原文,0.05907402352780875
阎魔,0.058291589395446014
在,0.05811344878540853
中,0.053270661386624486
东方文花帖,0.053270661386624486
无缘塚,0.05255351414192579
阎萝王,0.04950175109238645
四季大人,0.04950175109238645
我有罪,0.04950175109238645
二十六季,0.04950175109238645
说教狂,0.04950175109238645
魔仙,0.04950175109238645
青岛四季,0.04950175109238645
章节,0.04950175109238645
shikieiki,0.04950175109238645
阎魔大人,0.04950175109238645
负责幻想乡的阎魔大人,0.04950175109238645
且她从来不会说出失之偏颇的话语,0.04950175109238645
她平时负责给死者定罪,0.04950175109238645
用这面镜子映照受审者,0.04950175109238645
