keyword,tfidf
儚月抄,0.16705963264340634
幸运的白兔,0.15201796891368852
inaba,0.13995780389336818
在,0.13880545815008655
妖怪兔,0.1266816407614071
因幡天为,0.12393344477686298
てゐ,0.10134531260912566
使人类变得幸运程度的能力,0.10134531260912566
中,0.09914675582149039
花映塚,0.0850554854418799
tewi,0.07600898445684426
tei,0.07600898445684426
地上の兎,0.07600898445684426
地上兔,0.07600898445684426
幸運の素兎,0.07600898445684426
脱兔,0.07600898445684426
fluster,0.07600898445684426
escape,0.07600898445684426
借符,0.07600898445684426
查看日文原文,0.07054990774016272
东方文花帖,0.06444539128396876
东方永夜抄,0.06444539128396876
普莉兹姆利巴,0.06444539128396876
因幡,0.06444539128396876
史纪,0.06291282804390375
说教,0.06238189643865101
迷途竹林,0.06172225364480643
永远亭,0.0607617203515586
东方花映塚,0.05948805349289423
漫画,0.054530715701819714
永夜抄,0.05379660518959644
黑兔子,0.05067265630456283
小老帝,0.05067265630456283
小帝帝,0.05067265630456283
弑神兔,0.05067265630456283
弑神帝,0.05067265630456283
エンシェントデューパー,0.05067265630456283
角色译名相关,0.05067265630456283
换取永琳将智慧传授给兔子们,0.05067265630456283
但是被自机击败,0.05067265630456283
想要侵略月之都的家伙,0.05067265630456283
看到有,0.05067265630456283
光芒,0.05067265630456283
要求给永琳带一封信,0.05067265630456283
煽动起,0.05067265630456283
饲养兔子作为宠物的热潮,0.05067265630456283
宇佐大人的白旗,0.05067265630456283
duper,0.05067265630456283
远古的欺骗者,0.05067265630456283
赋予人类幸运程度的能力,0.05067265630456283
