keyword,tfidf
creature,0.1531703973402891
埴安神,0.1330952733103107
创造偶像程度的能力,0.1330952733103107
方形,0.1330952733103107
獭,0.13305138786230683
鹫,0.13305138786230683
狼,0.12965251616952603
与吉吊八千慧,0.12253631787223128
袿姫,0.09982145498273304
haniyasushin,0.09982145498273304
keiki,0.09982145498273304
四糸乃幻想入,0.09982145498273304
理发店,0.09982145498273304
全民制作人,0.09982145498273304
idoratrize,0.09982145498273304
埴安神袿姬的能力,0.09982145498273304
蛋糕,0.09190223840417346
埴轮,0.09190223840417346
灵长园,0.08643501077968402
有相关创作,0.0862834648230278
world,0.07836424824446823
广西人大代表,0.06654763665515535
烤串,0.06654763665515535
与戎璎花的关系,0.06654763665515535
摩多罗隐岐奈的关系,0.06654763665515535
骊驹早鬼的关系,0.06654763665515535
雀食堂竞争者,0.06654763665515535
与杖刀偶磨弓,0.06654763665515535
与爱丽丝,0.06654763665515535
与玉造魅须丸,0.06654763665515535
袿,0.06654763665515535
通,0.06654763665515535
当作替身,0.06654763665515535
装饰房间,0.06654763665515535
品质上乘,0.06654763665515535
孤立无援造就的造形神,0.06654763665515535
寄世界于偶像,0.06654763665515535
造形神,0.06654763665515535
手制国宝也不在话下的造形神,0.06654763665515535
圆形,0.06654763665515535
円形,0.06654763665515535
线形,0.06654763665515535
線形,0.06654763665515535
偶像防卫队,0.06654763665515535
为了战胜敌人,0.06654763665515535
可靠的同伴是必要的,0.06654763665515535
如果它们能成为抵挡子弹的盾牌的话,0.06654763665515535
但遗憾的是有冷却时间,0.06654763665515535
鬼形兽,0.06652569393115342
interview,0.06531709990352516
