keyword,tfidf
大蜈蚣,0.2372401709878013
噬龙程度的能力,0.1472475190380705
蛊毒,0.1472475190380705
蠱毒,0.1472475190380705
虹龙洞,0.1367769193533074
himemushi,0.11043563927855289
momoyo,0.11043563927855289
采掘,0.11043563927855289
採掘,0.11043563927855289
百百世,0.101674358994772
虹龙洞特集,0.09545813170673456
姫虫,0.07362375951903526
百々世,0.07362375951903526
手中拿着的工具,0.07362375951903526
你蚣人爷爷来啦,0.07362375951903526
什么都能吃,0.07362375951903526
人也会吃,0.07362375951903526
不如说吃人更简单,0.07362375951903526
龙通过,0.07362375951903526
漆黑的噬龙者,0.07362375951903526
灭杀龙王的公主,0.07362375951903526
囫囵吞运的大蜈蚣,0.07362375951903526
姬虫,0.07362375951903526
swarmer,0.07362375951903526
暴食的蜈蚣,0.07362375951903526
姬虫百百世的能力,0.07362375951903526
幺乐团的历史,0.0720265863291306
6th,0.07020359961613137
龙珠,0.06778290599651465
外貌与服装,0.06778290599651465
东方虹龙洞,0.06482392769621753
eater,0.06363875447115638
外号,0.06042430081865204
27,0.056741836279317046
幽幽子,0.05557731149898135
弹幕狂们的黑市,0.05041861043039142
东方虹龙洞立绘,0.04906632239202893
no,0.045592306451102474
而,0.044598442248252566
二次设定,0.04321595179747836
能力卡牌,0.042069738648192294
看起来像杀马特,0.03681187975951763
头上的那一撮毛也可能是角,0.03681187975951763
原来不是头发吗,0.03681187975951763
百百世毛〇兰说,0.03681187975951763
手中的金色铲子与矿镐在同人创作中有时会被换成其他东西,0.03681187975951763
比如镰刀和锤子,0.03681187975951763
工具是捏他的沙盒游戏minecraft,0.03681187975951763
所以说百百世是地狱更新后的新加入生物矿蚣,0.03681187975951763
因为在东方虹龙洞中的角色设定,0.03681187975951763
