keyword,tfidf
操纵虚无程度的能力,0.15268050929441682
人鬼,0.1405677824198545
日白,0.11451038197081262
寂灭为乐之王,0.11451038197081262
kingdom,0.11451038197081262
nothingness,0.11451038197081262
残无,0.09898024944997222
东方兽王园,0.08962098068865941
地狱,0.08731641981241837
兽王园,0.08104660064878666
にっぱく,0.07634025464720841
ざんむ,0.07634025464720841
nippaku,0.07634025464720841
zanmu,0.07634025464720841
人鬼与巫女,0.07634025464720841
与火车妖怪的往事,0.07634025464720841
名字和种族,0.07634025464720841
一个是,0.07634025464720841
2023,0.07634025464720841
第156回,0.07634025464720841
磨砺了坚忍不拔的意志,0.07634025464720841
为防止地表化作字面意义上的,0.07634025464720841
请鬼族暂缓出兵,0.07634025464720841
刻意诱导她们同时进军地表,0.07634025464720841
让畜生们形成三足鼎立的局势,0.07634025464720841
寂滅為楽の王,0.07634025464720841
越轨者们的无碍光,0.07634025464720841
寂灭为乐的鬼之王,0.07634025464720841
日白残无的能力,0.07634025464720841
dai,0.07634025464720841
幺乐团的历史,0.07468415057388285
不是吗,0.07028389120992724
mario,0.07028389120992724
外貌与服装,0.07028389120992724
兽王园设定文档,0.07028389120992724
故事模式专有符卡,0.059930469529366974
of,0.05792081245672659
好,0.05387410609208581
东方幻存神签,0.05227890540171799
08,0.045279989605527614
然而,0.0452548179657496
二次设定,0.044810490344329705
鬼,0.04194693228833934
游戏内说明,0.03922362616824645
都不是,0.038170127323604204
但都有小小的角,0.038170127323604204
为了和一设中明确提到很高的部下豫母都日狭美配对,0.038170127323604204
常被同人画师画为萝莉,0.038170127323604204
正太形象,0.038170127323604204
残无是因为灵梦才主动放弃了原本的计划,0.038170127323604204
