keyword,tfidf
剪舌麻雀,0.14930423242517457
操纵嫉妒心程度的能力,0.14930423242517457
嫉妒,0.14930423242517457
恨符,0.13745935846621374
我好嫉妒啊,0.11944338594013966
jealousy,0.11944338594013966
bomber,0.11944338594013966
羡慕度,0.11944338594013966
大葛笼与小葛笼,0.08958253945510475
mizuhashi,0.08958253945510475
parsee,0.08958253945510475
桥姬,0.08958253945510475
只要有人心生嫉妒,0.08958253945510475
她的力量便会无穷无尽,0.08958253945510475
地壳下的嫉妒心,0.08958253945510475
丑时参拜,0.08958253945510475
怨恨念法,0.08958253945510475
积怨返,0.08958253945510475
开花爷爷,0.08247561507972825
东方地灵殿,0.070111328775354
口授,0.06653741898523895
地灵殿,0.06328817853879708
帕露帕露,0.05972169297006983
人格分裂,0.05972169297006983
fff团,0.05972169297006983
パルスィ,0.05972169297006983
负责守望着他人能够平安从地上世界到达地下世界,0.05972169297006983
以及从地下世界来到地上世界,0.05972169297006983
生活逐渐崩溃的样子,0.05972169297006983
并以此作为粮食,0.05972169297006983
地殻の下の嫉妬心,0.05972169297006983
绿眼的嫉妒,0.05972169297006983
妒火中烧的桥姬,0.05972169297006983
妒符,0.05972169297006983
eyed,0.05972169297006983
monster,0.05972169297006983
绿眼怪兽,0.05972169297006983
嫉妬,0.05972169297006983
花咲爺,0.05972169297006983
小白的灰烬,0.05972169297006983
舌切雀,0.05972169297006983
幺乐团的历史,0.058426107312795
傲娇,0.0516221146590785
奴隶型,0.0516221146590785
旧都,0.0516221146590785
level2,0.04901463284403006
常见设定和梗,0.04901463284403006
旧地狱,0.04755263349509631
查看日文原文,0.04751348006592161
东方文花帖ds,0.046740885850236
