keyword,tfidf
be,0.1373718221763073
cheer,0.1373718221763073
燐,0.12647359181296777
阿燐,0.12581676794293786
good,0.11874117431442911
带走尸体程度的能力,0.11447651848025608
猫符,0.11447651848025608
cat,0.11447651848025608
地灵殿,0.10675533097268614
walk,0.10539465984413982
猫车,0.09158121478420488
尸体旅行,0.09158121478420488
尸体繁华街,0.09158121478420488
of,0.08106515741950414
死符,0.07916078287628608
地灵殿设定文档,0.07842733123321599
兽王园,0.07292036988722855
kaenbyou,0.06868591108815365
rin,0.06868591108815365
咒精,0.06868591108815365
赎罪,0.06868591108815365
town,0.06868591108815365
醉步,0.06868591108815365
random,0.06868591108815365
中,0.06719585819720056
查看日文原文,0.06375278823873194
火车,0.06323679590648389
在,0.06271613431738718
灼热地狱遗址,0.06121974133246015
ghost,0.056371722670868686
level8,0.056371722670868686
别名,0.056371722670868686
东方地灵殿,0.05375668655776044
fairy,0.051849814531009904
11,0.049687275715678964
关于名字,0.04579060739210244
她跟灵乌路空是交情很深的朋友,0.04579060739210244
不会反复无常,0.04579060739210244
只朝前看,0.04579060739210244
能说善辩,0.04579060739210244
但成功率却很高,0.04579060739210244
在地灵殿和人妖名鉴中,0.04579060739210244
道谢,0.04579060739210244
被觉命令到幻想乡回收石樱,0.04579060739210244
为了调查瑞灵而潜入,0.04579060739210244
引发了村中的几次火灾,0.04579060739210244
协助觉抓捕,0.04579060739210244
主要负责获得证词,0.04579060739210244
了解事件进展等工作,0.04579060739210244
地獄の輪禍,0.04579060739210244
