keyword,tfidf
蝶符,0.4433158362964761
播撒鳞粉程度的能力,0.12067592457643034
butterfly,0.11841990923035925
里,0.11409244819009583
接近神的蝴蝶妖精,0.09050694343232275
eternity,0.09050694343232275
蛹,0.09050694343232275
天空璋,0.07647967471294224
三月精v,0.06595746937819821
东方天空璋,0.06493190820291589
大蝴蝶,0.06033796228821517
新世界的神,0.06033796228821517
⑧,0.06033796228821517
⑨爱塔,0.06033796228821517
与莉格露,0.06033796228821517
与隐岐奈,0.06033796228821517
与合欢,0.06033796228821517
与古明地觉,0.06033796228821517
与黑谷山女,0.06033796228821517
天空璋在琪露诺线ex对话中,0.06033796228821517
接近神的凤蝶妖精,0.06033796228821517
被摩多罗隐岐奈认为是常夜神,0.06033796228821517
larva,0.06033796228821517
作为妖精,0.06033796228821517
形,0.06033796228821517
仲夏的妖精梦,0.06033796228821517
身带神性的凤蝶妖精,0.06033796228821517
盛夏振翅,0.06033796228821517
沾身难下的鳞粉,0.06033796228821517
梦蝶,0.06033796228821517
狂蝶,0.06033796228821517
菈娃,0.06033796228821517
星期二,0.06033655522445093
interview,0.05922224903608461
幺乐团的历史,0.059029007457196254
蝴蝶之梦,0.05555112171018522
后宫,0.05555112171018522
星期日,0.05468380330097023
查看日文原文,0.05400424417080286
拉尔瓦,0.05215480427017365
四季异变,0.04736796369214371
在,0.047223205965757006
15,0.04563697927603833
crazy,0.045548091366332685
1st,0.04315124126172779
dream,0.04133725778122179
中,0.04132030522003738
人设,0.04021204471833855
二次设定,0.03541740447431775
秘封噩梦日记,0.03541740447431775
