keyword,tfidf
炎符,0.18749565891238829
道,0.16832608867540527
神,0.14994176327273062
大神神话传,0.1481106627340638
介绍,0.11858415990388836
抱水皿,0.11108299705054787
六壬神火,0.11108299705054787
立向坐山,0.11108299705054787
太乙真火,0.11108299705054787
必,0.10554519107611465
杀,0.10554519107611465
番町,0.09256916420878988
200,0.09116774901836329
技能名,0.08878618636966676
消费灵力,0.08878618636966676
宗教倾向,0.08878618636966676
佛,0.08878618636966676
仏,0.08878618636966676
故事模式专用,0.08138285586808724
操纵风水程度的能力,0.0740553313670319
大神神話伝,0.0740553313670319
古舟,0.0740553313670319
必杀,0.06588708637460107
天符,0.05813670389873888
火烧樱井寺,0.05554149852527394
投皿,0.05554149852527394
mononobe,0.05554149852527394
futo,0.05554149852527394
古代日本的尸解仙,0.05554149852527394
摔碟的尸解仙,0.05554149852527394
圣童女,0.05554149852527394
风之凶穴,0.05554149852527394
風の凶穴,0.05554149852527394
贵龙之矢,0.05554149852527394
貴竜の矢,0.05554149852527394
天之磐舟,0.05554149852527394
天の磐舟,0.05554149852527394
三轮的皿风暴,0.05554149852527394
三輪の皿嵐,0.05554149852527394
运气,0.05554149852527394
破局的开门,0.05554149852527394
運気,0.05554149852527394
破局の開門,0.05554149852527394
番町皿屋敷,0.05554149852527394
阿菊上勾拳,0.05554149852527394
在,0.054336596833874144
400,0.0539682599555
300,0.0539682599555
官网角色介绍,0.05300767888310683
击,0.052772595538057326
