keyword,tfidf
椛,0.19879985156726532
もみじ,0.14199989397661808
主要流行地区,0.14199989397661808
发源时间,0.12658419086223682
红叶,0.12338882073188892
看见千里之外程度的能力,0.12338882073188892
咀嚼玩味,0.12338882073188892
发源地,0.11359991518129446
狗符,0.11359991518129446
牙符,0.11359991518129446
中国,0.10126735268978944
inubashiri,0.0925416155489167
momizi,0.0925416155489167
椛静,0.0925416155489167
椛静是我的枫糖火锅,0.0925416155489167
白狼天狗,0.0925416155489167
rabies,0.0925416155489167
bite,0.0925416155489167
山窝,0.0925416155489167
expellees,0.0925416155489167
canaan,0.0925416155489167
其他时间产生,0.08992033159446063
初次登场时期产生,0.0703425204932717
犬走,0.06169441036594446
いぬばしり,0.06169441036594446
磨米机,0.06169441036594446
もみしずが俺のもみじ鍋,0.06169441036594446
餅屋,0.06169441036594446
工作忠实的白狼天狗,0.06169441036594446
负责基层警卫,0.06169441036594446
对幻想观察入微的天狗,0.06169441036594446
东方风神录,0.06035602913076744
幺乐团的历史,0.06035602913076744
2007年,0.05679995759064723
椛椛,0.05679995759064723
哼,0.05679995759064723
妖怪之山,0.04876360138815558
洛杉矶ax座谈会,0.04843283530629016
level4,0.04843283530629016
神无月,0.04843283530629016
东方文花帖ds,0.04828482330461395
登场人物有,0.04496016579723031
访谈,0.04496016579723031
查看日文原文,0.04294757051259216
弹幕天邪鬼,0.04224922039153721
分级为,0.041116045262791945
第六日,0.040716291624670525
九天瀑布,0.04006571302193308
河童,0.03820492843749676
由,0.036593043512873236
