keyword,tfidf
魔符,0.32041439405120925
地藏,0.2559598188130835
成美,0.1544532657425726
地蔵,0.12356261259405808
里,0.11682165291132064
的cp,0.10680479801706975
使用魔法程度的能力,0.10140998669582424
我永远喜欢矢田寺成美,0.09267195944554356
矢田寺,0.09267195944554356
肉体强化地藏,0.09267195944554356
矢田寺成美的能力,0.09267195944554356
星期三,0.09148346328722749
成子,0.08531993960436116
天空璋,0.07830914452111505
查看日文原文,0.06758409698230963
东方天空璋,0.06648514396248405
梗,0.06539955883043752
魔法使,0.06539955883043752
越共,0.06178130629702904
yatadera,0.06178130629702904
narumi,0.06178130629702904
生命操纵,0.06178130629702904
生命操纵为主,0.06178130629702904
垂迹于森林的魔法地藏,0.06178130629702904
魔法的笠地藏,0.06178130629702904
魔法生物地藏,0.06178130629702904
即席菩提,0.06178130629702904
作宠物的巨大弹生命体,0.06178130629702904
业火救济,0.06178130629702904
慈爱的地藏,0.06178130629702904
菩萨践踏,0.06178130629702904
生机勃勃的弹幕魔像,0.06178130629702904
梦地藏,0.06178130629702904
劫火的希望,0.06178130629702904
interview,0.060638904075351836
幺乐团的历史,0.06044103996589458
星期日,0.055991894208923004
能力卡牌,0.05295417049277274
使用魔法,0.05070499334791212
程度的能力,0.04663764696770478
jpg,0.04663764696770478
真,0.04359970588695834
3rd,0.04356874831520329
魔法森林,0.043001850204444594
黑市,0.041173956782076
与,0.03830785363306671
后户之国,0.037424739498629685
二次设定,0.03626462397953675
秘封噩梦日记,0.03626462397953675
弹幕狂们的黑市,0.03626462397953675
