keyword,tfidf
道,0.21363195455690762
神,0.17761276378734084
心绮楼,0.13145927614425784
亡失的情感,0.12335888167487762
怒面,0.12335888167487762
介绍,0.1222826474673483
使用后,0.11357235130381416
使用後,0.11357235130381416
佛,0.11268346268285384
仏,0.11268346268285384
喜,0.10662869750239069
必,0.10548817888166535
杀,0.10548817888166535
表情丰富的扑克脸,0.10279906806239801
技能名,0.09859802984749712
消费灵力,0.09859802984749712
宗教倾向,0.09859802984749712
300,0.0898985133299038
怒,0.08436898432052276
こころ,0.0822392544499184
取谐音,0.0822392544499184
同为付丧神,0.0822392544499184
操纵感情程度的能力,0.0822392544499184
愤怒的忌狼之面,0.0822392544499184
怒れる忌狼の面,0.0822392544499184
喜怒哀乐附体,0.0822392544499184
秦河胜,0.07571490086920944
pixiv,0.0674951874564182
はた,0.06167944083743881
こ,0.06167944083743881
ご,0.06167944083743881
裂口女,0.06167944083743881
表情豊かなポーカーフェイス,0.06167944083743881
亡失のエモーション,0.06167944083743881
战栗吧,0.06167944083743881
恶梦的能面女,0.06167944083743881
吼怒的妖狐面,0.06167944083743881
吼怒の妖狐面,0.06167944083743881
怒声的大蜘蛛面,0.06167944083743881
怒声の大蜘蛛面,0.06167944083743881
忧心的鬼婆面,0.06167944083743881
憂心の鬼婆面,0.06167944083743881
欢喜的狮子面,0.06167944083743881
歓喜の獅子面,0.06167944083743881
狂喜的火男面,0.06167944083743881
狂喜の火男面,0.06167944083743881
憑依,0.06167944083743881
喜怒哀楽ポゼッション,0.06167944083743881
忧面,0.06167944083743881
杞人忧地,0.06167944083743881
