keyword,tfidf
管狐,0.2064765821294303
狐符,0.2064765821294303
抓住灵魂弱点乘虚而入程度的能力,0.13765105475295353
菅牧典的能力,0.13765105475295353
jpg,0.12988802117253795
虹龙洞,0.10655237372779676
菅牧,0.10323829106471515
kudamaki,0.10323829106471515
tsukasa,0.10323829106471515
fox,0.10323829106471515
典,0.08923690259787043
东方兽王园,0.0807989348267072
拿捏了,0.06882552737647676
我是咲夜,0.06882552737647676
与饭纲丸龙,0.06882552737647676
与八云蓝,0.06882552737647676
与因幡帝,0.06882552737647676
耳边低语的邪恶白狐,0.06882552737647676
渴盼已久的逢魔之刻,0.06882552737647676
低语邪念的管狐,0.06882552737647676
cylinder,0.06882552737647676
圆管之狐,0.06882552737647676
シリンダーフォックス,0.06882552737647676
星狐,0.06882552737647676
灵力的标本瓶,0.06882552737647676
被弹幕包围,0.06882552737647676
觉得要完蛋了,0.06882552737647676
已经没办法了,0.06882552737647676
该投降了的时候,0.06882552737647676
你会怎么办,0.06882552737647676
纳狐之管,0.06882552737647676
追加管弹幕,0.06882552737647676
东方虹龙洞,0.06733244568892267
幺乐团的历史,0.06733244568892267
5th,0.06562826727230647
纵,0.06336533590238753
横,0.06336533590238753
与饕餮尤魔,0.06336533590238753
有相关组合创作,0.05949126839858029
能力卡牌,0.05899193347299313
查看日文原文,0.05475632321186268
对吧,0.05403107692449106
没错,0.04361892369315004
二次设定,0.0403994674133536
在,0.0403994674133536
弹幕狂们的黑市,0.0403994674133536
游戏内manual,0.03654543139357316
兽王园,0.03653429673179263
游戏内说明,0.035362558968698096
身着连体衣,0.03441276368823838
