keyword,tfidf
永夜归返,0.3523127505877112
永夜返し,0.3523127505877112
神宝,0.26423456294078346
新难题,0.1761563752938556
儚月抄,0.12583119423672395
操纵永远和须臾程度的能力,0.10569382517631339
前往永远亭就能看到,0.10569382517631339
道具稀有度,0.10569382517631339
辉夜,0.10120222217651215
月都万象展,0.0880781876469278
难题,0.0880781876469278
難題,0.0880781876469278
道具使用类,0.0880781876469278
houraisan,0.07046255011754225
kaguya,0.07046255011754225
永远和须臾的罪人,0.07046255011754225
竹取物语,0.07046255011754225
新難題,0.07046255011754225
永夜抄,0.06545572074857288
lunatic,0.06512684490989461
永夜符,0.06487248738849317
level9,0.05782984124372123
查看日文原文,0.05605870838393166
princess,0.055316212033820866
蓬莱山,0.05284691258815669
輝夜,0.05284691258815669
艾哲红石,0.05284691258815669
永遠と須臾の罪人,0.05284691258815669
蓬莱的玉枝,0.05284691258815669
金阁寺的整块天花板,0.05284691258815669
mysterium,0.05284691258815669
13,0.051623133951027404
噩梦周二,0.050436020755938185
easy,0.04901184956257996
永夜抄符卡说明,0.048654365541369884
蓬莱壶中的弹枝,0.048654365541369884
东方永夜抄,0.048253768722443066
normal,0.04816076983608805
hard,0.046922302076854376
里,0.046632925447156894
月人,0.04567970607215245
东方文花帖,0.04480707095655428
幻想巡礼,0.04148715902536565
备考,0.03997107895470591
かぐや,0.035231275058771126
神久夜,0.035231275058771126
里面登场的那位,0.035231275058771126
大受好评,0.035231275058771126
她能集合人类无法感知的一瞬间,0.035231275058771126
以此来使用和行动,0.035231275058771126
