keyword,tfidf
invisible,0.2562606523170773
moon,0.18480313993989145
铃仙,0.16889357850852907
优昙华院,0.16889357850852907
full,0.16709341456364982
因幡,0.16097669201594178
介绍,0.15426615046659284
狂气之瞳,0.12138662478177345
mind,0.11647027139676196
操纵疯狂程度的能力,0.10789922202824306
狂气的月兔,0.10789922202824306
儚月抄,0.09634258157261276
波符,0.09441181927471268
散符,0.09441181927471268
月兔,0.09326570855850973
b或c,0.0905559465173233
inaba,0.08692176972031973
在,0.08444678925426453
cost,0.08300961764087968
符卡名,0.08203749461575358
udongein,0.0809244165211823
狂気の瞳,0.0809244165211823
中,0.07389094059748147
必,0.06920109204929158
杀,0.06920109204929158
lunatic,0.06767302116868029
狂気の月の兎,0.06743701376765192
赤眼催眠,0.06743701376765192
技能与符卡,0.06543627878799847
イナバ,0.06208697837165695
秋例11对话,0.06208697837165695
视觉型压迫类,0.06208697837165695
わーっ,0.06208697837165695
查看日文原文,0.059016812066202726
永夜抄,0.05727558283929277
狂气的赤瞳,0.05394961101412153
幻视调律,0.05394961101412153
生神停止,0.05394961101412153
幻胧月睨,0.05394961101412153
疯狂红眼,0.05394961101412153
幻朧月睨,0.05394961101412153
ルナティックレッドアイズ,0.05394961101412153
月之都,0.050116134984381173
vision,0.04966958269732556
eyes,0.04966958269732556
disorder,0.04966958269732556
ディスオーダーアイ,0.04966958269732556
red,0.04759099705707866
15,0.0459057504551825
官网角色介绍,0.04413292607360083
