keyword,tfidf
穿越墙壁程度的能力,0.1499840131495935
入魔,0.1499840131495935
道符,0.1380852095941994
青娥娘娘,0.11998721051967481
seiga,0.11998721051967481
仙术,0.11998721051967481
邪符,0.11046816767535951
kaku,0.08999040788975611
穿墙的邪仙,0.08999040788975611
东方神灵庙,0.08803818122041654
仙人,0.08744138806924427
娘娘,0.08285112575651964
别名,0.07385669398909112
第四日,0.06598969320142538
通称,0.06350716020437171
洛天依,0.05999360525983741
游戏剧情,0.05999360525983741
せいが,0.05999360525983741
邪仙,0.05999360525983741
将竹棒伪装成自己,0.05999360525983741
道士并不稀罕,0.05999360525983741
壁抜けの邪仙,0.05999360525983741
古老的元神,0.05999360525983741
无法囚禁的邪仙,0.05999360525983741
tao胎动,0.05999360525983741
过剩走火入魔,0.05999360525983741
runner,0.05999360525983741
穿墙虫洞,0.05999360525983741
仙術,0.05999360525983741
年末繁忙期的新买卖,0.05999360525983741
幺乐团的历史,0.058692120813611026
道,0.05844175891869674
心,0.05703239603798962
无节操,0.055234083837679755
神灵庙,0.05347229056764187
东方求闻口授,0.05282290873224992
师走,0.05185714964722977
wall,0.05185714964722977
查看日文原文,0.047729808480556905
青娥,0.04709762822507212
二次设定,0.046953696650888825
求闻口授,0.04230804501803173
猯,0.041101340380119776
东方project专集,0.041101340380119776
zun氏长篇访谈,0.041101340380119776
弹幕天邪鬼,0.04108448456952772
东方神灵庙采访,0.03998254906255129
解释,0.03896117261246449
圣,0.03896117261246449
没错,0.038021597358659745
