keyword,tfidf
pegasus,0.2753286815232302
劲疾技,0.19273007706626114
勁疾技,0.19273007706626114
dark,0.1355802245229911
鬼形兽,0.12844435217314296
早鬼,0.11899402093011764
骊驹,0.11013147260929208
拥有无双脚力程度的能力,0.11013147260929208
圣德太子的天马,0.11013147260929208
骊驹早鬼的能力,0.11013147260929208
獭,0.11009515900555111
鹫,0.11009515900555111
狼,0.10728271694486835
劲牙组,0.0951952167440941
kurokoma,0.08259860445696907
saki,0.08259860445696907
天星马,0.08259860445696907
天星馬,0.08259860445696907
的组长,0.07604574227023113
查看日文原文,0.06571392991665478
畜生界,0.06563460167874446
东方鬼形兽,0.06464538679850942
鬼形兽设定文档,0.06235226779066108
东方兽王园,0.059258271231966975
兽王园,0.05846051680516943
驪駒,0.05506573630464604
二设和梗,0.05506573630464604
与丰聪耳神子,0.05506573630464604
无与伦比的脚力,0.05506573630464604
肌肉笨蛋,0.05506573630464604
派遣野狼灵前往幻想乡,0.05506573630464604
的介绍下将,0.05506573630464604
以怀柔政策笼络进劲牙组,0.05506573630464604
劲牙组组长,0.05506573630464604
聖徳太子のペガサス,0.05506573630464604
担任劲牙组组长的骊驹,0.05506573630464604
弱肉强食之理,0.05506573630464604
即使处于低火力状态也会变得很强,0.05506573630464604
十分好用的能力,0.05506573630464604
不管如何绞尽脑汁,0.05506573630464604
想尽千方百计,0.05506573630464604
在压倒性的力量面前,0.05506573630464604
万物均会降伏,0.05506573630464604
最重要的还是攻击力,0.05506573630464604
天马十字,0.05506573630464604
ペガサスクロス,0.05506573630464604
interview,0.054047512131944406
幺乐团的历史,0.053871155665424525
灵长园,0.053641358472434175
6th,0.05250768134299557
