round_label,scope,community_id,community_rank,node_count,edge_count,internal_weight,total_weighted_degree,modularity_contribution,algorithm,weight_metric,threshold,min_intersection_count,resolution,random_seed,software_version,official_faction_source,official_faction_note
CN4,music,C-bc17990eb3e7c8a1,1,1,0,0.0,0.0,0.0,louvain,intersection_count,100.0,0.0,1.0,20260801,1.0.0,not_used,community labels are structural network results; they are not official factions and do not replace original-setting faction metadata
CN4,music,C-9bf8649ff2df521e,2,1,0,0.0,0.0,0.0,louvain,intersection_count,100.0,0.0,1.0,20260801,1.0.0,not_used,community labels are structural network results; they are not official factions and do not replace original-setting faction metadata
CN4,music,C-28173a65ae1b2044,3,1,0,0.0,0.0,0.0,louvain,intersection_count,100.0,0.0,1.0,20260801,1.0.0,not_used,community labels are structural network results; they are not official factions and do not replace original-setting faction metadata
CN4,music,C-83a1a35ff2ef45f4,4,1,0,0.0,0.0,0.0,louvain,intersection_count,100.0,0.0,1.0,20260801,1.0.0,not_used,community labels are structural network results; they are not official factions and do not replace original-setting faction metadata
CN4,music,C-b4272585b7c81a5a,5,1,0,0.0,0.0,0.0,louvain,intersection_count,100.0,0.0,1.0,20260801,1.0.0,not_used,community labels are structural network results; they are not official factions and do not replace original-setting faction metadata
CN4,music,C-c63c8210e7c0a070,6,1,0,0.0,0.0,0.0,louvain,intersection_count,100.0,0.0,1.0,20260801,1.0.0,not_used,community labels are structural network results; they are not official factions and do not replace original-setting faction metadata
CN4,music,C-8211706da6843d86,7,1,0,0.0,0.0,0.0,louvain,intersection_count,100.0,0.0,1.0,20260801,1.0.0,not_used,community labels are structural network results; they are not official factions and do not replace original-setting faction metadata
CN4,music,C-b4c89358b05d7d8f,8,1,0,0.0,0.0,0.0,louvain,intersection_count,100.0,0.0,1.0,20260801,1.0.0,not_used,community labels are structural network results; they are not official factions and do not replace original-setting faction metadata
CN4,music,C-6e28d6ab89dd94c8,9,1,0,0.0,0.0,0.0,louvain,intersection_count,100.0,0.0,1.0,20260801,1.0.0,not_used,community labels are structural network results; they are not official factions and do not replace original-setting faction metadata
CN4,music,C-361b6de5f7c76681,10,1,0,0.0,0.0,0.0,louvain,intersection_count,100.0,0.0,1.0,20260801,1.0.0,not_used,community labels are structural network results; they are not official factions and do not replace original-setting faction metadata
CN4,music,C-9954ab5713413490,11,1,0,0.0,0.0,0.0,louvain,intersection_count,100.0,0.0,1.0,20260801,1.0.0,not_used,community labels are structural network results; they are not official factions and do not replace original-setting faction metadata
CN4,music,C-7a80b9acbfc113c9,12,1,0,0.0,0.0,0.0,louvain,intersection_count,100.0,0.0,1.0,20260801,1.0.0,not_used,community labels are structural network results; they are not official factions and do not replace original-setting faction metadata
CN4,music,C-704da4577428bff8,13,1,0,0.0,0.0,0.0,louvain,intersection_count,100.0,0.0,1.0,20260801,1.0.0,not_used,community labels are structural network results; they are not official factions and do not replace original-setting faction metadata
CN4,music,C-e16a6827263c0381,14,1,0,0.0,0.0,0.0,louvain,intersection_count,100.0,0.0,1.0,20260801,1.0.0,not_used,community labels are structural network results; they are not official factions and do not replace original-setting faction metadata
CN4,music,C-d481b4a58ebd31a0,15,1,0,0.0,0.0,0.0,louvain,intersection_count,100.0,0.0,1.0,20260801,1.0.0,not_used,community labels are structural network results; they are not official factions and do not replace original-setting faction metadata
CN4,music,C-837dc141a8c9ef77,16,1,0,0.0,0.0,0.0,louvain,intersection_count,100.0,0.0,1.0,20260801,1.0.0,not_used,community labels are structural network results; they are not official factions and do not replace original-setting faction metadata
CN4,music,C-7429530ae17a96f9,17,1,0,0.0,0.0,0.0,louvain,intersection_count,100.0,0.0,1.0,20260801,1.0.0,not_used,community labels are structural network results; they are not official factions and do not replace original-setting faction metadata
CN4,music,C-dc2bb1fb1a3b26e2,18,1,0,0.0,0.0,0.0,louvain,intersection_count,100.0,0.0,1.0,20260801,1.0.0,not_used,community labels are structural network results; they are not official factions and do not replace original-setting faction metadata
CN4,music,C-b4e2bcd270d080ae,19,1,0,0.0,0.0,0.0,louvain,intersection_count,100.0,0.0,1.0,20260801,1.0.0,not_used,community labels are structural network results; they are not official factions and do not replace original-setting faction metadata
CN4,music,C-8686e930bf31e9fc,20,1,0,0.0,0.0,0.0,louvain,intersection_count,100.0,0.0,1.0,20260801,1.0.0,not_used,community labels are structural network results; they are not official factions and do not replace original-setting faction metadata
CN4,music,C-08483e407c3387f6,21,1,0,0.0,0.0,0.0,louvain,intersection_count,100.0,0.0,1.0,20260801,1.0.0,not_used,community labels are structural network results; they are not official factions and do not replace original-setting faction metadata
CN4,music,C-716b270d7701edc5,22,1,0,0.0,0.0,0.0,louvain,intersection_count,100.0,0.0,1.0,20260801,1.0.0,not_used,community labels are structural network results; they are not official factions and do not replace original-setting faction metadata
CN4,music,C-b86782336f618633,23,1,0,0.0,0.0,0.0,louvain,intersection_count,100.0,0.0,1.0,20260801,1.0.0,not_used,community labels are structural network results; they are not official factions and do not replace original-setting faction metadata
CN4,music,C-2a790a536d989706,24,1,0,0.0,0.0,0.0,louvain,intersection_count,100.0,0.0,1.0,20260801,1.0.0,not_used,community labels are structural network results; they are not official factions and do not replace original-setting faction metadata
CN4,music,C-184c57ec33f5a971,25,1,0,0.0,0.0,0.0,louvain,intersection_count,100.0,0.0,1.0,20260801,1.0.0,not_used,community labels are structural network results; they are not official factions and do not replace original-setting faction metadata
CN4,music,C-27dd4b897d398f60,26,1,0,0.0,0.0,0.0,louvain,intersection_count,100.0,0.0,1.0,20260801,1.0.0,not_used,community labels are structural network results; they are not official factions and do not replace original-setting faction metadata
CN4,music,C-ae30abf2f8131825,27,1,0,0.0,0.0,0.0,louvain,intersection_count,100.0,0.0,1.0,20260801,1.0.0,not_used,community labels are structural network results; they are not official factions and do not replace original-setting faction metadata
CN4,music,C-a984b789f6f7e48f,28,1,0,0.0,0.0,0.0,louvain,intersection_count,100.0,0.0,1.0,20260801,1.0.0,not_used,community labels are structural network results; they are not official factions and do not replace original-setting faction metadata
CN4,music,C-3641c58d76559dc9,29,1,0,0.0,0.0,0.0,louvain,intersection_count,100.0,0.0,1.0,20260801,1.0.0,not_used,community labels are structural network results; they are not official factions and do not replace original-setting faction metadata
CN4,music,C-7445c38abb559a67,30,1,0,0.0,0.0,0.0,louvain,intersection_count,100.0,0.0,1.0,20260801,1.0.0,not_used,community labels are structural network results; they are not official factions and do not replace original-setting faction metadata
CN4,music,C-e525c16f0f947529,31,1,0,0.0,0.0,0.0,louvain,intersection_count,100.0,0.0,1.0,20260801,1.0.0,not_used,community labels are structural network results; they are not official factions and do not replace original-setting faction metadata
CN4,music,C-152b800691d93b01,32,1,0,0.0,0.0,0.0,louvain,intersection_count,100.0,0.0,1.0,20260801,1.0.0,not_used,community labels are structural network results; they are not official factions and do not replace original-setting faction metadata
CN4,music,C-43776d37e616f3dd,33,1,0,0.0,0.0,0.0,louvain,intersection_count,100.0,0.0,1.0,20260801,1.0.0,not_used,community labels are structural network results; they are not official factions and do not replace original-setting faction metadata
CN4,music,C-510538d6c799cd3a,34,1,0,0.0,0.0,0.0,louvain,intersection_count,100.0,0.0,1.0,20260801,1.0.0,not_used,community labels are structural network results; they are not official factions and do not replace original-setting faction metadata
CN4,music,C-899a83e8938993ea,35,1,0,0.0,0.0,0.0,louvain,intersection_count,100.0,0.0,1.0,20260801,1.0.0,not_used,community labels are structural network results; they are not official factions and do not replace original-setting faction metadata
CN4,music,C-1ef5a18bd45c0846,36,1,0,0.0,0.0,0.0,louvain,intersection_count,100.0,0.0,1.0,20260801,1.0.0,not_used,community labels are structural network results; they are not official factions and do not replace original-setting faction metadata
CN4,music,C-726aca8ebedc0b62,37,1,0,0.0,0.0,0.0,louvain,intersection_count,100.0,0.0,1.0,20260801,1.0.0,not_used,community labels are structural network results; they are not official factions and do not replace original-setting faction metadata
CN4,music,C-1503b2de27ce583a,38,1,0,0.0,0.0,0.0,louvain,intersection_count,100.0,0.0,1.0,20260801,1.0.0,not_used,community labels are structural network results; they are not official factions and do not replace original-setting faction metadata
CN4,music,C-89643a043848fd57,39,1,0,0.0,0.0,0.0,louvain,intersection_count,100.0,0.0,1.0,20260801,1.0.0,not_used,community labels are structural network results; they are not official factions and do not replace original-setting faction metadata
CN4,music,C-1be61d97f2ac4f29,40,1,0,0.0,0.0,0.0,louvain,intersection_count,100.0,0.0,1.0,20260801,1.0.0,not_used,community labels are structural network results; they are not official factions and do not replace original-setting faction metadata
CN4,music,C-25f62bb45741138e,41,1,0,0.0,0.0,0.0,louvain,intersection_count,100.0,0.0,1.0,20260801,1.0.0,not_used,community labels are structural network results; they are not official factions and do not replace original-setting faction metadata
CN4,music,C-f618f6b78454d502,42,1,0,0.0,0.0,0.0,louvain,intersection_count,100.0,0.0,1.0,20260801,1.0.0,not_used,community labels are structural network results; they are not official factions and do not replace original-setting faction metadata
CN4,music,C-ddb4588fefc99458,43,1,0,0.0,0.0,0.0,louvain,intersection_count,100.0,0.0,1.0,20260801,1.0.0,not_used,community labels are structural network results; they are not official factions and do not replace original-setting faction metadata
CN4,music,C-ca85675c281d59ea,44,1,0,0.0,0.0,0.0,louvain,intersection_count,100.0,0.0,1.0,20260801,1.0.0,not_used,community labels are structural network results; they are not official factions and do not replace original-setting faction metadata
CN4,music,C-9b85a826506be5f0,45,1,0,0.0,0.0,0.0,louvain,intersection_count,100.0,0.0,1.0,20260801,1.0.0,not_used,community labels are structural network results; they are not official factions and do not replace original-setting faction metadata
CN4,music,C-4c3537564e561cbe,46,1,0,0.0,0.0,0.0,louvain,intersection_count,100.0,0.0,1.0,20260801,1.0.0,not_used,community labels are structural network results; they are not official factions and do not replace original-setting faction metadata
CN4,music,C-2507b76eac280b19,47,1,0,0.0,0.0,0.0,louvain,intersection_count,100.0,0.0,1.0,20260801,1.0.0,not_used,community labels are structural network results; they are not official factions and do not replace original-setting faction metadata
CN4,music,C-85d0a569e1c5a7fe,48,1,0,0.0,0.0,0.0,louvain,intersection_count,100.0,0.0,1.0,20260801,1.0.0,not_used,community labels are structural network results; they are not official factions and do not replace original-setting faction metadata
CN4,music,C-0d535804b622d46c,49,1,0,0.0,0.0,0.0,louvain,intersection_count,100.0,0.0,1.0,20260801,1.0.0,not_used,community labels are structural network results; they are not official factions and do not replace original-setting faction metadata
CN4,music,C-0609b8190aa7b614,50,1,0,0.0,0.0,0.0,louvain,intersection_count,100.0,0.0,1.0,20260801,1.0.0,not_used,community labels are structural network results; they are not official factions and do not replace original-setting faction metadata
CN4,music,C-c7188f5c4f5fdc09,51,1,0,0.0,0.0,0.0,louvain,intersection_count,100.0,0.0,1.0,20260801,1.0.0,not_used,community labels are structural network results; they are not official factions and do not replace original-setting faction metadata
CN4,music,C-588e677115d7c274,52,1,0,0.0,0.0,0.0,louvain,intersection_count,100.0,0.0,1.0,20260801,1.0.0,not_used,community labels are structural network results; they are not official factions and do not replace original-setting faction metadata
CN4,music,C-fe4c8e35b348dacc,53,1,0,0.0,0.0,0.0,louvain,intersection_count,100.0,0.0,1.0,20260801,1.0.0,not_used,community labels are structural network results; they are not official factions and do not replace original-setting faction metadata
CN4,music,C-ab6806deb0f2f3cb,54,1,0,0.0,0.0,0.0,louvain,intersection_count,100.0,0.0,1.0,20260801,1.0.0,not_used,community labels are structural network results; they are not official factions and do not replace original-setting faction metadata
CN4,music,C-99699c135796ea89,55,1,0,0.0,0.0,0.0,louvain,intersection_count,100.0,0.0,1.0,20260801,1.0.0,not_used,community labels are structural network results; they are not official factions and do not replace original-setting faction metadata
CN4,music,C-cfbff23abcd8116d,56,1,0,0.0,0.0,0.0,louvain,intersection_count,100.0,0.0,1.0,20260801,1.0.0,not_used,community labels are structural network results; they are not official factions and do not replace original-setting faction metadata
CN4,music,C-fff730214b8ff26e,57,1,0,0.0,0.0,0.0,louvain,intersection_count,100.0,0.0,1.0,20260801,1.0.0,not_used,community labels are structural network results; they are not official factions and do not replace original-setting faction metadata
CN4,music,C-820df4fa72cb3cf9,58,1,0,0.0,0.0,0.0,louvain,intersection_count,100.0,0.0,1.0,20260801,1.0.0,not_used,community labels are structural network results; they are not official factions and do not replace original-setting faction metadata
CN4,music,C-a72da7ae20c5a982,59,1,0,0.0,0.0,0.0,louvain,intersection_count,100.0,0.0,1.0,20260801,1.0.0,not_used,community labels are structural network results; they are not official factions and do not replace original-setting faction metadata
CN4,music,C-57ddf8c30169c0c7,60,1,0,0.0,0.0,0.0,louvain,intersection_count,100.0,0.0,1.0,20260801,1.0.0,not_used,community labels are structural network results; they are not official factions and do not replace original-setting faction metadata
CN4,music,C-8e057998c6b29426,61,1,0,0.0,0.0,0.0,louvain,intersection_count,100.0,0.0,1.0,20260801,1.0.0,not_used,community labels are structural network results; they are not official factions and do not replace original-setting faction metadata
CN4,music,C-20c59aa0d58e51cf,62,1,0,0.0,0.0,0.0,louvain,intersection_count,100.0,0.0,1.0,20260801,1.0.0,not_used,community labels are structural network results; they are not official factions and do not replace original-setting faction metadata
CN4,music,C-d87cc95d94badd2b,63,1,0,0.0,0.0,0.0,louvain,intersection_count,100.0,0.0,1.0,20260801,1.0.0,not_used,community labels are structural network results; they are not official factions and do not replace original-setting faction metadata
CN4,music,C-b4f11a5c04a8f032,64,1,0,0.0,0.0,0.0,louvain,intersection_count,100.0,0.0,1.0,20260801,1.0.0,not_used,community labels are structural network results; they are not official factions and do not replace original-setting faction metadata
CN4,music,C-fff1f94340895c9e,65,1,0,0.0,0.0,0.0,louvain,intersection_count,100.0,0.0,1.0,20260801,1.0.0,not_used,community labels are structural network results; they are not official factions and do not replace original-setting faction metadata
CN4,music,C-c13990ef3b1309ba,66,1,0,0.0,0.0,0.0,louvain,intersection_count,100.0,0.0,1.0,20260801,1.0.0,not_used,community labels are structural network results; they are not official factions and do not replace original-setting faction metadata
CN4,music,C-78e3b9b43ae68920,67,1,0,0.0,0.0,0.0,louvain,intersection_count,100.0,0.0,1.0,20260801,1.0.0,not_used,community labels are structural network results; they are not official factions and do not replace original-setting faction metadata
CN4,music,C-a7d7cd485af60ed1,68,1,0,0.0,0.0,0.0,louvain,intersection_count,100.0,0.0,1.0,20260801,1.0.0,not_used,community labels are structural network results; they are not official factions and do not replace original-setting faction metadata
CN4,music,C-9d6369e08c98946f,69,1,0,0.0,0.0,0.0,louvain,intersection_count,100.0,0.0,1.0,20260801,1.0.0,not_used,community labels are structural network results; they are not official factions and do not replace original-setting faction metadata
CN4,music,C-def4a7f80fb5ab0e,70,1,0,0.0,0.0,0.0,louvain,intersection_count,100.0,0.0,1.0,20260801,1.0.0,not_used,community labels are structural network results; they are not official factions and do not replace original-setting faction metadata
CN4,music,C-9e1d373d5a2e65d6,71,1,0,0.0,0.0,0.0,louvain,intersection_count,100.0,0.0,1.0,20260801,1.0.0,not_used,community labels are structural network results; they are not official factions and do not replace original-setting faction metadata
CN4,music,C-6521aeefa28fa7ca,72,1,0,0.0,0.0,0.0,louvain,intersection_count,100.0,0.0,1.0,20260801,1.0.0,not_used,community labels are structural network results; they are not official factions and do not replace original-setting faction metadata
CN4,music,C-9f04a2096f23599e,73,1,0,0.0,0.0,0.0,louvain,intersection_count,100.0,0.0,1.0,20260801,1.0.0,not_used,community labels are structural network results; they are not official factions and do not replace original-setting faction metadata
CN4,music,C-7fd8529463c469ba,74,1,0,0.0,0.0,0.0,louvain,intersection_count,100.0,0.0,1.0,20260801,1.0.0,not_used,community labels are structural network results; they are not official factions and do not replace original-setting faction metadata
CN4,music,C-ab30bbae1e23d659,75,1,0,0.0,0.0,0.0,louvain,intersection_count,100.0,0.0,1.0,20260801,1.0.0,not_used,community labels are structural network results; they are not official factions and do not replace original-setting faction metadata
CN4,music,C-5c8157fc416a90f9,76,1,0,0.0,0.0,0.0,louvain,intersection_count,100.0,0.0,1.0,20260801,1.0.0,not_used,community labels are structural network results; they are not official factions and do not replace original-setting faction metadata
CN4,music,C-029d85f01bd3af7b,77,1,0,0.0,0.0,0.0,louvain,intersection_count,100.0,0.0,1.0,20260801,1.0.0,not_used,community labels are structural network results; they are not official factions and do not replace original-setting faction metadata
CN4,music,C-ae7a5a6c28369247,78,1,0,0.0,0.0,0.0,louvain,intersection_count,100.0,0.0,1.0,20260801,1.0.0,not_used,community labels are structural network results; they are not official factions and do not replace original-setting faction metadata
CN4,music,C-719f0d882ff42ca2,79,1,0,0.0,0.0,0.0,louvain,intersection_count,100.0,0.0,1.0,20260801,1.0.0,not_used,community labels are structural network results; they are not official factions and do not replace original-setting faction metadata
CN4,music,C-b971d32a77507352,80,1,0,0.0,0.0,0.0,louvain,intersection_count,100.0,0.0,1.0,20260801,1.0.0,not_used,community labels are structural network results; they are not official factions and do not replace original-setting faction metadata
CN4,music,C-eb9f77802a0bd2d6,81,1,0,0.0,0.0,0.0,louvain,intersection_count,100.0,0.0,1.0,20260801,1.0.0,not_used,community labels are structural network results; they are not official factions and do not replace original-setting faction metadata
CN4,music,C-098f2a04eecbe5bd,82,1,0,0.0,0.0,0.0,louvain,intersection_count,100.0,0.0,1.0,20260801,1.0.0,not_used,community labels are structural network results; they are not official factions and do not replace original-setting faction metadata
CN4,music,C-1cce3b3677c0b717,83,1,0,0.0,0.0,0.0,louvain,intersection_count,100.0,0.0,1.0,20260801,1.0.0,not_used,community labels are structural network results; they are not official factions and do not replace original-setting faction metadata
CN4,music,C-f589866afce25efd,84,1,0,0.0,0.0,0.0,louvain,intersection_count,100.0,0.0,1.0,20260801,1.0.0,not_used,community labels are structural network results; they are not official factions and do not replace original-setting faction metadata
CN4,music,C-af597b6efe6e0357,85,1,0,0.0,0.0,0.0,louvain,intersection_count,100.0,0.0,1.0,20260801,1.0.0,not_used,community labels are structural network results; they are not official factions and do not replace original-setting faction metadata
CN4,music,C-1bb2f2d0524d2812,86,1,0,0.0,0.0,0.0,louvain,intersection_count,100.0,0.0,1.0,20260801,1.0.0,not_used,community labels are structural network results; they are not official factions and do not replace original-setting faction metadata
CN4,music,C-abc684eed5a62a17,87,1,0,0.0,0.0,0.0,louvain,intersection_count,100.0,0.0,1.0,20260801,1.0.0,not_used,community labels are structural network results; they are not official factions and do not replace original-setting faction metadata
CN4,music,C-ff72208734b38825,88,1,0,0.0,0.0,0.0,louvain,intersection_count,100.0,0.0,1.0,20260801,1.0.0,not_used,community labels are structural network results; they are not official factions and do not replace original-setting faction metadata
CN4,music,C-022592162cff94c7,89,1,0,0.0,0.0,0.0,louvain,intersection_count,100.0,0.0,1.0,20260801,1.0.0,not_used,community labels are structural network results; they are not official factions and do not replace original-setting faction metadata
CN4,music,C-eabea6f57e4331f6,90,1,0,0.0,0.0,0.0,louvain,intersection_count,100.0,0.0,1.0,20260801,1.0.0,not_used,community labels are structural network results; they are not official factions and do not replace original-setting faction metadata
CN4,music,C-6179bdf5bc50bb59,91,1,0,0.0,0.0,0.0,louvain,intersection_count,100.0,0.0,1.0,20260801,1.0.0,not_used,community labels are structural network results; they are not official factions and do not replace original-setting faction metadata
CN4,music,C-a11a8379fe30bb02,92,1,0,0.0,0.0,0.0,louvain,intersection_count,100.0,0.0,1.0,20260801,1.0.0,not_used,community labels are structural network results; they are not official factions and do not replace original-setting faction metadata
CN4,music,C-0fbeb0a8eba88b8f,93,1,0,0.0,0.0,0.0,louvain,intersection_count,100.0,0.0,1.0,20260801,1.0.0,not_used,community labels are structural network results; they are not official factions and do not replace original-setting faction metadata
CN4,music,C-1d04f83c0e9d1a11,94,1,0,0.0,0.0,0.0,louvain,intersection_count,100.0,0.0,1.0,20260801,1.0.0,not_used,community labels are structural network results; they are not official factions and do not replace original-setting faction metadata
CN4,music,C-a0e94ed05960e463,95,1,0,0.0,0.0,0.0,louvain,intersection_count,100.0,0.0,1.0,20260801,1.0.0,not_used,community labels are structural network results; they are not official factions and do not replace original-setting faction metadata
CN4,music,C-e8135086c25fe784,96,1,0,0.0,0.0,0.0,louvain,intersection_count,100.0,0.0,1.0,20260801,1.0.0,not_used,community labels are structural network results; they are not official factions and do not replace original-setting faction metadata
CN4,music,C-419552b12c029392,97,1,0,0.0,0.0,0.0,louvain,intersection_count,100.0,0.0,1.0,20260801,1.0.0,not_used,community labels are structural network results; they are not official factions and do not replace original-setting faction metadata
CN4,music,C-23a94197fad6d002,98,1,0,0.0,0.0,0.0,louvain,intersection_count,100.0,0.0,1.0,20260801,1.0.0,not_used,community labels are structural network results; they are not official factions and do not replace original-setting faction metadata
CN4,music,C-e530ce7c35198441,99,1,0,0.0,0.0,0.0,louvain,intersection_count,100.0,0.0,1.0,20260801,1.0.0,not_used,community labels are structural network results; they are not official factions and do not replace original-setting faction metadata
CN4,music,C-64183ec20f93440a,100,1,0,0.0,0.0,0.0,louvain,intersection_count,100.0,0.0,1.0,20260801,1.0.0,not_used,community labels are structural network results; they are not official factions and do not replace original-setting faction metadata
CN4,music,C-3fbb68988a604c1b,101,1,0,0.0,0.0,0.0,louvain,intersection_count,100.0,0.0,1.0,20260801,1.0.0,not_used,community labels are structural network results; they are not official factions and do not replace original-setting faction metadata
CN4,music,C-abcb5e44bdb71cd7,102,1,0,0.0,0.0,0.0,louvain,intersection_count,100.0,0.0,1.0,20260801,1.0.0,not_used,community labels are structural network results; they are not official factions and do not replace original-setting faction metadata
CN4,music,C-b105a7803b1428c8,103,1,0,0.0,0.0,0.0,louvain,intersection_count,100.0,0.0,1.0,20260801,1.0.0,not_used,community labels are structural network results; they are not official factions and do not replace original-setting faction metadata
CN4,music,C-a3c39636faf71ca4,104,1,0,0.0,0.0,0.0,louvain,intersection_count,100.0,0.0,1.0,20260801,1.0.0,not_used,community labels are structural network results; they are not official factions and do not replace original-setting faction metadata
CN4,music,C-8754693855c1545c,105,1,0,0.0,0.0,0.0,louvain,intersection_count,100.0,0.0,1.0,20260801,1.0.0,not_used,community labels are structural network results; they are not official factions and do not replace original-setting faction metadata
CN4,music,C-3993179348f978ed,106,1,0,0.0,0.0,0.0,louvain,intersection_count,100.0,0.0,1.0,20260801,1.0.0,not_used,community labels are structural network results; they are not official factions and do not replace original-setting faction metadata
CN4,music,C-f729cfc4e91fbbb8,107,1,0,0.0,0.0,0.0,louvain,intersection_count,100.0,0.0,1.0,20260801,1.0.0,not_used,community labels are structural network results; they are not official factions and do not replace original-setting faction metadata
CN4,music,C-3525f76407295c06,108,1,0,0.0,0.0,0.0,louvain,intersection_count,100.0,0.0,1.0,20260801,1.0.0,not_used,community labels are structural network results; they are not official factions and do not replace original-setting faction metadata
CN4,music,C-6a1b07d0094720e3,109,1,0,0.0,0.0,0.0,louvain,intersection_count,100.0,0.0,1.0,20260801,1.0.0,not_used,community labels are structural network results; they are not official factions and do not replace original-setting faction metadata
CN4,music,C-ffab42b46b62f968,110,1,0,0.0,0.0,0.0,louvain,intersection_count,100.0,0.0,1.0,20260801,1.0.0,not_used,community labels are structural network results; they are not official factions and do not replace original-setting faction metadata
CN4,music,C-6c39b632b4d6eeb2,111,1,0,0.0,0.0,0.0,louvain,intersection_count,100.0,0.0,1.0,20260801,1.0.0,not_used,community labels are structural network results; they are not official factions and do not replace original-setting faction metadata
CN4,music,C-cd1cad6e60bf10d1,112,1,0,0.0,0.0,0.0,louvain,intersection_count,100.0,0.0,1.0,20260801,1.0.0,not_used,community labels are structural network results; they are not official factions and do not replace original-setting faction metadata
CN4,music,C-3cf3c81ab9e74b65,113,1,0,0.0,0.0,0.0,louvain,intersection_count,100.0,0.0,1.0,20260801,1.0.0,not_used,community labels are structural network results; they are not official factions and do not replace original-setting faction metadata
CN4,music,C-f34f432bab3f8d29,114,1,0,0.0,0.0,0.0,louvain,intersection_count,100.0,0.0,1.0,20260801,1.0.0,not_used,community labels are structural network results; they are not official factions and do not replace original-setting faction metadata
CN4,music,C-c6157ee4bff842af,115,1,0,0.0,0.0,0.0,louvain,intersection_count,100.0,0.0,1.0,20260801,1.0.0,not_used,community labels are structural network results; they are not official factions and do not replace original-setting faction metadata
CN4,music,C-c821572907478024,116,1,0,0.0,0.0,0.0,louvain,intersection_count,100.0,0.0,1.0,20260801,1.0.0,not_used,community labels are structural network results; they are not official factions and do not replace original-setting faction metadata
CN4,music,C-fefc9197ee4af25d,117,1,0,0.0,0.0,0.0,louvain,intersection_count,100.0,0.0,1.0,20260801,1.0.0,not_used,community labels are structural network results; they are not official factions and do not replace original-setting faction metadata
CN4,music,C-169c7cab671f35a2,118,1,0,0.0,0.0,0.0,louvain,intersection_count,100.0,0.0,1.0,20260801,1.0.0,not_used,community labels are structural network results; they are not official factions and do not replace original-setting faction metadata
CN4,music,C-a76d70d47e2ce82a,119,1,0,0.0,0.0,0.0,louvain,intersection_count,100.0,0.0,1.0,20260801,1.0.0,not_used,community labels are structural network results; they are not official factions and do not replace original-setting faction metadata
CN4,music,C-47ded6d0dbfe0dd6,120,1,0,0.0,0.0,0.0,louvain,intersection_count,100.0,0.0,1.0,20260801,1.0.0,not_used,community labels are structural network results; they are not official factions and do not replace original-setting faction metadata
CN4,music,C-952ea7bdcf35db8d,121,1,0,0.0,0.0,0.0,louvain,intersection_count,100.0,0.0,1.0,20260801,1.0.0,not_used,community labels are structural network results; they are not official factions and do not replace original-setting faction metadata
CN4,music,C-09c226b86f8233c0,122,1,0,0.0,0.0,0.0,louvain,intersection_count,100.0,0.0,1.0,20260801,1.0.0,not_used,community labels are structural network results; they are not official factions and do not replace original-setting faction metadata
CN4,music,C-b25f43068c858a66,123,1,0,0.0,0.0,0.0,louvain,intersection_count,100.0,0.0,1.0,20260801,1.0.0,not_used,community labels are structural network results; they are not official factions and do not replace original-setting faction metadata
CN4,music,C-a6a89311373e2d28,124,1,0,0.0,0.0,0.0,louvain,intersection_count,100.0,0.0,1.0,20260801,1.0.0,not_used,community labels are structural network results; they are not official factions and do not replace original-setting faction metadata
CN4,music,C-e607487fa244c4ee,125,1,0,0.0,0.0,0.0,louvain,intersection_count,100.0,0.0,1.0,20260801,1.0.0,not_used,community labels are structural network results; they are not official factions and do not replace original-setting faction metadata
CN4,music,C-627d2a1504af3646,126,1,0,0.0,0.0,0.0,louvain,intersection_count,100.0,0.0,1.0,20260801,1.0.0,not_used,community labels are structural network results; they are not official factions and do not replace original-setting faction metadata
CN4,music,C-59ed2e09f4efd731,127,1,0,0.0,0.0,0.0,louvain,intersection_count,100.0,0.0,1.0,20260801,1.0.0,not_used,community labels are structural network results; they are not official factions and do not replace original-setting faction metadata
CN4,music,C-1eea4791f970e6e6,128,1,0,0.0,0.0,0.0,louvain,intersection_count,100.0,0.0,1.0,20260801,1.0.0,not_used,community labels are structural network results; they are not official factions and do not replace original-setting faction metadata
CN4,music,C-57e9e746b1fe7a20,129,1,0,0.0,0.0,0.0,louvain,intersection_count,100.0,0.0,1.0,20260801,1.0.0,not_used,community labels are structural network results; they are not official factions and do not replace original-setting faction metadata
CN4,music,C-56053b26d8576317,130,1,0,0.0,0.0,0.0,louvain,intersection_count,100.0,0.0,1.0,20260801,1.0.0,not_used,community labels are structural network results; they are not official factions and do not replace original-setting faction metadata
CN4,music,C-599dda10fc7f1c5a,131,1,0,0.0,0.0,0.0,louvain,intersection_count,100.0,0.0,1.0,20260801,1.0.0,not_used,community labels are structural network results; they are not official factions and do not replace original-setting faction metadata
CN4,music,C-63972bdca5b5a6f5,132,1,0,0.0,0.0,0.0,louvain,intersection_count,100.0,0.0,1.0,20260801,1.0.0,not_used,community labels are structural network results; they are not official factions and do not replace original-setting faction metadata
CN4,music,C-9f7da4f681957086,133,1,0,0.0,0.0,0.0,louvain,intersection_count,100.0,0.0,1.0,20260801,1.0.0,not_used,community labels are structural network results; they are not official factions and do not replace original-setting faction metadata
CN4,music,C-2387acfdc873d6d7,134,1,0,0.0,0.0,0.0,louvain,intersection_count,100.0,0.0,1.0,20260801,1.0.0,not_used,community labels are structural network results; they are not official factions and do not replace original-setting faction metadata
CN4,music,C-cbe5c8ed2a0d87db,135,1,0,0.0,0.0,0.0,louvain,intersection_count,100.0,0.0,1.0,20260801,1.0.0,not_used,community labels are structural network results; they are not official factions and do not replace original-setting faction metadata
CN4,music,C-8bd0449707500159,136,1,0,0.0,0.0,0.0,louvain,intersection_count,100.0,0.0,1.0,20260801,1.0.0,not_used,community labels are structural network results; they are not official factions and do not replace original-setting faction metadata
CN4,music,C-6561e14a223cc70e,137,1,0,0.0,0.0,0.0,louvain,intersection_count,100.0,0.0,1.0,20260801,1.0.0,not_used,community labels are structural network results; they are not official factions and do not replace original-setting faction metadata
CN4,music,C-613464f28de94a2b,138,1,0,0.0,0.0,0.0,louvain,intersection_count,100.0,0.0,1.0,20260801,1.0.0,not_used,community labels are structural network results; they are not official factions and do not replace original-setting faction metadata
CN4,music,C-126ae5719a207bfb,139,1,0,0.0,0.0,0.0,louvain,intersection_count,100.0,0.0,1.0,20260801,1.0.0,not_used,community labels are structural network results; they are not official factions and do not replace original-setting faction metadata
CN4,music,C-dcacca7daf867d0a,140,1,0,0.0,0.0,0.0,louvain,intersection_count,100.0,0.0,1.0,20260801,1.0.0,not_used,community labels are structural network results; they are not official factions and do not replace original-setting faction metadata
CN4,music,C-02501dfda4e4958e,141,1,0,0.0,0.0,0.0,louvain,intersection_count,100.0,0.0,1.0,20260801,1.0.0,not_used,community labels are structural network results; they are not official factions and do not replace original-setting faction metadata
CN4,music,C-316eb7f10a65a879,142,1,0,0.0,0.0,0.0,louvain,intersection_count,100.0,0.0,1.0,20260801,1.0.0,not_used,community labels are structural network results; they are not official factions and do not replace original-setting faction metadata
CN4,music,C-47f107c2d74324d2,143,1,0,0.0,0.0,0.0,louvain,intersection_count,100.0,0.0,1.0,20260801,1.0.0,not_used,community labels are structural network results; they are not official factions and do not replace original-setting faction metadata
CN4,music,C-7cf6e268669c539a,144,1,0,0.0,0.0,0.0,louvain,intersection_count,100.0,0.0,1.0,20260801,1.0.0,not_used,community labels are structural network results; they are not official factions and do not replace original-setting faction metadata
CN4,music,C-3601f83dee5afd17,145,1,0,0.0,0.0,0.0,louvain,intersection_count,100.0,0.0,1.0,20260801,1.0.0,not_used,community labels are structural network results; they are not official factions and do not replace original-setting faction metadata
CN4,music,C-c61fff1cde981936,146,1,0,0.0,0.0,0.0,louvain,intersection_count,100.0,0.0,1.0,20260801,1.0.0,not_used,community labels are structural network results; they are not official factions and do not replace original-setting faction metadata
CN4,music,C-55fdbff4a3f00d81,147,1,0,0.0,0.0,0.0,louvain,intersection_count,100.0,0.0,1.0,20260801,1.0.0,not_used,community labels are structural network results; they are not official factions and do not replace original-setting faction metadata
CN4,music,C-8de6d47b1c4aecad,148,1,0,0.0,0.0,0.0,louvain,intersection_count,100.0,0.0,1.0,20260801,1.0.0,not_used,community labels are structural network results; they are not official factions and do not replace original-setting faction metadata
CN4,music,C-837293e7c7ccf327,149,1,0,0.0,0.0,0.0,louvain,intersection_count,100.0,0.0,1.0,20260801,1.0.0,not_used,community labels are structural network results; they are not official factions and do not replace original-setting faction metadata
CN4,music,C-e26b415cf2565c4e,150,1,0,0.0,0.0,0.0,louvain,intersection_count,100.0,0.0,1.0,20260801,1.0.0,not_used,community labels are structural network results; they are not official factions and do not replace original-setting faction metadata
CN4,music,C-4abb6571d237a74e,151,1,0,0.0,0.0,0.0,louvain,intersection_count,100.0,0.0,1.0,20260801,1.0.0,not_used,community labels are structural network results; they are not official factions and do not replace original-setting faction metadata
CN4,music,C-847c3c89c48453df,152,1,0,0.0,0.0,0.0,louvain,intersection_count,100.0,0.0,1.0,20260801,1.0.0,not_used,community labels are structural network results; they are not official factions and do not replace original-setting faction metadata
CN4,music,C-a21f5982ae3f1cf8,153,1,0,0.0,0.0,0.0,louvain,intersection_count,100.0,0.0,1.0,20260801,1.0.0,not_used,community labels are structural network results; they are not official factions and do not replace original-setting faction metadata
CN4,music,C-e41aa9cb72fce2c8,154,1,0,0.0,0.0,0.0,louvain,intersection_count,100.0,0.0,1.0,20260801,1.0.0,not_used,community labels are structural network results; they are not official factions and do not replace original-setting faction metadata
CN4,music,C-5f1356e8ff99591d,155,1,0,0.0,0.0,0.0,louvain,intersection_count,100.0,0.0,1.0,20260801,1.0.0,not_used,community labels are structural network results; they are not official factions and do not replace original-setting faction metadata
CN4,music,C-3dea2f25fd7e751b,156,1,0,0.0,0.0,0.0,louvain,intersection_count,100.0,0.0,1.0,20260801,1.0.0,not_used,community labels are structural network results; they are not official factions and do not replace original-setting faction metadata
CN4,music,C-176b49e2f7f199e3,157,1,0,0.0,0.0,0.0,louvain,intersection_count,100.0,0.0,1.0,20260801,1.0.0,not_used,community labels are structural network results; they are not official factions and do not replace original-setting faction metadata
CN4,music,C-7768721698c298b4,158,1,0,0.0,0.0,0.0,louvain,intersection_count,100.0,0.0,1.0,20260801,1.0.0,not_used,community labels are structural network results; they are not official factions and do not replace original-setting faction metadata
CN4,music,C-cd477b38cacda302,159,1,0,0.0,0.0,0.0,louvain,intersection_count,100.0,0.0,1.0,20260801,1.0.0,not_used,community labels are structural network results; they are not official factions and do not replace original-setting faction metadata
CN4,music,C-eda5dbec6a225362,160,1,0,0.0,0.0,0.0,louvain,intersection_count,100.0,0.0,1.0,20260801,1.0.0,not_used,community labels are structural network results; they are not official factions and do not replace original-setting faction metadata
CN4,music,C-8fe383f519d49b02,161,1,0,0.0,0.0,0.0,louvain,intersection_count,100.0,0.0,1.0,20260801,1.0.0,not_used,community labels are structural network results; they are not official factions and do not replace original-setting faction metadata
CN4,music,C-383b5b7d7e7c95d7,162,1,0,0.0,0.0,0.0,louvain,intersection_count,100.0,0.0,1.0,20260801,1.0.0,not_used,community labels are structural network results; they are not official factions and do not replace original-setting faction metadata
CN4,music,C-0a5eaa215bd768ac,163,1,0,0.0,0.0,0.0,louvain,intersection_count,100.0,0.0,1.0,20260801,1.0.0,not_used,community labels are structural network results; they are not official factions and do not replace original-setting faction metadata
CN4,music,C-b3a2affc8d3bd66e,164,1,0,0.0,0.0,0.0,louvain,intersection_count,100.0,0.0,1.0,20260801,1.0.0,not_used,community labels are structural network results; they are not official factions and do not replace original-setting faction metadata
CN4,music,C-ac7a2eb2416020f1,165,1,0,0.0,0.0,0.0,louvain,intersection_count,100.0,0.0,1.0,20260801,1.0.0,not_used,community labels are structural network results; they are not official factions and do not replace original-setting faction metadata
CN4,music,C-eee6095384fd2f9c,166,1,0,0.0,0.0,0.0,louvain,intersection_count,100.0,0.0,1.0,20260801,1.0.0,not_used,community labels are structural network results; they are not official factions and do not replace original-setting faction metadata
CN4,music,C-ef33705c0d787530,167,1,0,0.0,0.0,0.0,louvain,intersection_count,100.0,0.0,1.0,20260801,1.0.0,not_used,community labels are structural network results; they are not official factions and do not replace original-setting faction metadata
CN4,music,C-47f4b85fce707bf9,168,1,0,0.0,0.0,0.0,louvain,intersection_count,100.0,0.0,1.0,20260801,1.0.0,not_used,community labels are structural network results; they are not official factions and do not replace original-setting faction metadata
CN4,music,C-bf6b566880fa865c,169,1,0,0.0,0.0,0.0,louvain,intersection_count,100.0,0.0,1.0,20260801,1.0.0,not_used,community labels are structural network results; they are not official factions and do not replace original-setting faction metadata
CN4,music,C-3cff1fca2df56fcc,170,1,0,0.0,0.0,0.0,louvain,intersection_count,100.0,0.0,1.0,20260801,1.0.0,not_used,community labels are structural network results; they are not official factions and do not replace original-setting faction metadata
CN4,music,C-4152655ff825a675,171,1,0,0.0,0.0,0.0,louvain,intersection_count,100.0,0.0,1.0,20260801,1.0.0,not_used,community labels are structural network results; they are not official factions and do not replace original-setting faction metadata
CN4,music,C-ef5c76c53880766f,172,1,0,0.0,0.0,0.0,louvain,intersection_count,100.0,0.0,1.0,20260801,1.0.0,not_used,community labels are structural network results; they are not official factions and do not replace original-setting faction metadata
CN4,music,C-8c1040f6c0054e87,173,1,0,0.0,0.0,0.0,louvain,intersection_count,100.0,0.0,1.0,20260801,1.0.0,not_used,community labels are structural network results; they are not official factions and do not replace original-setting faction metadata
CN4,music,C-59183b42eb17012e,174,1,0,0.0,0.0,0.0,louvain,intersection_count,100.0,0.0,1.0,20260801,1.0.0,not_used,community labels are structural network results; they are not official factions and do not replace original-setting faction metadata
CN4,music,C-47bcf911d5bf9b56,175,1,0,0.0,0.0,0.0,louvain,intersection_count,100.0,0.0,1.0,20260801,1.0.0,not_used,community labels are structural network results; they are not official factions and do not replace original-setting faction metadata
CN4,music,C-8c1508de3f37311a,176,1,0,0.0,0.0,0.0,louvain,intersection_count,100.0,0.0,1.0,20260801,1.0.0,not_used,community labels are structural network results; they are not official factions and do not replace original-setting faction metadata
CN4,music,C-12e894c7bd1a1de3,177,1,0,0.0,0.0,0.0,louvain,intersection_count,100.0,0.0,1.0,20260801,1.0.0,not_used,community labels are structural network results; they are not official factions and do not replace original-setting faction metadata
CN4,music,C-cefd4dedd364c73d,178,1,0,0.0,0.0,0.0,louvain,intersection_count,100.0,0.0,1.0,20260801,1.0.0,not_used,community labels are structural network results; they are not official factions and do not replace original-setting faction metadata
CN4,music,C-d9cd99c94f613bb1,179,1,0,0.0,0.0,0.0,louvain,intersection_count,100.0,0.0,1.0,20260801,1.0.0,not_used,community labels are structural network results; they are not official factions and do not replace original-setting faction metadata
CN4,music,C-7b52b30f4457be1f,180,1,0,0.0,0.0,0.0,louvain,intersection_count,100.0,0.0,1.0,20260801,1.0.0,not_used,community labels are structural network results; they are not official factions and do not replace original-setting faction metadata
CN4,music,C-e774ddb518e03c5c,181,1,0,0.0,0.0,0.0,louvain,intersection_count,100.0,0.0,1.0,20260801,1.0.0,not_used,community labels are structural network results; they are not official factions and do not replace original-setting faction metadata
CN4,music,C-d83330c0027d8e76,182,1,0,0.0,0.0,0.0,louvain,intersection_count,100.0,0.0,1.0,20260801,1.0.0,not_used,community labels are structural network results; they are not official factions and do not replace original-setting faction metadata
CN4,music,C-309bb42712991a62,183,1,0,0.0,0.0,0.0,louvain,intersection_count,100.0,0.0,1.0,20260801,1.0.0,not_used,community labels are structural network results; they are not official factions and do not replace original-setting faction metadata
CN4,music,C-392d6932a4f97767,184,1,0,0.0,0.0,0.0,louvain,intersection_count,100.0,0.0,1.0,20260801,1.0.0,not_used,community labels are structural network results; they are not official factions and do not replace original-setting faction metadata
CN4,music,C-13c8b2f2bb393bb8,185,1,0,0.0,0.0,0.0,louvain,intersection_count,100.0,0.0,1.0,20260801,1.0.0,not_used,community labels are structural network results; they are not official factions and do not replace original-setting faction metadata
CN4,music,C-ffb31ba8b3d3e999,186,1,0,0.0,0.0,0.0,louvain,intersection_count,100.0,0.0,1.0,20260801,1.0.0,not_used,community labels are structural network results; they are not official factions and do not replace original-setting faction metadata
CN4,music,C-5a7f2f01350dcb85,187,1,0,0.0,0.0,0.0,louvain,intersection_count,100.0,0.0,1.0,20260801,1.0.0,not_used,community labels are structural network results; they are not official factions and do not replace original-setting faction metadata
CN4,music,C-b1ffb6f65d74dd9d,188,1,0,0.0,0.0,0.0,louvain,intersection_count,100.0,0.0,1.0,20260801,1.0.0,not_used,community labels are structural network results; they are not official factions and do not replace original-setting faction metadata
CN4,music,C-d76e32e4e9367d10,189,1,0,0.0,0.0,0.0,louvain,intersection_count,100.0,0.0,1.0,20260801,1.0.0,not_used,community labels are structural network results; they are not official factions and do not replace original-setting faction metadata
CN4,music,C-ff9d7a0a879fd6eb,190,1,0,0.0,0.0,0.0,louvain,intersection_count,100.0,0.0,1.0,20260801,1.0.0,not_used,community labels are structural network results; they are not official factions and do not replace original-setting faction metadata
CN4,music,C-0d3f2c2c74484c44,191,1,0,0.0,0.0,0.0,louvain,intersection_count,100.0,0.0,1.0,20260801,1.0.0,not_used,community labels are structural network results; they are not official factions and do not replace original-setting faction metadata
CN4,music,C-f78c6827f79f1acd,192,1,0,0.0,0.0,0.0,louvain,intersection_count,100.0,0.0,1.0,20260801,1.0.0,not_used,community labels are structural network results; they are not official factions and do not replace original-setting faction metadata
CN4,music,C-fdb3df8261f6c09c,193,1,0,0.0,0.0,0.0,louvain,intersection_count,100.0,0.0,1.0,20260801,1.0.0,not_used,community labels are structural network results; they are not official factions and do not replace original-setting faction metadata
CN4,music,C-7e044cf0f8cd7f33,194,1,0,0.0,0.0,0.0,louvain,intersection_count,100.0,0.0,1.0,20260801,1.0.0,not_used,community labels are structural network results; they are not official factions and do not replace original-setting faction metadata
CN4,music,C-189b1fd889e0787b,195,1,0,0.0,0.0,0.0,louvain,intersection_count,100.0,0.0,1.0,20260801,1.0.0,not_used,community labels are structural network results; they are not official factions and do not replace original-setting faction metadata
CN4,music,C-27a82ee007a409a7,196,1,0,0.0,0.0,0.0,louvain,intersection_count,100.0,0.0,1.0,20260801,1.0.0,not_used,community labels are structural network results; they are not official factions and do not replace original-setting faction metadata
CN4,music,C-29d82f4d9b12e3e7,197,1,0,0.0,0.0,0.0,louvain,intersection_count,100.0,0.0,1.0,20260801,1.0.0,not_used,community labels are structural network results; they are not official factions and do not replace original-setting faction metadata
CN4,music,C-259d8e72d343941c,198,1,0,0.0,0.0,0.0,louvain,intersection_count,100.0,0.0,1.0,20260801,1.0.0,not_used,community labels are structural network results; they are not official factions and do not replace original-setting faction metadata
CN4,music,C-d151da5d428cdda5,199,1,0,0.0,0.0,0.0,louvain,intersection_count,100.0,0.0,1.0,20260801,1.0.0,not_used,community labels are structural network results; they are not official factions and do not replace original-setting faction metadata
CN4,music,C-374c9edbd00a710e,200,1,0,0.0,0.0,0.0,louvain,intersection_count,100.0,0.0,1.0,20260801,1.0.0,not_used,community labels are structural network results; they are not official factions and do not replace original-setting faction metadata
CN4,music,C-efdc44250c191bd6,201,1,0,0.0,0.0,0.0,louvain,intersection_count,100.0,0.0,1.0,20260801,1.0.0,not_used,community labels are structural network results; they are not official factions and do not replace original-setting faction metadata
CN4,music,C-4ea1c74641f2ecc7,202,1,0,0.0,0.0,0.0,louvain,intersection_count,100.0,0.0,1.0,20260801,1.0.0,not_used,community labels are structural network results; they are not official factions and do not replace original-setting faction metadata
CN4,music,C-310118fed97107f7,203,1,0,0.0,0.0,0.0,louvain,intersection_count,100.0,0.0,1.0,20260801,1.0.0,not_used,community labels are structural network results; they are not official factions and do not replace original-setting faction metadata
CN4,music,C-858fe63925f434a5,204,1,0,0.0,0.0,0.0,louvain,intersection_count,100.0,0.0,1.0,20260801,1.0.0,not_used,community labels are structural network results; they are not official factions and do not replace original-setting faction metadata
CN4,music,C-20ff524d91f15a1d,205,1,0,0.0,0.0,0.0,louvain,intersection_count,100.0,0.0,1.0,20260801,1.0.0,not_used,community labels are structural network results; they are not official factions and do not replace original-setting faction metadata
CN4,music,C-dc4f5fb32b0552df,206,1,0,0.0,0.0,0.0,louvain,intersection_count,100.0,0.0,1.0,20260801,1.0.0,not_used,community labels are structural network results; they are not official factions and do not replace original-setting faction metadata
CN4,music,C-acd0f44f04cacf9e,207,1,0,0.0,0.0,0.0,louvain,intersection_count,100.0,0.0,1.0,20260801,1.0.0,not_used,community labels are structural network results; they are not official factions and do not replace original-setting faction metadata
CN4,music,C-c05e6780031847e1,208,1,0,0.0,0.0,0.0,louvain,intersection_count,100.0,0.0,1.0,20260801,1.0.0,not_used,community labels are structural network results; they are not official factions and do not replace original-setting faction metadata
CN4,music,C-6be49d4544ffe85c,209,1,0,0.0,0.0,0.0,louvain,intersection_count,100.0,0.0,1.0,20260801,1.0.0,not_used,community labels are structural network results; they are not official factions and do not replace original-setting faction metadata
CN4,music,C-af98fa1a4a61d9ec,210,1,0,0.0,0.0,0.0,louvain,intersection_count,100.0,0.0,1.0,20260801,1.0.0,not_used,community labels are structural network results; they are not official factions and do not replace original-setting faction metadata
CN4,music,C-2bb89835fd3f6541,211,1,0,0.0,0.0,0.0,louvain,intersection_count,100.0,0.0,1.0,20260801,1.0.0,not_used,community labels are structural network results; they are not official factions and do not replace original-setting faction metadata
CN4,music,C-14fe29da64e39b73,212,1,0,0.0,0.0,0.0,louvain,intersection_count,100.0,0.0,1.0,20260801,1.0.0,not_used,community labels are structural network results; they are not official factions and do not replace original-setting faction metadata
CN4,music,C-604429aebb35c85e,213,1,0,0.0,0.0,0.0,louvain,intersection_count,100.0,0.0,1.0,20260801,1.0.0,not_used,community labels are structural network results; they are not official factions and do not replace original-setting faction metadata
CN4,music,C-b89e79bdb4a5d153,214,1,0,0.0,0.0,0.0,louvain,intersection_count,100.0,0.0,1.0,20260801,1.0.0,not_used,community labels are structural network results; they are not official factions and do not replace original-setting faction metadata
CN4,music,C-7e554ccb47988ac0,215,1,0,0.0,0.0,0.0,louvain,intersection_count,100.0,0.0,1.0,20260801,1.0.0,not_used,community labels are structural network results; they are not official factions and do not replace original-setting faction metadata
CN4,music,C-63935025df29222d,216,1,0,0.0,0.0,0.0,louvain,intersection_count,100.0,0.0,1.0,20260801,1.0.0,not_used,community labels are structural network results; they are not official factions and do not replace original-setting faction metadata
CN4,music,C-3efdde6259d5d2ce,217,1,0,0.0,0.0,0.0,louvain,intersection_count,100.0,0.0,1.0,20260801,1.0.0,not_used,community labels are structural network results; they are not official factions and do not replace original-setting faction metadata
CN4,music,C-8c4abbc56eb9768d,218,1,0,0.0,0.0,0.0,louvain,intersection_count,100.0,0.0,1.0,20260801,1.0.0,not_used,community labels are structural network results; they are not official factions and do not replace original-setting faction metadata
CN4,music,C-f65913f0d4e228cc,219,1,0,0.0,0.0,0.0,louvain,intersection_count,100.0,0.0,1.0,20260801,1.0.0,not_used,community labels are structural network results; they are not official factions and do not replace original-setting faction metadata
CN4,music,C-fba13194075e4328,220,1,0,0.0,0.0,0.0,louvain,intersection_count,100.0,0.0,1.0,20260801,1.0.0,not_used,community labels are structural network results; they are not official factions and do not replace original-setting faction metadata
CN4,music,C-10e0e736d51543d2,221,1,0,0.0,0.0,0.0,louvain,intersection_count,100.0,0.0,1.0,20260801,1.0.0,not_used,community labels are structural network results; they are not official factions and do not replace original-setting faction metadata
CN4,music,C-284500b8791a700c,222,1,0,0.0,0.0,0.0,louvain,intersection_count,100.0,0.0,1.0,20260801,1.0.0,not_used,community labels are structural network results; they are not official factions and do not replace original-setting faction metadata
CN4,music,C-3b6ba2dcf55f6fd8,223,1,0,0.0,0.0,0.0,louvain,intersection_count,100.0,0.0,1.0,20260801,1.0.0,not_used,community labels are structural network results; they are not official factions and do not replace original-setting faction metadata
CN4,music,C-7125f825a635f2d7,224,1,0,0.0,0.0,0.0,louvain,intersection_count,100.0,0.0,1.0,20260801,1.0.0,not_used,community labels are structural network results; they are not official factions and do not replace original-setting faction metadata
CN4,music,C-46d64a0195cbb43c,225,1,0,0.0,0.0,0.0,louvain,intersection_count,100.0,0.0,1.0,20260801,1.0.0,not_used,community labels are structural network results; they are not official factions and do not replace original-setting faction metadata
CN4,music,C-a60850f3cb426a2a,226,1,0,0.0,0.0,0.0,louvain,intersection_count,100.0,0.0,1.0,20260801,1.0.0,not_used,community labels are structural network results; they are not official factions and do not replace original-setting faction metadata
CN4,music,C-aa2395f86adc390c,227,1,0,0.0,0.0,0.0,louvain,intersection_count,100.0,0.0,1.0,20260801,1.0.0,not_used,community labels are structural network results; they are not official factions and do not replace original-setting faction metadata
CN4,music,C-90c467f21b463aaf,228,1,0,0.0,0.0,0.0,louvain,intersection_count,100.0,0.0,1.0,20260801,1.0.0,not_used,community labels are structural network results; they are not official factions and do not replace original-setting faction metadata
CN4,music,C-fafb751231202d00,229,1,0,0.0,0.0,0.0,louvain,intersection_count,100.0,0.0,1.0,20260801,1.0.0,not_used,community labels are structural network results; they are not official factions and do not replace original-setting faction metadata
CN4,music,C-d8407451fe1fa3f0,230,1,0,0.0,0.0,0.0,louvain,intersection_count,100.0,0.0,1.0,20260801,1.0.0,not_used,community labels are structural network results; they are not official factions and do not replace original-setting faction metadata
CN4,music,C-7b871f3d33e77030,231,1,0,0.0,0.0,0.0,louvain,intersection_count,100.0,0.0,1.0,20260801,1.0.0,not_used,community labels are structural network results; they are not official factions and do not replace original-setting faction metadata
CN4,music,C-fcf70f7e0db4b316,232,1,0,0.0,0.0,0.0,louvain,intersection_count,100.0,0.0,1.0,20260801,1.0.0,not_used,community labels are structural network results; they are not official factions and do not replace original-setting faction metadata
CN4,music,C-b05ebdaa0d20119c,233,1,0,0.0,0.0,0.0,louvain,intersection_count,100.0,0.0,1.0,20260801,1.0.0,not_used,community labels are structural network results; they are not official factions and do not replace original-setting faction metadata
CN4,music,C-b865047bf78fd032,234,1,0,0.0,0.0,0.0,louvain,intersection_count,100.0,0.0,1.0,20260801,1.0.0,not_used,community labels are structural network results; they are not official factions and do not replace original-setting faction metadata
CN4,music,C-ac0432aaf3bb30bd,235,1,0,0.0,0.0,0.0,louvain,intersection_count,100.0,0.0,1.0,20260801,1.0.0,not_used,community labels are structural network results; they are not official factions and do not replace original-setting faction metadata
CN4,music,C-400d70cc01623606,236,1,0,0.0,0.0,0.0,louvain,intersection_count,100.0,0.0,1.0,20260801,1.0.0,not_used,community labels are structural network results; they are not official factions and do not replace original-setting faction metadata
CN4,music,C-5f7fbd99ab54a029,237,1,0,0.0,0.0,0.0,louvain,intersection_count,100.0,0.0,1.0,20260801,1.0.0,not_used,community labels are structural network results; they are not official factions and do not replace original-setting faction metadata
CN4,music,C-87be4db62270286f,238,1,0,0.0,0.0,0.0,louvain,intersection_count,100.0,0.0,1.0,20260801,1.0.0,not_used,community labels are structural network results; they are not official factions and do not replace original-setting faction metadata
CN4,music,C-478514c09f863255,239,1,0,0.0,0.0,0.0,louvain,intersection_count,100.0,0.0,1.0,20260801,1.0.0,not_used,community labels are structural network results; they are not official factions and do not replace original-setting faction metadata
CN4,music,C-6c43ab2621ca7aeb,240,1,0,0.0,0.0,0.0,louvain,intersection_count,100.0,0.0,1.0,20260801,1.0.0,not_used,community labels are structural network results; they are not official factions and do not replace original-setting faction metadata
CN4,music,C-335a8fc3353ce619,241,1,0,0.0,0.0,0.0,louvain,intersection_count,100.0,0.0,1.0,20260801,1.0.0,not_used,community labels are structural network results; they are not official factions and do not replace original-setting faction metadata
CN4,music,C-8f460161bd4cdcd8,242,1,0,0.0,0.0,0.0,louvain,intersection_count,100.0,0.0,1.0,20260801,1.0.0,not_used,community labels are structural network results; they are not official factions and do not replace original-setting faction metadata
CN4,music,C-5b71ad3b2e4bf1d7,243,1,0,0.0,0.0,0.0,louvain,intersection_count,100.0,0.0,1.0,20260801,1.0.0,not_used,community labels are structural network results; they are not official factions and do not replace original-setting faction metadata
CN4,music,C-711440ea37084799,244,1,0,0.0,0.0,0.0,louvain,intersection_count,100.0,0.0,1.0,20260801,1.0.0,not_used,community labels are structural network results; they are not official factions and do not replace original-setting faction metadata
CN4,music,C-8462676b434d658a,245,1,0,0.0,0.0,0.0,louvain,intersection_count,100.0,0.0,1.0,20260801,1.0.0,not_used,community labels are structural network results; they are not official factions and do not replace original-setting faction metadata
CN4,music,C-ee81fcca9d6a395d,246,1,0,0.0,0.0,0.0,louvain,intersection_count,100.0,0.0,1.0,20260801,1.0.0,not_used,community labels are structural network results; they are not official factions and do not replace original-setting faction metadata
CN4,music,C-67781cb1c2f3fdf1,247,1,0,0.0,0.0,0.0,louvain,intersection_count,100.0,0.0,1.0,20260801,1.0.0,not_used,community labels are structural network results; they are not official factions and do not replace original-setting faction metadata
CN4,music,C-90568b537928a6aa,248,1,0,0.0,0.0,0.0,louvain,intersection_count,100.0,0.0,1.0,20260801,1.0.0,not_used,community labels are structural network results; they are not official factions and do not replace original-setting faction metadata
CN4,music,C-63aa5afc1fc473ad,249,1,0,0.0,0.0,0.0,louvain,intersection_count,100.0,0.0,1.0,20260801,1.0.0,not_used,community labels are structural network results; they are not official factions and do not replace original-setting faction metadata
CN4,music,C-da0dd157c960c283,250,1,0,0.0,0.0,0.0,louvain,intersection_count,100.0,0.0,1.0,20260801,1.0.0,not_used,community labels are structural network results; they are not official factions and do not replace original-setting faction metadata
CN4,music,C-e9d0d2276dee744f,251,1,0,0.0,0.0,0.0,louvain,intersection_count,100.0,0.0,1.0,20260801,1.0.0,not_used,community labels are structural network results; they are not official factions and do not replace original-setting faction metadata
CN4,music,C-a3cafad622a0d318,252,1,0,0.0,0.0,0.0,louvain,intersection_count,100.0,0.0,1.0,20260801,1.0.0,not_used,community labels are structural network results; they are not official factions and do not replace original-setting faction metadata
CN4,music,C-1d53d797711c712e,253,1,0,0.0,0.0,0.0,louvain,intersection_count,100.0,0.0,1.0,20260801,1.0.0,not_used,community labels are structural network results; they are not official factions and do not replace original-setting faction metadata
CN4,music,C-97eae8e2f89de31c,254,1,0,0.0,0.0,0.0,louvain,intersection_count,100.0,0.0,1.0,20260801,1.0.0,not_used,community labels are structural network results; they are not official factions and do not replace original-setting faction metadata
CN4,music,C-2ff3c02aa8568aaa,255,1,0,0.0,0.0,0.0,louvain,intersection_count,100.0,0.0,1.0,20260801,1.0.0,not_used,community labels are structural network results; they are not official factions and do not replace original-setting faction metadata
CN4,music,C-0ad083708b4ced36,256,1,0,0.0,0.0,0.0,louvain,intersection_count,100.0,0.0,1.0,20260801,1.0.0,not_used,community labels are structural network results; they are not official factions and do not replace original-setting faction metadata
CN4,music,C-cea0bbf27f76d693,257,1,0,0.0,0.0,0.0,louvain,intersection_count,100.0,0.0,1.0,20260801,1.0.0,not_used,community labels are structural network results; they are not official factions and do not replace original-setting faction metadata
CN4,music,C-515ed269aa7faf17,258,1,0,0.0,0.0,0.0,louvain,intersection_count,100.0,0.0,1.0,20260801,1.0.0,not_used,community labels are structural network results; they are not official factions and do not replace original-setting faction metadata
CN4,music,C-fa3d104ccd00da08,259,1,0,0.0,0.0,0.0,louvain,intersection_count,100.0,0.0,1.0,20260801,1.0.0,not_used,community labels are structural network results; they are not official factions and do not replace original-setting faction metadata
CN4,music,C-da849741ee5fd186,260,1,0,0.0,0.0,0.0,louvain,intersection_count,100.0,0.0,1.0,20260801,1.0.0,not_used,community labels are structural network results; they are not official factions and do not replace original-setting faction metadata
CN4,music,C-53911dc0e9368f0b,261,1,0,0.0,0.0,0.0,louvain,intersection_count,100.0,0.0,1.0,20260801,1.0.0,not_used,community labels are structural network results; they are not official factions and do not replace original-setting faction metadata
CN4,music,C-d133e4e235c4c93c,262,1,0,0.0,0.0,0.0,louvain,intersection_count,100.0,0.0,1.0,20260801,1.0.0,not_used,community labels are structural network results; they are not official factions and do not replace original-setting faction metadata
CN4,music,C-05d5105cfa7ea928,263,1,0,0.0,0.0,0.0,louvain,intersection_count,100.0,0.0,1.0,20260801,1.0.0,not_used,community labels are structural network results; they are not official factions and do not replace original-setting faction metadata
CN4,music,C-351f44cf9a8abae3,264,1,0,0.0,0.0,0.0,louvain,intersection_count,100.0,0.0,1.0,20260801,1.0.0,not_used,community labels are structural network results; they are not official factions and do not replace original-setting faction metadata
CN4,music,C-847ebd067e64b361,265,1,0,0.0,0.0,0.0,louvain,intersection_count,100.0,0.0,1.0,20260801,1.0.0,not_used,community labels are structural network results; they are not official factions and do not replace original-setting faction metadata
CN4,music,C-e90272d0799144a8,266,1,0,0.0,0.0,0.0,louvain,intersection_count,100.0,0.0,1.0,20260801,1.0.0,not_used,community labels are structural network results; they are not official factions and do not replace original-setting faction metadata
CN4,music,C-4d0c96eaa5198efa,267,1,0,0.0,0.0,0.0,louvain,intersection_count,100.0,0.0,1.0,20260801,1.0.0,not_used,community labels are structural network results; they are not official factions and do not replace original-setting faction metadata
CN4,music,C-f5cec4fd86966873,268,1,0,0.0,0.0,0.0,louvain,intersection_count,100.0,0.0,1.0,20260801,1.0.0,not_used,community labels are structural network results; they are not official factions and do not replace original-setting faction metadata
CN4,music,C-6ab94c220f3d3339,269,1,0,0.0,0.0,0.0,louvain,intersection_count,100.0,0.0,1.0,20260801,1.0.0,not_used,community labels are structural network results; they are not official factions and do not replace original-setting faction metadata
CN4,music,C-9d66d466cf499b00,270,1,0,0.0,0.0,0.0,louvain,intersection_count,100.0,0.0,1.0,20260801,1.0.0,not_used,community labels are structural network results; they are not official factions and do not replace original-setting faction metadata
CN4,music,C-32b39863a08d9652,271,1,0,0.0,0.0,0.0,louvain,intersection_count,100.0,0.0,1.0,20260801,1.0.0,not_used,community labels are structural network results; they are not official factions and do not replace original-setting faction metadata
CN4,music,C-53fa8c764cd26835,272,1,0,0.0,0.0,0.0,louvain,intersection_count,100.0,0.0,1.0,20260801,1.0.0,not_used,community labels are structural network results; they are not official factions and do not replace original-setting faction metadata
CN4,music,C-bd049538cca1f570,273,1,0,0.0,0.0,0.0,louvain,intersection_count,100.0,0.0,1.0,20260801,1.0.0,not_used,community labels are structural network results; they are not official factions and do not replace original-setting faction metadata
CN4,music,C-b9f329a6e2d8d034,274,1,0,0.0,0.0,0.0,louvain,intersection_count,100.0,0.0,1.0,20260801,1.0.0,not_used,community labels are structural network results; they are not official factions and do not replace original-setting faction metadata
CN4,music,C-5790fb4249e2b9d7,275,1,0,0.0,0.0,0.0,louvain,intersection_count,100.0,0.0,1.0,20260801,1.0.0,not_used,community labels are structural network results; they are not official factions and do not replace original-setting faction metadata
CN4,music,C-8a1701a8156a3d17,276,1,0,0.0,0.0,0.0,louvain,intersection_count,100.0,0.0,1.0,20260801,1.0.0,not_used,community labels are structural network results; they are not official factions and do not replace original-setting faction metadata
CN4,music,C-c1815253dc3fa6ea,277,1,0,0.0,0.0,0.0,louvain,intersection_count,100.0,0.0,1.0,20260801,1.0.0,not_used,community labels are structural network results; they are not official factions and do not replace original-setting faction metadata
CN4,music,C-ae5ab177bd7a22b9,278,1,0,0.0,0.0,0.0,louvain,intersection_count,100.0,0.0,1.0,20260801,1.0.0,not_used,community labels are structural network results; they are not official factions and do not replace original-setting faction metadata
CN4,music,C-cbe2c07d75995028,279,1,0,0.0,0.0,0.0,louvain,intersection_count,100.0,0.0,1.0,20260801,1.0.0,not_used,community labels are structural network results; they are not official factions and do not replace original-setting faction metadata
CN4,music,C-f3d28f71e405efa4,280,1,0,0.0,0.0,0.0,louvain,intersection_count,100.0,0.0,1.0,20260801,1.0.0,not_used,community labels are structural network results; they are not official factions and do not replace original-setting faction metadata
CN4,music,C-490785caf931b05b,281,1,0,0.0,0.0,0.0,louvain,intersection_count,100.0,0.0,1.0,20260801,1.0.0,not_used,community labels are structural network results; they are not official factions and do not replace original-setting faction metadata
CN4,music,C-8c25af87fd54d4fa,282,1,0,0.0,0.0,0.0,louvain,intersection_count,100.0,0.0,1.0,20260801,1.0.0,not_used,community labels are structural network results; they are not official factions and do not replace original-setting faction metadata
CN4,music,C-44392bae5cd2cbd4,283,1,0,0.0,0.0,0.0,louvain,intersection_count,100.0,0.0,1.0,20260801,1.0.0,not_used,community labels are structural network results; they are not official factions and do not replace original-setting faction metadata
CN4,music,C-4b89879e72e8beb1,284,1,0,0.0,0.0,0.0,louvain,intersection_count,100.0,0.0,1.0,20260801,1.0.0,not_used,community labels are structural network results; they are not official factions and do not replace original-setting faction metadata
CN4,music,C-d9e1341d225942c7,285,1,0,0.0,0.0,0.0,louvain,intersection_count,100.0,0.0,1.0,20260801,1.0.0,not_used,community labels are structural network results; they are not official factions and do not replace original-setting faction metadata
CN4,music,C-3b2cb034dd824e33,286,1,0,0.0,0.0,0.0,louvain,intersection_count,100.0,0.0,1.0,20260801,1.0.0,not_used,community labels are structural network results; they are not official factions and do not replace original-setting faction metadata
CN4,music,C-6ff044ab223ff481,287,1,0,0.0,0.0,0.0,louvain,intersection_count,100.0,0.0,1.0,20260801,1.0.0,not_used,community labels are structural network results; they are not official factions and do not replace original-setting faction metadata
CN4,music,C-a5d42e08f216fef7,288,1,0,0.0,0.0,0.0,louvain,intersection_count,100.0,0.0,1.0,20260801,1.0.0,not_used,community labels are structural network results; they are not official factions and do not replace original-setting faction metadata
CN4,music,C-18e3c315d3129823,289,1,0,0.0,0.0,0.0,louvain,intersection_count,100.0,0.0,1.0,20260801,1.0.0,not_used,community labels are structural network results; they are not official factions and do not replace original-setting faction metadata
CN4,music,C-668daa3a049623f2,290,1,0,0.0,0.0,0.0,louvain,intersection_count,100.0,0.0,1.0,20260801,1.0.0,not_used,community labels are structural network results; they are not official factions and do not replace original-setting faction metadata
CN4,music,C-52bc29413e6a29f8,291,1,0,0.0,0.0,0.0,louvain,intersection_count,100.0,0.0,1.0,20260801,1.0.0,not_used,community labels are structural network results; they are not official factions and do not replace original-setting faction metadata
CN4,music,C-67662aee13d00db3,292,1,0,0.0,0.0,0.0,louvain,intersection_count,100.0,0.0,1.0,20260801,1.0.0,not_used,community labels are structural network results; they are not official factions and do not replace original-setting faction metadata
CN4,music,C-1566fd32dbb18bee,293,1,0,0.0,0.0,0.0,louvain,intersection_count,100.0,0.0,1.0,20260801,1.0.0,not_used,community labels are structural network results; they are not official factions and do not replace original-setting faction metadata
CN4,music,C-9ec017769393b2d0,294,1,0,0.0,0.0,0.0,louvain,intersection_count,100.0,0.0,1.0,20260801,1.0.0,not_used,community labels are structural network results; they are not official factions and do not replace original-setting faction metadata
CN4,music,C-d556ebcccca9c573,295,1,0,0.0,0.0,0.0,louvain,intersection_count,100.0,0.0,1.0,20260801,1.0.0,not_used,community labels are structural network results; they are not official factions and do not replace original-setting faction metadata
CN4,music,C-62eb7fb16e0d32fc,296,1,0,0.0,0.0,0.0,louvain,intersection_count,100.0,0.0,1.0,20260801,1.0.0,not_used,community labels are structural network results; they are not official factions and do not replace original-setting faction metadata
CN4,music,C-9f022c3dbf64d796,297,1,0,0.0,0.0,0.0,louvain,intersection_count,100.0,0.0,1.0,20260801,1.0.0,not_used,community labels are structural network results; they are not official factions and do not replace original-setting faction metadata
CN4,music,C-9f84a7268b6ca71d,298,1,0,0.0,0.0,0.0,louvain,intersection_count,100.0,0.0,1.0,20260801,1.0.0,not_used,community labels are structural network results; they are not official factions and do not replace original-setting faction metadata
CN4,music,C-4c2e9266cb69fe5b,299,1,0,0.0,0.0,0.0,louvain,intersection_count,100.0,0.0,1.0,20260801,1.0.0,not_used,community labels are structural network results; they are not official factions and do not replace original-setting faction metadata
CN4,music,C-b2b46d712a0fbbc0,300,1,0,0.0,0.0,0.0,louvain,intersection_count,100.0,0.0,1.0,20260801,1.0.0,not_used,community labels are structural network results; they are not official factions and do not replace original-setting faction metadata
CN4,music,C-640abc8d17b4de90,301,1,0,0.0,0.0,0.0,louvain,intersection_count,100.0,0.0,1.0,20260801,1.0.0,not_used,community labels are structural network results; they are not official factions and do not replace original-setting faction metadata
CN4,music,C-a2a635610dc748b2,302,1,0,0.0,0.0,0.0,louvain,intersection_count,100.0,0.0,1.0,20260801,1.0.0,not_used,community labels are structural network results; they are not official factions and do not replace original-setting faction metadata
CN4,music,C-883be9b0b144604e,303,1,0,0.0,0.0,0.0,louvain,intersection_count,100.0,0.0,1.0,20260801,1.0.0,not_used,community labels are structural network results; they are not official factions and do not replace original-setting faction metadata
CN4,music,C-ad7eaadad6ed0c77,304,1,0,0.0,0.0,0.0,louvain,intersection_count,100.0,0.0,1.0,20260801,1.0.0,not_used,community labels are structural network results; they are not official factions and do not replace original-setting faction metadata
CN4,music,C-510537ad35811950,305,1,0,0.0,0.0,0.0,louvain,intersection_count,100.0,0.0,1.0,20260801,1.0.0,not_used,community labels are structural network results; they are not official factions and do not replace original-setting faction metadata
CN4,music,C-264af370331ad434,306,1,0,0.0,0.0,0.0,louvain,intersection_count,100.0,0.0,1.0,20260801,1.0.0,not_used,community labels are structural network results; they are not official factions and do not replace original-setting faction metadata
CN4,music,C-74e3aea9380c332a,307,1,0,0.0,0.0,0.0,louvain,intersection_count,100.0,0.0,1.0,20260801,1.0.0,not_used,community labels are structural network results; they are not official factions and do not replace original-setting faction metadata
CN4,music,C-68187b1c476aca3e,308,1,0,0.0,0.0,0.0,louvain,intersection_count,100.0,0.0,1.0,20260801,1.0.0,not_used,community labels are structural network results; they are not official factions and do not replace original-setting faction metadata
CN4,music,C-a0a655e3b214097c,309,1,0,0.0,0.0,0.0,louvain,intersection_count,100.0,0.0,1.0,20260801,1.0.0,not_used,community labels are structural network results; they are not official factions and do not replace original-setting faction metadata
CN4,music,C-a22816e990cde007,310,1,0,0.0,0.0,0.0,louvain,intersection_count,100.0,0.0,1.0,20260801,1.0.0,not_used,community labels are structural network results; they are not official factions and do not replace original-setting faction metadata
CN4,music,C-25eb4062130e454c,311,1,0,0.0,0.0,0.0,louvain,intersection_count,100.0,0.0,1.0,20260801,1.0.0,not_used,community labels are structural network results; they are not official factions and do not replace original-setting faction metadata
CN4,music,C-3dad62f45cd2d4b8,312,1,0,0.0,0.0,0.0,louvain,intersection_count,100.0,0.0,1.0,20260801,1.0.0,not_used,community labels are structural network results; they are not official factions and do not replace original-setting faction metadata
CN4,music,C-4d2b48982581ce97,313,1,0,0.0,0.0,0.0,louvain,intersection_count,100.0,0.0,1.0,20260801,1.0.0,not_used,community labels are structural network results; they are not official factions and do not replace original-setting faction metadata
CN4,music,C-eedac25c4ed7b00b,314,1,0,0.0,0.0,0.0,louvain,intersection_count,100.0,0.0,1.0,20260801,1.0.0,not_used,community labels are structural network results; they are not official factions and do not replace original-setting faction metadata
CN4,music,C-6f99be446df0d983,315,1,0,0.0,0.0,0.0,louvain,intersection_count,100.0,0.0,1.0,20260801,1.0.0,not_used,community labels are structural network results; they are not official factions and do not replace original-setting faction metadata
CN4,music,C-ab453c36011bb13a,316,1,0,0.0,0.0,0.0,louvain,intersection_count,100.0,0.0,1.0,20260801,1.0.0,not_used,community labels are structural network results; they are not official factions and do not replace original-setting faction metadata
CN4,music,C-e67ab2bfc4e38797,317,1,0,0.0,0.0,0.0,louvain,intersection_count,100.0,0.0,1.0,20260801,1.0.0,not_used,community labels are structural network results; they are not official factions and do not replace original-setting faction metadata
CN4,music,C-dd894642d14d454d,318,1,0,0.0,0.0,0.0,louvain,intersection_count,100.0,0.0,1.0,20260801,1.0.0,not_used,community labels are structural network results; they are not official factions and do not replace original-setting faction metadata
CN4,music,C-2da4ff0f02c21bf2,319,1,0,0.0,0.0,0.0,louvain,intersection_count,100.0,0.0,1.0,20260801,1.0.0,not_used,community labels are structural network results; they are not official factions and do not replace original-setting faction metadata
CN4,music,C-ee8f875aac1ea2c9,320,1,0,0.0,0.0,0.0,louvain,intersection_count,100.0,0.0,1.0,20260801,1.0.0,not_used,community labels are structural network results; they are not official factions and do not replace original-setting faction metadata
CN4,music,C-5fe02b222420520b,321,1,0,0.0,0.0,0.0,louvain,intersection_count,100.0,0.0,1.0,20260801,1.0.0,not_used,community labels are structural network results; they are not official factions and do not replace original-setting faction metadata
CN4,music,C-b3b44a0ffff5f960,322,1,0,0.0,0.0,0.0,louvain,intersection_count,100.0,0.0,1.0,20260801,1.0.0,not_used,community labels are structural network results; they are not official factions and do not replace original-setting faction metadata
CN4,music,C-af06a349e752bd77,323,1,0,0.0,0.0,0.0,louvain,intersection_count,100.0,0.0,1.0,20260801,1.0.0,not_used,community labels are structural network results; they are not official factions and do not replace original-setting faction metadata
CN4,music,C-f2cb2b4f9b7e146e,324,1,0,0.0,0.0,0.0,louvain,intersection_count,100.0,0.0,1.0,20260801,1.0.0,not_used,community labels are structural network results; they are not official factions and do not replace original-setting faction metadata
CN4,music,C-6a1c7cdbd5c3031d,325,1,0,0.0,0.0,0.0,louvain,intersection_count,100.0,0.0,1.0,20260801,1.0.0,not_used,community labels are structural network results; they are not official factions and do not replace original-setting faction metadata
CN4,music,C-5a832156ee09be5e,326,1,0,0.0,0.0,0.0,louvain,intersection_count,100.0,0.0,1.0,20260801,1.0.0,not_used,community labels are structural network results; they are not official factions and do not replace original-setting faction metadata
CN4,music,C-a0aab8937684a0d3,327,1,0,0.0,0.0,0.0,louvain,intersection_count,100.0,0.0,1.0,20260801,1.0.0,not_used,community labels are structural network results; they are not official factions and do not replace original-setting faction metadata
CN4,music,C-4c0c8b3b6e15e1c1,328,1,0,0.0,0.0,0.0,louvain,intersection_count,100.0,0.0,1.0,20260801,1.0.0,not_used,community labels are structural network results; they are not official factions and do not replace original-setting faction metadata
CN4,music,C-a6a46bcb45098d85,329,1,0,0.0,0.0,0.0,louvain,intersection_count,100.0,0.0,1.0,20260801,1.0.0,not_used,community labels are structural network results; they are not official factions and do not replace original-setting faction metadata
CN4,music,C-2c2e9fbd7e4fa15e,330,1,0,0.0,0.0,0.0,louvain,intersection_count,100.0,0.0,1.0,20260801,1.0.0,not_used,community labels are structural network results; they are not official factions and do not replace original-setting faction metadata
CN4,music,C-23501e9b533f5550,331,1,0,0.0,0.0,0.0,louvain,intersection_count,100.0,0.0,1.0,20260801,1.0.0,not_used,community labels are structural network results; they are not official factions and do not replace original-setting faction metadata
CN4,music,C-208c66b82e776259,332,1,0,0.0,0.0,0.0,louvain,intersection_count,100.0,0.0,1.0,20260801,1.0.0,not_used,community labels are structural network results; they are not official factions and do not replace original-setting faction metadata
CN4,music,C-39df68d855d7f84c,333,1,0,0.0,0.0,0.0,louvain,intersection_count,100.0,0.0,1.0,20260801,1.0.0,not_used,community labels are structural network results; they are not official factions and do not replace original-setting faction metadata
CN4,music,C-163768457796badc,334,1,0,0.0,0.0,0.0,louvain,intersection_count,100.0,0.0,1.0,20260801,1.0.0,not_used,community labels are structural network results; they are not official factions and do not replace original-setting faction metadata
CN4,music,C-603133f466a7e5a9,335,1,0,0.0,0.0,0.0,louvain,intersection_count,100.0,0.0,1.0,20260801,1.0.0,not_used,community labels are structural network results; they are not official factions and do not replace original-setting faction metadata
CN4,music,C-ba2eaa91116a132e,336,1,0,0.0,0.0,0.0,louvain,intersection_count,100.0,0.0,1.0,20260801,1.0.0,not_used,community labels are structural network results; they are not official factions and do not replace original-setting faction metadata
CN4,music,C-a654d6e7c8a99aff,337,1,0,0.0,0.0,0.0,louvain,intersection_count,100.0,0.0,1.0,20260801,1.0.0,not_used,community labels are structural network results; they are not official factions and do not replace original-setting faction metadata
CN4,music,C-2ae3f1006b5e1e13,338,1,0,0.0,0.0,0.0,louvain,intersection_count,100.0,0.0,1.0,20260801,1.0.0,not_used,community labels are structural network results; they are not official factions and do not replace original-setting faction metadata
CN4,music,C-8f49c6fcc2f06026,339,1,0,0.0,0.0,0.0,louvain,intersection_count,100.0,0.0,1.0,20260801,1.0.0,not_used,community labels are structural network results; they are not official factions and do not replace original-setting faction metadata
CN4,music,C-4da1ca83dc4b78b6,340,1,0,0.0,0.0,0.0,louvain,intersection_count,100.0,0.0,1.0,20260801,1.0.0,not_used,community labels are structural network results; they are not official factions and do not replace original-setting faction metadata
CN4,music,C-bd4f0a45c87e3f9b,341,1,0,0.0,0.0,0.0,louvain,intersection_count,100.0,0.0,1.0,20260801,1.0.0,not_used,community labels are structural network results; they are not official factions and do not replace original-setting faction metadata
CN4,music,C-b0d41093eff42cb2,342,1,0,0.0,0.0,0.0,louvain,intersection_count,100.0,0.0,1.0,20260801,1.0.0,not_used,community labels are structural network results; they are not official factions and do not replace original-setting faction metadata
CN4,music,C-21dde4d22bd6578b,343,1,0,0.0,0.0,0.0,louvain,intersection_count,100.0,0.0,1.0,20260801,1.0.0,not_used,community labels are structural network results; they are not official factions and do not replace original-setting faction metadata
CN4,music,C-2cb83895e8566833,344,1,0,0.0,0.0,0.0,louvain,intersection_count,100.0,0.0,1.0,20260801,1.0.0,not_used,community labels are structural network results; they are not official factions and do not replace original-setting faction metadata
CN4,music,C-ffd670c8cc275ed4,345,1,0,0.0,0.0,0.0,louvain,intersection_count,100.0,0.0,1.0,20260801,1.0.0,not_used,community labels are structural network results; they are not official factions and do not replace original-setting faction metadata
CN4,music,C-b99748b236d69956,346,1,0,0.0,0.0,0.0,louvain,intersection_count,100.0,0.0,1.0,20260801,1.0.0,not_used,community labels are structural network results; they are not official factions and do not replace original-setting faction metadata
CN4,music,C-7cd24aa74561e3e1,347,1,0,0.0,0.0,0.0,louvain,intersection_count,100.0,0.0,1.0,20260801,1.0.0,not_used,community labels are structural network results; they are not official factions and do not replace original-setting faction metadata
CN4,music,C-59b5eab107c1422e,348,1,0,0.0,0.0,0.0,louvain,intersection_count,100.0,0.0,1.0,20260801,1.0.0,not_used,community labels are structural network results; they are not official factions and do not replace original-setting faction metadata
CN4,music,C-4484de4dcd08681d,349,1,0,0.0,0.0,0.0,louvain,intersection_count,100.0,0.0,1.0,20260801,1.0.0,not_used,community labels are structural network results; they are not official factions and do not replace original-setting faction metadata
CN4,music,C-6b3c21ebffdfa81d,350,1,0,0.0,0.0,0.0,louvain,intersection_count,100.0,0.0,1.0,20260801,1.0.0,not_used,community labels are structural network results; they are not official factions and do not replace original-setting faction metadata
CN4,music,C-51a9204df22fc747,351,1,0,0.0,0.0,0.0,louvain,intersection_count,100.0,0.0,1.0,20260801,1.0.0,not_used,community labels are structural network results; they are not official factions and do not replace original-setting faction metadata
CN4,music,C-43928bbfb635c303,352,1,0,0.0,0.0,0.0,louvain,intersection_count,100.0,0.0,1.0,20260801,1.0.0,not_used,community labels are structural network results; they are not official factions and do not replace original-setting faction metadata
CN4,music,C-7391153816d48c04,353,1,0,0.0,0.0,0.0,louvain,intersection_count,100.0,0.0,1.0,20260801,1.0.0,not_used,community labels are structural network results; they are not official factions and do not replace original-setting faction metadata
CN4,music,C-c666bb016a63b303,354,1,0,0.0,0.0,0.0,louvain,intersection_count,100.0,0.0,1.0,20260801,1.0.0,not_used,community labels are structural network results; they are not official factions and do not replace original-setting faction metadata
CN4,music,C-6d2a3546087e1510,355,1,0,0.0,0.0,0.0,louvain,intersection_count,100.0,0.0,1.0,20260801,1.0.0,not_used,community labels are structural network results; they are not official factions and do not replace original-setting faction metadata
CN4,music,C-cc7217faa3683809,356,1,0,0.0,0.0,0.0,louvain,intersection_count,100.0,0.0,1.0,20260801,1.0.0,not_used,community labels are structural network results; they are not official factions and do not replace original-setting faction metadata
CN4,music,C-fb62e964506839af,357,1,0,0.0,0.0,0.0,louvain,intersection_count,100.0,0.0,1.0,20260801,1.0.0,not_used,community labels are structural network results; they are not official factions and do not replace original-setting faction metadata
CN4,music,C-8a9b647ba4cf7f9e,358,1,0,0.0,0.0,0.0,louvain,intersection_count,100.0,0.0,1.0,20260801,1.0.0,not_used,community labels are structural network results; they are not official factions and do not replace original-setting faction metadata
CN4,music,C-2f2e871aabfa2ab6,359,1,0,0.0,0.0,0.0,louvain,intersection_count,100.0,0.0,1.0,20260801,1.0.0,not_used,community labels are structural network results; they are not official factions and do not replace original-setting faction metadata
CN4,music,C-3f2f6d2df2efe997,360,1,0,0.0,0.0,0.0,louvain,intersection_count,100.0,0.0,1.0,20260801,1.0.0,not_used,community labels are structural network results; they are not official factions and do not replace original-setting faction metadata
CN4,music,C-c7a1c399bee2f10b,361,1,0,0.0,0.0,0.0,louvain,intersection_count,100.0,0.0,1.0,20260801,1.0.0,not_used,community labels are structural network results; they are not official factions and do not replace original-setting faction metadata
CN4,music,C-67c76bcb7dca62e1,362,1,0,0.0,0.0,0.0,louvain,intersection_count,100.0,0.0,1.0,20260801,1.0.0,not_used,community labels are structural network results; they are not official factions and do not replace original-setting faction metadata
CN4,music,C-2536b242804387e1,363,1,0,0.0,0.0,0.0,louvain,intersection_count,100.0,0.0,1.0,20260801,1.0.0,not_used,community labels are structural network results; they are not official factions and do not replace original-setting faction metadata
CN4,music,C-708ef2281276446c,364,1,0,0.0,0.0,0.0,louvain,intersection_count,100.0,0.0,1.0,20260801,1.0.0,not_used,community labels are structural network results; they are not official factions and do not replace original-setting faction metadata
CN4,music,C-b2269ca92b76bda6,365,1,0,0.0,0.0,0.0,louvain,intersection_count,100.0,0.0,1.0,20260801,1.0.0,not_used,community labels are structural network results; they are not official factions and do not replace original-setting faction metadata
CN4,music,C-9bd7b63db31b7b0e,366,1,0,0.0,0.0,0.0,louvain,intersection_count,100.0,0.0,1.0,20260801,1.0.0,not_used,community labels are structural network results; they are not official factions and do not replace original-setting faction metadata
CN4,music,C-f1a583f789315167,367,1,0,0.0,0.0,0.0,louvain,intersection_count,100.0,0.0,1.0,20260801,1.0.0,not_used,community labels are structural network results; they are not official factions and do not replace original-setting faction metadata
CN4,music,C-a1ad589b57c04424,368,1,0,0.0,0.0,0.0,louvain,intersection_count,100.0,0.0,1.0,20260801,1.0.0,not_used,community labels are structural network results; they are not official factions and do not replace original-setting faction metadata
CN4,music,C-5b9c1019283ce066,369,1,0,0.0,0.0,0.0,louvain,intersection_count,100.0,0.0,1.0,20260801,1.0.0,not_used,community labels are structural network results; they are not official factions and do not replace original-setting faction metadata
CN4,music,C-675eee713609bc98,370,1,0,0.0,0.0,0.0,louvain,intersection_count,100.0,0.0,1.0,20260801,1.0.0,not_used,community labels are structural network results; they are not official factions and do not replace original-setting faction metadata
CN4,music,C-9198a5af4427dccc,371,1,0,0.0,0.0,0.0,louvain,intersection_count,100.0,0.0,1.0,20260801,1.0.0,not_used,community labels are structural network results; they are not official factions and do not replace original-setting faction metadata
CN4,music,C-4414385c22803d6d,372,1,0,0.0,0.0,0.0,louvain,intersection_count,100.0,0.0,1.0,20260801,1.0.0,not_used,community labels are structural network results; they are not official factions and do not replace original-setting faction metadata
CN4,music,C-06e95ef85bd13b7e,373,1,0,0.0,0.0,0.0,louvain,intersection_count,100.0,0.0,1.0,20260801,1.0.0,not_used,community labels are structural network results; they are not official factions and do not replace original-setting faction metadata
CN4,music,C-4469d2d2cefa0619,374,1,0,0.0,0.0,0.0,louvain,intersection_count,100.0,0.0,1.0,20260801,1.0.0,not_used,community labels are structural network results; they are not official factions and do not replace original-setting faction metadata
CN4,music,C-a25c5fa30eed74c3,375,1,0,0.0,0.0,0.0,louvain,intersection_count,100.0,0.0,1.0,20260801,1.0.0,not_used,community labels are structural network results; they are not official factions and do not replace original-setting faction metadata
CN4,music,C-b70034f746467ca3,376,1,0,0.0,0.0,0.0,louvain,intersection_count,100.0,0.0,1.0,20260801,1.0.0,not_used,community labels are structural network results; they are not official factions and do not replace original-setting faction metadata
CN4,music,C-7395a7e315328807,377,1,0,0.0,0.0,0.0,louvain,intersection_count,100.0,0.0,1.0,20260801,1.0.0,not_used,community labels are structural network results; they are not official factions and do not replace original-setting faction metadata
CN4,music,C-cc1a68bdd7f034fc,378,1,0,0.0,0.0,0.0,louvain,intersection_count,100.0,0.0,1.0,20260801,1.0.0,not_used,community labels are structural network results; they are not official factions and do not replace original-setting faction metadata
CN4,music,C-b5532da7214d002a,379,1,0,0.0,0.0,0.0,louvain,intersection_count,100.0,0.0,1.0,20260801,1.0.0,not_used,community labels are structural network results; they are not official factions and do not replace original-setting faction metadata
CN4,music,C-3b9bb72fdaad52a6,380,1,0,0.0,0.0,0.0,louvain,intersection_count,100.0,0.0,1.0,20260801,1.0.0,not_used,community labels are structural network results; they are not official factions and do not replace original-setting faction metadata
CN4,music,C-5d9b3202287ceaa2,381,1,0,0.0,0.0,0.0,louvain,intersection_count,100.0,0.0,1.0,20260801,1.0.0,not_used,community labels are structural network results; they are not official factions and do not replace original-setting faction metadata
CN4,music,C-eee702b7399c5b20,382,1,0,0.0,0.0,0.0,louvain,intersection_count,100.0,0.0,1.0,20260801,1.0.0,not_used,community labels are structural network results; they are not official factions and do not replace original-setting faction metadata
CN4,music,C-f98373bd5fe6f204,383,1,0,0.0,0.0,0.0,louvain,intersection_count,100.0,0.0,1.0,20260801,1.0.0,not_used,community labels are structural network results; they are not official factions and do not replace original-setting faction metadata
CN4,music,C-5772ee9a4f1b3ed7,384,1,0,0.0,0.0,0.0,louvain,intersection_count,100.0,0.0,1.0,20260801,1.0.0,not_used,community labels are structural network results; they are not official factions and do not replace original-setting faction metadata
CN4,music,C-038c4d6f1b3f8789,385,1,0,0.0,0.0,0.0,louvain,intersection_count,100.0,0.0,1.0,20260801,1.0.0,not_used,community labels are structural network results; they are not official factions and do not replace original-setting faction metadata
CN4,music,C-e82a20548cbc4a1b,386,1,0,0.0,0.0,0.0,louvain,intersection_count,100.0,0.0,1.0,20260801,1.0.0,not_used,community labels are structural network results; they are not official factions and do not replace original-setting faction metadata
CN4,music,C-ad3251d8deb04a75,387,1,0,0.0,0.0,0.0,louvain,intersection_count,100.0,0.0,1.0,20260801,1.0.0,not_used,community labels are structural network results; they are not official factions and do not replace original-setting faction metadata
CN4,music,C-bf4c30c1a35dd327,388,1,0,0.0,0.0,0.0,louvain,intersection_count,100.0,0.0,1.0,20260801,1.0.0,not_used,community labels are structural network results; they are not official factions and do not replace original-setting faction metadata
CN4,music,C-60f6e19308e53c35,389,1,0,0.0,0.0,0.0,louvain,intersection_count,100.0,0.0,1.0,20260801,1.0.0,not_used,community labels are structural network results; they are not official factions and do not replace original-setting faction metadata
CN4,music,C-bf30758a45fa7280,390,1,0,0.0,0.0,0.0,louvain,intersection_count,100.0,0.0,1.0,20260801,1.0.0,not_used,community labels are structural network results; they are not official factions and do not replace original-setting faction metadata
CN4,music,C-84f924353ef8f8e8,391,1,0,0.0,0.0,0.0,louvain,intersection_count,100.0,0.0,1.0,20260801,1.0.0,not_used,community labels are structural network results; they are not official factions and do not replace original-setting faction metadata
CN4,music,C-934b9aa8e45e8070,392,1,0,0.0,0.0,0.0,louvain,intersection_count,100.0,0.0,1.0,20260801,1.0.0,not_used,community labels are structural network results; they are not official factions and do not replace original-setting faction metadata
CN4,music,C-61a525c987543861,393,1,0,0.0,0.0,0.0,louvain,intersection_count,100.0,0.0,1.0,20260801,1.0.0,not_used,community labels are structural network results; they are not official factions and do not replace original-setting faction metadata
CN4,music,C-e5383ae26a3ea3c6,394,1,0,0.0,0.0,0.0,louvain,intersection_count,100.0,0.0,1.0,20260801,1.0.0,not_used,community labels are structural network results; they are not official factions and do not replace original-setting faction metadata
CN4,music,C-5e93657b50e8b62f,395,1,0,0.0,0.0,0.0,louvain,intersection_count,100.0,0.0,1.0,20260801,1.0.0,not_used,community labels are structural network results; they are not official factions and do not replace original-setting faction metadata
CN4,music,C-a5747e4ec350d13e,396,1,0,0.0,0.0,0.0,louvain,intersection_count,100.0,0.0,1.0,20260801,1.0.0,not_used,community labels are structural network results; they are not official factions and do not replace original-setting faction metadata
CN4,music,C-3b2171ad9d53b7af,397,1,0,0.0,0.0,0.0,louvain,intersection_count,100.0,0.0,1.0,20260801,1.0.0,not_used,community labels are structural network results; they are not official factions and do not replace original-setting faction metadata
CN4,music,C-f7bb41b4ec1ef3f8,398,1,0,0.0,0.0,0.0,louvain,intersection_count,100.0,0.0,1.0,20260801,1.0.0,not_used,community labels are structural network results; they are not official factions and do not replace original-setting faction metadata
CN4,music,C-5cfabd6648293c53,399,1,0,0.0,0.0,0.0,louvain,intersection_count,100.0,0.0,1.0,20260801,1.0.0,not_used,community labels are structural network results; they are not official factions and do not replace original-setting faction metadata
CN4,music,C-20b93962f645c149,400,1,0,0.0,0.0,0.0,louvain,intersection_count,100.0,0.0,1.0,20260801,1.0.0,not_used,community labels are structural network results; they are not official factions and do not replace original-setting faction metadata
CN4,music,C-e05ca5fe5480eb36,401,1,0,0.0,0.0,0.0,louvain,intersection_count,100.0,0.0,1.0,20260801,1.0.0,not_used,community labels are structural network results; they are not official factions and do not replace original-setting faction metadata
CN4,music,C-d8edaa953a9684e0,402,1,0,0.0,0.0,0.0,louvain,intersection_count,100.0,0.0,1.0,20260801,1.0.0,not_used,community labels are structural network results; they are not official factions and do not replace original-setting faction metadata
CN4,music,C-ac599fef7d7e16b0,403,1,0,0.0,0.0,0.0,louvain,intersection_count,100.0,0.0,1.0,20260801,1.0.0,not_used,community labels are structural network results; they are not official factions and do not replace original-setting faction metadata
CN4,music,C-62637f413f56612a,404,1,0,0.0,0.0,0.0,louvain,intersection_count,100.0,0.0,1.0,20260801,1.0.0,not_used,community labels are structural network results; they are not official factions and do not replace original-setting faction metadata
CN4,music,C-b6223c09368bc28f,405,1,0,0.0,0.0,0.0,louvain,intersection_count,100.0,0.0,1.0,20260801,1.0.0,not_used,community labels are structural network results; they are not official factions and do not replace original-setting faction metadata
CN4,music,C-24e6721a50e73e79,406,1,0,0.0,0.0,0.0,louvain,intersection_count,100.0,0.0,1.0,20260801,1.0.0,not_used,community labels are structural network results; they are not official factions and do not replace original-setting faction metadata
CN4,music,C-61e3ecf8d764d5d8,407,1,0,0.0,0.0,0.0,louvain,intersection_count,100.0,0.0,1.0,20260801,1.0.0,not_used,community labels are structural network results; they are not official factions and do not replace original-setting faction metadata
CN4,music,C-4a32bf0b2502bae6,408,1,0,0.0,0.0,0.0,louvain,intersection_count,100.0,0.0,1.0,20260801,1.0.0,not_used,community labels are structural network results; they are not official factions and do not replace original-setting faction metadata
CN4,music,C-8c780b22a32e9033,409,1,0,0.0,0.0,0.0,louvain,intersection_count,100.0,0.0,1.0,20260801,1.0.0,not_used,community labels are structural network results; they are not official factions and do not replace original-setting faction metadata
CN4,music,C-a58d8182106830a2,410,1,0,0.0,0.0,0.0,louvain,intersection_count,100.0,0.0,1.0,20260801,1.0.0,not_used,community labels are structural network results; they are not official factions and do not replace original-setting faction metadata
CN4,music,C-1e0a3c43e04e9cd6,411,1,0,0.0,0.0,0.0,louvain,intersection_count,100.0,0.0,1.0,20260801,1.0.0,not_used,community labels are structural network results; they are not official factions and do not replace original-setting faction metadata
CN4,music,C-f27a3f91368f0708,412,1,0,0.0,0.0,0.0,louvain,intersection_count,100.0,0.0,1.0,20260801,1.0.0,not_used,community labels are structural network results; they are not official factions and do not replace original-setting faction metadata
CN4,music,C-c65e9f99a36f8f2d,413,1,0,0.0,0.0,0.0,louvain,intersection_count,100.0,0.0,1.0,20260801,1.0.0,not_used,community labels are structural network results; they are not official factions and do not replace original-setting faction metadata
CN4,music,C-70e1a92c288472cb,414,1,0,0.0,0.0,0.0,louvain,intersection_count,100.0,0.0,1.0,20260801,1.0.0,not_used,community labels are structural network results; they are not official factions and do not replace original-setting faction metadata
CN4,music,C-719c52238be78026,415,1,0,0.0,0.0,0.0,louvain,intersection_count,100.0,0.0,1.0,20260801,1.0.0,not_used,community labels are structural network results; they are not official factions and do not replace original-setting faction metadata
CN4,music,C-f7c9d273d744487a,416,1,0,0.0,0.0,0.0,louvain,intersection_count,100.0,0.0,1.0,20260801,1.0.0,not_used,community labels are structural network results; they are not official factions and do not replace original-setting faction metadata
CN4,music,C-1f29236d7828f4a8,417,1,0,0.0,0.0,0.0,louvain,intersection_count,100.0,0.0,1.0,20260801,1.0.0,not_used,community labels are structural network results; they are not official factions and do not replace original-setting faction metadata
CN4,music,C-4fba90ea40be1655,418,1,0,0.0,0.0,0.0,louvain,intersection_count,100.0,0.0,1.0,20260801,1.0.0,not_used,community labels are structural network results; they are not official factions and do not replace original-setting faction metadata
CN4,music,C-02c667ea00cd639a,419,1,0,0.0,0.0,0.0,louvain,intersection_count,100.0,0.0,1.0,20260801,1.0.0,not_used,community labels are structural network results; they are not official factions and do not replace original-setting faction metadata
CN4,music,C-a644c80ea02bee6c,420,1,0,0.0,0.0,0.0,louvain,intersection_count,100.0,0.0,1.0,20260801,1.0.0,not_used,community labels are structural network results; they are not official factions and do not replace original-setting faction metadata
CN4,music,C-b1c8fbd606e2416d,421,1,0,0.0,0.0,0.0,louvain,intersection_count,100.0,0.0,1.0,20260801,1.0.0,not_used,community labels are structural network results; they are not official factions and do not replace original-setting faction metadata
CN4,music,C-286c3c1ba0f77f62,422,1,0,0.0,0.0,0.0,louvain,intersection_count,100.0,0.0,1.0,20260801,1.0.0,not_used,community labels are structural network results; they are not official factions and do not replace original-setting faction metadata
CN4,music,C-9ad3448475619fd8,423,1,0,0.0,0.0,0.0,louvain,intersection_count,100.0,0.0,1.0,20260801,1.0.0,not_used,community labels are structural network results; they are not official factions and do not replace original-setting faction metadata
CN4,music,C-9d6be726302aff61,424,1,0,0.0,0.0,0.0,louvain,intersection_count,100.0,0.0,1.0,20260801,1.0.0,not_used,community labels are structural network results; they are not official factions and do not replace original-setting faction metadata
CN4,music,C-7d8f390d00ddb894,425,1,0,0.0,0.0,0.0,louvain,intersection_count,100.0,0.0,1.0,20260801,1.0.0,not_used,community labels are structural network results; they are not official factions and do not replace original-setting faction metadata
CN4,music,C-6b62bdbb26bcc48c,426,1,0,0.0,0.0,0.0,louvain,intersection_count,100.0,0.0,1.0,20260801,1.0.0,not_used,community labels are structural network results; they are not official factions and do not replace original-setting faction metadata
CN4,music,C-8b966ea54ebb2630,427,1,0,0.0,0.0,0.0,louvain,intersection_count,100.0,0.0,1.0,20260801,1.0.0,not_used,community labels are structural network results; they are not official factions and do not replace original-setting faction metadata
CN4,music,C-5cbdd5bbabbf8323,428,1,0,0.0,0.0,0.0,louvain,intersection_count,100.0,0.0,1.0,20260801,1.0.0,not_used,community labels are structural network results; they are not official factions and do not replace original-setting faction metadata
CN4,music,C-12bc688f3c6cd2e2,429,1,0,0.0,0.0,0.0,louvain,intersection_count,100.0,0.0,1.0,20260801,1.0.0,not_used,community labels are structural network results; they are not official factions and do not replace original-setting faction metadata
CN4,music,C-02b6c30078f8d6ad,430,1,0,0.0,0.0,0.0,louvain,intersection_count,100.0,0.0,1.0,20260801,1.0.0,not_used,community labels are structural network results; they are not official factions and do not replace original-setting faction metadata
CN4,music,C-d972939e916d8e34,431,1,0,0.0,0.0,0.0,louvain,intersection_count,100.0,0.0,1.0,20260801,1.0.0,not_used,community labels are structural network results; they are not official factions and do not replace original-setting faction metadata
CN4,music,C-2cbd8cddb2273f1a,432,1,0,0.0,0.0,0.0,louvain,intersection_count,100.0,0.0,1.0,20260801,1.0.0,not_used,community labels are structural network results; they are not official factions and do not replace original-setting faction metadata
CN4,music,C-e5e94e608df6f120,433,1,0,0.0,0.0,0.0,louvain,intersection_count,100.0,0.0,1.0,20260801,1.0.0,not_used,community labels are structural network results; they are not official factions and do not replace original-setting faction metadata
CN4,music,C-bd7945be9bf351ad,434,1,0,0.0,0.0,0.0,louvain,intersection_count,100.0,0.0,1.0,20260801,1.0.0,not_used,community labels are structural network results; they are not official factions and do not replace original-setting faction metadata
CN4,music,C-e751fd3ab6f7c099,435,1,0,0.0,0.0,0.0,louvain,intersection_count,100.0,0.0,1.0,20260801,1.0.0,not_used,community labels are structural network results; they are not official factions and do not replace original-setting faction metadata
CN4,music,C-d4ba3a0dd00c290d,436,1,0,0.0,0.0,0.0,louvain,intersection_count,100.0,0.0,1.0,20260801,1.0.0,not_used,community labels are structural network results; they are not official factions and do not replace original-setting faction metadata
CN4,music,C-7e7df4bbdc747ce3,437,1,0,0.0,0.0,0.0,louvain,intersection_count,100.0,0.0,1.0,20260801,1.0.0,not_used,community labels are structural network results; they are not official factions and do not replace original-setting faction metadata
CN4,music,C-d7a649583e7caeda,438,1,0,0.0,0.0,0.0,louvain,intersection_count,100.0,0.0,1.0,20260801,1.0.0,not_used,community labels are structural network results; they are not official factions and do not replace original-setting faction metadata
CN4,music,C-68b2269cbb0d0db4,439,1,0,0.0,0.0,0.0,louvain,intersection_count,100.0,0.0,1.0,20260801,1.0.0,not_used,community labels are structural network results; they are not official factions and do not replace original-setting faction metadata
CN4,music,C-6b90b86fac48993d,440,1,0,0.0,0.0,0.0,louvain,intersection_count,100.0,0.0,1.0,20260801,1.0.0,not_used,community labels are structural network results; they are not official factions and do not replace original-setting faction metadata
CN4,music,C-37b014e9b533f5f4,441,1,0,0.0,0.0,0.0,louvain,intersection_count,100.0,0.0,1.0,20260801,1.0.0,not_used,community labels are structural network results; they are not official factions and do not replace original-setting faction metadata
CN4,music,C-b57bbe8d0a403fed,442,1,0,0.0,0.0,0.0,louvain,intersection_count,100.0,0.0,1.0,20260801,1.0.0,not_used,community labels are structural network results; they are not official factions and do not replace original-setting faction metadata
CN4,music,C-4c1ab5b77bedab0c,443,1,0,0.0,0.0,0.0,louvain,intersection_count,100.0,0.0,1.0,20260801,1.0.0,not_used,community labels are structural network results; they are not official factions and do not replace original-setting faction metadata
CN4,music,C-c94125f455688c12,444,1,0,0.0,0.0,0.0,louvain,intersection_count,100.0,0.0,1.0,20260801,1.0.0,not_used,community labels are structural network results; they are not official factions and do not replace original-setting faction metadata
CN4,music,C-3c4b762bba3744b9,445,1,0,0.0,0.0,0.0,louvain,intersection_count,100.0,0.0,1.0,20260801,1.0.0,not_used,community labels are structural network results; they are not official factions and do not replace original-setting faction metadata
CN4,music,C-1fd8477afe5e88a6,446,1,0,0.0,0.0,0.0,louvain,intersection_count,100.0,0.0,1.0,20260801,1.0.0,not_used,community labels are structural network results; they are not official factions and do not replace original-setting faction metadata
CN4,music,C-b62556a26ef39601,447,1,0,0.0,0.0,0.0,louvain,intersection_count,100.0,0.0,1.0,20260801,1.0.0,not_used,community labels are structural network results; they are not official factions and do not replace original-setting faction metadata
CN4,music,C-8ceaf9163f8a5f9c,448,1,0,0.0,0.0,0.0,louvain,intersection_count,100.0,0.0,1.0,20260801,1.0.0,not_used,community labels are structural network results; they are not official factions and do not replace original-setting faction metadata
CN4,music,C-48896ae0dc66a0a5,449,1,0,0.0,0.0,0.0,louvain,intersection_count,100.0,0.0,1.0,20260801,1.0.0,not_used,community labels are structural network results; they are not official factions and do not replace original-setting faction metadata
CN4,music,C-92303cd9fb67f64a,450,1,0,0.0,0.0,0.0,louvain,intersection_count,100.0,0.0,1.0,20260801,1.0.0,not_used,community labels are structural network results; they are not official factions and do not replace original-setting faction metadata
CN4,music,C-6548ee1e6f179227,451,1,0,0.0,0.0,0.0,louvain,intersection_count,100.0,0.0,1.0,20260801,1.0.0,not_used,community labels are structural network results; they are not official factions and do not replace original-setting faction metadata
CN4,music,C-5be2253435e89ac3,452,1,0,0.0,0.0,0.0,louvain,intersection_count,100.0,0.0,1.0,20260801,1.0.0,not_used,community labels are structural network results; they are not official factions and do not replace original-setting faction metadata
CN4,music,C-ab511cc4e4472886,453,1,0,0.0,0.0,0.0,louvain,intersection_count,100.0,0.0,1.0,20260801,1.0.0,not_used,community labels are structural network results; they are not official factions and do not replace original-setting faction metadata
CN4,music,C-baef19323c0a7e11,454,1,0,0.0,0.0,0.0,louvain,intersection_count,100.0,0.0,1.0,20260801,1.0.0,not_used,community labels are structural network results; they are not official factions and do not replace original-setting faction metadata
CN4,music,C-e84a0395997f5f0b,455,1,0,0.0,0.0,0.0,louvain,intersection_count,100.0,0.0,1.0,20260801,1.0.0,not_used,community labels are structural network results; they are not official factions and do not replace original-setting faction metadata
CN4,music,C-7faa76c3bc6c5f99,456,1,0,0.0,0.0,0.0,louvain,intersection_count,100.0,0.0,1.0,20260801,1.0.0,not_used,community labels are structural network results; they are not official factions and do not replace original-setting faction metadata
CN4,music,C-3635dd88217476a3,457,1,0,0.0,0.0,0.0,louvain,intersection_count,100.0,0.0,1.0,20260801,1.0.0,not_used,community labels are structural network results; they are not official factions and do not replace original-setting faction metadata
CN4,music,C-3e4037d24a5cb8bd,458,1,0,0.0,0.0,0.0,louvain,intersection_count,100.0,0.0,1.0,20260801,1.0.0,not_used,community labels are structural network results; they are not official factions and do not replace original-setting faction metadata
CN4,music,C-13107b492a79f244,459,1,0,0.0,0.0,0.0,louvain,intersection_count,100.0,0.0,1.0,20260801,1.0.0,not_used,community labels are structural network results; they are not official factions and do not replace original-setting faction metadata
CN4,music,C-3c8fbd15d387bc9e,460,1,0,0.0,0.0,0.0,louvain,intersection_count,100.0,0.0,1.0,20260801,1.0.0,not_used,community labels are structural network results; they are not official factions and do not replace original-setting faction metadata
CN4,music,C-48c752625b5edeb6,461,1,0,0.0,0.0,0.0,louvain,intersection_count,100.0,0.0,1.0,20260801,1.0.0,not_used,community labels are structural network results; they are not official factions and do not replace original-setting faction metadata
CN4,music,C-2c0df1ffa3ebe365,462,1,0,0.0,0.0,0.0,louvain,intersection_count,100.0,0.0,1.0,20260801,1.0.0,not_used,community labels are structural network results; they are not official factions and do not replace original-setting faction metadata
CN4,music,C-7dcdc48b1fcc7de8,463,1,0,0.0,0.0,0.0,louvain,intersection_count,100.0,0.0,1.0,20260801,1.0.0,not_used,community labels are structural network results; they are not official factions and do not replace original-setting faction metadata
CN4,music,C-8787caba7fb9d4d8,464,1,0,0.0,0.0,0.0,louvain,intersection_count,100.0,0.0,1.0,20260801,1.0.0,not_used,community labels are structural network results; they are not official factions and do not replace original-setting faction metadata
CN4,music,C-7738e3f1744649be,465,1,0,0.0,0.0,0.0,louvain,intersection_count,100.0,0.0,1.0,20260801,1.0.0,not_used,community labels are structural network results; they are not official factions and do not replace original-setting faction metadata
CN4,music,C-524ad8bffd6a9be5,466,1,0,0.0,0.0,0.0,louvain,intersection_count,100.0,0.0,1.0,20260801,1.0.0,not_used,community labels are structural network results; they are not official factions and do not replace original-setting faction metadata
CN4,music,C-0704562642ad6187,467,1,0,0.0,0.0,0.0,louvain,intersection_count,100.0,0.0,1.0,20260801,1.0.0,not_used,community labels are structural network results; they are not official factions and do not replace original-setting faction metadata
CN4,music,C-f3932ea27c39a25a,468,1,0,0.0,0.0,0.0,louvain,intersection_count,100.0,0.0,1.0,20260801,1.0.0,not_used,community labels are structural network results; they are not official factions and do not replace original-setting faction metadata
CN4,music,C-6599338dffcdabaf,469,1,0,0.0,0.0,0.0,louvain,intersection_count,100.0,0.0,1.0,20260801,1.0.0,not_used,community labels are structural network results; they are not official factions and do not replace original-setting faction metadata
CN4,music,C-626cd6ef1756d348,470,1,0,0.0,0.0,0.0,louvain,intersection_count,100.0,0.0,1.0,20260801,1.0.0,not_used,community labels are structural network results; they are not official factions and do not replace original-setting faction metadata
CN4,music,C-fd7b8c0022e16619,471,1,0,0.0,0.0,0.0,louvain,intersection_count,100.0,0.0,1.0,20260801,1.0.0,not_used,community labels are structural network results; they are not official factions and do not replace original-setting faction metadata
CN4,music,C-64d20a28238ecc7f,472,1,0,0.0,0.0,0.0,louvain,intersection_count,100.0,0.0,1.0,20260801,1.0.0,not_used,community labels are structural network results; they are not official factions and do not replace original-setting faction metadata
CN4,music,C-934871227ecca3a8,473,1,0,0.0,0.0,0.0,louvain,intersection_count,100.0,0.0,1.0,20260801,1.0.0,not_used,community labels are structural network results; they are not official factions and do not replace original-setting faction metadata
CN4,music,C-d162edfce31c0e9b,474,1,0,0.0,0.0,0.0,louvain,intersection_count,100.0,0.0,1.0,20260801,1.0.0,not_used,community labels are structural network results; they are not official factions and do not replace original-setting faction metadata
CN4,music,C-7ad10eee3a9c7ea0,475,1,0,0.0,0.0,0.0,louvain,intersection_count,100.0,0.0,1.0,20260801,1.0.0,not_used,community labels are structural network results; they are not official factions and do not replace original-setting faction metadata
CN4,music,C-a33b7b65f2264ea6,476,1,0,0.0,0.0,0.0,louvain,intersection_count,100.0,0.0,1.0,20260801,1.0.0,not_used,community labels are structural network results; they are not official factions and do not replace original-setting faction metadata
