round_label,scope,community_id,community_rank,node_count,edge_count,internal_weight,total_weighted_degree,modularity_contribution,algorithm,weight_metric,threshold,min_intersection_count,resolution,random_seed,software_version,official_faction_source,official_faction_note
JP12,cross_department,C-acc316edcfa3e38f,1,1,0,0.0,0.0,0.0,louvain,intersection_count,100.0,0.0,1.0,20260801,1.0.0,not_used,community labels are structural network results; they are not official factions and do not replace original-setting faction metadata
JP12,cross_department,C-3ac97de3a41a692b,2,1,0,0.0,0.0,0.0,louvain,intersection_count,100.0,0.0,1.0,20260801,1.0.0,not_used,community labels are structural network results; they are not official factions and do not replace original-setting faction metadata
JP12,cross_department,C-837f52e0431655cd,3,1,0,0.0,0.0,0.0,louvain,intersection_count,100.0,0.0,1.0,20260801,1.0.0,not_used,community labels are structural network results; they are not official factions and do not replace original-setting faction metadata
JP12,cross_department,C-16ecd93327faeeec,4,1,0,0.0,0.0,0.0,louvain,intersection_count,100.0,0.0,1.0,20260801,1.0.0,not_used,community labels are structural network results; they are not official factions and do not replace original-setting faction metadata
JP12,cross_department,C-3e16553e28627436,5,1,0,0.0,0.0,0.0,louvain,intersection_count,100.0,0.0,1.0,20260801,1.0.0,not_used,community labels are structural network results; they are not official factions and do not replace original-setting faction metadata
JP12,cross_department,C-9d0d28d78ad0c64e,6,1,0,0.0,0.0,0.0,louvain,intersection_count,100.0,0.0,1.0,20260801,1.0.0,not_used,community labels are structural network results; they are not official factions and do not replace original-setting faction metadata
JP12,cross_department,C-4717e644dc33c407,7,1,0,0.0,0.0,0.0,louvain,intersection_count,100.0,0.0,1.0,20260801,1.0.0,not_used,community labels are structural network results; they are not official factions and do not replace original-setting faction metadata
JP12,cross_department,C-b456e66140e6e0dd,8,1,0,0.0,0.0,0.0,louvain,intersection_count,100.0,0.0,1.0,20260801,1.0.0,not_used,community labels are structural network results; they are not official factions and do not replace original-setting faction metadata
JP12,cross_department,C-4b322cc0e3f065d6,9,1,0,0.0,0.0,0.0,louvain,intersection_count,100.0,0.0,1.0,20260801,1.0.0,not_used,community labels are structural network results; they are not official factions and do not replace original-setting faction metadata
JP12,cross_department,C-4a76293fe6b2e129,10,1,0,0.0,0.0,0.0,louvain,intersection_count,100.0,0.0,1.0,20260801,1.0.0,not_used,community labels are structural network results; they are not official factions and do not replace original-setting faction metadata
JP12,cross_department,C-2b141f47c796920f,11,1,0,0.0,0.0,0.0,louvain,intersection_count,100.0,0.0,1.0,20260801,1.0.0,not_used,community labels are structural network results; they are not official factions and do not replace original-setting faction metadata
JP12,cross_department,C-586db4eaad418b48,12,1,0,0.0,0.0,0.0,louvain,intersection_count,100.0,0.0,1.0,20260801,1.0.0,not_used,community labels are structural network results; they are not official factions and do not replace original-setting faction metadata
JP12,cross_department,C-ff3eddbbba295f1c,13,1,0,0.0,0.0,0.0,louvain,intersection_count,100.0,0.0,1.0,20260801,1.0.0,not_used,community labels are structural network results; they are not official factions and do not replace original-setting faction metadata
JP12,cross_department,C-cfe27053c31cab4a,14,1,0,0.0,0.0,0.0,louvain,intersection_count,100.0,0.0,1.0,20260801,1.0.0,not_used,community labels are structural network results; they are not official factions and do not replace original-setting faction metadata
JP12,cross_department,C-e9af94ca1037c4bd,15,1,0,0.0,0.0,0.0,louvain,intersection_count,100.0,0.0,1.0,20260801,1.0.0,not_used,community labels are structural network results; they are not official factions and do not replace original-setting faction metadata
JP12,cross_department,C-b24d21b0300b8a60,16,1,0,0.0,0.0,0.0,louvain,intersection_count,100.0,0.0,1.0,20260801,1.0.0,not_used,community labels are structural network results; they are not official factions and do not replace original-setting faction metadata
JP12,cross_department,C-1f27392aa91d4ad2,17,1,0,0.0,0.0,0.0,louvain,intersection_count,100.0,0.0,1.0,20260801,1.0.0,not_used,community labels are structural network results; they are not official factions and do not replace original-setting faction metadata
JP12,cross_department,C-995a35f9d6e6ee0b,18,1,0,0.0,0.0,0.0,louvain,intersection_count,100.0,0.0,1.0,20260801,1.0.0,not_used,community labels are structural network results; they are not official factions and do not replace original-setting faction metadata
JP12,cross_department,C-18c242c4f6462250,19,1,0,0.0,0.0,0.0,louvain,intersection_count,100.0,0.0,1.0,20260801,1.0.0,not_used,community labels are structural network results; they are not official factions and do not replace original-setting faction metadata
JP12,cross_department,C-298ea85dcf8049fd,20,1,0,0.0,0.0,0.0,louvain,intersection_count,100.0,0.0,1.0,20260801,1.0.0,not_used,community labels are structural network results; they are not official factions and do not replace original-setting faction metadata
JP12,cross_department,C-eec829c11f7978ab,21,1,0,0.0,0.0,0.0,louvain,intersection_count,100.0,0.0,1.0,20260801,1.0.0,not_used,community labels are structural network results; they are not official factions and do not replace original-setting faction metadata
JP12,cross_department,C-7ec1db53e53541ac,22,1,0,0.0,0.0,0.0,louvain,intersection_count,100.0,0.0,1.0,20260801,1.0.0,not_used,community labels are structural network results; they are not official factions and do not replace original-setting faction metadata
JP12,cross_department,C-3e440ea29df8bef1,23,1,0,0.0,0.0,0.0,louvain,intersection_count,100.0,0.0,1.0,20260801,1.0.0,not_used,community labels are structural network results; they are not official factions and do not replace original-setting faction metadata
JP12,cross_department,C-43bce9f35af86266,24,1,0,0.0,0.0,0.0,louvain,intersection_count,100.0,0.0,1.0,20260801,1.0.0,not_used,community labels are structural network results; they are not official factions and do not replace original-setting faction metadata
JP12,cross_department,C-07664b57f31d8c73,25,1,0,0.0,0.0,0.0,louvain,intersection_count,100.0,0.0,1.0,20260801,1.0.0,not_used,community labels are structural network results; they are not official factions and do not replace original-setting faction metadata
JP12,cross_department,C-2148ab82503226ae,26,1,0,0.0,0.0,0.0,louvain,intersection_count,100.0,0.0,1.0,20260801,1.0.0,not_used,community labels are structural network results; they are not official factions and do not replace original-setting faction metadata
JP12,cross_department,C-cd43b8266913df70,27,1,0,0.0,0.0,0.0,louvain,intersection_count,100.0,0.0,1.0,20260801,1.0.0,not_used,community labels are structural network results; they are not official factions and do not replace original-setting faction metadata
JP12,cross_department,C-5f1148718bbd975b,28,1,0,0.0,0.0,0.0,louvain,intersection_count,100.0,0.0,1.0,20260801,1.0.0,not_used,community labels are structural network results; they are not official factions and do not replace original-setting faction metadata
JP12,cross_department,C-4d91823d4b9395cb,29,1,0,0.0,0.0,0.0,louvain,intersection_count,100.0,0.0,1.0,20260801,1.0.0,not_used,community labels are structural network results; they are not official factions and do not replace original-setting faction metadata
JP12,cross_department,C-447fcaa5124371da,30,1,0,0.0,0.0,0.0,louvain,intersection_count,100.0,0.0,1.0,20260801,1.0.0,not_used,community labels are structural network results; they are not official factions and do not replace original-setting faction metadata
JP12,cross_department,C-346e038a5334e7e1,31,1,0,0.0,0.0,0.0,louvain,intersection_count,100.0,0.0,1.0,20260801,1.0.0,not_used,community labels are structural network results; they are not official factions and do not replace original-setting faction metadata
JP12,cross_department,C-2149a60c583e60de,32,1,0,0.0,0.0,0.0,louvain,intersection_count,100.0,0.0,1.0,20260801,1.0.0,not_used,community labels are structural network results; they are not official factions and do not replace original-setting faction metadata
JP12,cross_department,C-76bdef1ba6212e0f,33,1,0,0.0,0.0,0.0,louvain,intersection_count,100.0,0.0,1.0,20260801,1.0.0,not_used,community labels are structural network results; they are not official factions and do not replace original-setting faction metadata
JP12,cross_department,C-56a248167d200803,34,1,0,0.0,0.0,0.0,louvain,intersection_count,100.0,0.0,1.0,20260801,1.0.0,not_used,community labels are structural network results; they are not official factions and do not replace original-setting faction metadata
JP12,cross_department,C-d8464750236cb949,35,1,0,0.0,0.0,0.0,louvain,intersection_count,100.0,0.0,1.0,20260801,1.0.0,not_used,community labels are structural network results; they are not official factions and do not replace original-setting faction metadata
JP12,cross_department,C-7fe470b16a620e49,36,1,0,0.0,0.0,0.0,louvain,intersection_count,100.0,0.0,1.0,20260801,1.0.0,not_used,community labels are structural network results; they are not official factions and do not replace original-setting faction metadata
JP12,cross_department,C-43b78b9e20609c1a,37,1,0,0.0,0.0,0.0,louvain,intersection_count,100.0,0.0,1.0,20260801,1.0.0,not_used,community labels are structural network results; they are not official factions and do not replace original-setting faction metadata
JP12,cross_department,C-c57e8839c3d4e94f,38,1,0,0.0,0.0,0.0,louvain,intersection_count,100.0,0.0,1.0,20260801,1.0.0,not_used,community labels are structural network results; they are not official factions and do not replace original-setting faction metadata
JP12,cross_department,C-56522616586e677b,39,1,0,0.0,0.0,0.0,louvain,intersection_count,100.0,0.0,1.0,20260801,1.0.0,not_used,community labels are structural network results; they are not official factions and do not replace original-setting faction metadata
JP12,cross_department,C-ee6c50b792bb615e,40,1,0,0.0,0.0,0.0,louvain,intersection_count,100.0,0.0,1.0,20260801,1.0.0,not_used,community labels are structural network results; they are not official factions and do not replace original-setting faction metadata
JP12,cross_department,C-f90ea1962b6be136,41,1,0,0.0,0.0,0.0,louvain,intersection_count,100.0,0.0,1.0,20260801,1.0.0,not_used,community labels are structural network results; they are not official factions and do not replace original-setting faction metadata
JP12,cross_department,C-361f275381aeb798,42,1,0,0.0,0.0,0.0,louvain,intersection_count,100.0,0.0,1.0,20260801,1.0.0,not_used,community labels are structural network results; they are not official factions and do not replace original-setting faction metadata
JP12,cross_department,C-c664bf60ad66c9c5,43,1,0,0.0,0.0,0.0,louvain,intersection_count,100.0,0.0,1.0,20260801,1.0.0,not_used,community labels are structural network results; they are not official factions and do not replace original-setting faction metadata
JP12,cross_department,C-050d14bc2531954e,44,1,0,0.0,0.0,0.0,louvain,intersection_count,100.0,0.0,1.0,20260801,1.0.0,not_used,community labels are structural network results; they are not official factions and do not replace original-setting faction metadata
JP12,cross_department,C-00815c1c043762d5,45,1,0,0.0,0.0,0.0,louvain,intersection_count,100.0,0.0,1.0,20260801,1.0.0,not_used,community labels are structural network results; they are not official factions and do not replace original-setting faction metadata
JP12,cross_department,C-8b2ed344b579fd96,46,1,0,0.0,0.0,0.0,louvain,intersection_count,100.0,0.0,1.0,20260801,1.0.0,not_used,community labels are structural network results; they are not official factions and do not replace original-setting faction metadata
JP12,cross_department,C-dbd8b54bee35f0d9,47,1,0,0.0,0.0,0.0,louvain,intersection_count,100.0,0.0,1.0,20260801,1.0.0,not_used,community labels are structural network results; they are not official factions and do not replace original-setting faction metadata
JP12,cross_department,C-a6679edfadd85e66,48,1,0,0.0,0.0,0.0,louvain,intersection_count,100.0,0.0,1.0,20260801,1.0.0,not_used,community labels are structural network results; they are not official factions and do not replace original-setting faction metadata
JP12,cross_department,C-f2913f940de3972a,49,1,0,0.0,0.0,0.0,louvain,intersection_count,100.0,0.0,1.0,20260801,1.0.0,not_used,community labels are structural network results; they are not official factions and do not replace original-setting faction metadata
JP12,cross_department,C-0787643feea59faa,50,1,0,0.0,0.0,0.0,louvain,intersection_count,100.0,0.0,1.0,20260801,1.0.0,not_used,community labels are structural network results; they are not official factions and do not replace original-setting faction metadata
JP12,cross_department,C-6156fa6bdc689085,51,1,0,0.0,0.0,0.0,louvain,intersection_count,100.0,0.0,1.0,20260801,1.0.0,not_used,community labels are structural network results; they are not official factions and do not replace original-setting faction metadata
JP12,cross_department,C-49a8d253e954eb8d,52,1,0,0.0,0.0,0.0,louvain,intersection_count,100.0,0.0,1.0,20260801,1.0.0,not_used,community labels are structural network results; they are not official factions and do not replace original-setting faction metadata
JP12,cross_department,C-e89a5f24cbfbbda6,53,1,0,0.0,0.0,0.0,louvain,intersection_count,100.0,0.0,1.0,20260801,1.0.0,not_used,community labels are structural network results; they are not official factions and do not replace original-setting faction metadata
JP12,cross_department,C-b99fc0563f937731,54,1,0,0.0,0.0,0.0,louvain,intersection_count,100.0,0.0,1.0,20260801,1.0.0,not_used,community labels are structural network results; they are not official factions and do not replace original-setting faction metadata
JP12,cross_department,C-71004d2648dec0a6,55,1,0,0.0,0.0,0.0,louvain,intersection_count,100.0,0.0,1.0,20260801,1.0.0,not_used,community labels are structural network results; they are not official factions and do not replace original-setting faction metadata
JP12,cross_department,C-fe0bf21a82ae22d6,56,1,0,0.0,0.0,0.0,louvain,intersection_count,100.0,0.0,1.0,20260801,1.0.0,not_used,community labels are structural network results; they are not official factions and do not replace original-setting faction metadata
JP12,cross_department,C-9008c777a195c912,57,1,0,0.0,0.0,0.0,louvain,intersection_count,100.0,0.0,1.0,20260801,1.0.0,not_used,community labels are structural network results; they are not official factions and do not replace original-setting faction metadata
JP12,cross_department,C-ee3f228bb330e969,58,1,0,0.0,0.0,0.0,louvain,intersection_count,100.0,0.0,1.0,20260801,1.0.0,not_used,community labels are structural network results; they are not official factions and do not replace original-setting faction metadata
JP12,cross_department,C-3b72aba00249269e,59,1,0,0.0,0.0,0.0,louvain,intersection_count,100.0,0.0,1.0,20260801,1.0.0,not_used,community labels are structural network results; they are not official factions and do not replace original-setting faction metadata
JP12,cross_department,C-1ca535e80e9d0e46,60,1,0,0.0,0.0,0.0,louvain,intersection_count,100.0,0.0,1.0,20260801,1.0.0,not_used,community labels are structural network results; they are not official factions and do not replace original-setting faction metadata
JP12,cross_department,C-dc0ba813be5617a2,61,1,0,0.0,0.0,0.0,louvain,intersection_count,100.0,0.0,1.0,20260801,1.0.0,not_used,community labels are structural network results; they are not official factions and do not replace original-setting faction metadata
JP12,cross_department,C-8e8bd0fbf75d9d57,62,1,0,0.0,0.0,0.0,louvain,intersection_count,100.0,0.0,1.0,20260801,1.0.0,not_used,community labels are structural network results; they are not official factions and do not replace original-setting faction metadata
JP12,cross_department,C-b9adb4bd68d3381b,63,1,0,0.0,0.0,0.0,louvain,intersection_count,100.0,0.0,1.0,20260801,1.0.0,not_used,community labels are structural network results; they are not official factions and do not replace original-setting faction metadata
JP12,cross_department,C-773e4ffcb9de103b,64,1,0,0.0,0.0,0.0,louvain,intersection_count,100.0,0.0,1.0,20260801,1.0.0,not_used,community labels are structural network results; they are not official factions and do not replace original-setting faction metadata
JP12,cross_department,C-1d557026a12cdc3b,65,1,0,0.0,0.0,0.0,louvain,intersection_count,100.0,0.0,1.0,20260801,1.0.0,not_used,community labels are structural network results; they are not official factions and do not replace original-setting faction metadata
JP12,cross_department,C-b30501a9e4c6f1cb,66,1,0,0.0,0.0,0.0,louvain,intersection_count,100.0,0.0,1.0,20260801,1.0.0,not_used,community labels are structural network results; they are not official factions and do not replace original-setting faction metadata
JP12,cross_department,C-cdc55e609ad38b29,67,1,0,0.0,0.0,0.0,louvain,intersection_count,100.0,0.0,1.0,20260801,1.0.0,not_used,community labels are structural network results; they are not official factions and do not replace original-setting faction metadata
JP12,cross_department,C-f037af8a395093d3,68,1,0,0.0,0.0,0.0,louvain,intersection_count,100.0,0.0,1.0,20260801,1.0.0,not_used,community labels are structural network results; they are not official factions and do not replace original-setting faction metadata
JP12,cross_department,C-455b8bf73d82b2a3,69,1,0,0.0,0.0,0.0,louvain,intersection_count,100.0,0.0,1.0,20260801,1.0.0,not_used,community labels are structural network results; they are not official factions and do not replace original-setting faction metadata
JP12,cross_department,C-88001711d3bb0f01,70,1,0,0.0,0.0,0.0,louvain,intersection_count,100.0,0.0,1.0,20260801,1.0.0,not_used,community labels are structural network results; they are not official factions and do not replace original-setting faction metadata
JP12,cross_department,C-6f18024a60cd88a4,71,1,0,0.0,0.0,0.0,louvain,intersection_count,100.0,0.0,1.0,20260801,1.0.0,not_used,community labels are structural network results; they are not official factions and do not replace original-setting faction metadata
JP12,cross_department,C-4f870b2bdb0a34be,72,1,0,0.0,0.0,0.0,louvain,intersection_count,100.0,0.0,1.0,20260801,1.0.0,not_used,community labels are structural network results; they are not official factions and do not replace original-setting faction metadata
JP12,cross_department,C-dd572ecefec9c609,73,1,0,0.0,0.0,0.0,louvain,intersection_count,100.0,0.0,1.0,20260801,1.0.0,not_used,community labels are structural network results; they are not official factions and do not replace original-setting faction metadata
JP12,cross_department,C-d16135fa0c22a9ec,74,1,0,0.0,0.0,0.0,louvain,intersection_count,100.0,0.0,1.0,20260801,1.0.0,not_used,community labels are structural network results; they are not official factions and do not replace original-setting faction metadata
JP12,cross_department,C-338b37f526e1f034,75,1,0,0.0,0.0,0.0,louvain,intersection_count,100.0,0.0,1.0,20260801,1.0.0,not_used,community labels are structural network results; they are not official factions and do not replace original-setting faction metadata
JP12,cross_department,C-fc7217ddcfc1a32d,76,1,0,0.0,0.0,0.0,louvain,intersection_count,100.0,0.0,1.0,20260801,1.0.0,not_used,community labels are structural network results; they are not official factions and do not replace original-setting faction metadata
JP12,cross_department,C-38dc944d9778d13d,77,1,0,0.0,0.0,0.0,louvain,intersection_count,100.0,0.0,1.0,20260801,1.0.0,not_used,community labels are structural network results; they are not official factions and do not replace original-setting faction metadata
JP12,cross_department,C-11dd309a2054e4fd,78,1,0,0.0,0.0,0.0,louvain,intersection_count,100.0,0.0,1.0,20260801,1.0.0,not_used,community labels are structural network results; they are not official factions and do not replace original-setting faction metadata
JP12,cross_department,C-fd338bb602b2cf5c,79,1,0,0.0,0.0,0.0,louvain,intersection_count,100.0,0.0,1.0,20260801,1.0.0,not_used,community labels are structural network results; they are not official factions and do not replace original-setting faction metadata
JP12,cross_department,C-823dcc1eda7eee4d,80,1,0,0.0,0.0,0.0,louvain,intersection_count,100.0,0.0,1.0,20260801,1.0.0,not_used,community labels are structural network results; they are not official factions and do not replace original-setting faction metadata
JP12,cross_department,C-e7277aff5ee44366,81,1,0,0.0,0.0,0.0,louvain,intersection_count,100.0,0.0,1.0,20260801,1.0.0,not_used,community labels are structural network results; they are not official factions and do not replace original-setting faction metadata
JP12,cross_department,C-927c5da3630bf380,82,1,0,0.0,0.0,0.0,louvain,intersection_count,100.0,0.0,1.0,20260801,1.0.0,not_used,community labels are structural network results; they are not official factions and do not replace original-setting faction metadata
JP12,cross_department,C-c92db0e9e6cc5bfe,83,1,0,0.0,0.0,0.0,louvain,intersection_count,100.0,0.0,1.0,20260801,1.0.0,not_used,community labels are structural network results; they are not official factions and do not replace original-setting faction metadata
JP12,cross_department,C-b0e0c432f907030c,84,1,0,0.0,0.0,0.0,louvain,intersection_count,100.0,0.0,1.0,20260801,1.0.0,not_used,community labels are structural network results; they are not official factions and do not replace original-setting faction metadata
JP12,cross_department,C-eacb2495de72c9b1,85,1,0,0.0,0.0,0.0,louvain,intersection_count,100.0,0.0,1.0,20260801,1.0.0,not_used,community labels are structural network results; they are not official factions and do not replace original-setting faction metadata
JP12,cross_department,C-de2e1faa61f55ac4,86,1,0,0.0,0.0,0.0,louvain,intersection_count,100.0,0.0,1.0,20260801,1.0.0,not_used,community labels are structural network results; they are not official factions and do not replace original-setting faction metadata
JP12,cross_department,C-ef4079a73749ca9c,87,1,0,0.0,0.0,0.0,louvain,intersection_count,100.0,0.0,1.0,20260801,1.0.0,not_used,community labels are structural network results; they are not official factions and do not replace original-setting faction metadata
JP12,cross_department,C-b65f385451982e55,88,1,0,0.0,0.0,0.0,louvain,intersection_count,100.0,0.0,1.0,20260801,1.0.0,not_used,community labels are structural network results; they are not official factions and do not replace original-setting faction metadata
JP12,cross_department,C-424c2dc3bc84d2ff,89,1,0,0.0,0.0,0.0,louvain,intersection_count,100.0,0.0,1.0,20260801,1.0.0,not_used,community labels are structural network results; they are not official factions and do not replace original-setting faction metadata
JP12,cross_department,C-2ab85f64525bf27b,90,1,0,0.0,0.0,0.0,louvain,intersection_count,100.0,0.0,1.0,20260801,1.0.0,not_used,community labels are structural network results; they are not official factions and do not replace original-setting faction metadata
JP12,cross_department,C-9c38302f07a397ac,91,1,0,0.0,0.0,0.0,louvain,intersection_count,100.0,0.0,1.0,20260801,1.0.0,not_used,community labels are structural network results; they are not official factions and do not replace original-setting faction metadata
JP12,cross_department,C-8e5cf20a6f83f8c5,92,1,0,0.0,0.0,0.0,louvain,intersection_count,100.0,0.0,1.0,20260801,1.0.0,not_used,community labels are structural network results; they are not official factions and do not replace original-setting faction metadata
JP12,cross_department,C-b19a20c9907e204b,93,1,0,0.0,0.0,0.0,louvain,intersection_count,100.0,0.0,1.0,20260801,1.0.0,not_used,community labels are structural network results; they are not official factions and do not replace original-setting faction metadata
JP12,cross_department,C-4150dfa43a12bacc,94,1,0,0.0,0.0,0.0,louvain,intersection_count,100.0,0.0,1.0,20260801,1.0.0,not_used,community labels are structural network results; they are not official factions and do not replace original-setting faction metadata
JP12,cross_department,C-905638d371449725,95,1,0,0.0,0.0,0.0,louvain,intersection_count,100.0,0.0,1.0,20260801,1.0.0,not_used,community labels are structural network results; they are not official factions and do not replace original-setting faction metadata
JP12,cross_department,C-eeb4195d3f8c0e9c,96,1,0,0.0,0.0,0.0,louvain,intersection_count,100.0,0.0,1.0,20260801,1.0.0,not_used,community labels are structural network results; they are not official factions and do not replace original-setting faction metadata
JP12,cross_department,C-30fb715f79ca1d1a,97,1,0,0.0,0.0,0.0,louvain,intersection_count,100.0,0.0,1.0,20260801,1.0.0,not_used,community labels are structural network results; they are not official factions and do not replace original-setting faction metadata
JP12,cross_department,C-cbf9f43b1126afe2,98,1,0,0.0,0.0,0.0,louvain,intersection_count,100.0,0.0,1.0,20260801,1.0.0,not_used,community labels are structural network results; they are not official factions and do not replace original-setting faction metadata
JP12,cross_department,C-a4207b6b0d9a5e00,99,1,0,0.0,0.0,0.0,louvain,intersection_count,100.0,0.0,1.0,20260801,1.0.0,not_used,community labels are structural network results; they are not official factions and do not replace original-setting faction metadata
JP12,cross_department,C-b5c48281d33a233d,100,1,0,0.0,0.0,0.0,louvain,intersection_count,100.0,0.0,1.0,20260801,1.0.0,not_used,community labels are structural network results; they are not official factions and do not replace original-setting faction metadata
JP12,cross_department,C-60ce2aa3dc4e86fc,101,1,0,0.0,0.0,0.0,louvain,intersection_count,100.0,0.0,1.0,20260801,1.0.0,not_used,community labels are structural network results; they are not official factions and do not replace original-setting faction metadata
JP12,cross_department,C-2e74700b9c617ff0,102,1,0,0.0,0.0,0.0,louvain,intersection_count,100.0,0.0,1.0,20260801,1.0.0,not_used,community labels are structural network results; they are not official factions and do not replace original-setting faction metadata
JP12,cross_department,C-531ffbfc8ca8c315,103,1,0,0.0,0.0,0.0,louvain,intersection_count,100.0,0.0,1.0,20260801,1.0.0,not_used,community labels are structural network results; they are not official factions and do not replace original-setting faction metadata
JP12,cross_department,C-bc0b39bd97217c33,104,1,0,0.0,0.0,0.0,louvain,intersection_count,100.0,0.0,1.0,20260801,1.0.0,not_used,community labels are structural network results; they are not official factions and do not replace original-setting faction metadata
JP12,cross_department,C-960668705484dcef,105,1,0,0.0,0.0,0.0,louvain,intersection_count,100.0,0.0,1.0,20260801,1.0.0,not_used,community labels are structural network results; they are not official factions and do not replace original-setting faction metadata
JP12,cross_department,C-42a201c665c0c3dd,106,1,0,0.0,0.0,0.0,louvain,intersection_count,100.0,0.0,1.0,20260801,1.0.0,not_used,community labels are structural network results; they are not official factions and do not replace original-setting faction metadata
JP12,cross_department,C-9e0da9c3a25b6b0a,107,1,0,0.0,0.0,0.0,louvain,intersection_count,100.0,0.0,1.0,20260801,1.0.0,not_used,community labels are structural network results; they are not official factions and do not replace original-setting faction metadata
JP12,cross_department,C-ddc01b6a4830b046,108,1,0,0.0,0.0,0.0,louvain,intersection_count,100.0,0.0,1.0,20260801,1.0.0,not_used,community labels are structural network results; they are not official factions and do not replace original-setting faction metadata
JP12,cross_department,C-da4d9fc6eb215287,109,1,0,0.0,0.0,0.0,louvain,intersection_count,100.0,0.0,1.0,20260801,1.0.0,not_used,community labels are structural network results; they are not official factions and do not replace original-setting faction metadata
JP12,cross_department,C-c66c76d74301fc9d,110,1,0,0.0,0.0,0.0,louvain,intersection_count,100.0,0.0,1.0,20260801,1.0.0,not_used,community labels are structural network results; they are not official factions and do not replace original-setting faction metadata
JP12,cross_department,C-6e15c897768845ef,111,1,0,0.0,0.0,0.0,louvain,intersection_count,100.0,0.0,1.0,20260801,1.0.0,not_used,community labels are structural network results; they are not official factions and do not replace original-setting faction metadata
JP12,cross_department,C-8a9de698992e2833,112,1,0,0.0,0.0,0.0,louvain,intersection_count,100.0,0.0,1.0,20260801,1.0.0,not_used,community labels are structural network results; they are not official factions and do not replace original-setting faction metadata
JP12,cross_department,C-51e7a9f351b5b5d9,113,1,0,0.0,0.0,0.0,louvain,intersection_count,100.0,0.0,1.0,20260801,1.0.0,not_used,community labels are structural network results; they are not official factions and do not replace original-setting faction metadata
JP12,cross_department,C-763732ea241d0d1b,114,1,0,0.0,0.0,0.0,louvain,intersection_count,100.0,0.0,1.0,20260801,1.0.0,not_used,community labels are structural network results; they are not official factions and do not replace original-setting faction metadata
JP12,cross_department,C-7034d3c93ad02a0f,115,1,0,0.0,0.0,0.0,louvain,intersection_count,100.0,0.0,1.0,20260801,1.0.0,not_used,community labels are structural network results; they are not official factions and do not replace original-setting faction metadata
JP12,cross_department,C-6f6e0affab7cb019,116,1,0,0.0,0.0,0.0,louvain,intersection_count,100.0,0.0,1.0,20260801,1.0.0,not_used,community labels are structural network results; they are not official factions and do not replace original-setting faction metadata
JP12,cross_department,C-0c54cdf6fb066422,117,1,0,0.0,0.0,0.0,louvain,intersection_count,100.0,0.0,1.0,20260801,1.0.0,not_used,community labels are structural network results; they are not official factions and do not replace original-setting faction metadata
JP12,cross_department,C-62fbfd7b2f330cc9,118,1,0,0.0,0.0,0.0,louvain,intersection_count,100.0,0.0,1.0,20260801,1.0.0,not_used,community labels are structural network results; they are not official factions and do not replace original-setting faction metadata
JP12,cross_department,C-0c55448284248fec,119,1,0,0.0,0.0,0.0,louvain,intersection_count,100.0,0.0,1.0,20260801,1.0.0,not_used,community labels are structural network results; they are not official factions and do not replace original-setting faction metadata
JP12,cross_department,C-6220a77c9638a55d,120,1,0,0.0,0.0,0.0,louvain,intersection_count,100.0,0.0,1.0,20260801,1.0.0,not_used,community labels are structural network results; they are not official factions and do not replace original-setting faction metadata
JP12,cross_department,C-948f0a1217357087,121,1,0,0.0,0.0,0.0,louvain,intersection_count,100.0,0.0,1.0,20260801,1.0.0,not_used,community labels are structural network results; they are not official factions and do not replace original-setting faction metadata
JP12,cross_department,C-be6feb53a1ee0d00,122,1,0,0.0,0.0,0.0,louvain,intersection_count,100.0,0.0,1.0,20260801,1.0.0,not_used,community labels are structural network results; they are not official factions and do not replace original-setting faction metadata
JP12,cross_department,C-e5e8cc2baf5b1d17,123,1,0,0.0,0.0,0.0,louvain,intersection_count,100.0,0.0,1.0,20260801,1.0.0,not_used,community labels are structural network results; they are not official factions and do not replace original-setting faction metadata
JP12,cross_department,C-25acd0df282b4861,124,1,0,0.0,0.0,0.0,louvain,intersection_count,100.0,0.0,1.0,20260801,1.0.0,not_used,community labels are structural network results; they are not official factions and do not replace original-setting faction metadata
JP12,cross_department,C-37cda637b9ca0c38,125,1,0,0.0,0.0,0.0,louvain,intersection_count,100.0,0.0,1.0,20260801,1.0.0,not_used,community labels are structural network results; they are not official factions and do not replace original-setting faction metadata
JP12,cross_department,C-8393459254da829e,126,1,0,0.0,0.0,0.0,louvain,intersection_count,100.0,0.0,1.0,20260801,1.0.0,not_used,community labels are structural network results; they are not official factions and do not replace original-setting faction metadata
JP12,cross_department,C-79131ce0d637c207,127,1,0,0.0,0.0,0.0,louvain,intersection_count,100.0,0.0,1.0,20260801,1.0.0,not_used,community labels are structural network results; they are not official factions and do not replace original-setting faction metadata
JP12,cross_department,C-fc63b9c9252dfc08,128,1,0,0.0,0.0,0.0,louvain,intersection_count,100.0,0.0,1.0,20260801,1.0.0,not_used,community labels are structural network results; they are not official factions and do not replace original-setting faction metadata
JP12,cross_department,C-8b031f8d1d5f72d7,129,1,0,0.0,0.0,0.0,louvain,intersection_count,100.0,0.0,1.0,20260801,1.0.0,not_used,community labels are structural network results; they are not official factions and do not replace original-setting faction metadata
JP12,cross_department,C-004b108ad1d91a8c,130,1,0,0.0,0.0,0.0,louvain,intersection_count,100.0,0.0,1.0,20260801,1.0.0,not_used,community labels are structural network results; they are not official factions and do not replace original-setting faction metadata
JP12,cross_department,C-cb0e79051107fb28,131,1,0,0.0,0.0,0.0,louvain,intersection_count,100.0,0.0,1.0,20260801,1.0.0,not_used,community labels are structural network results; they are not official factions and do not replace original-setting faction metadata
JP12,cross_department,C-e0cd29f1e8f2b452,132,1,0,0.0,0.0,0.0,louvain,intersection_count,100.0,0.0,1.0,20260801,1.0.0,not_used,community labels are structural network results; they are not official factions and do not replace original-setting faction metadata
JP12,cross_department,C-bf91e1d2ad196cba,133,1,0,0.0,0.0,0.0,louvain,intersection_count,100.0,0.0,1.0,20260801,1.0.0,not_used,community labels are structural network results; they are not official factions and do not replace original-setting faction metadata
JP12,cross_department,C-8615e0c2d9c324f7,134,1,0,0.0,0.0,0.0,louvain,intersection_count,100.0,0.0,1.0,20260801,1.0.0,not_used,community labels are structural network results; they are not official factions and do not replace original-setting faction metadata
JP12,cross_department,C-a6f97525758a23de,135,1,0,0.0,0.0,0.0,louvain,intersection_count,100.0,0.0,1.0,20260801,1.0.0,not_used,community labels are structural network results; they are not official factions and do not replace original-setting faction metadata
JP12,cross_department,C-ef7ee562041ad045,136,1,0,0.0,0.0,0.0,louvain,intersection_count,100.0,0.0,1.0,20260801,1.0.0,not_used,community labels are structural network results; they are not official factions and do not replace original-setting faction metadata
JP12,cross_department,C-cdb0c19657bd0e32,137,1,0,0.0,0.0,0.0,louvain,intersection_count,100.0,0.0,1.0,20260801,1.0.0,not_used,community labels are structural network results; they are not official factions and do not replace original-setting faction metadata
JP12,cross_department,C-6350262484b84489,138,1,0,0.0,0.0,0.0,louvain,intersection_count,100.0,0.0,1.0,20260801,1.0.0,not_used,community labels are structural network results; they are not official factions and do not replace original-setting faction metadata
JP12,cross_department,C-2cc64ce0607fac17,139,1,0,0.0,0.0,0.0,louvain,intersection_count,100.0,0.0,1.0,20260801,1.0.0,not_used,community labels are structural network results; they are not official factions and do not replace original-setting faction metadata
JP12,cross_department,C-dc430bf5417039cc,140,1,0,0.0,0.0,0.0,louvain,intersection_count,100.0,0.0,1.0,20260801,1.0.0,not_used,community labels are structural network results; they are not official factions and do not replace original-setting faction metadata
JP12,cross_department,C-6d8f9c597520f958,141,1,0,0.0,0.0,0.0,louvain,intersection_count,100.0,0.0,1.0,20260801,1.0.0,not_used,community labels are structural network results; they are not official factions and do not replace original-setting faction metadata
JP12,cross_department,C-cf56c3f1aed191fc,142,1,0,0.0,0.0,0.0,louvain,intersection_count,100.0,0.0,1.0,20260801,1.0.0,not_used,community labels are structural network results; they are not official factions and do not replace original-setting faction metadata
JP12,cross_department,C-e9a03d72ddba7a38,143,1,0,0.0,0.0,0.0,louvain,intersection_count,100.0,0.0,1.0,20260801,1.0.0,not_used,community labels are structural network results; they are not official factions and do not replace original-setting faction metadata
JP12,cross_department,C-9931781884be89be,144,1,0,0.0,0.0,0.0,louvain,intersection_count,100.0,0.0,1.0,20260801,1.0.0,not_used,community labels are structural network results; they are not official factions and do not replace original-setting faction metadata
JP12,cross_department,C-87a28a0ab547d250,145,1,0,0.0,0.0,0.0,louvain,intersection_count,100.0,0.0,1.0,20260801,1.0.0,not_used,community labels are structural network results; they are not official factions and do not replace original-setting faction metadata
JP12,cross_department,C-712b2620dd142ce3,146,1,0,0.0,0.0,0.0,louvain,intersection_count,100.0,0.0,1.0,20260801,1.0.0,not_used,community labels are structural network results; they are not official factions and do not replace original-setting faction metadata
JP12,cross_department,C-8e10e9ecf0d51c8a,147,1,0,0.0,0.0,0.0,louvain,intersection_count,100.0,0.0,1.0,20260801,1.0.0,not_used,community labels are structural network results; they are not official factions and do not replace original-setting faction metadata
JP12,cross_department,C-5ba667cf97240723,148,1,0,0.0,0.0,0.0,louvain,intersection_count,100.0,0.0,1.0,20260801,1.0.0,not_used,community labels are structural network results; they are not official factions and do not replace original-setting faction metadata
JP12,cross_department,C-ad667bd0feb00560,149,1,0,0.0,0.0,0.0,louvain,intersection_count,100.0,0.0,1.0,20260801,1.0.0,not_used,community labels are structural network results; they are not official factions and do not replace original-setting faction metadata
JP12,cross_department,C-4c705b4c987cb530,150,1,0,0.0,0.0,0.0,louvain,intersection_count,100.0,0.0,1.0,20260801,1.0.0,not_used,community labels are structural network results; they are not official factions and do not replace original-setting faction metadata
JP12,cross_department,C-2871deeef6be34fb,151,1,0,0.0,0.0,0.0,louvain,intersection_count,100.0,0.0,1.0,20260801,1.0.0,not_used,community labels are structural network results; they are not official factions and do not replace original-setting faction metadata
JP12,cross_department,C-b3cbe41a599f66ac,152,1,0,0.0,0.0,0.0,louvain,intersection_count,100.0,0.0,1.0,20260801,1.0.0,not_used,community labels are structural network results; they are not official factions and do not replace original-setting faction metadata
JP12,cross_department,C-3b55c2b902679376,153,1,0,0.0,0.0,0.0,louvain,intersection_count,100.0,0.0,1.0,20260801,1.0.0,not_used,community labels are structural network results; they are not official factions and do not replace original-setting faction metadata
JP12,cross_department,C-761ff32fa8891efe,154,1,0,0.0,0.0,0.0,louvain,intersection_count,100.0,0.0,1.0,20260801,1.0.0,not_used,community labels are structural network results; they are not official factions and do not replace original-setting faction metadata
JP12,cross_department,C-c1c89329fdb2b382,155,1,0,0.0,0.0,0.0,louvain,intersection_count,100.0,0.0,1.0,20260801,1.0.0,not_used,community labels are structural network results; they are not official factions and do not replace original-setting faction metadata
JP12,cross_department,C-9143cc8df4388cea,156,1,0,0.0,0.0,0.0,louvain,intersection_count,100.0,0.0,1.0,20260801,1.0.0,not_used,community labels are structural network results; they are not official factions and do not replace original-setting faction metadata
JP12,cross_department,C-35eaab59af582234,157,1,0,0.0,0.0,0.0,louvain,intersection_count,100.0,0.0,1.0,20260801,1.0.0,not_used,community labels are structural network results; they are not official factions and do not replace original-setting faction metadata
JP12,cross_department,C-487e12df2455fac7,158,1,0,0.0,0.0,0.0,louvain,intersection_count,100.0,0.0,1.0,20260801,1.0.0,not_used,community labels are structural network results; they are not official factions and do not replace original-setting faction metadata
JP12,cross_department,C-ebb6e8a0aad0cdb4,159,1,0,0.0,0.0,0.0,louvain,intersection_count,100.0,0.0,1.0,20260801,1.0.0,not_used,community labels are structural network results; they are not official factions and do not replace original-setting faction metadata
JP12,cross_department,C-80f221f35d5222c3,160,1,0,0.0,0.0,0.0,louvain,intersection_count,100.0,0.0,1.0,20260801,1.0.0,not_used,community labels are structural network results; they are not official factions and do not replace original-setting faction metadata
JP12,cross_department,C-289b6681b52eea71,161,1,0,0.0,0.0,0.0,louvain,intersection_count,100.0,0.0,1.0,20260801,1.0.0,not_used,community labels are structural network results; they are not official factions and do not replace original-setting faction metadata
JP12,cross_department,C-fd5b842ba91c98ae,162,1,0,0.0,0.0,0.0,louvain,intersection_count,100.0,0.0,1.0,20260801,1.0.0,not_used,community labels are structural network results; they are not official factions and do not replace original-setting faction metadata
JP12,cross_department,C-d3f47b562c3d6506,163,1,0,0.0,0.0,0.0,louvain,intersection_count,100.0,0.0,1.0,20260801,1.0.0,not_used,community labels are structural network results; they are not official factions and do not replace original-setting faction metadata
JP12,cross_department,C-589a6c50791c6dc5,164,1,0,0.0,0.0,0.0,louvain,intersection_count,100.0,0.0,1.0,20260801,1.0.0,not_used,community labels are structural network results; they are not official factions and do not replace original-setting faction metadata
JP12,cross_department,C-013acdaf76ba8970,165,1,0,0.0,0.0,0.0,louvain,intersection_count,100.0,0.0,1.0,20260801,1.0.0,not_used,community labels are structural network results; they are not official factions and do not replace original-setting faction metadata
JP12,cross_department,C-d73e46a1437cf880,166,1,0,0.0,0.0,0.0,louvain,intersection_count,100.0,0.0,1.0,20260801,1.0.0,not_used,community labels are structural network results; they are not official factions and do not replace original-setting faction metadata
JP12,cross_department,C-2a2b031b2f064fa5,167,1,0,0.0,0.0,0.0,louvain,intersection_count,100.0,0.0,1.0,20260801,1.0.0,not_used,community labels are structural network results; they are not official factions and do not replace original-setting faction metadata
JP12,cross_department,C-05c868ceaae51c3e,168,1,0,0.0,0.0,0.0,louvain,intersection_count,100.0,0.0,1.0,20260801,1.0.0,not_used,community labels are structural network results; they are not official factions and do not replace original-setting faction metadata
JP12,cross_department,C-4469cfeab33a754f,169,1,0,0.0,0.0,0.0,louvain,intersection_count,100.0,0.0,1.0,20260801,1.0.0,not_used,community labels are structural network results; they are not official factions and do not replace original-setting faction metadata
JP12,cross_department,C-0c0b978143fec814,170,1,0,0.0,0.0,0.0,louvain,intersection_count,100.0,0.0,1.0,20260801,1.0.0,not_used,community labels are structural network results; they are not official factions and do not replace original-setting faction metadata
JP12,cross_department,C-1a015e90dd3c0cf5,171,1,0,0.0,0.0,0.0,louvain,intersection_count,100.0,0.0,1.0,20260801,1.0.0,not_used,community labels are structural network results; they are not official factions and do not replace original-setting faction metadata
JP12,cross_department,C-4e68c4684fd913a2,172,1,0,0.0,0.0,0.0,louvain,intersection_count,100.0,0.0,1.0,20260801,1.0.0,not_used,community labels are structural network results; they are not official factions and do not replace original-setting faction metadata
JP12,cross_department,C-99f6eb3747cafaf3,173,1,0,0.0,0.0,0.0,louvain,intersection_count,100.0,0.0,1.0,20260801,1.0.0,not_used,community labels are structural network results; they are not official factions and do not replace original-setting faction metadata
JP12,cross_department,C-36956e86c6b6a8ed,174,1,0,0.0,0.0,0.0,louvain,intersection_count,100.0,0.0,1.0,20260801,1.0.0,not_used,community labels are structural network results; they are not official factions and do not replace original-setting faction metadata
JP12,cross_department,C-caa5c6b01d751576,175,1,0,0.0,0.0,0.0,louvain,intersection_count,100.0,0.0,1.0,20260801,1.0.0,not_used,community labels are structural network results; they are not official factions and do not replace original-setting faction metadata
JP12,cross_department,C-98d56367648d6124,176,1,0,0.0,0.0,0.0,louvain,intersection_count,100.0,0.0,1.0,20260801,1.0.0,not_used,community labels are structural network results; they are not official factions and do not replace original-setting faction metadata
JP12,cross_department,C-befebb7d0b86f63a,177,1,0,0.0,0.0,0.0,louvain,intersection_count,100.0,0.0,1.0,20260801,1.0.0,not_used,community labels are structural network results; they are not official factions and do not replace original-setting faction metadata
JP12,cross_department,C-c973a133bc585630,178,1,0,0.0,0.0,0.0,louvain,intersection_count,100.0,0.0,1.0,20260801,1.0.0,not_used,community labels are structural network results; they are not official factions and do not replace original-setting faction metadata
JP12,cross_department,C-6fac2eadef4e6cc6,179,1,0,0.0,0.0,0.0,louvain,intersection_count,100.0,0.0,1.0,20260801,1.0.0,not_used,community labels are structural network results; they are not official factions and do not replace original-setting faction metadata
JP12,cross_department,C-46a835a4eec3b61b,180,1,0,0.0,0.0,0.0,louvain,intersection_count,100.0,0.0,1.0,20260801,1.0.0,not_used,community labels are structural network results; they are not official factions and do not replace original-setting faction metadata
JP12,cross_department,C-b6d672bf804d05bc,181,1,0,0.0,0.0,0.0,louvain,intersection_count,100.0,0.0,1.0,20260801,1.0.0,not_used,community labels are structural network results; they are not official factions and do not replace original-setting faction metadata
JP12,cross_department,C-91d5fec7d700fa54,182,1,0,0.0,0.0,0.0,louvain,intersection_count,100.0,0.0,1.0,20260801,1.0.0,not_used,community labels are structural network results; they are not official factions and do not replace original-setting faction metadata
JP12,cross_department,C-f1f9c0fa3a3d7fb4,183,1,0,0.0,0.0,0.0,louvain,intersection_count,100.0,0.0,1.0,20260801,1.0.0,not_used,community labels are structural network results; they are not official factions and do not replace original-setting faction metadata
JP12,cross_department,C-02477fd2e24e8019,184,1,0,0.0,0.0,0.0,louvain,intersection_count,100.0,0.0,1.0,20260801,1.0.0,not_used,community labels are structural network results; they are not official factions and do not replace original-setting faction metadata
JP12,cross_department,C-6c4243b70a834af5,185,1,0,0.0,0.0,0.0,louvain,intersection_count,100.0,0.0,1.0,20260801,1.0.0,not_used,community labels are structural network results; they are not official factions and do not replace original-setting faction metadata
JP12,cross_department,C-6ea78231d0ca9f56,186,1,0,0.0,0.0,0.0,louvain,intersection_count,100.0,0.0,1.0,20260801,1.0.0,not_used,community labels are structural network results; they are not official factions and do not replace original-setting faction metadata
JP12,cross_department,C-de3015849ec9d37b,187,1,0,0.0,0.0,0.0,louvain,intersection_count,100.0,0.0,1.0,20260801,1.0.0,not_used,community labels are structural network results; they are not official factions and do not replace original-setting faction metadata
JP12,cross_department,C-52f7cb65a85e1a75,188,1,0,0.0,0.0,0.0,louvain,intersection_count,100.0,0.0,1.0,20260801,1.0.0,not_used,community labels are structural network results; they are not official factions and do not replace original-setting faction metadata
JP12,cross_department,C-a39457b9dabca733,189,1,0,0.0,0.0,0.0,louvain,intersection_count,100.0,0.0,1.0,20260801,1.0.0,not_used,community labels are structural network results; they are not official factions and do not replace original-setting faction metadata
JP12,cross_department,C-7bf2d9cf44e17e50,190,1,0,0.0,0.0,0.0,louvain,intersection_count,100.0,0.0,1.0,20260801,1.0.0,not_used,community labels are structural network results; they are not official factions and do not replace original-setting faction metadata
JP12,cross_department,C-a7b9ffc5d9cabda7,191,1,0,0.0,0.0,0.0,louvain,intersection_count,100.0,0.0,1.0,20260801,1.0.0,not_used,community labels are structural network results; they are not official factions and do not replace original-setting faction metadata
JP12,cross_department,C-eba34eba6cb214a5,192,1,0,0.0,0.0,0.0,louvain,intersection_count,100.0,0.0,1.0,20260801,1.0.0,not_used,community labels are structural network results; they are not official factions and do not replace original-setting faction metadata
JP12,cross_department,C-99cada3cc188bd06,193,1,0,0.0,0.0,0.0,louvain,intersection_count,100.0,0.0,1.0,20260801,1.0.0,not_used,community labels are structural network results; they are not official factions and do not replace original-setting faction metadata
JP12,cross_department,C-f1da2e557320e3c0,194,1,0,0.0,0.0,0.0,louvain,intersection_count,100.0,0.0,1.0,20260801,1.0.0,not_used,community labels are structural network results; they are not official factions and do not replace original-setting faction metadata
JP12,cross_department,C-0b6ada2ffeedcaf2,195,1,0,0.0,0.0,0.0,louvain,intersection_count,100.0,0.0,1.0,20260801,1.0.0,not_used,community labels are structural network results; they are not official factions and do not replace original-setting faction metadata
JP12,cross_department,C-c0768aab3805d204,196,1,0,0.0,0.0,0.0,louvain,intersection_count,100.0,0.0,1.0,20260801,1.0.0,not_used,community labels are structural network results; they are not official factions and do not replace original-setting faction metadata
JP12,cross_department,C-8b35fe9e70f13694,197,1,0,0.0,0.0,0.0,louvain,intersection_count,100.0,0.0,1.0,20260801,1.0.0,not_used,community labels are structural network results; they are not official factions and do not replace original-setting faction metadata
JP12,cross_department,C-7cf017dc5c9760c5,198,1,0,0.0,0.0,0.0,louvain,intersection_count,100.0,0.0,1.0,20260801,1.0.0,not_used,community labels are structural network results; they are not official factions and do not replace original-setting faction metadata
JP12,cross_department,C-f91a4afde5f761d5,199,1,0,0.0,0.0,0.0,louvain,intersection_count,100.0,0.0,1.0,20260801,1.0.0,not_used,community labels are structural network results; they are not official factions and do not replace original-setting faction metadata
JP12,cross_department,C-e4b9d03f18d17a34,200,1,0,0.0,0.0,0.0,louvain,intersection_count,100.0,0.0,1.0,20260801,1.0.0,not_used,community labels are structural network results; they are not official factions and do not replace original-setting faction metadata
JP12,cross_department,C-75ddb38a21c8bf68,201,1,0,0.0,0.0,0.0,louvain,intersection_count,100.0,0.0,1.0,20260801,1.0.0,not_used,community labels are structural network results; they are not official factions and do not replace original-setting faction metadata
JP12,cross_department,C-f3df5ed21fa26712,202,1,0,0.0,0.0,0.0,louvain,intersection_count,100.0,0.0,1.0,20260801,1.0.0,not_used,community labels are structural network results; they are not official factions and do not replace original-setting faction metadata
JP12,cross_department,C-ecd75c253ca82c46,203,1,0,0.0,0.0,0.0,louvain,intersection_count,100.0,0.0,1.0,20260801,1.0.0,not_used,community labels are structural network results; they are not official factions and do not replace original-setting faction metadata
JP12,cross_department,C-882ed74908a668c8,204,1,0,0.0,0.0,0.0,louvain,intersection_count,100.0,0.0,1.0,20260801,1.0.0,not_used,community labels are structural network results; they are not official factions and do not replace original-setting faction metadata
JP12,cross_department,C-1337937c20059b62,205,1,0,0.0,0.0,0.0,louvain,intersection_count,100.0,0.0,1.0,20260801,1.0.0,not_used,community labels are structural network results; they are not official factions and do not replace original-setting faction metadata
JP12,cross_department,C-12938bf0c0150890,206,1,0,0.0,0.0,0.0,louvain,intersection_count,100.0,0.0,1.0,20260801,1.0.0,not_used,community labels are structural network results; they are not official factions and do not replace original-setting faction metadata
JP12,cross_department,C-8088699245a82ca1,207,1,0,0.0,0.0,0.0,louvain,intersection_count,100.0,0.0,1.0,20260801,1.0.0,not_used,community labels are structural network results; they are not official factions and do not replace original-setting faction metadata
JP12,cross_department,C-e07846e76643e21f,208,1,0,0.0,0.0,0.0,louvain,intersection_count,100.0,0.0,1.0,20260801,1.0.0,not_used,community labels are structural network results; they are not official factions and do not replace original-setting faction metadata
JP12,cross_department,C-509747d441697d7b,209,1,0,0.0,0.0,0.0,louvain,intersection_count,100.0,0.0,1.0,20260801,1.0.0,not_used,community labels are structural network results; they are not official factions and do not replace original-setting faction metadata
JP12,cross_department,C-55a618a70ede74ee,210,1,0,0.0,0.0,0.0,louvain,intersection_count,100.0,0.0,1.0,20260801,1.0.0,not_used,community labels are structural network results; they are not official factions and do not replace original-setting faction metadata
JP12,cross_department,C-be6fe67c2debaf38,211,1,0,0.0,0.0,0.0,louvain,intersection_count,100.0,0.0,1.0,20260801,1.0.0,not_used,community labels are structural network results; they are not official factions and do not replace original-setting faction metadata
JP12,cross_department,C-55f42687a4633c66,212,1,0,0.0,0.0,0.0,louvain,intersection_count,100.0,0.0,1.0,20260801,1.0.0,not_used,community labels are structural network results; they are not official factions and do not replace original-setting faction metadata
JP12,cross_department,C-3d1e22112f77b2b0,213,1,0,0.0,0.0,0.0,louvain,intersection_count,100.0,0.0,1.0,20260801,1.0.0,not_used,community labels are structural network results; they are not official factions and do not replace original-setting faction metadata
JP12,cross_department,C-9179d48457e9d166,214,1,0,0.0,0.0,0.0,louvain,intersection_count,100.0,0.0,1.0,20260801,1.0.0,not_used,community labels are structural network results; they are not official factions and do not replace original-setting faction metadata
JP12,cross_department,C-741c36178bcb2220,215,1,0,0.0,0.0,0.0,louvain,intersection_count,100.0,0.0,1.0,20260801,1.0.0,not_used,community labels are structural network results; they are not official factions and do not replace original-setting faction metadata
JP12,cross_department,C-4e24a3e5088fc713,216,1,0,0.0,0.0,0.0,louvain,intersection_count,100.0,0.0,1.0,20260801,1.0.0,not_used,community labels are structural network results; they are not official factions and do not replace original-setting faction metadata
JP12,cross_department,C-a8ab4879cb01072b,217,1,0,0.0,0.0,0.0,louvain,intersection_count,100.0,0.0,1.0,20260801,1.0.0,not_used,community labels are structural network results; they are not official factions and do not replace original-setting faction metadata
JP12,cross_department,C-cc60e4cb86fbfa89,218,1,0,0.0,0.0,0.0,louvain,intersection_count,100.0,0.0,1.0,20260801,1.0.0,not_used,community labels are structural network results; they are not official factions and do not replace original-setting faction metadata
JP12,cross_department,C-8e9b71b6d978b7af,219,1,0,0.0,0.0,0.0,louvain,intersection_count,100.0,0.0,1.0,20260801,1.0.0,not_used,community labels are structural network results; they are not official factions and do not replace original-setting faction metadata
JP12,cross_department,C-873cc47336961ed3,220,1,0,0.0,0.0,0.0,louvain,intersection_count,100.0,0.0,1.0,20260801,1.0.0,not_used,community labels are structural network results; they are not official factions and do not replace original-setting faction metadata
JP12,cross_department,C-cd297048414cf341,221,1,0,0.0,0.0,0.0,louvain,intersection_count,100.0,0.0,1.0,20260801,1.0.0,not_used,community labels are structural network results; they are not official factions and do not replace original-setting faction metadata
JP12,cross_department,C-fe87e15d6f08b7f7,222,1,0,0.0,0.0,0.0,louvain,intersection_count,100.0,0.0,1.0,20260801,1.0.0,not_used,community labels are structural network results; they are not official factions and do not replace original-setting faction metadata
JP12,cross_department,C-da6cd33d6058f549,223,1,0,0.0,0.0,0.0,louvain,intersection_count,100.0,0.0,1.0,20260801,1.0.0,not_used,community labels are structural network results; they are not official factions and do not replace original-setting faction metadata
JP12,cross_department,C-8a63cd5c0d1fbff5,224,1,0,0.0,0.0,0.0,louvain,intersection_count,100.0,0.0,1.0,20260801,1.0.0,not_used,community labels are structural network results; they are not official factions and do not replace original-setting faction metadata
JP12,cross_department,C-b8159b0432f9065b,225,1,0,0.0,0.0,0.0,louvain,intersection_count,100.0,0.0,1.0,20260801,1.0.0,not_used,community labels are structural network results; they are not official factions and do not replace original-setting faction metadata
JP12,cross_department,C-d266d0e7831fb0aa,226,1,0,0.0,0.0,0.0,louvain,intersection_count,100.0,0.0,1.0,20260801,1.0.0,not_used,community labels are structural network results; they are not official factions and do not replace original-setting faction metadata
JP12,cross_department,C-140b14ad13832b1d,227,1,0,0.0,0.0,0.0,louvain,intersection_count,100.0,0.0,1.0,20260801,1.0.0,not_used,community labels are structural network results; they are not official factions and do not replace original-setting faction metadata
JP12,cross_department,C-c1e44cbc22f49766,228,1,0,0.0,0.0,0.0,louvain,intersection_count,100.0,0.0,1.0,20260801,1.0.0,not_used,community labels are structural network results; they are not official factions and do not replace original-setting faction metadata
JP12,cross_department,C-1fd303f097676563,229,1,0,0.0,0.0,0.0,louvain,intersection_count,100.0,0.0,1.0,20260801,1.0.0,not_used,community labels are structural network results; they are not official factions and do not replace original-setting faction metadata
JP12,cross_department,C-7bc5e4600ea160c5,230,1,0,0.0,0.0,0.0,louvain,intersection_count,100.0,0.0,1.0,20260801,1.0.0,not_used,community labels are structural network results; they are not official factions and do not replace original-setting faction metadata
JP12,cross_department,C-7759b12537574eaf,231,1,0,0.0,0.0,0.0,louvain,intersection_count,100.0,0.0,1.0,20260801,1.0.0,not_used,community labels are structural network results; they are not official factions and do not replace original-setting faction metadata
JP12,cross_department,C-585a34343e7649dd,232,1,0,0.0,0.0,0.0,louvain,intersection_count,100.0,0.0,1.0,20260801,1.0.0,not_used,community labels are structural network results; they are not official factions and do not replace original-setting faction metadata
JP12,cross_department,C-c1c637109892cb08,233,1,0,0.0,0.0,0.0,louvain,intersection_count,100.0,0.0,1.0,20260801,1.0.0,not_used,community labels are structural network results; they are not official factions and do not replace original-setting faction metadata
JP12,cross_department,C-414f86efc740f6b9,234,1,0,0.0,0.0,0.0,louvain,intersection_count,100.0,0.0,1.0,20260801,1.0.0,not_used,community labels are structural network results; they are not official factions and do not replace original-setting faction metadata
JP12,cross_department,C-ec66228de53fe1c0,235,1,0,0.0,0.0,0.0,louvain,intersection_count,100.0,0.0,1.0,20260801,1.0.0,not_used,community labels are structural network results; they are not official factions and do not replace original-setting faction metadata
JP12,cross_department,C-5db482bf340873c4,236,1,0,0.0,0.0,0.0,louvain,intersection_count,100.0,0.0,1.0,20260801,1.0.0,not_used,community labels are structural network results; they are not official factions and do not replace original-setting faction metadata
JP12,cross_department,C-d9552d8d4f91656a,237,1,0,0.0,0.0,0.0,louvain,intersection_count,100.0,0.0,1.0,20260801,1.0.0,not_used,community labels are structural network results; they are not official factions and do not replace original-setting faction metadata
JP12,cross_department,C-7475a6e978b87883,238,1,0,0.0,0.0,0.0,louvain,intersection_count,100.0,0.0,1.0,20260801,1.0.0,not_used,community labels are structural network results; they are not official factions and do not replace original-setting faction metadata
JP12,cross_department,C-0547bce7f5238853,239,1,0,0.0,0.0,0.0,louvain,intersection_count,100.0,0.0,1.0,20260801,1.0.0,not_used,community labels are structural network results; they are not official factions and do not replace original-setting faction metadata
JP12,cross_department,C-d1e3031e3c65df65,240,1,0,0.0,0.0,0.0,louvain,intersection_count,100.0,0.0,1.0,20260801,1.0.0,not_used,community labels are structural network results; they are not official factions and do not replace original-setting faction metadata
JP12,cross_department,C-6e82b07c928e892d,241,1,0,0.0,0.0,0.0,louvain,intersection_count,100.0,0.0,1.0,20260801,1.0.0,not_used,community labels are structural network results; they are not official factions and do not replace original-setting faction metadata
JP12,cross_department,C-cebbc4a1375df3f1,242,1,0,0.0,0.0,0.0,louvain,intersection_count,100.0,0.0,1.0,20260801,1.0.0,not_used,community labels are structural network results; they are not official factions and do not replace original-setting faction metadata
JP12,cross_department,C-9f79e937ba2dc8bd,243,1,0,0.0,0.0,0.0,louvain,intersection_count,100.0,0.0,1.0,20260801,1.0.0,not_used,community labels are structural network results; they are not official factions and do not replace original-setting faction metadata
JP12,cross_department,C-249effa2a513d563,244,1,0,0.0,0.0,0.0,louvain,intersection_count,100.0,0.0,1.0,20260801,1.0.0,not_used,community labels are structural network results; they are not official factions and do not replace original-setting faction metadata
JP12,cross_department,C-47a7f6ed6a869eca,245,1,0,0.0,0.0,0.0,louvain,intersection_count,100.0,0.0,1.0,20260801,1.0.0,not_used,community labels are structural network results; they are not official factions and do not replace original-setting faction metadata
JP12,cross_department,C-0ff12ee6c4315863,246,1,0,0.0,0.0,0.0,louvain,intersection_count,100.0,0.0,1.0,20260801,1.0.0,not_used,community labels are structural network results; they are not official factions and do not replace original-setting faction metadata
JP12,cross_department,C-d4f7a3f8b4966b56,247,1,0,0.0,0.0,0.0,louvain,intersection_count,100.0,0.0,1.0,20260801,1.0.0,not_used,community labels are structural network results; they are not official factions and do not replace original-setting faction metadata
JP12,cross_department,C-2dbaf03b6e1f0422,248,1,0,0.0,0.0,0.0,louvain,intersection_count,100.0,0.0,1.0,20260801,1.0.0,not_used,community labels are structural network results; they are not official factions and do not replace original-setting faction metadata
JP12,cross_department,C-9dcd30486f9e8e58,249,1,0,0.0,0.0,0.0,louvain,intersection_count,100.0,0.0,1.0,20260801,1.0.0,not_used,community labels are structural network results; they are not official factions and do not replace original-setting faction metadata
JP12,cross_department,C-33a4c5052b257d2d,250,1,0,0.0,0.0,0.0,louvain,intersection_count,100.0,0.0,1.0,20260801,1.0.0,not_used,community labels are structural network results; they are not official factions and do not replace original-setting faction metadata
JP12,cross_department,C-4fc5bc8f69a8266d,251,1,0,0.0,0.0,0.0,louvain,intersection_count,100.0,0.0,1.0,20260801,1.0.0,not_used,community labels are structural network results; they are not official factions and do not replace original-setting faction metadata
JP12,cross_department,C-7698df63e4fc4dda,252,1,0,0.0,0.0,0.0,louvain,intersection_count,100.0,0.0,1.0,20260801,1.0.0,not_used,community labels are structural network results; they are not official factions and do not replace original-setting faction metadata
JP12,cross_department,C-d738e9749e13daba,253,1,0,0.0,0.0,0.0,louvain,intersection_count,100.0,0.0,1.0,20260801,1.0.0,not_used,community labels are structural network results; they are not official factions and do not replace original-setting faction metadata
JP12,cross_department,C-95cc39cfe29edaba,254,1,0,0.0,0.0,0.0,louvain,intersection_count,100.0,0.0,1.0,20260801,1.0.0,not_used,community labels are structural network results; they are not official factions and do not replace original-setting faction metadata
JP12,cross_department,C-b8c1d2f209e3220b,255,1,0,0.0,0.0,0.0,louvain,intersection_count,100.0,0.0,1.0,20260801,1.0.0,not_used,community labels are structural network results; they are not official factions and do not replace original-setting faction metadata
JP12,cross_department,C-7edb748e0aabb334,256,1,0,0.0,0.0,0.0,louvain,intersection_count,100.0,0.0,1.0,20260801,1.0.0,not_used,community labels are structural network results; they are not official factions and do not replace original-setting faction metadata
JP12,cross_department,C-97cb06e944196b15,257,1,0,0.0,0.0,0.0,louvain,intersection_count,100.0,0.0,1.0,20260801,1.0.0,not_used,community labels are structural network results; they are not official factions and do not replace original-setting faction metadata
JP12,cross_department,C-cf3d716118199c8e,258,1,0,0.0,0.0,0.0,louvain,intersection_count,100.0,0.0,1.0,20260801,1.0.0,not_used,community labels are structural network results; they are not official factions and do not replace original-setting faction metadata
JP12,cross_department,C-f256b82eae516453,259,1,0,0.0,0.0,0.0,louvain,intersection_count,100.0,0.0,1.0,20260801,1.0.0,not_used,community labels are structural network results; they are not official factions and do not replace original-setting faction metadata
JP12,cross_department,C-9c2d5a7076b08346,260,1,0,0.0,0.0,0.0,louvain,intersection_count,100.0,0.0,1.0,20260801,1.0.0,not_used,community labels are structural network results; they are not official factions and do not replace original-setting faction metadata
JP12,cross_department,C-b3bc90a7f21cfded,261,1,0,0.0,0.0,0.0,louvain,intersection_count,100.0,0.0,1.0,20260801,1.0.0,not_used,community labels are structural network results; they are not official factions and do not replace original-setting faction metadata
JP12,cross_department,C-7c31a83dad6eb0aa,262,1,0,0.0,0.0,0.0,louvain,intersection_count,100.0,0.0,1.0,20260801,1.0.0,not_used,community labels are structural network results; they are not official factions and do not replace original-setting faction metadata
JP12,cross_department,C-1a34b5dd8858ecb3,263,1,0,0.0,0.0,0.0,louvain,intersection_count,100.0,0.0,1.0,20260801,1.0.0,not_used,community labels are structural network results; they are not official factions and do not replace original-setting faction metadata
JP12,cross_department,C-7d9c5b963a6e5154,264,1,0,0.0,0.0,0.0,louvain,intersection_count,100.0,0.0,1.0,20260801,1.0.0,not_used,community labels are structural network results; they are not official factions and do not replace original-setting faction metadata
JP12,cross_department,C-f49a3f39c439f0dd,265,1,0,0.0,0.0,0.0,louvain,intersection_count,100.0,0.0,1.0,20260801,1.0.0,not_used,community labels are structural network results; they are not official factions and do not replace original-setting faction metadata
JP12,cross_department,C-042541d2fb3e6e06,266,1,0,0.0,0.0,0.0,louvain,intersection_count,100.0,0.0,1.0,20260801,1.0.0,not_used,community labels are structural network results; they are not official factions and do not replace original-setting faction metadata
JP12,cross_department,C-f0972d24f8fe33ad,267,1,0,0.0,0.0,0.0,louvain,intersection_count,100.0,0.0,1.0,20260801,1.0.0,not_used,community labels are structural network results; they are not official factions and do not replace original-setting faction metadata
JP12,cross_department,C-5bf7ba45e43267f4,268,1,0,0.0,0.0,0.0,louvain,intersection_count,100.0,0.0,1.0,20260801,1.0.0,not_used,community labels are structural network results; they are not official factions and do not replace original-setting faction metadata
JP12,cross_department,C-954e04d39e497def,269,1,0,0.0,0.0,0.0,louvain,intersection_count,100.0,0.0,1.0,20260801,1.0.0,not_used,community labels are structural network results; they are not official factions and do not replace original-setting faction metadata
JP12,cross_department,C-6aa1f5573722ab52,270,1,0,0.0,0.0,0.0,louvain,intersection_count,100.0,0.0,1.0,20260801,1.0.0,not_used,community labels are structural network results; they are not official factions and do not replace original-setting faction metadata
JP12,cross_department,C-43c15b6ed7a61115,271,1,0,0.0,0.0,0.0,louvain,intersection_count,100.0,0.0,1.0,20260801,1.0.0,not_used,community labels are structural network results; they are not official factions and do not replace original-setting faction metadata
JP12,cross_department,C-1ad5fef5c7dfd1a1,272,1,0,0.0,0.0,0.0,louvain,intersection_count,100.0,0.0,1.0,20260801,1.0.0,not_used,community labels are structural network results; they are not official factions and do not replace original-setting faction metadata
JP12,cross_department,C-8cb2e14517371442,273,1,0,0.0,0.0,0.0,louvain,intersection_count,100.0,0.0,1.0,20260801,1.0.0,not_used,community labels are structural network results; they are not official factions and do not replace original-setting faction metadata
JP12,cross_department,C-f1b81bd5376e5dad,274,1,0,0.0,0.0,0.0,louvain,intersection_count,100.0,0.0,1.0,20260801,1.0.0,not_used,community labels are structural network results; they are not official factions and do not replace original-setting faction metadata
JP12,cross_department,C-7c1ceae7d0c08227,275,1,0,0.0,0.0,0.0,louvain,intersection_count,100.0,0.0,1.0,20260801,1.0.0,not_used,community labels are structural network results; they are not official factions and do not replace original-setting faction metadata
JP12,cross_department,C-9dc7fc82c1c5aeb2,276,1,0,0.0,0.0,0.0,louvain,intersection_count,100.0,0.0,1.0,20260801,1.0.0,not_used,community labels are structural network results; they are not official factions and do not replace original-setting faction metadata
JP12,cross_department,C-ee4b03c64d325708,277,1,0,0.0,0.0,0.0,louvain,intersection_count,100.0,0.0,1.0,20260801,1.0.0,not_used,community labels are structural network results; they are not official factions and do not replace original-setting faction metadata
JP12,cross_department,C-d5d20de056c57db5,278,1,0,0.0,0.0,0.0,louvain,intersection_count,100.0,0.0,1.0,20260801,1.0.0,not_used,community labels are structural network results; they are not official factions and do not replace original-setting faction metadata
JP12,cross_department,C-673a308de71a4709,279,1,0,0.0,0.0,0.0,louvain,intersection_count,100.0,0.0,1.0,20260801,1.0.0,not_used,community labels are structural network results; they are not official factions and do not replace original-setting faction metadata
JP12,cross_department,C-2b7e3d66a8e0a6f9,280,1,0,0.0,0.0,0.0,louvain,intersection_count,100.0,0.0,1.0,20260801,1.0.0,not_used,community labels are structural network results; they are not official factions and do not replace original-setting faction metadata
JP12,cross_department,C-1ad2f90466a7b07c,281,1,0,0.0,0.0,0.0,louvain,intersection_count,100.0,0.0,1.0,20260801,1.0.0,not_used,community labels are structural network results; they are not official factions and do not replace original-setting faction metadata
JP12,cross_department,C-985c57a3bf69a79c,282,1,0,0.0,0.0,0.0,louvain,intersection_count,100.0,0.0,1.0,20260801,1.0.0,not_used,community labels are structural network results; they are not official factions and do not replace original-setting faction metadata
JP12,cross_department,C-836201f66b5b1b5b,283,1,0,0.0,0.0,0.0,louvain,intersection_count,100.0,0.0,1.0,20260801,1.0.0,not_used,community labels are structural network results; they are not official factions and do not replace original-setting faction metadata
JP12,cross_department,C-e5de7286b3fa797f,284,1,0,0.0,0.0,0.0,louvain,intersection_count,100.0,0.0,1.0,20260801,1.0.0,not_used,community labels are structural network results; they are not official factions and do not replace original-setting faction metadata
JP12,cross_department,C-180f081f6298d203,285,1,0,0.0,0.0,0.0,louvain,intersection_count,100.0,0.0,1.0,20260801,1.0.0,not_used,community labels are structural network results; they are not official factions and do not replace original-setting faction metadata
JP12,cross_department,C-0153b0f3efaf5d84,286,1,0,0.0,0.0,0.0,louvain,intersection_count,100.0,0.0,1.0,20260801,1.0.0,not_used,community labels are structural network results; they are not official factions and do not replace original-setting faction metadata
JP12,cross_department,C-a1f2452c4aa5eb6f,287,1,0,0.0,0.0,0.0,louvain,intersection_count,100.0,0.0,1.0,20260801,1.0.0,not_used,community labels are structural network results; they are not official factions and do not replace original-setting faction metadata
JP12,cross_department,C-6fad1451892ada54,288,1,0,0.0,0.0,0.0,louvain,intersection_count,100.0,0.0,1.0,20260801,1.0.0,not_used,community labels are structural network results; they are not official factions and do not replace original-setting faction metadata
JP12,cross_department,C-0b260497e2e86993,289,1,0,0.0,0.0,0.0,louvain,intersection_count,100.0,0.0,1.0,20260801,1.0.0,not_used,community labels are structural network results; they are not official factions and do not replace original-setting faction metadata
JP12,cross_department,C-a554c7d54afaa84f,290,1,0,0.0,0.0,0.0,louvain,intersection_count,100.0,0.0,1.0,20260801,1.0.0,not_used,community labels are structural network results; they are not official factions and do not replace original-setting faction metadata
JP12,cross_department,C-e4fc19120bf5d168,291,1,0,0.0,0.0,0.0,louvain,intersection_count,100.0,0.0,1.0,20260801,1.0.0,not_used,community labels are structural network results; they are not official factions and do not replace original-setting faction metadata
JP12,cross_department,C-ecccee7f3b61b2e3,292,1,0,0.0,0.0,0.0,louvain,intersection_count,100.0,0.0,1.0,20260801,1.0.0,not_used,community labels are structural network results; they are not official factions and do not replace original-setting faction metadata
JP12,cross_department,C-acba18ae2454d273,293,1,0,0.0,0.0,0.0,louvain,intersection_count,100.0,0.0,1.0,20260801,1.0.0,not_used,community labels are structural network results; they are not official factions and do not replace original-setting faction metadata
JP12,cross_department,C-fe31579fd67c2480,294,1,0,0.0,0.0,0.0,louvain,intersection_count,100.0,0.0,1.0,20260801,1.0.0,not_used,community labels are structural network results; they are not official factions and do not replace original-setting faction metadata
JP12,cross_department,C-fe8e9ff8048b2bee,295,1,0,0.0,0.0,0.0,louvain,intersection_count,100.0,0.0,1.0,20260801,1.0.0,not_used,community labels are structural network results; they are not official factions and do not replace original-setting faction metadata
JP12,cross_department,C-20bd4336ffb99b6d,296,1,0,0.0,0.0,0.0,louvain,intersection_count,100.0,0.0,1.0,20260801,1.0.0,not_used,community labels are structural network results; they are not official factions and do not replace original-setting faction metadata
JP12,cross_department,C-4dafb7dbf1c55f15,297,1,0,0.0,0.0,0.0,louvain,intersection_count,100.0,0.0,1.0,20260801,1.0.0,not_used,community labels are structural network results; they are not official factions and do not replace original-setting faction metadata
JP12,cross_department,C-ce25b678a54c732e,298,1,0,0.0,0.0,0.0,louvain,intersection_count,100.0,0.0,1.0,20260801,1.0.0,not_used,community labels are structural network results; they are not official factions and do not replace original-setting faction metadata
JP12,cross_department,C-706b8d49497d3bdd,299,1,0,0.0,0.0,0.0,louvain,intersection_count,100.0,0.0,1.0,20260801,1.0.0,not_used,community labels are structural network results; they are not official factions and do not replace original-setting faction metadata
JP12,cross_department,C-d226047938495037,300,1,0,0.0,0.0,0.0,louvain,intersection_count,100.0,0.0,1.0,20260801,1.0.0,not_used,community labels are structural network results; they are not official factions and do not replace original-setting faction metadata
JP12,cross_department,C-54eb52e43e05e085,301,1,0,0.0,0.0,0.0,louvain,intersection_count,100.0,0.0,1.0,20260801,1.0.0,not_used,community labels are structural network results; they are not official factions and do not replace original-setting faction metadata
JP12,cross_department,C-ae2da19327d53aa7,302,1,0,0.0,0.0,0.0,louvain,intersection_count,100.0,0.0,1.0,20260801,1.0.0,not_used,community labels are structural network results; they are not official factions and do not replace original-setting faction metadata
JP12,cross_department,C-c15ab31089508d61,303,1,0,0.0,0.0,0.0,louvain,intersection_count,100.0,0.0,1.0,20260801,1.0.0,not_used,community labels are structural network results; they are not official factions and do not replace original-setting faction metadata
JP12,cross_department,C-8ce40e9cd52e9cf9,304,1,0,0.0,0.0,0.0,louvain,intersection_count,100.0,0.0,1.0,20260801,1.0.0,not_used,community labels are structural network results; they are not official factions and do not replace original-setting faction metadata
JP12,cross_department,C-b7617f8abb4fdca8,305,1,0,0.0,0.0,0.0,louvain,intersection_count,100.0,0.0,1.0,20260801,1.0.0,not_used,community labels are structural network results; they are not official factions and do not replace original-setting faction metadata
JP12,cross_department,C-5ce7bf5405297845,306,1,0,0.0,0.0,0.0,louvain,intersection_count,100.0,0.0,1.0,20260801,1.0.0,not_used,community labels are structural network results; they are not official factions and do not replace original-setting faction metadata
JP12,cross_department,C-4ffe70a3d62ba255,307,1,0,0.0,0.0,0.0,louvain,intersection_count,100.0,0.0,1.0,20260801,1.0.0,not_used,community labels are structural network results; they are not official factions and do not replace original-setting faction metadata
JP12,cross_department,C-11a06457b08ae89f,308,1,0,0.0,0.0,0.0,louvain,intersection_count,100.0,0.0,1.0,20260801,1.0.0,not_used,community labels are structural network results; they are not official factions and do not replace original-setting faction metadata
JP12,cross_department,C-0fed8e3e34679cb2,309,1,0,0.0,0.0,0.0,louvain,intersection_count,100.0,0.0,1.0,20260801,1.0.0,not_used,community labels are structural network results; they are not official factions and do not replace original-setting faction metadata
JP12,cross_department,C-97f6fa6a92ab2a57,310,1,0,0.0,0.0,0.0,louvain,intersection_count,100.0,0.0,1.0,20260801,1.0.0,not_used,community labels are structural network results; they are not official factions and do not replace original-setting faction metadata
JP12,cross_department,C-04803d11554e3501,311,1,0,0.0,0.0,0.0,louvain,intersection_count,100.0,0.0,1.0,20260801,1.0.0,not_used,community labels are structural network results; they are not official factions and do not replace original-setting faction metadata
JP12,cross_department,C-8a9772fc97d30332,312,1,0,0.0,0.0,0.0,louvain,intersection_count,100.0,0.0,1.0,20260801,1.0.0,not_used,community labels are structural network results; they are not official factions and do not replace original-setting faction metadata
JP12,cross_department,C-85201419619aef93,313,1,0,0.0,0.0,0.0,louvain,intersection_count,100.0,0.0,1.0,20260801,1.0.0,not_used,community labels are structural network results; they are not official factions and do not replace original-setting faction metadata
JP12,cross_department,C-e649407c5056e3dc,314,1,0,0.0,0.0,0.0,louvain,intersection_count,100.0,0.0,1.0,20260801,1.0.0,not_used,community labels are structural network results; they are not official factions and do not replace original-setting faction metadata
JP12,cross_department,C-053e87b56bc067ac,315,1,0,0.0,0.0,0.0,louvain,intersection_count,100.0,0.0,1.0,20260801,1.0.0,not_used,community labels are structural network results; they are not official factions and do not replace original-setting faction metadata
JP12,cross_department,C-074fc9358b76beac,316,1,0,0.0,0.0,0.0,louvain,intersection_count,100.0,0.0,1.0,20260801,1.0.0,not_used,community labels are structural network results; they are not official factions and do not replace original-setting faction metadata
JP12,cross_department,C-2e14252505555ed7,317,1,0,0.0,0.0,0.0,louvain,intersection_count,100.0,0.0,1.0,20260801,1.0.0,not_used,community labels are structural network results; they are not official factions and do not replace original-setting faction metadata
JP12,cross_department,C-90b59746f9942323,318,1,0,0.0,0.0,0.0,louvain,intersection_count,100.0,0.0,1.0,20260801,1.0.0,not_used,community labels are structural network results; they are not official factions and do not replace original-setting faction metadata
JP12,cross_department,C-bb9f83430a88b0f0,319,1,0,0.0,0.0,0.0,louvain,intersection_count,100.0,0.0,1.0,20260801,1.0.0,not_used,community labels are structural network results; they are not official factions and do not replace original-setting faction metadata
JP12,cross_department,C-7fad5eebe198d142,320,1,0,0.0,0.0,0.0,louvain,intersection_count,100.0,0.0,1.0,20260801,1.0.0,not_used,community labels are structural network results; they are not official factions and do not replace original-setting faction metadata
JP12,cross_department,C-a86277462592ebb8,321,1,0,0.0,0.0,0.0,louvain,intersection_count,100.0,0.0,1.0,20260801,1.0.0,not_used,community labels are structural network results; they are not official factions and do not replace original-setting faction metadata
JP12,cross_department,C-f4775dea4b6aa46b,322,1,0,0.0,0.0,0.0,louvain,intersection_count,100.0,0.0,1.0,20260801,1.0.0,not_used,community labels are structural network results; they are not official factions and do not replace original-setting faction metadata
JP12,cross_department,C-e8b96d34907c365c,323,1,0,0.0,0.0,0.0,louvain,intersection_count,100.0,0.0,1.0,20260801,1.0.0,not_used,community labels are structural network results; they are not official factions and do not replace original-setting faction metadata
JP12,cross_department,C-4f905336685a26a5,324,1,0,0.0,0.0,0.0,louvain,intersection_count,100.0,0.0,1.0,20260801,1.0.0,not_used,community labels are structural network results; they are not official factions and do not replace original-setting faction metadata
JP12,cross_department,C-e028ebf9a5d18695,325,1,0,0.0,0.0,0.0,louvain,intersection_count,100.0,0.0,1.0,20260801,1.0.0,not_used,community labels are structural network results; they are not official factions and do not replace original-setting faction metadata
JP12,cross_department,C-3f469edd7710cc27,326,1,0,0.0,0.0,0.0,louvain,intersection_count,100.0,0.0,1.0,20260801,1.0.0,not_used,community labels are structural network results; they are not official factions and do not replace original-setting faction metadata
JP12,cross_department,C-9632392de1cf0611,327,1,0,0.0,0.0,0.0,louvain,intersection_count,100.0,0.0,1.0,20260801,1.0.0,not_used,community labels are structural network results; they are not official factions and do not replace original-setting faction metadata
JP12,cross_department,C-c817086ab47f4bfd,328,1,0,0.0,0.0,0.0,louvain,intersection_count,100.0,0.0,1.0,20260801,1.0.0,not_used,community labels are structural network results; they are not official factions and do not replace original-setting faction metadata
JP12,cross_department,C-b0dad2278de12a7e,329,1,0,0.0,0.0,0.0,louvain,intersection_count,100.0,0.0,1.0,20260801,1.0.0,not_used,community labels are structural network results; they are not official factions and do not replace original-setting faction metadata
JP12,cross_department,C-75aed1417e172ba1,330,1,0,0.0,0.0,0.0,louvain,intersection_count,100.0,0.0,1.0,20260801,1.0.0,not_used,community labels are structural network results; they are not official factions and do not replace original-setting faction metadata
JP12,cross_department,C-f8b147ffd6cd1c96,331,1,0,0.0,0.0,0.0,louvain,intersection_count,100.0,0.0,1.0,20260801,1.0.0,not_used,community labels are structural network results; they are not official factions and do not replace original-setting faction metadata
JP12,cross_department,C-b95e1fd0456d249d,332,1,0,0.0,0.0,0.0,louvain,intersection_count,100.0,0.0,1.0,20260801,1.0.0,not_used,community labels are structural network results; they are not official factions and do not replace original-setting faction metadata
JP12,cross_department,C-701cfd4228633d8e,333,1,0,0.0,0.0,0.0,louvain,intersection_count,100.0,0.0,1.0,20260801,1.0.0,not_used,community labels are structural network results; they are not official factions and do not replace original-setting faction metadata
JP12,cross_department,C-ea6c99c284ed6d58,334,1,0,0.0,0.0,0.0,louvain,intersection_count,100.0,0.0,1.0,20260801,1.0.0,not_used,community labels are structural network results; they are not official factions and do not replace original-setting faction metadata
JP12,cross_department,C-d3eb72ada8ca733a,335,1,0,0.0,0.0,0.0,louvain,intersection_count,100.0,0.0,1.0,20260801,1.0.0,not_used,community labels are structural network results; they are not official factions and do not replace original-setting faction metadata
JP12,cross_department,C-c45cf00475a3e1fd,336,1,0,0.0,0.0,0.0,louvain,intersection_count,100.0,0.0,1.0,20260801,1.0.0,not_used,community labels are structural network results; they are not official factions and do not replace original-setting faction metadata
JP12,cross_department,C-8ac6a7961be9c0bd,337,1,0,0.0,0.0,0.0,louvain,intersection_count,100.0,0.0,1.0,20260801,1.0.0,not_used,community labels are structural network results; they are not official factions and do not replace original-setting faction metadata
JP12,cross_department,C-5010c338c7d27e1d,338,1,0,0.0,0.0,0.0,louvain,intersection_count,100.0,0.0,1.0,20260801,1.0.0,not_used,community labels are structural network results; they are not official factions and do not replace original-setting faction metadata
JP12,cross_department,C-18e6a3fefb7c2d4a,339,1,0,0.0,0.0,0.0,louvain,intersection_count,100.0,0.0,1.0,20260801,1.0.0,not_used,community labels are structural network results; they are not official factions and do not replace original-setting faction metadata
JP12,cross_department,C-126df156b5eab9f6,340,1,0,0.0,0.0,0.0,louvain,intersection_count,100.0,0.0,1.0,20260801,1.0.0,not_used,community labels are structural network results; they are not official factions and do not replace original-setting faction metadata
JP12,cross_department,C-4844cb903ab27e70,341,1,0,0.0,0.0,0.0,louvain,intersection_count,100.0,0.0,1.0,20260801,1.0.0,not_used,community labels are structural network results; they are not official factions and do not replace original-setting faction metadata
JP12,cross_department,C-9f5bca0bff043ac0,342,1,0,0.0,0.0,0.0,louvain,intersection_count,100.0,0.0,1.0,20260801,1.0.0,not_used,community labels are structural network results; they are not official factions and do not replace original-setting faction metadata
JP12,cross_department,C-f1b33f6684e8f599,343,1,0,0.0,0.0,0.0,louvain,intersection_count,100.0,0.0,1.0,20260801,1.0.0,not_used,community labels are structural network results; they are not official factions and do not replace original-setting faction metadata
JP12,cross_department,C-a3ca14cc244edf9a,344,1,0,0.0,0.0,0.0,louvain,intersection_count,100.0,0.0,1.0,20260801,1.0.0,not_used,community labels are structural network results; they are not official factions and do not replace original-setting faction metadata
JP12,cross_department,C-630f59b07a3fe129,345,1,0,0.0,0.0,0.0,louvain,intersection_count,100.0,0.0,1.0,20260801,1.0.0,not_used,community labels are structural network results; they are not official factions and do not replace original-setting faction metadata
JP12,cross_department,C-336e21b18f6873e9,346,1,0,0.0,0.0,0.0,louvain,intersection_count,100.0,0.0,1.0,20260801,1.0.0,not_used,community labels are structural network results; they are not official factions and do not replace original-setting faction metadata
JP12,cross_department,C-18b8ec1388763158,347,1,0,0.0,0.0,0.0,louvain,intersection_count,100.0,0.0,1.0,20260801,1.0.0,not_used,community labels are structural network results; they are not official factions and do not replace original-setting faction metadata
JP12,cross_department,C-01bfa0b3a7de2385,348,1,0,0.0,0.0,0.0,louvain,intersection_count,100.0,0.0,1.0,20260801,1.0.0,not_used,community labels are structural network results; they are not official factions and do not replace original-setting faction metadata
JP12,cross_department,C-f4472f23acc6c3db,349,1,0,0.0,0.0,0.0,louvain,intersection_count,100.0,0.0,1.0,20260801,1.0.0,not_used,community labels are structural network results; they are not official factions and do not replace original-setting faction metadata
JP12,cross_department,C-8c2016b2e7a75bcc,350,1,0,0.0,0.0,0.0,louvain,intersection_count,100.0,0.0,1.0,20260801,1.0.0,not_used,community labels are structural network results; they are not official factions and do not replace original-setting faction metadata
JP12,cross_department,C-8581a40e1aafab93,351,1,0,0.0,0.0,0.0,louvain,intersection_count,100.0,0.0,1.0,20260801,1.0.0,not_used,community labels are structural network results; they are not official factions and do not replace original-setting faction metadata
JP12,cross_department,C-bff73845e3e888c8,352,1,0,0.0,0.0,0.0,louvain,intersection_count,100.0,0.0,1.0,20260801,1.0.0,not_used,community labels are structural network results; they are not official factions and do not replace original-setting faction metadata
JP12,cross_department,C-ee8844fbe14f2f12,353,1,0,0.0,0.0,0.0,louvain,intersection_count,100.0,0.0,1.0,20260801,1.0.0,not_used,community labels are structural network results; they are not official factions and do not replace original-setting faction metadata
JP12,cross_department,C-971021727f2aec2f,354,1,0,0.0,0.0,0.0,louvain,intersection_count,100.0,0.0,1.0,20260801,1.0.0,not_used,community labels are structural network results; they are not official factions and do not replace original-setting faction metadata
JP12,cross_department,C-a191a11904b8018a,355,1,0,0.0,0.0,0.0,louvain,intersection_count,100.0,0.0,1.0,20260801,1.0.0,not_used,community labels are structural network results; they are not official factions and do not replace original-setting faction metadata
JP12,cross_department,C-7c1e24f04166ee76,356,1,0,0.0,0.0,0.0,louvain,intersection_count,100.0,0.0,1.0,20260801,1.0.0,not_used,community labels are structural network results; they are not official factions and do not replace original-setting faction metadata
JP12,cross_department,C-8acd465047df0df6,357,1,0,0.0,0.0,0.0,louvain,intersection_count,100.0,0.0,1.0,20260801,1.0.0,not_used,community labels are structural network results; they are not official factions and do not replace original-setting faction metadata
JP12,cross_department,C-e912a5b220a5a6b0,358,1,0,0.0,0.0,0.0,louvain,intersection_count,100.0,0.0,1.0,20260801,1.0.0,not_used,community labels are structural network results; they are not official factions and do not replace original-setting faction metadata
JP12,cross_department,C-936f553855e65ad3,359,1,0,0.0,0.0,0.0,louvain,intersection_count,100.0,0.0,1.0,20260801,1.0.0,not_used,community labels are structural network results; they are not official factions and do not replace original-setting faction metadata
JP12,cross_department,C-1724aa5649ccc026,360,1,0,0.0,0.0,0.0,louvain,intersection_count,100.0,0.0,1.0,20260801,1.0.0,not_used,community labels are structural network results; they are not official factions and do not replace original-setting faction metadata
JP12,cross_department,C-537be5fe16268f91,361,1,0,0.0,0.0,0.0,louvain,intersection_count,100.0,0.0,1.0,20260801,1.0.0,not_used,community labels are structural network results; they are not official factions and do not replace original-setting faction metadata
JP12,cross_department,C-18853ccce7d6800f,362,1,0,0.0,0.0,0.0,louvain,intersection_count,100.0,0.0,1.0,20260801,1.0.0,not_used,community labels are structural network results; they are not official factions and do not replace original-setting faction metadata
JP12,cross_department,C-38e50c2577ad211b,363,1,0,0.0,0.0,0.0,louvain,intersection_count,100.0,0.0,1.0,20260801,1.0.0,not_used,community labels are structural network results; they are not official factions and do not replace original-setting faction metadata
JP12,cross_department,C-e12f9925e261aef4,364,1,0,0.0,0.0,0.0,louvain,intersection_count,100.0,0.0,1.0,20260801,1.0.0,not_used,community labels are structural network results; they are not official factions and do not replace original-setting faction metadata
JP12,cross_department,C-57bbaf6f368c3583,365,1,0,0.0,0.0,0.0,louvain,intersection_count,100.0,0.0,1.0,20260801,1.0.0,not_used,community labels are structural network results; they are not official factions and do not replace original-setting faction metadata
JP12,cross_department,C-8bcdee9a17b7e298,366,1,0,0.0,0.0,0.0,louvain,intersection_count,100.0,0.0,1.0,20260801,1.0.0,not_used,community labels are structural network results; they are not official factions and do not replace original-setting faction metadata
JP12,cross_department,C-ae9ad9e7924acf36,367,1,0,0.0,0.0,0.0,louvain,intersection_count,100.0,0.0,1.0,20260801,1.0.0,not_used,community labels are structural network results; they are not official factions and do not replace original-setting faction metadata
JP12,cross_department,C-f3622520eba2d327,368,1,0,0.0,0.0,0.0,louvain,intersection_count,100.0,0.0,1.0,20260801,1.0.0,not_used,community labels are structural network results; they are not official factions and do not replace original-setting faction metadata
JP12,cross_department,C-2e37d9d733ca9095,369,1,0,0.0,0.0,0.0,louvain,intersection_count,100.0,0.0,1.0,20260801,1.0.0,not_used,community labels are structural network results; they are not official factions and do not replace original-setting faction metadata
JP12,cross_department,C-e2fe592faeb0ff1b,370,1,0,0.0,0.0,0.0,louvain,intersection_count,100.0,0.0,1.0,20260801,1.0.0,not_used,community labels are structural network results; they are not official factions and do not replace original-setting faction metadata
JP12,cross_department,C-40071372286464ea,371,1,0,0.0,0.0,0.0,louvain,intersection_count,100.0,0.0,1.0,20260801,1.0.0,not_used,community labels are structural network results; they are not official factions and do not replace original-setting faction metadata
JP12,cross_department,C-24ec26a5d0daf35b,372,1,0,0.0,0.0,0.0,louvain,intersection_count,100.0,0.0,1.0,20260801,1.0.0,not_used,community labels are structural network results; they are not official factions and do not replace original-setting faction metadata
JP12,cross_department,C-e9947f7eb7295b68,373,1,0,0.0,0.0,0.0,louvain,intersection_count,100.0,0.0,1.0,20260801,1.0.0,not_used,community labels are structural network results; they are not official factions and do not replace original-setting faction metadata
JP12,cross_department,C-7c50c44ea583cef3,374,1,0,0.0,0.0,0.0,louvain,intersection_count,100.0,0.0,1.0,20260801,1.0.0,not_used,community labels are structural network results; they are not official factions and do not replace original-setting faction metadata
JP12,cross_department,C-bc9ea00660277755,375,1,0,0.0,0.0,0.0,louvain,intersection_count,100.0,0.0,1.0,20260801,1.0.0,not_used,community labels are structural network results; they are not official factions and do not replace original-setting faction metadata
JP12,cross_department,C-74fc4fc56be6c496,376,1,0,0.0,0.0,0.0,louvain,intersection_count,100.0,0.0,1.0,20260801,1.0.0,not_used,community labels are structural network results; they are not official factions and do not replace original-setting faction metadata
JP12,cross_department,C-16ef6ceb2410eb21,377,1,0,0.0,0.0,0.0,louvain,intersection_count,100.0,0.0,1.0,20260801,1.0.0,not_used,community labels are structural network results; they are not official factions and do not replace original-setting faction metadata
JP12,cross_department,C-b49a2b961f482975,378,1,0,0.0,0.0,0.0,louvain,intersection_count,100.0,0.0,1.0,20260801,1.0.0,not_used,community labels are structural network results; they are not official factions and do not replace original-setting faction metadata
JP12,cross_department,C-1fc09af53282e467,379,1,0,0.0,0.0,0.0,louvain,intersection_count,100.0,0.0,1.0,20260801,1.0.0,not_used,community labels are structural network results; they are not official factions and do not replace original-setting faction metadata
JP12,cross_department,C-fae2aa8f07789e53,380,1,0,0.0,0.0,0.0,louvain,intersection_count,100.0,0.0,1.0,20260801,1.0.0,not_used,community labels are structural network results; they are not official factions and do not replace original-setting faction metadata
JP12,cross_department,C-57b7cc71e88be5ba,381,1,0,0.0,0.0,0.0,louvain,intersection_count,100.0,0.0,1.0,20260801,1.0.0,not_used,community labels are structural network results; they are not official factions and do not replace original-setting faction metadata
JP12,cross_department,C-56d7bdad0203fb8b,382,1,0,0.0,0.0,0.0,louvain,intersection_count,100.0,0.0,1.0,20260801,1.0.0,not_used,community labels are structural network results; they are not official factions and do not replace original-setting faction metadata
JP12,cross_department,C-2dce92ef313fa762,383,1,0,0.0,0.0,0.0,louvain,intersection_count,100.0,0.0,1.0,20260801,1.0.0,not_used,community labels are structural network results; they are not official factions and do not replace original-setting faction metadata
JP12,cross_department,C-eaa339fcd027b42e,384,1,0,0.0,0.0,0.0,louvain,intersection_count,100.0,0.0,1.0,20260801,1.0.0,not_used,community labels are structural network results; they are not official factions and do not replace original-setting faction metadata
JP12,cross_department,C-257a6425195db6c9,385,1,0,0.0,0.0,0.0,louvain,intersection_count,100.0,0.0,1.0,20260801,1.0.0,not_used,community labels are structural network results; they are not official factions and do not replace original-setting faction metadata
JP12,cross_department,C-5faba09555c1f098,386,1,0,0.0,0.0,0.0,louvain,intersection_count,100.0,0.0,1.0,20260801,1.0.0,not_used,community labels are structural network results; they are not official factions and do not replace original-setting faction metadata
JP12,cross_department,C-b5ee75ad95622eae,387,1,0,0.0,0.0,0.0,louvain,intersection_count,100.0,0.0,1.0,20260801,1.0.0,not_used,community labels are structural network results; they are not official factions and do not replace original-setting faction metadata
JP12,cross_department,C-3dfe8827f498d976,388,1,0,0.0,0.0,0.0,louvain,intersection_count,100.0,0.0,1.0,20260801,1.0.0,not_used,community labels are structural network results; they are not official factions and do not replace original-setting faction metadata
JP12,cross_department,C-5beb37dee052f34d,389,1,0,0.0,0.0,0.0,louvain,intersection_count,100.0,0.0,1.0,20260801,1.0.0,not_used,community labels are structural network results; they are not official factions and do not replace original-setting faction metadata
JP12,cross_department,C-aeb64417a76b6b93,390,1,0,0.0,0.0,0.0,louvain,intersection_count,100.0,0.0,1.0,20260801,1.0.0,not_used,community labels are structural network results; they are not official factions and do not replace original-setting faction metadata
JP12,cross_department,C-e852ecf7b96c33aa,391,1,0,0.0,0.0,0.0,louvain,intersection_count,100.0,0.0,1.0,20260801,1.0.0,not_used,community labels are structural network results; they are not official factions and do not replace original-setting faction metadata
JP12,cross_department,C-303d81f2345b47cb,392,1,0,0.0,0.0,0.0,louvain,intersection_count,100.0,0.0,1.0,20260801,1.0.0,not_used,community labels are structural network results; they are not official factions and do not replace original-setting faction metadata
JP12,cross_department,C-4a80147e8d00f1dc,393,1,0,0.0,0.0,0.0,louvain,intersection_count,100.0,0.0,1.0,20260801,1.0.0,not_used,community labels are structural network results; they are not official factions and do not replace original-setting faction metadata
JP12,cross_department,C-501281b973ff11ba,394,1,0,0.0,0.0,0.0,louvain,intersection_count,100.0,0.0,1.0,20260801,1.0.0,not_used,community labels are structural network results; they are not official factions and do not replace original-setting faction metadata
JP12,cross_department,C-b4376ef9409b07c7,395,1,0,0.0,0.0,0.0,louvain,intersection_count,100.0,0.0,1.0,20260801,1.0.0,not_used,community labels are structural network results; they are not official factions and do not replace original-setting faction metadata
JP12,cross_department,C-5ec7b8c48cf32070,396,1,0,0.0,0.0,0.0,louvain,intersection_count,100.0,0.0,1.0,20260801,1.0.0,not_used,community labels are structural network results; they are not official factions and do not replace original-setting faction metadata
JP12,cross_department,C-8b2198503d49c87c,397,1,0,0.0,0.0,0.0,louvain,intersection_count,100.0,0.0,1.0,20260801,1.0.0,not_used,community labels are structural network results; they are not official factions and do not replace original-setting faction metadata
JP12,cross_department,C-2d6f41f072a08d54,398,1,0,0.0,0.0,0.0,louvain,intersection_count,100.0,0.0,1.0,20260801,1.0.0,not_used,community labels are structural network results; they are not official factions and do not replace original-setting faction metadata
JP12,cross_department,C-e44613e5d9094316,399,1,0,0.0,0.0,0.0,louvain,intersection_count,100.0,0.0,1.0,20260801,1.0.0,not_used,community labels are structural network results; they are not official factions and do not replace original-setting faction metadata
JP12,cross_department,C-ae64273f34a93349,400,1,0,0.0,0.0,0.0,louvain,intersection_count,100.0,0.0,1.0,20260801,1.0.0,not_used,community labels are structural network results; they are not official factions and do not replace original-setting faction metadata
JP12,cross_department,C-173a1b679071a202,401,1,0,0.0,0.0,0.0,louvain,intersection_count,100.0,0.0,1.0,20260801,1.0.0,not_used,community labels are structural network results; they are not official factions and do not replace original-setting faction metadata
JP12,cross_department,C-f33238ca1078c6e9,402,1,0,0.0,0.0,0.0,louvain,intersection_count,100.0,0.0,1.0,20260801,1.0.0,not_used,community labels are structural network results; they are not official factions and do not replace original-setting faction metadata
JP12,cross_department,C-be0735937d154de9,403,1,0,0.0,0.0,0.0,louvain,intersection_count,100.0,0.0,1.0,20260801,1.0.0,not_used,community labels are structural network results; they are not official factions and do not replace original-setting faction metadata
JP12,cross_department,C-401df4f1406222e4,404,1,0,0.0,0.0,0.0,louvain,intersection_count,100.0,0.0,1.0,20260801,1.0.0,not_used,community labels are structural network results; they are not official factions and do not replace original-setting faction metadata
JP12,cross_department,C-06be01a9a6aea423,405,1,0,0.0,0.0,0.0,louvain,intersection_count,100.0,0.0,1.0,20260801,1.0.0,not_used,community labels are structural network results; they are not official factions and do not replace original-setting faction metadata
JP12,cross_department,C-e80482d44d13167a,406,1,0,0.0,0.0,0.0,louvain,intersection_count,100.0,0.0,1.0,20260801,1.0.0,not_used,community labels are structural network results; they are not official factions and do not replace original-setting faction metadata
JP12,cross_department,C-eb3a92276ea92867,407,1,0,0.0,0.0,0.0,louvain,intersection_count,100.0,0.0,1.0,20260801,1.0.0,not_used,community labels are structural network results; they are not official factions and do not replace original-setting faction metadata
JP12,cross_department,C-65436362b02f5129,408,1,0,0.0,0.0,0.0,louvain,intersection_count,100.0,0.0,1.0,20260801,1.0.0,not_used,community labels are structural network results; they are not official factions and do not replace original-setting faction metadata
JP12,cross_department,C-c442d57d028e898f,409,1,0,0.0,0.0,0.0,louvain,intersection_count,100.0,0.0,1.0,20260801,1.0.0,not_used,community labels are structural network results; they are not official factions and do not replace original-setting faction metadata
JP12,cross_department,C-101ba12f87b28afc,410,1,0,0.0,0.0,0.0,louvain,intersection_count,100.0,0.0,1.0,20260801,1.0.0,not_used,community labels are structural network results; they are not official factions and do not replace original-setting faction metadata
JP12,cross_department,C-737c6e6a90319a24,411,1,0,0.0,0.0,0.0,louvain,intersection_count,100.0,0.0,1.0,20260801,1.0.0,not_used,community labels are structural network results; they are not official factions and do not replace original-setting faction metadata
JP12,cross_department,C-04cd5715fe286aca,412,1,0,0.0,0.0,0.0,louvain,intersection_count,100.0,0.0,1.0,20260801,1.0.0,not_used,community labels are structural network results; they are not official factions and do not replace original-setting faction metadata
JP12,cross_department,C-cfe1ecfcbd992a76,413,1,0,0.0,0.0,0.0,louvain,intersection_count,100.0,0.0,1.0,20260801,1.0.0,not_used,community labels are structural network results; they are not official factions and do not replace original-setting faction metadata
JP12,cross_department,C-98090e299329ac5f,414,1,0,0.0,0.0,0.0,louvain,intersection_count,100.0,0.0,1.0,20260801,1.0.0,not_used,community labels are structural network results; they are not official factions and do not replace original-setting faction metadata
JP12,cross_department,C-8d2c10da58276314,415,1,0,0.0,0.0,0.0,louvain,intersection_count,100.0,0.0,1.0,20260801,1.0.0,not_used,community labels are structural network results; they are not official factions and do not replace original-setting faction metadata
JP12,cross_department,C-e896516b05659d82,416,1,0,0.0,0.0,0.0,louvain,intersection_count,100.0,0.0,1.0,20260801,1.0.0,not_used,community labels are structural network results; they are not official factions and do not replace original-setting faction metadata
JP12,cross_department,C-15f0d35d14ee5771,417,1,0,0.0,0.0,0.0,louvain,intersection_count,100.0,0.0,1.0,20260801,1.0.0,not_used,community labels are structural network results; they are not official factions and do not replace original-setting faction metadata
JP12,cross_department,C-c57cf46a857c7240,418,1,0,0.0,0.0,0.0,louvain,intersection_count,100.0,0.0,1.0,20260801,1.0.0,not_used,community labels are structural network results; they are not official factions and do not replace original-setting faction metadata
JP12,cross_department,C-e20db62588154679,419,1,0,0.0,0.0,0.0,louvain,intersection_count,100.0,0.0,1.0,20260801,1.0.0,not_used,community labels are structural network results; they are not official factions and do not replace original-setting faction metadata
JP12,cross_department,C-3fad77b8a7a69ffe,420,1,0,0.0,0.0,0.0,louvain,intersection_count,100.0,0.0,1.0,20260801,1.0.0,not_used,community labels are structural network results; they are not official factions and do not replace original-setting faction metadata
JP12,cross_department,C-a3d9ad5604c05fe8,421,1,0,0.0,0.0,0.0,louvain,intersection_count,100.0,0.0,1.0,20260801,1.0.0,not_used,community labels are structural network results; they are not official factions and do not replace original-setting faction metadata
JP12,cross_department,C-dc69a2b8e281fbe6,422,1,0,0.0,0.0,0.0,louvain,intersection_count,100.0,0.0,1.0,20260801,1.0.0,not_used,community labels are structural network results; they are not official factions and do not replace original-setting faction metadata
JP12,cross_department,C-03afb63a599df5cc,423,1,0,0.0,0.0,0.0,louvain,intersection_count,100.0,0.0,1.0,20260801,1.0.0,not_used,community labels are structural network results; they are not official factions and do not replace original-setting faction metadata
JP12,cross_department,C-9cf62f2ea05bc936,424,1,0,0.0,0.0,0.0,louvain,intersection_count,100.0,0.0,1.0,20260801,1.0.0,not_used,community labels are structural network results; they are not official factions and do not replace original-setting faction metadata
JP12,cross_department,C-0396134846e0af96,425,1,0,0.0,0.0,0.0,louvain,intersection_count,100.0,0.0,1.0,20260801,1.0.0,not_used,community labels are structural network results; they are not official factions and do not replace original-setting faction metadata
JP12,cross_department,C-3146d6bf0e2fbd0a,426,1,0,0.0,0.0,0.0,louvain,intersection_count,100.0,0.0,1.0,20260801,1.0.0,not_used,community labels are structural network results; they are not official factions and do not replace original-setting faction metadata
JP12,cross_department,C-734b83a28cb1d9c8,427,1,0,0.0,0.0,0.0,louvain,intersection_count,100.0,0.0,1.0,20260801,1.0.0,not_used,community labels are structural network results; they are not official factions and do not replace original-setting faction metadata
JP12,cross_department,C-a9e6367edc92989c,428,1,0,0.0,0.0,0.0,louvain,intersection_count,100.0,0.0,1.0,20260801,1.0.0,not_used,community labels are structural network results; they are not official factions and do not replace original-setting faction metadata
JP12,cross_department,C-63e4b52b35ebbdc4,429,1,0,0.0,0.0,0.0,louvain,intersection_count,100.0,0.0,1.0,20260801,1.0.0,not_used,community labels are structural network results; they are not official factions and do not replace original-setting faction metadata
JP12,cross_department,C-0c8680b0c7cc46dc,430,1,0,0.0,0.0,0.0,louvain,intersection_count,100.0,0.0,1.0,20260801,1.0.0,not_used,community labels are structural network results; they are not official factions and do not replace original-setting faction metadata
JP12,cross_department,C-62b0c46f28bc510d,431,1,0,0.0,0.0,0.0,louvain,intersection_count,100.0,0.0,1.0,20260801,1.0.0,not_used,community labels are structural network results; they are not official factions and do not replace original-setting faction metadata
JP12,cross_department,C-c4db7fc2bc904722,432,1,0,0.0,0.0,0.0,louvain,intersection_count,100.0,0.0,1.0,20260801,1.0.0,not_used,community labels are structural network results; they are not official factions and do not replace original-setting faction metadata
JP12,cross_department,C-9c44d8b652adfbb3,433,1,0,0.0,0.0,0.0,louvain,intersection_count,100.0,0.0,1.0,20260801,1.0.0,not_used,community labels are structural network results; they are not official factions and do not replace original-setting faction metadata
JP12,cross_department,C-2551f18c4653262b,434,1,0,0.0,0.0,0.0,louvain,intersection_count,100.0,0.0,1.0,20260801,1.0.0,not_used,community labels are structural network results; they are not official factions and do not replace original-setting faction metadata
JP12,cross_department,C-f97804985111c851,435,1,0,0.0,0.0,0.0,louvain,intersection_count,100.0,0.0,1.0,20260801,1.0.0,not_used,community labels are structural network results; they are not official factions and do not replace original-setting faction metadata
JP12,cross_department,C-3fc432f44d9c83d6,436,1,0,0.0,0.0,0.0,louvain,intersection_count,100.0,0.0,1.0,20260801,1.0.0,not_used,community labels are structural network results; they are not official factions and do not replace original-setting faction metadata
JP12,cross_department,C-c499187e0a60d045,437,1,0,0.0,0.0,0.0,louvain,intersection_count,100.0,0.0,1.0,20260801,1.0.0,not_used,community labels are structural network results; they are not official factions and do not replace original-setting faction metadata
JP12,cross_department,C-41b0941aa03031e4,438,1,0,0.0,0.0,0.0,louvain,intersection_count,100.0,0.0,1.0,20260801,1.0.0,not_used,community labels are structural network results; they are not official factions and do not replace original-setting faction metadata
JP12,cross_department,C-91b5b1ff46d58b5c,439,1,0,0.0,0.0,0.0,louvain,intersection_count,100.0,0.0,1.0,20260801,1.0.0,not_used,community labels are structural network results; they are not official factions and do not replace original-setting faction metadata
JP12,cross_department,C-00567b9f307c8f65,440,1,0,0.0,0.0,0.0,louvain,intersection_count,100.0,0.0,1.0,20260801,1.0.0,not_used,community labels are structural network results; they are not official factions and do not replace original-setting faction metadata
JP12,cross_department,C-5708fd448ea8685f,441,1,0,0.0,0.0,0.0,louvain,intersection_count,100.0,0.0,1.0,20260801,1.0.0,not_used,community labels are structural network results; they are not official factions and do not replace original-setting faction metadata
JP12,cross_department,C-4cbb5ac5340cd018,442,1,0,0.0,0.0,0.0,louvain,intersection_count,100.0,0.0,1.0,20260801,1.0.0,not_used,community labels are structural network results; they are not official factions and do not replace original-setting faction metadata
JP12,cross_department,C-a3c48899be44c0c0,443,1,0,0.0,0.0,0.0,louvain,intersection_count,100.0,0.0,1.0,20260801,1.0.0,not_used,community labels are structural network results; they are not official factions and do not replace original-setting faction metadata
JP12,cross_department,C-ffa3b5a90b2e75a3,444,1,0,0.0,0.0,0.0,louvain,intersection_count,100.0,0.0,1.0,20260801,1.0.0,not_used,community labels are structural network results; they are not official factions and do not replace original-setting faction metadata
JP12,cross_department,C-346b684bd03871b9,445,1,0,0.0,0.0,0.0,louvain,intersection_count,100.0,0.0,1.0,20260801,1.0.0,not_used,community labels are structural network results; they are not official factions and do not replace original-setting faction metadata
JP12,cross_department,C-db2e5b51bf0b38fa,446,1,0,0.0,0.0,0.0,louvain,intersection_count,100.0,0.0,1.0,20260801,1.0.0,not_used,community labels are structural network results; they are not official factions and do not replace original-setting faction metadata
JP12,cross_department,C-c921a9a81ac9a1c9,447,1,0,0.0,0.0,0.0,louvain,intersection_count,100.0,0.0,1.0,20260801,1.0.0,not_used,community labels are structural network results; they are not official factions and do not replace original-setting faction metadata
JP12,cross_department,C-1539afd074e24451,448,1,0,0.0,0.0,0.0,louvain,intersection_count,100.0,0.0,1.0,20260801,1.0.0,not_used,community labels are structural network results; they are not official factions and do not replace original-setting faction metadata
JP12,cross_department,C-c2694b55c55b44a3,449,1,0,0.0,0.0,0.0,louvain,intersection_count,100.0,0.0,1.0,20260801,1.0.0,not_used,community labels are structural network results; they are not official factions and do not replace original-setting faction metadata
JP12,cross_department,C-b9e3cc302b08dfb3,450,1,0,0.0,0.0,0.0,louvain,intersection_count,100.0,0.0,1.0,20260801,1.0.0,not_used,community labels are structural network results; they are not official factions and do not replace original-setting faction metadata
JP12,cross_department,C-cb14568e9460c5fc,451,1,0,0.0,0.0,0.0,louvain,intersection_count,100.0,0.0,1.0,20260801,1.0.0,not_used,community labels are structural network results; they are not official factions and do not replace original-setting faction metadata
JP12,cross_department,C-75e8d4d27d2aba06,452,1,0,0.0,0.0,0.0,louvain,intersection_count,100.0,0.0,1.0,20260801,1.0.0,not_used,community labels are structural network results; they are not official factions and do not replace original-setting faction metadata
JP12,cross_department,C-5b8cec7afbabe461,453,1,0,0.0,0.0,0.0,louvain,intersection_count,100.0,0.0,1.0,20260801,1.0.0,not_used,community labels are structural network results; they are not official factions and do not replace original-setting faction metadata
JP12,cross_department,C-efb44ab40b88190e,454,1,0,0.0,0.0,0.0,louvain,intersection_count,100.0,0.0,1.0,20260801,1.0.0,not_used,community labels are structural network results; they are not official factions and do not replace original-setting faction metadata
JP12,cross_department,C-092941d905045219,455,1,0,0.0,0.0,0.0,louvain,intersection_count,100.0,0.0,1.0,20260801,1.0.0,not_used,community labels are structural network results; they are not official factions and do not replace original-setting faction metadata
JP12,cross_department,C-d208235a4c34cb29,456,1,0,0.0,0.0,0.0,louvain,intersection_count,100.0,0.0,1.0,20260801,1.0.0,not_used,community labels are structural network results; they are not official factions and do not replace original-setting faction metadata
JP12,cross_department,C-095cbe2e042e8b2d,457,1,0,0.0,0.0,0.0,louvain,intersection_count,100.0,0.0,1.0,20260801,1.0.0,not_used,community labels are structural network results; they are not official factions and do not replace original-setting faction metadata
JP12,cross_department,C-21900b8275396263,458,1,0,0.0,0.0,0.0,louvain,intersection_count,100.0,0.0,1.0,20260801,1.0.0,not_used,community labels are structural network results; they are not official factions and do not replace original-setting faction metadata
JP12,cross_department,C-e490df3cc6cbbd23,459,1,0,0.0,0.0,0.0,louvain,intersection_count,100.0,0.0,1.0,20260801,1.0.0,not_used,community labels are structural network results; they are not official factions and do not replace original-setting faction metadata
JP12,cross_department,C-7faae57d92bb08d9,460,1,0,0.0,0.0,0.0,louvain,intersection_count,100.0,0.0,1.0,20260801,1.0.0,not_used,community labels are structural network results; they are not official factions and do not replace original-setting faction metadata
JP12,cross_department,C-b42b86994c2d1cca,461,1,0,0.0,0.0,0.0,louvain,intersection_count,100.0,0.0,1.0,20260801,1.0.0,not_used,community labels are structural network results; they are not official factions and do not replace original-setting faction metadata
JP12,cross_department,C-c95cc6c0ecf4daf6,462,1,0,0.0,0.0,0.0,louvain,intersection_count,100.0,0.0,1.0,20260801,1.0.0,not_used,community labels are structural network results; they are not official factions and do not replace original-setting faction metadata
JP12,cross_department,C-0a3f9c7b2f59a583,463,1,0,0.0,0.0,0.0,louvain,intersection_count,100.0,0.0,1.0,20260801,1.0.0,not_used,community labels are structural network results; they are not official factions and do not replace original-setting faction metadata
JP12,cross_department,C-4b49330152291f7f,464,1,0,0.0,0.0,0.0,louvain,intersection_count,100.0,0.0,1.0,20260801,1.0.0,not_used,community labels are structural network results; they are not official factions and do not replace original-setting faction metadata
JP12,cross_department,C-99630fff4826c273,465,1,0,0.0,0.0,0.0,louvain,intersection_count,100.0,0.0,1.0,20260801,1.0.0,not_used,community labels are structural network results; they are not official factions and do not replace original-setting faction metadata
JP12,cross_department,C-6adecd398bb8fdef,466,1,0,0.0,0.0,0.0,louvain,intersection_count,100.0,0.0,1.0,20260801,1.0.0,not_used,community labels are structural network results; they are not official factions and do not replace original-setting faction metadata
JP12,cross_department,C-aca8a18b57375d85,467,1,0,0.0,0.0,0.0,louvain,intersection_count,100.0,0.0,1.0,20260801,1.0.0,not_used,community labels are structural network results; they are not official factions and do not replace original-setting faction metadata
JP12,cross_department,C-948f9647a0246266,468,1,0,0.0,0.0,0.0,louvain,intersection_count,100.0,0.0,1.0,20260801,1.0.0,not_used,community labels are structural network results; they are not official factions and do not replace original-setting faction metadata
JP12,cross_department,C-992d40e324a03e34,469,1,0,0.0,0.0,0.0,louvain,intersection_count,100.0,0.0,1.0,20260801,1.0.0,not_used,community labels are structural network results; they are not official factions and do not replace original-setting faction metadata
JP12,cross_department,C-2836c55c56facccc,470,1,0,0.0,0.0,0.0,louvain,intersection_count,100.0,0.0,1.0,20260801,1.0.0,not_used,community labels are structural network results; they are not official factions and do not replace original-setting faction metadata
JP12,cross_department,C-e9be0396f61a97cb,471,1,0,0.0,0.0,0.0,louvain,intersection_count,100.0,0.0,1.0,20260801,1.0.0,not_used,community labels are structural network results; they are not official factions and do not replace original-setting faction metadata
JP12,cross_department,C-4c2cdeac6a5e2017,472,1,0,0.0,0.0,0.0,louvain,intersection_count,100.0,0.0,1.0,20260801,1.0.0,not_used,community labels are structural network results; they are not official factions and do not replace original-setting faction metadata
JP12,cross_department,C-a48d9927fc140112,473,1,0,0.0,0.0,0.0,louvain,intersection_count,100.0,0.0,1.0,20260801,1.0.0,not_used,community labels are structural network results; they are not official factions and do not replace original-setting faction metadata
JP12,cross_department,C-4d42b5e143be2880,474,1,0,0.0,0.0,0.0,louvain,intersection_count,100.0,0.0,1.0,20260801,1.0.0,not_used,community labels are structural network results; they are not official factions and do not replace original-setting faction metadata
JP12,cross_department,C-173c9e04714b76c1,475,1,0,0.0,0.0,0.0,louvain,intersection_count,100.0,0.0,1.0,20260801,1.0.0,not_used,community labels are structural network results; they are not official factions and do not replace original-setting faction metadata
JP12,cross_department,C-dade46ff37e043dc,476,1,0,0.0,0.0,0.0,louvain,intersection_count,100.0,0.0,1.0,20260801,1.0.0,not_used,community labels are structural network results; they are not official factions and do not replace original-setting faction metadata
JP12,cross_department,C-1f65d74bbebc2b64,477,1,0,0.0,0.0,0.0,louvain,intersection_count,100.0,0.0,1.0,20260801,1.0.0,not_used,community labels are structural network results; they are not official factions and do not replace original-setting faction metadata
JP12,cross_department,C-c94ad1cfe2f39ef8,478,1,0,0.0,0.0,0.0,louvain,intersection_count,100.0,0.0,1.0,20260801,1.0.0,not_used,community labels are structural network results; they are not official factions and do not replace original-setting faction metadata
JP12,cross_department,C-3bdb14e1510c199e,479,1,0,0.0,0.0,0.0,louvain,intersection_count,100.0,0.0,1.0,20260801,1.0.0,not_used,community labels are structural network results; they are not official factions and do not replace original-setting faction metadata
JP12,cross_department,C-64cdcabfd0124154,480,1,0,0.0,0.0,0.0,louvain,intersection_count,100.0,0.0,1.0,20260801,1.0.0,not_used,community labels are structural network results; they are not official factions and do not replace original-setting faction metadata
JP12,cross_department,C-c47dc12e15288b66,481,1,0,0.0,0.0,0.0,louvain,intersection_count,100.0,0.0,1.0,20260801,1.0.0,not_used,community labels are structural network results; they are not official factions and do not replace original-setting faction metadata
JP12,cross_department,C-dcd3a2c0b4216aa4,482,1,0,0.0,0.0,0.0,louvain,intersection_count,100.0,0.0,1.0,20260801,1.0.0,not_used,community labels are structural network results; they are not official factions and do not replace original-setting faction metadata
JP12,cross_department,C-435f1286716efe7d,483,1,0,0.0,0.0,0.0,louvain,intersection_count,100.0,0.0,1.0,20260801,1.0.0,not_used,community labels are structural network results; they are not official factions and do not replace original-setting faction metadata
JP12,cross_department,C-184c70f0f734061a,484,1,0,0.0,0.0,0.0,louvain,intersection_count,100.0,0.0,1.0,20260801,1.0.0,not_used,community labels are structural network results; they are not official factions and do not replace original-setting faction metadata
JP12,cross_department,C-8ad28ae306df4fcd,485,1,0,0.0,0.0,0.0,louvain,intersection_count,100.0,0.0,1.0,20260801,1.0.0,not_used,community labels are structural network results; they are not official factions and do not replace original-setting faction metadata
JP12,cross_department,C-80838a66073dc31f,486,1,0,0.0,0.0,0.0,louvain,intersection_count,100.0,0.0,1.0,20260801,1.0.0,not_used,community labels are structural network results; they are not official factions and do not replace original-setting faction metadata
JP12,cross_department,C-ae5f303cd004abf5,487,1,0,0.0,0.0,0.0,louvain,intersection_count,100.0,0.0,1.0,20260801,1.0.0,not_used,community labels are structural network results; they are not official factions and do not replace original-setting faction metadata
JP12,cross_department,C-4acaf0f5f9fa7f22,488,1,0,0.0,0.0,0.0,louvain,intersection_count,100.0,0.0,1.0,20260801,1.0.0,not_used,community labels are structural network results; they are not official factions and do not replace original-setting faction metadata
JP12,cross_department,C-89a6bd04ae8b8709,489,1,0,0.0,0.0,0.0,louvain,intersection_count,100.0,0.0,1.0,20260801,1.0.0,not_used,community labels are structural network results; they are not official factions and do not replace original-setting faction metadata
JP12,cross_department,C-cb4f3bf5c448553d,490,1,0,0.0,0.0,0.0,louvain,intersection_count,100.0,0.0,1.0,20260801,1.0.0,not_used,community labels are structural network results; they are not official factions and do not replace original-setting faction metadata
JP12,cross_department,C-41138e1577fc24c4,491,1,0,0.0,0.0,0.0,louvain,intersection_count,100.0,0.0,1.0,20260801,1.0.0,not_used,community labels are structural network results; they are not official factions and do not replace original-setting faction metadata
JP12,cross_department,C-c2262f279b736bd6,492,1,0,0.0,0.0,0.0,louvain,intersection_count,100.0,0.0,1.0,20260801,1.0.0,not_used,community labels are structural network results; they are not official factions and do not replace original-setting faction metadata
JP12,cross_department,C-4b2dc280f0254e7e,493,1,0,0.0,0.0,0.0,louvain,intersection_count,100.0,0.0,1.0,20260801,1.0.0,not_used,community labels are structural network results; they are not official factions and do not replace original-setting faction metadata
JP12,cross_department,C-1b30a293ee5480b7,494,1,0,0.0,0.0,0.0,louvain,intersection_count,100.0,0.0,1.0,20260801,1.0.0,not_used,community labels are structural network results; they are not official factions and do not replace original-setting faction metadata
JP12,cross_department,C-f5cb6f9caeed1e1c,495,1,0,0.0,0.0,0.0,louvain,intersection_count,100.0,0.0,1.0,20260801,1.0.0,not_used,community labels are structural network results; they are not official factions and do not replace original-setting faction metadata
JP12,cross_department,C-60add34df14c6346,496,1,0,0.0,0.0,0.0,louvain,intersection_count,100.0,0.0,1.0,20260801,1.0.0,not_used,community labels are structural network results; they are not official factions and do not replace original-setting faction metadata
JP12,cross_department,C-9a37af979acd3893,497,1,0,0.0,0.0,0.0,louvain,intersection_count,100.0,0.0,1.0,20260801,1.0.0,not_used,community labels are structural network results; they are not official factions and do not replace original-setting faction metadata
JP12,cross_department,C-7cce77287bc7ed75,498,1,0,0.0,0.0,0.0,louvain,intersection_count,100.0,0.0,1.0,20260801,1.0.0,not_used,community labels are structural network results; they are not official factions and do not replace original-setting faction metadata
JP12,cross_department,C-eef6c9de43af799a,499,1,0,0.0,0.0,0.0,louvain,intersection_count,100.0,0.0,1.0,20260801,1.0.0,not_used,community labels are structural network results; they are not official factions and do not replace original-setting faction metadata
JP12,cross_department,C-47a71decacdb05a6,500,1,0,0.0,0.0,0.0,louvain,intersection_count,100.0,0.0,1.0,20260801,1.0.0,not_used,community labels are structural network results; they are not official factions and do not replace original-setting faction metadata
JP12,cross_department,C-30cf38d981527fec,501,1,0,0.0,0.0,0.0,louvain,intersection_count,100.0,0.0,1.0,20260801,1.0.0,not_used,community labels are structural network results; they are not official factions and do not replace original-setting faction metadata
JP12,cross_department,C-0e10a15d172595cb,502,1,0,0.0,0.0,0.0,louvain,intersection_count,100.0,0.0,1.0,20260801,1.0.0,not_used,community labels are structural network results; they are not official factions and do not replace original-setting faction metadata
JP12,cross_department,C-28f3a19f89d47da8,503,1,0,0.0,0.0,0.0,louvain,intersection_count,100.0,0.0,1.0,20260801,1.0.0,not_used,community labels are structural network results; they are not official factions and do not replace original-setting faction metadata
JP12,cross_department,C-5ae910ad3c2db174,504,1,0,0.0,0.0,0.0,louvain,intersection_count,100.0,0.0,1.0,20260801,1.0.0,not_used,community labels are structural network results; they are not official factions and do not replace original-setting faction metadata
JP12,cross_department,C-03df6a194a3292a5,505,1,0,0.0,0.0,0.0,louvain,intersection_count,100.0,0.0,1.0,20260801,1.0.0,not_used,community labels are structural network results; they are not official factions and do not replace original-setting faction metadata
JP12,cross_department,C-93b5904393617921,506,1,0,0.0,0.0,0.0,louvain,intersection_count,100.0,0.0,1.0,20260801,1.0.0,not_used,community labels are structural network results; they are not official factions and do not replace original-setting faction metadata
JP12,cross_department,C-64456b7f2035f481,507,1,0,0.0,0.0,0.0,louvain,intersection_count,100.0,0.0,1.0,20260801,1.0.0,not_used,community labels are structural network results; they are not official factions and do not replace original-setting faction metadata
JP12,cross_department,C-aff10c889bf998dd,508,1,0,0.0,0.0,0.0,louvain,intersection_count,100.0,0.0,1.0,20260801,1.0.0,not_used,community labels are structural network results; they are not official factions and do not replace original-setting faction metadata
JP12,cross_department,C-b7d9f9f2c520f635,509,1,0,0.0,0.0,0.0,louvain,intersection_count,100.0,0.0,1.0,20260801,1.0.0,not_used,community labels are structural network results; they are not official factions and do not replace original-setting faction metadata
JP12,cross_department,C-97cf5cd5e8f3c9d1,510,1,0,0.0,0.0,0.0,louvain,intersection_count,100.0,0.0,1.0,20260801,1.0.0,not_used,community labels are structural network results; they are not official factions and do not replace original-setting faction metadata
JP12,cross_department,C-419fc90a842ae2de,511,1,0,0.0,0.0,0.0,louvain,intersection_count,100.0,0.0,1.0,20260801,1.0.0,not_used,community labels are structural network results; they are not official factions and do not replace original-setting faction metadata
JP12,cross_department,C-517c1b46a30c26ec,512,1,0,0.0,0.0,0.0,louvain,intersection_count,100.0,0.0,1.0,20260801,1.0.0,not_used,community labels are structural network results; they are not official factions and do not replace original-setting faction metadata
JP12,cross_department,C-635523ee6f6294f5,513,1,0,0.0,0.0,0.0,louvain,intersection_count,100.0,0.0,1.0,20260801,1.0.0,not_used,community labels are structural network results; they are not official factions and do not replace original-setting faction metadata
JP12,cross_department,C-a8abcc5c57696a38,514,1,0,0.0,0.0,0.0,louvain,intersection_count,100.0,0.0,1.0,20260801,1.0.0,not_used,community labels are structural network results; they are not official factions and do not replace original-setting faction metadata
JP12,cross_department,C-1e86ed7b1cef319c,515,1,0,0.0,0.0,0.0,louvain,intersection_count,100.0,0.0,1.0,20260801,1.0.0,not_used,community labels are structural network results; they are not official factions and do not replace original-setting faction metadata
JP12,cross_department,C-154c0ad895542b9f,516,1,0,0.0,0.0,0.0,louvain,intersection_count,100.0,0.0,1.0,20260801,1.0.0,not_used,community labels are structural network results; they are not official factions and do not replace original-setting faction metadata
JP12,cross_department,C-912363cc3d033e1b,517,1,0,0.0,0.0,0.0,louvain,intersection_count,100.0,0.0,1.0,20260801,1.0.0,not_used,community labels are structural network results; they are not official factions and do not replace original-setting faction metadata
JP12,cross_department,C-fa855a13bc0b49ac,518,1,0,0.0,0.0,0.0,louvain,intersection_count,100.0,0.0,1.0,20260801,1.0.0,not_used,community labels are structural network results; they are not official factions and do not replace original-setting faction metadata
JP12,cross_department,C-a20ca2a2885f3ef2,519,1,0,0.0,0.0,0.0,louvain,intersection_count,100.0,0.0,1.0,20260801,1.0.0,not_used,community labels are structural network results; they are not official factions and do not replace original-setting faction metadata
JP12,cross_department,C-c6820c42da7a0c9a,520,1,0,0.0,0.0,0.0,louvain,intersection_count,100.0,0.0,1.0,20260801,1.0.0,not_used,community labels are structural network results; they are not official factions and do not replace original-setting faction metadata
JP12,cross_department,C-32e8e8e8ecc5418e,521,1,0,0.0,0.0,0.0,louvain,intersection_count,100.0,0.0,1.0,20260801,1.0.0,not_used,community labels are structural network results; they are not official factions and do not replace original-setting faction metadata
JP12,cross_department,C-c8272fbbc4e83dd5,522,1,0,0.0,0.0,0.0,louvain,intersection_count,100.0,0.0,1.0,20260801,1.0.0,not_used,community labels are structural network results; they are not official factions and do not replace original-setting faction metadata
JP12,cross_department,C-8ad14d6106c9f1c5,523,1,0,0.0,0.0,0.0,louvain,intersection_count,100.0,0.0,1.0,20260801,1.0.0,not_used,community labels are structural network results; they are not official factions and do not replace original-setting faction metadata
JP12,cross_department,C-a79694bc6b7f9819,524,1,0,0.0,0.0,0.0,louvain,intersection_count,100.0,0.0,1.0,20260801,1.0.0,not_used,community labels are structural network results; they are not official factions and do not replace original-setting faction metadata
JP12,cross_department,C-54de0a6abc8ffe99,525,1,0,0.0,0.0,0.0,louvain,intersection_count,100.0,0.0,1.0,20260801,1.0.0,not_used,community labels are structural network results; they are not official factions and do not replace original-setting faction metadata
JP12,cross_department,C-79375c0ec337139d,526,1,0,0.0,0.0,0.0,louvain,intersection_count,100.0,0.0,1.0,20260801,1.0.0,not_used,community labels are structural network results; they are not official factions and do not replace original-setting faction metadata
JP12,cross_department,C-84d02e82b1150791,527,1,0,0.0,0.0,0.0,louvain,intersection_count,100.0,0.0,1.0,20260801,1.0.0,not_used,community labels are structural network results; they are not official factions and do not replace original-setting faction metadata
JP12,cross_department,C-afa3631ab4a8fb3c,528,1,0,0.0,0.0,0.0,louvain,intersection_count,100.0,0.0,1.0,20260801,1.0.0,not_used,community labels are structural network results; they are not official factions and do not replace original-setting faction metadata
JP12,cross_department,C-64f90b71d082ee6d,529,1,0,0.0,0.0,0.0,louvain,intersection_count,100.0,0.0,1.0,20260801,1.0.0,not_used,community labels are structural network results; they are not official factions and do not replace original-setting faction metadata
JP12,cross_department,C-b0605b72732974be,530,1,0,0.0,0.0,0.0,louvain,intersection_count,100.0,0.0,1.0,20260801,1.0.0,not_used,community labels are structural network results; they are not official factions and do not replace original-setting faction metadata
JP12,cross_department,C-9329866c191a37d2,531,1,0,0.0,0.0,0.0,louvain,intersection_count,100.0,0.0,1.0,20260801,1.0.0,not_used,community labels are structural network results; they are not official factions and do not replace original-setting faction metadata
JP12,cross_department,C-fa8eaffdab653bbd,532,1,0,0.0,0.0,0.0,louvain,intersection_count,100.0,0.0,1.0,20260801,1.0.0,not_used,community labels are structural network results; they are not official factions and do not replace original-setting faction metadata
JP12,cross_department,C-95887ebe103afdc2,533,1,0,0.0,0.0,0.0,louvain,intersection_count,100.0,0.0,1.0,20260801,1.0.0,not_used,community labels are structural network results; they are not official factions and do not replace original-setting faction metadata
JP12,cross_department,C-cd0b92be2963c678,534,1,0,0.0,0.0,0.0,louvain,intersection_count,100.0,0.0,1.0,20260801,1.0.0,not_used,community labels are structural network results; they are not official factions and do not replace original-setting faction metadata
JP12,cross_department,C-fceb3b1d6cb1acea,535,1,0,0.0,0.0,0.0,louvain,intersection_count,100.0,0.0,1.0,20260801,1.0.0,not_used,community labels are structural network results; they are not official factions and do not replace original-setting faction metadata
JP12,cross_department,C-15fe90e697a1d77d,536,1,0,0.0,0.0,0.0,louvain,intersection_count,100.0,0.0,1.0,20260801,1.0.0,not_used,community labels are structural network results; they are not official factions and do not replace original-setting faction metadata
JP12,cross_department,C-b7c26c579c2cca79,537,1,0,0.0,0.0,0.0,louvain,intersection_count,100.0,0.0,1.0,20260801,1.0.0,not_used,community labels are structural network results; they are not official factions and do not replace original-setting faction metadata
JP12,cross_department,C-cd97d49b275b9dce,538,1,0,0.0,0.0,0.0,louvain,intersection_count,100.0,0.0,1.0,20260801,1.0.0,not_used,community labels are structural network results; they are not official factions and do not replace original-setting faction metadata
JP12,cross_department,C-a7b83908cce3cc1b,539,1,0,0.0,0.0,0.0,louvain,intersection_count,100.0,0.0,1.0,20260801,1.0.0,not_used,community labels are structural network results; they are not official factions and do not replace original-setting faction metadata
JP12,cross_department,C-f5a1cfcdbd3367dd,540,1,0,0.0,0.0,0.0,louvain,intersection_count,100.0,0.0,1.0,20260801,1.0.0,not_used,community labels are structural network results; they are not official factions and do not replace original-setting faction metadata
JP12,cross_department,C-7c82fdd1c0b86afa,541,1,0,0.0,0.0,0.0,louvain,intersection_count,100.0,0.0,1.0,20260801,1.0.0,not_used,community labels are structural network results; they are not official factions and do not replace original-setting faction metadata
JP12,cross_department,C-57e5051be20880d7,542,1,0,0.0,0.0,0.0,louvain,intersection_count,100.0,0.0,1.0,20260801,1.0.0,not_used,community labels are structural network results; they are not official factions and do not replace original-setting faction metadata
JP12,cross_department,C-fbf2a3d225726144,543,1,0,0.0,0.0,0.0,louvain,intersection_count,100.0,0.0,1.0,20260801,1.0.0,not_used,community labels are structural network results; they are not official factions and do not replace original-setting faction metadata
JP12,cross_department,C-88f74a83c1848554,544,1,0,0.0,0.0,0.0,louvain,intersection_count,100.0,0.0,1.0,20260801,1.0.0,not_used,community labels are structural network results; they are not official factions and do not replace original-setting faction metadata
JP12,cross_department,C-418956da3efb9849,545,1,0,0.0,0.0,0.0,louvain,intersection_count,100.0,0.0,1.0,20260801,1.0.0,not_used,community labels are structural network results; they are not official factions and do not replace original-setting faction metadata
JP12,cross_department,C-1dd07884561c2549,546,1,0,0.0,0.0,0.0,louvain,intersection_count,100.0,0.0,1.0,20260801,1.0.0,not_used,community labels are structural network results; they are not official factions and do not replace original-setting faction metadata
JP12,cross_department,C-6b6ba2dabc7f59b1,547,1,0,0.0,0.0,0.0,louvain,intersection_count,100.0,0.0,1.0,20260801,1.0.0,not_used,community labels are structural network results; they are not official factions and do not replace original-setting faction metadata
JP12,cross_department,C-1c68589b9067f5ce,548,1,0,0.0,0.0,0.0,louvain,intersection_count,100.0,0.0,1.0,20260801,1.0.0,not_used,community labels are structural network results; they are not official factions and do not replace original-setting faction metadata
JP12,cross_department,C-58c220ed00f5dd14,549,1,0,0.0,0.0,0.0,louvain,intersection_count,100.0,0.0,1.0,20260801,1.0.0,not_used,community labels are structural network results; they are not official factions and do not replace original-setting faction metadata
JP12,cross_department,C-68ed03784363bac9,550,1,0,0.0,0.0,0.0,louvain,intersection_count,100.0,0.0,1.0,20260801,1.0.0,not_used,community labels are structural network results; they are not official factions and do not replace original-setting faction metadata
JP12,cross_department,C-ece2d66aaec7a93e,551,1,0,0.0,0.0,0.0,louvain,intersection_count,100.0,0.0,1.0,20260801,1.0.0,not_used,community labels are structural network results; they are not official factions and do not replace original-setting faction metadata
JP12,cross_department,C-cfd24cb4e882befe,552,1,0,0.0,0.0,0.0,louvain,intersection_count,100.0,0.0,1.0,20260801,1.0.0,not_used,community labels are structural network results; they are not official factions and do not replace original-setting faction metadata
JP12,cross_department,C-3e52febdecbdb2a0,553,1,0,0.0,0.0,0.0,louvain,intersection_count,100.0,0.0,1.0,20260801,1.0.0,not_used,community labels are structural network results; they are not official factions and do not replace original-setting faction metadata
JP12,cross_department,C-b54ba56140942e6b,554,1,0,0.0,0.0,0.0,louvain,intersection_count,100.0,0.0,1.0,20260801,1.0.0,not_used,community labels are structural network results; they are not official factions and do not replace original-setting faction metadata
JP12,cross_department,C-3cd00ef866ce02d6,555,1,0,0.0,0.0,0.0,louvain,intersection_count,100.0,0.0,1.0,20260801,1.0.0,not_used,community labels are structural network results; they are not official factions and do not replace original-setting faction metadata
JP12,cross_department,C-b82e6402a39f36b3,556,1,0,0.0,0.0,0.0,louvain,intersection_count,100.0,0.0,1.0,20260801,1.0.0,not_used,community labels are structural network results; they are not official factions and do not replace original-setting faction metadata
JP12,cross_department,C-86ec841736fbd6f1,557,1,0,0.0,0.0,0.0,louvain,intersection_count,100.0,0.0,1.0,20260801,1.0.0,not_used,community labels are structural network results; they are not official factions and do not replace original-setting faction metadata
JP12,cross_department,C-781e593e65f6e73c,558,1,0,0.0,0.0,0.0,louvain,intersection_count,100.0,0.0,1.0,20260801,1.0.0,not_used,community labels are structural network results; they are not official factions and do not replace original-setting faction metadata
JP12,cross_department,C-813930be62299c53,559,1,0,0.0,0.0,0.0,louvain,intersection_count,100.0,0.0,1.0,20260801,1.0.0,not_used,community labels are structural network results; they are not official factions and do not replace original-setting faction metadata
JP12,cross_department,C-32a04beeec7b8b00,560,1,0,0.0,0.0,0.0,louvain,intersection_count,100.0,0.0,1.0,20260801,1.0.0,not_used,community labels are structural network results; they are not official factions and do not replace original-setting faction metadata
JP12,cross_department,C-867f0277bbf25fb9,561,1,0,0.0,0.0,0.0,louvain,intersection_count,100.0,0.0,1.0,20260801,1.0.0,not_used,community labels are structural network results; they are not official factions and do not replace original-setting faction metadata
JP12,cross_department,C-842f3d1b0f42a24e,562,1,0,0.0,0.0,0.0,louvain,intersection_count,100.0,0.0,1.0,20260801,1.0.0,not_used,community labels are structural network results; they are not official factions and do not replace original-setting faction metadata
JP12,cross_department,C-0e45803cab4a5f8d,563,1,0,0.0,0.0,0.0,louvain,intersection_count,100.0,0.0,1.0,20260801,1.0.0,not_used,community labels are structural network results; they are not official factions and do not replace original-setting faction metadata
JP12,cross_department,C-4afd4477d40018a4,564,1,0,0.0,0.0,0.0,louvain,intersection_count,100.0,0.0,1.0,20260801,1.0.0,not_used,community labels are structural network results; they are not official factions and do not replace original-setting faction metadata
JP12,cross_department,C-d5c133d91b95310d,565,1,0,0.0,0.0,0.0,louvain,intersection_count,100.0,0.0,1.0,20260801,1.0.0,not_used,community labels are structural network results; they are not official factions and do not replace original-setting faction metadata
JP12,cross_department,C-b3c3780a41ebaa76,566,1,0,0.0,0.0,0.0,louvain,intersection_count,100.0,0.0,1.0,20260801,1.0.0,not_used,community labels are structural network results; they are not official factions and do not replace original-setting faction metadata
JP12,cross_department,C-92251213b03358b5,567,1,0,0.0,0.0,0.0,louvain,intersection_count,100.0,0.0,1.0,20260801,1.0.0,not_used,community labels are structural network results; they are not official factions and do not replace original-setting faction metadata
JP12,cross_department,C-c0fdeb8195846157,568,1,0,0.0,0.0,0.0,louvain,intersection_count,100.0,0.0,1.0,20260801,1.0.0,not_used,community labels are structural network results; they are not official factions and do not replace original-setting faction metadata
JP12,cross_department,C-47318d2480f1fd01,569,1,0,0.0,0.0,0.0,louvain,intersection_count,100.0,0.0,1.0,20260801,1.0.0,not_used,community labels are structural network results; they are not official factions and do not replace original-setting faction metadata
JP12,cross_department,C-a5872407547415c8,570,1,0,0.0,0.0,0.0,louvain,intersection_count,100.0,0.0,1.0,20260801,1.0.0,not_used,community labels are structural network results; they are not official factions and do not replace original-setting faction metadata
JP12,cross_department,C-e8d89ae747456eb5,571,1,0,0.0,0.0,0.0,louvain,intersection_count,100.0,0.0,1.0,20260801,1.0.0,not_used,community labels are structural network results; they are not official factions and do not replace original-setting faction metadata
JP12,cross_department,C-86ec54dc5d272365,572,1,0,0.0,0.0,0.0,louvain,intersection_count,100.0,0.0,1.0,20260801,1.0.0,not_used,community labels are structural network results; they are not official factions and do not replace original-setting faction metadata
JP12,cross_department,C-2c576e4a99c10b51,573,1,0,0.0,0.0,0.0,louvain,intersection_count,100.0,0.0,1.0,20260801,1.0.0,not_used,community labels are structural network results; they are not official factions and do not replace original-setting faction metadata
JP12,cross_department,C-7bb1da5292b3f0d6,574,1,0,0.0,0.0,0.0,louvain,intersection_count,100.0,0.0,1.0,20260801,1.0.0,not_used,community labels are structural network results; they are not official factions and do not replace original-setting faction metadata
JP12,cross_department,C-ed5e80ef3c89cc1d,575,1,0,0.0,0.0,0.0,louvain,intersection_count,100.0,0.0,1.0,20260801,1.0.0,not_used,community labels are structural network results; they are not official factions and do not replace original-setting faction metadata
JP12,cross_department,C-5c7388d416164cfb,576,1,0,0.0,0.0,0.0,louvain,intersection_count,100.0,0.0,1.0,20260801,1.0.0,not_used,community labels are structural network results; they are not official factions and do not replace original-setting faction metadata
JP12,cross_department,C-a18161569c03e548,577,1,0,0.0,0.0,0.0,louvain,intersection_count,100.0,0.0,1.0,20260801,1.0.0,not_used,community labels are structural network results; they are not official factions and do not replace original-setting faction metadata
JP12,cross_department,C-f8d9859779930500,578,1,0,0.0,0.0,0.0,louvain,intersection_count,100.0,0.0,1.0,20260801,1.0.0,not_used,community labels are structural network results; they are not official factions and do not replace original-setting faction metadata
JP12,cross_department,C-ff00b57dad91b482,579,1,0,0.0,0.0,0.0,louvain,intersection_count,100.0,0.0,1.0,20260801,1.0.0,not_used,community labels are structural network results; they are not official factions and do not replace original-setting faction metadata
JP12,cross_department,C-766c313ffbd355e1,580,1,0,0.0,0.0,0.0,louvain,intersection_count,100.0,0.0,1.0,20260801,1.0.0,not_used,community labels are structural network results; they are not official factions and do not replace original-setting faction metadata
JP12,cross_department,C-b1a2fdcd447827c7,581,1,0,0.0,0.0,0.0,louvain,intersection_count,100.0,0.0,1.0,20260801,1.0.0,not_used,community labels are structural network results; they are not official factions and do not replace original-setting faction metadata
JP12,cross_department,C-133611f3bea1f064,582,1,0,0.0,0.0,0.0,louvain,intersection_count,100.0,0.0,1.0,20260801,1.0.0,not_used,community labels are structural network results; they are not official factions and do not replace original-setting faction metadata
JP12,cross_department,C-c629ec27f7ea6134,583,1,0,0.0,0.0,0.0,louvain,intersection_count,100.0,0.0,1.0,20260801,1.0.0,not_used,community labels are structural network results; they are not official factions and do not replace original-setting faction metadata
JP12,cross_department,C-46716f5652a5cdf6,584,1,0,0.0,0.0,0.0,louvain,intersection_count,100.0,0.0,1.0,20260801,1.0.0,not_used,community labels are structural network results; they are not official factions and do not replace original-setting faction metadata
JP12,cross_department,C-b9a0d687bb0569be,585,1,0,0.0,0.0,0.0,louvain,intersection_count,100.0,0.0,1.0,20260801,1.0.0,not_used,community labels are structural network results; they are not official factions and do not replace original-setting faction metadata
JP12,cross_department,C-2c434a2cca2367b1,586,1,0,0.0,0.0,0.0,louvain,intersection_count,100.0,0.0,1.0,20260801,1.0.0,not_used,community labels are structural network results; they are not official factions and do not replace original-setting faction metadata
JP12,cross_department,C-f921e7743fea273a,587,1,0,0.0,0.0,0.0,louvain,intersection_count,100.0,0.0,1.0,20260801,1.0.0,not_used,community labels are structural network results; they are not official factions and do not replace original-setting faction metadata
JP12,cross_department,C-d9dcd9ad411f43e5,588,1,0,0.0,0.0,0.0,louvain,intersection_count,100.0,0.0,1.0,20260801,1.0.0,not_used,community labels are structural network results; they are not official factions and do not replace original-setting faction metadata
JP12,cross_department,C-6f99b15795afcfcb,589,1,0,0.0,0.0,0.0,louvain,intersection_count,100.0,0.0,1.0,20260801,1.0.0,not_used,community labels are structural network results; they are not official factions and do not replace original-setting faction metadata
JP12,cross_department,C-fd9a388347b11b09,590,1,0,0.0,0.0,0.0,louvain,intersection_count,100.0,0.0,1.0,20260801,1.0.0,not_used,community labels are structural network results; they are not official factions and do not replace original-setting faction metadata
JP12,cross_department,C-97ce350d2c43e33a,591,1,0,0.0,0.0,0.0,louvain,intersection_count,100.0,0.0,1.0,20260801,1.0.0,not_used,community labels are structural network results; they are not official factions and do not replace original-setting faction metadata
JP12,cross_department,C-20dfeebe6e1a6939,592,1,0,0.0,0.0,0.0,louvain,intersection_count,100.0,0.0,1.0,20260801,1.0.0,not_used,community labels are structural network results; they are not official factions and do not replace original-setting faction metadata
JP12,cross_department,C-7f2d8e6b8f93aff6,593,1,0,0.0,0.0,0.0,louvain,intersection_count,100.0,0.0,1.0,20260801,1.0.0,not_used,community labels are structural network results; they are not official factions and do not replace original-setting faction metadata
JP12,cross_department,C-3bf50b9314322332,594,1,0,0.0,0.0,0.0,louvain,intersection_count,100.0,0.0,1.0,20260801,1.0.0,not_used,community labels are structural network results; they are not official factions and do not replace original-setting faction metadata
JP12,cross_department,C-f330bb6d828bb81b,595,1,0,0.0,0.0,0.0,louvain,intersection_count,100.0,0.0,1.0,20260801,1.0.0,not_used,community labels are structural network results; they are not official factions and do not replace original-setting faction metadata
JP12,cross_department,C-56b05e031437608e,596,1,0,0.0,0.0,0.0,louvain,intersection_count,100.0,0.0,1.0,20260801,1.0.0,not_used,community labels are structural network results; they are not official factions and do not replace original-setting faction metadata
JP12,cross_department,C-e59f6b19c599a6df,597,1,0,0.0,0.0,0.0,louvain,intersection_count,100.0,0.0,1.0,20260801,1.0.0,not_used,community labels are structural network results; they are not official factions and do not replace original-setting faction metadata
JP12,cross_department,C-6586ab4de2131b37,598,1,0,0.0,0.0,0.0,louvain,intersection_count,100.0,0.0,1.0,20260801,1.0.0,not_used,community labels are structural network results; they are not official factions and do not replace original-setting faction metadata
JP12,cross_department,C-ac746217865d8d67,599,1,0,0.0,0.0,0.0,louvain,intersection_count,100.0,0.0,1.0,20260801,1.0.0,not_used,community labels are structural network results; they are not official factions and do not replace original-setting faction metadata
JP12,cross_department,C-1d34a196af0fc5a6,600,1,0,0.0,0.0,0.0,louvain,intersection_count,100.0,0.0,1.0,20260801,1.0.0,not_used,community labels are structural network results; they are not official factions and do not replace original-setting faction metadata
JP12,cross_department,C-2128ac6a3f6ee877,601,1,0,0.0,0.0,0.0,louvain,intersection_count,100.0,0.0,1.0,20260801,1.0.0,not_used,community labels are structural network results; they are not official factions and do not replace original-setting faction metadata
JP12,cross_department,C-350abcccffbc78e8,602,1,0,0.0,0.0,0.0,louvain,intersection_count,100.0,0.0,1.0,20260801,1.0.0,not_used,community labels are structural network results; they are not official factions and do not replace original-setting faction metadata
JP12,cross_department,C-616262eea5d7c9c5,603,1,0,0.0,0.0,0.0,louvain,intersection_count,100.0,0.0,1.0,20260801,1.0.0,not_used,community labels are structural network results; they are not official factions and do not replace original-setting faction metadata
JP12,cross_department,C-f3c8aea643861493,604,1,0,0.0,0.0,0.0,louvain,intersection_count,100.0,0.0,1.0,20260801,1.0.0,not_used,community labels are structural network results; they are not official factions and do not replace original-setting faction metadata
JP12,cross_department,C-727bf7073a3f3b1f,605,1,0,0.0,0.0,0.0,louvain,intersection_count,100.0,0.0,1.0,20260801,1.0.0,not_used,community labels are structural network results; they are not official factions and do not replace original-setting faction metadata
JP12,cross_department,C-6c3db4883f079c47,606,1,0,0.0,0.0,0.0,louvain,intersection_count,100.0,0.0,1.0,20260801,1.0.0,not_used,community labels are structural network results; they are not official factions and do not replace original-setting faction metadata
JP12,cross_department,C-6794f9985851b63b,607,1,0,0.0,0.0,0.0,louvain,intersection_count,100.0,0.0,1.0,20260801,1.0.0,not_used,community labels are structural network results; they are not official factions and do not replace original-setting faction metadata
JP12,cross_department,C-ba4a7c9319e026b6,608,1,0,0.0,0.0,0.0,louvain,intersection_count,100.0,0.0,1.0,20260801,1.0.0,not_used,community labels are structural network results; they are not official factions and do not replace original-setting faction metadata
JP12,cross_department,C-cf49d0f4c4c777f3,609,1,0,0.0,0.0,0.0,louvain,intersection_count,100.0,0.0,1.0,20260801,1.0.0,not_used,community labels are structural network results; they are not official factions and do not replace original-setting faction metadata
JP12,cross_department,C-06621b4b3b0523e7,610,1,0,0.0,0.0,0.0,louvain,intersection_count,100.0,0.0,1.0,20260801,1.0.0,not_used,community labels are structural network results; they are not official factions and do not replace original-setting faction metadata
JP12,cross_department,C-304fece82ef33d77,611,1,0,0.0,0.0,0.0,louvain,intersection_count,100.0,0.0,1.0,20260801,1.0.0,not_used,community labels are structural network results; they are not official factions and do not replace original-setting faction metadata
JP12,cross_department,C-abb11b6f7acdb642,612,1,0,0.0,0.0,0.0,louvain,intersection_count,100.0,0.0,1.0,20260801,1.0.0,not_used,community labels are structural network results; they are not official factions and do not replace original-setting faction metadata
JP12,cross_department,C-685102ae41892140,613,1,0,0.0,0.0,0.0,louvain,intersection_count,100.0,0.0,1.0,20260801,1.0.0,not_used,community labels are structural network results; they are not official factions and do not replace original-setting faction metadata
JP12,cross_department,C-528694473988dd2a,614,1,0,0.0,0.0,0.0,louvain,intersection_count,100.0,0.0,1.0,20260801,1.0.0,not_used,community labels are structural network results; they are not official factions and do not replace original-setting faction metadata
JP12,cross_department,C-24e1eea3a16f5a79,615,1,0,0.0,0.0,0.0,louvain,intersection_count,100.0,0.0,1.0,20260801,1.0.0,not_used,community labels are structural network results; they are not official factions and do not replace original-setting faction metadata
JP12,cross_department,C-fe10348fc7a0045e,616,1,0,0.0,0.0,0.0,louvain,intersection_count,100.0,0.0,1.0,20260801,1.0.0,not_used,community labels are structural network results; they are not official factions and do not replace original-setting faction metadata
JP12,cross_department,C-84987c164a43d64b,617,1,0,0.0,0.0,0.0,louvain,intersection_count,100.0,0.0,1.0,20260801,1.0.0,not_used,community labels are structural network results; they are not official factions and do not replace original-setting faction metadata
JP12,cross_department,C-b756388bfa72c27a,618,1,0,0.0,0.0,0.0,louvain,intersection_count,100.0,0.0,1.0,20260801,1.0.0,not_used,community labels are structural network results; they are not official factions and do not replace original-setting faction metadata
JP12,cross_department,C-ea4a44614ae7b8e6,619,1,0,0.0,0.0,0.0,louvain,intersection_count,100.0,0.0,1.0,20260801,1.0.0,not_used,community labels are structural network results; they are not official factions and do not replace original-setting faction metadata
JP12,cross_department,C-baf4ed53feb54cab,620,1,0,0.0,0.0,0.0,louvain,intersection_count,100.0,0.0,1.0,20260801,1.0.0,not_used,community labels are structural network results; they are not official factions and do not replace original-setting faction metadata
JP12,cross_department,C-b371c5683d29e5e0,621,1,0,0.0,0.0,0.0,louvain,intersection_count,100.0,0.0,1.0,20260801,1.0.0,not_used,community labels are structural network results; they are not official factions and do not replace original-setting faction metadata
JP12,cross_department,C-8ff0a81294909241,622,1,0,0.0,0.0,0.0,louvain,intersection_count,100.0,0.0,1.0,20260801,1.0.0,not_used,community labels are structural network results; they are not official factions and do not replace original-setting faction metadata
JP12,cross_department,C-109d976e17805d96,623,1,0,0.0,0.0,0.0,louvain,intersection_count,100.0,0.0,1.0,20260801,1.0.0,not_used,community labels are structural network results; they are not official factions and do not replace original-setting faction metadata
JP12,cross_department,C-17d7a7e64a0c0c52,624,1,0,0.0,0.0,0.0,louvain,intersection_count,100.0,0.0,1.0,20260801,1.0.0,not_used,community labels are structural network results; they are not official factions and do not replace original-setting faction metadata
JP12,cross_department,C-16e5ef0269b69583,625,1,0,0.0,0.0,0.0,louvain,intersection_count,100.0,0.0,1.0,20260801,1.0.0,not_used,community labels are structural network results; they are not official factions and do not replace original-setting faction metadata
JP12,cross_department,C-39b59bcf3b1e688d,626,1,0,0.0,0.0,0.0,louvain,intersection_count,100.0,0.0,1.0,20260801,1.0.0,not_used,community labels are structural network results; they are not official factions and do not replace original-setting faction metadata
JP12,cross_department,C-785f225b2487f272,627,1,0,0.0,0.0,0.0,louvain,intersection_count,100.0,0.0,1.0,20260801,1.0.0,not_used,community labels are structural network results; they are not official factions and do not replace original-setting faction metadata
JP12,cross_department,C-bcef721e919d2f79,628,1,0,0.0,0.0,0.0,louvain,intersection_count,100.0,0.0,1.0,20260801,1.0.0,not_used,community labels are structural network results; they are not official factions and do not replace original-setting faction metadata
JP12,cross_department,C-0aa457deb54e8a6b,629,1,0,0.0,0.0,0.0,louvain,intersection_count,100.0,0.0,1.0,20260801,1.0.0,not_used,community labels are structural network results; they are not official factions and do not replace original-setting faction metadata
JP12,cross_department,C-7d6326b46a476609,630,1,0,0.0,0.0,0.0,louvain,intersection_count,100.0,0.0,1.0,20260801,1.0.0,not_used,community labels are structural network results; they are not official factions and do not replace original-setting faction metadata
JP12,cross_department,C-bb87d1b44ce15eb0,631,1,0,0.0,0.0,0.0,louvain,intersection_count,100.0,0.0,1.0,20260801,1.0.0,not_used,community labels are structural network results; they are not official factions and do not replace original-setting faction metadata
JP12,cross_department,C-9d876faf32536699,632,1,0,0.0,0.0,0.0,louvain,intersection_count,100.0,0.0,1.0,20260801,1.0.0,not_used,community labels are structural network results; they are not official factions and do not replace original-setting faction metadata
JP12,cross_department,C-da30222ede02a3d4,633,1,0,0.0,0.0,0.0,louvain,intersection_count,100.0,0.0,1.0,20260801,1.0.0,not_used,community labels are structural network results; they are not official factions and do not replace original-setting faction metadata
JP12,cross_department,C-ca516f5f0bfdbd00,634,1,0,0.0,0.0,0.0,louvain,intersection_count,100.0,0.0,1.0,20260801,1.0.0,not_used,community labels are structural network results; they are not official factions and do not replace original-setting faction metadata
JP12,cross_department,C-fcd327284092e2f7,635,1,0,0.0,0.0,0.0,louvain,intersection_count,100.0,0.0,1.0,20260801,1.0.0,not_used,community labels are structural network results; they are not official factions and do not replace original-setting faction metadata
JP12,cross_department,C-0aa805046898f693,636,1,0,0.0,0.0,0.0,louvain,intersection_count,100.0,0.0,1.0,20260801,1.0.0,not_used,community labels are structural network results; they are not official factions and do not replace original-setting faction metadata
JP12,cross_department,C-7ed3b799c47a9d7c,637,1,0,0.0,0.0,0.0,louvain,intersection_count,100.0,0.0,1.0,20260801,1.0.0,not_used,community labels are structural network results; they are not official factions and do not replace original-setting faction metadata
JP12,cross_department,C-ffbc89378f86ac8e,638,1,0,0.0,0.0,0.0,louvain,intersection_count,100.0,0.0,1.0,20260801,1.0.0,not_used,community labels are structural network results; they are not official factions and do not replace original-setting faction metadata
JP12,cross_department,C-9f57f64fc15bb0d1,639,1,0,0.0,0.0,0.0,louvain,intersection_count,100.0,0.0,1.0,20260801,1.0.0,not_used,community labels are structural network results; they are not official factions and do not replace original-setting faction metadata
JP12,cross_department,C-c9b5b2e27de5e9f0,640,1,0,0.0,0.0,0.0,louvain,intersection_count,100.0,0.0,1.0,20260801,1.0.0,not_used,community labels are structural network results; they are not official factions and do not replace original-setting faction metadata
JP12,cross_department,C-a40f96b2e559664f,641,1,0,0.0,0.0,0.0,louvain,intersection_count,100.0,0.0,1.0,20260801,1.0.0,not_used,community labels are structural network results; they are not official factions and do not replace original-setting faction metadata
JP12,cross_department,C-684a7a0aed708a69,642,1,0,0.0,0.0,0.0,louvain,intersection_count,100.0,0.0,1.0,20260801,1.0.0,not_used,community labels are structural network results; they are not official factions and do not replace original-setting faction metadata
JP12,cross_department,C-a534279e6445d8dc,643,1,0,0.0,0.0,0.0,louvain,intersection_count,100.0,0.0,1.0,20260801,1.0.0,not_used,community labels are structural network results; they are not official factions and do not replace original-setting faction metadata
